Date,Adj Close,Close,High,Low,Open,Volume
2018-01-02,414.35723876953125,508.9700012207031,518.780029296875,506.4800109863281,518.780029296875,526400
2018-01-03,418.72906494140625,514.3400268554688,514.739990234375,508.1600036621094,508.6600036621094,448700
2018-01-04,424.2568054199219,521.1300048828125,521.3099975585938,515.010009765625,516.5,389800
2018-01-05,427.8714599609375,525.5700073242188,525.9400024414062,520.8900146484375,523.8599853515625,483000
2018-01-08,431.0627746582031,529.489990234375,529.719970703125,523.52001953125,523.9400024414062,561500
2018-01-09,434.68560791015625,533.9400024414062,540.0,528.5700073242188,529.0,547700
2018-01-10,432.7561340332031,531.5700073242188,535.8800048828125,529.780029296875,534.469970703125,483800
2018-01-11,437.92572021484375,537.9199829101562,538.9600219726562,530.6099853515625,534.1500244140625,765200
2018-01-12,452.26226806640625,555.530029296875,556.3699951171875,546.7100219726562,552.7000122070312,941800
2018-01-16,458.3435974121094,563.0,571.8200073242188,561.0599975585938,562.6199951171875,1370600
2018-01-17,469.34234619140625,576.510009765625,578.6300048828125,565.2899780273438,567.2100219726562,983900
2018-01-18,471.5484313964844,579.219970703125,584.2100219726562,575.02001953125,577.27001953125,819600
2018-01-19,480.5362243652344,590.260009765625,590.5599975585938,581.030029296875,582.6199951171875,591300
2018-01-22,482.9786376953125,593.260009765625,593.4400024414062,581.989990234375,592.4600219726562,843600
2018-01-23,480.0640869140625,589.6799926757812,594.52001953125,588.4000244140625,593.0,643400
2018-01-24,478.4276123046875,587.6699829101562,592.4500122070312,583.1799926757812,591.9000244140625,642200
2018-01-25,468.52001953125,575.5,585.9299926757812,572.9500122070312,585.0,892500
2018-01-26,477.71929931640625,586.7999877929688,586.9500122070312,577.1199951171875,578.2100219726562,516600
2018-01-29,467.6405944824219,574.4199829101562,585.530029296875,574.2000122070312,585.530029296875,611000
2018-01-30,457.7655334472656,562.2899780273438,571.530029296875,562.1799926757812,570.0499877929688,851100
2018-01-31,457.3666076660156,561.7999877929688,566.969970703125,559.6500244140625,564.8099975585938,665800
2018-02-01,460.1264343261719,565.1900024414062,568.47998046875,558.75,561.4099731445312,659600
2018-02-02,446.3923645019531,548.3200073242188,565.260009765625,545.8099975585938,565.260009765625,808200
2018-02-05,427.3829650878906,524.969970703125,553.030029296875,518.5,539.989990234375,1129400
2018-02-06,435.7276306152344,535.219970703125,538.52001953125,507.260009765625,510.80999755859375,1076700
2018-02-07,433.3178405761719,532.260009765625,541.6599731445312,532.0,535.1799926757812,672400
2018-02-08,414.69097900390625,509.3800048828125,536.489990234375,509.010009765625,534.22998046875,1038700
2018-02-09,424.56610107421875,521.510009765625,525.989990234375,500.010009765625,517.0499877929688,938600
2018-02-12,427.716796875,525.3800048828125,532.1400146484375,519.8800048828125,526.3200073242188,614700
2018-02-13,424.3707580566406,521.27001953125,526.52001953125,518.77001953125,520.8599853515625,517500
2018-02-14,439.5701904296875,539.9400024414062,540.3499755859375,516.4000244140625,517.9000244140625,656700
2018-02-15,440.1482849121094,540.6500244140625,547.7100219726562,531.1699829101562,546.4099731445312,648000
2018-02-16,440.5145263671875,541.0999755859375,548.47998046875,537.8300170898438,539.3499755859375,534400
2018-02-20,441.73577880859375,542.5999755859375,546.4299926757812,537.25,541.0,532100
2018-02-21,442.5172424316406,543.5599975585938,556.0599975585938,542.4199829101562,542.5999755859375,486300
2018-02-22,439.23651123046875,539.530029296875,552.1699829101562,537.489990234375,547.9600219726562,626100
2018-02-23,447.5566101074219,549.75,549.9099731445312,542.0499877929688,543.760009765625,366700
2018-02-26,459.13323974609375,563.969970703125,564.219970703125,550.6900024414062,553.1500244140625,639600
2018-02-27,450.01519775390625,552.77001953125,565.489990234375,552.760009765625,561.9500122070312,616400
2018-02-28,447.2961120605469,549.4299926757812,566.4000244140625,548.8300170898438,554.739990234375,721100
2018-03-01,436.0205993652344,535.5800170898438,549.02001953125,527.030029296875,548.5999755859375,779700
2018-03-02,437.64886474609375,537.5800170898438,539.7999877929688,527.0900268554688,530.219970703125,636500
2018-03-05,443.9012756347656,545.260009765625,546.1599731445312,531.4199829101562,532.6500244140625,384600
2018-03-06,449.0409851074219,548.6599731445312,549.0,540.1400146484375,543.1599731445312,387400
2018-03-07,448.03436279296875,547.4299926757812,548.52001953125,538.3300170898438,540.4199829101562,465500
2018-03-08,452.9121398925781,553.3900146484375,554.3699951171875,547.02001953125,548.8699951171875,595200
2018-03-09,472.3826904296875,577.1799926757812,578.6500244140625,558.3300170898438,558.3300170898438,814700
2018-03-12,467.9712219238281,571.7899780273438,578.7999877929688,569.010009765625,578.3400268554688,410700
2018-03-13,461.644775390625,564.0599975585938,578.5599975585938,562.1799926757812,577.260009765625,477500
2018-03-14,457.4708251953125,558.9600219726562,566.6599731445312,557.5599975585938,566.6599731445312,341400
2018-03-15,456.62786865234375,557.9299926757812,563.6300048828125,555.8499755859375,560.25,313200
2018-03-16,461.3174133300781,563.6599731445312,565.8800048828125,558.0399780273438,558.7899780273438,616900
2018-03-19,453.2723388671875,553.8300170898438,563.97998046875,548.0900268554688,563.8499755859375,554600
2018-03-20,456.2923583984375,557.52001953125,557.8400268554688,552.0,557.5399780273438,381200
2018-03-21,461.7267761230469,564.1599731445312,573.469970703125,557.0499877929688,558.5999755859375,480100
2018-03-22,441.4787292480469,539.4199829101562,558.1699829101562,538.3800048828125,556.1400146484375,699200
2018-03-23,426.50958251953125,521.1300048828125,542.1900024414062,518.5499877929688,542.1900024414062,655400
2018-03-26,442.5425720214844,540.719970703125,541.5700073242188,525.5700073242188,529.9000244140625,672000
2018-03-27,435.4959411621094,532.1099853515625,545.2899780273438,527.5499877929688,541.7999877929688,511300
2018-03-28,432.15673828125,528.030029296875,536.52001953125,524.0700073242188,534.3699951171875,496800
2018-03-29,443.36102294921875,541.719970703125,547.0499877929688,528.6400146484375,532.25,488100
2018-04-02,424.76641845703125,519.0,539.77001953125,510.05999755859375,537.760009765625,746200
2018-04-03,432.72967529296875,528.72998046875,529.8900146484375,518.27001953125,522.4500122070312,566000
2018-04-04,438.9333190917969,536.3099975585938,538.22998046875,515.6500244140625,515.77001953125,471200
2018-04-05,440.6439514160156,538.4000244140625,544.5800170898438,535.5,537.72998046875,397400
2018-04-06,425.5192565917969,519.9199829101562,533.760009765625,513.27001953125,529.4000244140625,518500
2018-04-09,426.5177917480469,521.1400146484375,534.1599731445312,520.219970703125,527.1199951171875,559600
2018-04-10,437.0099792480469,533.9600219726562,538.8800048828125,528.0,528.9199829101562,612800
2018-04-11,429.9306335449219,525.3099975585938,533.4500122070312,523.6699829101562,527.0999755859375,549400
2018-04-12,436.23260498046875,533.010009765625,541.489990234375,529.0,530.3300170898438,668600
2018-04-13,429.48870849609375,524.77001953125,539.3499755859375,521.0999755859375,539.3499755859375,489200
2018-04-16,429.5540771484375,524.8499755859375,531.4600219726562,524.6699829101562,528.0,789500
2018-04-17,431.18280029296875,526.8400268554688,530.1900024414062,524.2999877929688,528.260009765625,1367900
2018-04-18,428.2200622558594,523.219970703125,528.52001953125,522.1199951171875,528.52001953125,671800
2018-04-19,429.72601318359375,525.0599975585938,526.8900146484375,522.0,523.6500244140625,525400
2018-04-20,429.2022399902344,524.4199829101562,527.5700073242188,520.6099853515625,525.8200073242188,639400
2018-04-23,425.46197509765625,519.8499755859375,526.3699951171875,518.5399780273438,525.1799926757812,489300
2018-04-24,420.4286193847656,513.7000122070312,523.0800170898438,509.1600036621094,522.75,1028800
2018-04-25,419.2173156738281,512.219970703125,516.010009765625,509.1199951171875,514.0,715800
2018-04-26,427.8108215332031,522.719970703125,526.5,512.0,513.0,712900
2018-04-27,429.3905334472656,524.6500244140625,525.9600219726562,519.8200073242188,524.1900024414062,370900
2018-04-30,426.8124084472656,521.5,528.780029296875,520.6699829101562,525.4000244140625,480900
2018-05-01,423.9232482910156,517.969970703125,521.1099853515625,512.2000122070312,517.969970703125,417100
2018-05-02,421.3206787109375,514.7899780273438,521.6599731445312,514.030029296875,517.510009765625,438700
2018-05-03,418.7672119140625,511.6700134277344,514.2000122070312,500.8500061035156,513.8400268554688,682500
2018-05-04,425.9121398925781,520.4000244140625,527.489990234375,505.6499938964844,506.69000244140625,601900
2018-05-07,428.5310974121094,523.5999755859375,526.739990234375,518.9600219726562,522.260009765625,366600
2018-05-08,425.52740478515625,519.9299926757812,528.02001953125,515.75,515.75,634100
2018-05-09,434.8739929199219,531.3499755859375,532.469970703125,522.1500244140625,522.5800170898438,475200
2018-05-10,438.8924865722656,536.260009765625,539.0999755859375,531.1599731445312,532.0399780273438,527500
2018-05-11,442.3053283691406,540.4299926757812,542.27001953125,535.1900024414062,537.75,395700
2018-05-14,441.7569580078125,539.760009765625,544.5800170898438,536.0999755859375,541.989990234375,415500
2018-05-15,436.3961181640625,533.2100219726562,538.6500244140625,530.75,535.9500122070312,461200
2018-05-16,436.9609680175781,533.9000244140625,537.4299926757812,530.27001953125,534.2899780273438,474900
2018-05-17,438.3358154296875,535.5800170898438,537.010009765625,531.0,534.0,365700
2018-05-18,440.717529296875,538.489990234375,539.9199829101562,534.4199829101562,536.280029296875,518700
2018-05-21,444.8015441894531,543.47998046875,547.97998046875,542.0,542.0,359100
2018-05-22,447.5841979980469,546.8800048828125,549.5800170898438,545.8599853515625,546.4400024414062,406200
2018-05-23,444.1304626464844,542.6599731445312,542.7899780273438,533.75,541.719970703125,377700
2018-05-24,442.6327209472656,540.8300170898438,542.9400024414062,534.6799926757812,542.9400024414062,413100
2018-05-25,441.6341552734375,539.6099853515625,540.3200073242188,535.9400024414062,537.1400146484375,290000
2018-05-29,429.0713195800781,524.260009765625,537.8200073242188,518.030029296875,534.75,714200
2018-05-30,437.280029296875,534.2899780273438,535.2899780273438,526.0700073242188,527.3099975585938,404100
2018-05-31,437.2310485839844,534.22998046875,538.8599853515625,530.739990234375,534.6199951171875,543000
2018-06-01,441.1841125488281,539.0599975585938,542.9099731445312,536.1400146484375,540.6500244140625,446500
2018-06-04,442.50164794921875,540.6699829101562,543.9299926757812,538.1599731445312,543.5399780273438,417100
2018-06-05,437.3537902832031,534.3800048828125,539.8800048828125,531.0499877929688,539.4600219726562,495000
2018-06-06,454.1073303222656,551.8599853515625,551.8599853515625,535.75,536.8200073242188,682100
2018-06-07,451.869140625,549.1400146484375,557.0,546.7000122070312,555.0,428400
2018-06-08,452.0912780761719,549.4099731445312,549.6400146484375,544.3200073242188,547.5399780273438,370500
2018-06-11,451.80340576171875,549.0599975585938,552.5,546.2000122070312,550.77001953125,391800
2018-06-12,450.19866943359375,547.1099853515625,552.3499755859375,543.489990234375,551.8900146484375,425200
2018-06-13,437.9051513671875,532.1699829101562,547.52001953125,530.3200073242188,546.3699951171875,839600
2018-06-14,430.65570068359375,523.3599853515625,532.9600219726562,522.1500244140625,531.4299926757812,989500
2018-06-15,431.6101989746094,524.52001953125,525.739990234375,516.0,520.8200073242188,753100
2018-06-18,434.09521484375,527.5399780273438,528.2899780273438,519.0700073242188,524.0,483500
2018-06-19,433.3299560546875,526.6099853515625,528.3400268554688,519.0700073242188,522.22998046875,448500
2018-06-20,433.3053283691406,526.5800170898438,530.5800170898438,526.0700073242188,528.1300048828125,346100
2018-06-21,431.98870849609375,524.97998046875,529.1699829101562,520.2899780273438,527.2999877929688,571000
2018-06-22,430.1455078125,522.739990234375,529.9000244140625,522.510009765625,529.9000244140625,514300
2018-06-25,423.8917541503906,515.1400146484375,520.8800048828125,509.2200012207031,520.010009765625,666000
2018-06-26,420.361572265625,510.8500061035156,515.989990234375,507.7200012207031,515.989990234375,740200
2018-06-27,414.3382568359375,503.5299987792969,516.9500122070312,503.5299987792969,510.4599914550781,558200
2018-06-28,412.8900451660156,501.7699890136719,505.67999267578125,497.3399963378906,503.4700012207031,636700
2018-06-29,410.6435546875,499.0400085449219,511.8299865722656,498.7200012207031,508.19000244140625,701800
2018-07-02,411.0385437011719,499.5199890136719,499.5199890136719,490.57000732421875,494.05999755859375,564000
2018-07-03,404.2663269042969,491.2900085449219,503.30999755859375,490.9100036621094,502.55999755859375,307500
2018-07-05,404.8340759277344,491.9800109863281,498.94000244140625,488.6099853515625,498.94000244140625,513900
2018-07-06,404.5954284667969,491.69000244140625,497.0400085449219,488.010009765625,491.4800109863281,556300
2018-07-09,414.8072204589844,504.1000061035156,505.17999267578125,493.94000244140625,494.95001220703125,748400
2018-07-10,415.4902038574219,504.92999267578125,510.9100036621094,502.94000244140625,504.9200134277344,484800
2018-07-11,413.81982421875,502.8999938964844,505.92999267578125,499.6199951171875,499.8800048828125,468600
2018-07-12,416.9220275878906,506.6700134277344,507.1300048828125,498.04998779296875,506.4700012207031,574500
2018-07-13,417.267578125,507.0899963378906,512.5,504.42999267578125,512.22998046875,786500
2018-07-16,414.6921081542969,503.9599914550781,506.45001220703125,497.7799987792969,500.0,1212800
2018-07-17,415.44915771484375,504.8800048828125,505.9599914550781,501.260009765625,501.29998779296875,758800
2018-07-18,420.361572265625,510.8500061035156,511.6199951171875,504.8800048828125,504.9200134277344,487600
2018-07-19,415.4573059082031,504.8900146484375,510.30999755859375,502.0400085449219,507.7900085449219,684100
2018-07-20,413.7210388183594,502.7799987792969,504.8299865722656,501.0199890136719,501.6000061035156,812400
2018-07-23,418.43603515625,508.510009765625,511.2799987792969,502.1000061035156,502.1000061035156,646700
2018-07-24,418.74871826171875,508.8900146484375,513.0,506.6400146484375,511.8800048828125,688300
2018-07-25,421.71112060546875,512.489990234375,512.8599853515625,503.1099853515625,507.92999267578125,492800
2018-07-26,415.63836669921875,505.1099853515625,512.7100219726562,504.79998779296875,512.7100219726562,407600
2018-07-27,413.8363037109375,502.9200134277344,506.4200134277344,500.04998779296875,505.6700134277344,571600
2018-07-30,411.5816345214844,500.17999267578125,504.45001220703125,498.44000244140625,503.70001220703125,492100
2018-07-31,413.7046203613281,502.760009765625,505.2799987792969,500.70001220703125,503.4100036621094,512900
2018-08-01,394.5235595703125,479.45001220703125,509.8699951171875,476.57000732421875,505.19000244140625,1716500
2018-08-02,391.11688232421875,475.30999755859375,475.80999755859375,467.1499938964844,474.2799987792969,1637700
2018-08-03,396.9510192871094,482.3999938964844,484.9200134277344,475.5299987792969,476.1199951171875,824100
2018-08-06,397.8232116699219,483.4599914550781,486.1400146484375,479.0899963378906,482.3900146484375,639300
2018-08-07,401.11480712890625,487.4599914550781,494.9100036621094,484.55999755859375,485.82000732421875,1000900
2018-08-08,400.7773742675781,487.04998779296875,489.3800048828125,484.510009765625,486.0400085449219,535200
2018-08-09,398.34991455078125,484.1000061035156,487.0,483.510009765625,486.3599853515625,634600
2018-08-10,394.112060546875,478.95001220703125,483.6300048828125,475.3299865722656,479.0799865722656,646600
2018-08-13,391.1827392578125,475.3900146484375,481.3500061035156,473.6300048828125,479.1400146484375,382700
2018-08-14,392.6803894042969,477.2099914550781,478.6000061035156,474.0,476.5400085449219,408600
2018-08-15,387.4222106933594,470.82000732421875,475.010009765625,466.010009765625,472.9800109863281,721000
2018-08-16,390.5409851074219,474.6099853515625,480.7200012207031,472.2900085449219,473.42999267578125,681600
2018-08-17,390.162353515625,474.1499938964844,475.5899963378906,470.760009765625,474.2900085449219,472800
2018-08-20,391.3226013183594,475.55999755859375,477.0199890136719,473.7699890136719,476.45001220703125,465500
2018-08-21,390.8042297363281,474.92999267578125,477.5799865722656,473.67999267578125,474.5,640100
2018-08-22,393.34686279296875,478.0199890136719,479.75,472.7699890136719,474.6199951171875,603500
2018-08-23,387.1259765625,470.4599914550781,478.1000061035156,470.0799865722656,477.20001220703125,579200
2018-08-24,392.92730712890625,477.510009765625,477.6600036621094,470.510009765625,473.6499938964844,580800
2018-08-27,397.9466857910156,483.6099853515625,487.05999755859375,478.94000244140625,478.94000244140625,607000
2018-08-28,397.7328186035156,483.3500061035156,485.3999938964844,481.8500061035156,483.8900146484375,517400
2018-08-29,399.2716064453125,485.2200012207031,486.2099914550781,477.75,483.8800048828125,634600
2018-08-30,391.0838623046875,475.2699890136719,485.510009765625,472.8599853515625,484.1199951171875,559800
2018-08-31,394.2026672363281,479.05999755859375,479.80999755859375,473.3599853515625,473.7699890136719,506700
2018-09-04,391.5036926269531,475.7799987792969,478.7799987792969,471.2200012207031,476.2300109863281,499400
2018-09-05,393.52789306640625,478.239990234375,480.94000244140625,474.5,475.1700134277344,544700
2018-09-06,390.9188537597656,471.9599914550781,477.55999755859375,469.9800109863281,476.57000732421875,670900
2018-09-07,390.4880676269531,471.44000244140625,472.3800048828125,468.4200134277344,470.30999755859375,666400
2018-09-10,392.4014892578125,473.75,478.0,471.9700012207031,475.010009765625,453000
2018-09-11,390.2313537597656,471.1300048828125,473.2300109863281,468.489990234375,471.9599914550781,495400
2018-09-12,389.3036193847656,470.010009765625,473.0400085449219,468.9200134277344,471.0,579700
2018-09-13,388.4505920410156,468.9800109863281,474.45001220703125,467.29998779296875,473.2099914550781,528600
2018-09-14,394.31488037109375,476.05999755859375,478.739990234375,470.3900146484375,470.3900146484375,416700
2018-09-17,390.04083251953125,470.8999938964844,477.010009765625,469.6000061035156,477.010009765625,443300
2018-09-18,391.1175842285156,472.20001220703125,475.010009765625,469.0400085449219,472.7900085449219,557500
2018-09-19,400.51043701171875,483.5400085449219,485.510009765625,473.1099853515625,473.70001220703125,418700
2018-09-20,403.4921875,487.1400146484375,492.0,483.07000732421875,486.7300109863281,480400
2018-09-21,403.8815002441406,487.6099853515625,489.54998779296875,484.7900085449219,489.4800109863281,700100
2018-09-24,399.2927551269531,482.07000732421875,487.0,479.57000732421875,485.4700012207031,433600
2018-09-25,396.8245544433594,479.0899963378906,485.1700134277344,477.3699951171875,484.1600036621094,382800
2018-09-26,393.29595947265625,474.8299865722656,481.6400146484375,474.32000732421875,480.9800109863281,416700
2018-09-27,395.83056640625,477.8900146484375,481.4599914550781,473.70001220703125,476.82000732421875,344400
2018-09-28,390.39697265625,471.3299865722656,477.510009765625,470.6600036621094,474.5199890136719,532200
2018-10-01,392.16949462890625,473.4700012207031,477.1099853515625,471.3599853515625,474.3599853515625,395500
2018-10-02,395.267333984375,477.2099914550781,477.8900146484375,471.260009765625,472.69000244140625,363700
2018-10-03,392.9149475097656,474.3699951171875,481.739990234375,472.3299865722656,480.8599853515625,645800
2018-10-04,392.7327575683594,474.1499938964844,479.4800109863281,470.5,474.69000244140625,917200
2018-10-05,390.0076904296875,470.8599853515625,482.4800109863281,470.1199951171875,476.29998779296875,712000
2018-10-08,390.504638671875,471.4599914550781,477.0,467.1300048828125,477.0,560400
2018-10-09,380.7722473144531,459.7099914550781,470.9800109863281,459.0799865722656,470.9800109863281,875400
2018-10-10,353.4801330566406,426.760009765625,458.42999267578125,426.25,457.010009765625,2075300
2018-10-11,345.95941162109375,417.67999267578125,427.8800048828125,415.3500061035156,424.1400146484375,1737100
2018-10-12,354.2587890625,427.70001220703125,437.4700012207031,420.2099914550781,431.0,1593400
2018-10-15,353.6293029785156,426.94000244140625,431.2900085449219,422.8399963378906,427.739990234375,992900
2018-10-16,337.9415588378906,408.0,416.3599853515625,402.5899963378906,410.0,2053500
2018-10-17,341.1304016113281,411.8500061035156,417.92999267578125,405.1400146484375,405.6199951171875,1821100
2018-10-18,331.20758056640625,399.8699951171875,412.42999267578125,399.0,410.3599853515625,1735800
2018-10-19,332.6818542480469,401.6499938964844,408.30999755859375,399.4800109863281,400.20001220703125,1029100
2018-10-22,324.9870910644531,392.3599853515625,404.8399963378906,392.2099914550781,403.1199951171875,1036000
2018-10-23,320.953369140625,387.489990234375,391.260009765625,376.30999755859375,383.9800109863281,1300500
2018-10-24,313.63958740234375,378.6600036621094,388.5299987792969,378.0799865722656,388.0899963378906,1229800
2018-10-25,324.65570068359375,391.9599914550781,396.67999267578125,380.2200012207031,380.79998779296875,1393000
2018-10-26,320.4894714355469,386.92999267578125,391.8599853515625,383.0899963378906,386.1600036621094,1006300
2018-10-29,323.5706481933594,390.6499938964844,397.9200134277344,384.1600036621094,393.5899963378906,952600
2018-10-30,334.4875793457031,403.8299865722656,406.2099914550781,390.8599853515625,392.3800048828125,1489700
2018-10-31,340.7742004394531,411.4200134277344,417.2799987792969,406.7200012207031,408.8599853515625,1415200
2018-11-01,342.07470703125,412.989990234375,417.2699890136719,410.07000732421875,413.739990234375,1021600
2018-11-02,339.39935302734375,409.760009765625,419.17999267578125,405.9800109863281,416.9700012207031,869900
2018-11-05,340.4263610839844,411.0,412.6199951171875,408.25,409.5299987792969,761400
2018-11-06,342.43914794921875,413.42999267578125,413.9800109863281,410.32000732421875,412.3999938964844,882100
2018-11-07,351.79876708984375,424.7300109863281,425.0,410.3299865722656,417.6099853515625,1078300
2018-11-08,349.0323486328125,421.3900146484375,425.3999938964844,419.70001220703125,421.6300048828125,698800
2018-11-09,342.869873046875,413.95001220703125,419.6300048828125,408.95001220703125,413.0,617100
2018-11-12,335.8045959472656,405.4200134277344,412.95001220703125,404.80999755859375,412.95001220703125,577400
2018-11-13,337.3700256347656,407.30999755859375,414.0,406.4599914550781,408.7799987792969,582900
2018-11-14,332.95513916015625,401.9800109863281,412.95001220703125,397.3500061035156,410.5199890136719,746900
2018-11-15,337.0138244628906,406.8800048828125,407.7799987792969,394.7300109863281,397.2099914550781,685200
2018-11-16,340.4263610839844,411.0,411.2900085449219,400.4700012207031,404.1499938964844,738100
2018-11-19,337.7592468261719,407.7799987792969,412.239990234375,401.6099853515625,410.1000061035156,725500
2018-11-20,333.73388671875,402.9200134277344,408.45001220703125,397.239990234375,400.8999938964844,632300
2018-11-21,337.6266784667969,407.6199951171875,412.3500061035156,403.2699890136719,408.0400085449219,673700
2018-11-23,336.7901916503906,406.6099853515625,410.8999938964844,403.3299865722656,403.6600036621094,299400
2018-11-26,346.6302490234375,418.489990234375,424.2200012207031,411.45001220703125,413.1400146484375,815000
2018-11-27,345.52862548828125,417.1600036621094,417.6000061035156,413.95001220703125,415.25,626000
2018-11-28,353.9025573730469,427.2699890136719,427.7099914550781,414.0199890136719,421.6499938964844,701500
2018-11-29,350.3160705566406,422.94000244140625,427.19000244140625,418.7099914550781,425.0,616000
2018-11-30,354.5155334472656,428.010009765625,428.010009765625,419.0,421.29998779296875,1066400
2018-12-03,360.1976318359375,434.8699951171875,438.260009765625,430.3399963378906,436.7900085449219,998600
2018-12-04,338.5626525878906,408.75,432.9100036621094,404.42999267578125,432.3299865722656,859700
2018-12-06,334.0638122558594,400.2300109863281,400.44000244140625,381.3900146484375,399.7799987792969,1383100
2018-12-07,328.1125793457031,393.1000061035156,409.8299865722656,392.1600036621094,400.82000732421875,969500
2018-12-10,328.2461242675781,393.260009765625,394.45001220703125,379.6499938964844,390.8800048828125,876100
2018-12-11,321.90252685546875,385.6600036621094,401.0899963378906,382.04998779296875,400.2300109863281,793700
2018-12-12,325.58343505859375,390.07000732421875,397.70001220703125,388.6199951171875,392.5400085449219,736800
2018-12-13,323.2463073730469,387.2699890136719,392.3999938964844,384.489990234375,392.17999267578125,595200
2018-12-14,319.09796142578125,382.29998779296875,389.2699890136719,380.6400146484375,383.0299987792969,678700
2018-12-17,315.717529296875,378.25,389.0,376.45001220703125,380.0,900200
2018-12-18,319.97442626953125,383.3500061035156,388.7799987792969,379.79998779296875,381.739990234375,997100
2018-12-19,310.6593017578125,372.19000244140625,388.3800048828125,369.3399963378906,381.6499938964844,997400
2018-12-20,310.2254943847656,371.6700134277344,377.9599914550781,368.45001220703125,369.2699890136719,1107200
2018-12-21,308.1304016113281,369.1600036621094,382.1300048828125,367.4599914550781,371.3599853515625,1722800
2018-12-24,301.9620056152344,361.7699890136719,370.9700012207031,360.7900085449219,365.1300048828125,499000
2018-12-26,318.2048645019531,381.2300109863281,381.45001220703125,360.94000244140625,364.2699890136719,873400
2018-12-27,323.68865966796875,387.79998779296875,387.9599914550781,372.54998779296875,376.57000732421875,784000
2018-12-28,324.047607421875,388.2300109863281,394.260009765625,385.5299987792969,391.92999267578125,619100
2018-12-31,327.8788146972656,392.82000732421875,393.8500061035156,385.8500061035156,389.1499938964844,612300
2019-01-02,325.0409240722656,389.4200134277344,391.1600036621094,385.1000061035156,386.2799987792969,926800
2019-01-03,315.49212646484375,377.9800109863281,386.54998779296875,377.2799987792969,385.0299987792969,781000
2019-01-04,327.0441589355469,391.82000732421875,392.92999267578125,381.989990234375,385.1700134277344,647800
2019-01-07,327.9539794921875,392.9100036621094,398.17999267578125,389.4200134277344,390.94000244140625,714500
2019-01-08,332.12738037109375,397.9100036621094,400.8500061035156,393.6000061035156,397.760009765625,642900
2019-01-09,334.0303649902344,400.19000244140625,403.1499938964844,395.29998779296875,399.5,640500
2019-01-10,333.4544372558594,399.5,400.9200134277344,395.2200012207031,399.1199951171875,487100
2019-01-11,332.12738037109375,397.9100036621094,399.6300048828125,389.6700134277344,395.010009765625,706500
2019-01-14,330.8836364746094,396.4200134277344,399.95001220703125,391.1099853515625,392.8699951171875,919700
2019-01-15,334.4644470214844,400.7099914550781,401.1199951171875,393.3999938964844,396.54998779296875,846600
2019-01-16,344.7560729980469,413.0400085449219,421.8299865722656,401.42999267578125,402.0899963378906,1331500
2019-01-17,344.322021484375,412.5199890136719,416.94000244140625,403.69000244140625,411.0,917200
2019-01-18,350.10626220703125,419.45001220703125,420.55999755859375,413.5899963378906,417.0799865722656,1031800
2019-01-22,345.2234191894531,413.6000061035156,419.20001220703125,411.0899963378906,416.4100036621094,905600
2019-01-23,340.9499206542969,408.4800109863281,414.57000732421875,403.760009765625,413.0299987792969,660100
2019-01-24,339.3473815917969,406.55999755859375,411.3299865722656,401.79998779296875,407.9100036621094,838400
2019-01-25,342.177001953125,409.95001220703125,414.07000732421875,409.1499938964844,411.2200012207031,573000
2019-01-28,338.345703125,405.3599853515625,407.8800048828125,402.3999938964844,405.8500061035156,640400
2019-01-29,340.23199462890625,407.6199951171875,412.0,406.2900085449219,411.5,602800
2019-01-30,340.8246765136719,408.3299865722656,410.94000244140625,401.82000732421875,409.20001220703125,869900
2019-01-31,346.4587707519531,415.0799865722656,415.9599914550781,406.2200012207031,406.2200012207031,750100
2019-02-01,347.9028015136719,416.80999755859375,417.5799865722656,412.1199951171875,417.44000244140625,585900
2019-02-04,348.8793029785156,417.9800109863281,418.739990234375,413.1700134277344,416.5,534800
2019-02-05,348.5288391113281,417.55999755859375,419.1400146484375,414.04998779296875,418.1199951171875,523400
2019-02-06,347.5522155761719,416.3900146484375,420.7799987792969,415.07000732421875,418.44000244140625,424600
2019-02-07,346.400390625,415.010009765625,417.8800048828125,410.010009765625,414.3500061035156,469400
2019-02-08,343.68768310546875,411.760009765625,414.04998779296875,406.1300048828125,412.1499938964844,567000
2019-02-11,344.4722595214844,412.70001220703125,414.8699951171875,411.0,413.75,595600
2019-02-12,355.1643981933594,425.510009765625,425.75,415.42999267578125,416.19000244140625,617300
2019-02-13,356.7838439941406,427.45001220703125,433.75,426.1000061035156,426.70001220703125,803500
2019-02-14,353.38665771484375,423.3800048828125,425.2699890136719,417.95001220703125,424.4100036621094,542500
2019-02-15,360.53985595703125,431.95001220703125,432.6300048828125,425.19000244140625,425.19000244140625,600300
2019-02-19,359.80523681640625,431.07000732421875,433.0,428.1700134277344,428.42999267578125,438000
2019-02-20,364.93853759765625,437.2200012207031,437.489990234375,429.7699890136719,431.7799987792969,563300
2019-02-21,363.10235595703125,435.0199890136719,437.5899963378906,432.8500061035156,436.6000061035156,451800
2019-02-22,364.5212707519531,436.7200012207031,436.95001220703125,433.45001220703125,435.5199890136719,400300
2019-02-25,366.36578369140625,438.92999267578125,444.79998779296875,438.0400085449219,439.2799987792969,516300
2019-02-26,367.701416015625,440.5299987792969,443.010009765625,435.69000244140625,437.6700134277344,472000
2019-02-27,368.9367370605469,442.010009765625,444.70001220703125,438.8800048828125,440.1700134277344,461100
2019-02-28,369.9466857910156,443.2200012207031,444.7200012207031,440.3900146484375,442.010009765625,512100
2019-03-01,370.4056701660156,443.7699890136719,451.9200134277344,442.1000061035156,447.55999755859375,657200
2019-03-04,365.03045654296875,437.3299865722656,447.0,434.05999755859375,445.8900146484375,686100
2019-03-05,363.7604675292969,432.5199890136719,435.7099914550781,431.1499938964844,434.25,433500
2019-03-06,361.5234069824219,429.8599853515625,434.0,429.3900146484375,432.5199890136719,272700
2019-03-07,355.9137268066406,423.19000244140625,434.9800109863281,420.5400085449219,434.44000244140625,467400
2019-03-08,354.3325500488281,421.30999755859375,421.8900146484375,417.2099914550781,420.57000732421875,587100
2019-03-11,360.0431213378906,428.1000061035156,429.3900146484375,422.9200134277344,424.010009765625,593100
2019-03-12,359.824462890625,427.8399963378906,431.0199890136719,426.8800048828125,429.6300048828125,504700
2019-03-13,363.1884460449219,431.8399963378906,433.3999938964844,426.5,430.3299865722656,606700
2019-03-14,364.6939697265625,433.6300048828125,435.4599914550781,431.1099853515625,435.4599914550781,501700
2019-03-15,364.6267395019531,433.54998779296875,438.82000732421875,432.92999267578125,433.8299865722656,1756900
2019-03-18,370.4550476074219,440.4800109863281,440.75,435.94000244140625,436.0,550700
2019-03-19,365.484619140625,434.57000732421875,443.3599853515625,433.6499938964844,442.54998779296875,948500
2019-03-20,361.57373046875,429.9200134277344,434.70001220703125,427.55999755859375,434.20001220703125,881600
2019-03-21,361.9437561035156,430.3599853515625,433.70001220703125,424.20001220703125,428.5899963378906,472400
2019-03-22,351.010498046875,417.3599853515625,428.42999267578125,415.1300048828125,426.510009765625,585300
2019-03-25,349.3704528808594,415.4100036621094,419.5,413.29998779296875,418.0,411000
2019-03-26,355.4763488769531,422.6700134277344,423.30999755859375,418.94000244140625,420.57000732421875,494900
2019-03-27,352.9279479980469,419.6400146484375,425.5299987792969,417.7099914550781,423.6000061035156,425000
2019-03-28,357.41070556640625,424.9700012207031,425.6400146484375,420.2300109863281,421.3999938964844,342700
2019-03-29,359.4292297363281,427.3699951171875,432.0,426.19000244140625,429.7099914550781,455900
2019-04-01,368.697265625,438.3900146484375,439.6400146484375,429.3999938964844,431.5899963378906,498900
2019-04-02,367.0657043457031,436.45001220703125,440.1000061035156,435.4700012207031,438.3900146484375,423100
2019-04-03,369.2691955566406,439.07000732421875,442.79998779296875,437.30999755859375,439.2200012207031,337800
2019-04-04,371.5988464355469,441.8399963378906,442.70001220703125,438.9200134277344,439.1700134277344,375200
2019-04-05,374.34063720703125,445.1000061035156,446.8299865722656,440.6099853515625,443.1700134277344,458400
2019-04-08,375.21527099609375,446.1400146484375,447.67999267578125,443.1000061035156,444.5400085449219,398400
2019-04-09,369.8914794921875,439.80999755859375,445.94000244140625,438.5199890136719,445.4100036621094,460900
2019-04-10,372.3724670410156,442.760009765625,442.94000244140625,439.1700134277344,441.6000061035156,402900
2019-04-11,375.18994140625,446.1099853515625,448.75,442.8699951171875,445.0,412700
2019-04-12,382.1199645996094,454.3500061035156,457.3299865722656,448.69000244140625,448.69000244140625,628700
2019-04-15,380.02587890625,451.8599853515625,457.1000061035156,449.7699890136719,456.3599853515625,590800
2019-04-16,392.3721618652344,466.5400085449219,466.8900146484375,453.0,453.1000061035156,1030700
2019-04-17,393.1710510253906,467.489990234375,468.7799987792969,462.4200134277344,466.9800109863281,628200
2019-04-18,391.6573181152344,465.69000244140625,469.3699951171875,465.69000244140625,468.7799987792969,530400
2019-04-22,390.25274658203125,464.0199890136719,465.6600036621094,462.1499938964844,463.75,432900
2019-04-23,398.6712951660156,474.0299987792969,474.0299987792969,463.8999938964844,464.0,687400
2019-04-24,403.83526611328125,480.1700134277344,482.3699951171875,472.6099853515625,474.0299987792969,1008500
2019-04-25,399.0246887207031,474.45001220703125,480.4800109863281,472.6099853515625,477.8900146484375,598700
2019-04-26,402.83447265625,478.9800109863281,479.4599914550781,471.8500061035156,475.1099853515625,469000
2019-04-29,403.55780029296875,479.8399963378906,481.5799865722656,478.6099853515625,480.0,366900
2019-04-30,408.0993347167969,485.239990234375,485.8500061035156,477.57000732421875,479.739990234375,567600
2019-05-01,402.9606018066406,479.1300048828125,487.45001220703125,478.7099914550781,486.8399963378906,488600
2019-05-02,400.673095703125,476.4100036621094,480.1700134277344,471.4700012207031,479.510009765625,436100
2019-05-03,405.7948913574219,482.5,482.8999938964844,476.4100036621094,476.510009765625,403300
2019-05-06,400.6393737792969,476.3699951171875,478.6199951171875,469.8699951171875,472.9200134277344,434400
2019-05-07,390.04241943359375,463.7699890136719,473.92999267578125,459.05999755859375,473.6099853515625,709500
2019-05-08,391.4722595214844,465.4700012207031,469.4599914550781,459.6199951171875,462.17999267578125,454800
2019-05-09,390.4209899902344,464.2200012207031,464.4599914550781,454.1600036621094,458.7300109863281,435500
2019-05-10,389.3948974609375,463.0,465.6400146484375,453.25,461.8500061035156,484000
2019-05-13,372.3894348144531,442.7799987792969,454.3900146484375,440.19000244140625,453.1199951171875,703900
2019-05-14,374.97967529296875,445.8599853515625,451.05999755859375,444.3599853515625,444.3599853515625,426800
2019-05-15,373.7181701660156,444.3599853515625,446.3900146484375,439.42999267578125,441.489990234375,424200
2019-05-16,376.1403503417969,447.239990234375,450.67999267578125,445.7699890136719,446.510009765625,449100
2019-05-17,371.3633117675781,441.55999755859375,447.3599853515625,440.239990234375,441.8299865722656,496900
2019-05-20,368.4449462890625,438.0899963378906,440.2799987792969,434.4800109863281,439.6000061035156,465700
2019-05-21,371.44744873046875,441.6600036621094,444.32000732421875,440.19000244140625,440.82000732421875,307000
2019-05-22,369.32806396484375,439.1400146484375,442.0799865722656,436.3800048828125,440.1600036621094,331000
2019-05-23,364.9126281738281,433.8900146484375,434.8599853515625,429.1000061035156,434.8599853515625,577600
2019-05-24,366.4853820800781,435.760009765625,438.2300109863281,434.79998779296875,437.0,277300
2019-05-28,361.0606994628906,429.30999755859375,436.70001220703125,429.30999755859375,436.1700134277344,462600
2019-05-29,359.900146484375,427.92999267578125,428.45001220703125,422.6300048828125,426.3900146484375,390700
2019-05-30,358.7731628417969,426.5899963378906,431.4800109863281,423.80999755859375,428.4800109863281,412400
2019-05-31,349.49664306640625,415.55999755859375,420.75,415.0199890136719,420.75,534600
2019-06-03,353.14666748046875,419.8999938964844,421.8800048828125,415.19000244140625,415.7099914550781,581400
2019-06-04,365.4508972167969,434.5299987792969,434.79998779296875,423.1499938964844,433.4100036621094,558300
2019-06-05,371.31536865234375,438.1499938964844,440.489990234375,427.80999755859375,433.6600036621094,605800
2019-06-06,372.2306213378906,439.2300109863281,441.6099853515625,436.25,438.29998779296875,675300
2019-06-07,376.3662414550781,444.1099853515625,444.3999938964844,438.5299987792969,439.989990234375,504000
2019-06-10,376.1120300292969,443.80999755859375,449.0,443.4700012207031,446.8999938964844,525000
2019-06-11,375.52728271484375,443.1199951171875,448.3399963378906,439.9100036621094,448.0799865722656,536800
2019-06-12,378.1798400878906,446.25,447.9599914550781,441.05999755859375,443.44000244140625,430100
2019-06-13,379.9001159667969,448.2799987792969,449.3999938964844,445.69000244140625,446.8599853515625,325900
2019-06-14,378.7899475097656,446.9700012207031,449.1400146484375,444.6300048828125,449.1400146484375,343500
2019-06-17,372.98480224609375,440.1199951171875,447.79998779296875,439.6099853515625,446.6700134277344,346400
2019-06-18,380.77301025390625,449.30999755859375,456.1099853515625,442.3999938964844,443.32000732421875,535400
2019-06-19,385.5526428222656,454.95001220703125,456.2200012207031,449.2799987792969,451.20001220703125,544300
2019-06-20,394.5611877441406,465.5799865722656,466.8500061035156,456.5,456.5,729100
2019-06-21,396.8154602050781,468.239990234375,472.17999267578125,463.7200012207031,465.1199951171875,1056900
2019-06-24,392.7137451171875,463.3999938964844,470.9200134277344,461.5,467.8699951171875,397500
2019-06-25,388.4425354003906,458.3599853515625,463.0400085449219,455.989990234375,463.0299987792969,454100
2019-06-26,390.64599609375,460.9599914550781,461.4700012207031,455.4700012207031,460.1499938964844,434300
2019-06-27,393.6290283203125,464.4800109863281,467.0899963378906,461.3699951171875,462.4800109863281,352900
2019-06-28,397.7137756347656,469.29998779296875,472.3599853515625,465.6099853515625,468.55999755859375,634300
2019-07-01,400.7900390625,472.92999267578125,477.1400146484375,468.9599914550781,474.8800048828125,471100
2019-07-02,398.19683837890625,469.8699951171875,473.1000061035156,467.6700134277344,472.9700012207031,347000
2019-07-03,402.8408508300781,475.3500061035156,477.0799865722656,471.20001220703125,471.3599853515625,343900
2019-07-05,405.6714782714844,478.69000244140625,478.760009765625,472.2099914550781,475.29998779296875,383100
2019-07-08,400.3748474121094,472.44000244140625,477.2099914550781,471.95001220703125,474.05999755859375,414600
2019-07-09,401.5442810058594,473.82000732421875,476.239990234375,468.17999267578125,470.260009765625,445500
2019-07-10,403.00189208984375,475.5400085449219,476.6499938964844,472.3699951171875,473.82000732421875,504900
2019-07-11,406.8409118652344,480.07000732421875,480.7099914550781,474.4100036621094,477.0,390600
2019-07-12,408.86627197265625,482.4599914550781,482.8299865722656,476.5799865722656,478.17999267578125,472400
2019-07-15,408.2223205566406,481.70001220703125,483.0,479.2200012207031,482.8699951171875,416400
2019-07-16,404.3832702636719,477.1700134277344,483.489990234375,476.8800048828125,482.4800109863281,409700
2019-07-17,399.1544494628906,471.0,476.6000061035156,468.1600036621094,475.0,511200
2019-07-18,402.6629943847656,475.1400146484375,475.19000244140625,470.010009765625,470.8599853515625,498300
2019-07-19,401.052734375,473.239990234375,483.0,472.5,476.29998779296875,887400
2019-07-22,401.3153991699219,473.54998779296875,475.0400085449219,465.8599853515625,472.57000732421875,647800
2019-07-23,404.6290588378906,477.4599914550781,480.67999267578125,475.69000244140625,476.4700012207031,449200
2019-07-24,404.36639404296875,477.1499938964844,481.70001220703125,475.80999755859375,475.9599914550781,593400
2019-07-25,401.58660888671875,473.8699951171875,476.54998779296875,470.1000061035156,476.54998779296875,494900
2019-07-26,405.2307434082031,478.1700134277344,478.8599853515625,471.8599853515625,474.3699951171875,418000
2019-07-29,405.34930419921875,478.30999755859375,481.3699951171875,474.67999267578125,476.9599914550781,363300
2019-07-30,405.4342346191406,478.4100036621094,478.4700012207031,472.75,475.0,391300
2019-07-31,396.34088134765625,467.67999267578125,478.3299865722656,465.510009765625,477.92999267578125,421000
2019-08-01,383.01025390625,451.95001220703125,467.6700134277344,449.75,465.19000244140625,734500
2019-08-02,379.8492736816406,448.2200012207031,451.7099914550781,441.7799987792969,450.0,527700
2019-08-05,365.5272216796875,431.32000732421875,439.19000244140625,426.80999755859375,437.9599914550781,647600
2019-08-06,369.2475280761719,435.7099914550781,437.8900146484375,430.2200012207031,435.3900146484375,418100
2019-08-07,364.73907470703125,430.3900146484375,432.7900085449219,423.4599914550781,426.739990234375,574000
2019-08-08,370.8661193847656,437.6199951171875,438.44000244140625,431.6000061035156,434.0,499900
2019-08-09,361.2983703613281,426.3299865722656,435.1099853515625,425.8500061035156,435.0199890136719,650000
2019-08-12,352.91693115234375,416.44000244140625,425.94000244140625,414.4599914550781,420.239990234375,665900
2019-08-13,360.4508972167969,425.3299865722656,427.20001220703125,413.5899963378906,416.55999755859375,877200
2019-08-14,348.620361328125,411.3699951171875,419.1199951171875,411.010009765625,414.75,793400
2019-08-15,346.86602783203125,409.29998779296875,417.20001220703125,406.2099914550781,413.5400085449219,612700
2019-08-16,355.47625732421875,419.4599914550781,422.7099914550781,413.3999938964844,413.3999938964844,544300
2019-08-19,360.6457824707031,425.55999755859375,427.94000244140625,423.1700134277344,427.1700134277344,473000
2019-08-20,354.4847717285156,418.2900085449219,423.4100036621094,417.5299987792969,423.4100036621094,401700
2019-08-21,356.7220458984375,420.92999267578125,424.9700012207031,420.1099853515625,422.79998779296875,351200
2019-08-22,355.0865173339844,419.0,423.9200134277344,416.6300048828125,423.0,551900
2019-08-23,345.1287841796875,407.25,418.9700012207031,405.07000732421875,416.94000244140625,853300
2019-08-26,343.62030029296875,405.4700012207031,411.8800048828125,403.5400085449219,411.67999267578125,812300
2019-08-27,347.8914794921875,410.510009765625,410.8999938964844,405.260009765625,406.6499938964844,1068800
2019-08-28,350.7135925292969,413.8399963378906,413.9700012207031,406.3900146484375,408.010009765625,590700
2019-08-29,357.6627502441406,422.0400085449219,424.8299865722656,416.989990234375,419.0,699700
2019-08-30,358.10333251953125,422.55999755859375,425.8500061035156,420.92999267578125,424.9599914550781,466300
2019-09-03,352.3915100097656,415.82000732421875,420.989990234375,412.69000244140625,420.989990234375,540200
2019-09-04,355.0567932128906,415.6400146484375,418.6700134277344,412.1199951171875,416.2799987792969,525000
2019-09-05,362.8133544921875,424.7200012207031,429.9800109863281,420.8299865722656,421.82000732421875,888800
2019-09-06,362.0529479980469,423.8299865722656,426.1300048828125,421.17999267578125,424.8800048828125,467200
2019-09-09,368.0498352050781,430.8500061035156,432.8699951171875,424.8599853515625,426.9599914550781,724700
2019-09-10,365.9056396484375,428.3399963378906,434.1099853515625,421.44000244140625,432.0,734800
2019-09-11,369.7411804199219,432.8299865722656,434.1400146484375,423.8599853515625,429.2699890136719,605100
2019-09-12,371.38128662109375,434.75,437.25,428.739990234375,432.9100036621094,602200
2019-09-13,378.39459228515625,442.9599914550781,444.7900085449219,437.07000732421875,438.1499938964844,586500
2019-09-16,372.201416015625,435.7099914550781,442.6300048828125,432.45001220703125,439.1700134277344,697400
2019-09-17,375.16558837890625,439.17999267578125,439.5400085449219,434.69000244140625,436.95001220703125,675300
2019-09-18,378.5654602050781,443.1600036621094,444.95001220703125,438.92999267578125,442.54998779296875,641700
2019-09-19,379.2659606933594,443.9800109863281,448.95001220703125,442.1000061035156,443.54998779296875,517700
2019-09-20,379.6162109375,444.3900146484375,447.1300048828125,441.82000732421875,446.1600036621094,1228200
2019-09-23,381.1623840332031,446.20001220703125,448.0799865722656,440.260009765625,440.94000244140625,647100
2019-09-24,377.677001953125,442.1199951171875,449.9700012207031,439.1400146484375,449.1000061035156,765400
2019-09-25,380.2995910644531,445.19000244140625,445.55999755859375,437.29998779296875,442.0,597500
2019-09-26,380.99151611328125,446.0,447.2099914550781,442.1499938964844,444.7200012207031,516700
2019-09-27,381.1025390625,446.1300048828125,449.5199890136719,440.95001220703125,448.5799865722656,539200
2019-09-30,380.6839294433594,445.6400146484375,448.9800109863281,445.0,448.0899963378906,362500
2019-10-01,370.47589111328125,433.69000244140625,448.6700134277344,433.2699890136719,445.6300048828125,597000
2019-10-02,359.08868408203125,420.3599853515625,429.3299865722656,417.4700012207031,428.5,743200
2019-10-03,358.4480895996094,419.6099853515625,421.6099853515625,411.2099914550781,418.8900146484375,505400
2019-10-04,365.1368103027344,427.44000244140625,427.70001220703125,419.0899963378906,421.1499938964844,349800
2019-10-07,361.4891357421875,423.1700134277344,427.239990234375,421.2799987792969,424.760009765625,566900
2019-10-08,352.9382019042969,413.1600036621094,420.260009765625,411.75,419.3699951171875,498400
2019-10-09,356.3636779785156,417.1700134277344,419.3299865722656,413.9599914550781,415.80999755859375,380800
2019-10-10,359.1058349609375,420.3800048828125,424.8800048828125,417.07000732421875,417.07000732421875,587400
2019-10-11,370.7405700683594,434.0,435.8999938964844,425.4599914550781,428.0,733500
2019-10-14,370.9200439453125,434.2099914550781,434.5,429.6300048828125,432.2900085449219,709800
2019-10-15,379.66748046875,444.45001220703125,447.9800109863281,435.04998779296875,437.82000732421875,834700
2019-10-16,381.3330993652344,446.3999938964844,447.3999938964844,444.05999755859375,445.0,482800
2019-10-17,384.9808349609375,450.6700134277344,454.3800048828125,449.0,449.989990234375,544600
2019-10-18,380.1714782714844,445.0400085449219,450.19000244140625,444.6000061035156,448.7300109863281,527900
2019-10-21,387.52642822265625,453.6499938964844,454.3900146484375,447.0400085449219,447.05999755859375,568600
2019-10-22,384.6818542480469,450.32000732421875,455.260009765625,449.0,453.6300048828125,403100
2019-10-23,390.43939208984375,457.05999755859375,457.32000732421875,448.3299865722656,449.8299865722656,374000
2019-10-24,388.3893127441406,454.6600036621094,459.4800109863281,451.7099914550781,457.5799865722656,404600
2019-10-25,392.77996826171875,459.79998779296875,460.6000061035156,451.6700134277344,455.79998779296875,475400
2019-10-28,398.5546569824219,466.55999755859375,469.5,461.4700012207031,461.4700012207031,584100
2019-10-29,398.2129821777344,466.1600036621094,470.7900085449219,464.6000061035156,464.95001220703125,473700
2019-10-30,398.8792724609375,466.94000244140625,467.54998779296875,460.6300048828125,465.3999938964844,323600
2019-10-31,394.403076171875,461.70001220703125,466.94000244140625,458.0,464.2200012207031,429500
2019-11-01,400.7843017578125,469.1700134277344,471.6000061035156,466.30999755859375,466.3599853515625,441500
2019-11-04,407.0715026855469,476.5299987792969,476.79998779296875,472.9100036621094,474.8800048828125,544100
2019-11-05,412.12005615234375,482.44000244140625,484.8900146484375,475.7900085449219,476.5299987792969,716800
2019-11-06,418.1850891113281,489.5400085449219,491.5799865722656,483.0799865722656,484.9100036621094,792800
2019-11-07,418.7148132324219,490.1600036621094,495.3900146484375,489.5400085449219,492.20001220703125,756500
2019-11-08,418.75750732421875,490.2099914550781,491.94000244140625,485.6600036621094,489.8500061035156,356200
2019-11-11,415.8360290527344,486.7900085449219,488.80999755859375,485.3900146484375,486.3999938964844,414100
2019-11-12,415.8360290527344,486.7900085449219,487.6199951171875,484.4100036621094,487.0,365300
2019-11-13,414.7937927246094,485.57000732421875,487.8999938964844,480.57000732421875,482.5299987792969,330100
2019-11-14,413.9566955566406,484.5899963378906,485.6300048828125,481.8399963378906,484.9700012207031,413300
2019-11-15,419.398193359375,490.9599914550781,491.8800048828125,484.0,486.07000732421875,342100
2019-11-18,420.0644836425781,491.739990234375,492.57000732421875,488.69000244140625,490.80999755859375,303700
2019-11-19,420.97003173828125,492.79998779296875,495.7799987792969,491.1300048828125,493.0,350600
2019-11-20,417.5615539550781,488.80999755859375,492.7099914550781,485.1700134277344,490.5799865722656,438800
2019-11-21,414.28985595703125,484.9800109863281,489.5,482.5400085449219,489.0,526700
2019-11-22,414.30694580078125,485.0,487.7699890136719,484.1000061035156,485.0,483100
2019-11-25,420.1670227050781,491.8599853515625,492.55999755859375,484.3599853515625,486.239990234375,434700
2019-11-26,419.3383483886719,490.8900146484375,491.4599914550781,487.5,490.760009765625,525100
2019-11-27,422.1744689941406,494.2099914550781,494.6400146484375,488.8599853515625,490.42999267578125,299700
2019-11-29,422.7724304199219,494.9100036621094,496.8999938964844,493.4599914550781,496.54998779296875,239600
2019-12-02,418.3218994140625,489.70001220703125,495.69000244140625,488.9100036621094,495.2799987792969,379800
2019-12-03,414.9562072753906,485.760009765625,486.2099914550781,478.67999267578125,484.6400146484375,465700
2019-12-04,415.7505187988281,486.69000244140625,493.0,485.6600036621094,485.6600036621094,730800
2019-12-05,421.6936950683594,490.29998779296875,490.5400085449219,482.5199890136719,485.1099853515625,460600
2019-12-06,426.38970947265625,495.760009765625,499.70001220703125,491.8500061035156,495.4700012207031,507000
2019-12-09,427.5163879394531,497.07000732421875,498.0899963378906,492.1000061035156,494.29998779296875,372800
2019-12-10,424.90179443359375,494.0299987792969,497.9200134277344,492.8500061035156,497.7900085449219,354100
2019-12-11,424.798583984375,493.9100036621094,497.3399963378906,492.6199951171875,494.2799987792969,469600
2019-12-12,431.8597412109375,502.1199951171875,503.69000244140625,493.5199890136719,494.0400085449219,535800
2019-12-13,428.8408203125,498.6099853515625,503.8599853515625,495.489990234375,501.5899963378906,455600
2019-12-16,431.7994689941406,502.04998779296875,506.80999755859375,501.2200012207031,503.6099853515625,426900
2019-12-17,432.0059509277344,502.2900085449219,505.2200012207031,500.1000061035156,503.5299987792969,425100
2019-12-18,429.59771728515625,499.489990234375,503.1700134277344,498.1700134277344,503.1700134277344,542900
2019-12-19,432.0490417480469,502.3399963378906,503.8599853515625,499.0199890136719,499.3399963378906,428300
2019-12-20,429.68377685546875,499.5899963378906,506.3599853515625,499.4200134277344,506.3599853515625,967600
2019-12-23,429.7440185546875,499.6600036621094,502.82000732421875,497.6099853515625,501.6199951171875,361200
2019-12-24,429.7267761230469,499.6400146484375,500.760009765625,497.44000244140625,500.29998779296875,126400
2019-12-26,432.8229675292969,503.239990234375,503.260009765625,499.7300109863281,499.8399963378906,157000
2019-12-27,432.6252136230469,503.010009765625,504.54998779296875,501.6199951171875,503.25,221700
2019-12-30,430.7587585449219,500.8399963378906,504.0,499.5899963378906,504.0,276200
2019-12-31,432.3586120605469,502.70001220703125,502.8900146484375,498.2799987792969,500.760009765625,296900
2020-01-02,437.7598571777344,508.9800109863281,510.0,504.9200134277344,510.0,560400
2020-01-03,433.1068420410156,503.57000732421875,506.70001220703125,501.5199890136719,501.7200012207031,337300
2020-01-06,433.4766845703125,504.0,504.7699890136719,498.510009765625,500.1700134277344,411300
2020-01-07,436.2461242675781,507.2200012207031,509.82000732421875,502.8800048828125,502.8800048828125,453900
2020-01-08,436.14288330078125,507.1000061035156,510.1400146484375,502.239990234375,507.7699890136719,726500
2020-01-09,441.3033447265625,513.0999755859375,514.8200073242188,510.6000061035156,513.8800048828125,477100
2020-01-10,440.5120544433594,512.1799926757812,515.239990234375,510.4100036621094,514.510009765625,484000
2020-01-13,449.91265869140625,523.1099853515625,523.4500122070312,513.27001953125,513.27001953125,651800
2020-01-14,445.7929382324219,518.3200073242188,525.0,516.52001953125,520.1500244140625,923600
2020-01-15,456.062255859375,530.260009765625,531.6199951171875,518.5,518.5,1005100
2020-01-16,460.1390075683594,535.0,536.9099731445312,530.25,536.9099731445312,778100
2020-01-17,460.3453369140625,535.239990234375,539.2000122070312,533.22998046875,537.0599975585938,669100
2020-01-21,455.098876953125,529.1400146484375,534.1500244140625,527.760009765625,532.010009765625,775800
2020-01-22,461.7387390136719,536.8599853515625,539.6300048828125,531.3400268554688,532.530029296875,778100
2020-01-23,466.1077880859375,541.9400024414062,544.0,532.8800048828125,533.5999755859375,804500
2020-01-24,461.7215881347656,536.8400268554688,547.3499755859375,532.760009765625,544.4199829101562,751200
2020-01-27,450.51470947265625,523.8099975585938,530.3300170898438,519.6099853515625,522.0,516500
2020-01-28,455.81280517578125,529.969970703125,533.77001953125,525.1500244140625,527.9600219726562,496600
2020-01-29,461.42041015625,536.489990234375,542.1699829101562,532.3699951171875,534.4500122070312,434700
2020-01-30,464.1727294921875,539.6900024414062,540.260009765625,528.9099731445312,531.0399780273438,511000
2020-01-31,453.5593566894531,527.3499755859375,539.0900268554688,525.1799926757812,537.9400024414062,646400
2020-02-03,455.9073486328125,530.0800170898438,537.1500244140625,529.7999877929688,530.22998046875,503100
2020-02-04,460.3453369140625,535.239990234375,540.3200073242188,531.4500122070312,538.1699829101562,851800
2020-02-05,467.4323425292969,543.47998046875,546.6799926757812,537.469970703125,543.8400268554688,943000
2020-02-06,477.05657958984375,554.6699829101562,555.239990234375,541.3300170898438,548.0700073242188,824400
2020-02-07,477.9769592285156,555.739990234375,556.010009765625,549.5,550.0,712900
2020-02-10,482.5867919921875,561.0999755859375,561.25,553.2999877929688,553.4400024414062,744100
2020-02-11,490.6199951171875,570.4400024414062,571.3099975585938,563.8800048828125,564.0499877929688,598900
2020-02-12,492.3743591308594,572.47998046875,576.8099975585938,570.010009765625,574.8400268554688,426300
2020-02-13,488.9943542480469,568.5499877929688,572.75,567.3699951171875,568.6900024414062,479700
2020-02-14,486.7496337890625,565.9400024414062,568.9199829101562,562.7100219726562,565.739990234375,472400
2020-02-18,485.7777404785156,564.8099975585938,565.219970703125,562.3099975585938,565.0,403200
2020-02-19,492.0218505859375,572.0700073242188,573.0,566.1900024414062,567.97998046875,383200
2020-02-20,487.5924987792969,566.9199829101562,572.9500122070312,560.6199951171875,570.0,475200
2020-02-21,479.06048583984375,557.0,564.8499755859375,555.0,563.4099731445312,494200
2020-02-24,454.11846923828125,528.0,541.3099975585938,527.6500244140625,536.0499877929688,1063700
2020-02-25,435.1968078613281,506.0,531.1300048828125,502.4700012207031,530.260009765625,1064600
2020-02-26,437.32122802734375,508.4700012207031,517.9600219726562,505.489990234375,508.1700134277344,959600
2020-02-27,409.2398376464844,475.82000732421875,500.8599853515625,475.7799987792969,495.6400146484375,1286000
2020-02-28,398.2223205566406,463.010009765625,465.4100036621094,449.0199890136719,459.25,2039300
2020-03-02,419.6639099121094,487.94000244140625,488.17999267578125,461.57000732421875,467.1400146484375,1278200
2020-03-03,414.615234375,482.07000732421875,503.9800109863281,476.17999267578125,488.3399963378906,1589800
2020-03-04,429.2347106933594,495.30999755859375,497.7699890136719,479.29998779296875,488.0899963378906,1175000
2020-03-05,409.4417419433594,472.4700012207031,482.3999938964844,464.5799865722656,477.3699951171875,1022200
2020-03-06,390.3244934082031,450.4100036621094,458.9599914550781,440.5199890136719,452.0400085449219,1460300
2020-03-09,363.1134033203125,419.010009765625,436.1000061035156,405.1499938964844,411.3900146484375,1478200
2020-03-10,397.7685852050781,459.0,459.0199890136719,434.2300109863281,441.3299865722656,1608300
2020-03-11,373.4779052734375,430.9700012207031,447.989990234375,422.1700134277344,445.0,1263400
2020-03-12,334.69757080078125,386.2200012207031,420.0,383.42999267578125,398.3800048828125,1669700
2020-03-13,358.5810241699219,413.7799987792969,419.239990234375,388.0,415.1099853515625,1579400
2020-03-16,309.61822509765625,357.2799987792969,376.57000732421875,354.010009765625,368.44000244140625,1569300
2020-03-17,335.16552734375,386.760009765625,398.239990234375,355.3900146484375,366.2099914550781,1609700
2020-03-18,323.5530700683594,373.3599853515625,374.57000732421875,323.9800109863281,357.1700134277344,1969400
2020-03-19,344.35150146484375,397.3599853515625,415.1499938964844,351.29998779296875,367.2900085449219,1593700
2020-03-20,307.39971923828125,354.7200012207031,402.3999938964844,350.9599914550781,401.010009765625,1363100
2020-03-23,283.74169921875,327.4200134277344,354.7200012207031,326.2799987792969,354.7200012207031,1422800
2020-03-24,322.1145324707031,371.70001220703125,373.05999755859375,346.2900085449219,349.29998779296875,1319600
2020-03-25,347.83526611328125,401.3800048828125,439.989990234375,377.0,384.8999938964844,1951000
2020-03-26,391.6156921386719,451.8999938964844,454.5,405.57000732421875,408.05999755859375,1598200
2020-03-27,376.3983154296875,434.3399963378906,449.4800109863281,421.1199951171875,428.5400085449219,1044200
2020-03-30,394.6055908203125,455.3500061035156,456.25,434.510009765625,438.0,1177300
2020-03-31,381.2772216796875,439.9700012207031,458.6300048828125,436.989990234375,451.8900146484375,1389200
2020-04-01,354.90667724609375,409.5400085449219,424.5,401.8999938964844,418.1099853515625,1163700
2020-04-02,369.6301574707031,426.5299987792969,433.8699951171875,406.19000244140625,408.17999267578125,649300
2020-04-03,362.2987365722656,418.07000732421875,432.9800109863281,411.0299987792969,426.7099914550781,612600
2020-04-06,389.55322265625,449.5199890136719,452.9800109863281,433.3999938964844,442.010009765625,957900
2020-04-07,384.0070495605469,443.1199951171875,469.07000732421875,441.9800109863281,469.0,831100
2020-04-08,390.809814453125,450.9700012207031,455.6400146484375,441.6300048828125,445.80999755859375,772300
2020-04-09,408.5318298339844,471.4200134277344,478.69000244140625,458.42999267578125,460.0,1154600
2020-04-13,392.0403747558594,452.3900146484375,470.239990234375,449.25,468.8599853515625,689100
2020-04-14,396.9280090332031,458.0299987792969,467.989990234375,456.4800109863281,466.7900085449219,566300
2020-04-15,383.96368408203125,443.07000732421875,451.0,440.0,442.489990234375,590400
2020-04-16,397.7599182128906,458.989990234375,462.8500061035156,444.8399963378906,445.19000244140625,764900
2020-04-17,413.25469970703125,476.8699951171875,484.69000244140625,469.3500061035156,476.32000732421875,977200
2020-04-20,407.9944763183594,470.79998779296875,475.239990234375,464.1499938964844,467.8399963378906,589500
2020-04-21,411.08819580078125,474.3699951171875,477.6199951171875,453.3299865722656,460.07000732421875,1200700
2020-04-22,416.8337707519531,481.0,487.8800048828125,475.5400085449219,484.32000732421875,842800
2020-04-23,408.34112548828125,471.20001220703125,484.760009765625,469.30999755859375,481.32000732421875,512300
2020-04-24,411.7555847167969,475.1400146484375,476.0299987792969,469.6400146484375,476.0299987792969,517600
2020-04-27,430.3960266113281,496.6499938964844,498.1499938964844,477.05999755859375,481.07000732421875,613900
2020-04-28,431.3665771484375,497.7699890136719,510.7900085449219,494.760009765625,508.07000732421875,655700
2020-04-29,443.1697082519531,511.3900146484375,516.0,500.5899963378906,510.6700134277344,638000
2020-04-30,435.0670471191406,502.0400085449219,507.94000244140625,497.80999755859375,501.239990234375,580300
2020-05-01,419.5722961425781,484.1600036621094,492.4700012207031,483.1499938964844,491.4200134277344,526300
2020-05-04,417.2757873535156,481.510009765625,483.7099914550781,473.1099853515625,479.0,634900
2020-05-05,420.7247619628906,485.489990234375,493.7300109863281,484.8800048828125,488.1099853515625,525900
2020-05-06,418.91357421875,483.3999938964844,491.70001220703125,476.6700134277344,489.7300109863281,520900
2020-05-07,431.0373229980469,497.3900146484375,502.80999755859375,493.3299865722656,494.8699951171875,537100
2020-05-08,432.2418212890625,498.7799987792969,506.0,496.6199951171875,505.5299987792969,450500
2020-05-11,427.3282775878906,493.1099853515625,497.17999267578125,488.6400146484375,492.2699890136719,699600
2020-05-12,393.81689453125,454.44000244140625,473.3399963378906,451.3500061035156,472.8299865722656,3499000
2020-05-13,420.99346923828125,485.79998779296875,491.7799987792969,456.5,459.989990234375,9666100
2020-05-14,431.7392578125,498.20001220703125,500.1400146484375,471.45001220703125,481.0,11804100
2020-05-15,445.19757080078125,513.72998046875,515.5900268554688,490.5199890136719,495.0,5957000
2020-05-18,447.537353515625,516.4299926757812,528.7899780273438,514.5900268554688,519.0,5587200
2020-05-19,434.3390197753906,501.20001220703125,515.5800170898438,498.8299865722656,512.4600219726562,2099700
2020-05-20,440.87322998046875,508.739990234375,513.0,503.4599914550781,509.55999755859375,1496400
2020-05-21,440.6738586425781,508.510009765625,509.6300048828125,504.1499938964844,508.0799865722656,1007600
2020-05-22,444.8248596191406,513.2999877929688,513.5700073242188,503.0,506.0,632700
2020-05-26,453.77685546875,523.6300048828125,530.1500244140625,521.4099731445312,525.0,1064300
2020-05-27,464.8433837890625,536.4000244140625,537.3499755859375,525.3300170898438,536.25,1182100
2020-05-28,465.22467041015625,536.8400268554688,550.0,535.010009765625,548.47998046875,1132800
2020-05-29,458.1184997558594,528.6400146484375,534.5,520.5499877929688,530.6900024414062,1159300
2020-06-01,466.42919921875,538.22998046875,543.1099853515625,526.72998046875,528.0,668000
2020-06-02,469.1243591308594,541.3400268554688,547.77001953125,538.4299926757812,544.4000244140625,846800
2020-06-03,474.64453125,547.7100219726562,551.9400024414062,542.8099975585938,550.0,1071500
2020-06-04,476.4853210449219,546.1900024414062,548.1400146484375,540.0,541.9299926757812,913400
2020-06-05,485.50567626953125,556.530029296875,562.0900268554688,551.6199951171875,558.0,1438000
2020-06-08,486.20367431640625,557.3300170898438,561.9199829101562,550.5499877929688,557.219970703125,1133400
2020-06-09,486.8403015136719,558.0599975585938,562.5,546.9500122070312,547.969970703125,851900
2020-06-10,486.8403015136719,558.0599975585938,567.5800170898438,555.6300048828125,559.4500122070312,779700
2020-06-11,458.1827087402344,525.2100219726562,548.6699829101562,521.1400146484375,544.0700073242188,1250800
2020-06-12,459.7792053222656,527.0399780273438,539.1300048828125,516.0999755859375,538.4000244140625,1065600
2020-06-15,473.7286071777344,543.030029296875,549.5900268554688,515.719970703125,518.22998046875,1242900
2020-06-16,480.1579895019531,550.4000244140625,558.9000244140625,539.3499755859375,558.9000244140625,826900
2020-06-17,484.37152099609375,555.22998046875,561.5,552.7999877929688,554.9600219726562,704600
2020-06-18,485.7149963378906,556.77001953125,558.3499755859375,548.530029296875,549.8699951171875,531800
2020-06-19,484.49371337890625,555.3699951171875,566.97998046875,546.8499755859375,566.97998046875,1875200
2020-06-22,482.60943603515625,553.2100219726562,558.5700073242188,548.5900268554688,550.77001953125,478600
2020-06-23,483.86572265625,554.6500244140625,561.989990234375,553.2100219726562,560.0,605900
2020-06-24,469.8377990722656,538.5700073242188,551.9000244140625,536.239990234375,548.6500244140625,868800
2020-06-25,477.1656799316406,546.969970703125,550.4000244140625,532.75,537.77001953125,713900
2020-06-26,466.5924072265625,534.8499755859375,544.4199829101562,528.6300048828125,542.1099853515625,1167800
2020-06-29,464.8651428222656,532.8699951171875,540.5700073242188,530.989990234375,540.0,774400
2020-06-30,474.6533508300781,544.0900268554688,545.97998046875,533.969970703125,533.969970703125,1067100
2020-07-01,474.85394287109375,544.3200073242188,546.47998046875,537.4600219726562,544.2899780273438,548600
2020-07-02,481.3531799316406,551.77001953125,560.5599975585938,548.6199951171875,555.47998046875,742000
2020-07-06,486.39556884765625,557.5499877929688,564.4000244140625,557.0900268554688,560.0,703100
2020-07-07,479.13720703125,549.22998046875,560.469970703125,549.1599731445312,553.3699951171875,557300
2020-07-08,486.4477844238281,557.6099853515625,559.9400024414062,549.489990234375,551.010009765625,435700
2020-07-09,479.32061767578125,549.4400024414062,557.469970703125,544.260009765625,554.4600219726562,462700
2020-07-10,483.3685302734375,554.0800170898438,555.9199829101562,546.780029296875,550.530029296875,489500
2020-07-13,482.04229736328125,552.5599975585938,565.22998046875,552.0,558.2000122070312,786400
2020-07-14,489.6932067871094,561.3300170898438,562.510009765625,551.4600219726562,552.760009765625,567300
2020-07-15,496.0266418457031,568.5900268554688,573.0,560.239990234375,572.280029296875,767600
2020-07-16,494.6045837402344,566.9600219726562,569.760009765625,563.1199951171875,565.2999877929688,729900
2020-07-17,512.7152099609375,587.719970703125,592.47998046875,572.6500244140625,578.3499755859375,1150200
2020-07-20,505.63153076171875,579.5999755859375,585.0,577.1300048828125,580.219970703125,706700
2020-07-21,505.98040771484375,580.0,584.75,578.2899780273438,584.75,523000
2020-07-22,508.1963195800781,582.5399780273438,586.6199951171875,577.97998046875,580.3300170898438,460500
2020-07-23,504.3665466308594,578.1500244140625,585.0499877929688,575.219970703125,580.3099975585938,453600
2020-07-24,497.7974853515625,570.6199951171875,578.0,567.6599731445312,578.0,421600
2020-07-27,501.9064636230469,575.3300170898438,578.280029296875,565.3499755859375,568.72998046875,618500
2020-07-28,497.86724853515625,570.7000122070312,574.1900024414062,569.0,572.9000244140625,488900
2020-07-29,503.8868103027344,577.5999755859375,580.2100219726562,569.75,569.75,724800
2020-07-30,499.952392578125,573.0900268554688,573.0900268554688,564.0,569.3099975585938,341200
2020-07-31,501.6272277832031,575.010009765625,575.3200073242188,566.6799926757812,572.3300170898438,375900
2020-08-03,505.9368591308594,579.9500122070312,583.5499877929688,577.3099975585938,579.3499755859375,496400
2020-08-04,498.1639404296875,571.0399780273438,575.6900024414062,567.9299926757812,573.6500244140625,513100
2020-08-05,507.8561096191406,582.1500244140625,584.9199829101562,573.22998046875,576.7100219726562,465800
2020-08-06,507.92584228515625,582.22998046875,583.3499755859375,575.0700073242188,579.9600219726562,455000
2020-08-07,513.1253051757812,588.1900024414062,588.3400268554688,579.4199829101562,582.6699829101562,469900
2020-08-10,506.15484619140625,580.2000122070312,587.1599731445312,579.6699829101562,586.2100219726562,465800
2020-08-11,511.7732238769531,586.6400146484375,596.510009765625,583.3300170898438,585.2999877929688,576800
2020-08-12,514.9136352539062,590.239990234375,605.719970703125,584.4000244140625,592.1400146484375,612200
2020-08-13,514.3204345703125,589.5599975585938,595.2999877929688,586.719970703125,586.719970703125,359700
2020-08-14,513.36083984375,588.4600219726562,592.4600219726562,584.0599975585938,588.6099853515625,316700
2020-08-17,516.4751586914062,592.030029296875,595.5399780273438,587.8900146484375,590.9299926757812,411100
2020-08-18,514.0150756835938,589.2100219726562,594.760009765625,588.7999877929688,591.0900268554688,456200
2020-08-19,514.4862060546875,589.75,595.5499877929688,588.7999877929688,592.3300170898438,418700
2020-08-20,508.91168212890625,583.3599853515625,588.260009765625,581.0399780273438,584.8800048828125,552400
2020-08-21,509.5047607421875,584.0399780273438,588.0,581.9299926757812,585.4099731445312,418400
2020-08-24,515.9691162109375,591.4500122070312,591.6900024414062,584.2899780273438,587.3800048828125,381600
2020-08-25,515.7075805664062,591.1500244140625,594.5999755859375,590.1199951171875,594.4500122070312,373300
2020-08-26,516.5362548828125,592.0999755859375,595.7000122070312,587.9000244140625,591.4600219726562,540200
2020-08-27,519.0487060546875,594.97998046875,598.9000244140625,591.989990234375,592.9400024414062,428900
2020-08-28,524.3526611328125,601.0599975585938,601.3099975585938,592.0900268554688,595.6099853515625,436000
2020-08-31,518.3594970703125,594.1900024414062,604.0800170898438,593.6699829101562,602.52001953125,581700
2020-09-01,520.1478881835938,596.239990234375,601.02001953125,593.1500244140625,594.739990234375,402800
2020-09-02,530.4070434570312,608.0,609.6900024414062,594.1900024414062,597.739990234375,684200
2020-09-03,508.2471618652344,579.1199951171875,605.4500122070312,573.7000122070312,604.1300048828125,739200
2020-09-04,495.5306091308594,564.6300048828125,584.0900268554688,557.8599853515625,581.8099975585938,822100
2020-09-08,484.9200439453125,552.5399780273438,560.77001953125,548.0,559.989990234375,837100
2020-09-09,491.6251525878906,560.1799926757812,564.0999755859375,555.3300170898438,561.6199951171875,830500
2020-09-10,476.8196105957031,543.3099975585938,561.9600219726562,541.2100219726562,561.6400146484375,891000
2020-09-11,474.9678649902344,541.2000122070312,547.4500122070312,537.8599853515625,544.47998046875,660900
2020-09-14,480.3915710449219,547.3800048828125,553.2100219726562,543.27001953125,545.0399780273438,631400
2020-09-15,481.0760498046875,548.1599731445312,553.4299926757812,547.280029296875,553.1099853515625,626400
2020-09-16,492.9854736328125,561.72998046875,566.8800048828125,548.7999877929688,551.8200073242188,1003900
2020-09-17,481.2952575683594,548.4099731445312,555.7999877929688,544.510009765625,554.9500122070312,1033500
2020-09-18,488.7640380859375,556.9199829101562,559.1599731445312,548.469970703125,548.469970703125,2989100
2020-09-21,484.9639892578125,552.5900268554688,556.760009765625,542.52001953125,548.6300048828125,659600
2020-09-22,483.3930358886719,550.7999877929688,556.5499877929688,544.530029296875,551.1500244140625,565600
2020-09-23,472.63330078125,538.5399780273438,552.8699951171875,538.0499877929688,550.3099975585938,511400
2020-09-24,469.5705261230469,535.0499877929688,542.1099853515625,531.8099975585938,537.280029296875,552800
2020-09-25,480.7690124511719,547.8099975585938,548.9000244140625,531.3900146484375,532.9500122070312,486400
2020-09-28,490.2823486328125,558.6500244140625,563.9400024414062,554.0,554.4400024414062,567000
2020-09-29,486.9034118652344,554.7999877929688,562.2000122070312,552.3699951171875,560.1599731445312,409700
2020-09-30,494.5827331542969,563.5499877929688,570.8900146484375,555.1099853515625,557.2000122070312,741100
2020-10-01,498.4091491699219,567.9099731445312,578.239990234375,566.1699829101562,576.8400268554688,551300
2020-10-02,500.3488464355469,570.1199951171875,574.6699829101562,559.1799926757812,560.5399780273438,523400
2020-10-05,509.8796691894531,580.97998046875,581.52001953125,573.0,574.7000122070312,435300
2020-10-06,509.2214660644531,580.22998046875,590.5999755859375,578.1300048828125,580.97998046875,704300
2020-10-07,519.5948486328125,592.0499877929688,592.7899780273438,584.3200073242188,584.3200073242188,573500
2020-10-08,530.4686279296875,604.4400024414062,606.2100219726562,594.3400268554688,595.3599853515625,538100
2020-10-09,536.7259521484375,611.5700073242188,614.2999877929688,606.5800170898438,610.5999755859375,525100
2020-10-12,539.6396484375,614.8900146484375,620.6599731445312,613.6599731445312,615.3699951171875,644700
2020-10-13,560.7640380859375,638.9600219726562,646.2899780273438,626.1599731445312,634.1699829101562,1154900
2020-10-14,561.5451049804688,639.8499755859375,643.4600219726562,634.0499877929688,641.8300170898438,694200
2020-10-15,567.1531372070312,646.239990234375,648.9000244140625,632.6400146484375,634.0900268554688,792700
2020-10-16,576.9296875,657.3800048828125,659.5700073242188,648.0,652.0399780273438,765500
2020-10-19,557.192138671875,634.8900146484375,666.6400146484375,633.030029296875,658.25,775700
2020-10-20,566.1262817382812,645.0700073242188,650.97998046875,636.6199951171875,636.6199951171875,473500
2020-10-21,557.27978515625,634.989990234375,653.719970703125,634.8200073242188,646.5800170898438,452600
2020-10-22,557.446533203125,635.1799926757812,637.8300170898438,629.8200073242188,635.0,483300
2020-10-23,559.3158569335938,637.3099975585938,639.1599731445312,633.510009765625,637.8699951171875,494200
2020-10-26,546.04638671875,622.1900024414062,631.5900268554688,615.8300170898438,630.0,686100
2020-10-27,539.3237915039062,614.530029296875,624.5800170898438,613.469970703125,620.3200073242188,349800
2020-10-28,527.1950073242188,600.7100219726562,606.4500122070312,596.260009765625,602.6900024414062,645600
2020-10-29,528.6167602539062,602.3300170898438,606.5900268554688,590.260009765625,600.2100219726562,447400
2020-10-30,525.8786010742188,599.2100219726562,600.8699951171875,587.9000244140625,597.5800170898438,530400
2020-11-02,539.6221923828125,614.8699951171875,618.3499755859375,606.4500122070312,608.9600219726562,462400
2020-11-03,552.2511596679688,629.260009765625,633.3400268554688,619.0,620.9000244140625,560400
2020-11-04,571.8571166992188,651.5999755859375,657.97998046875,627.8099975585938,628.2899780273438,811700
2020-11-05,586.4168701171875,668.1900024414062,672.0,659.780029296875,661.02001953125,714400
2020-11-06,574.7533569335938,654.9000244140625,668.0,654.1900024414062,666.0599975585938,493900
2020-11-09,584.5125122070312,666.02001953125,692.72998046875,663.1799926757812,685.1199951171875,870000
2020-11-10,579.755615234375,660.5999755859375,666.5399780273438,645.1199951171875,661.0700073242188,758000
2020-11-11,588.549560546875,670.6199951171875,675.75,667.030029296875,670.7899780273438,455800
2020-11-12,579.044921875,659.7899780273438,668.6699829101562,654.8699951171875,665.760009765625,501700
2020-11-13,587.803466796875,669.77001953125,671.0999755859375,658.2899780273438,660.0,664100
2020-11-16,593.6482543945312,676.4299926757812,682.5,669.27001953125,682.5,607600
2020-11-17,585.8025512695312,667.489990234375,676.4600219726562,664.510009765625,676.4600219726562,768900
2020-11-18,587.9088745117188,669.8900146484375,676.6500244140625,668.9500122070312,670.7999877929688,509000
2020-11-19,591.0595092773438,673.47998046875,675.3400268554688,663.239990234375,665.969970703125,471200
2020-11-20,590.3837280273438,672.7100219726562,675.75,669.0,674.02001953125,396200
2020-11-23,599.3002319335938,682.8699951171875,689.0,673.8400268554688,676.8800048828125,505400
2020-11-24,613.7196044921875,699.2999877929688,700.6599731445312,686.5,694.6699829101562,652000
2020-11-25,617.5023193359375,703.6099853515625,704.260009765625,696.4199829101562,698.1199951171875,401200
2020-11-27,627.5949096679688,715.1099853515625,718.8499755859375,705.1400146484375,706.75,313400
2020-11-30,612.8858642578125,698.3499755859375,713.1900024414062,697.72998046875,710.3099975585938,888400
2020-12-01,627.699951171875,715.22998046875,720.510009765625,705.2000122070312,709.6699829101562,549500
2020-12-02,630.447021484375,718.3599853515625,718.8099975585938,708.97998046875,715.0,484100
2020-12-03,631.0555419921875,715.4199829101562,721.8200073242188,711.760009765625,718.3599853515625,604400
2020-12-04,620.5147705078125,703.469970703125,720.2899780273438,696.5499877929688,713.4199829101562,816100
2020-12-07,625.8248291015625,709.489990234375,709.5800170898438,699.030029296875,702.7000122070312,680600
2020-12-08,629.7324829101562,713.9199829101562,718.5499877929688,703.47998046875,706.7899780273438,598200
2020-12-09,618.9358520507812,701.6799926757812,716.1500244140625,696.8400268554688,715.8400268554688,489400
2020-12-10,616.0513916015625,698.4099731445312,702.739990234375,694.25,699.5900268554688,438600
2020-12-11,613.219970703125,695.2000122070312,697.030029296875,689.4500122070312,692.2999877929688,488100
2020-12-14,603.2701416015625,683.9199829101562,700.5499877929688,683.4600219726562,700.530029296875,658500
2020-12-15,615.8485717773438,698.1799926757812,704.1300048828125,690.3300170898438,691.52001953125,617300
2020-12-16,616.0161743164062,698.3699951171875,708.7999877929688,693.5499877929688,704.0,849400
2020-12-17,622.7554321289062,706.010009765625,709.6799926757812,699.2899780273438,703.0,832200
2020-12-18,616.3954467773438,698.7999877929688,706.5999755859375,691.5,705.1500244140625,1610700
2020-12-21,616.421875,698.8300170898438,703.52001953125,689.1699829101562,694.0,631800
2020-12-22,611.7382202148438,693.52001953125,703.6599731445312,691.75,700.0,596900
2020-12-23,620.6648559570312,703.6400146484375,708.1699829101562,696.2100219726562,702.0,752600
2020-12-24,623.7871704101562,707.1799926757812,710.8400268554688,703.3599853515625,703.3599853515625,173300
2020-12-28,626.4334716796875,710.1799926757812,715.1199951171875,709.0700073242188,714.5900268554688,272300
2020-12-29,622.9935302734375,706.280029296875,715.3200073242188,705.6099853515625,713.739990234375,318400
2020-12-30,625.3399047851562,708.9400024414062,716.9400024414062,708.0,713.2999877929688,355300
2020-12-31,636.4539184570312,721.5399780273438,722.4199829101562,706.9199829101562,707.47998046875,361500
2021-01-04,626.9981079101562,710.8200073242188,730.5999755859375,702.0399780273438,730.5999755859375,623600
2021-01-05,630.3146362304688,714.5800170898438,717.2100219726562,705.260009765625,708.8099975585938,431400
2021-01-06,648.29150390625,734.9600219726562,744.7899780273438,716.0999755859375,718.760009765625,730700
2021-01-07,661.9284057617188,750.4199829101562,753.27001953125,743.010009765625,748.3400268554688,656000
2021-01-08,667.2472534179688,756.4500122070312,759.3699951171875,747.4199829101562,757.1500244140625,622900
2021-01-11,676.2708129882812,766.6799926757812,770.4000244140625,750.510009765625,752.8200073242188,614400
2021-01-12,686.0267944335938,777.739990234375,779.3099975585938,763.5,763.510009765625,675900
2021-01-13,687.7996215820312,779.75,788.0,776.6099853515625,778.7000122070312,848600
2021-01-14,655.8242797851562,743.5,765.8599853515625,739.0599975585938,750.0,1642900
2021-01-15,641.9403686523438,727.760009765625,754.4400024414062,724.0,742.1799926757812,1174500
2021-01-19,647.135986328125,733.6500244140625,744.4199829101562,729.02001953125,737.719970703125,852400
2021-01-20,654.0955200195312,741.5399780273438,742.4199829101562,729.1500244140625,738.7100219726562,747600
2021-01-21,654.6776733398438,742.2000122070312,745.77001953125,737.0,744.7100219726562,639600
2021-01-22,648.3707275390625,735.0499877929688,743.72998046875,730.8200073242188,739.9000244140625,565700
2021-01-25,637.72412109375,722.97998046875,735.77001953125,713.6300048828125,730.8200073242188,806400
2021-01-26,636.7274169921875,721.8499755859375,733.9000244140625,720.0399780273438,726.989990234375,827900
2021-01-27,615.5045776367188,697.7899780273438,713.989990234375,685.6900024414062,713.2000122070312,1104400
2021-01-28,635.0161743164062,719.9099731445312,731.02001953125,699.4299926757812,701.5,822400
2021-01-29,618.5653686523438,701.260009765625,717.0800170898438,698.6199951171875,715.3599853515625,801100
2021-02-01,629.0709838867188,713.1699829101562,713.9500122070312,701.27001953125,708.0,483100
2021-02-02,643.4752197265625,729.5,733.3200073242188,719.3699951171875,719.3699951171875,879300
2021-02-03,638.6943359375,724.0800170898438,727.4400024414062,716.5499877929688,720.0,685300
2021-02-04,646.0774536132812,732.4500122070312,737.6599731445312,724.2999877929688,724.2999877929688,636400
2021-02-05,640.67919921875,726.3300170898438,737.47998046875,725.1199951171875,734.1900024414062,474900
2021-02-08,640.7849731445312,726.4500122070312,731.739990234375,720.6500244140625,730.6799926757812,532900
2021-02-09,642.8578491210938,728.7999877929688,731.3099975585938,719.3499755859375,727.75,451000
2021-02-10,637.8916625976562,723.1699829101562,732.969970703125,721.0,732.4099731445312,663100
2021-02-11,636.3568115234375,721.4299926757812,729.7100219726562,716.8699951171875,729.6199951171875,803900
2021-02-12,637.72412109375,722.97998046875,731.5,712.6900024414062,715.3499755859375,862800
2021-02-16,644.189697265625,730.3099975585938,737.719970703125,726.9199829101562,728.6699829101562,571400
2021-02-17,636.3215942382812,721.3900146484375,728.7000122070312,718.469970703125,725.97998046875,567100
2021-02-18,620.5677490234375,703.530029296875,717.1199951171875,696.47998046875,716.4299926757812,1078700
2021-02-19,626.3717651367188,710.1099853515625,716.5800170898438,706.5,707.4199829101562,804200
2021-02-22,620.2238159179688,703.1400146484375,705.97998046875,697.27001953125,705.3800048828125,829900
2021-02-23,620.2413940429688,703.1599731445312,705.6699829101562,688.3099975585938,700.510009765625,926300
2021-02-24,628.1270141601562,712.0999755859375,713.22998046875,700.3900146484375,704.5,583200
2021-02-25,612.8584594726562,694.7899780273438,714.5,692.1500244140625,714.22998046875,591000
2021-02-26,612.6024169921875,694.5,701.02001953125,689.280029296875,697.7899780273438,768500
2021-03-01,634.3899536132812,719.2000122070312,721.969970703125,705.2100219726562,706.8200073242188,652800
2021-03-02,631.8406372070312,716.3099975585938,723.5999755859375,713.6099853515625,719.72998046875,455100
2021-03-03,618.768310546875,701.489990234375,721.3800048828125,701.2999877929688,718.5399780273438,703000
2021-03-04,606.2129516601562,683.2100219726562,698.8599853515625,676.4199829101562,693.4000244140625,915400
2021-03-05,623.1337890625,702.280029296875,704.030029296875,670.280029296875,691.9000244140625,698500
2021-03-08,620.1880493164062,698.9600219726562,712.1699829101562,696.8400268554688,699.5599975585938,649800
2021-03-09,640.6314086914062,722.0,725.239990234375,703.9000244140625,707.97998046875,959700
2021-03-10,646.3988037109375,728.5,733.5900268554688,724.2000122070312,726.6900024414062,823300
2021-03-11,640.7378540039062,722.1199951171875,733.6900024414062,719.3300170898438,732.47998046875,751600
2021-03-12,635.4761352539062,716.1900024414062,722.6199951171875,712.5,719.280029296875,528700
2021-03-15,637.9781494140625,719.010009765625,720.7100219726562,707.27001953125,720.7100219726562,526800
2021-03-16,641.5806884765625,723.0700073242188,727.3900146484375,715.760009765625,721.9400024414062,562200
2021-03-17,646.1502685546875,728.219970703125,730.4000244140625,719.9099731445312,721.3499755859375,463600
2021-03-18,642.1663818359375,723.72998046875,739.9500122070312,722.4600219726562,728.989990234375,640100
2021-03-19,647.4104614257812,729.6400146484375,740.6500244140625,713.510009765625,720.260009765625,1452200
2021-03-22,648.5462646484375,730.9199829101562,736.1900024414062,725.5700073242188,729.6400146484375,524700
2021-03-23,635.8133544921875,716.5700073242188,729.780029296875,714.1699829101562,729.780029296875,556700
2021-03-24,641.296875,722.75,731.2000122070312,721.0999755859375,721.0999755859375,544700
2021-03-25,645.511474609375,727.5,728.6799926757812,712.27001953125,723.5499877929688,462800
2021-03-26,671.5980834960938,756.9000244140625,758.219970703125,731.3200073242188,731.3200073242188,803700
2021-03-29,672.449951171875,757.8599853515625,761.8499755859375,744.9299926757812,746.5800170898438,581700
2021-03-30,664.8192138671875,749.260009765625,763.4199829101562,746.9600219726562,755.0599975585938,598800
2021-03-31,668.9895629882812,753.9600219726562,762.25,748.8499755859375,749.969970703125,638100
2021-04-01,680.4091186523438,766.8300170898438,767.1900024414062,757.5999755859375,759.780029296875,549200
2021-04-05,695.6618041992188,784.02001953125,787.760009765625,771.8300170898438,772.4500122070312,593500
2021-04-06,693.612060546875,781.7100219726562,786.47998046875,778.72998046875,786.47998046875,492300
2021-04-07,699.1931762695312,788.0,790.219970703125,781.0,783.3200073242188,477100
2021-04-08,710.3732299804688,800.5999755859375,802.010009765625,789.0900268554688,791.0,558500
2021-04-09,717.2496948242188,808.3499755859375,810.6199951171875,799.5900268554688,802.6799926757812,484200
2021-04-12,716.921630859375,807.97998046875,809.6699829101562,801.510009765625,804.6099853515625,482800
2021-04-13,712.0502319335938,802.489990234375,806.6300048828125,799.530029296875,804.7000122070312,376200
2021-04-14,710.790283203125,801.0700073242188,811.3800048828125,798.1400146484375,799.530029296875,552900
2021-04-15,725.67041015625,817.8400268554688,827.8499755859375,810.0,812.1900024414062,766900
2021-04-16,720.0006713867188,811.4500122070312,825.52001953125,805.52001953125,823.8200073242188,774600
2021-04-19,719.6809692382812,811.0900268554688,815.5,806.4299926757812,811.0599975585938,491100
2021-04-20,714.241943359375,804.9600219726562,813.4500122070312,800.8400268554688,807.260009765625,525200
2021-04-21,720.0714721679688,811.530029296875,812.3900146484375,799.5900268554688,802.9600219726562,388500
2021-04-22,705.6881713867188,795.3200073242188,811.010009765625,793.530029296875,811.010009765625,520000
2021-04-23,721.5264282226562,813.1699829101562,816.9099731445312,795.8900146484375,798.4299926757812,489800
2021-04-26,726.0962524414062,818.3200073242188,822.280029296875,814.02001953125,814.52001953125,478200
2021-04-27,728.0394897460938,820.510009765625,822.6900024414062,812.6799926757812,817.7000122070312,328200
2021-04-28,724.2861328125,816.280029296875,821.02001953125,815.2999877929688,819.8699951171875,335300
2021-04-29,734.081787109375,827.3200073242188,829.510009765625,817.0700073242188,824.2999877929688,455200
2021-04-30,726.9657592773438,819.2999877929688,822.8300170898438,813.780029296875,821.780029296875,451200
2021-05-03,732.5735473632812,825.6199951171875,832.4000244140625,821.0499877929688,825.0,490100
2021-05-04,742.1653442382812,836.4299926757812,837.1599731445312,819.0,822.25,557900
2021-05-05,755.10205078125,851.010009765625,852.1199951171875,838.969970703125,840.1500244140625,569900
2021-05-06,769.3787231445312,867.0999755859375,867.3900146484375,849.0900268554688,851.3599853515625,666600
2021-05-07,775.3504638671875,873.8300170898438,877.0599975585938,858.2000122070312,860.4400024414062,474200
2021-05-10,760.8163452148438,857.4500122070312,880.7999877929688,857.4199829101562,875.4400024414062,566400
2021-05-11,748.9708251953125,844.0999755859375,855.3099975585938,835.0,848.27001953125,671900
2021-05-12,730.6924438476562,823.5,849.97998046875,819.9400024414062,839.7899780273438,649700
2021-05-13,744.436767578125,838.989990234375,845.2100219726562,822.0999755859375,823.5,554700
2021-05-14,760.3016967773438,856.8699951171875,860.8400268554688,845.4000244140625,848.6500244140625,481500
2021-05-17,753.7269287109375,849.4600219726562,860.1500244140625,846.0900268554688,856.9000244140625,347600
2021-05-18,745.4570922851562,840.1400146484375,855.7999877929688,839.5800170898438,852.8200073242188,373700
2021-05-19,744.0196533203125,838.52001953125,838.969970703125,821.02001953125,828.0800170898438,632900
2021-05-20,749.6629028320312,844.8800048828125,851.5700073242188,836.6500244140625,841.5499877929688,360800
2021-05-21,763.7620849609375,860.77001953125,864.8499755859375,848.52001953125,848.52001953125,692800
2021-05-24,774.0458984375,872.3599853515625,877.0900268554688,866.1699829101562,866.4500122070312,566800
2021-05-25,775.7406005859375,874.27001953125,881.2999877929688,871.4600219726562,877.0999755859375,625600
2021-05-26,777.9234619140625,876.72998046875,888.2899780273438,870.3300170898438,883.4299926757812,616200
2021-05-27,777.6572265625,876.4299926757812,884.4500122070312,875.1699829101562,878.739990234375,704600
2021-05-28,778.198486328125,877.0399780273438,880.0,874.5399780273438,879.239990234375,435400
2021-06-01,778.0830688476562,876.9099731445312,889.989990234375,876.010009765625,887.9000244140625,407400
2021-06-02,787.40869140625,887.4199829101562,887.9500122070312,876.8099975585938,878.47998046875,543400
2021-06-03,785.376220703125,881.010009765625,888.4000244140625,873.4000244140625,880.0,430800
2021-06-04,790.5822143554688,886.8499755859375,887.0,877.8400268554688,883.9099731445312,647000
2021-06-07,788.8975219726562,884.9600219726562,890.0,879.469970703125,888.6599731445312,400300
2021-06-08,788.5051879882812,884.52001953125,886.530029296875,878.0900268554688,884.2999877929688,303300
2021-06-09,776.3992919921875,870.9400024414062,886.4600219726562,869.8400268554688,885.5,463100
2021-06-10,773.2791137695312,867.4400024414062,880.530029296875,867.3400268554688,879.739990234375,423300
2021-06-11,785.064208984375,880.6599731445312,880.9299926757812,873.0,874.6799926757812,444000
2021-06-14,781.6054077148438,876.780029296875,881.7000122070312,873.52001953125,881.0,363700
2021-06-15,785.376220703125,881.010009765625,884.8900146484375,872.0399780273438,878.6500244140625,442600
2021-06-16,774.98193359375,869.3499755859375,880.0,862.9199829101562,880.0,595600
2021-06-17,774.50927734375,868.8200073242188,874.1599731445312,861.239990234375,870.0,569900
2021-06-18,749.51318359375,840.780029296875,856.8699951171875,839.010009765625,850.9199829101562,1059000
2021-06-21,767.7701416015625,861.260009765625,862.2999877929688,846.969970703125,849.0,575800
2021-06-22,770.89013671875,864.760009765625,869.4299926757812,856.75,861.5599975585938,668500
2021-06-23,771.4784545898438,865.4199829101562,868.7000122070312,863.469970703125,866.47998046875,566400
2021-06-24,773.190185546875,867.3400268554688,873.97998046875,861.0499877929688,872.4500122070312,662000
2021-06-25,779.15380859375,874.030029296875,877.25,868.6599731445312,871.7999877929688,742100
2021-06-28,783.3526000976562,878.739990234375,880.6799926757812,868.02001953125,875.969970703125,373700
2021-06-29,778.708251953125,873.530029296875,886.989990234375,871.3099975585938,880.9299926757812,742800
2021-06-30,779.991943359375,874.969970703125,877.1599731445312,869.4600219726562,871.0,575600
2021-07-01,783.7894287109375,879.22998046875,879.75,872.1900024414062,877.0700073242188,426300
2021-07-02,796.6263427734375,893.6300048828125,894.8900146484375,880.8400268554688,882.02001953125,430300
2021-07-06,795.7794799804688,892.6799926757812,895.6599731445312,886.030029296875,895.0,527400
2021-07-07,803.1427612304688,900.9400024414062,902.719970703125,889.9299926757812,889.9299926757812,468500
2021-07-08,781.3558959960938,876.5,888.6799926757812,872.72998046875,888.6799926757812,629800
2021-07-09,803.47265625,901.3099975585938,901.9000244140625,888.7100219726562,890.530029296875,764400
2021-07-12,816.49658203125,915.9199829101562,920.3099975585938,899.5700073242188,901.3099975585938,861900
2021-07-13,809.498779296875,908.0700073242188,918.0,905.0700073242188,918.0,590200
2021-07-14,784.7611083984375,880.3200073242188,893.989990234375,869.989990234375,885.030029296875,993900
2021-07-15,784.475830078125,880.0,889.469970703125,875.280029296875,876.1199951171875,620000
2021-07-16,780.036376953125,875.02001953125,883.1599731445312,873.0,882.9000244140625,983100
2021-07-19,753.4177856445312,845.1599731445312,863.5900268554688,839.6900024414062,857.6400146484375,946300
2021-07-20,783.4417724609375,878.8400268554688,881.3099975585938,845.0,847.469970703125,899800
2021-07-21,786.8648681640625,882.6799926757812,892.6199951171875,882.2000122070312,882.9000244140625,445500
2021-07-22,772.76220703125,866.8599853515625,884.969970703125,866.27001953125,883.780029296875,601000
2021-07-23,774.625244140625,868.9500122070312,878.0800170898438,867.7899780273438,871.3300170898438,528500
2021-07-26,776.8895263671875,871.489990234375,875.739990234375,866.9400024414062,867.72998046875,414400
2021-07-27,768.3226928710938,861.8800048828125,869.780029296875,857.8200073242188,865.6300048828125,476100
2021-07-28,767.2797241210938,860.7100219726562,864.1699829101562,854.1199951171875,861.6199951171875,389200
2021-07-29,775.017578125,869.3900146484375,872.3599853515625,856.760009765625,866.1400146484375,335200
2021-07-30,773.03857421875,867.1699829101562,875.2100219726562,863.989990234375,868.25,503700
2021-08-02,778.4674682617188,873.260009765625,881.5700073242188,871.4500122070312,873.2999877929688,386100
2021-08-03,784.6630249023438,880.2100219726562,881.72998046875,867.6699829101562,877.7899780273438,391600
2021-08-04,786.2676391601562,882.010009765625,888.5499877929688,876.0999755859375,878.8900146484375,390700
2021-08-05,792.7484130859375,889.280029296875,893.1099853515625,885.7000122070312,885.7000122070312,349400
2021-08-06,798.8192138671875,896.0900268554688,900.0,887.5900268554688,890.0,472000
2021-08-09,804.06103515625,901.969970703125,905.5900268554688,889.969970703125,897.989990234375,347000
2021-08-10,813.5014038085938,912.5599975585938,916.9199829101562,901.0599975585938,901.9600219726562,382600
2021-08-11,817.539794921875,917.0900268554688,922.3400268554688,914.3499755859375,917.5999755859375,349200
2021-08-12,818.8324584960938,918.5399780273438,920.0,913.719970703125,914.530029296875,299100
2021-08-13,817.3346557617188,916.8599853515625,920.47998046875,912.510009765625,916.0999755859375,292700
2021-08-16,824.4929809570312,924.8900146484375,924.969970703125,907.010009765625,915.8400268554688,320600
2021-08-17,810.880615234375,909.6199951171875,921.4400024414062,901.0999755859375,917.760009765625,381700
2021-08-18,804.007568359375,901.9099731445312,913.1300048828125,901.6699829101562,904.4199829101562,384000
2021-08-19,805.6744995117188,903.780029296875,908.7899780273438,888.5,892.6099853515625,427500
2021-08-20,817.6110229492188,917.1699829101562,922.5999755859375,903.5999755859375,905.8900146484375,384700
2021-08-23,827.140625,927.8599853515625,933.9299926757812,922.5599975585938,922.9500122070312,351300
2021-08-24,828.326171875,929.1900024414062,933.6799926757812,924.7899780273438,929.0,288500
2021-08-25,837.5350341796875,939.52001953125,945.8599853515625,930.2899780273438,933.5499877929688,329900
2021-08-26,834.2900390625,935.8800048828125,942.5999755859375,934.1699829101562,942.4099731445312,272300
2021-08-27,851.2810668945312,954.9400024414062,955.1300048828125,938.7999877929688,938.7999877929688,454600
2021-08-30,845.165771484375,948.0800170898438,959.8900146484375,947.5800170898438,959.3099975585938,284000
2021-08-31,840.8956909179688,943.2899780273438,953.239990234375,940.0499877929688,950.1400146484375,595000
2021-09-01,841.3681030273438,943.8200073242188,947.489990234375,937.010009765625,945.0,324200
2021-09-02,847.4744873046875,950.6699829101562,954.8499755859375,946.0999755859375,949.3699951171875,349400
2021-09-03,839.1838989257812,937.280029296875,949.3400268554688,934.1199951171875,944.7000122070312,418700
2021-09-07,828.0367431640625,924.8300170898438,935.5,918.5800170898438,933.2899780273438,357500
2021-09-08,827.5979614257812,924.3400268554688,929.8800048828125,918.6199951171875,926.3099975585938,258500
2021-09-09,825.62841796875,922.1400146484375,934.97998046875,918.6199951171875,923.2999877929688,478300
2021-09-10,820.6860961914062,916.6199951171875,929.5700073242188,915.02001953125,929.1699829101562,332200
2021-09-13,820.36376953125,916.260009765625,924.2000122070312,906.0,923.25,422800
2021-09-14,807.5514526367188,901.9500122070312,916.8800048828125,897.239990234375,916.0,574200
2021-09-15,814.445556640625,909.6500244140625,913.8699951171875,900.0,902.0,494600
2021-09-16,797.2459716796875,890.4400024414062,909.4199829101562,884.1099853515625,908.1300048828125,726600
2021-09-17,784.8815307617188,876.6300048828125,887.5599975585938,868.8099975585938,878.010009765625,1272100
2021-09-20,767.5476684570312,857.27001953125,857.6300048828125,841.260009765625,853.0800170898438,767800
2021-09-21,756.7767333984375,845.239990234375,863.5399780273438,839.280029296875,861.739990234375,596700
2021-09-22,761.9786376953125,851.0499877929688,858.97998046875,847.8099975585938,856.4500122070312,544100
2021-09-23,784.4695434570312,876.1699829101562,881.3300170898438,860.8900146484375,861.0,526000
2021-09-24,783.0817260742188,874.6199951171875,876.5999755859375,866.9600219726562,870.0,322500
2021-09-27,783.8428344726562,875.469970703125,875.6699829101562,868.02001953125,873.0,416800
2021-09-28,770.502197265625,860.5700073242188,873.760009765625,855.4600219726562,870.6099853515625,642500
2021-09-29,766.9208984375,856.5700073242188,864.1599731445312,855.8900146484375,861.5900268554688,547200
2021-09-30,750.8853759765625,838.6599731445312,862.6599731445312,838.1599731445312,862.1599731445312,562700
2021-10-01,753.7774047851562,841.8900146484375,849.719970703125,823.489990234375,843.2000122070312,477400
2021-10-04,739.1563720703125,825.5599975585938,844.0399780273438,818.72998046875,837.1199951171875,596000
2021-10-05,750.9927368164062,838.780029296875,843.8400268554688,822.9099731445312,829.1400146484375,445200
2021-10-06,749.8914794921875,837.5499877929688,837.8099975585938,820.9600219726562,828.9199829101562,472500
2021-10-07,754.1891479492188,842.3499755859375,855.0599975585938,841.4600219726562,845.52001953125,434000
2021-10-08,756.0245971679688,844.4000244140625,846.6599731445312,836.5800170898438,839.9600219726562,350300
2021-10-11,751.8433837890625,839.72998046875,860.6099853515625,838.6300048828125,841.0800170898438,531600
2021-10-12,748.6737670898438,836.1900024414062,843.3900146484375,831.5599975585938,843.3900146484375,823300
2021-10-13,776.9844970703125,867.8099975585938,877.1300048828125,852.010009765625,862.0,1453900
2021-10-14,799.0993041992188,892.510009765625,896.719970703125,867.25,882.0,802800
2021-10-15,812.3057250976562,907.260009765625,915.22998046875,894.030029296875,904.6099853515625,1023000
2021-10-18,802.5017700195312,896.3099975585938,907.1699829101562,894.510009765625,902.0,541000
2021-10-19,807.2826538085938,901.6500244140625,904.6400146484375,894.8300170898438,899.3200073242188,408400
2021-10-20,808.4288940429688,902.9299926757812,905.8099975585938,897.0599975585938,905.25,380500
2021-10-21,809.1360473632812,903.719970703125,909.8499755859375,900.9000244140625,902.9299926757812,333100
2021-10-22,819.2086791992188,914.969970703125,916.0599975585938,900.010009765625,904.7999877929688,372100
2021-10-25,827.9561767578125,924.739990234375,931.9299926757812,912.02001953125,918.5399780273438,452400
2021-10-26,834.0803833007812,931.5800170898438,938.9299926757812,928.3499755859375,933.5399780273438,377800
2021-10-27,821.26806640625,917.27001953125,939.3499755859375,916.5900268554688,930.1900024414062,452800
2021-10-28,837.572021484375,935.47998046875,935.8300170898438,916.239990234375,916.239990234375,352200
2021-10-29,844.717041015625,943.4600219726562,947.8599853515625,930.5599975585938,930.97998046875,484700
2021-11-01,838.2435913085938,936.22998046875,949.3800048828125,929.6799926757812,947.1900024414062,399200
2021-11-02,848.6475219726562,947.8499755859375,950.9199829101562,932.3499755859375,935.5499877929688,381700
2021-11-03,852.0946044921875,951.7000122070312,953.75,944.2999877929688,952.1699829101562,387200
2021-11-04,854.1896362304688,954.0399780273438,964.0900268554688,947.1099853515625,955.9099731445312,351000
2021-11-05,855.1475219726562,955.1099853515625,967.9400024414062,951.3599853515625,962.3099975585938,340100
2021-11-08,864.781494140625,965.8699951171875,966.8300170898438,957.510009765625,960.0,372400
2021-11-09,865.5694580078125,966.75,971.780029296875,952.9000244140625,962.719970703125,394100
2021-11-10,858.818603515625,959.2100219726562,963.1599731445312,951.260009765625,962.0,340400
2021-11-11,864.5396728515625,965.5999755859375,969.3200073242188,958.010009765625,958.760009765625,266900
2021-11-12,869.813232421875,971.489990234375,973.1599731445312,962.3099975585938,971.52001953125,387500
2021-11-15,853.4732666015625,953.239990234375,971.5,951.010009765625,971.010009765625,678600
2021-11-16,849.6323852539062,948.9500122070312,956.6300048828125,941.22998046875,953.239990234375,472100
2021-11-17,834.0444946289062,931.5399780273438,946.3400268554688,922.1599731445312,944.4500122070312,677300
2021-11-18,826.1923828125,922.77001953125,940.530029296875,918.72998046875,934.8800048828125,681600
2021-11-19,819.1907348632812,914.9500122070312,925.489990234375,910.030029296875,922.4000244140625,738700
2021-11-22,823.1124267578125,919.3300170898438,929.9099731445312,912.969970703125,920.0,520600
2021-11-23,837.52734375,935.4299926757812,936.6599731445312,918.260009765625,922.27001953125,686100
2021-11-24,833.310302734375,930.719970703125,939.4199829101562,925.0900268554688,932.3200073242188,438900
2021-11-26,807.273681640625,901.6400146484375,914.0599975585938,896.8499755859375,902.77001953125,543200
2021-11-29,830.8750610351562,928.0,934.760009765625,905.8200073242188,914.780029296875,610600
2021-11-30,809.9329223632812,904.6099853515625,924.989990234375,902.02001953125,919.6099853515625,1057500
2021-12-01,806.1010131835938,900.3300170898438,929.4400024414062,899.780029296875,921.5,707900
2021-12-02,822.6827392578125,918.8499755859375,924.0599975585938,901.1599731445312,901.510009765625,630700
2021-12-03,805.4205932617188,899.5700073242188,924.0,887.780029296875,923.0999755859375,641300
2021-12-06,806.5538940429688,896.7000122070312,905.9500122070312,890.4199829101562,901.22998046875,442800
2021-12-07,828.3389282226562,920.9199829101562,924.47998046875,908.530029296875,911.7000122070312,616200
2021-12-08,830.9833984375,923.8599853515625,932.1599731445312,914.9400024414062,928.47998046875,413500
2021-12-09,826.6839599609375,919.0800170898438,926.9299926757812,914.6900024414062,918.8900146484375,376600
2021-12-10,832.1527099609375,925.1599731445312,929.2000122070312,919.47998046875,925.9199829101562,453500
2021-12-13,825.40673828125,917.6599731445312,925.5,914.1400146484375,924.010009765625,463300
2021-12-14,811.6629028320312,902.3800048828125,915.4600219726562,893.0399780273438,910.0,828900
2021-12-15,822.9330444335938,914.9099731445312,915.22998046875,891.0499877929688,905.75,465900
2021-12-16,828.9056396484375,921.5499877929688,933.0599975585938,916.3699951171875,925.4600219726562,474000
2021-12-17,821.727783203125,913.5700073242188,923.97998046875,903.4000244140625,917.72998046875,724700
2021-12-20,807.0844116210938,897.2899780273438,900.9099731445312,884.3300170898438,899.9000244140625,549500
2021-12-21,819.2994384765625,910.8699951171875,914.1900024414062,900.25,904.9099731445312,381500
2021-12-22,819.9020385742188,911.5399780273438,918.27001953125,908.02001953125,911.5599975585938,350300
2021-12-23,822.042724609375,913.9199829101562,923.3400268554688,912.0900268554688,913.780029296875,416300
2021-12-27,829.8230590820312,922.5700073242188,923.1300048828125,912.0,918.7999877929688,410900
2021-12-28,829.1485595703125,921.8200073242188,929.0599975585938,921.1300048828125,923.780029296875,385200
2021-12-29,818.2650146484375,909.719970703125,922.9600219726562,907.6799926757812,921.27001953125,392000
2021-12-30,821.8988037109375,913.760009765625,918.0599975585938,906.469970703125,911.719970703125,315900
2021-12-31,823.517822265625,915.5599975585938,919.8200073242188,913.5,915.3400268554688,215100
2022-01-03,820.0726928710938,911.72998046875,922.0700073242188,905.4299926757812,918.3400268554688,470800
2022-01-04,825.010986328125,917.219970703125,927.47998046875,916.5599975585938,917.719970703125,495800
2022-01-05,802.1194458007812,891.77001953125,925.5,890.8300170898438,918.1500244140625,573300
2022-01-06,805.465576171875,895.489990234375,898.1799926757812,884.030029296875,893.3599853515625,637000
2022-01-07,802.569091796875,892.27001953125,896.6300048828125,884.0,895.27001953125,643300
2022-01-10,785.542236328125,873.3400268554688,889.8699951171875,862.8400268554688,888.7000122070312,788500
2022-01-11,798.8994140625,888.1900024414062,888.9099731445312,861.77001953125,871.75,744500
2022-01-12,796.1290283203125,885.1099853515625,899.969970703125,880.8599853515625,895.5499877929688,650900
2022-01-13,780.361328125,867.5800170898438,891.1599731445312,864.1199951171875,890.72998046875,795900
2022-01-14,763.2894287109375,848.5999755859375,858.75,832.8699951171875,845.0,1239700
2022-01-18,748.358154296875,832.0,839.9500122070312,824.1900024414062,835.0,1018400
2022-01-19,742.51171875,825.5,840.0,825.0,840.0,795100
2022-01-20,743.4560546875,826.5499877929688,846.6699829101562,823.739990234375,828.1599731445312,945800
2022-01-21,720.4027099609375,800.9199829101562,825.9000244140625,798.7899780273438,825.9000244140625,1248100
2022-01-24,707.72021484375,786.8200073242188,788.4099731445312,754.0499877929688,779.5599975585938,1688700
2022-01-25,718.2709350585938,798.5499877929688,805.7000122070312,763.8699951171875,774.010009765625,1220000
2022-01-26,715.5005493164062,795.469970703125,819.969970703125,784.0900268554688,811.0,942700
2022-01-27,708.7456665039062,787.9600219726562,814.5700073242188,783.6900024414062,807.6599731445312,696600
2022-01-28,726.8969116210938,808.1400146484375,808.5900268554688,772.6500244140625,784.75,602800
2022-01-31,740.208984375,822.9400024414062,823.6699829101562,805.010009765625,805.2100219726562,611200
2022-02-01,742.9163818359375,825.9500122070312,831.3200073242188,820.5700073242188,827.9099731445312,631900
2022-02-02,739.8222045898438,822.510009765625,830.1599731445312,815.530029296875,830.0499877929688,1030400
2022-02-03,724.76513671875,805.77001953125,823.72998046875,802.489990234375,816.5,582600
2022-02-04,728.4080200195312,809.8200073242188,817.4400024414062,797.2999877929688,802.0,667400
2022-02-07,734.794189453125,816.9199829101562,824.760009765625,803.739990234375,810.0,568500
2022-02-08,726.2222900390625,807.3900146484375,817.8800048828125,801.280029296875,815.97998046875,971600
2022-02-09,731.2682495117188,813.0,824.8699951171875,812.969970703125,819.25,1197800
2022-02-10,699.9577026367188,778.1900024414062,810.0499877929688,770.2100219726562,803.72998046875,2082100
2022-02-11,694.8308715820312,772.489990234375,784.989990234375,768.260009765625,783.1799926757812,1271900
2022-02-14,683.8754272460938,760.3099975585938,773.8699951171875,752.9500122070312,765.0,951400
2022-02-15,702.6560668945312,781.1900024414062,784.25,774.4500122070312,776.2000122070312,550400
2022-02-16,704.6619873046875,783.4199829101562,787.75,776.5499877929688,777.1699829101562,627200
2022-02-17,685.8450927734375,762.5,777.6099853515625,760.9299926757812,773.8099975585938,497600
2022-02-18,680.0164794921875,756.02001953125,765.489990234375,752.4500122070312,760.5999755859375,494300
2022-02-22,670.5361938476562,745.47998046875,758.4000244140625,736.75,750.0,690100
2022-02-23,658.8519287109375,732.489990234375,757.4500122070312,731.1699829101562,751.0,814100
2022-02-24,658.2222900390625,731.7899780273438,734.6699829101562,705.3699951171875,710.280029296875,1173900
2022-02-25,675.3843383789062,750.8699951171875,750.969970703125,733.4000244140625,736.0499877929688,676400
2022-02-28,669.1060791015625,743.8900146484375,747.739990234375,735.4199829101562,740.0800170898438,795800
2022-03-01,642.9494018554688,714.8099975585938,741.7100219726562,711.6799926757812,740.3499755859375,863400
2022-03-02,663.8440551757812,738.0399780273438,745.7999877929688,718.02001953125,720.0,948200
2022-03-03,663.5473022460938,737.7100219726562,752.5,729.5700073242188,746.969970703125,694400
2022-03-04,630.7334594726562,696.5900268554688,725.4099731445312,695.510009765625,722.0,2160700
2022-03-07,613.0588989257812,677.0700073242188,701.75,674.8400268554688,696.0,1154400
2022-03-08,600.2012939453125,662.8699951171875,678.2999877929688,660.1500244140625,675.0,1180200
2022-03-09,627.709228515625,693.25,702.3800048828125,680.0,686.9500122070312,1432500
2022-03-10,631.2857666015625,697.2000122070312,705.8200073242188,681.3800048828125,681.5399780273438,1007800
2022-03-11,622.08642578125,687.0399780273438,704.97998046875,686.2000122070312,700.3699951171875,814600
2022-03-14,631.5846557617188,697.530029296875,710.3900146484375,694.3599853515625,695.8900146484375,758700
2022-03-15,640.7659301757812,707.6699829101562,715.0,700.3599853515625,702.5800170898438,639400
2022-03-16,661.9898071289062,731.1099853515625,731.9600219726562,711.489990234375,722.760009765625,1162300
2022-03-17,670.8814697265625,740.9299926757812,743.030029296875,721.0599975585938,721.0599975585938,544800
2022-03-18,668.7626953125,738.5900268554688,742.4500122070312,729.3800048828125,742.4500122070312,1227100
2022-03-21,664.4525756835938,733.8300170898438,743.97998046875,727.9299926757812,739.8800048828125,589300
2022-03-22,676.2598266601562,746.8699951171875,749.1300048828125,737.3900146484375,740.239990234375,565600
2022-03-23,666.8340454101562,736.4600219726562,746.8400268554688,729.6699829101562,746.8400268554688,761300
2022-03-24,668.4819946289062,738.280029296875,743.4000244140625,734.3300170898438,740.0399780273438,463000
2022-03-25,670.9810180664062,741.0399780273438,743.9600219726562,735.3200073242188,739.9600219726562,419800
2022-03-28,678.9852905273438,749.8800048828125,752.3200073242188,740.0,744.5,448900
2022-03-29,700.1367797851562,773.239990234375,776.760009765625,762.1599731445312,765.780029296875,795100
2022-03-30,703.8673095703125,777.3599853515625,783.0700073242188,773.2100219726562,776.5499877929688,791800
2022-03-31,691.92431640625,764.1699829101562,784.47998046875,764.1699829101562,783.6400146484375,931600
2022-04-01,696.9857788085938,769.760009765625,774.8300170898438,764.5599975585938,768.0,683300
2022-04-04,708.27685546875,782.22998046875,788.6500244140625,769.7000122070312,771.5,882000
2022-04-05,692.1598510742188,764.4299926757812,781.260009765625,762.1900024414062,779.72998046875,754100
2022-04-06,674.77490234375,745.22998046875,758.0800170898438,737.0800170898438,752.25,845600
2022-04-07,678.0888671875,748.8900146484375,753.239990234375,736.1099853515625,745.22998046875,475500
2022-04-08,666.5081176757812,736.0999755859375,747.0,734.2000122070312,747.0,820900
2022-04-11,659.5180053710938,728.3800048828125,737.5800170898438,727.2899780273438,732.5499877929688,591700
2022-04-12,649.0599365234375,716.8300170898438,735.8200073242188,711.4400024414062,728.4000244140625,955300
2022-04-13,648.0729370117188,715.739990234375,727.0599975585938,711.0800170898438,717.0,908700
2022-04-14,623.1094360351562,688.1699829101562,719.3099975585938,688.1400146484375,716.010009765625,1103900
2022-04-18,615.7118530273438,680.0,691.489990234375,677.4600219726562,687.0,834100
2022-04-19,635.2426147460938,701.5700073242188,704.6599731445312,681.5,681.5,998200
2022-04-20,632.91552734375,699.0,710.7899780273438,697.530029296875,707.7100219726562,928200
2022-04-21,617.0338134765625,681.4600219726562,709.0999755859375,679.6699829101562,708.969970703125,804900
2022-04-22,600.2646484375,662.9400024414062,683.8200073242188,662.530029296875,681.0,797000
2022-04-25,605.0999755859375,668.280029296875,669.0800170898438,648.0,660.2999877929688,1138200
2022-04-26,585.876953125,647.0499877929688,668.8300170898438,646.8599853515625,662.6599731445312,806200
2022-04-27,582.2279663085938,643.02001953125,655.5499877929688,641.760009765625,646.1400146484375,631800
2022-04-28,589.4263305664062,650.969970703125,654.4000244140625,639.3200073242188,650.0,1127300
2022-04-29,565.621826171875,624.6799926757812,651.280029296875,623.219970703125,649.0399780273438,1011600
2022-05-02,565.7305908203125,624.7999877929688,630.75,610.0,629.7100219726562,1537000
2022-05-03,571.3988037109375,631.0599975585938,641.7000122070312,625.1599731445312,630.510009765625,887200
2022-05-04,602.3381958007812,665.22998046875,666.489990234375,630.0,632.3200073242188,1038100
2022-05-05,573.8887329101562,633.8099975585938,656.9000244140625,626.6300048828125,651.2899780273438,889500
2022-05-06,569.1893920898438,628.6199951171875,637.0999755859375,616.9600219726562,631.2999877929688,725700
2022-05-09,548.3095092773438,605.5599975585938,624.3499755859375,603.4400024414062,616.719970703125,1079400
2022-05-10,552.5379638671875,610.22998046875,625.27001953125,595.8300170898438,615.5,1179800
2022-05-11,543.5921630859375,600.3499755859375,621.3900146484375,599.6400146484375,604.760009765625,1170600
2022-05-12,543.6375122070312,600.4000244140625,604.8400268554688,586.0499877929688,593.0,1117500
2022-05-13,557.1558227539062,615.3300170898438,623.4000244140625,603.0900268554688,606.6699829101562,1684400
2022-05-16,542.0074462890625,598.5999755859375,605.1599731445312,583.0499877929688,600.0,2287300
2022-05-17,553.8870849609375,611.719970703125,625.3699951171875,598.3499755859375,615.7100219726562,1564500
2022-05-18,535.9046630859375,591.8599853515625,606.4000244140625,587.4099731445312,604.8900146484375,967300
2022-05-19,537.0093994140625,593.0800170898438,599.3699951171875,582.5800170898438,585.5,1301100
2022-05-20,543.6736450195312,600.4400024414062,607.1799926757812,587.1500244140625,596.8499755859375,1200800
2022-05-23,553.697021484375,611.510009765625,615.3699951171875,599.8400268554688,609.72998046875,918600
2022-05-24,559.8901977539062,618.3499755859375,622.219970703125,594.530029296875,608.239990234375,1133600
2022-05-25,567.3603515625,626.5999755859375,633.5599975585938,615.0,615.0,959300
2022-05-26,590.7574462890625,652.4400024414062,652.9400024414062,631.2100219726562,631.3200073242188,1651200
2022-05-27,603.5155029296875,666.530029296875,672.719970703125,656.1400146484375,656.8499755859375,980700
2022-05-31,605.8242797851562,669.0800170898438,672.1900024414062,654.3900146484375,659.6699829101562,2519000
2022-06-01,598.0645141601562,660.510009765625,676.5,658.8400268554688,672.6799926757812,919900
2022-06-02,621.5883178710938,686.489990234375,689.2000122070312,661.510009765625,662.4099731445312,955500
2022-06-03,612.5874633789062,671.739990234375,677.4199829101562,667.8800048828125,673.5399780273438,788500
2022-06-06,615.8704223632812,675.3400268554688,687.9500122070312,674.1099853515625,680.5900268554688,605300
2022-06-07,619.7645874023438,679.6099853515625,680.0700073242188,666.8499755859375,667.0700073242188,545100
2022-06-08,604.0789184570312,662.4099731445312,677.4199829101562,662.280029296875,674.1400146484375,481900
2022-06-09,601.7444458007812,659.8499755859375,670.27001953125,659.4600219726562,660.77001953125,969000
2022-06-10,563.2788696289062,617.6699829101562,648.5999755859375,617.6699829101562,642.6799926757812,1149800
2022-06-13,545.9974365234375,598.719970703125,606.6099853515625,587.8800048828125,600.0999755859375,1226200
2022-06-14,539.1669921875,591.22998046875,604.510009765625,587.260009765625,596.7100219726562,750400
2022-06-15,547.0735473632812,599.9000244140625,610.7100219726562,589.780029296875,598.4199829101562,922800
2022-06-16,534.1878662109375,585.77001953125,586.8200073242188,575.5999755859375,581.3099975585938,1005900
2022-06-17,530.9869995117188,582.260009765625,594.8499755859375,579.0999755859375,587.4299926757812,1436700
2022-06-21,560.4244384765625,614.5399780273438,616.8599853515625,595.75,596.75,1130200
2022-06-22,555.6276245117188,609.280029296875,621.9199829101562,603.1199951171875,605.2899780273438,942900
2022-06-23,569.6988525390625,624.7100219726562,628.6900024414062,609.3300170898438,613.4099731445312,849900
2022-06-24,590.7374267578125,647.780029296875,648.3400268554688,632.1699829101562,632.4400024414062,1013800
2022-06-27,580.8336791992188,636.9199829101562,652.75,633.8599853515625,650.0,637200
2022-06-28,573.7205200195312,629.1199951171875,648.0,626.5,642.4000244140625,518300
2022-06-29,563.5432739257812,617.9600219726562,629.7100219726562,613.7899780273438,627.6099853515625,535200
2022-06-30,555.40869140625,609.0399780273438,615.8400268554688,596.3200073242188,606.8599853515625,721800
2022-07-01,562.3942260742188,616.7000122070312,619.27001953125,605.97998046875,607.25,502700
2022-07-05,566.0602416992188,620.719970703125,621.1799926757812,597.5,604.969970703125,572800
2022-07-06,560.6067504882812,614.739990234375,624.3400268554688,609.9400024414062,622.5499877929688,512800
2022-07-07,568.7777709960938,623.7000122070312,626.8499755859375,618.1300048828125,619.2100219726562,507900
2022-07-08,565.0023803710938,619.5599975585938,623.4500122070312,612.8699951171875,618.8300170898438,347000
2022-07-11,551.7244873046875,605.0,613.8900146484375,603.72998046875,612.0399780273438,460100
2022-07-12,550.1649780273438,603.2899780273438,616.4299926757812,600.75,602.0,499700
2022-07-13,543.8635864257812,596.3800048828125,600.0499877929688,583.25,595.0,601500
2022-07-14,536.7959594726562,588.6300048828125,591.219970703125,580.22998046875,584.8800048828125,1136500
2022-07-15,547.5022583007812,600.3699951171875,603.7999877929688,585.510009765625,594.989990234375,1053000
2022-07-18,544.9122924804688,597.530029296875,613.3699951171875,594.5499877929688,605.4600219726562,830900
2022-07-19,573.00927734375,628.3400268554688,629.6500244140625,606.4500122070312,608.3200073242188,922700
2022-07-20,578.8365478515625,634.72998046875,639.2999877929688,626.489990234375,628.969970703125,671500
2022-07-21,583.01318359375,639.3099975585938,642.469970703125,630.77001953125,634.239990234375,722000
2022-07-22,577.8424682617188,633.6400146484375,645.1300048828125,627.47998046875,641.4400024414062,512600
2022-07-25,580.1314697265625,636.1500244140625,639.280029296875,629.2100219726562,636.719970703125,472100
2022-07-26,568.0847778320312,622.9400024414062,634.1300048828125,620.280029296875,634.1300048828125,498500
2022-07-27,586.6702270507812,643.3200073242188,646.4199829101562,625.4400024414062,628.8099975585938,468600
2022-07-28,601.863037109375,659.97998046875,663.9400024414062,638.8099975585938,647.6300048828125,550900
2022-07-29,610.2529296875,669.1799926757812,674.8400268554688,660.2000122070312,660.9099731445312,894300
2022-08-01,612.2682495117188,671.3900146484375,674.7999877929688,655.47998046875,661.2999877929688,569900
2022-08-02,607.4987182617188,666.1599731445312,677.8900146484375,662.989990234375,663.780029296875,711600
2022-08-03,629.7319946289062,690.5399780273438,691.4400024414062,668.9299926757812,673.0700073242188,901800
2022-08-04,634.7202758789062,696.010009765625,699.3800048828125,691.0700073242188,692.489990234375,746300
2022-08-05,634.6472778320312,695.9299926757812,700.0,686.2899780273438,687.25,549000
2022-08-08,634.9573364257812,696.27001953125,705.3099975585938,694.239990234375,700.0,490600
2022-08-09,635.1761474609375,696.510009765625,698.5700073242188,688.989990234375,695.25,486200
2022-08-10,661.3489379882812,725.2100219726562,725.27001953125,710.0499877929688,711.1099853515625,822200
2022-08-11,664.4860229492188,728.6500244140625,736.8800048828125,727.4500122070312,732.1099853515625,692300
2022-08-12,685.624755859375,751.8300170898438,752.4400024414062,728.030029296875,732.5,765900
2022-08-15,689.2634887695312,755.8200073242188,759.1099853515625,743.5499877929688,745.2100219726562,720500
2022-08-16,690.4033813476562,757.0700073242188,763.6699829101562,748.1699829101562,749.0499877929688,664300
2022-08-17,677.77294921875,743.219970703125,746.7899780273438,734.5399780273438,744.469970703125,594100
2022-08-18,679.5969848632812,745.219970703125,747.9600219726562,734.1799926757812,739.8800048828125,785600
2022-08-19,650.9893188476562,713.8499755859375,737.25,712.3099975585938,736.0399780273438,774900
2022-08-22,633.8446655273438,695.0499877929688,702.1799926757812,692.219970703125,699.0900268554688,675600
2022-08-23,635.595703125,696.969970703125,704.0499877929688,692.0,692.5800170898438,403500
2022-08-24,638.7418823242188,700.4199829101562,704.3200073242188,694.010009765625,694.8900146484375,386000
2022-08-25,648.0253295898438,710.5999755859375,711.8900146484375,700.3099975585938,703.6900024414062,363700
2022-08-26,616.8735961914062,676.4400024414062,714.27001953125,675.77001953125,713.3499755859375,633200
2022-08-29,616.3720703125,675.8900146484375,679.6199951171875,670.1500244140625,671.9500122070312,379500
2022-08-30,613.481201171875,672.719970703125,681.6599731445312,668.4099731445312,681.0499877929688,486400
2022-08-31,607.7086181640625,666.3900146484375,682.0900268554688,665.0399780273438,678.6500244140625,651400
2022-09-01,606.30419921875,664.8499755859375,665.4600219726562,650.7899780273438,661.2100219726562,485400
2022-09-02,600.1121215820312,658.0599975585938,679.530029296875,654.0499877929688,677.0599975585938,502000
2022-09-06,607.8755493164062,661.6300048828125,667.22998046875,647.9099731445312,658.989990234375,656300
2022-09-07,619.4427490234375,674.219970703125,677.1500244140625,659.8200073242188,664.02001953125,482700
2022-09-08,635.7045288085938,691.9199829101562,692.4299926757812,660.3599853515625,668.25,860100
2022-09-09,638.95703125,695.4600219726562,701.239990234375,692.8800048828125,695.0,536600
2022-09-12,640.197265625,696.8099975585938,701.7999877929688,690.239990234375,697.2100219726562,756400
2022-09-13,592.5139770507812,644.9099731445312,674.3699951171875,643.3099975585938,674.0599975585938,1239900
2022-09-14,591.2920532226562,643.5800170898438,655.8400268554688,636.760009765625,650.5999755859375,831800
2022-09-15,580.96533203125,632.3400268554688,648.969970703125,630.1300048828125,641.52001953125,778000
2022-09-16,575.820068359375,626.739990234375,628.469970703125,615.8499755859375,623.8300170898438,2693900
2022-09-19,583.1611328125,634.72998046875,636.4199829101562,620.8200073242188,620.8200073242188,566400
2022-09-20,571.75,622.3099975585938,629.6900024414062,619.3699951171875,626.6699829101562,561600
2022-09-21,558.685546875,608.0900268554688,632.1599731445312,607.6199951171875,629.3400268554688,816600
2022-09-22,551.7120971679688,600.5,607.989990234375,592.5700073242188,605.2000122070312,854700
2022-09-23,543.3421020507812,591.3900146484375,599.239990234375,583.0999755859375,593.22998046875,978900
2022-09-26,537.1498413085938,584.6500244140625,593.7899780273438,582.9199829101562,590.0,692600
2022-09-27,531.5913696289062,578.5999755859375,595.8599853515625,573.9600219726562,593.3200073242188,769400
2022-09-28,537.866455078125,585.4299926757812,588.8300170898438,576.1500244140625,582.1699829101562,885400
2022-09-29,518.10400390625,563.9199829101562,579.9299926757812,559.7000122070312,577.469970703125,877300
2022-09-30,505.5722961425781,550.280029296875,567.5599975585938,549.5599975585938,561.6099853515625,851300
2022-10-03,526.1890869140625,572.719970703125,578.4299926757812,543.22998046875,555.0,948900
2022-10-04,543.2595825195312,591.2999877929688,591.3400268554688,582.2899780273438,583.5599975585938,778800
2022-10-05,535.771728515625,583.1500244140625,588.239990234375,573.9400024414062,581.0900268554688,556600
2022-10-06,525.1691284179688,571.6099853515625,585.0,570.760009765625,580.2000122070312,566700
2022-10-07,505.6824035644531,550.4000244140625,564.8300170898438,546.989990234375,564.8300170898438,625900
2022-10-10,501.2172546386719,545.5399780273438,558.1400146484375,541.3300170898438,557.5499877929688,512400
2022-10-11,487.9873352050781,531.1400146484375,542.9500122070312,526.9400024414062,535.1799926757812,932700
2022-10-12,487.9505615234375,531.0999755859375,538.4299926757812,527.0,531.1500244140625,797100
2022-10-13,520.0426635742188,566.030029296875,566.9000244140625,503.1199951171875,505.05999755859375,2345300
2022-10-14,506.1878356933594,550.9500122070312,582.6799926757812,547.5900268554688,567.25,1276400
2022-10-17,523.0009765625,569.25,574.72998046875,566.0,566.0,890900
2022-10-18,533.8515014648438,581.0599975585938,590.25,573.1699829101562,590.0,800600
2022-10-19,530.9481811523438,577.9000244140625,588.0900268554688,573.469970703125,581.72998046875,815400
2022-10-20,525.8583374023438,572.3599853515625,590.739990234375,569.280029296875,580.3699951171875,820800
2022-10-21,548.7353515625,597.260009765625,598.4400024414062,570.9400024414062,573.77001953125,830800
2022-10-24,561.7631225585938,611.4400024414062,615.0,602.75,605.8099975585938,948900
2022-10-25,584.2727661132812,635.9400024414062,636.3499755859375,610.0,610.0,956000
2022-10-26,585.9816284179688,637.7999877929688,641.6500244140625,634.030029296875,635.0,1069200
2022-10-27,596.2533569335938,648.97998046875,657.22998046875,641.8699951171875,643.6300048828125,943600
2022-10-28,609.823486328125,663.75,664.989990234375,645.5399780273438,648.7999877929688,862600
2022-10-31,593.4326782226562,645.9099731445312,662.6400146484375,645.219970703125,658.010009765625,1037400
2022-11-01,599.0278930664062,652.0,658.1400146484375,648.510009765625,656.739990234375,771100
2022-11-02,586.9096069335938,638.8099975585938,663.219970703125,637.9000244140625,650.489990234375,1061500
2022-11-03,582.3157958984375,633.8099975585938,638.6199951171875,622.97998046875,626.4400024414062,717200
2022-11-04,602.8407592773438,656.1500244140625,660.3900146484375,642.6799926757812,646.0700073242188,707300
2022-11-07,621.3536987304688,676.2999877929688,678.5700073242188,655.5499877929688,660.25,798500
2022-11-08,630.5687255859375,686.3300170898438,691.4000244140625,674.8099975585938,678.010009765625,1084300
2022-11-09,615.2164306640625,669.6199951171875,682.8300170898438,667.0599975585938,677.3699951171875,539200
2022-11-10,698.0787963867188,759.8099975585938,762.219970703125,700.1400146484375,700.719970703125,1795700
2022-11-11,711.8049926757812,774.75,785.6500244140625,748.0,748.0,1278600
2022-11-14,680.9349365234375,741.1500244140625,762.9199829101562,722.8099975585938,760.0,1183000
2022-11-15,680.1632690429688,740.3099975585938,759.9500122070312,732.2999877929688,757.0599975585938,851300
2022-11-16,667.962158203125,727.030029296875,733.0,720.1300048828125,733.0,806400
2022-11-17,662.7069091796875,721.3099975585938,721.5,710.1900024414062,715.3099975585938,781200
2022-11-18,662.063720703125,720.6099853515625,730.6500244140625,718.989990234375,730.22998046875,626800
2022-11-21,664.902587890625,723.7000122070312,728.5,715.47998046875,716.5800170898438,656800
2022-11-22,673.8604736328125,733.4500122070312,737.030029296875,726.0999755859375,727.1900024414062,605500
2022-11-23,676.4973754882812,736.3200073242188,741.0,729.260009765625,731.47998046875,489000
2022-11-25,677.8387451171875,737.780029296875,739.8499755859375,727.6500244140625,734.4600219726562,301600
2022-11-28,662.5781860351562,721.1699829101562,736.2999877929688,719.4400024414062,728.0,480100
2022-11-29,655.9907836914062,714.0,724.77001953125,711.5499877929688,722.4600219726562,698400
2022-11-30,657.8283081054688,716.0,717.7899780273438,693.2899780273438,714.0,2757000
2022-12-01,663.5060424804688,722.1799926757812,725.0,711.2000122070312,718.8499755859375,1103900
2022-12-02,655.0535888671875,712.97998046875,713.4400024414062,699.7000122070312,706.27001953125,1142800
2022-12-05,654.8515625,712.760009765625,714.1699829101562,698.75,709.0,1100300
2022-12-06,657.0809936523438,710.2899780273438,712.3300170898438,700.0499877929688,707.1900024414062,841000
2022-12-07,656.0355224609375,709.1599731445312,721.6599731445312,704.7000122070312,707.239990234375,877800
2022-12-08,650.7440185546875,703.4400024414062,714.97998046875,701.1599731445312,710.0,625800
2022-12-09,653.9910888671875,706.9500122070312,714.0399780273438,700.0,700.4199829101562,549000
2022-12-12,656.1002197265625,709.22998046875,711.1500244140625,702.030029296875,705.6699829101562,701300
2022-12-13,669.9027709960938,724.1500244140625,743.1699829101562,716.6400146484375,738.6599731445312,949800
2022-12-14,658.2188110351562,711.52001953125,725.6099853515625,704.3800048828125,718.9500122070312,549200
2022-12-15,645.8780517578125,698.1799926757812,702.9500122070312,692.8300170898438,699.5900268554688,566500
2022-12-16,647.765380859375,700.219970703125,703.6400146484375,683.9199829101562,690.02001953125,1697100
2022-12-19,640.5958862304688,692.469970703125,701.0,687.1199951171875,699.4400024414062,606700
2022-12-20,639.7540283203125,691.5599975585938,695.3900146484375,687.5800170898438,691.0,590100
2022-12-21,659.5324096679688,712.9400024414062,716.1199951171875,699.4000244140625,702.4600219726562,652200
2022-12-22,650.6423950195312,703.3300170898438,707.3699951171875,688.219970703125,702.6400146484375,623200
2022-12-23,651.2066650390625,703.9400024414062,710.0999755859375,700.2000122070312,708.77001953125,363200
2022-12-27,650.5775756835938,703.260009765625,707.5999755859375,700.5,704.5700073242188,325100
2022-12-28,647.866943359375,700.3300170898438,711.8099975585938,700.2899780273438,704.0,457700
2022-12-29,662.501953125,716.1500244140625,720.9400024414062,704.510009765625,706.6400146484375,395300
2022-12-30,655.5452880859375,708.6300048828125,712.9099731445312,698.3599853515625,708.2899780273438,413000
2023-01-03,658.69970703125,712.0399780273438,723.5399780273438,703.77001953125,720.0,540800
2023-01-04,667.8211669921875,721.9000244140625,727.47998046875,713.4000244140625,719.6500244140625,710200
2023-01-05,648.7088012695312,701.239990234375,717.1699829101562,701.2100219726562,713.030029296875,686700
2023-01-06,682.7151489257812,738.0,738.5599975585938,710.469970703125,713.4199829101562,1215700
2023-01-09,696.5822143554688,752.989990234375,762.8099975585938,741.75,742.2100219726562,1102800
2023-01-10,700.5508422851562,757.280029296875,757.739990234375,744.3800048828125,749.6300048828125,758900
2023-01-11,699.292724609375,755.9199829101562,763.75,748.1599731445312,758.0,788000
2023-01-12,697.4795532226562,753.9600219726562,763.1599731445312,741.1500244140625,763.1599731445312,938600
2023-01-13,697.5072631835938,753.989990234375,758.489990234375,735.0800170898438,746.6300048828125,984100
2023-01-17,693.5663452148438,749.72998046875,752.1099853515625,735.0999755859375,750.1799926757812,823800
2023-01-18,691.3739013671875,747.3599853515625,763.0599975585938,746.3800048828125,750.989990234375,728800
2023-01-19,675.1942138671875,729.8699951171875,741.5599975585938,729.6199951171875,737.8099975585938,650700
2023-01-20,686.1472778320312,741.7100219726562,742.6799926757812,731.0399780273438,734.77001953125,724300
2023-01-23,691.9845581054688,748.02001953125,750.02001953125,735.4000244140625,741.8699951171875,730200
2023-01-24,695.7310180664062,752.0700073242188,757.0800170898438,725.5800170898438,740.72998046875,558200
2023-01-25,694.9725341796875,751.25,751.780029296875,732.5,743.0999755859375,1070300
2023-01-26,702.0494995117188,758.9000244140625,759.3800048828125,746.2000122070312,750.0,488700
2023-01-27,702.3084716796875,759.1799926757812,764.0999755859375,751.739990234375,751.739990234375,489400
2023-01-30,691.8364868164062,747.8599853515625,758.260009765625,746.5399780273438,750.4099731445312,458300
2023-01-31,702.3363037109375,759.2100219726562,759.7100219726562,746.0900268554688,750.0,572000
2023-02-01,705.4999389648438,762.6300048828125,768.2999877929688,744.3900146484375,753.719970703125,702200
2023-02-02,712.9933471679688,770.72998046875,781.77001953125,763.1400146484375,763.9000244140625,1101700
2023-02-03,700.4398193359375,757.1599731445312,769.8099975585938,747.989990234375,750.0,1201800
2023-02-06,686.7670288085938,742.3800048828125,750.1199951171875,738.7999877929688,746.97998046875,691500
2023-02-07,685.3239135742188,740.8200073242188,743.6099853515625,728.4099731445312,735.2999877929688,730300
2023-02-08,675.184814453125,729.8599853515625,741.77001953125,729.8599853515625,735.3699951171875,517600
2023-02-09,662.3353271484375,715.969970703125,739.4199829101562,714.4500122070312,739.1199951171875,723700
2023-02-10,669.310546875,723.510009765625,726.3900146484375,711.010009765625,712.22998046875,626000
2023-02-13,681.706787109375,736.9099731445312,737.6900024414062,721.010009765625,722.8599853515625,583100
2023-02-14,674.528076171875,729.1500244140625,742.9000244140625,727.0,733.760009765625,466700
2023-02-15,669.939697265625,724.1900024414062,727.8300170898438,718.3699951171875,719.1500244140625,479200
2023-02-16,659.587890625,713.0,722.5599975585938,709.469970703125,710.8099975585938,492600
2023-02-17,662.5110473632812,716.1599731445312,716.72998046875,706.3800048828125,708.4600219726562,519200
2023-02-21,643.630126953125,695.75,708.5800170898438,692.219970703125,706.1300048828125,646400
2023-02-22,635.9149169921875,687.4099731445312,699.0499877929688,682.0800170898438,695.75,937900
2023-02-23,640.0128784179688,691.8400268554688,702.1400146484375,686.469970703125,697.27001953125,614800
2023-02-24,632.2329711914062,683.4299926757812,691.280029296875,678.5800170898438,682.5700073242188,553500
2023-02-27,631.8908081054688,683.0599975585938,696.5,681.7000122070312,694.8800048828125,560000
2023-02-28,637.7836303710938,689.4299926757812,694.3800048828125,683.1300048828125,685.5,859100
2023-03-01,629.5780029296875,680.5599975585938,688.260009765625,675.3300170898438,683.1500244140625,635000
2023-03-02,634.5272216796875,685.9099731445312,687.4000244140625,672.760009765625,673.0,490200
2023-03-03,643.1582641601562,695.239990234375,695.3400268554688,688.0599975585938,693.6099853515625,812200
2023-03-06,641.4345703125,688.3900146484375,698.7899780273438,687.5599975585938,688.3499755859375,543300
2023-03-07,628.6410522460938,674.6599731445312,688.97998046875,673.1699829101562,688.3900146484375,417200
2023-03-08,628.3615112304688,674.3599853515625,680.3300170898438,672.6500244140625,676.6199951171875,554800
2023-03-09,606.8558349609375,651.280029296875,675.22998046875,650.0,674.489990234375,787100
2023-03-10,591.7142944335938,635.030029296875,651.4600219726562,628.47998046875,647.7000122070312,960900
2023-03-13,583.0858154296875,625.77001953125,643.22998046875,624.0900268554688,625.02001953125,997600
2023-03-14,594.3233032226562,637.8300170898438,648.0,624.7100219726562,646.4099731445312,928600
2023-03-15,588.6485595703125,631.739990234375,634.5,620.0,621.0,1130000
2023-03-16,593.5313110351562,636.97998046875,645.3800048828125,621.2999877929688,627.2999877929688,726200
2023-03-17,593.2796020507812,636.7100219726562,638.7100219726562,623.8499755859375,638.7100219726562,2701500
2023-03-20,599.6625366210938,643.5599975585938,652.4400024414062,639.530029296875,647.469970703125,924200
2023-03-21,616.9844360351562,662.1500244140625,665.1799926757812,658.5399780273438,659.9299926757812,791200
2023-03-22,604.0977783203125,648.3200073242188,667.4500122070312,647.8900146484375,660.0800170898438,480100
2023-03-23,607.3217163085938,651.780029296875,660.989990234375,645.5499877929688,653.280029296875,483400
2023-03-24,600.8924560546875,644.8800048828125,647.8200073242188,638.0900268554688,642.8099975585938,574100
2023-03-27,604.0977783203125,648.3200073242188,656.77001953125,646.47998046875,654.530029296875,411100
2023-03-28,602.1596069335938,646.239990234375,649.9000244140625,641.3800048828125,646.3400268554688,373300
2023-03-29,612.390625,657.219970703125,657.739990234375,651.0,652.030029296875,589300
2023-03-30,615.9500122070312,661.0399780273438,667.6199951171875,657.0999755859375,663.510009765625,392300
2023-03-31,623.4788818359375,669.1199951171875,669.1500244140625,662.6099853515625,665.0900268554688,516300
2023-04-03,620.9537353515625,666.4099731445312,670.2100219726562,656.47998046875,664.52001953125,622800
2023-04-04,614.1517333984375,659.1099853515625,669.6500244140625,653.8400268554688,665.8900146484375,525100
2023-04-05,611.2911987304688,656.0399780273438,656.8699951171875,651.2899780273438,652.3800048828125,426100
2023-04-06,611.6265258789062,656.4000244140625,659.0599975585938,653.989990234375,656.5999755859375,441700
2023-04-10,614.8132934570312,659.8200073242188,659.8300170898438,650.7899780273438,652.3499755859375,393800
2023-04-11,624.000732421875,669.6799926757812,671.4400024414062,661.8499755859375,662.0,535800
2023-04-12,620.543701171875,665.969970703125,677.6400146484375,663.3599853515625,676.1500244140625,481200
2023-04-13,624.9791259765625,670.72998046875,671.5800170898438,658.530029296875,663.3699951171875,694000
2023-04-14,644.1740112304688,691.3300170898438,704.010009765625,678.0599975585938,680.22998046875,1117700
2023-04-17,650.7244873046875,698.3599853515625,699.0999755859375,690.7899780273438,691.3300170898438,586100
2023-04-18,646.6897583007812,694.030029296875,701.22998046875,689.8599853515625,700.3699951171875,593800
2023-04-19,647.8171997070312,695.239990234375,699.5,690.010009765625,690.97998046875,348100
2023-04-20,648.8795166015625,696.3800048828125,698.9299926757812,690.469970703125,690.469970703125,580400
2023-04-21,634.49267578125,680.9400024414062,696.27001953125,678.9199829101562,695.530029296875,774500
2023-04-24,628.203125,674.1900024414062,682.280029296875,673.0999755859375,682.280029296875,451800
2023-04-25,614.7108764648438,659.7100219726562,671.72998046875,658.4600219726562,670.6400146484375,552200
2023-04-26,606.2874755859375,650.6699829101562,661.739990234375,647.4199829101562,655.6900024414062,434700
2023-04-27,617.478271484375,662.6799926757812,663.530029296875,655.27001953125,657.25,393900
2023-04-28,625.4171142578125,671.2000122070312,672.030029296875,658.9500122070312,659.8300170898438,529000
2023-05-01,617.7484130859375,662.969970703125,675.5900268554688,662.1799926757812,675.0800170898438,560200
2023-05-02,607.0234985351562,651.4600219726562,658.5900268554688,635.280029296875,657.72998046875,719700
2023-05-03,598.5908203125,642.4099731445312,662.969970703125,640.25,657.4199829101562,430700
2023-05-04,588.5740966796875,631.6599731445312,638.5499877929688,628.22998046875,638.5499877929688,589300
2023-05-05,600.5195922851562,644.47998046875,644.6599731445312,637.5499877929688,642.1900024414062,484300
2023-05-08,599.2710571289062,643.1400146484375,647.0,640.780029296875,646.25,374500
2023-05-09,592.2174072265625,635.5700073242188,643.489990234375,633.6300048828125,639.0,441700
2023-05-10,586.2632446289062,629.1799926757812,644.9500122070312,624.5,643.9500122070312,622400
2023-05-11,598.2275390625,642.02001953125,643.489990234375,627.6199951171875,630.1699829101562,726100
2023-05-12,601.0972290039062,645.0999755859375,651.2000122070312,642.9500122070312,646.5599975585938,906200
2023-05-15,600.7711791992188,644.75,650.260009765625,642.7000122070312,645.1799926757812,501900
2023-05-16,590.5960083007812,633.8300170898438,643.9199829101562,633.22998046875,642.5900268554688,362700
2023-05-17,606.2593994140625,650.6400146484375,651.6199951171875,638.530029296875,640.22998046875,478300
2023-05-18,623.6746215820312,669.3300170898438,673.1699829101562,649.4600219726562,650.5700073242188,1125900
2023-05-19,621.22412109375,666.7000122070312,676.530029296875,662.7100219726562,673.4400024414062,1362500
2023-05-22,625.5940551757812,671.3900146484375,675.77001953125,666.2899780273438,666.3300170898438,648800
2023-05-23,616.40673828125,661.530029296875,671.969970703125,659.2899780273438,666.52001953125,713300
2023-05-24,610.3220825195312,655.0,656.510009765625,648.4500122070312,653.010009765625,554500
2023-05-25,615.465576171875,660.52001953125,663.1199951171875,653.4000244140625,655.3200073242188,522800
2023-05-26,626.4419555664062,672.2999877929688,675.25,662.77001953125,664.8800048828125,533900
2023-05-30,627.6347045898438,673.5800170898438,680.6900024414062,668.8900146484375,677.5399780273438,504200
2023-05-31,612.6981811523438,657.5499877929688,674.6099853515625,656.3599853515625,671.7999877929688,1898400
2023-06-01,623.2181396484375,668.8400268554688,671.4500122070312,660.3699951171875,663.5700073242188,569800
2023-06-02,635.3499145507812,681.8599853515625,685.0,676.1699829101562,676.1699829101562,559800
2023-06-05,630.34619140625,676.489990234375,682.9600219726562,674.219970703125,681.4500122070312,551600
2023-06-06,638.2012939453125,684.9199829101562,685.6099853515625,673.3400268554688,673.3400268554688,748600
2023-06-07,636.614990234375,678.22998046875,680.030029296875,670.1900024414062,679.0,534100
2023-06-08,638.8207397460938,680.5800170898438,681.9000244140625,666.010009765625,675.3200073242188,521800
2023-06-09,642.406494140625,684.4000244140625,686.4500122070312,677.27001953125,682.3900146484375,465300
2023-06-12,640.5101928710938,682.3800048828125,689.1199951171875,682.260009765625,684.6099853515625,435000
2023-06-13,646.80859375,689.0900268554688,693.0900268554688,685.0,685.3300170898438,624000
2023-06-14,649.96240234375,692.4500122070312,705.1699829101562,690.030029296875,690.719970703125,678000
2023-06-15,667.5526733398438,711.1900024414062,712.739990234375,691.8200073242188,693.1300048828125,644400
2023-06-16,659.6586303710938,702.780029296875,716.3599853515625,702.3499755859375,715.4500122070312,1281900
2023-06-20,648.5545043945312,690.9500122070312,696.4600219726562,687.5,695.6900024414062,698100
2023-06-21,646.7616577148438,689.0399780273438,696.1500244140625,686.4000244140625,690.719970703125,489300
2023-06-22,637.6943969726562,679.3800048828125,684.510009765625,675.3699951171875,684.4099731445312,361200
2023-06-23,638.69873046875,680.4500122070312,682.9299926757812,670.0,670.3499755859375,686000
2023-06-26,638.4359130859375,680.1699829101562,684.989990234375,678.0800170898438,678.0800170898438,403800
2023-06-27,642.6316528320312,684.6400146484375,688.3400268554688,677.760009765625,683.4299926757812,528600
2023-06-28,643.176025390625,685.219970703125,685.77001953125,680.1199951171875,684.6400146484375,368100
2023-06-29,645.9826049804688,688.2100219726562,690.9099731445312,681.97998046875,686.7000122070312,524700
2023-06-30,648.7328491210938,691.1400146484375,695.97998046875,690.4500122070312,695.1199951171875,921900
2023-07-03,651.0231323242188,693.5800170898438,702.1599731445312,689.739990234375,690.0,376900
2023-07-05,650.3191528320312,692.8300170898438,700.6300048828125,685.8699951171875,691.6699829101562,681400
2023-07-06,638.86767578125,680.6300048828125,686.5,674.7999877929688,685.0,675300
2023-07-07,642.1246337890625,684.0999755859375,691.989990234375,677.9400024414062,678.280029296875,435200
2023-07-10,653.4542236328125,696.1699829101562,704.9299926757812,692.780029296875,693.8300170898438,568600
2023-07-11,666.6233520507812,710.2000122070312,710.989990234375,699.739990234375,699.9199829101562,504900
2023-07-12,681.453857421875,726.0,727.0,718.8599853515625,722.6699829101562,642000
2023-07-13,694.4071655273438,739.7999877929688,740.4000244140625,727.4500122070312,732.8699951171875,928100
2023-07-14,683.3592529296875,728.030029296875,744.0,722.4099731445312,743.0,1064100
2023-07-17,683.2091064453125,727.8699951171875,733.0,720.5,724.5499877929688,648400
2023-07-18,693.590576171875,738.9299926757812,740.8300170898438,723.22998046875,725.52001953125,790000
2023-07-19,701.4469604492188,747.2999877929688,752.9500122070312,739.9600219726562,739.9600219726562,718900
2023-07-20,704.8071899414062,750.8800048828125,753.3699951171875,742.5,744.02001953125,621600
2023-07-21,705.116943359375,751.2100219726562,756.3200073242188,749.75,753.239990234375,512300
2023-07-24,710.1575317382812,756.5800170898438,757.010009765625,750.489990234375,751.7000122070312,385400
2023-07-25,700.2454833984375,746.02001953125,752.97998046875,742.2100219726562,752.5499877929688,610700
2023-07-26,697.5609130859375,743.1599731445312,749.8699951171875,741.010009765625,743.25,552800
2023-07-27,684.33544921875,729.0700073242188,747.989990234375,728.4000244140625,746.1199951171875,555200
2023-07-28,693.0367431640625,738.3400268554688,746.25,734.780029296875,738.2000122070312,522800
2023-07-31,693.5154418945312,738.8499755859375,743.3200073242188,735.6099853515625,739.989990234375,367700
2023-08-01,687.3297119140625,732.260009765625,735.9099731445312,730.5,733.3200073242188,359600
2023-08-02,673.4190063476562,717.4400024414062,723.7899780273438,713.27001953125,722.4400024414062,649200
2023-08-03,666.5950927734375,710.1699829101562,712.8800048828125,705.6199951171875,710.47998046875,585500
2023-08-04,666.6983032226562,710.280029296875,720.9400024414062,709.0800170898438,710.0700073242188,475100
2023-08-07,668.8291625976562,712.5499877929688,718.8300170898438,711.6400146484375,713.3099975585938,387900
2023-08-08,654.2144775390625,696.97998046875,703.3900146484375,687.52001953125,703.3900146484375,676900
2023-08-09,649.62451171875,692.0900268554688,699.969970703125,691.0,695.260009765625,447400
2023-08-10,654.24267578125,697.010009765625,706.0900268554688,694.5700073242188,697.02001953125,496900
2023-08-11,652.9285888671875,695.6099853515625,698.2999877929688,690.280029296875,693.77001953125,381100
2023-08-14,650.4129638671875,692.9299926757812,694.1699829101562,688.6400146484375,692.8099975585938,395000
2023-08-15,631.5368041992188,672.8200073242188,686.1099853515625,670.5,684.989990234375,519700
2023-08-16,630.992431640625,672.239990234375,676.4600219726562,670.0,670.0,494700
2023-08-17,632.6444702148438,674.0,681.0499877929688,672.489990234375,674.7100219726562,471200
2023-08-18,629.1244506835938,670.25,675.3099975585938,665.22998046875,665.22998046875,530500
2023-08-21,630.38232421875,671.5900268554688,676.9500122070312,666.5,672.2000122070312,434300
2023-08-22,624.9852294921875,665.8400268554688,674.760009765625,664.6099853515625,671.5900268554688,332500
2023-08-23,637.1217041015625,678.77001953125,680.3300170898438,667.1199951171875,668.4000244140625,386800
2023-08-24,631.8560180664062,673.1599731445312,688.5800170898438,672.969970703125,678.780029296875,317900
2023-08-25,634.4841918945312,675.9600219726562,682.2000122070312,671.260009765625,676.0,275200
2023-08-28,637.337646484375,679.0,683.5399780273438,674.6300048828125,681.3099975585938,430900
2023-08-29,648.6295166015625,691.030029296875,691.4600219726562,676.5499877929688,678.6500244140625,502600
2023-08-30,653.1161499023438,695.8099975585938,699.5,689.8099975585938,691.780029296875,483900
2023-08-31,657.5560302734375,700.5399780273438,704.4400024414062,693.7999877929688,697.8699951171875,617100
2023-09-01,662.859375,706.1900024414062,706.989990234375,701.4000244140625,704.2000122070312,454500
2023-09-05,653.2288818359375,695.9299926757812,708.2899780273438,695.489990234375,705.5700073242188,556800
2023-09-06,651.5863037109375,694.1799926757812,699.3200073242188,688.7000122070312,692.9600219726562,426600
2023-09-07,653.3637084960938,691.0599975585938,692.6500244140625,679.9500122070312,682.6799926757812,453000
2023-09-08,652.9476928710938,690.6199951171875,693.5499877929688,686.719970703125,692.1799926757812,352400
2023-09-11,657.968017578125,695.9299926757812,697.9500122070312,691.989990234375,695.4600219726562,563500
2023-09-12,659.3012084960938,697.3400268554688,702.72998046875,692.0800170898438,693.3499755859375,404000
2023-09-13,659.1971435546875,697.22998046875,704.219970703125,694.0,698.8400268554688,645200
2023-09-14,668.254638671875,706.8099975585938,709.0599975585938,698.3300170898438,703.7100219726562,660100
2023-09-15,659.3673706054688,697.4099731445312,705.1500244140625,695.3300170898438,701.8599853515625,2816100
2023-09-18,656.9848022460938,694.8900146484375,699.47998046875,690.0599975585938,696.3200073242188,494400
2023-09-19,651.3782348632812,688.9600219726562,695.5700073242188,685.6599731445312,693.6599731445312,428100
2023-09-20,646.1971435546875,683.47998046875,694.6900024414062,682.6699829101562,691.0,334100
2023-09-21,632.3463745117188,668.8300170898438,676.739990234375,665.6500244140625,676.739990234375,547700
2023-09-22,624.0924682617188,660.0999755859375,671.719970703125,659.3300170898438,670.989990234375,468300
2023-09-25,621.681640625,657.5499877929688,659.969970703125,653.030029296875,655.02001953125,458300
2023-09-26,611.4423217773438,646.719970703125,654.489990234375,645.8200073242188,652.1199951171875,589000
2023-09-27,608.2940063476562,643.3900146484375,648.4500122070312,640.3099975585938,647.6799926757812,548800
2023-09-28,610.0430908203125,645.239990234375,647.5399780273438,640.6699829101562,643.02001953125,696100
2023-09-29,611.2249145507812,646.489990234375,656.8200073242188,645.5399780273438,652.7999877929688,539900
2023-10-02,607.9630737304688,643.0399780273438,646.25,638.739990234375,644.7100219726562,569000
2023-10-03,591.3516235351562,625.469970703125,637.72998046875,623.5999755859375,637.72998046875,678600
2023-10-04,601.808349609375,636.530029296875,638.3699951171875,625.3800048828125,629.030029296875,546700
2023-10-05,605.3726196289062,640.2999877929688,642.8699951171875,632.010009765625,633.6500244140625,496900
2023-10-06,612.8983154296875,648.260009765625,651.510009765625,634.5399780273438,635.02001953125,608300
2023-10-09,608.5115356445312,643.6199951171875,647.8599853515625,640.5,641.5,536100
2023-10-10,606.9326171875,641.9500122070312,649.4000244140625,641.7000122070312,643.6199951171875,626700
2023-10-11,607.61328125,642.6699829101562,648.6400146484375,638.0999755859375,645.6400146484375,515000
2023-10-12,601.4678344726562,636.1699829101562,644.27001953125,632.0599975585938,643.22998046875,744200
2023-10-13,593.422119140625,627.6599731445312,636.010009765625,620.0,628.1699829101562,1263400
2023-10-16,600.7871704101562,635.4500122070312,641.6199951171875,628.4199829101562,630.510009765625,695400
2023-10-17,601.4017944335938,636.0999755859375,639.8699951171875,629.6799926757812,631.2999877929688,578500
2023-10-18,583.050537109375,616.6900024414062,635.0,615.4500122070312,635.0,664500
2023-10-19,588.552978515625,622.510009765625,629.5,619.1099853515625,625.6500244140625,1040800
2023-10-20,581.2919921875,614.8300170898438,626.0700073242188,613.1199951171875,623.25,850300
2023-10-23,581.1973876953125,614.72998046875,619.469970703125,610.4500122070312,611.4400024414062,469500
2023-10-24,578.985107421875,612.3900146484375,620.4199829101562,610.760009765625,617.27001953125,657200
2023-10-25,575.4774169921875,608.6799926757812,611.5900268554688,603.489990234375,608.25,562000
2023-10-26,573.9552612304688,607.0700073242188,617.8900146484375,606.489990234375,607.1900024414062,856400
2023-10-27,565.4556274414062,598.0800170898438,608.969970703125,596.1799926757812,607.0700073242188,543000
2023-10-30,574.0025024414062,607.1199951171875,610.6900024414062,600.260009765625,602.8400268554688,528100
2023-10-31,578.881103515625,612.280029296875,612.8699951171875,604.4099731445312,608.9500122070312,508900
2023-11-01,582.5967407226562,616.2100219726562,617.969970703125,607.6699829101562,614.489990234375,537100
2023-11-02,609.333984375,644.489990234375,645.1400146484375,623.77001953125,623.77001953125,1174000
2023-11-03,622.0786743164062,657.969970703125,662.1599731445312,654.260009765625,654.8200073242188,894200
2023-11-06,617.5877685546875,653.219970703125,660.260009765625,650.3599853515625,656.6199951171875,469400
2023-11-07,613.2103881835938,648.5900268554688,653.5,646.9099731445312,652.8200073242188,440800
2023-11-08,619.2234497070312,654.9500122070312,655.6599731445312,648.4299926757812,648.4299926757812,482200
2023-11-09,616.26416015625,651.8200073242188,660.5999755859375,650.6300048828125,656.72998046875,437100
2023-11-10,628.7252197265625,665.0,665.4500122070312,653.8800048828125,656.5800170898438,522700
2023-11-13,625.368896484375,661.4500122070312,664.3699951171875,658.1400146484375,660.8200073242188,356400
2023-11-14,659.3106079101562,697.3499755859375,699.0700073242188,673.0,673.0,1011000
2023-11-15,670.173828125,708.8400268554688,711.3200073242188,697.7000122070312,698.1699829101562,747400
2023-11-16,675.9032592773438,714.9000244140625,715.0999755859375,708.75,709.3400268554688,558900
2023-11-17,677.75634765625,716.8599853515625,720.8400268554688,713.6500244140625,719.8400268554688,715600
2023-11-20,681.5947875976562,720.9199829101562,721.6599731445312,712.1099853515625,714.3900146484375,668300
2023-11-21,685.1119995117188,724.6400146484375,726.5999755859375,718.72998046875,719.7999877929688,642900
2023-11-22,687.4756469726562,727.1400146484375,730.280029296875,725.97998046875,727.0,498100
2023-11-24,690.2742309570312,730.0999755859375,730.739990234375,726.6400146484375,726.719970703125,279600
2023-11-27,690.822509765625,730.6799926757812,732.0499877929688,724.5399780273438,727.2000122070312,868100
2023-11-28,696.5708618164062,736.760009765625,738.8300170898438,725.8599853515625,725.8599853515625,610200
2023-11-29,706.5359497070312,747.2999877929688,751.27001953125,742.280029296875,742.280029296875,750000
2023-11-30,710.2515258789062,751.22998046875,751.8900146484375,744.6900024414062,748.1599731445312,961300
2023-12-01,715.0921630859375,756.3499755859375,761.3800048828125,748.6599731445312,750.0,746700
2023-12-04,715.1678466796875,756.4299926757812,757.9199829101562,749.5,751.8400268554688,767900
2023-12-05,713.1539916992188,754.2999877929688,755.6199951171875,748.1799926757812,755.6199951171875,860700
2023-12-06,707.2244873046875,743.0700073242188,756.5900268554688,742.4600219726562,754.52001953125,624800
2023-12-07,709.4802856445312,745.4400024414062,749.8900146484375,742.5999755859375,745.4400024414062,784300
2023-12-08,708.8043823242188,744.72998046875,747.7899780273438,742.219970703125,743.1500244140625,456000
2023-12-11,716.1139526367188,752.4099731445312,755.22998046875,744.3200073242188,745.7999877929688,781300
2023-12-12,722.662109375,759.2899780273438,759.4400024414062,752.6699829101562,755.0,607600
2023-12-13,736.1199951171875,773.4299926757812,777.1900024414062,754.8099975585938,759.0,600000
2023-12-14,768.1942749023438,807.1300048828125,807.5999755859375,781.9400024414062,782.9299926757812,1197400
2023-12-15,779.4917602539062,819.0,819.0,789.469970703125,791.9000244140625,2703000
2023-12-18,758.02001953125,796.4400024414062,815.0,795.7999877929688,812.0,916300
2023-12-19,762.7216796875,801.3800048828125,814.4199829101562,798.9500122070312,801.0700073242188,756400
2023-12-20,751.15771484375,789.22998046875,805.4099731445312,788.8400268554688,797.760009765625,547900
2023-12-21,760.5516967773438,799.0999755859375,799.3699951171875,791.6599731445312,795.0,341100
2023-12-22,763.7115478515625,802.4199829101562,807.52001953125,800.1500244140625,801.97998046875,426600
2023-12-26,767.6994018554688,806.6099853515625,809.0999755859375,803.4400024414062,803.4400024414062,280600
2023-12-27,774.0191650390625,813.25,813.25,808.6300048828125,809.1699829101562,298000
2023-12-28,775.1231689453125,814.4099731445312,817.6199951171875,809.8800048828125,809.8800048828125,311500
2023-12-29,772.6390991210938,811.7999877929688,816.1699829101562,808.6400146484375,812.5999755859375,318500
2024-01-02,761.69384765625,800.2999877929688,808.1400146484375,795.4299926757812,804.1500244140625,660000
2024-01-03,746.3228759765625,784.1500244140625,792.4099731445312,782.3300170898438,792.4099731445312,638700
2024-01-04,748.0360717773438,785.9500122070312,792.489990234375,782.72998046875,783.260009765625,580200
2024-01-05,745.066650390625,782.8300170898438,788.760009765625,781.4600219726562,782.8099975585938,471000
2024-01-08,758.7337646484375,797.1900024414062,798.010009765625,782.9099731445312,784.4299926757812,513200
2024-01-09,756.192626953125,794.52001953125,795.1400146484375,787.1400146484375,792.6500244140625,454700
2024-01-10,754.1368408203125,792.3599853515625,799.0499877929688,787.8699951171875,794.8900146484375,510800
2024-01-11,754.3746948242188,792.6099853515625,799.97998046875,787.0800170898438,796.9600219726562,735800
2024-01-12,761.0275268554688,799.5999755859375,802.3400268554688,782.760009765625,785.0,880500
2024-01-16,753.2040405273438,791.3800048828125,808.989990234375,788.6599731445312,803.7899780273438,895200
2024-01-17,749.4446411132812,787.4299926757812,787.9299926757812,768.3499755859375,774.3699951171875,617100
2024-01-18,756.8969116210938,795.260009765625,795.989990234375,785.0599975585938,794.5599975585938,506700
2024-01-19,766.5859375,805.4400024414062,808.8300170898438,794.0499877929688,797.75,681500
2024-01-22,755.7168579101562,794.02001953125,807.2999877929688,793.510009765625,806.4099731445312,760500
2024-01-23,754.3272094726562,792.5599975585938,795.5900268554688,788.47998046875,793.27001953125,718300
2024-01-24,747.845703125,785.75,797.8599853515625,785.1900024414062,797.8599853515625,659700
2024-01-25,752.3285522460938,790.4600219726562,794.9000244140625,787.489990234375,790.9199829101562,723800
2024-01-26,749.321044921875,787.2999877929688,793.280029296875,785.489990234375,791.3300170898438,687900
2024-01-29,750.6533813476562,788.7000122070312,792.47998046875,781.1400146484375,787.3099975585938,622200
2024-01-30,744.0197143554688,781.72998046875,784.8200073242188,779.0700073242188,782.97998046875,936600
2024-01-31,736.9575805664062,774.3099975585938,785.4099731445312,772.3499755859375,779.469970703125,730800
2024-02-01,747.065185546875,784.9299926757812,785.5499877929688,765.6300048828125,776.489990234375,626600
2024-02-02,749.9871215820312,788.0,792.3400268554688,777.260009765625,780.6500244140625,509900
2024-02-05,745.3901977539062,783.1699829101562,787.239990234375,777.1500244140625,782.2100219726562,501100
2024-02-06,749.9681396484375,787.97998046875,788.0,778.760009765625,784.9299926757812,666300
2024-02-07,756.364013671875,794.7000122070312,799.4500122070312,786.530029296875,790.0,700600
2024-02-08,754.9364013671875,793.2000122070312,798.9400024414062,787.5,794.0599975585938,545500
2024-02-09,758.7529907226562,797.2100219726562,800.8099975585938,791.77001953125,794.22998046875,536600
2024-02-12,763.0833740234375,801.760009765625,808.489990234375,797.6400146484375,798.3300170898438,499300
2024-02-13,740.5361938476562,778.0700073242188,791.22998046875,770.0,785.25,637400
2024-02-14,747.5126342773438,785.4000244140625,788.280029296875,779.1599731445312,785.0999755859375,420900
2024-02-15,759.5524291992188,798.0499877929688,802.47998046875,788.4000244140625,788.4000244140625,508200
2024-02-16,755.6976318359375,794.0,798.0,791.1300048828125,795.0900268554688,393700
2024-02-20,759.6094970703125,798.1099853515625,801.530029296875,787.5700073242188,789.280029296875,582200
2024-02-21,766.5955200195312,805.4500122070312,806.0599975585938,795.4199829101562,798.8099975585938,419100
2024-02-22,774.1998901367188,813.4400024414062,816.3300170898438,808.0800170898438,811.0399780273438,549600
2024-02-23,774.3428344726562,813.5900268554688,823.7100219726562,812.0,817.0599975585938,492500
2024-02-26,767.1474609375,806.030029296875,814.8200073242188,803.3499755859375,810.9500122070312,577800
2024-02-27,761.9222412109375,800.5399780273438,809.8699951171875,795.27001953125,807.3300170898438,555900
2024-02-28,770.6021728515625,809.6599731445312,813.1199951171875,797.3200073242188,798.780029296875,513000
2024-02-29,772.2012939453125,811.3400268554688,814.9600219726562,807.3900146484375,813.4000244140625,758800
2024-03-01,775.5228881835938,814.8300170898438,815.3499755859375,805.2100219726562,811.3400268554688,431300
2024-03-04,794.2154541015625,834.469970703125,841.9600219726562,815.969970703125,815.969970703125,858900
2024-03-05,787.048828125,826.9400024414062,839.7999877929688,823.3699951171875,832.2899780273438,497600
2024-03-06,795.2463989257812,830.4000244140625,832.3900146484375,820.4400024414062,825.8499755859375,538000
2024-03-07,796.4913940429688,831.7000122070312,839.219970703125,829.6300048828125,837.989990234375,384700
2024-03-08,800.72412109375,836.1199951171875,845.0,833.719970703125,835.8499755859375,396200
2024-03-11,790.2282104492188,825.1599731445312,836.0700073242188,822.27001953125,835.6500244140625,428600
2024-03-12,794.4705810546875,829.5900268554688,834.27001953125,822.25,830.1199951171875,438600
2024-03-13,791.0230102539062,825.989990234375,831.6199951171875,823.2100219726562,829.1699829101562,510800
2024-03-14,774.5607299804688,808.7999877929688,825.2899780273438,800.6199951171875,825.0,859000
2024-03-15,768.546630859375,802.52001953125,813.7999877929688,798.3400268554688,801.5900268554688,1576700
2024-03-18,766.3727416992188,800.25,806.27001953125,793.8300170898438,806.2000122070312,634800
2024-03-19,768.3359375,802.2999877929688,803.8699951171875,792.8200073242188,796.3099975585938,593900
2024-03-20,783.2659301757812,817.8900146484375,819.239990234375,800.6900024414062,804.1099853515625,451400
2024-03-21,806.4127197265625,842.0599975585938,844.6400146484375,822.219970703125,823.530029296875,643300
2024-03-22,789.912109375,824.8300170898438,842.3200073242188,822.4600219726562,840.8200073242188,615100
2024-03-25,781.6570434570312,816.2100219726562,826.989990234375,815.1699829101562,820.4400024414062,378100
2024-03-26,785.4780883789062,820.2000122070312,823.8800048828125,817.9299926757812,819.469970703125,374000
2024-03-27,799.7664794921875,835.1199951171875,835.510009765625,822.489990234375,826.7999877929688,466500
2024-03-28,798.40673828125,833.7000122070312,838.6799926757812,831.02001953125,836.219970703125,532100
2024-04-01,791.7699584960938,826.77001953125,835.1199951171875,825.239990234375,834.97998046875,395900
2024-04-02,782.0209350585938,816.5900268554688,825.9099731445312,810.0,825.5,530700
2024-04-03,780.3067016601562,814.7999877929688,826.0800170898438,813.5599975585938,815.4500122070312,369600
2024-04-04,758.5581665039062,792.0900268554688,826.52001953125,790.1799926757812,822.3800048828125,1189400
2024-04-05,763.7965698242188,797.5599975585938,804.27001953125,790.1199951171875,793.6300048828125,687300
2024-04-08,769.312744140625,803.3200073242188,807.5399780273438,796.8300170898438,801.52001953125,760200
2024-04-09,769.8681640625,803.9000244140625,806.22998046875,794.1799926757812,806.22998046875,802100
2024-04-10,750.4754028320312,783.6500244140625,795.1300048828125,780.9199829101562,793.7899780273438,654400
2024-04-11,752.687744140625,785.9600219726562,789.3200073242188,778.7999877929688,785.5,812000
2024-04-12,731.0827026367188,763.4000244140625,803.0,762.0599975585938,785.5599975585938,1453600
2024-04-15,730.6900024414062,762.989990234375,778.219970703125,756.3099975585938,770.7899780273438,935200
2024-04-16,717.933837890625,749.6699829101562,766.8499755859375,748.7899780273438,764.5999755859375,662900
2024-04-17,721.8795776367188,753.7899780273438,758.9000244140625,748.0800170898438,753.0399780273438,585800
2024-04-18,715.6641845703125,747.2999877929688,761.4199829101562,746.780029296875,754.739990234375,614900
2024-04-19,718.230712890625,749.97998046875,755.4299926757812,745.5499877929688,751.3900146484375,867800
2024-04-22,727.9319458007812,760.1099853515625,766.2999877929688,750.5499877929688,756.75,617200
2024-04-23,734.1663818359375,766.6199951171875,769.4199829101562,760.9400024414062,763.260009765625,461000
2024-04-24,730.508056640625,762.7999877929688,767.6400146484375,759.4400024414062,762.7999877929688,751200
2024-04-25,725.576171875,757.6500244140625,760.6400146484375,748.02001953125,754.3099975585938,510100
2024-04-26,730.5846557617188,762.8800048828125,767.47998046875,757.75,759.77001953125,447900
2024-04-29,729.0523681640625,761.280029296875,769.4000244140625,755.8499755859375,763.3599853515625,483700
2024-04-30,722.6934814453125,754.6400146484375,761.4500122070312,753.7999877929688,758.0399780273438,418600
2024-05-01,719.7630615234375,751.5800170898438,765.8300170898438,750.9199829101562,755.0,614800
2024-05-02,724.95361328125,757.0,761.0599975585938,748.780029296875,758.1599731445312,632500
2024-05-03,731.5711059570312,763.9099731445312,771.5499877929688,762.7000122070312,765.7000122070312,558300
2024-05-06,741.8468627929688,774.6400146484375,775.1599731445312,765.8300170898438,768.72998046875,450100
2024-05-07,747.8609619140625,780.9199829101562,786.27001953125,776.6799926757812,780.469970703125,777400
2024-05-08,745.380615234375,778.3300170898438,779.25,773.8800048828125,778.0,665700
2024-05-09,755.7233276367188,789.1300048828125,791.510009765625,777.9000244140625,777.9000244140625,654800
2024-05-10,762.9443359375,796.6699829101562,799.22998046875,792.0800170898438,792.530029296875,607100
2024-05-13,756.8726806640625,790.3300170898438,800.489990234375,789.8099975585938,799.0,416800
2024-05-14,768.968017578125,802.9600219726562,803.3099975585938,792.1699829101562,792.52001953125,492200
2024-05-15,781.1685791015625,815.7000122070312,818.1799926757812,807.6799926757812,809.1199951171875,667300
2024-05-16,773.516845703125,807.7100219726562,815.0,807.6599731445312,811.3900146484375,486300
2024-05-17,777.8358764648438,812.219970703125,813.4500122070312,806.3099975585938,810.4299926757812,394400
2024-05-20,771.1036987304688,805.1900024414062,812.8099975585938,804.2000122070312,808.97998046875,366300
2024-05-21,770.8545532226562,804.9299926757812,806.6699829101562,800.22998046875,804.6199951171875,461800
2024-05-22,765.7596435546875,799.6099853515625,808.8699951171875,795.5499877929688,803.5399780273438,391600
2024-05-23,751.3372802734375,784.5499877929688,798.4400024414062,781.8099975585938,798.4400024414062,538300
2024-05-24,748.7994995117188,781.9000244140625,789.3900146484375,780.9199829101562,787.3800048828125,429000
2024-05-28,738.7535400390625,771.4099731445312,783.6400146484375,765.47998046875,781.9000244140625,636200
2024-05-29,724.5514526367188,756.5800170898438,765.9299926757812,756.3300170898438,763.2899780273438,574900
2024-05-30,729.6078491210938,761.8599853515625,762.4099731445312,753.8300170898438,754.9600219726562,650000
2024-05-31,739.3473510742188,772.030029296875,774.2899780273438,762.0800170898438,763.0599975585938,1616000
2024-06-03,744.4612426757812,777.3699951171875,779.7000122070312,768.719970703125,779.489990234375,571000
2024-06-04,752.0459594726562,785.2899780273438,786.8699951171875,774.6199951171875,777.3699951171875,666400
2024-06-05,755.4840087890625,788.8800048828125,789.0800170898438,779.4400024414062,788.75,539800
2024-06-06,745.5722045898438,778.530029296875,787.6900024414062,776.530029296875,787.6900024414062,406300
2024-06-07,741.0028686523438,768.6900024414062,774.010009765625,763.2100219726562,767.6900024414062,468100
2024-06-10,738.5736694335938,766.1699829101562,768.8599853515625,760.25,766.739990234375,588900
2024-06-11,730.3411865234375,757.6300048828125,763.3699951171875,752.2999877929688,762.010009765625,499000
2024-06-12,742.3717041015625,770.1099853515625,782.5599975585938,766.0900268554688,769.3499755859375,833200
2024-06-13,741.986083984375,769.7100219726562,772.75,758.2000122070312,766.9600219726562,462500
2024-06-14,741.6197509765625,769.3300170898438,769.969970703125,759.989990234375,764.5,376800
2024-06-17,752.9465942382812,781.0800170898438,783.9400024414062,766.0499877929688,767.2100219726562,541600
2024-06-18,755.4240112304688,783.6500244140625,784.1199951171875,777.02001953125,778.9400024414062,479700
2024-06-20,754.6336669921875,782.8300170898438,784.0499877929688,777.52001953125,782.02001953125,496800
2024-06-21,759.2317504882812,787.5999755859375,791.1500244140625,779.8900146484375,783.719970703125,869500
2024-06-24,770.1729125976562,798.9500122070312,806.469970703125,788.5800170898438,788.5800170898438,528700
2024-06-25,765.7772827148438,794.3900146484375,795.260009765625,788.5800170898438,794.4600219726562,388900
2024-06-26,759.087158203125,787.4500122070312,791.1199951171875,784.52001953125,789.280029296875,529000
2024-06-27,752.9948120117188,781.1300048828125,787.0499877929688,780.3400268554688,784.6500244140625,428400
2024-06-28,758.9618530273438,787.3200073242188,792.3300170898438,781.2000122070312,784.489990234375,769500
2024-07-01,754.0938110351562,782.27001953125,794.0999755859375,777.6300048828125,790.8300170898438,543500
2024-07-02,760.7066040039062,789.1300048828125,789.6599731445312,782.6699829101562,782.6699829101562,367300
2024-07-03,760.697021484375,789.1199951171875,790.6300048828125,786.0,789.1300048828125,250800
2024-07-05,762.1237182617188,790.5999755859375,791.1799926757812,782.9000244140625,791.1400146484375,341400
2024-07-08,761.7283935546875,790.1900024414062,793.280029296875,785.760009765625,790.5999755859375,529600
2024-07-09,773.3829956054688,802.280029296875,803.3900146484375,791.52001953125,793.510009765625,629500
2024-07-10,782.7529296875,812.0,812.2899780273438,801.760009765625,801.760009765625,519000
2024-07-11,795.1593017578125,824.8699951171875,825.9299926757812,815.8099975585938,817.969970703125,634100
2024-07-12,798.1476440429688,827.969970703125,837.5399780273438,825.4000244140625,829.3900146484375,677100
2024-07-15,793.3181762695312,822.9600219726562,836.2100219726562,818.4400024414062,829.97998046875,888100
2024-07-16,813.5425415039062,843.9400024414062,845.530029296875,820.9500122070312,824.5,744600
2024-07-17,810.7952270507812,841.0900268554688,848.6199951171875,835.8900146484375,846.3099975585938,692000
2024-07-18,799.1406860351562,829.0,851.8800048828125,828.7899780273438,835.1699829101562,718000
2024-07-19,800.7794799804688,830.7000122070312,833.6699829101562,825.0599975585938,833.6699829101562,1036200
2024-07-22,812.86767578125,843.239990234375,845.5,835.0399780273438,836.5499877929688,573200
2024-07-23,814.2655029296875,844.6900024414062,850.989990234375,839.02001953125,841.8099975585938,701500
2024-07-24,797.8392333984375,827.6500244140625,846.239990234375,826.1099853515625,844.0800170898438,660300
2024-07-25,806.4089965820312,836.5399780273438,848.5800170898438,822.4299926757812,824.9600219726562,587500
2024-07-26,825.3609008789062,856.2000122070312,857.6500244140625,841.0999755859375,841.969970703125,555800
2024-07-29,831.0965576171875,862.1500244140625,865.1699829101562,852.3699951171875,858.0,612700
2024-07-30,841.1605834960938,872.5900268554688,873.8900146484375,865.1799926757812,868.1300048828125,539600
2024-07-31,844.9297485351562,876.5,885.0999755859375,871.9000244140625,875.3200073242188,656800
2024-08-01,834.1813354492188,865.3499755859375,884.6699829101562,860.3200073242188,880.0,586500
2024-08-02,815.5474853515625,846.02001953125,858.2000122070312,839.2899780273438,855.0,479800
2024-08-05,800.8372192382812,830.760009765625,848.9199829101562,813.1799926757812,824.6900024414062,1328800
2024-08-06,810.6697998046875,840.9600219726562,852.22998046875,829.5,834.52001953125,525100
2024-08-07,809.5902099609375,839.8400268554688,856.4000244140625,838.469970703125,852.260009765625,750900
2024-08-08,824.040283203125,854.8300170898438,855.7899780273438,843.6199951171875,846.2000122070312,381500
2024-08-09,825.3705444335938,856.2100219726562,862.2100219726562,849.7999877929688,853.4199829101562,290400
2024-08-12,808.0767211914062,838.27001953125,857.0,835.4500122070312,854.1400146484375,510300
2024-08-13,823.8088989257812,854.5900268554688,856.2100219726562,843.7000122070312,844.47998046875,385800
2024-08-14,826.63330078125,857.52001953125,859.6199951171875,851.3800048828125,856.030029296875,325100
2024-08-15,840.649658203125,872.0599975585938,875.8300170898438,863.030029296875,864.52001953125,520800
2024-08-16,841.0641479492188,872.489990234375,874.8699951171875,868.7000122070312,872.25,395200
2024-08-19,838.8663330078125,870.2100219726562,877.02001953125,866.3099975585938,873.5900268554688,456000
2024-08-20,829.9591064453125,860.969970703125,871.989990234375,859.72998046875,869.4500122070312,348700
2024-08-21,832.002685546875,863.0900268554688,864.9199829101562,853.760009765625,861.8800048828125,453700
2024-08-22,834.0753173828125,865.239990234375,868.739990234375,858.97998046875,863.0900268554688,327400
2024-08-23,851.0413818359375,882.8400268554688,884.6599731445312,867.030029296875,869.5,416300
2024-08-26,851.3304443359375,883.1400146484375,889.0,878.780029296875,882.760009765625,413800
2024-08-27,854.2128295898438,886.1300048828125,888.0,878.7000122070312,883.5,300400
2024-08-28,856.6516723632812,888.6599731445312,895.4400024414062,883.7100219726562,886.4400024414062,441200
2024-08-29,862.6380615234375,894.8699951171875,898.6599731445312,884.780029296875,888.6599731445312,417900
2024-08-30,869.328125,901.8099975585938,903.4600219726562,889.9600219726562,898.2899780273438,478200
2024-09-03,854.501953125,886.4299926757812,900.0,881.010009765625,899.0700073242188,433500
2024-09-04,854.5598754882812,886.489990234375,890.7000122070312,879.1799926757812,880.3300170898438,356600
2024-09-05,845.0647583007812,876.6400146484375,889.7000122070312,873.1400146484375,889.7000122070312,426000
2024-09-06,835.6947631835938,866.9199829101562,884.760009765625,861.1099853515625,878.1400146484375,748900
2024-09-09,851.326171875,877.9400024414062,884.010009765625,870.9199829101562,873.4400024414062,394800
2024-09-10,857.03759765625,883.8300170898438,886.219970703125,869.3200073242188,886.219970703125,269900
2024-09-11,850.531005859375,877.1199951171875,878.489990234375,854.1599731445312,878.4400024414062,431900
2024-09-12,858.2884521484375,885.1199951171875,886.469970703125,874.3800048828125,880.8300170898438,478700
2024-09-13,858.8799438476562,885.72998046875,892.1400146484375,882.6799926757812,888.1400146484375,406900
2024-09-16,868.0435180664062,895.1799926757812,895.9000244140625,886.5999755859375,888.3400268554688,380900
2024-09-17,877.1004028320312,904.52001953125,908.8800048828125,895.1900024414062,897.3499755859375,416900
2024-09-18,894.7389526367188,922.7100219726562,930.5,905.75,911.8099975585938,656300
2024-09-19,906.5303955078125,934.8699951171875,942.72998046875,925.719970703125,938.25,625500
2024-09-20,900.6346435546875,928.7899780273438,931.7899780273438,924.6300048828125,930.6699829101562,970100
2024-09-23,909.187255859375,937.6099853515625,939.4600219726562,928.7899780273438,929.969970703125,396500
2024-09-24,912.6976318359375,941.22998046875,942.1599731445312,930.0,934.0,366500
2024-09-25,908.4017944335938,936.7999877929688,942.8400268554688,934.6099853515625,942.719970703125,476800
2024-09-26,916.3726806640625,945.02001953125,952.75,939.4099731445312,945.0,459400
2024-09-27,916.5569458007812,945.2100219726562,950.3499755859375,942.0999755859375,945.469970703125,472500
2024-09-30,920.7266235351562,949.510009765625,951.27001953125,935.969970703125,944.2899780273438,362200
2024-10-01,905.7061157226562,934.02001953125,945.3200073242188,918.9600219726562,945.3200073242188,543800
2024-10-02,928.23193359375,957.25,957.280029296875,933.0,939.8699951171875,368200
2024-10-03,922.646484375,951.489990234375,958.6300048828125,949.489990234375,953.5700073242188,511100
2024-10-04,920.4161987304688,949.1900024414062,960.739990234375,931.030029296875,960.739990234375,491700
2024-10-07,912.154541015625,940.6699829101562,956.8200073242188,937.9600219726562,952.0,561400
2024-10-08,920.2999877929688,949.0700073242188,955.3599853515625,942.280029296875,951.5499877929688,389000
2024-10-09,926.9421997070312,955.9199829101562,962.9500122070312,947.97998046875,950.0,573200
2024-10-10,926.6222534179688,955.5900268554688,963.3300170898438,953.6199951171875,955.0,564400
2024-10-11,960.2413330078125,990.260009765625,996.2899780273438,963.1500244140625,963.2100219726562,927500
2024-10-14,961.6569213867188,991.719970703125,1001.4500122070312,989.1900024414062,999.1699829101562,768400
2024-10-15,976.473876953125,1007.0,1016.4500122070312,996.1199951171875,998.0,618800
2024-10-16,984.9586181640625,1015.75,1019.219970703125,1004.1500244140625,1004.1500244140625,547100
2024-10-17,972.1101684570312,1002.5,1032.0,1001.6400146484375,1023.5999755859375,684700
2024-10-18,976.4931640625,1007.02001953125,1009.47998046875,998.3800048828125,1009.47998046875,505400
2024-10-21,970.2000122070312,1000.530029296875,1008.5800170898438,997.2100219726562,1005.0,311200
2024-10-22,970.4714965820312,1000.8099975585938,1003.8699951171875,990.7899780273438,997.1099853515625,504400
2024-10-23,958.2048950195312,988.1599731445312,1008.6400146484375,982.6699829101562,997.0499877929688,441400
2024-10-24,954.1709594726562,984.0,992.030029296875,983.22998046875,991.0399780273438,353600
2024-10-25,944.5419921875,974.0700073242188,987.3499755859375,968.9500122070312,987.3499755859375,433500
2024-10-28,956.32373046875,986.219970703125,989.4500122070312,979.010009765625,982.0,329400
2024-10-29,953.3661499023438,983.1699829101562,989.77001953125,979.1300048828125,985.0,269500
2024-10-30,950.1661987304688,979.8699951171875,998.0,978.9600219726562,985.52001953125,427900
2024-10-31,951.2910766601562,981.030029296875,986.0700073242188,969.5399780273438,970.1599731445312,607800
2024-11-01,955.21826171875,985.0800170898438,991.969970703125,980.22998046875,984.0,792000
2024-11-04,961.4437255859375,991.5,992.010009765625,976.0499877929688,979.1400146484375,512500
2024-11-05,983.6009521484375,1014.3499755859375,1017.6900024414062,992.0,992.0,424800
2024-11-06,998.6019287109375,1029.8199462890625,1057.510009765625,1000.0,1046.260009765625,1266900
2024-11-07,1004.6529541015625,1036.06005859375,1044.949951171875,1032.4000244140625,1039.989990234375,528700
2024-11-08,1007.7752685546875,1039.280029296875,1050.43994140625,1036.6700439453125,1040.97998046875,454500
2024-11-11,1021.8938598632812,1053.8399658203125,1068.3399658203125,1047.5,1048.8299560546875,681500
2024-11-12,1004.93408203125,1036.3499755859375,1057.0799560546875,1033.5899658203125,1054.199951171875,489900
2024-11-13,999.7268676757812,1030.97998046875,1043.6500244140625,1026.1800537109375,1038.3699951171875,408800
2024-11-14,1015.3387451171875,1047.0799560546875,1058.8900146484375,1037.199951171875,1040.7099609375,1048700
2024-11-15,1015.6199340820312,1047.3699951171875,1052.510009765625,1035.010009765625,1038.489990234375,583400
2024-11-18,1018.1412353515625,1049.969970703125,1053.219970703125,1037.4000244140625,1038.5799560546875,563200
2024-11-19,996.94384765625,1028.1099853515625,1044.31005859375,1027.5899658203125,1042.0,673500
2024-11-20,993.608154296875,1024.6700439453125,1036.699951171875,1018.0,1032.3499755859375,593700
2024-11-21,996.8372192382812,1028.0,1039.4300537109375,1024.5999755859375,1034.72998046875,473100
2024-11-22,1005.0406494140625,1036.4599609375,1041.93994140625,1028.5,1033.0,713000
2024-11-25,1000.2213134765625,1031.489990234375,1049.0,1030.5699462890625,1048.8399658203125,1463700
2024-11-26,995.36328125,1026.47998046875,1038.3199462890625,1018.2000122070312,1032.050048828125,772700
2024-11-27,988.5463256835938,1019.4500122070312,1034.0,1018.0399780273438,1029.550048828125,481900
2024-11-29,991.7947998046875,1022.7999877929688,1029.3199462890625,1020.8200073242188,1020.8200073242188,390000
2024-12-02,989.1863403320312,1020.1099853515625,1033.6500244140625,1012.8699951171875,1026.550048828125,719600
2024-12-03,1007.5037231445312,1039.0,1046.2900390625,1021.0,1031.0899658203125,941700
2024-12-04,1003.625,1035.0,1039.3800048828125,1012.47998046875,1038.0,1029500
2024-12-05,1018.12548828125,1044.780029296875,1057.6099853515625,1028.530029296875,1030.0,880500
2024-12-06,1016.2640380859375,1042.8699951171875,1053.22998046875,1038.3499755859375,1044.4200439453125,550300
2024-12-09,1019.6845703125,1046.3800048828125,1055.8199462890625,1043.25,1049.969970703125,742600
2024-12-10,1030.101806640625,1057.0699462890625,1064.8499755859375,1045.9100341796875,1049.8599853515625,645000
2024-12-11,1038.0828857421875,1065.260009765625,1082.449951171875,1060.280029296875,1061.1400146484375,1139700
2024-12-12,1031.80712890625,1058.8199462890625,1074.050048828125,1051.219970703125,1068.18994140625,687100
2024-12-13,1029.58544921875,1056.5400390625,1061.43994140625,1052.3299560546875,1056.8599853515625,537300
2024-12-16,1037.488525390625,1064.6500244140625,1071.97998046875,1056.5,1059.3800048828125,897800
2024-12-17,1022.4521484375,1049.219970703125,1059.75,1038.27001953125,1056.02001953125,990400
2024-12-18,994.2698974609375,1020.2999877929688,1061.0,1018.9600219726562,1049.219970703125,864900
2024-12-19,990.4011840820312,1016.3300170898438,1040.8800048828125,1014.9500122070312,1040.52001953125,796300
2024-12-20,1002.44580078125,1028.68994140625,1036.77001953125,1001.97998046875,1007.6400146484375,2079800
2024-12-23,1013.1748657226562,1039.699951171875,1041.3599853515625,1023.3599853515625,1025.8900146484375,488100
2024-12-24,1027.9189453125,1054.8299560546875,1054.8299560546875,1036.6700439453125,1041.6400146484375,276600
2024-12-26,1027.3831787109375,1054.280029296875,1057.489990234375,1045.0,1045.0,292100
2024-12-27,1017.540771484375,1044.1800537109375,1055.43994140625,1040.260009765625,1048.0,337100
2024-12-30,1001.2180786132812,1027.4300537109375,1036.050048828125,1021.47998046875,1032.81005859375,591700
2024-12-31,998.9572143554688,1025.1099853515625,1034.1300048828125,1019.5399780273438,1030.81005859375,619400
2025-01-02,991.4439086914062,1017.4000244140625,1032.0999755859375,1012.0,1030.0,604500
2025-01-03,994.786376953125,1020.8300170898438,1024.0,1010.0,1022.1699829101562,469000
2025-01-06,986.9027709960938,1012.739990234375,1029.4100341796875,1011.489990234375,1025.6500244140625,616200
2025-01-07,955.7386474609375,980.760009765625,1012.0,978.25,1011.0,970500
2025-01-08,960.9423828125,986.0999755859375,990.2899780273438,976.0499877929688,980.239990234375,778500
2025-01-10,931.2595825195312,955.6400146484375,982.0499877929688,948.1599731445312,979.7899780273438,908200
2025-01-13,930.6455078125,955.010009765625,957.25,943.3400268554688,946.25,794100
2025-01-14,938.597412109375,963.1699829101562,969.5999755859375,958.0399780273438,964.3200073242188,1058100
2025-01-15,987.3316040039062,1013.1799926757812,1025.449951171875,991.0,1019.77001953125,1140100
2025-01-16,970.3170166015625,995.719970703125,1016.5399780273438,982.1799926757812,1016.5399780273438,883800
2025-01-17,979.3213500976562,1004.9600219726562,1012.8099975585938,997.010009765625,1000.9000244140625,1085800
2025-01-21,986.2694091796875,1012.0900268554688,1026.949951171875,1003.719970703125,1014.02001953125,671600
2025-01-22,980.6661376953125,1006.3400268554688,1013.8200073242188,998.25,1012.47998046875,570300
2025-01-23,991.7655029296875,1017.72998046875,1017.8099975585938,1000.8300170898438,1003.9600219726562,645300
2025-01-24,994.4160766601562,1020.4500122070312,1026.0,1013.1400146484375,1013.1400146484375,731300
2025-01-27,1003.6639404296875,1029.93994140625,1030.9100341796875,1004.6900024414062,1010.0,662500
2025-01-28,1024.38134765625,1051.199951171875,1055.719970703125,1027.050048828125,1029.6800537109375,1083000
2025-01-29,1025.7554931640625,1052.6099853515625,1066.8299560546875,1045.31005859375,1047.1099853515625,808600
2025-01-30,1044.18310546875,1071.52001953125,1078.25,1059.3299560546875,1069.199951171875,532100
2025-01-31,1048.0615234375,1075.5,1084.219970703125,1068.760009765625,1074.0899658203125,957600
2025-02-03,987.8870239257812,1013.75,1056.5400390625,1006.6300048828125,1054.47998046875,1502200
2025-02-04,989.748291015625,1015.6599731445312,1019.5,1004.0,1011.5399780273438,931100
2025-02-05,988.6178588867188,1014.5,1027.550048828125,1005.9099731445312,1020.0,710200
2025-02-06,980.9389038085938,1006.6199951171875,1023.7999877929688,1005.0,1020.3499755859375,688500
2025-02-07,966.7308959960938,992.0399780273438,1015.9099731445312,991.1500244140625,1008.760009765625,731700
2025-02-10,960.4064331054688,985.5499877929688,996.3400268554688,976.7899780273438,995.0,683700
2025-02-11,962.9888916015625,988.2000122070312,989.4600219726562,973.5999755859375,980.0,884900
2025-02-12,948.8685302734375,973.7100219726562,980.8900146484375,965.8800048828125,975.0399780273438,562900
2025-02-13,955.2904052734375,980.2999877929688,982.0,970.27001953125,979.0399780273438,480500
2025-02-14,949.0731811523438,973.9199829101562,978.6500244140625,968.3800048828125,975.0,965200
2025-02-18,952.91259765625,977.8599853515625,977.8699951171875,959.0700073242188,969.1400146484375,1048500
2025-02-19,961.1763305664062,986.3400268554688,989.7000122070312,966.8800048828125,971.0,760300
2025-02-20,964.138671875,989.3800048828125,991.3200073242188,974.02001953125,986.5,769700
2025-02-21,949.365478515625,974.219970703125,993.2100219726562,971.010009765625,992.489990234375,1254000
2025-02-24,928.491943359375,952.7999877929688,982.280029296875,948.1099853515625,975.3499755859375,1141500
2025-02-25,933.5690307617188,958.010009765625,966.1199951171875,945.8599853515625,957.9500122070312,1004000
2025-02-26,929.437255859375,953.77001953125,967.1099853515625,952.280029296875,956.5,614300
2025-02-27,920.7838134765625,944.8900146484375,969.989990234375,943.5,959.0999755859375,675200
2025-02-28,952.834716796875,977.780029296875,980.47998046875,942.010009765625,943.1799926757812,1412300
2025-03-03,941.8131713867188,966.469970703125,990.7899780273438,958.8400268554688,979.8400268554688,767000
2025-03-04,927.5077514648438,951.7899780273438,964.5800170898438,933.3400268554688,952.3599853515625,1040000
2025-03-05,943.440673828125,968.1400146484375,969.6599731445312,947.8499755859375,964.0,837800
2025-03-06,935.1575927734375,959.6400146484375,969.010009765625,948.72998046875,957.6300048828125,698000
2025-03-07,927.799072265625,946.9199829101562,953.030029296875,918.989990234375,953.030029296875,1180800
2025-03-10,896.7785034179688,915.260009765625,931.780029296875,901.530029296875,918.0999755859375,1069500
2025-03-11,891.9871826171875,910.3699951171875,922.969970703125,904.9500122070312,912.1300048828125,963100
2025-03-12,891.6834716796875,910.0599975585938,923.530029296875,903.5399780273438,920.0,630200
2025-03-13,882.2772827148438,900.4600219726562,913.5,898.260009765625,913.02001953125,656600
2025-03-14,909.9470825195312,928.7000122070312,929.0999755859375,907.9199829101562,915.02001953125,623600
2025-03-17,938.6553955078125,958.0,960.9400024414062,933.3699951171875,937.1300048828125,922300
2025-03-18,939.2628784179688,958.6199951171875,964.5700073242188,956.010009765625,957.6300048828125,1086200
2025-03-19,937.9009399414062,957.22998046875,966.0,951.0,959.6799926757812,1086700
2025-03-20,934.9027709960938,954.1699829101562,961.6300048828125,949.52001953125,952.6900024414062,667900
2025-03-21,932.511962890625,951.72998046875,956.3400268554688,938.1699829101562,948.0,5211600
2025-03-24,944.04443359375,963.5,972.989990234375,957.0,960.6500244140625,640000
2025-03-25,953.82275390625,973.47998046875,977.280029296875,961.8599853515625,970.47998046875,566700
2025-03-26,948.6886596679688,968.239990234375,980.2000122070312,964.0,975.0,667600
2025-03-27,948.3947143554688,967.9400024414062,976.7999877929688,957.5,965.510009765625,479100
2025-03-28,927.5836181640625,946.7000122070312,967.6500244140625,945.77001953125,966.239990234375,568800
2025-03-31,927.3680419921875,946.47998046875,949.3699951171875,920.4500122070312,933.5999755859375,1195500
2025-04-01,925.0165405273438,944.0800170898438,957.3800048828125,931.4099731445312,945.9099731445312,668600
2025-04-02,942.41796875,961.8400268554688,965.9600219726562,934.030029296875,934.030029296875,490300
2025-04-03,869.7259521484375,887.6500244140625,928.2100219726562,887.1599731445312,918.5599975585938,903000
2025-04-04,806.0091552734375,822.6199951171875,860.52001953125,811.1599731445312,852.8800048828125,1615100
2025-04-07,800.9924926757812,817.5,846.219970703125,773.739990234375,789.6300048828125,1654100
2025-04-08,799.2484741210938,815.719970703125,856.7999877929688,805.0,849.2999877929688,1812200
2025-04-09,878.965576171875,897.0800170898438,904.9099731445312,799.1500244140625,800.5399780273438,1821500
2025-04-10,841.43896484375,858.780029296875,880.4099731445312,833.0999755859375,879.489990234375,1235600
2025-04-11,861.0350952148438,878.780029296875,888.5499877929688,840.5,848.1699829101562,963000
2025-04-14,871.9795532226562,889.9500122070312,900.0,879.5900268554688,897.27001953125,970300
2025-04-15,870.5,888.4400024414062,900.75,886.22998046875,888.9000244140625,516200
2025-04-16,848.2976684570312,865.780029296875,886.9000244140625,855.219970703125,881.239990234375,591500
2025-04-17,858.095703125,875.780029296875,890.1300048828125,866.1699829101562,871.0499877929688,1034300
2025-04-21,836.7554321289062,854.0,870.0,845.8200073242188,867.0,644400
2025-04-22,869.3046264648438,887.219970703125,888.469970703125,864.510009765625,869.9199829101562,600700
2025-04-23,874.5172119140625,892.5399780273438,929.0,888.760009765625,909.1699829101562,553100
2025-04-24,897.75830078125,916.260009765625,916.7100219726562,892.9099731445312,895.5,619700
2025-04-25,889.3612670898438,907.6900024414062,918.27001953125,899.3599853515625,913.25,444400
2025-04-28,895.2891235351562,913.739990234375,923.52001953125,906.22998046875,906.22998046875,685200
2025-04-29,901.9323120117188,920.52001953125,921.7000122070312,905.0499877929688,910.8900146484375,392300
2025-04-30,895.7987060546875,914.260009765625,915.8800048828125,893.9400024414062,905.9600219726562,1028900
2025-05-01,897.6407470703125,916.1400146484375,923.8800048828125,905.9099731445312,912.9600219726562,451700
2025-05-02,910.4369506835938,929.2000122070312,935.1599731445312,924.3200073242188,931.4199829101562,822500
2025-05-05,901.9420776367188,920.530029296875,933.7000122070312,920.1900024414062,922.9400024414062,384100
2025-05-06,896.4943237304688,914.969970703125,923.77001953125,906.5700073242188,910.489990234375,482900
2025-05-07,901.7754516601562,920.3599853515625,924.989990234375,914.8400268554688,917.6500244140625,547800
2025-05-08,909.8883056640625,928.6400146484375,944.97998046875,927.2100219726562,930.0,626700
2025-05-09,904.7932739257812,923.4400024414062,932.0399780273438,922.1199951171875,930.0,684800
2025-05-12,938.6848754882812,958.030029296875,964.9400024414062,951.1300048828125,961.4199829101562,807900
2025-05-13,939.8115844726562,959.1799926757812,968.3200073242188,957.97998046875,959.8900146484375,604900
2025-05-14,947.5325317382812,967.0599975585938,969.989990234375,959.0,960.0,679200
2025-05-15,963.22900390625,983.0800170898438,989.4400024414062,967.1099853515625,968.6799926757812,1156600
2025-05-16,969.72509765625,989.7100219726562,992.1199951171875,982.52001953125,986.75,723600
2025-05-19,973.5953369140625,993.6599731445312,995.6599731445312,976.530029296875,979.1900024414062,495000
2025-05-20,977.5635375976562,997.7100219726562,999.0,987.52001953125,987.8900146484375,536700
2025-05-21,953.1859130859375,972.8300170898438,996.6799926757812,971.0900268554688,989.0,696000
2025-05-22,950.315185546875,969.9000244140625,977.7899780273438,965.6799926757812,972.0,364100
2025-05-23,943.7307739257812,963.1799926757812,969.72998046875,950.2999877929688,956.8900146484375,517500
2025-05-27,961.5045776367188,981.3200073242188,981.5,967.989990234375,975.6900024414062,843100
2025-05-28,951.6672973632812,971.280029296875,984.5,969.739990234375,981.989990234375,367100
2025-05-29,956.6055297851562,976.3200073242188,979.530029296875,965.969970703125,978.0800170898438,455500
2025-05-30,960.1033935546875,979.8900146484375,979.969970703125,967.3400268554688,973.1400146484375,1061000
2025-06-02,958.3201904296875,978.0700073242188,979.8900146484375,965.0,975.7100219726562,425000
2025-06-03,962.2981567382812,982.1300048828125,985.280029296875,970.9600219726562,976.0,495700
2025-06-04,969.0,988.969970703125,991.0,984.989990234375,987.0,491700
2025-06-05,970.674560546875,985.4600219726562,991.0,978.5900268554688,989.0700073242188,479400
2025-06-06,974.210693359375,989.0499877929688,1000.97998046875,987.3300170898438,993.72998046875,627700
2025-06-09,974.0038452148438,988.8400268554688,994.4199829101562,981.52001953125,991.2899780273438,420000
2025-06-10,977.0178833007812,991.9000244140625,993.1199951171875,985.0,987.5,478700
2025-06-11,978.3969116210938,993.2999877929688,1003.3099975585938,990.0,995.2999877929688,645700
2025-06-12,973.4226684570312,988.25,994.5,983.739990234375,989.9099731445312,558500
2025-06-13,957.2391967773438,971.8200073242188,985.5700073242188,967.3400268554688,980.3200073242188,674300
2025-06-16,967.364990234375,982.0999755859375,989.1500244140625,977.22998046875,986.5900268554688,522400
2025-06-17,954.6387329101562,969.1799926757812,980.4299926757812,965.6300048828125,975.8499755859375,624800
2025-06-18,964.8236083984375,979.52001953125,988.27001953125,966.4500122070312,970.8099975585938,662600
2025-06-20,959.8198852539062,974.4400024414062,986.9099731445312,973.2100219726562,982.2100219726562,859500
2025-06-23,971.5018920898438,986.2999877929688,986.4500122070312,966.47998046875,975.3200073242188,642900
2025-06-24,989.8917846679688,1004.969970703125,1005.8499755859375,993.0,995.5,699500
2025-06-25,1002.8051147460938,1018.0800170898438,1020.0,1000.0,1007.72998046875,661800
2025-06-26,1015.324462890625,1030.7900390625,1037.0,1017.7000122070312,1020.52001953125,631200
2025-06-27,1032.0989990234375,1047.8199462890625,1050.0,1034.3599853515625,1035.5999755859375,799900
2025-06-30,1033.5074462890625,1049.25,1054.1800537109375,1041.31005859375,1049.97998046875,530400
2025-07-01,1038.4521484375,1054.27001953125,1057.0,1041.4300537109375,1046.5799560546875,472900
2025-07-02,1054.507568359375,1070.5699462890625,1070.6600341796875,1050.0,1056.0,495000
2025-07-03,1065.913818359375,1082.1500244140625,1082.47998046875,1066.6300048828125,1071.3299560546875,342700
2025-07-07,1059.8265380859375,1075.969970703125,1086.8399658203125,1070.02001953125,1084.0,559700
2025-07-08,1058.890869140625,1075.02001953125,1079.8599853515625,1070.0,1075.4200439453125,502500
2025-07-09,1072.414794921875,1088.75,1088.77001953125,1077.6400146484375,1080.0,340400
2025-07-10,1087.4853515625,1104.050048828125,1105.719970703125,1084.1500244140625,1091.780029296875,467500
2025-07-11,1085.1114501953125,1101.6400146484375,1103.43994140625,1091.8199462890625,1099.6099853515625,545400
2025-07-14,1094.7840576171875,1111.4599609375,1112.1300048828125,1098.43994140625,1101.0799560546875,661800
2025-07-15,1030.4637451171875,1046.1600341796875,1076.469970703125,1033.77001953125,1070.8499755859375,1939400
2025-07-16,1066.00244140625,1082.239990234375,1086.949951171875,1053.0,1054.5899658203125,1407200
2025-07-17,1088.7952880859375,1105.3800048828125,1109.2900390625,1077.1099853515625,1085.0,1175600
2025-07-18,1087.0321044921875,1103.5899658203125,1119.18994140625,1102.5799560546875,1111.9300537109375,991300
2025-07-21,1076.620849609375,1093.02001953125,1110.7099609375,1093.02001953125,1107.6800537109375,445700
2025-07-22,1083.880126953125,1100.3900146484375,1103.81005859375,1086.1800537109375,1096.0799560546875,580800
2025-07-23,1103.5604248046875,1120.3699951171875,1122.72998046875,1100.56005859375,1104.1700439453125,653400
2025-07-24,1101.59033203125,1118.3699951171875,1125.760009765625,1113.6400146484375,1117.0,539500
2025-07-25,1106.4267578125,1123.280029296875,1130.6600341796875,1117.760009765625,1122.3199462890625,516300
2025-07-28,1101.048583984375,1117.8199462890625,1125.68994140625,1115.0899658203125,1124.0,299300
2025-07-29,1104.7030029296875,1121.530029296875,1127.93994140625,1114.75,1123.3499755859375,422000
2025-07-30,1097.92626953125,1114.6500244140625,1126.550048828125,1109.43994140625,1117.300048828125,372400
2025-07-31,1089.4158935546875,1106.010009765625,1120.949951171875,1103.239990234375,1108.2900390625,498400
2025-08-01,1075.419189453125,1091.800048828125,1097.6600341796875,1077.199951171875,1089.0,673200
2025-08-04,1099.315185546875,1116.06005859375,1116.06005859375,1095.25,1097.97998046875,503100
2025-08-05,1092.991455078125,1109.6400146484375,1122.739990234375,1099.52001953125,1122.739990234375,481300
2025-08-06,1103.7279052734375,1120.5400390625,1122.1400146484375,1105.969970703125,1114.02001953125,404900
2025-08-07,1096.1334228515625,1112.8299560546875,1131.9300537109375,1108.1600341796875,1130.0,381400
2025-08-08,1108.0914306640625,1124.969970703125,1126.1700439453125,1114.550048828125,1119.719970703125,427800
2025-08-11,1111.007080078125,1127.9300537109375,1133.0799560546875,1121.780029296875,1125.0,575600
2025-08-12,1142.211669921875,1159.6099853515625,1161.5,1131.5699462890625,1134.3299560546875,669000
2025-08-13,1142.6253662109375,1160.030029296875,1171.8900146484375,1148.0,1166.5,570800
2025-08-14,1142.75341796875,1160.1600341796875,1162.5,1144.8299560546875,1154.1300048828125,407600
2025-08-15,1117.980712890625,1135.010009765625,1163.52001953125,1134.4300537109375,1163.52001953125,582200
2025-08-18,1119.0740966796875,1136.1199951171875,1141.0,1126.8199462890625,1134.0,405800
2025-08-19,1111.538818359375,1128.469970703125,1135.0,1121.800048828125,1126.280029296875,611700
2025-08-20,1111.5289306640625,1128.4599609375,1132.8399658203125,1114.010009765625,1125.8599853515625,573100
2025-08-21,1107.8746337890625,1124.75,1129.0,1118.8299560546875,1124.8199462890625,275100
2025-08-22,1130.943359375,1148.1700439453125,1157.75,1126.0,1128.8900146484375,433700
2025-08-25,1120.0394287109375,1137.0999755859375,1150.0,1136.5699462890625,1143.4100341796875,415000
2025-08-26,1122.698974609375,1139.800048828125,1142.4100341796875,1125.530029296875,1135.030029296875,580200
2025-08-27,1114.6514892578125,1131.6300048828125,1144.780029296875,1131.56005859375,1138.3900146484375,310000
2025-08-28,1113.5186767578125,1130.47998046875,1138.0,1127.1199951171875,1133.800048828125,475200
2025-08-29,1110.228759765625,1127.1400146484375,1134.1400146484375,1118.449951171875,1131.9000244140625,356100
2025-09-02,1098.04443359375,1114.77001953125,1119.989990234375,1100.5899658203125,1117.8399658203125,391300
2025-09-03,1082.9937744140625,1099.489990234375,1113.199951171875,1092.6600341796875,1112.5999755859375,412900
2025-09-04,1092.1246337890625,1108.760009765625,1113.0,1101.5799560546875,1109.0,460000
2025-09-05,1087.7701416015625,1099.1500244140625,1110.1800537109375,1088.5699462890625,1107.7099609375,487600
2025-09-08,1093.4803466796875,1104.9200439453125,1105.8199462890625,1094.0,1098.280029296875,671000
2025-09-09,1094.22265625,1105.6700439453125,1113.7099609375,1100.050048828125,1101.56005859375,334200
2025-09-10,1091.471435546875,1102.8900146484375,1118.52001953125,1098.81005859375,1107.280029296875,367400
2025-09-11,1122.4375,1134.1800537109375,1141.8299560546875,1102.969970703125,1105.0,585100
2025-09-12,1111.779052734375,1123.4100341796875,1140.0,1118.6500244140625,1132.719970703125,544800
2025-09-15,1103.5648193359375,1115.1099853515625,1125.6099853515625,1110.5,1120.5799560546875,506800
2025-09-16,1107.3057861328125,1118.8900146484375,1123.3900146484375,1106.6099853515625,1120.0,547500
2025-09-17,1120.0623779296875,1131.780029296875,1133.449951171875,1117.0,1121.0,508000
2025-09-18,1125.35693359375,1137.1300048828125,1151.93994140625,1134.5,1136.93994140625,523900
2025-09-19,1131.017578125,1142.8499755859375,1145.050048828125,1126.0,1138.77001953125,1505500
2025-09-22,1124.4464111328125,1136.2099609375,1142.9100341796875,1133.699951171875,1137.18994140625,366000
2025-09-23,1120.0325927734375,1131.75,1146.260009765625,1127.4100341796875,1138.5,427100
2025-09-24,1116.301513671875,1127.97998046875,1140.4300537109375,1125.6099853515625,1133.5,345400
2025-09-25,1135.4117431640625,1147.2900390625,1149.1199951171875,1118.0,1122.6800537109375,680300
2025-09-26,1144.4769287109375,1156.449951171875,1159.47998046875,1150.780029296875,1152.0,435500
2025-09-29,1163.3890380859375,1175.56005859375,1182.1400146484375,1163.8499755859375,1167.4000244140625,567500
2025-09-30,1153.79931640625,1165.8699951171875,1183.5,1154.5,1176.6500244140625,691600
2025-10-01,1129.256103515625,1141.0699462890625,1156.9200439453125,1133.68994140625,1154.0,604300
2025-10-02,1148.5245361328125,1160.5400390625,1167.47998046875,1138.5999755859375,1145.5400390625,615800
2025-10-03,1148.6728515625,1160.68994140625,1168.010009765625,1157.8499755859375,1166.9599609375,377200
2025-10-06,1167.0606689453125,1179.27001953125,1184.1300048828125,1158.5999755859375,1168.97998046875,772600
2025-10-07,1154.1556396484375,1166.22998046875,1183.949951171875,1155.030029296875,1179.27001953125,531300
2025-10-08,1152.9383544921875,1165.0,1178.18994140625,1155.469970703125,1171.43994140625,393500
2025-10-09,1155.34326171875,1167.4300537109375,1177.5,1157.1199951171875,1170.6300048828125,478000
2025-10-10,1120.6363525390625,1132.3599853515625,1180.9300537109375,1131.3800048828125,1172.5,643500
2025-10-13,1143.1607666015625,1155.1199951171875,1163.43994140625,1144.719970703125,1147.6199951171875,742400
2025-10-14,1181.8953857421875,1194.260009765625,1209.8199462890625,1135.0,1140.0,1146400
2025-10-15,1190.13916015625,1202.5899658203125,1219.93994140625,1178.0,1200.0,1003700
2025-10-16,1159.2325439453125,1171.3599853515625,1209.8900146484375,1168.1300048828125,1204.0,1250200
2025-10-17,1149.13818359375,1161.1600341796875,1176.1800537109375,1154.1500244140625,1169.06005859375,777500
2025-10-20,1147.9901123046875,1160.0,1178.989990234375,1158.6199951171875,1178.0,678800
2025-10-21,1118.3006591796875,1130.0,1159.719970703125,1129.469970703125,1158.1600341796875,1052000
2025-10-22,1117.984130859375,1129.6800537109375,1134.93994140625,1120.219970703125,1129.5,618600
2025-10-23,1113.3525390625,1125.0,1132.52001953125,1119.989990234375,1131.510009765625,371600
2025-10-24,1124.862060546875,1136.6300048828125,1144.5,1133.239990234375,1141.27001953125,560700
2025-10-27,1119.59716796875,1131.31005859375,1146.3900146484375,1128.949951171875,1146.3900146484375,726100
2025-10-28,1113.302978515625,1124.949951171875,1138.6500244140625,1124.5400390625,1131.969970703125,390000
2025-10-29,1086.632080078125,1098.0,1121.81005859375,1096.989990234375,1117.6199951171875,861700
2025-10-30,1086.6815185546875,1098.050048828125,1106.8900146484375,1090.949951171875,1097.4000244140625,631700
2025-10-31,1071.599365234375,1082.81005859375,1092.52001953125,1073.760009765625,1090.0,895300
2025-11-03,1057.7640380859375,1068.8299560546875,1081.8299560546875,1057.199951171875,1079.0799560546875,790900
2025-11-04,1048.9365234375,1059.9100341796875,1067.3800048828125,1057.0,1061.0,934800
2025-11-05,1062.4549560546875,1073.5699462890625,1082.5699462890625,1053.6300048828125,1058.989990234375,550200
2025-11-06,1058.36767578125,1069.43994140625,1079.050048828125,1056.0699462890625,1069.6400146484375,415700
2025-11-07,1070.99560546875,1082.199951171875,1083.3900146484375,1057.77001953125,1064.4300537109375,470300
2025-11-10,1071.421142578125,1082.6300048828125,1091.949951171875,1071.18994140625,1087.6800537109375,413500
2025-11-11,1074.518798828125,1085.760009765625,1086.6500244140625,1076.699951171875,1082.1600341796875,309600
2025-11-12,1082.604248046875,1093.9300537109375,1098.6400146484375,1086.1199951171875,1086.4000244140625,432800
2025-11-13,1058.5755615234375,1069.6500244140625,1093.3599853515625,1060.5999755859375,1090.3699951171875,541700
2025-11-14,1046.98681640625,1057.93994140625,1065.8399658203125,1048.260009765625,1060.0,459100
2025-11-17,1013.2002563476562,1023.7999877929688,1055.06005859375,1014.1099853515625,1053.489990234375,935200
2025-11-18,1008.5885620117188,1019.1400146484375,1026.77001953125,1010.5,1022.0,749500
2025-11-19,1004.1746826171875,1014.6799926757812,1025.43994140625,1009.0599975585938,1020.0,838600
2025-11-20,982.244140625,992.52001953125,1032.489990234375,990.5800170898438,1029.1099853515625,677800
2025-11-21,1004.2142333984375,1014.719970703125,1015.3800048828125,990.8099975585938,999.0,1229200
2025-11-24,1008.9348754882812,1019.489990234375,1024.219970703125,1004.9400024414062,1006.8499755859375,1010300
2025-11-25,1019.1085205078125,1029.77001953125,1033.0,1010.9199829101562,1019.489990234375,688700
2025-11-26,1029.2919921875,1040.06005859375,1048.3199462890625,1030.0400390625,1031.1099853515625,561000
2025-11-28,1036.45703125,1047.300048828125,1053.93994140625,1043.8599853515625,1049.8900146484375,300300
2025-12-01,1029.173095703125,1039.93994140625,1052.5699462890625,1037.0,1039.0,624600
2025-12-02,1027.8668212890625,1038.6199951171875,1045.1199951171875,1031.0,1043.0,376500
2025-12-03,1068.6898193359375,1079.8699951171875,1087.0899658203125,1040.6500244140625,1043.0699462890625,863200
2025-12-04,1064.444091796875,1075.5799560546875,1086.8499755859375,1072.6400146484375,1080.8199462890625,597800
2025-12-05,1066.2242431640625,1072.1600341796875,1074.0,1062.8900146484375,1068.489990234375,544100
2025-12-08,1056.140380859375,1062.02001953125,1078.8599853515625,1057.1500244140625,1074.0,612600
2025-12-09,1065.3790283203125,1071.31005859375,1074.0899658203125,1059.1800537109375,1060.260009765625,445300
2025-12-10,1077.3621826171875,1083.3599853515625,1089.77001953125,1071.52001953125,1077.239990234375,840700
2025-12-11,1095.7398681640625,1101.8399658203125,1104.3299560546875,1081.0,1084.8599853515625,774100
2025-12-12,1083.0604248046875,1089.0899658203125,1107.260009765625,1085.010009765625,1107.260009765625,608000
2025-12-15,1076.1689453125,1082.1600341796875,1098.8499755859375,1078.5,1095.4300537109375,564700
2025-12-16,1062.2265625,1068.1400146484375,1083.18994140625,1063.8900146484375,1081.3599853515625,651500
2025-12-17,1059.1038818359375,1065.0,1083.75,1064.6400146484375,1072.800048828125,648100
2025-12-18,1059.0938720703125,1064.989990234375,1078.510009765625,1057.449951171875,1073.9100341796875,588400
2025-12-19,1054.3006591796875,1060.1700439453125,1068.56005859375,1057.75,1066.949951171875,1174100
2025-12-22,1082.185302734375,1088.2099609375,1090.9599609375,1065.77001953125,1066.3299560546875,575500
2025-12-23,1080.53466796875,1086.550048828125,1091.739990234375,1083.4000244140625,1085.550048828125,265400
2025-12-24,1082.93115234375,1088.9599609375,1094.3299560546875,1084.0,1089.8199462890625,195100
2025-12-26,1082.0859375,1088.1099853515625,1091.68994140625,1084.6300048828125,1090.719970703125,230300
2025-12-29,1082.3743896484375,1088.4000244140625,1092.050048828125,1082.760009765625,1091.0400390625,295100
2025-12-30,1077.3126220703125,1083.31005859375,1090.0,1082.010009765625,1088.5400390625,273100
2025-12-31,1064.414306640625,1070.3399658203125,1085.3599853515625,1070.0799560546875,1082.949951171875,327600
2026-01-02,1079.0528564453125,1085.06005859375,1089.8800048828125,1069.0,1071.43994140625,603300
2026-01-05,1113.5606689453125,1119.760009765625,1131.6500244140625,1083.25,1085.8800048828125,926200
2026-01-06,1106.1221923828125,1112.280029296875,1124.280029296875,1106.760009765625,1119.3199462890625,537600
2026-01-07,1069.137939453125,1075.0899658203125,1112.800048828125,1074.969970703125,1108.1600341796875,839400
2026-01-08,1081.8970947265625,1087.9200439453125,1092.449951171875,1060.1300048828125,1060.1300048828125,558100
2026-01-09,1079.092529296875,1085.0999755859375,1092.77001953125,1080.0,1090.22998046875,613800
2026-01-12,1083.2296142578125,1089.260009765625,1090.9200439453125,1073.9100341796875,1078.47998046875,726700
2026-01-13,1083.508056640625,1089.5400390625,1094.0,1073.72998046875,1089.5400390625,730700
2026-01-14,1085.80517578125,1091.8499755859375,1094.010009765625,1070.4100341796875,1070.530029296875,953900
2026-01-15,1150.2464599609375,1156.6500244140625,1162.3299560546875,1125.06005859375,1128.6199951171875,1401700
2026-01-16,1156.73046875,1163.1700439453125,1181.3599853515625,1159.0,1159.5,1125600
2026-01-20,1103.904541015625,1110.050048828125,1148.3599853515625,1105.989990234375,1144.0,1026100
2026-01-21,1121.60595703125,1127.8499755859375,1135.3499755859375,1114.5999755859375,1120.0,687700
2026-01-22,1133.41015625,1139.719970703125,1148.02001953125,1132.4599609375,1137.5999755859375,683500
2026-01-23,1123.654541015625,1129.9100341796875,1136.489990234375,1121.0,1133.9100341796875,730400
2026-01-26,1115.3309326171875,1121.5400390625,1141.47998046875,1121.1099853515625,1133.5699462890625,739300
2026-01-27,1100.56298828125,1106.68994140625,1125.5,1098.0,1121.56005859375,537100
2026-01-28,1115.460205078125,1121.6700439453125,1123.81005859375,1098.3900146484375,1106.0,616100
2026-01-29,1121.536376953125,1127.780029296875,1135.0,1107.260009765625,1127.1400146484375,701000
2026-01-30,1112.7452392578125,1118.93994140625,1129.0699462890625,1102.739990234375,1115.3699951171875,632100
2026-02-02,1113.4613037109375,1119.6600341796875,1124.3299560546875,1104.93994140625,1118.1300048828125,498700
2026-02-03,1064.15576171875,1070.0799560546875,1118.5899658203125,1048.5400390625,1115.0,947200
2026-02-04,1070.2021484375,1076.1600341796875,1081.969970703125,1042.93994140625,1068.780029296875,827600
2026-02-05,1048.96044921875,1054.800048828125,1078.8800048828125,1049.239990234375,1065.9000244140625,756100
2026-02-06,1050.5316162109375,1056.3800048828125,1075.3800048828125,1047.5699462890625,1069.5,1343700
2026-02-09,1073.92138671875,1079.9000244140625,1084.68994140625,1044.010009765625,1045.0899658203125,799400
2026-02-10,1081.7578125,1087.780029296875,1113.56005859375,1078.739990234375,1079.25,956500
2026-02-11,1076.8848876953125,1082.8800048828125,1099.0,1068.3199462890625,1089.010009765625,970000
2026-02-12,1049.7857666015625,1055.6300048828125,1087.989990234375,1017.0,1084.300048828125,1153000
2026-02-13,1065.577880859375,1071.510009765625,1072.199951171875,1047.0,1057.199951171875,669100
2026-02-17,1066.7314453125,1072.6700439453125,1087.9000244140625,1059.22998046875,1074.6099853515625,921900
2026-02-18,1086.2130126953125,1092.260009765625,1103.7900390625,1070.3499755859375,1080.239990234375,700000
2026-02-19,1075.2938232421875,1081.280029296875,1084.77001953125,1064.0999755859375,1077.9000244140625,662400
2026-02-20,1087.5853271484375,1093.6400146484375,1102.5799560546875,1068.0699462890625,1074.9100341796875,567700
2026-02-23,1065.08056640625,1071.010009765625,1108.219970703125,1056.0,1099.969970703125,727200
2026-02-24,1075.0650634765625,1081.050048828125,1093.8599853515625,1051.4100341796875,1061.1300048828125,737300
2026-02-25,1087.724609375,1093.780029296875,1097.6700439453125,1061.5,1086.489990234375,774200
2026-02-26,1084.2340087890625,1090.27001953125,1108.050048828125,1060.1199951171875,1100.0,725400
2026-02-27,1057.3436279296875,1063.22998046875,1080.0,1040.449951171875,1073.0699462890625,1191600
2026-03-02,1062.3956298828125,1068.31005859375,1075.52001953125,1031.949951171875,1038.77001953125,708700
2026-03-03,1046.7625732421875,1052.5899658203125,1066.989990234375,1029.0,1033.030029296875,893200
2026-03-04,1043.421142578125,1049.22998046875,1062.989990234375,1045.0,1060.0,482100
2026-03-05,1029.27001953125,1035.0,1046.4599609375,1022.1199951171875,1039.68994140625,672800
2026-03-06,955.4500122070312,955.4500122070312,994.8200073242188,948.75,991.2899780273438,1846200
2026-03-09,957.6699829101562,957.6699829101562,960.3900146484375,919.0,929.3800048828125,1933100
2026-03-10,967.3599853515625,967.3599853515625,976.7999877929688,956.5499877929688,965.0,1159200
2026-03-11,951.1699829101562,951.1699829101562,967.4000244140625,940.3099975585938,964.780029296875,1088600
2026-03-12,922.9000244140625,922.9000244140625,944.0999755859375,917.3900146484375,932.5800170898438,1133100
2026-03-13,924.1099853515625,924.1099853515625,943.4299926757812,920.9199829101562,932.9299926757812,1236600
2026-03-16,943.260009765625,943.260009765625,946.52001953125,929.0,931.469970703125,926900
2026-03-17,971.010009765625,971.010009765625,975.4600219726562,954.0499877929688,958.0,1345600
2026-03-18,968.3099975585938,968.3099975585938,976.2899780273438,962.52001953125,963.75,842000
2026-03-19,969.5999755859375,969.5999755859375,972.0,949.6099853515625,957.2000122070312,913300
2026-03-20,957.9099731445312,957.9099731445312,971.7899780273438,945.52001953125,970.260009765625,1409900
2026-03-23,974.5800170898438,974.5800170898438,988.2999877929688,965.0,976.8900146484375,911800
2026-03-24,976.0599975585938,976.0599975585938,978.6799926757812,956.5399780273438,960.0,626000
2026-03-25,981.3499755859375,981.3499755859375,992.1300048828125,963.9000244140625,988.0,877400
2026-03-26,968.4600219726562,968.4600219726562,985.1799926757812,966.5499877929688,972.5900268554688,739600
2026-03-27,933.8499755859375,933.8499755859375,961.47998046875,930.0,959.7999877929688,877300
2026-03-30,934.0599975585938,934.0599975585938,953.510009765625,930.6900024414062,939.4500122070312,806600
2026-03-31,961.7100219726562,961.7100219726562,967.0800170898438,940.530029296875,950.3200073242188,799300
2026-04-01,957.4000244140625,957.4000244140625,978.989990234375,956.2999877929688,974.9500122070312,616374
