Date,Adj Close,Close,High,Low,Open,Volume
2016-02-03,18.200000762939453,18.200000762939453,18.8799991607666,16.0,18.0,4157900
2016-02-04,18.5,18.5,19.420000076293945,17.56999969482422,18.260000228881836,469900
2016-02-05,17.600000381469727,17.600000381469727,18.8799991607666,17.520000457763672,18.84000015258789,219900
2016-02-08,15.850000381469727,15.850000381469727,18.0,15.720000267028809,17.520000457763672,372100
2016-02-09,12.8100004196167,12.8100004196167,15.5,12.748000144958496,15.5,744100
2016-02-10,13.09000015258789,13.09000015258789,14.0,12.789999961853027,13.010000228881836,260800
2016-02-11,15.770000457763672,15.770000457763672,16.899999618530273,12.569999694824219,12.970000267028809,258900
2016-02-12,15.399999618530273,15.399999618530273,17.440000534057617,15.050000190734863,16.0,216300
2016-02-16,15.9399995803833,15.9399995803833,16.204999923706055,15.729999542236328,15.850000381469727,142500
2016-02-17,16.700000762939453,16.700000762939453,17.15999984741211,15.960000038146973,16.739999771118164,245500
2016-02-18,16.75,16.75,17.389999389648438,16.200000762939453,17.149999618530273,129900
2016-02-19,18.479999542236328,18.479999542236328,19.979999542236328,16.65999984741211,16.860000610351562,345700
2016-02-22,21.6200008392334,21.6200008392334,21.899999618530273,19.100000381469727,19.600000381469727,417000
2016-02-23,22.6200008392334,22.6200008392334,23.479999542236328,21.260000228881836,21.299999237060547,411800
2016-02-24,23.219999313354492,23.219999313354492,24.559999465942383,22.0,22.899999618530273,498300
2016-02-25,23.950000762939453,23.950000762939453,24.280000686645508,22.799999237060547,22.84000015258789,325800
2016-02-26,27.489999771118164,27.489999771118164,29.399999618530273,24.31999969482422,25.360000610351562,583100
2016-02-29,28.950000762939453,28.950000762939453,30.1200008392334,27.440000534057617,28.0,618700
2016-03-01,28.959999084472656,28.959999084472656,29.799999237060547,26.690000534057617,29.469999313354492,532700
2016-03-02,31.899999618530273,31.899999618530273,31.899999618530273,28.049999237060547,29.0,394300
2016-03-03,37.4900016784668,37.4900016784668,39.07500076293945,31.51099967956543,32.91999816894531,590000
2016-03-04,35.560001373291016,35.560001373291016,39.130001068115234,34.25,39.0,577300
2016-03-07,39.11000061035156,39.11000061035156,41.599998474121094,35.88999938964844,35.88999938964844,421100
2016-03-08,41.9900016784668,41.9900016784668,43.9900016784668,40.130001068115234,41.9900016784668,603900
2016-03-09,31.100000381469727,31.100000381469727,43.40999984741211,30.0,42.70000076293945,1444300
2016-03-10,26.739999771118164,26.739999771118164,32.5,25.639999389648438,32.5,816900
2016-03-11,31.25,31.25,32.0,27.25,27.979999542236328,467800
2016-03-14,30.770000457763672,30.770000457763672,34.29999923706055,30.510000228881836,31.25,305500
2016-03-15,32.34000015258789,32.34000015258789,33.349998474121094,29.399999618530273,29.850000381469727,197800
2016-03-16,31.020000457763672,31.020000457763672,35.20000076293945,31.010000228881836,32.08000183105469,278500
2016-03-17,30.43000030517578,30.43000030517578,32.53900146484375,30.309999465942383,31.170000076293945,290400
2016-03-18,29.360000610351562,29.360000610351562,31.56999969482422,28.020000457763672,31.56999969482422,1080500
2016-03-21,29.959999084472656,29.959999084472656,30.5,29.0,30.239999771118164,229900
2016-03-22,29.8799991607666,29.8799991607666,30.3799991607666,29.200000762939453,29.950000762939453,100100
2016-03-23,30.450000762939453,30.450000762939453,30.8799991607666,29.110000610351562,30.0,294000
2016-03-24,31.309999465942383,31.309999465942383,31.56999969482422,30.049999237060547,30.440000534057617,185400
2016-03-28,30.530000686645508,30.530000686645508,31.989999771118164,30.049999237060547,31.780000686645508,104100
2016-03-29,32.61000061035156,32.61000061035156,33.2400016784668,30.1299991607666,30.1299991607666,158500
2016-03-30,31.190000534057617,31.190000534057617,34.32500076293945,31.020000457763672,33.0,122500
2016-03-31,34.540000915527344,34.540000915527344,35.0,31.5,32.0,976300
2016-04-01,36.900001525878906,36.900001525878906,37.40999984741211,33.16999816894531,35.0,230300
2016-04-04,39.58000183105469,39.58000183105469,40.5,37.0,37.290000915527344,333900
2016-04-05,42.040000915527344,42.040000915527344,42.845001220703125,38.599998474121094,39.45000076293945,403700
2016-04-06,41.83000183105469,41.83000183105469,43.5,41.61199951171875,41.97999954223633,271900
2016-04-07,39.86000061035156,39.86000061035156,41.56399917602539,38.599998474121094,41.5,372000
2016-04-08,40.45000076293945,40.45000076293945,41.13199996948242,40.0,40.40999984741211,236900
2016-04-11,37.869998931884766,37.869998931884766,41.189998626708984,37.2599983215332,41.04999923706055,241900
2016-04-12,37.11000061035156,37.11000061035156,37.90999984741211,35.41999816894531,37.47999954223633,275100
2016-04-13,38.189998626708984,38.189998626708984,38.61000061035156,37.150001525878906,38.61000061035156,107900
2016-04-14,39.72999954223633,39.72999954223633,40.757999420166016,38.099998474121094,38.099998474121094,159200
2016-04-15,39.869998931884766,39.869998931884766,41.400001525878906,39.66999816894531,39.66999816894531,161200
2016-04-18,40.36000061035156,40.36000061035156,41.2599983215332,40.0,40.5,57000
2016-04-19,39.59000015258789,39.59000015258789,41.099998474121094,38.75,40.7599983215332,144900
2016-04-20,40.63999938964844,40.63999938964844,40.965999603271484,39.099998474121094,39.7400016784668,67600
2016-04-21,40.22999954223633,40.22999954223633,41.2400016784668,39.52000045776367,41.040000915527344,91000
2016-04-22,38.099998474121094,38.099998474121094,40.757999420166016,37.7599983215332,40.47999954223633,210600
2016-04-25,38.709999084472656,38.709999084472656,39.5,38.09000015258789,38.09000015258789,121900
2016-04-26,37.0,37.0,39.40999984741211,36.5,39.279998779296875,141200
2016-04-27,36.369998931884766,36.369998931884766,36.97999954223633,36.02000045776367,36.86000061035156,141600
2016-04-28,34.13999938964844,34.13999938964844,38.029998779296875,34.040000915527344,36.97999954223633,152300
2016-04-29,33.04999923706055,33.04999923706055,34.54999923706055,32.029998779296875,34.0,215000
2016-05-02,33.5099983215332,33.5099983215332,34.308998107910156,33.06999969482422,33.06999969482422,91100
2016-05-03,30.989999771118164,30.989999771118164,33.52000045776367,30.989999771118164,33.470001220703125,181900
2016-05-04,30.200000762939453,30.200000762939453,32.18000030517578,30.0,32.04999923706055,169900
2016-05-05,31.989999771118164,31.989999771118164,32.5,30.292999267578125,31.0,199700
2016-05-06,30.1299991607666,30.1299991607666,32.560001373291016,29.43000030517578,31.899999618530273,169800
2016-05-09,30.299999237060547,30.299999237060547,30.972999572753906,30.040000915527344,30.040000915527344,76000
2016-05-10,30.610000610351562,30.610000610351562,30.889999389648438,30.200000762939453,30.299999237060547,79100
2016-05-11,30.389999389648438,30.389999389648438,30.940000534057617,30.299999237060547,30.440000534057617,105700
2016-05-12,28.540000915527344,28.540000915527344,30.40999984741211,27.979999542236328,30.40999984741211,251100
2016-05-13,30.09000015258789,30.09000015258789,30.344999313354492,28.6200008392334,28.639999389648438,114400
2016-05-16,34.0,34.0,36.244998931884766,30.889999389648438,31.0,573800
2016-05-17,32.20000076293945,32.20000076293945,35.599998474121094,32.20000076293945,35.099998474121094,185800
2016-05-18,33.34000015258789,33.34000015258789,33.52000045776367,31.8799991607666,31.950000762939453,106100
2016-05-19,32.849998474121094,32.849998474121094,34.43000030517578,32.47999954223633,33.4900016784668,160700
2016-05-20,33.25,33.25,33.73699951171875,32.66999816894531,32.93000030517578,131400
2016-05-23,33.779998779296875,33.779998779296875,34.55799865722656,33.06999969482422,33.13999938964844,203100
2016-05-24,35.75,35.75,36.099998474121094,33.86000061035156,33.86000061035156,201800
2016-05-25,36.02000045776367,36.02000045776367,37.0,35.150001525878906,36.0,254400
2016-05-26,35.38999938964844,35.38999938964844,36.584999084472656,35.189998626708984,36.0,77700
2016-05-27,35.220001220703125,35.220001220703125,36.25,34.400001525878906,36.0,162800
2016-05-31,37.09000015258789,37.09000015258789,37.2400016784668,35.02000045776367,35.220001220703125,227500
2016-06-01,36.790000915527344,36.790000915527344,38.25,36.52000045776367,37.11000061035156,154900
2016-06-02,34.84000015258789,34.84000015258789,37.95000076293945,34.02000045776367,36.08000183105469,167600
2016-06-03,33.709999084472656,33.709999084472656,35.47999954223633,33.02000045776367,34.209999084472656,182100
2016-06-06,32.88999938964844,32.88999938964844,33.81999969482422,32.04999923706055,33.75,216400
2016-06-07,33.56999969482422,33.56999969482422,35.08000183105469,32.52000045776367,32.68000030517578,193400
2016-06-08,34.470001220703125,34.470001220703125,35.0,33.08000183105469,33.689998626708984,217800
2016-06-09,32.38999938964844,32.38999938964844,34.92499923706055,32.290000915527344,34.0,142200
2016-06-10,30.540000915527344,30.540000915527344,32.02199935913086,30.399999618530273,32.0,189200
2016-06-13,30.030000686645508,30.030000686645508,30.952999114990234,29.709999084472656,30.100000381469727,243400
2016-06-14,30.8700008392334,30.8700008392334,31.010000228881836,29.700000762939453,30.25,179200
2016-06-15,32.529998779296875,32.529998779296875,32.66999816894531,30.920000076293945,30.920000076293945,141100
2016-06-16,31.299999237060547,31.299999237060547,32.54499816894531,30.510000228881836,32.220001220703125,287000
2016-06-17,29.690000534057617,29.690000534057617,31.549999237060547,29.690000534057617,31.40999984741211,646900
2016-06-20,29.68000030517578,29.68000030517578,31.25,29.06999969482422,30.010000228881836,185100
2016-06-21,27.59000015258789,27.59000015258789,30.190000534057617,26.799999237060547,29.700000762939453,361500
2016-06-22,28.079999923706055,28.079999923706055,29.440000534057617,26.799999237060547,27.8799991607666,153500
2016-06-23,28.350000381469727,28.350000381469727,28.648000717163086,27.5,28.149999618530273,133200
2016-06-24,26.06999969482422,26.06999969482422,27.309999465942383,25.450000762939453,26.559999465942383,328600
2016-06-27,23.860000610351562,23.860000610351562,27.389999389648438,22.5,25.25,374500
2016-06-28,24.809999465942383,24.809999465942383,25.760000228881836,24.299999237060547,24.299999237060547,169800
2016-06-29,25.18000030517578,25.18000030517578,25.540000915527344,24.520000457763672,25.25,123300
2016-06-30,24.399999618530273,24.399999618530273,25.459999084472656,23.600000381469727,25.219999313354492,189500
2016-07-01,25.450000762939453,25.450000762939453,25.829999923706055,24.450000762939453,24.450000762939453,129700
2016-07-05,25.200000762939453,25.200000762939453,26.989999771118164,24.39699935913086,25.700000762939453,110500
2016-07-06,25.5,25.5,25.5,24.540000915527344,24.850000381469727,140900
2016-07-07,25.6200008392334,25.6200008392334,26.395000457763672,25.110000610351562,25.690000534057617,64700
2016-07-08,25.31999969482422,25.31999969482422,25.610000610351562,24.639999389648438,25.0,146800
2016-07-11,25.239999771118164,25.239999771118164,26.142000198364258,25.0,25.5,78300
2016-07-12,25.639999389648438,25.639999389648438,25.690000534057617,24.820999145507812,25.399999618530273,117800
2016-07-13,25.3700008392334,25.3700008392334,26.670000076293945,25.173999786376953,25.84000015258789,104100
2016-07-14,24.770000457763672,24.770000457763672,25.799999237060547,24.68000030517578,25.639999389648438,88400
2016-07-15,24.729999542236328,24.729999542236328,24.97599983215332,24.31999969482422,24.850000381469727,60300
2016-07-18,24.559999465942383,24.559999465942383,25.604999542236328,24.43000030517578,24.739999771118164,69200
2016-07-19,24.579999923706055,24.579999923706055,25.5,24.260000228881836,24.440000534057617,54200
2016-07-20,25.479999542236328,25.479999542236328,25.540000915527344,24.579999923706055,24.799999237060547,85300
2016-07-21,25.84000015258789,25.84000015258789,26.437999725341797,25.510000228881836,25.600000381469727,162700
2016-07-22,27.110000610351562,27.110000610351562,28.31100082397461,25.860000610351562,26.010000228881836,214400
2016-07-25,26.450000762939453,26.450000762939453,28.219999313354492,26.200000762939453,28.219999313354492,107400
2016-07-26,27.079999923706055,27.079999923706055,27.299999237060547,26.049999237060547,26.520000457763672,58800
2016-07-27,28.200000762939453,28.200000762939453,28.259000778198242,26.809999465942383,27.329999923706055,87800
2016-07-28,27.280000686645508,27.280000686645508,28.631999969482422,27.110000610351562,28.489999771118164,66000
2016-07-29,25.719999313354492,25.719999313354492,27.56599998474121,25.59000015258789,27.399999618530273,183600
2016-08-01,25.700000762939453,25.700000762939453,26.049999237060547,25.510000228881836,25.75,123600
2016-08-02,24.969999313354492,24.969999313354492,25.829999923706055,24.329999923706055,25.700000762939453,142000
2016-08-03,25.059999465942383,25.059999465942383,25.732999801635742,24.639999389648438,25.549999237060547,70200
2016-08-04,24.989999771118164,24.989999771118164,25.540000915527344,24.549999237060547,25.229999542236328,83300
2016-08-05,24.8700008392334,24.8700008392334,25.469999313354492,24.690000534057617,25.149999618530273,160100
2016-08-08,23.700000762939453,23.700000762939453,25.200000762939453,22.899999618530273,25.010000228881836,411800
2016-08-09,23.280000686645508,23.280000686645508,24.097999572753906,22.799999237060547,23.600000381469727,214100
2016-08-10,21.5,21.5,24.950000762939453,21.5,24.899999618530273,469200
2016-08-11,20.739999771118164,20.739999771118164,21.639999389648438,20.25,21.549999237060547,448100
2016-08-12,20.110000610351562,20.110000610351562,20.5,19.753999710083008,20.5,324700
2016-08-15,20.360000610351562,20.360000610351562,20.540000915527344,20.100000381469727,20.110000610351562,208100
2016-08-16,19.940000534057617,19.940000534057617,20.299999237060547,19.639999389648438,20.100000381469727,251500
2016-08-17,19.059999465942383,19.059999465942383,19.950000762939453,18.8700008392334,19.950000762939453,352600
2016-08-18,17.760000228881836,17.760000228881836,19.360000610351562,17.5,19.049999237060547,539400
2016-08-19,18.670000076293945,18.670000076293945,18.790000915527344,17.520000457763672,17.56999969482422,403400
2016-08-22,19.420000076293945,19.420000076293945,19.641000747680664,18.770000457763672,18.93000030517578,367200
2016-08-23,20.1299991607666,20.1299991607666,20.709999084472656,19.639999389648438,19.75,427500
2016-08-24,18.350000381469727,18.350000381469727,20.649999618530273,18.219999313354492,20.25,437700
2016-08-25,18.350000381469727,18.350000381469727,19.43000030517578,18.1299991607666,18.399999618530273,235500
2016-08-26,18.329999923706055,18.329999923706055,18.385000228881836,17.709999084472656,18.290000915527344,247900
2016-08-29,17.420000076293945,17.420000076293945,18.232999801635742,16.56399917602539,18.15999984741211,398500
2016-08-30,17.709999084472656,17.709999084472656,18.450000762939453,17.059999465942383,17.420000076293945,457900
2016-08-31,16.81999969482422,16.81999969482422,17.75200080871582,16.670000076293945,17.6299991607666,285900
2016-09-01,16.739999771118164,16.739999771118164,17.059999465942383,16.5,16.799999237060547,176400
2016-09-02,16.110000610351562,16.110000610351562,16.700000762939453,15.899999618530273,16.700000762939453,287200
2016-09-06,16.020000457763672,16.020000457763672,16.15999984741211,15.069999694824219,16.06999969482422,772700
2016-09-07,16.610000610351562,16.610000610351562,16.969999313354492,15.930000305175781,16.170000076293945,217500
2016-09-08,17.209999084472656,17.209999084472656,17.649999618530273,16.3700008392334,16.450000762939453,380900
2016-09-09,16.510000228881836,16.510000228881836,17.360000610351562,16.399999618530273,17.280000686645508,426000
2016-09-12,16.56999969482422,16.56999969482422,16.670000076293945,16.211999893188477,16.34000015258789,241800
2016-09-13,15.539999961853027,15.539999961853027,16.415000915527344,15.369999885559082,16.389999389648438,342900
2016-09-14,14.970000267028809,14.970000267028809,15.829000473022461,14.899999618530273,15.4399995803833,361700
2016-09-15,15.0600004196167,15.0600004196167,15.300000190734863,14.920000076293945,15.0,238900
2016-09-16,14.489999771118164,14.489999771118164,15.154000282287598,14.25,14.9399995803833,1068200
2016-09-19,14.75,14.75,15.25,14.289999961853027,14.510000228881836,525500
2016-09-20,14.899999618530273,14.899999618530273,15.739999771118164,14.800000190734863,14.869999885559082,338400
2016-09-21,14.9399995803833,14.9399995803833,15.460000038146973,14.359999656677246,15.15999984741211,263700
2016-09-22,14.800000190734863,14.800000190734863,15.12399959564209,14.699999809265137,15.0,223900
2016-09-23,14.460000038146973,14.460000038146973,15.050000190734863,14.25,14.710000038146973,290000
2016-09-26,14.119999885559082,14.119999885559082,14.435999870300293,13.680000305175781,14.420000076293945,337500
2016-09-27,14.119999885559082,14.119999885559082,14.430000305175781,13.869999885559082,13.869999885559082,225900
2016-09-28,13.920000076293945,13.920000076293945,14.25,13.550000190734863,14.199999809265137,226900
2016-09-29,13.539999961853027,13.539999961853027,13.859999656677246,13.479999542236328,13.84000015258789,234300
2016-09-30,13.479999542236328,13.479999542236328,13.663999557495117,13.100000381469727,13.529999732971191,173500
2016-10-03,13.489999771118164,13.489999771118164,13.954000473022461,13.119999885559082,13.5,204900
2016-10-04,14.920000076293945,14.920000076293945,15.399999618530273,13.545000076293945,13.84000015258789,721400
2016-10-05,15.479999542236328,15.479999542236328,16.424999237060547,14.600000381469727,14.920000076293945,771900
2016-10-06,15.010000228881836,15.010000228881836,15.529999732971191,14.329999923706055,15.529999732971191,580600
2016-10-07,14.0600004196167,14.0600004196167,15.100000381469727,14.0,15.0,459900
2016-10-10,14.510000228881836,14.510000228881836,14.630000114440918,13.850000381469727,13.899999618530273,188800
2016-10-11,14.050000190734863,14.050000190734863,14.5,13.880000114440918,14.390000343322754,181900
2016-10-12,13.140000343322754,13.140000343322754,14.0,13.050000190734863,14.0,315500
2016-10-13,13.770000457763672,13.770000457763672,13.899999618530273,13.149999618530273,13.149999618530273,338600
2016-10-14,13.4399995803833,13.4399995803833,14.319999694824219,13.380000114440918,13.9399995803833,194800
2016-10-17,13.260000228881836,13.260000228881836,13.65999984741211,13.029999732971191,13.470000267028809,180400
2016-10-18,13.8100004196167,13.8100004196167,13.989999771118164,13.399999618530273,13.5,149600
2016-10-19,13.90999984741211,13.90999984741211,14.015000343322754,13.5,13.850000381469727,123600
2016-10-20,14.699999809265137,14.699999809265137,14.789999961853027,13.920000076293945,13.920000076293945,183500
2016-10-21,15.319999694824219,15.319999694824219,15.420000076293945,14.479999542236328,14.699999809265137,542000
2016-10-24,16.280000686645508,16.280000686645508,16.32900047302246,15.140000343322754,15.550000190734863,643000
2016-10-25,14.640000343322754,14.640000343322754,16.5,14.5,16.5,462400
2016-10-26,14.0,14.0,14.859999656677246,13.930000305175781,14.550000190734863,259500
2016-10-27,13.220000267028809,13.220000267028809,14.848999977111816,12.989999771118164,14.100000381469727,391300
2016-10-28,13.100000381469727,13.100000381469727,13.260000228881836,12.890000343322754,13.079999923706055,274400
2016-10-31,14.140000343322754,14.140000343322754,14.229999542236328,13.0,13.100000381469727,268500
2016-11-01,13.989999771118164,13.989999771118164,14.520000457763672,13.680000305175781,14.199999809265137,194900
2016-11-02,13.100000381469727,13.100000381469727,14.119000434875488,13.029999732971191,14.020000457763672,239600
2016-11-03,12.460000038146973,12.460000038146973,13.550000190734863,12.430000305175781,13.1899995803833,400500
2016-11-04,13.229999542236328,13.229999542236328,13.5,12.460000038146973,12.5,239900
2016-11-07,13.460000038146973,13.460000038146973,13.979999542236328,13.3100004196167,13.5,301700
2016-11-08,13.899999618530273,13.899999618530273,14.180000305175781,12.75,13.5,438600
2016-11-09,14.460000038146973,14.460000038146973,14.489999771118164,13.612000465393066,13.800000190734863,403500
2016-11-10,15.109999656677246,15.109999656677246,15.579999923706055,14.489999771118164,14.5,544500
2016-11-11,16.350000381469727,16.350000381469727,16.5,14.970000267028809,15.010000228881836,427600
2016-11-14,17.0,17.0,17.790000915527344,16.364999771118164,16.399999618530273,539600
2016-11-15,16.489999771118164,16.489999771118164,17.920000076293945,15.720000267028809,17.170000076293945,621000
2016-11-16,15.600000381469727,15.600000381469727,16.6299991607666,15.569999694824219,16.6200008392334,301400
2016-11-17,15.65999984741211,15.65999984741211,16.040000915527344,15.510000228881836,15.510000228881836,204900
2016-11-18,15.210000038146973,15.210000038146973,15.819999694824219,15.050000190734863,15.710000038146973,158600
2016-11-21,15.65999984741211,15.65999984741211,15.760000228881836,14.59000015258789,15.130000114440918,231700
2016-11-22,15.729999542236328,15.729999542236328,15.942999839782715,15.079999923706055,15.890000343322754,180100
2016-11-23,15.680000305175781,15.680000305175781,15.859999656677246,14.899999618530273,15.4399995803833,191600
2016-11-25,15.289999961853027,15.289999961853027,15.649999618530273,15.069999694824219,15.649999618530273,93300
2016-11-28,15.029999732971191,15.029999732971191,15.498000144958496,14.640000343322754,15.25,274000
2016-11-29,14.020000457763672,14.020000457763672,15.166999816894531,14.010000228881836,15.0,329700
2016-11-30,14.270000457763672,14.270000457763672,14.489999771118164,13.789999961853027,14.0600004196167,408400
2016-12-01,13.989999771118164,13.989999771118164,14.710000038146973,13.869999885559082,14.40999984741211,356300
2016-12-02,15.539999961853027,15.539999961853027,15.600000381469727,13.75,13.850000381469727,312600
2016-12-05,15.760000228881836,15.760000228881836,15.960000038146973,15.100000381469727,15.430000305175781,430800
2016-12-06,15.979999542236328,15.979999542236328,16.0,15.149999618530273,15.800000190734863,386600
2016-12-07,15.800000190734863,15.800000190734863,16.0,15.359999656677246,16.0,378100
2016-12-08,16.700000762939453,16.700000762939453,16.760000228881836,15.41100025177002,15.819999694824219,401600
2016-12-09,15.960000038146973,15.960000038146973,17.049999237060547,15.680000305175781,16.8799991607666,330200
2016-12-12,15.569999694824219,15.569999694824219,16.434999465942383,15.289999961853027,16.0,291200
2016-12-13,15.880000114440918,15.880000114440918,16.0,15.3100004196167,15.539999961853027,328600
2016-12-14,16.760000228881836,16.760000228881836,16.989999771118164,15.59000015258789,15.9399995803833,324200
2016-12-15,16.940000534057617,16.940000534057617,16.950000762939453,16.06999969482422,16.760000228881836,437400
2016-12-16,17.010000228881836,17.010000228881836,18.899999618530273,16.959999084472656,17.0,1981400
2016-12-19,16.780000686645508,16.780000686645508,17.65999984741211,16.43000030517578,16.950000762939453,444600
2016-12-20,17.84000015258789,17.84000015258789,18.3799991607666,16.81999969482422,17.059999465942383,530600
2016-12-21,18.690000534057617,18.690000534057617,18.940000534057617,18.0,18.0,514500
2016-12-22,16.860000610351562,16.860000610351562,18.93899917602539,16.40999984741211,18.899999618530273,613600
2016-12-23,17.079999923706055,17.079999923706055,17.549999237060547,16.7810001373291,16.950000762939453,268800
2016-12-27,17.559999465942383,17.559999465942383,18.25,17.190000534057617,17.209999084472656,221100
2016-12-28,17.059999465942383,17.059999465942383,17.8799991607666,16.760000228881836,17.68000030517578,216700
2016-12-29,16.100000381469727,16.100000381469727,17.079999923706055,16.030000686645508,17.0,363000
2016-12-30,16.229999542236328,16.229999542236328,16.474000930786133,16.040000915527344,16.040000915527344,175400
2017-01-03,17.040000915527344,17.040000915527344,17.110000610351562,16.299999237060547,16.489999771118164,238000
2017-01-04,18.5,18.5,18.75,17.059999465942383,17.170000076293945,445400
2017-01-05,17.530000686645508,17.530000686645508,18.98900032043457,17.3799991607666,18.25,467500
2017-01-06,17.510000228881836,17.510000228881836,18.239999771118164,17.3799991607666,17.610000610351562,195200
2017-01-09,18.389999389648438,18.389999389648438,18.75,17.579999923706055,18.049999237060547,447900
2017-01-10,18.600000381469727,18.600000381469727,18.8700008392334,17.815000534057617,18.65999984741211,473200
2017-01-11,18.489999771118164,18.489999771118164,19.719999313354492,17.5310001373291,18.940000534057617,618300
2017-01-12,18.530000686645508,18.530000686645508,18.999000549316406,18.270000457763672,18.600000381469727,192000
2017-01-13,18.760000228881836,18.760000228881836,19.368999481201172,18.309999465942383,18.5,485100
2017-01-17,17.8799991607666,17.8799991607666,18.809999465942383,17.31999969482422,18.760000228881836,446700
2017-01-18,18.1299991607666,18.1299991607666,18.149999618530273,17.535999298095703,18.049999237060547,266600
2017-01-19,18.149999618530273,18.149999618530273,18.219999313354492,17.549999237060547,18.170000076293945,195900
2017-01-20,18.31999969482422,18.31999969482422,18.860000610351562,17.95800018310547,18.100000381469727,330400
2017-01-23,18.540000915527344,18.540000915527344,19.229999542236328,17.860000610351562,18.399999618530273,243100
2017-01-24,18.059999465942383,18.059999465942383,18.819000244140625,17.549999237060547,18.639999389648438,405300
2017-01-25,18.149999618530273,18.149999618530273,18.479999542236328,17.77199935913086,18.190000534057617,174200
2017-01-26,18.06999969482422,18.06999969482422,18.719999313354492,17.959999084472656,18.290000915527344,226900
2017-01-27,18.31999969482422,18.31999969482422,18.479999542236328,17.889999389648438,18.010000228881836,182800
2017-01-30,17.06999969482422,17.06999969482422,18.139999389648438,17.030000686645508,18.020000457763672,356400
2017-01-31,17.420000076293945,17.420000076293945,17.860000610351562,17.010000228881836,17.06999969482422,319400
2017-02-01,18.239999771118164,18.239999771118164,18.31999969482422,17.5,17.549999237060547,348200
2017-02-02,17.969999313354492,17.969999313354492,18.280000686645508,17.829999923706055,18.229999542236328,134700
2017-02-03,18.440000534057617,18.440000534057617,18.510000228881836,18.06999969482422,18.149999618530273,221600
2017-02-06,18.739999771118164,18.739999771118164,19.0,18.459999084472656,18.479999542236328,161000
2017-02-07,18.559999465942383,18.559999465942383,18.93000030517578,18.229999542236328,18.899999618530273,192200
2017-02-08,17.8700008392334,17.8700008392334,18.631000518798828,17.700000762939453,18.579999923706055,225600
2017-02-09,18.579999923706055,18.579999923706055,18.774999618530273,17.792999267578125,17.860000610351562,319000
2017-02-10,18.56999969482422,18.56999969482422,18.899999618530273,18.450000762939453,18.65999984741211,153700
2017-02-13,18.600000381469727,18.600000381469727,18.889999389648438,18.469999313354492,18.68000030517578,147300
2017-02-14,18.860000610351562,18.860000610351562,18.950000762939453,18.110000610351562,18.5,213300
2017-02-15,24.299999237060547,24.299999237060547,25.0,18.610000610351562,18.709999084472656,5629100
2017-02-16,24.75,24.75,26.979000091552734,23.5,24.31999969482422,3259900
2017-02-17,26.020000457763672,26.020000457763672,26.440000534057617,23.760000228881836,24.540000915527344,1676300
2017-02-21,27.270000457763672,27.270000457763672,28.5,26.1299991607666,26.579999923706055,1755100
2017-02-22,23.600000381469727,23.600000381469727,28.09000015258789,23.459999084472656,27.489999771118164,2245400
2017-02-23,23.59000015258789,23.59000015258789,24.964000701904297,22.809999465942383,24.40999984741211,861300
2017-02-24,23.540000915527344,23.540000915527344,24.149999618530273,22.899999618530273,23.200000762939453,514800
2017-02-27,23.0,23.0,23.59000015258789,22.8700008392334,23.3700008392334,689000
2017-02-28,24.93000030517578,24.93000030517578,25.55299949645996,22.350000381469727,22.799999237060547,865200
2017-03-01,24.600000381469727,24.600000381469727,25.799999237060547,24.31999969482422,25.0,545600
2017-03-02,23.6299991607666,23.6299991607666,25.790000915527344,23.530000686645508,24.59000015258789,574600
2017-03-03,22.020000457763672,22.020000457763672,23.958999633789062,21.719999313354492,23.540000915527344,790500
2017-03-06,21.020000457763672,21.020000457763672,22.3799991607666,20.600000381469727,21.75,862700
2017-03-07,21.280000686645508,21.280000686645508,21.600000381469727,20.610000610351562,21.0,546300
2017-03-08,21.940000534057617,21.940000534057617,22.5,20.260000228881836,20.5,921000
2017-03-09,23.700000762939453,23.700000762939453,24.28700065612793,22.06999969482422,22.06999969482422,975600
2017-03-10,25.059999465942383,25.059999465942383,25.139999389648438,23.34000015258789,23.540000915527344,655600
2017-03-13,24.90999984741211,24.90999984741211,25.200000762939453,24.030000686645508,25.200000762939453,423700
2017-03-14,26.040000915527344,26.040000915527344,29.200000762939453,25.8799991607666,26.729999542236328,2347800
2017-03-15,24.639999389648438,24.639999389648438,27.0,23.860000610351562,26.40999984741211,1266400
2017-03-16,24.90999984741211,24.90999984741211,26.459999084472656,24.6299991607666,24.639999389648438,1219100
2017-03-17,22.299999237060547,22.299999237060547,23.829999923706055,22.209999084472656,22.799999237060547,6599700
2017-03-20,22.40999984741211,22.40999984741211,22.809999465942383,22.176000595092773,22.649999618530273,1434400
2017-03-21,20.860000610351562,20.860000610351562,22.6299991607666,20.09000015258789,22.450000762939453,2343000
2017-03-22,20.8700008392334,20.8700008392334,21.18000030517578,20.600000381469727,20.719999313354492,872400
2017-03-23,19.270000457763672,19.270000457763672,21.079999923706055,19.190000534057617,20.790000915527344,1828500
2017-03-24,19.260000228881836,19.260000228881836,20.336000442504883,18.700000762939453,19.610000610351562,1241600
2017-03-27,20.690000534057617,20.690000534057617,20.77899932861328,18.850000381469727,19.040000915527344,1288300
2017-03-28,21.8799991607666,21.8799991607666,22.815000534057617,21.020000457763672,22.0,2256600
2017-03-29,22.219999313354492,22.219999313354492,22.5,21.718000411987305,21.889999389648438,1079800
2017-03-30,22.1299991607666,22.1299991607666,22.549999237060547,21.010000228881836,22.239999771118164,979600
2017-03-31,22.31999969482422,22.31999969482422,22.690000534057617,21.790000915527344,22.15999984741211,965600
2017-04-03,22.25,22.25,22.739999771118164,21.809999465942383,22.479999542236328,757800
2017-04-04,21.940000534057617,21.940000534057617,22.389999389648438,21.709999084472656,22.229999542236328,425500
2017-04-05,20.469999313354492,20.469999313354492,22.079999923706055,20.3799991607666,21.969999313354492,636500
2017-04-06,21.190000534057617,21.190000534057617,21.260000228881836,20.31999969482422,20.520000457763672,484000
2017-04-07,20.899999618530273,20.899999618530273,21.350000381469727,20.700000762939453,21.190000534057617,420900
2017-04-10,20.969999313354492,20.969999313354492,21.75,20.899999618530273,20.899999618530273,372900
2017-04-11,20.510000228881836,20.510000228881836,21.415000915527344,20.010000228881836,21.020000457763672,601700
2017-04-12,19.6299991607666,19.6299991607666,20.73699951171875,19.579999923706055,20.670000076293945,625700
2017-04-13,20.479999542236328,20.479999542236328,20.610000610351562,19.1200008392334,19.579999923706055,847400
2017-04-17,20.790000915527344,20.790000915527344,20.850000381469727,19.93000030517578,20.479999542236328,588500
2017-04-18,19.420000076293945,19.420000076293945,20.780000686645508,19.200000762939453,20.780000686645508,681200
2017-04-19,19.25,19.25,19.91900062561035,19.1200008392334,19.489999771118164,570900
2017-04-20,19.200000762939453,19.200000762939453,19.708999633789062,19.149999618530273,19.450000762939453,348500
2017-04-21,18.989999771118164,18.989999771118164,19.420000076293945,18.75,19.219999313354492,395200
2017-04-24,19.40999984741211,19.40999984741211,19.700000762939453,18.639999389648438,19.260000228881836,596000
2017-04-25,19.729999542236328,19.729999542236328,19.950000762939453,19.270000457763672,19.579999923706055,402100
2017-04-26,19.600000381469727,19.600000381469727,19.8700008392334,19.420000076293945,19.799999237060547,338300
2017-04-27,19.43000030517578,19.43000030517578,19.799999237060547,19.389999389648438,19.68000030517578,341500
2017-04-28,18.850000381469727,18.850000381469727,19.559999465942383,18.520000457763672,19.420000076293945,525200
2017-05-01,20.270000457763672,20.270000457763672,20.5,18.739999771118164,18.950000762939453,555800
2017-05-02,20.43000030517578,20.43000030517578,20.729999542236328,20.010000228881836,20.40999984741211,382600
2017-05-03,19.56999969482422,19.56999969482422,20.402000427246094,19.530000686645508,20.350000381469727,292000
2017-05-04,18.969999313354492,18.969999313354492,19.8799991607666,18.56999969482422,19.68000030517578,707500
2017-05-05,18.6299991607666,18.6299991607666,19.350000381469727,18.399999618530273,18.979999542236328,558800
2017-05-08,17.989999771118164,17.989999771118164,18.82900047302246,17.549999237060547,18.6299991607666,657400
2017-05-09,18.829999923706055,18.829999923706055,18.93000030517578,18.0,18.0,465000
2017-05-10,19.139999389648438,19.139999389648438,19.459999084472656,18.59000015258789,18.75,419700
2017-05-11,18.510000228881836,18.510000228881836,19.350000381469727,18.3700008392334,19.030000686645508,454700
2017-05-12,19.290000915527344,19.290000915527344,19.469999313354492,18.450000762939453,18.479999542236328,356600
2017-05-15,20.010000228881836,20.010000228881836,20.440000534057617,19.740999221801758,20.020000457763672,912400
2017-05-16,18.299999237060547,18.299999237060547,19.950000762939453,17.899999618530273,19.149999618530273,1661200
2017-05-17,17.739999771118164,17.739999771118164,18.559999465942383,17.600000381469727,18.18000030517578,982000
2017-05-18,18.729999542236328,18.729999542236328,18.780000686645508,17.709999084472656,17.75,524100
2017-05-19,17.90999984741211,17.90999984741211,18.757999420166016,17.84000015258789,18.389999389648438,513900
2017-05-22,17.450000762939453,17.450000762939453,17.600000381469727,16.860000610351562,17.510000228881836,1108500
2017-05-23,17.299999237060547,17.299999237060547,17.799999237060547,17.040000915527344,17.559999465942383,441900
2017-05-24,17.219999313354492,17.219999313354492,17.489999771118164,17.118000030517578,17.280000686645508,353400
2017-05-25,16.309999465942383,16.309999465942383,17.260000228881836,16.260000228881836,17.260000228881836,651400
2017-05-26,15.619999885559082,15.619999885559082,16.433000564575195,15.569999694824219,16.309999465942383,600200
2017-05-30,13.75,13.75,15.630000114440918,13.15999984741211,15.569999694824219,2514000
2017-05-31,13.65999984741211,13.65999984741211,14.352999687194824,13.119999885559082,13.779999732971191,1469000
2017-06-01,13.949999809265137,13.949999809265137,14.138999938964844,13.520000457763672,13.899999618530273,832700
2017-06-02,14.210000038146973,14.210000038146973,14.359999656677246,13.899999618530273,13.949999809265137,893300
2017-06-05,13.6899995803833,13.6899995803833,14.399999618530273,13.529999732971191,14.300000190734863,503100
2017-06-06,14.1899995803833,14.1899995803833,14.289999961853027,13.199999809265137,13.649999618530273,796800
2017-06-07,15.640000343322754,15.640000343322754,15.699999809265137,14.550000190734863,14.5600004196167,1363600
2017-06-08,16.209999084472656,16.209999084472656,16.280000686645508,15.170000076293945,15.800000190734863,999000
2017-06-09,15.720000267028809,15.720000267028809,16.280000686645508,15.260000228881836,16.079999923706055,999000
2017-06-12,16.06999969482422,16.06999969482422,16.1299991607666,14.039999961853027,15.8100004196167,815000
2017-06-13,16.040000915527344,16.040000915527344,16.349000930786133,15.699999809265137,16.0,515600
2017-06-14,16.0,16.0,16.261999130249023,15.75,16.040000915527344,559300
2017-06-15,15.630000114440918,15.630000114440918,16.700000762939453,15.569999694824219,15.829999923706055,595800
2017-06-16,16.280000686645508,16.280000686645508,16.309999465942383,15.5,15.539999961853027,739600
2017-06-19,16.81999969482422,16.81999969482422,17.274999618530273,16.209999084472656,16.239999771118164,826400
2017-06-20,16.600000381469727,16.600000381469727,17.343000411987305,16.320999145507812,16.90999984741211,718500
2017-06-21,16.90999984741211,16.90999984741211,16.950000762939453,16.549999237060547,16.549999237060547,721700
2017-06-22,17.540000915527344,17.540000915527344,17.8700008392334,16.940000534057617,16.940000534057617,1097500
2017-06-23,17.950000762939453,17.950000762939453,17.959999084472656,17.200000762939453,17.770000457763672,3686600
2017-06-26,17.959999084472656,17.959999084472656,18.25,17.559999465942383,18.0,673500
2017-06-27,17.440000534057617,17.440000534057617,18.229999542236328,17.420000076293945,17.90999984741211,517600
2017-06-28,17.989999771118164,17.989999771118164,18.09000015258789,17.5,17.610000610351562,371000
2017-06-29,17.1200008392334,17.1200008392334,18.0,16.75,18.0,462900
2017-06-30,16.780000686645508,16.780000686645508,17.200000762939453,16.530000686645508,17.18000030517578,594000
2017-07-03,17.43000030517578,17.43000030517578,17.5,16.780000686645508,16.780000686645508,173300
2017-07-05,17.510000228881836,17.510000228881836,17.93000030517578,17.06999969482422,17.350000381469727,428600
2017-07-06,17.020000457763672,17.020000457763672,17.600000381469727,16.899999618530273,17.56999969482422,334200
2017-07-07,17.18000030517578,17.18000030517578,17.420000076293945,17.010000228881836,17.040000915527344,274500
2017-07-10,16.889999389648438,16.889999389648438,17.3700008392334,16.799999237060547,17.1200008392334,329200
2017-07-11,17.040000915527344,17.040000915527344,17.18000030517578,16.799999237060547,16.799999237060547,400500
2017-07-12,17.280000686645508,17.280000686645508,17.3799991607666,17.020000457763672,17.1299991607666,296400
2017-07-13,17.709999084472656,17.709999084472656,17.889999389648438,17.079999923706055,17.280000686645508,436800
2017-07-14,17.299999237060547,17.299999237060547,17.610000610351562,16.979999542236328,17.170000076293945,777000
2017-07-17,16.280000686645508,16.280000686645508,17.52199935913086,15.5600004196167,17.299999237060547,1204000
2017-07-18,15.449999809265137,15.449999809265137,16.6299991607666,15.420000076293945,16.6299991607666,802700
2017-07-19,15.869999885559082,15.869999885559082,15.890000343322754,15.5,15.579999923706055,508100
2017-07-20,15.739999771118164,15.739999771118164,16.040000915527344,15.5,15.890000343322754,344200
2017-07-21,15.819999694824219,15.819999694824219,16.290000915527344,15.600000381469727,15.8100004196167,420900
2017-07-24,16.31999969482422,16.31999969482422,16.34000015258789,15.5600004196167,15.829999923706055,269400
2017-07-25,16.309999465942383,16.309999465942383,16.649999618530273,16.010000228881836,16.43000030517578,328000
2017-07-26,15.880000114440918,15.880000114440918,16.55299949645996,15.84000015258789,16.270000457763672,392800
2017-07-27,15.899999618530273,15.899999618530273,16.474000930786133,15.279999732971191,16.0,706100
2017-07-28,17.139999389648438,17.139999389648438,17.549999237060547,16.0,16.0,1092000
2017-07-31,16.920000076293945,16.920000076293945,18.149999618530273,16.899999618530273,17.770000457763672,1099000
2017-08-01,16.389999389648438,16.389999389648438,17.280000686645508,16.079999923706055,17.139999389648438,501900
2017-08-02,15.8100004196167,15.8100004196167,16.773000717163086,15.6899995803833,16.43000030517578,642800
2017-08-03,17.239999771118164,17.239999771118164,17.466999053955078,16.049999237060547,16.25,1248500
2017-08-04,17.059999465942383,17.059999465942383,17.600000381469727,16.81999969482422,17.600000381469727,600200
2017-08-07,18.610000610351562,18.610000610351562,19.770000457763672,17.649999618530273,17.75,2562800
2017-08-08,18.860000610351562,18.860000610351562,19.649999618530273,18.549999237060547,19.5,1311700
2017-08-09,17.979999542236328,17.979999542236328,19.0,17.799999237060547,18.850000381469727,860700
2017-08-10,19.719999313354492,19.719999313354492,20.389999389648438,18.309999465942383,19.18000030517578,1856900
2017-08-11,21.950000762939453,21.950000762939453,22.05500030517578,19.889999389648438,19.950000762939453,1767000
2017-08-14,23.15999984741211,23.15999984741211,23.799999237060547,22.100000381469727,22.190000534057617,1722800
2017-08-15,20.649999618530273,20.649999618530273,23.1299991607666,20.3700008392334,23.1299991607666,1944500
2017-08-16,20.739999771118164,20.739999771118164,21.889999389648438,20.5,20.6200008392334,779700
2017-08-17,18.799999237060547,18.799999237060547,20.479999542236328,18.700000762939453,20.440000534057617,1855100
2017-08-18,17.829999923706055,17.829999923706055,18.799999237060547,17.799999237060547,18.65999984741211,1304900
2017-08-21,17.81999969482422,17.81999969482422,18.350000381469727,17.350000381469727,17.920000076293945,1022200
2017-08-22,18.40999984741211,18.40999984741211,19.010000228881836,17.8799991607666,17.8799991607666,941200
2017-08-23,18.450000762939453,18.450000762939453,18.809999465942383,18.0,18.270000457763672,717300
2017-08-24,19.510000228881836,19.510000228881836,19.549999237060547,18.280000686645508,18.5,774400
2017-08-25,19.100000381469727,19.100000381469727,20.399999618530273,19.0,19.559999465942383,1458700
2017-08-28,20.729999542236328,20.729999542236328,20.799999237060547,19.75,20.25,1867000
2017-08-29,20.8799991607666,20.8799991607666,21.450000762939453,19.899999618530273,20.270000457763672,1618200
2017-08-30,21.260000228881836,21.260000228881836,21.489999771118164,20.889999389648438,20.889999389648438,911600
2017-08-31,21.110000610351562,21.110000610351562,21.829999923706055,20.920000076293945,21.360000610351562,1054200
2017-09-01,20.59000015258789,20.59000015258789,21.420000076293945,20.040000915527344,21.1200008392334,861800
2017-09-05,20.040000915527344,20.040000915527344,20.920000076293945,19.049999237060547,20.520000457763672,1276300
2017-09-06,19.690000534057617,19.690000534057617,20.329999923706055,19.5,20.149999618530273,794100
2017-09-07,20.200000762939453,20.200000762939453,20.540000915527344,19.329999923706055,19.8799991607666,942800
2017-09-08,20.09000015258789,20.09000015258789,20.45199966430664,19.8799991607666,20.18000030517578,973800
2017-09-11,19.979999542236328,19.979999542236328,20.540000915527344,19.90999984741211,20.290000915527344,717000
2017-09-12,19.93000030517578,19.93000030517578,20.139999389648438,19.549999237060547,19.829999923706055,864000
2017-09-13,21.079999923706055,21.079999923706055,21.219999313354492,19.8700008392334,19.8700008392334,1186000
2017-09-14,21.100000381469727,21.100000381469727,21.540000915527344,20.6299991607666,21.100000381469727,813300
2017-09-15,20.940000534057617,20.940000534057617,21.3799991607666,20.690000534057617,21.010000228881836,3322200
2017-09-18,21.3700008392334,21.3700008392334,21.98900032043457,20.760000228881836,20.790000915527344,852100
2017-09-19,22.030000686645508,22.030000686645508,22.09000015258789,21.3700008392334,21.5,1282700
2017-09-20,22.540000915527344,22.540000915527344,22.665000915527344,21.719999313354492,22.100000381469727,831900
2017-09-21,23.15999984741211,23.15999984741211,24.5,22.450000762939453,22.540000915527344,1547800
2017-09-22,22.850000381469727,22.850000381469727,23.389999389648438,22.549999237060547,23.139999389648438,618300
2017-09-25,21.1299991607666,21.1299991607666,23.209999084472656,21.020000457763672,22.850000381469727,1204900
2017-09-26,20.299999237060547,20.299999237060547,21.25,20.15999984741211,21.100000381469727,1110400
2017-09-27,19.93000030517578,19.93000030517578,21.389999389648438,19.059999465942383,21.0,1826900
2017-09-28,23.139999389648438,23.139999389648438,23.940000534057617,20.139999389648438,20.68000030517578,2716800
2017-09-29,24.010000228881836,24.010000228881836,24.3799991607666,23.1200008392334,23.299999237060547,1816800
2017-10-02,24.559999465942383,24.559999465942383,25.3700008392334,24.049999237060547,24.389999389648438,1607300
2017-10-03,25.540000915527344,25.540000915527344,25.559999465942383,24.340999603271484,24.729999542236328,1327900
2017-10-04,23.5,23.5,26.75,23.010000228881836,25.56999969482422,2263800
2017-10-05,25.0,25.0,25.020000457763672,22.75,23.799999237060547,1374700
2017-10-06,25.010000228881836,25.010000228881836,26.0,24.5,24.829999923706055,1237800
2017-10-09,25.020000457763672,25.020000457763672,25.93000030517578,24.84000015258789,25.1299991607666,734600
2017-10-10,25.209999084472656,25.209999084472656,25.469999313354492,24.149999618530273,25.09000015258789,830500
2017-10-11,24.110000610351562,24.110000610351562,25.020000457763672,23.645000457763672,25.0,1179600
2017-10-12,24.889999389648438,24.889999389648438,25.349000930786133,24.270000457763672,24.270000457763672,1253800
2017-10-13,23.3700008392334,23.3700008392334,24.89900016784668,23.020000457763672,24.809999465942383,1479100
2017-10-16,22.790000915527344,22.790000915527344,24.190000534057617,22.549999237060547,23.459999084472656,1112000
2017-10-17,23.200000762939453,23.200000762939453,23.93000030517578,22.700000762939453,22.75,657800
2017-10-18,23.329999923706055,23.329999923706055,23.711999893188477,22.540000915527344,23.399999618530273,622500
2017-10-19,23.950000762939453,23.950000762939453,24.0,22.868000030517578,23.25,854900
2017-10-20,24.010000228881836,24.010000228881836,24.639999389648438,23.420000076293945,24.010000228881836,632200
2017-10-23,23.8700008392334,23.8700008392334,24.989999771118164,23.75,24.34000015258789,839800
2017-10-24,22.75,22.75,24.329999923706055,22.700000762939453,23.84000015258789,979100
2017-10-25,22.809999465942383,22.809999465942383,23.110000610351562,22.549999237060547,22.75,769200
2017-10-26,21.889999389648438,21.889999389648438,22.799999237060547,21.260000228881836,22.760000228881836,931400
2017-10-27,22.280000686645508,22.280000686645508,22.488000869750977,21.360000610351562,21.8799991607666,977800
2017-10-30,23.899999618530273,23.899999618530273,24.690000534057617,22.200000762939453,22.260000228881836,1033400
2017-10-31,24.799999237060547,24.799999237060547,25.149999618530273,23.889999389648438,24.25,831900
2017-11-01,23.3700008392334,23.3700008392334,25.190000534057617,22.849000930786133,24.969999313354492,960600
2017-11-02,23.93000030517578,23.93000030517578,23.940000534057617,23.040000915527344,23.40999984741211,507100
2017-11-03,24.93000030517578,24.93000030517578,25.200000762939453,23.940000534057617,24.5,998400
2017-11-06,24.020000457763672,24.020000457763672,25.700000762939453,23.649999618530273,25.68000030517578,865900
2017-11-07,23.06999969482422,23.06999969482422,24.350000381469727,23.040000915527344,24.100000381469727,729200
2017-11-08,22.3700008392334,22.3700008392334,23.110000610351562,20.28700065612793,22.75,1635100
2017-11-09,22.68000030517578,22.68000030517578,22.920000076293945,21.700000762939453,22.149999618530273,595600
2017-11-10,24.3799991607666,24.3799991607666,24.468000411987305,22.549999237060547,22.649999618530273,761300
2017-11-13,24.68000030517578,24.68000030517578,24.93000030517578,23.729999542236328,24.149999618530273,734200
2017-11-14,23.549999237060547,23.549999237060547,24.75,22.53499984741211,24.540000915527344,917900
2017-11-15,24.34000015258789,24.34000015258789,24.469999313354492,23.049999237060547,23.09000015258789,568600
2017-11-16,25.030000686645508,25.030000686645508,25.899999618530273,24.31999969482422,24.389999389648438,1181400
2017-11-17,25.049999237060547,25.049999237060547,25.610000610351562,24.350000381469727,24.93000030517578,576600
2017-11-20,25.459999084472656,25.459999084472656,25.899999618530273,25.010000228881836,25.040000915527344,572500
2017-11-21,25.950000762939453,25.950000762939453,26.579999923706055,25.600000381469727,25.6299991607666,787100
2017-11-22,28.25,28.25,28.450000762939453,25.92099952697754,25.940000534057617,1502300
2017-11-24,25.799999237060547,25.799999237060547,28.350000381469727,25.26099967956543,28.350000381469727,1007500
2017-11-27,26.969999313354492,26.969999313354492,27.972999572753906,26.0,26.040000915527344,1190700
2017-11-28,27.1299991607666,27.1299991607666,27.389999389648438,26.100000381469727,27.239999771118164,1129400
2017-11-29,28.049999237060547,28.049999237060547,28.690000534057617,27.25,27.25,1191900
2017-11-30,28.8700008392334,28.8700008392334,30.0,28.049999237060547,28.079999923706055,1764500
2017-12-01,29.8700008392334,29.8700008392334,30.399999618530273,28.3700008392334,28.8700008392334,1022500
2017-12-04,27.760000228881836,27.760000228881836,31.81100082397461,27.68000030517578,30.389999389648438,1316300
2017-12-05,27.290000915527344,27.290000915527344,28.780000686645508,27.10099983215332,27.81999969482422,931900
2017-12-06,25.174999237060547,25.174999237060547,25.799999237060547,24.5,25.670000076293945,3714800
2017-12-07,25.780000686645508,25.780000686645508,26.0,24.899999618530273,25.5,1286300
2017-12-08,24.959999084472656,24.959999084472656,26.190000534057617,24.5,26.0,1248900
2017-12-11,23.600000381469727,23.600000381469727,25.579999923706055,23.200000762939453,25.25,1606100
2017-12-12,23.579999923706055,23.579999923706055,24.290000915527344,22.5,23.93000030517578,1720700
2017-12-13,24.3700008392334,24.3700008392334,24.549999237060547,23.066999435424805,23.31999969482422,960200
2017-12-14,24.420000076293945,24.420000076293945,25.049999237060547,24.110000610351562,24.600000381469727,952400
2017-12-15,25.0,25.0,25.25,23.82900047302246,24.489999771118164,1907300
2017-12-18,25.1200008392334,25.1200008392334,25.25,24.06999969482422,25.219999313354492,799600
2017-12-19,24.579999923706055,24.579999923706055,25.850000381469727,24.219999313354492,25.15999984741211,715500
2017-12-20,24.889999389648438,24.889999389648438,25.350000381469727,24.549999237060547,24.610000610351562,624000
2017-12-21,26.709999084472656,26.709999084472656,27.43000030517578,25.34000015258789,25.5,1948600
2017-12-22,28.43000030517578,28.43000030517578,28.690000534057617,26.920000076293945,27.0,1338500
2017-12-26,29.260000228881836,29.260000228881836,30.3700008392334,28.0,28.020000457763672,1104600
2017-12-27,29.899999618530273,29.899999618530273,31.0,29.3799991607666,29.450000762939453,1234200
2017-12-28,31.34000015258789,31.34000015258789,31.790000915527344,29.829999923706055,30.5,1259200
2017-12-29,30.729999542236328,30.729999542236328,32.849998474121094,30.729999542236328,31.450000762939453,1092800
2018-01-02,34.31999969482422,34.31999969482422,34.810001373291016,30.75,30.8799991607666,2149400
2018-01-03,33.33000183105469,33.33000183105469,36.0,32.40999984741211,35.0,1597000
2018-01-04,33.91999816894531,33.91999816894531,34.75,32.810001373291016,33.41999816894531,1224300
2018-01-05,33.59000015258789,33.59000015258789,34.599998474121094,33.099998474121094,34.20000076293945,1117100
2018-01-08,30.020000457763672,30.020000457763672,30.440000534057617,27.0,29.469999313354492,6031200
2018-01-09,31.170000076293945,31.170000076293945,32.0099983215332,30.149999618530273,30.25,1530700
2018-01-10,31.6200008392334,31.6200008392334,31.790000915527344,30.049999237060547,30.920000076293945,980900
2018-01-11,32.349998474121094,32.349998474121094,32.79999923706055,31.200000762939453,31.829999923706055,1258300
2018-01-12,32.0,32.0,33.13999938964844,31.989999771118164,32.41999816894531,929900
2018-01-16,30.020000457763672,30.020000457763672,33.0,29.017000198364258,32.13999938964844,1718100
2018-01-17,30.3799991607666,30.3799991607666,31.790000915527344,29.84000015258789,30.479999542236328,1278300
2018-01-18,29.84000015258789,29.84000015258789,30.350000381469727,29.15999984741211,30.219999313354492,1147200
2018-01-19,30.399999618530273,30.399999618530273,30.700000762939453,29.25,29.950000762939453,817400
2018-01-22,34.619998931884766,34.619998931884766,34.75,30.719999313354492,30.8799991607666,3218700
2018-01-23,34.79999923706055,34.79999923706055,36.20000076293945,33.4900016784668,35.209999084472656,2523000
2018-01-24,33.880001068115234,33.880001068115234,36.349998474121094,33.0,35.0,2138300
2018-01-25,34.22999954223633,34.22999954223633,34.75,33.00199890136719,34.0099983215332,1400900
2018-01-26,35.959999084472656,35.959999084472656,37.36000061035156,34.2599983215332,34.66999816894531,2993700
2018-01-29,40.70000076293945,40.70000076293945,41.599998474121094,35.5099983215332,35.810001373291016,3406700
2018-01-30,39.2599983215332,39.2599983215332,40.810001373291016,37.91999816894531,38.95000076293945,2497900
2018-01-31,36.5099983215332,36.5099983215332,39.68000030517578,35.560001373291016,39.58000183105469,2340300
2018-02-01,36.56999969482422,36.56999969482422,37.95000076293945,35.119998931884766,36.13999938964844,1359700
2018-02-02,34.75,34.75,36.5,34.61000061035156,36.0099983215332,989200
2018-02-05,33.97999954223633,33.97999954223633,35.630001068115234,32.599998474121094,34.0,1538700
2018-02-06,35.06999969482422,35.06999969482422,35.369998931884766,31.309999465942383,33.0,1520600
2018-02-07,36.66999816894531,36.66999816894531,37.70000076293945,35.2400016784668,35.25,2172800
2018-02-08,33.279998779296875,33.279998779296875,37.0,33.279998779296875,36.84000015258789,1293600
2018-02-09,33.689998626708984,33.689998626708984,34.56999969482422,29.920000076293945,33.84000015258789,2118900
2018-02-12,32.849998474121094,32.849998474121094,34.66999816894531,31.799999237060547,34.25,1326200
2018-02-13,33.099998474121094,33.099998474121094,33.66999816894531,31.700000762939453,31.790000915527344,1284400
2018-02-14,34.59000015258789,34.59000015258789,34.880001068115234,32.27000045776367,32.66999816894531,1066900
2018-02-15,34.790000915527344,34.790000915527344,35.40999984741211,33.900001525878906,34.880001068115234,851000
2018-02-16,33.81999969482422,33.81999969482422,35.91999816894531,33.779998779296875,34.84000015258789,1190000
2018-02-20,33.279998779296875,33.279998779296875,34.970001220703125,33.02000045776367,33.79999923706055,873100
2018-02-21,34.4900016784668,34.4900016784668,37.209999084472656,33.36000061035156,33.5,2039400
2018-02-22,35.11000061035156,35.11000061035156,36.70000076293945,34.770999908447266,35.060001373291016,1293300
2018-02-23,35.88999938964844,35.88999938964844,36.33000183105469,34.20000076293945,35.5,1106800
2018-02-26,37.91999816894531,37.91999816894531,38.20000076293945,36.04999923706055,36.20000076293945,2223700
2018-02-27,36.810001373291016,36.810001373291016,38.5,36.720001220703125,38.099998474121094,1516700
2018-02-28,36.63999938964844,36.63999938964844,38.119998931884766,36.630001068115234,37.0,867300
2018-03-01,35.29999923706055,35.29999923706055,36.999000549316406,34.0,36.33000183105469,1295200
2018-03-02,37.959999084472656,37.959999084472656,38.5,34.1510009765625,34.529998779296875,1802500
2018-03-05,38.47999954223633,38.47999954223633,39.08000183105469,37.06999969482422,37.790000915527344,1433300
2018-03-06,38.439998626708984,38.439998626708984,39.349998474121094,37.619998931884766,39.0,1550600
2018-03-07,42.279998779296875,42.279998779296875,43.25,37.099998474121094,37.41999816894531,4423100
2018-03-08,42.810001373291016,42.810001373291016,43.630001068115234,41.61000061035156,42.310001373291016,2243000
2018-03-09,44.08000183105469,44.08000183105469,45.02000045776367,42.56999969482422,43.02000045776367,2336600
2018-03-12,41.77000045776367,41.77000045776367,44.9900016784668,41.150001525878906,44.95000076293945,2352300
2018-03-13,41.41999816894531,41.41999816894531,42.900001525878906,40.04999923706055,40.25,1704200
2018-03-14,41.5099983215332,41.5099983215332,41.9900016784668,40.45000076293945,41.290000915527344,872300
2018-03-15,39.34000015258789,39.34000015258789,41.970001220703125,36.5,41.869998931884766,2326300
2018-03-16,38.02000045776367,38.02000045776367,40.65999984741211,37.650001525878906,39.810001373291016,1911600
2018-03-19,37.29999923706055,37.29999923706055,38.25299835205078,36.08000183105469,37.63999938964844,1343600
2018-03-20,38.13999938964844,38.13999938964844,38.9900016784668,37.099998474121094,37.58000183105469,1076000
2018-03-21,39.2400016784668,39.2400016784668,39.4900016784668,38.040000915527344,38.310001373291016,854800
2018-03-22,38.0,38.0,40.06999969482422,37.880001068115234,39.0,1156900
2018-03-23,37.900001525878906,37.900001525878906,39.38999938964844,37.64699935913086,37.75,838600
2018-03-26,36.41999816894531,36.41999816894531,38.959999084472656,34.279998779296875,38.959999084472656,2457200
2018-03-27,33.18000030517578,33.18000030517578,36.79999923706055,33.04999923706055,36.689998626708984,1551500
2018-03-28,32.630001068115234,32.630001068115234,33.91999816894531,30.559999465942383,33.04999923706055,2486200
2018-03-29,33.150001525878906,33.150001525878906,34.189998626708984,32.099998474121094,33.099998474121094,1592500
2018-04-02,31.770000457763672,31.770000457763672,33.45899963378906,31.25,32.90999984741211,1279200
2018-04-03,32.20000076293945,32.20000076293945,32.84000015258789,31.31999969482422,32.040000915527344,916500
2018-04-04,33.779998779296875,33.779998779296875,33.90999984741211,31.170000076293945,31.489999771118164,1064100
2018-04-05,32.90999984741211,32.90999984741211,34.31999969482422,32.5,34.0,873600
2018-04-06,31.940000534057617,31.940000534057617,34.571998596191406,31.649999618530273,32.849998474121094,1045400
2018-04-09,32.40999984741211,32.40999984741211,34.97999954223633,32.34000015258789,33.18000030517578,1338500
2018-04-10,34.150001525878906,34.150001525878906,34.25,32.880001068115234,33.0,885000
2018-04-11,34.52000045776367,34.52000045776367,36.650001525878906,33.840999603271484,33.93000030517578,1259800
2018-04-12,35.560001373291016,35.560001373291016,36.060001373291016,34.61000061035156,34.88999938964844,675900
2018-04-13,34.689998626708984,34.689998626708984,36.099998474121094,33.849998474121094,35.959999084472656,990700
2018-04-16,34.459999084472656,34.459999084472656,35.040000915527344,33.9010009765625,34.93000030517578,648000
2018-04-17,35.68000030517578,35.68000030517578,36.369998931884766,34.5,34.560001373291016,947900
2018-04-18,35.349998474121094,35.349998474121094,36.130001068115234,35.2859992980957,35.72999954223633,579500
2018-04-19,34.810001373291016,34.810001373291016,35.970001220703125,34.68000030517578,35.099998474121094,784700
2018-04-20,34.459999084472656,34.459999084472656,35.36000061035156,34.20000076293945,34.869998931884766,595200
2018-04-23,33.439998626708984,33.439998626708984,34.77000045776367,32.40999984741211,34.349998474121094,856000
2018-04-24,32.41999816894531,32.41999816894531,35.099998474121094,32.07099914550781,33.47999954223633,1003000
2018-04-25,31.780000686645508,31.780000686645508,33.06100082397461,31.440000534057617,32.45000076293945,816600
2018-04-26,32.95000076293945,32.95000076293945,33.22999954223633,31.729999542236328,31.8799991607666,835600
2018-04-27,32.97999954223633,32.97999954223633,33.189998626708984,32.11000061035156,32.970001220703125,583200
2018-04-30,31.399999618530273,31.399999618530273,33.779998779296875,31.1200008392334,33.310001373291016,1039900
2018-05-01,32.4900016784668,32.4900016784668,32.560001373291016,31.450000762939453,31.450000762939453,588500
2018-05-02,32.68000030517578,32.68000030517578,33.25,32.02000045776367,32.400001525878906,672100
2018-05-03,31.600000381469727,31.600000381469727,32.84000015258789,31.149999618530273,32.41999816894531,907900
2018-05-04,33.0,33.0,35.54999923706055,31.6200008392334,32.040000915527344,1701100
2018-05-07,33.560001373291016,33.560001373291016,34.65999984741211,32.61000061035156,33.43000030517578,1044400
2018-05-08,33.459999084472656,33.459999084472656,34.029998779296875,32.20000076293945,34.0,725000
2018-05-09,34.459999084472656,34.459999084472656,34.56999969482422,33.17100143432617,33.45000076293945,545000
2018-05-10,33.560001373291016,33.560001373291016,34.619998931884766,33.40999984741211,34.459999084472656,720800
2018-05-11,35.18000030517578,35.18000030517578,35.349998474121094,33.5,33.5,874800
2018-05-14,36.0,36.0,37.20000076293945,35.25,35.25,1259000
2018-05-15,36.439998626708984,36.439998626708984,37.560001373291016,35.172000885009766,36.040000915527344,1174000
2018-05-16,37.060001373291016,37.060001373291016,37.599998474121094,36.0,36.5,978200
2018-05-17,37.97999954223633,37.97999954223633,38.66999816894531,36.619998931884766,37.0,1323100
2018-05-18,34.849998474121094,34.849998474121094,38.4900016784668,34.290000915527344,38.060001373291016,2144000
2018-05-21,33.380001068115234,33.380001068115234,35.59000015258789,33.09000015258789,35.22999954223633,1439300
2018-05-22,34.15999984741211,34.15999984741211,34.75,33.2400016784668,33.779998779296875,863000
2018-05-23,36.060001373291016,36.060001373291016,36.45000076293945,34.09000015258789,34.130001068115234,1217500
2018-05-24,36.630001068115234,36.630001068115234,37.439998626708984,35.470001220703125,35.97999954223633,1000300
2018-05-25,36.529998779296875,36.529998779296875,37.119998931884766,35.54100036621094,36.560001373291016,587100
2018-05-29,35.650001525878906,35.650001525878906,36.36000061035156,34.7130012512207,36.36000061035156,763700
2018-05-30,37.93000030517578,37.93000030517578,38.34000015258789,35.72600173950195,35.7400016784668,1051500
2018-05-31,38.31999969482422,38.31999969482422,38.525001525878906,35.81999969482422,36.93000030517578,1299800
2018-06-01,37.0099983215332,37.0099983215332,40.43000030517578,36.650001525878906,38.75,1682900
2018-06-04,36.599998474121094,36.599998474121094,37.470001220703125,35.36000061035156,37.099998474121094,1121200
2018-06-05,38.33000183105469,38.33000183105469,38.540000915527344,36.52000045776367,36.58000183105469,1026400
2018-06-06,38.22999954223633,38.22999954223633,39.08700180053711,37.619998931884766,38.5,798500
2018-06-07,37.810001373291016,37.810001373291016,38.93000030517578,37.63999938964844,38.40999984741211,744400
2018-06-08,39.209999084472656,39.209999084472656,39.439998626708984,37.54999923706055,37.66999816894531,689900
2018-06-11,36.150001525878906,36.150001525878906,40.22999954223633,35.0,39.33000183105469,4483700
2018-06-12,36.0099983215332,36.0099983215332,37.77000045776367,35.68000030517578,36.15999984741211,1241600
2018-06-13,36.209999084472656,36.209999084472656,37.36000061035156,35.56100082397461,36.099998474121094,1320400
2018-06-14,37.25,37.25,37.27799987792969,35.869998931884766,36.25,819200
2018-06-15,37.5,37.5,38.0,36.65999984741211,36.970001220703125,1103400
2018-06-18,39.22999954223633,39.22999954223633,39.790000915527344,37.33000183105469,37.34000015258789,985400
2018-06-19,39.38999938964844,39.38999938964844,39.41999816894531,37.67499923706055,38.25,1009000
2018-06-20,41.0099983215332,41.0099983215332,41.40999984741211,39.595001220703125,39.61000061035156,1464400
2018-06-21,39.779998779296875,39.779998779296875,41.42900085449219,38.70000076293945,41.0099983215332,939600
2018-06-22,39.369998931884766,39.369998931884766,40.11000061035156,39.04999923706055,39.79999923706055,2336600
2018-06-25,37.470001220703125,37.470001220703125,39.310001373291016,37.220001220703125,39.060001373291016,837600
2018-06-26,37.5099983215332,37.5099983215332,38.13999938964844,37.060001373291016,37.5,615900
2018-06-27,35.68000030517578,35.68000030517578,37.650001525878906,35.0,37.459999084472656,898800
2018-06-28,35.849998474121094,35.849998474121094,36.03499984741211,34.02000045776367,35.599998474121094,745700
2018-06-29,35.83000183105469,35.83000183105469,36.722999572753906,35.58000183105469,36.220001220703125,623900
2018-07-02,36.9900016784668,36.9900016784668,37.02000045776367,35.29999923706055,35.5,564300
2018-07-03,36.81999969482422,36.81999969482422,37.470001220703125,36.59000015258789,37.25,442000
2018-07-05,36.83000183105469,36.83000183105469,37.54999923706055,36.08000183105469,37.029998779296875,734600
2018-07-06,37.939998626708984,37.939998626708984,38.34000015258789,36.880001068115234,36.900001525878906,654100
2018-07-09,38.38999938964844,38.38999938964844,38.65999984741211,37.33000183105469,38.02000045776367,792500
2018-07-10,37.970001220703125,37.970001220703125,38.76900100708008,37.79999923706055,38.59000015258789,559700
2018-07-11,38.0,38.0,38.2400016784668,37.20100021362305,37.560001373291016,491800
2018-07-12,37.849998474121094,37.849998474121094,38.4900016784668,37.54999923706055,38.2400016784668,609600
2018-07-13,37.900001525878906,37.900001525878906,38.29999923706055,37.0,37.900001525878906,622300
2018-07-16,35.20000076293945,35.20000076293945,38.20000076293945,34.529998779296875,37.959999084472656,1525900
2018-07-17,36.459999084472656,36.459999084472656,36.68000030517578,34.650001525878906,34.65999984741211,643100
2018-07-18,35.380001068115234,35.380001068115234,36.45000076293945,35.04999923706055,36.45000076293945,708400
2018-07-19,36.130001068115234,36.130001068115234,36.349998474121094,34.380001068115234,35.20000076293945,704400
2018-07-20,36.25,36.25,36.70000076293945,35.78499984741211,36.0,420800
2018-07-23,35.369998931884766,35.369998931884766,36.29999923706055,35.20000076293945,36.099998474121094,435900
2018-07-24,32.459999084472656,32.459999084472656,35.65999984741211,31.5,35.65999984741211,1925800
2018-07-25,31.81999969482422,31.81999969482422,33.540000915527344,31.6200008392334,32.40999984741211,1070800
2018-07-26,31.540000915527344,31.540000915527344,32.14899826049805,30.56999969482422,31.649999618530273,814900
2018-07-27,29.700000762939453,29.700000762939453,31.499000549316406,29.010000228881836,31.459999084472656,1479100
2018-07-30,29.40999984741211,29.40999984741211,30.170000076293945,28.40999984741211,29.489999771118164,1091500
2018-07-31,29.739999771118164,29.739999771118164,30.65999984741211,29.299999237060547,29.3700008392334,693300
2018-08-01,29.420000076293945,29.420000076293945,30.510000228881836,28.81999969482422,29.670000076293945,701800
2018-08-02,29.489999771118164,29.489999771118164,29.799999237060547,28.979999542236328,29.170000076293945,464700
2018-08-03,28.68000030517578,28.68000030517578,29.819000244140625,28.420000076293945,29.549999237060547,637500
2018-08-06,29.09000015258789,29.09000015258789,29.549999237060547,28.219999313354492,29.010000228881836,909500
2018-08-07,28.829999923706055,28.829999923706055,29.0,26.0,28.010000228881836,1897600
2018-08-08,27.649999618530273,27.649999618530273,28.719999313354492,27.59000015258789,28.719999313354492,734500
2018-08-09,28.65999984741211,28.65999984741211,30.600000381469727,27.6299991607666,27.700000762939453,1584400
2018-08-10,29.639999389648438,29.639999389648438,29.8799991607666,28.5,28.5,618300
2018-08-13,29.360000610351562,29.360000610351562,30.079999923706055,29.010000228881836,29.700000762939453,670100
2018-08-14,29.600000381469727,29.600000381469727,30.420000076293945,29.05299949645996,29.40999984741211,606500
2018-08-15,29.06999969482422,29.06999969482422,29.969999313354492,28.219999313354492,29.469999313354492,551600
2018-08-16,29.940000534057617,29.940000534057617,30.110000610351562,28.989999771118164,29.260000228881836,542900
2018-08-17,29.860000610351562,29.860000610351562,30.139999389648438,29.25,29.969999313354492,380600
2018-08-20,30.40999984741211,30.40999984741211,30.56999969482422,29.280000686645508,30.0,491300
2018-08-21,31.31999969482422,31.31999969482422,32.06999969482422,30.450000762939453,30.690000534057617,711900
2018-08-22,31.360000610351562,31.360000610351562,32.06999969482422,30.979999542236328,31.229999542236328,433900
2018-08-23,30.43000030517578,30.43000030517578,31.600000381469727,29.940000534057617,30.815000534057617,552900
2018-08-24,30.65999984741211,30.65999984741211,30.920000076293945,30.309999465942383,30.399999618530273,484000
2018-08-27,30.760000228881836,30.760000228881836,31.520000457763672,30.31999969482422,30.8799991607666,553900
2018-08-28,30.969999313354492,30.969999313354492,31.190000534057617,30.243999481201172,30.520000457763672,528500
2018-08-29,31.729999542236328,31.729999542236328,32.04999923706055,30.510000228881836,31.079999923706055,566900
2018-08-30,32.06999969482422,32.06999969482422,32.470001220703125,31.670000076293945,31.690000534057617,468900
2018-08-31,32.83000183105469,32.83000183105469,33.130001068115234,31.829999923706055,32.0,769100
2018-09-04,32.79999923706055,32.79999923706055,33.34000015258789,31.729999542236328,33.18000030517578,701700
2018-09-05,32.0,32.0,32.439998626708984,30.739999771118164,32.439998626708984,842000
2018-09-06,30.010000228881836,30.010000228881836,32.439998626708984,29.920000076293945,32.0,612600
2018-09-07,30.25,30.25,30.799999237060547,29.6200008392334,29.93000030517578,462000
2018-09-10,31.06999969482422,31.06999969482422,32.310001373291016,29.854000091552734,30.34000015258789,1507600
2018-09-11,32.2400016784668,32.2400016784668,32.29999923706055,30.825000762939453,31.299999237060547,653700
2018-09-12,32.4900016784668,32.4900016784668,32.900001525878906,31.618999481201172,32.18000030517578,501300
2018-09-13,32.220001220703125,32.220001220703125,32.92599868774414,31.674999237060547,32.65999984741211,555800
2018-09-14,32.40999984741211,32.40999984741211,33.20000076293945,32.24100112915039,32.2599983215332,668700
2018-09-17,31.8700008392334,31.8700008392334,32.790000915527344,31.309999465942383,32.33000183105469,622900
2018-09-18,32.81999969482422,32.81999969482422,33.099998474121094,31.5,31.790000915527344,549300
2018-09-19,33.189998626708984,33.189998626708984,33.79999923706055,32.650001525878906,32.650001525878906,718800
2018-09-20,32.56999969482422,32.56999969482422,33.75,31.670000076293945,33.290000915527344,675200
2018-09-21,30.100000381469727,30.100000381469727,33.0099983215332,29.8799991607666,33.0099983215332,1806500
2018-09-24,30.549999237060547,30.549999237060547,30.850000381469727,30.049999237060547,30.229999542236328,615500
2018-09-25,32.56999969482422,32.56999969482422,32.81999969482422,30.260000228881836,30.56999969482422,825600
2018-09-26,32.459999084472656,32.459999084472656,32.900001525878906,32.2400016784668,32.70000076293945,363200
2018-09-27,32.40999984741211,32.40999984741211,33.540000915527344,32.095001220703125,32.34000015258789,431600
2018-09-28,31.81999969482422,31.81999969482422,32.880001068115234,31.68000030517578,32.16999816894531,548000
2018-10-01,30.469999313354492,30.469999313354492,32.0,30.200000762939453,31.979999542236328,600300
2018-10-02,29.110000610351562,29.110000610351562,30.809999465942383,28.860000610351562,30.450000762939453,1171800
2018-10-03,30.209999084472656,30.209999084472656,30.270000457763672,28.5,29.25,850500
2018-10-04,28.610000610351562,28.610000610351562,30.0,28.110000610351562,29.989999771118164,804700
2018-10-05,28.56999969482422,28.56999969482422,29.413000106811523,27.75,28.739999771118164,693200
2018-10-08,27.860000610351562,27.860000610351562,28.549999237060547,27.149999618530273,28.309999465942383,865800
2018-10-09,27.760000228881836,27.760000228881836,28.639999389648438,27.440000534057617,27.690000534057617,458400
2018-10-10,25.989999771118164,25.989999771118164,27.950000762939453,25.899999618530273,27.639999389648438,846500
2018-10-11,26.549999237060547,26.549999237060547,27.100000381469727,25.65999984741211,26.520000457763672,1279100
2018-10-12,27.31999969482422,27.31999969482422,28.020000457763672,26.649999618530273,26.81999969482422,640700
2018-10-15,27.100000381469727,27.100000381469727,27.5,26.18000030517578,27.31999969482422,465100
2018-10-16,29.059999465942383,29.059999465942383,29.15999984741211,26.700000762939453,27.299999237060547,676600
2018-10-17,29.559999465942383,29.559999465942383,29.628999710083008,28.1299991607666,28.959999084472656,448500
2018-10-18,28.350000381469727,28.350000381469727,29.850000381469727,27.8700008392334,29.450000762939453,406600
2018-10-19,27.489999771118164,27.489999771118164,29.18000030517578,27.34000015258789,28.469999313354492,573900
2018-10-22,26.809999465942383,26.809999465942383,27.863000869750977,26.350000381469727,27.56999969482422,564200
2018-10-23,26.829999923706055,26.829999923706055,27.31999969482422,25.799999237060547,26.049999237060547,841500
2018-10-24,24.389999389648438,24.389999389648438,27.760000228881836,24.350000381469727,26.889999389648438,1145200
2018-10-25,26.229999542236328,26.229999542236328,26.829999923706055,24.59000015258789,24.709999084472656,781100
2018-10-26,25.979999542236328,25.979999542236328,26.260000228881836,24.9060001373291,25.65999984741211,611000
2018-10-29,25.049999237060547,25.049999237060547,26.829999923706055,24.399999618530273,26.5,468400
2018-10-30,24.700000762939453,24.700000762939453,25.93000030517578,24.214000701904297,24.899999618530273,583100
2018-10-31,25.329999923706055,25.329999923706055,26.190000534057617,25.030000686645508,25.030000686645508,638400
2018-11-01,27.459999084472656,27.459999084472656,27.579999923706055,25.44700050354004,25.489999771118164,785600
2018-11-02,28.0,28.0,28.489999771118164,27.030000686645508,27.530000686645508,544500
2018-11-05,27.799999237060547,27.799999237060547,28.25,26.760000228881836,28.139999389648438,342700
2018-11-06,27.079999923706055,27.079999923706055,28.219999313354492,26.6299991607666,27.81999969482422,704800
2018-11-07,28.6200008392334,28.6200008392334,28.719999313354492,27.0,27.239999771118164,678100
2018-11-08,29.979999542236328,29.979999542236328,30.989999771118164,29.049999237060547,29.850000381469727,1310200
2018-11-09,28.950000762939453,28.950000762939453,30.03700065612793,28.420000076293945,29.649999618530273,706300
2018-11-12,28.190000534057617,28.190000534057617,29.190000534057617,27.989999771118164,28.90999984741211,491900
2018-11-13,28.979999542236328,28.979999542236328,29.700000762939453,28.239999771118164,28.489999771118164,394900
2018-11-14,26.899999618530273,26.899999618530273,29.479999542236328,26.850000381469727,29.31999969482422,702200
2018-11-15,28.079999923706055,28.079999923706055,28.329999923706055,26.739999771118164,26.84000015258789,754200
2018-11-16,28.959999084472656,28.959999084472656,29.030000686645508,27.06999969482422,27.639999389648438,652500
2018-11-19,27.149999618530273,27.149999618530273,28.950000762939453,26.770000457763672,28.81999969482422,564000
2018-11-20,25.559999465942383,25.559999465942383,27.010000228881836,25.059999465942383,26.639999389648438,640300
2018-11-21,27.969999313354492,27.969999313354492,28.420000076293945,25.56999969482422,25.989999771118164,1774700
2018-11-23,28.030000686645508,28.030000686645508,28.6299991607666,27.479999542236328,27.479999542236328,359300
2018-11-26,28.760000228881836,28.760000228881836,29.40999984741211,28.200000762939453,28.600000381469727,620800
2018-11-27,27.420000076293945,27.420000076293945,28.56999969482422,27.334999084472656,28.420000076293945,485700
2018-11-28,29.3700008392334,29.3700008392334,29.450000762939453,27.09000015258789,27.600000381469727,637400
2018-11-29,30.110000610351562,30.110000610351562,30.540000915527344,29.0,29.079999923706055,741700
2018-11-30,31.15999984741211,31.15999984741211,31.209999084472656,30.15999984741211,30.399999618530273,696100
2018-12-03,31.790000915527344,31.790000915527344,32.46099853515625,31.299999237060547,32.220001220703125,952500
2018-12-04,30.489999771118164,30.489999771118164,32.400001525878906,30.420000076293945,31.760000228881836,1072900
2018-12-06,29.690000534057617,29.690000534057617,30.3799991607666,28.850000381469727,29.899999618530273,720200
2018-12-07,28.389999389648438,28.389999389648438,30.260000228881836,28.270000457763672,29.479999542236328,749300
2018-12-10,28.989999771118164,28.989999771118164,29.209999084472656,27.65999984741211,28.530000686645508,574600
2018-12-11,29.600000381469727,29.600000381469727,30.25,28.969999313354492,29.530000686645508,497200
2018-12-12,30.309999465942383,30.309999465942383,31.100000381469727,30.010000228881836,30.15999984741211,509700
2018-12-13,28.940000534057617,28.940000534057617,30.5,28.600000381469727,30.40999984741211,597200
2018-12-14,28.450000762939453,28.450000762939453,29.350000381469727,28.25,28.59000015258789,367200
2018-12-17,27.639999389648438,27.639999389648438,28.850000381469727,27.09000015258789,28.43000030517578,727200
2018-12-18,26.309999465942383,26.309999465942383,27.959999084472656,25.510000228881836,27.959999084472656,927600
2018-12-19,24.950000762939453,24.950000762939453,27.389999389648438,24.354000091552734,26.190000534057617,995900
2018-12-20,22.959999084472656,22.959999084472656,25.329999923706055,22.65999984741211,24.739999771118164,1127200
2018-12-21,18.190000534057617,18.190000534057617,22.899999618530273,18.18000030517578,22.850000381469727,3594800
2018-12-24,19.530000686645508,19.530000686645508,20.200000762939453,17.799999237060547,18.0,1128600
2018-12-26,20.59000015258789,20.59000015258789,20.768999099731445,19.530000686645508,19.68000030517578,1013100
2018-12-27,20.31999969482422,20.31999969482422,20.510000228881836,19.06999969482422,20.149999618530273,815700
2018-12-28,20.719999313354492,20.719999313354492,21.389999389648438,20.309999465942383,20.649999618530273,679000
2018-12-31,22.75,22.75,22.950000762939453,20.854999542236328,20.8700008392334,1045500
2019-01-02,23.34000015258789,23.34000015258789,23.389999389648438,21.670000076293945,22.030000686645508,959400
2019-01-03,21.959999084472656,21.959999084472656,23.799999237060547,21.68000030517578,23.079999923706055,920100
2019-01-04,23.200000762939453,23.200000762939453,23.486000061035156,22.030000686645508,22.420000076293945,985100
2019-01-07,24.93000030517578,24.93000030517578,24.989999771118164,23.200000762939453,23.780000686645508,882800
2019-01-08,25.450000762939453,25.450000762939453,25.906999588012695,24.1200008392334,25.329999923706055,1193500
2019-01-09,26.399999618530273,26.399999618530273,26.825000762939453,25.459999084472656,25.6200008392334,878000
2019-01-10,26.40999984741211,26.40999984741211,26.5,25.200000762939453,26.1200008392334,990900
2019-01-11,26.200000762939453,26.200000762939453,26.65999984741211,25.65999984741211,26.229999542236328,448100
2019-01-14,24.989999771118164,24.989999771118164,26.260000228881836,24.920000076293945,25.989999771118164,732000
2019-01-15,26.399999618530273,26.399999618530273,26.65999984741211,25.1299991607666,25.18000030517578,882200
2019-01-16,26.260000228881836,26.260000228881836,28.149999618530273,26.079999923706055,26.549999237060547,909600
2019-01-17,26.209999084472656,26.209999084472656,26.610000610351562,25.850000381469727,26.15999984741211,409400
2019-01-18,26.139999389648438,26.139999389648438,26.860000610351562,25.899999618530273,26.31999969482422,648300
2019-01-22,20.950000762939453,20.950000762939453,23.719999313354492,20.299999237060547,23.510000228881836,5641200
2019-01-23,20.100000381469727,20.100000381469727,21.260000228881836,19.329999923706055,20.6200008392334,2963700
2019-01-24,21.329999923706055,21.329999923706055,21.540000915527344,19.979999542236328,20.200000762939453,1763900
2019-01-25,21.459999084472656,21.459999084472656,21.540000915527344,20.5,21.389999389648438,1100300
2019-01-28,20.65999984741211,20.65999984741211,21.219999313354492,20.25,21.110000610351562,945900
2019-01-29,20.290000915527344,20.290000915527344,20.989999771118164,19.93000030517578,20.649999618530273,993100
2019-01-30,21.280000686645508,21.280000686645508,21.479999542236328,20.299999237060547,20.450000762939453,960300
2019-01-31,21.729999542236328,21.729999542236328,22.0,20.959999084472656,21.170000076293945,840000
2019-02-01,21.600000381469727,21.600000381469727,21.979999542236328,21.260000228881836,21.790000915527344,523300
2019-02-04,21.90999984741211,21.90999984741211,22.049999237060547,21.100000381469727,21.65999984741211,599800
2019-02-05,21.139999389648438,21.139999389648438,22.579999923706055,21.079999923706055,21.940000534057617,697100
2019-02-06,21.100000381469727,21.100000381469727,21.530000686645508,20.639999389648438,21.139999389648438,636300
2019-02-07,19.43000030517578,19.43000030517578,21.18000030517578,19.0,20.950000762939453,1746500
2019-02-08,19.75,19.75,19.989999771118164,19.09000015258789,19.5,1365600
2019-02-11,19.969999313354492,19.969999313354492,20.5,19.75,19.850000381469727,531100
2019-02-12,20.290000915527344,20.290000915527344,20.520000457763672,19.959999084472656,20.110000610351562,786900
2019-02-13,19.950000762939453,19.950000762939453,20.607999801635742,19.84000015258789,20.360000610351562,506900
2019-02-14,19.860000610351562,19.860000610351562,20.299999237060547,19.639999389648438,19.899999618530273,619800
2019-02-15,20.079999923706055,20.079999923706055,20.399999618530273,19.850000381469727,19.989999771118164,665800
2019-02-19,20.219999313354492,20.219999313354492,20.440000534057617,20.0,20.040000915527344,674900
2019-02-20,20.549999237060547,20.549999237060547,20.989999771118164,20.309999465942383,20.309999465942383,645700
2019-02-21,19.729999542236328,19.729999542236328,20.770000457763672,19.700000762939453,20.5,792500
2019-02-22,19.8700008392334,19.8700008392334,20.125,19.5,19.780000686645508,657600
2019-02-25,20.93000030517578,20.93000030517578,22.209999084472656,20.68000030517578,21.219999313354492,1915500
2019-02-26,20.719999313354492,20.719999313354492,21.600000381469727,20.700000762939453,20.809999465942383,784100
2019-02-27,20.950000762939453,20.950000762939453,21.290000915527344,20.639999389648438,20.719999313354492,827800
2019-02-28,20.6299991607666,20.6299991607666,21.270000457763672,20.1299991607666,21.049999237060547,1181500
2019-03-01,23.639999389648438,23.639999389648438,23.959999084472656,20.81999969482422,21.020000457763672,2536900
2019-03-04,23.81999969482422,23.81999969482422,24.799999237060547,22.75,24.799999237060547,1497600
2019-03-05,23.639999389648438,23.639999389648438,24.790000915527344,23.420000076293945,23.809999465942383,1268100
2019-03-06,22.6299991607666,22.6299991607666,23.989999771118164,22.15999984741211,23.56999969482422,1175000
2019-03-07,22.860000610351562,22.860000610351562,23.290000915527344,21.899999618530273,22.56999969482422,662600
2019-03-08,22.600000381469727,22.600000381469727,23.290000915527344,22.465999603271484,22.8700008392334,900500
2019-03-11,23.84000015258789,23.84000015258789,23.8700008392334,22.350000381469727,22.6200008392334,822100
2019-03-12,24.270000457763672,24.270000457763672,24.639999389648438,23.823999404907227,23.84000015258789,730500
2019-03-13,24.219999313354492,24.219999313354492,24.600000381469727,23.760000228881836,24.399999618530273,704000
2019-03-14,23.940000534057617,23.940000534057617,24.459999084472656,23.540000915527344,24.219999313354492,511900
2019-03-15,24.290000915527344,24.290000915527344,24.700000762939453,23.959999084472656,24.030000686645508,1974300
2019-03-18,23.969999313354492,23.969999313354492,24.799999237060547,23.6299991607666,24.5,779100
2019-03-19,24.110000610351562,24.110000610351562,24.600000381469727,23.743999481201172,24.1200008392334,800000
2019-03-20,24.1200008392334,24.1200008392334,24.90999984741211,24.0,24.110000610351562,1121300
2019-03-21,24.739999771118164,24.739999771118164,24.799999237060547,23.700000762939453,23.799999237060547,964800
2019-03-22,22.610000610351562,22.610000610351562,24.68000030517578,22.530000686645508,24.6299991607666,1125800
2019-03-25,22.799999237060547,22.799999237060547,23.03499984741211,21.860000610351562,22.579999923706055,620000
2019-03-26,23.190000534057617,23.190000534057617,23.360000610351562,22.6200008392334,23.25,523900
2019-03-27,22.950000762939453,22.950000762939453,23.34000015258789,22.5,23.06999969482422,507600
2019-03-28,23.6299991607666,23.6299991607666,23.65999984741211,22.860000610351562,22.959999084472656,365300
2019-03-29,24.450000762939453,24.450000762939453,24.5049991607666,23.649999618530273,23.860000610351562,631100
2019-04-01,24.709999084472656,24.709999084472656,25.1299991607666,24.389999389648438,24.729999542236328,639900
2019-04-02,26.020000457763672,26.020000457763672,26.1299991607666,24.729999542236328,24.829999923706055,987100
2019-04-03,26.75,26.75,26.899999618530273,26.0,26.34000015258789,816000
2019-04-04,26.670000076293945,26.670000076293945,26.889999389648438,26.010000228881836,26.760000228881836,772400
2019-04-05,27.479999542236328,27.479999542236328,27.579999923706055,26.09000015258789,26.719999313354492,775200
2019-04-08,27.25,27.25,27.860000610351562,26.81999969482422,27.3799991607666,743400
2019-04-09,26.670000076293945,26.670000076293945,27.5,26.59000015258789,27.209999084472656,578600
2019-04-10,27.670000076293945,27.670000076293945,27.68000030517578,26.618999481201172,26.690000534057617,547700
2019-04-11,25.489999771118164,25.489999771118164,27.899999618530273,25.25,27.670000076293945,1197200
2019-04-12,26.09000015258789,26.09000015258789,26.440000534057617,25.729999542236328,26.0,791200
2019-04-15,26.540000915527344,26.540000915527344,26.56999969482422,25.615999221801758,26.170000076293945,525300
2019-04-16,27.219999313354492,27.219999313354492,27.489999771118164,26.579999923706055,26.93000030517578,726700
2019-04-17,25.719999313354492,25.719999313354492,27.40999984741211,25.440000534057617,27.34000015258789,1097100
2019-04-18,25.799999237060547,25.799999237060547,25.952999114990234,24.670000076293945,25.610000610351562,866100
2019-04-22,26.31999969482422,26.31999969482422,26.43000030517578,25.5,25.68000030517578,595700
2019-04-23,27.440000534057617,27.440000534057617,27.600000381469727,26.229999542236328,26.43000030517578,626100
2019-04-24,27.010000228881836,27.010000228881836,27.600000381469727,26.469999313354492,27.520000457763672,527800
2019-04-25,27.15999984741211,27.15999984741211,27.514999389648438,26.559999465942383,26.920000076293945,455900
2019-04-26,27.760000228881836,27.760000228881836,27.809999465942383,26.68000030517578,27.25,465700
2019-04-29,26.270000457763672,26.270000457763672,28.079999923706055,26.200000762939453,27.829999923706055,1015000
2019-04-30,24.75,24.75,26.357999801635742,24.600000381469727,26.049999237060547,1033700
2019-05-01,23.219999313354492,23.219999313354492,25.049999237060547,23.15999984741211,25.0,1343500
2019-05-02,24.0,24.0,24.1299991607666,23.229999542236328,23.309999465942383,1112100
2019-05-03,25.079999923706055,25.079999923706055,25.1200008392334,24.06999969482422,24.200000762939453,802800
2019-05-06,25.860000610351562,25.860000610351562,25.899999618530273,24.40999984741211,24.579999923706055,641300
2019-05-07,24.68000030517578,24.68000030517578,25.610000610351562,24.3700008392334,25.549999237060547,794300
2019-05-08,25.1299991607666,25.1299991607666,25.989999771118164,23.75,23.75,822800
2019-05-09,24.559999465942383,24.559999465942383,24.96500015258789,23.799999237060547,24.639999389648438,522100
2019-05-10,24.450000762939453,24.450000762939453,24.850000381469727,23.75,24.450000762939453,588100
2019-05-13,22.270000457763672,22.270000457763672,23.96500015258789,22.260000228881836,23.639999389648438,1034100
2019-05-14,22.489999771118164,22.489999771118164,22.8799991607666,21.709999084472656,22.34000015258789,1036900
2019-05-15,22.639999389648438,22.639999389648438,22.700000762939453,21.809999465942383,22.469999313354492,984200
2019-05-16,23.190000534057617,23.190000534057617,23.25,22.767000198364258,22.809999465942383,631500
2019-05-17,22.5,22.5,23.100000381469727,22.301000595092773,22.809999465942383,582700
2019-05-20,21.450000762939453,21.450000762939453,22.187999725341797,21.350000381469727,22.170000076293945,776700
2019-05-21,22.989999771118164,22.989999771118164,23.010000228881836,21.530000686645508,21.690000534057617,767600
2019-05-22,22.0,22.0,23.100000381469727,21.893999099731445,22.75,616500
2019-05-23,21.18000030517578,21.18000030517578,21.90999984741211,20.768999099731445,21.649999618530273,852700
2019-05-24,21.719999313354492,21.719999313354492,21.81999969482422,21.25,21.299999237060547,455300
2019-05-28,21.43000030517578,21.43000030517578,21.81999969482422,21.09000015258789,21.81999969482422,648100
2019-05-29,21.149999618530273,21.149999618530273,21.549999237060547,20.799999237060547,21.1299991607666,548800
2019-05-30,21.229999542236328,21.229999542236328,21.440000534057617,20.969999313354492,21.229999542236328,485100
2019-05-31,20.549999237060547,20.549999237060547,21.049999237060547,20.520000457763672,20.760000228881836,543000
2019-06-03,20.760000228881836,20.760000228881836,21.114999771118164,20.440000534057617,20.520000457763672,597200
2019-06-04,20.829999923706055,20.829999923706055,21.18000030517578,20.209999084472656,21.010000228881836,1110100
2019-06-05,20.479999542236328,20.479999542236328,21.184999465942383,20.399999618530273,21.030000686645508,838500
2019-06-06,20.579999923706055,20.579999923706055,20.90999984741211,20.309999465942383,20.520000457763672,769400
2019-06-07,22.40999984741211,22.40999984741211,22.530000686645508,20.950000762939453,20.979999542236328,1066800
2019-06-10,22.049999237060547,22.049999237060547,22.950000762939453,22.040000915527344,22.549999237060547,669300
2019-06-11,21.549999237060547,21.549999237060547,22.690000534057617,21.114999771118164,22.59000015258789,643200
2019-06-12,21.739999771118164,21.739999771118164,21.739999771118164,21.06999969482422,21.530000686645508,484400
2019-06-13,22.510000228881836,22.510000228881836,22.540000915527344,21.56399917602539,21.969999313354492,565900
2019-06-14,21.729999542236328,21.729999542236328,22.760000228881836,21.700000762939453,22.5,532000
2019-06-17,22.610000610351562,22.610000610351562,22.65999984741211,21.799999237060547,22.0,788500
2019-06-18,22.989999771118164,22.989999771118164,23.559999465942383,22.56999969482422,22.81999969482422,776100
2019-06-19,22.700000762939453,22.700000762939453,23.309999465942383,22.645000457763672,23.09000015258789,432700
2019-06-20,22.40999984741211,22.40999984741211,23.253000259399414,22.30900001525879,23.059999465942383,646000
2019-06-21,22.829999923706055,22.829999923706055,22.920000076293945,21.77899932861328,22.3799991607666,985200
2019-06-24,21.790000915527344,21.790000915527344,22.920000076293945,21.770000457763672,22.770000457763672,719200
2019-06-25,22.829999923706055,22.829999923706055,22.93000030517578,21.790000915527344,21.899999618530273,808600
2019-06-26,22.309999465942383,22.309999465942383,23.1299991607666,22.149999618530273,23.0,602000
2019-06-27,23.40999984741211,23.40999984741211,23.43000030517578,22.510000228881836,22.540000915527344,590400
2019-06-28,24.739999771118164,24.739999771118164,24.75,23.510000228881836,23.739999771118164,3207100
2019-07-01,24.239999771118164,24.239999771118164,25.40999984741211,24.079999923706055,25.40999984741211,729600
2019-07-02,23.93000030517578,23.93000030517578,24.34000015258789,23.649999618530273,24.31999969482422,377200
2019-07-03,24.579999923706055,24.579999923706055,24.600000381469727,23.774999618530273,24.059999465942383,285800
2019-07-05,24.059999465942383,24.059999465942383,24.450000762939453,23.799999237060547,24.360000610351562,451100
2019-07-08,23.969999313354492,23.969999313354492,24.299999237060547,23.520000457763672,24.059999465942383,392000
2019-07-09,24.479999542236328,24.479999542236328,24.489999771118164,23.329999923706055,23.5,481900
2019-07-10,24.940000534057617,24.940000534057617,24.969999313354492,24.391000747680664,24.56999969482422,475600
2019-07-11,24.780000686645508,24.780000686645508,25.190000534057617,24.329999923706055,24.899999618530273,424400
2019-07-12,24.850000381469727,24.850000381469727,24.969999313354492,24.34000015258789,24.600000381469727,453600
2019-07-15,25.299999237060547,25.299999237060547,25.59000015258789,24.770000457763672,24.979999542236328,496000
2019-07-16,24.329999923706055,24.329999923706055,25.25,24.260000228881836,25.25,541700
2019-07-17,24.059999465942383,24.059999465942383,24.670000076293945,23.799999237060547,24.309999465942383,641500
2019-07-18,24.670000076293945,24.670000076293945,24.68000030517578,23.850000381469727,23.8799991607666,638500
2019-07-19,23.850000381469727,23.850000381469727,25.010000228881836,23.670000076293945,24.75,617500
2019-07-22,24.790000915527344,24.790000915527344,24.920000076293945,23.798999786376953,23.920000076293945,572900
2019-07-23,25.389999389648438,25.389999389648438,25.6200008392334,24.709999084472656,25.010000228881836,612000
2019-07-24,26.0,26.0,26.06999969482422,25.020000457763672,25.290000915527344,589500
2019-07-25,24.920000076293945,24.920000076293945,26.110000610351562,24.899999618530273,26.110000610351562,509000
2019-07-26,26.18000030517578,26.18000030517578,26.239999771118164,25.079999923706055,25.079999923706055,619400
2019-07-29,26.270000457763672,26.270000457763672,26.59000015258789,25.559999465942383,26.5,426400
2019-07-30,26.809999465942383,26.809999465942383,26.809999465942383,25.610000610351562,26.010000228881836,526100
2019-07-31,25.25,25.25,27.0,24.809999465942383,26.889999389648438,764300
2019-08-01,25.780000686645508,25.780000686645508,26.09000015258789,24.950000762939453,25.25,647200
2019-08-02,24.969999313354492,24.969999313354492,25.764999389648438,24.75,25.489999771118164,668600
2019-08-05,23.93000030517578,23.93000030517578,24.75,23.510000228881836,24.31999969482422,1030100
2019-08-06,24.6299991607666,24.6299991607666,24.68000030517578,23.389999389648438,23.959999084472656,812900
2019-08-07,24.5,24.5,24.780000686645508,22.545000076293945,23.489999771118164,835700
2019-08-08,24.780000686645508,24.780000686645508,25.270000457763672,24.549999237060547,24.59000015258789,542600
2019-08-09,24.84000015258789,24.84000015258789,25.05500030517578,24.3799991607666,24.6200008392334,742000
2019-08-12,24.040000915527344,24.040000915527344,24.979999542236328,23.899999618530273,24.65999984741211,647400
2019-08-13,24.59000015258789,24.59000015258789,24.790000915527344,23.670000076293945,23.860000610351562,1207000
2019-08-14,25.09000015258789,25.09000015258789,25.469999313354492,24.670000076293945,24.760000228881836,852200
2019-08-15,25.360000610351562,25.360000610351562,25.860000610351562,24.93000030517578,25.15999984741211,585600
2019-08-16,25.639999389648438,25.639999389648438,26.059999465942383,25.440000534057617,25.59000015258789,654900
2019-08-19,25.780000686645508,25.780000686645508,26.06999969482422,25.549999237060547,25.979999542236328,549900
2019-08-20,25.59000015258789,25.59000015258789,26.110000610351562,25.325000762939453,25.729999542236328,432500
2019-08-21,25.8700008392334,25.8700008392334,26.170000076293945,25.5,25.950000762939453,384600
2019-08-22,25.290000915527344,25.290000915527344,26.0,24.920000076293945,25.770000457763672,568800
2019-08-23,24.059999465942383,24.059999465942383,25.639999389648438,23.940000534057617,25.15999984741211,585500
2019-08-26,24.34000015258789,24.34000015258789,24.71500015258789,23.739999771118164,24.489999771118164,684200
2019-08-27,23.719999313354492,23.719999313354492,25.0,23.56999969482422,24.5,509100
2019-08-28,24.299999237060547,24.299999237060547,24.46500015258789,23.520000457763672,23.75,461100
2019-08-29,25.079999923706055,25.079999923706055,25.09000015258789,24.399999618530273,24.510000228881836,715600
2019-08-30,24.829999923706055,24.829999923706055,25.450000762939453,24.6299991607666,25.18000030517578,349600
2019-09-03,23.850000381469727,23.850000381469727,25.09000015258789,23.520000457763672,24.809999465942383,549000
2019-09-04,23.15999984741211,23.15999984741211,24.43000030517578,22.799999237060547,24.190000534057617,789600
2019-09-05,24.190000534057617,24.190000534057617,24.43000030517578,23.0,23.479999542236328,685800
2019-09-06,24.459999084472656,24.459999084472656,25.15999984741211,24.020000457763672,24.34000015258789,620600
2019-09-09,24.280000686645508,24.280000686645508,25.149999618530273,24.1299991607666,24.670000076293945,425400
2019-09-10,25.530000686645508,25.530000686645508,25.549999237060547,24.020000457763672,24.200000762939453,588700
2019-09-11,26.56999969482422,26.56999969482422,26.8799991607666,25.5,25.670000076293945,851000
2019-09-12,26.09000015258789,26.09000015258789,27.0,25.93000030517578,26.6299991607666,685500
2019-09-13,25.5,25.5,26.6200008392334,25.420000076293945,26.209999084472656,624700
2019-09-16,25.75,25.75,26.059999465942383,25.299999237060547,25.309999465942383,494600
2019-09-17,25.760000228881836,25.760000228881836,26.1299991607666,25.520000457763672,25.780000686645508,339600
2019-09-18,25.290000915527344,25.290000915527344,26.059999465942383,24.944000244140625,26.0,452500
2019-09-19,25.18000030517578,25.18000030517578,25.5,24.920000076293945,25.239999771118164,396200
2019-09-20,24.989999771118164,24.989999771118164,25.479999542236328,24.790000915527344,25.15999984741211,1853500
2019-09-23,24.350000381469727,24.350000381469727,25.420000076293945,24.299999237060547,24.8700008392334,327600
2019-09-24,23.969999313354492,23.969999313354492,24.5,23.489999771118164,24.389999389648438,538100
2019-09-25,23.735000610351562,23.735000610351562,24.239999771118164,23.25,23.760000228881836,458200
2019-09-26,22.709999084472656,22.709999084472656,23.850000381469727,22.600000381469727,23.739999771118164,557600
2019-09-27,22.485000610351562,22.485000610351562,23.309999465942383,22.200000762939453,22.709999084472656,459200
2019-09-30,22.739999771118164,22.739999771118164,23.0,22.32699966430664,22.450000762939453,313300
2019-10-01,22.040000915527344,22.040000915527344,23.489999771118164,21.950000762939453,22.81999969482422,524600
2019-10-02,21.760000228881836,21.760000228881836,21.906999588012695,21.25,21.65999984741211,604400
2019-10-03,21.639999389648438,21.639999389648438,22.0,21.25,21.760000228881836,506600
2019-10-04,21.780000686645508,21.780000686645508,21.979999542236328,21.235000610351562,21.6299991607666,536400
2019-10-07,21.34000015258789,21.34000015258789,22.1200008392334,21.329999923706055,21.850000381469727,677300
2019-10-08,20.06999969482422,20.06999969482422,21.309999465942383,20.049999237060547,21.149999618530273,899700
2019-10-09,19.899999618530273,19.899999618530273,20.450000762939453,19.639999389648438,20.31999969482422,799900
2019-10-10,19.489999771118164,19.489999771118164,20.09000015258789,19.290000915527344,19.8700008392334,592900
2019-10-11,20.190000534057617,20.190000534057617,20.475000381469727,19.5,19.6200008392334,580100
2019-10-14,19.829999923706055,19.829999923706055,20.5,19.489999771118164,20.059999465942383,444400
2019-10-15,20.280000686645508,20.280000686645508,20.440000534057617,19.829999923706055,19.860000610351562,360200
2019-10-16,20.399999618530273,20.399999618530273,20.760000228881836,20.200000762939453,20.25,544900
2019-10-17,20.350000381469727,20.350000381469727,20.559999465942383,20.139999389648438,20.469999313354492,430700
2019-10-18,19.729999542236328,19.729999542236328,20.5,19.610000610351562,20.209999084472656,387700
2019-10-21,20.459999084472656,20.459999084472656,20.559999465942383,19.809999465942383,19.8700008392334,427900
2019-10-22,20.299999237060547,20.299999237060547,21.0,20.200000762939453,20.68000030517578,353600
2019-10-23,20.834999084472656,20.834999084472656,21.149999618530273,20.399999618530273,20.559999465942383,344800
2019-10-24,20.68000030517578,20.68000030517578,21.040000915527344,20.3799991607666,20.899999618530273,296700
2019-10-25,20.959999084472656,20.959999084472656,21.09000015258789,20.31999969482422,20.40999984741211,299000
2019-10-28,21.610000610351562,21.610000610351562,21.649999618530273,20.950000762939453,20.979999542236328,442400
2019-10-29,21.540000915527344,21.540000915527344,21.700000762939453,20.940000534057617,21.610000610351562,457600
2019-10-30,21.399999618530273,21.399999618530273,21.639999389648438,21.190000534057617,21.540000915527344,381300
2019-10-31,20.84000015258789,20.84000015258789,21.809999465942383,20.690000534057617,21.399999618530273,645300
2019-11-01,21.530000686645508,21.530000686645508,21.809999465942383,20.860000610351562,21.100000381469727,816900
2019-11-04,21.030000686645508,21.030000686645508,21.920000076293945,21.0,21.809999465942383,607800
2019-11-05,21.229999542236328,21.229999542236328,21.65999984741211,20.86400032043457,21.1299991607666,462900
2019-11-06,20.43000030517578,20.43000030517578,21.219999313354492,20.360000610351562,21.190000534057617,488500
2019-11-07,20.90999984741211,20.90999984741211,21.309999465942383,20.56999969482422,20.6200008392334,617900
2019-11-08,20.489999771118164,20.489999771118164,21.229999542236328,20.270000457763672,20.829999923706055,647800
2019-11-11,20.389999389648438,20.389999389648438,20.530000686645508,19.899999618530273,20.489999771118164,513100
2019-11-12,22.31999969482422,22.31999969482422,22.450000762939453,19.610000610351562,20.799999237060547,1028100
2019-11-13,22.989999771118164,22.989999771118164,23.520000457763672,21.920000076293945,22.31999969482422,918800
2019-11-14,22.65999984741211,22.65999984741211,23.257999420166016,22.239999771118164,23.059999465942383,540300
2019-11-15,22.860000610351562,22.860000610351562,23.299999237060547,22.639999389648438,22.81999969482422,503700
2019-11-18,23.149999618530273,23.149999618530273,23.5,22.510000228881836,22.780000686645508,533600
2019-11-19,24.959999084472656,24.959999084472656,27.059999465942383,23.34000015258789,23.34000015258789,2718500
2019-11-20,24.190000534057617,24.190000534057617,25.170000076293945,23.549999237060547,24.8700008392334,917800
2019-11-21,24.40999984741211,24.40999984741211,24.450000762939453,23.93000030517578,24.049999237060547,598800
2019-11-22,24.360000610351562,24.360000610351562,24.950000762939453,24.229999542236328,24.469999313354492,827200
2019-11-25,27.18000030517578,27.18000030517578,27.469999313354492,24.829999923706055,25.219999313354492,3093600
2019-11-26,28.3799991607666,28.3799991607666,29.25,27.649999618530273,29.229999542236328,2593500
2019-11-27,29.229999542236328,29.229999542236328,29.93000030517578,28.6200008392334,29.309999465942383,1855400
2019-11-29,30.280000686645508,30.280000686645508,30.559999465942383,29.5,29.81999969482422,1703200
2019-12-02,29.899999618530273,29.899999618530273,31.780000686645508,29.59000015258789,31.0,1844900
2019-12-03,30.290000915527344,30.290000915527344,30.829999923706055,29.600000381469727,29.989999771118164,1244900
2019-12-04,30.770000457763672,30.770000457763672,31.520000457763672,30.200000762939453,30.719999313354492,1411500
2019-12-05,30.389999389648438,30.389999389648438,31.1299991607666,29.959999084472656,30.989999771118164,1383000
2019-12-06,30.920000076293945,30.920000076293945,31.131999969482422,30.110000610351562,30.600000381469727,1144500
2019-12-09,30.31999969482422,30.31999969482422,31.600000381469727,30.309999465942383,30.969999313354492,869400
2019-12-10,30.690000534057617,30.690000534057617,31.31999969482422,30.360000610351562,30.489999771118164,1041400
2019-12-11,29.579999923706055,29.579999923706055,31.100000381469727,29.3700008392334,30.670000076293945,849400
2019-12-12,30.1299991607666,30.1299991607666,30.3700008392334,29.270000457763672,29.510000228881836,746700
2019-12-13,29.899999618530273,29.899999618530273,30.56999969482422,29.579999923706055,30.329999923706055,702700
2019-12-16,31.1299991607666,31.1299991607666,31.540000915527344,30.135000228881836,30.540000915527344,1466100
2019-12-17,31.334999084472656,31.334999084472656,31.469999313354492,30.920000076293945,31.3700008392334,557300
2019-12-18,32.06999969482422,32.06999969482422,32.75,31.049999237060547,31.049999237060547,1174000
2019-12-19,32.16999816894531,32.16999816894531,32.428001403808594,31.6299991607666,32.189998626708984,659000
2019-12-20,31.889999389648438,31.889999389648438,32.5,31.309999465942383,32.2400016784668,1224100
2019-12-23,32.2400016784668,32.2400016784668,32.38999938964844,31.520000457763672,32.36000061035156,810200
2019-12-24,32.630001068115234,32.630001068115234,32.689998626708984,31.920000076293945,32.13999938964844,215900
2019-12-26,32.04999923706055,32.04999923706055,32.81999969482422,32.0099983215332,32.7400016784668,341000
2019-12-27,30.459999084472656,30.459999084472656,32.25,30.260000228881836,32.11000061035156,1003300
2019-12-30,29.5,29.5,30.792999267578125,29.049999237060547,30.510000228881836,783200
2019-12-31,29.610000610351562,29.610000610351562,29.850000381469727,29.110000610351562,29.350000381469727,795600
2020-01-02,29.440000534057617,29.440000534057617,29.899999618530273,28.75,29.860000610351562,604100
2020-01-03,29.0,29.0,29.7189998626709,28.75,28.829999923706055,551100
2020-01-06,29.729999542236328,29.729999542236328,29.860000610351562,28.110000610351562,28.81999969482422,594100
2020-01-07,29.959999084472656,29.959999084472656,30.719999313354492,29.75,30.0,782900
2020-01-08,30.989999771118164,30.989999771118164,31.079999923706055,29.459999084472656,29.780000686645508,703700
2020-01-09,30.649999618530273,30.649999618530273,31.90999984741211,30.440000534057617,31.530000686645508,565400
2020-01-10,30.68000030517578,30.68000030517578,31.5,30.6200008392334,30.889999389648438,632000
2020-01-13,31.15999984741211,31.15999984741211,31.90999984741211,30.209999084472656,31.3799991607666,885000
2020-01-14,32.5099983215332,32.5099983215332,33.005001068115234,30.743000030517578,31.239999771118164,915900
2020-01-15,32.779998779296875,32.779998779296875,34.369998931884766,32.5,32.810001373291016,1282100
2020-01-16,32.02000045776367,32.02000045776367,33.2140007019043,31.360000610351562,33.0099983215332,950200
2020-01-17,30.639999389648438,30.639999389648438,32.20000076293945,30.420000076293945,32.20000076293945,1008000
2020-01-21,29.93000030517578,29.93000030517578,30.8700008392334,29.700000762939453,30.639999389648438,626500
2020-01-22,30.040000915527344,30.040000915527344,30.530000686645508,29.600000381469727,29.93000030517578,421400
2020-01-23,28.969999313354492,28.969999313354492,29.940000534057617,28.8799991607666,29.940000534057617,618800
2020-01-24,28.350000381469727,28.350000381469727,29.350000381469727,27.899999618530273,29.309999465942383,706200
2020-01-27,27.969999313354492,27.969999313354492,28.260000228881836,27.030000686645508,27.309999465942383,584000
2020-01-28,28.239999771118164,28.239999771118164,29.010000228881836,27.829999923706055,28.200000762939453,483400
2020-01-29,27.799999237060547,27.799999237060547,28.665000915527344,27.760000228881836,28.25,379100
2020-01-30,26.84000015258789,26.84000015258789,27.639999389648438,26.69499969482422,27.510000228881836,610000
2020-01-31,26.43000030517578,26.43000030517578,26.940000534057617,26.049999237060547,26.770000457763672,784100
2020-02-03,27.139999389648438,27.139999389648438,27.3700008392334,25.90999984741211,26.690000534057617,870600
2020-02-04,28.3700008392334,28.3700008392334,28.440000534057617,27.68000030517578,27.68000030517578,739100
2020-02-05,28.639999389648438,28.639999389648438,29.170000076293945,28.200000762939453,28.639999389648438,653600
2020-02-06,28.049999237060547,28.049999237060547,28.979999542236328,27.899999618530273,28.920000076293945,868100
2020-02-07,26.350000381469727,26.350000381469727,28.399999618530273,26.23699951171875,28.360000610351562,830100
2020-02-10,27.90999984741211,27.90999984741211,28.229999542236328,26.5,26.510000228881836,940500
2020-02-11,26.989999771118164,26.989999771118164,28.200000762939453,26.75,28.059999465942383,706100
2020-02-12,26.860000610351562,26.860000610351562,27.600000381469727,26.59000015258789,27.360000610351562,671800
2020-02-13,26.84000015258789,26.84000015258789,27.31999969482422,26.31999969482422,27.030000686645508,777800
2020-02-14,26.81999969482422,26.81999969482422,27.059999465942383,26.3700008392334,26.860000610351562,493400
2020-02-18,26.90999984741211,26.90999984741211,27.079999923706055,26.309999465942383,26.81999969482422,510100
2020-02-19,26.540000915527344,26.540000915527344,27.25,26.440000534057617,27.010000228881836,604000
2020-02-20,26.299999237060547,26.299999237060547,27.190000534057617,25.799999237060547,26.5,672000
2020-02-21,24.729999542236328,24.729999542236328,26.260000228881836,24.649999618530273,26.110000610351562,1005300
2020-02-24,23.690000534057617,23.690000534057617,24.20400047302246,23.020000457763672,24.100000381469727,832100
2020-02-25,22.479999542236328,22.479999542236328,24.290000915527344,22.43000030517578,24.0,929800
2020-02-26,22.40999984741211,22.40999984741211,23.350000381469727,22.09000015258789,22.469999313354492,1074300
2020-02-27,20.979999542236328,20.979999542236328,21.850000381469727,20.049999237060547,21.790000915527344,1880900
2020-02-28,22.18000030517578,22.18000030517578,22.25,20.110000610351562,20.25,1564300
2020-03-02,22.719999313354492,22.719999313354492,22.850000381469727,21.579999923706055,22.399999618530273,1062200
2020-03-03,21.959999084472656,21.959999084472656,23.440000534057617,21.434999465942383,22.579999923706055,686500
2020-03-04,23.010000228881836,23.010000228881836,23.719999313354492,22.389999389648438,23.549999237060547,828100
2020-03-05,25.149999618530273,25.149999618530273,25.444000244140625,22.160999298095703,22.489999771118164,2274400
2020-03-06,23.969999313354492,23.969999313354492,25.389999389648438,23.655000686645508,24.709999084472656,1248100
2020-03-09,21.280000686645508,21.280000686645508,22.780000686645508,21.149999618530273,21.950000762939453,1166500
2020-03-10,21.709999084472656,21.709999084472656,22.75,20.229999542236328,22.1299991607666,1060200
2020-03-11,20.270000457763672,20.270000457763672,21.709999084472656,20.139999389648438,20.959999084472656,959000
2020-03-12,17.760000228881836,17.760000228881836,19.18000030517578,16.940000534057617,19.010000228881836,1757500
2020-03-13,19.350000381469727,19.350000381469727,19.459999084472656,16.760000228881836,19.43000030517578,1615600
2020-03-16,14.880000114440918,14.880000114440918,17.049999237060547,14.010000228881836,14.829999923706055,1518500
2020-03-17,16.780000686645508,16.780000686645508,17.22599983215332,14.100000381469727,15.489999771118164,1642500
2020-03-18,18.290000915527344,18.290000915527344,18.822999954223633,15.369999885559082,16.059999465942383,1918000
2020-03-19,20.0,20.0,20.959999084472656,17.739999771118164,18.18000030517578,1674000
2020-03-20,19.079999923706055,19.079999923706055,20.940000534057617,18.520000457763672,20.5,1421600
2020-03-23,19.579999923706055,19.579999923706055,20.420000076293945,18.799999237060547,19.0,1348400
2020-03-24,21.700000762939453,21.700000762939453,21.8700008392334,19.969999313354492,20.479999542236328,1166100
2020-03-25,20.84000015258789,20.84000015258789,23.26300048828125,20.540000915527344,21.90999984741211,1528800
2020-03-26,21.0,21.0,22.344999313354492,20.264999389648438,21.200000762939453,775200
2020-03-27,19.959999084472656,19.959999084472656,20.860000610351562,19.700000762939453,20.479999542236328,919100
2020-03-30,20.25,20.25,20.80500030517578,19.429000854492188,20.1299991607666,722600
2020-03-31,19.829999923706055,19.829999923706055,20.299999237060547,19.229999542236328,20.170000076293945,706500
2020-04-01,18.5,18.5,20.485000610351562,18.299999237060547,19.639999389648438,993500
2020-04-02,19.979999542236328,19.979999542236328,20.0,18.200000762939453,18.5,701100
2020-04-03,19.559999465942383,19.559999465942383,20.329999923706055,18.950000762939453,20.170000076293945,537700
2020-04-06,21.350000381469727,21.350000381469727,21.440000534057617,20.200000762939453,20.200000762939453,836600
2020-04-07,21.1200008392334,21.1200008392334,22.25,20.8799991607666,21.950000762939453,1422700
2020-04-08,20.610000610351562,20.610000610351562,21.549999237060547,20.149999618530273,21.520000457763672,893800
2020-04-09,22.1299991607666,22.1299991607666,22.239999771118164,20.979999542236328,21.25,783200
2020-04-13,22.350000381469727,22.350000381469727,22.56999969482422,21.520000457763672,22.059999465942383,484000
2020-04-14,23.309999465942383,23.309999465942383,23.579999923706055,22.5,22.5,630700
2020-04-15,22.530000686645508,22.530000686645508,23.15999984741211,21.864999771118164,22.600000381469727,606500
2020-04-16,23.25,23.25,23.360000610351562,22.219999313354492,22.6200008392334,484400
2020-04-17,24.0,24.0,24.18000030517578,23.329999923706055,23.950000762939453,590300
2020-04-20,24.81999969482422,24.81999969482422,26.5,23.56999969482422,23.950000762939453,1136600
2020-04-21,23.639999389648438,23.639999389648438,24.90999984741211,23.18000030517578,24.5,667200
2020-04-22,24.31999969482422,24.31999969482422,24.739999771118164,23.7450008392334,24.110000610351562,474600
2020-04-23,24.049999237060547,24.049999237060547,25.545000076293945,24.018999099731445,24.280000686645508,553300
2020-04-24,25.010000228881836,25.010000228881836,25.187000274658203,23.71500015258789,24.049999237060547,524900
2020-04-27,25.399999618530273,25.399999618530273,26.5049991607666,25.139999389648438,25.389999389648438,835200
2020-04-28,24.56999969482422,24.56999969482422,25.75,24.209999084472656,25.700000762939453,587300
2020-04-29,24.299999237060547,24.299999237060547,25.24799919128418,24.149999618530273,25.200000762939453,745800
2020-04-30,23.1200008392334,23.1200008392334,24.78499984741211,23.010000228881836,24.0,847500
2020-05-01,22.200000762939453,22.200000762939453,22.929000854492188,21.40999984741211,22.68000030517578,898200
2020-05-04,24.940000534057617,24.940000534057617,25.0,21.950000762939453,22.450000762939453,819600
2020-05-05,25.600000381469727,25.600000381469727,26.110000610351562,25.079999923706055,25.219999313354492,813300
2020-05-06,25.010000228881836,25.010000228881836,25.65999984741211,24.510000228881836,25.34000015258789,701300
2020-05-07,24.100000381469727,24.100000381469727,25.479999542236328,23.81999969482422,25.280000686645508,1088800
2020-05-08,24.709999084472656,24.709999084472656,25.18000030517578,23.780000686645508,24.360000610351562,723300
2020-05-11,27.43000030517578,27.43000030517578,27.81999969482422,24.40999984741211,24.829999923706055,1919300
2020-05-12,25.475000381469727,25.475000381469727,27.899999618530273,25.469999313354492,27.5,1121400
2020-05-13,24.510000228881836,24.510000228881836,26.68000030517578,23.510000228881836,26.0,938300
2020-05-14,24.329999923706055,24.329999923706055,24.8799991607666,23.600000381469727,24.440000534057617,787800
2020-05-15,26.280000686645508,26.280000686645508,26.43000030517578,24.47100067138672,24.549999237060547,780900
2020-05-18,27.059999465942383,27.059999465942383,27.809999465942383,26.440000534057617,27.260000228881836,1378000
2020-05-19,27.06999969482422,27.06999969482422,28.0,26.8700008392334,26.8700008392334,792500
2020-05-20,28.559999465942383,28.559999465942383,28.790000915527344,27.395000457763672,27.6299991607666,909800
2020-05-21,29.280000686645508,29.280000686645508,29.700000762939453,27.760000228881836,28.610000610351562,810200
2020-05-22,30.100000381469727,30.100000381469727,30.190000534057617,28.690000534057617,29.3700008392334,693000
2020-05-26,27.40999984741211,27.40999984741211,31.280000686645508,27.299999237060547,31.0,1620400
2020-05-27,27.860000610351562,27.860000610351562,28.049999237060547,25.81999969482422,27.5,1056400
2020-05-28,27.290000915527344,27.290000915527344,28.399999618530273,27.08799934387207,27.84000015258789,623000
2020-05-29,27.06999969482422,27.06999969482422,27.839000701904297,26.209999084472656,27.290000915527344,1041300
2020-06-01,27.420000076293945,27.420000076293945,28.020000457763672,26.610000610351562,27.8700008392334,858300
2020-06-02,28.219999313354492,28.219999313354492,28.469999313354492,26.719999313354492,27.420000076293945,880900
2020-06-03,27.459999084472656,27.459999084472656,28.950000762939453,27.40999984741211,28.219999313354492,678700
2020-06-04,27.040000915527344,27.040000915527344,28.5,26.90999984741211,27.329999923706055,644300
2020-06-05,26.65999984741211,26.65999984741211,28.0,26.527999877929688,27.100000381469727,733100
2020-06-08,27.1200008392334,27.1200008392334,27.200000762939453,26.34000015258789,26.899999618530273,744100
2020-06-09,26.809999465942383,26.809999465942383,27.610000610351562,26.729999542236328,26.739999771118164,770600
2020-06-10,27.489999771118164,27.489999771118164,27.850000381469727,26.700000762939453,26.920000076293945,683500
2020-06-11,25.010000228881836,25.010000228881836,27.19499969482422,24.979999542236328,26.600000381469727,926100
2020-06-12,26.989999771118164,26.989999771118164,27.489999771118164,25.5,27.100000381469727,769700
2020-06-15,28.940000534057617,28.940000534057617,29.020000457763672,26.5,26.5,926900
2020-06-16,30.8799991607666,30.8799991607666,31.1200008392334,29.351999282836914,30.0,1330800
2020-06-17,29.889999389648438,29.889999389648438,31.729999542236328,29.6299991607666,30.84000015258789,1339700
2020-06-18,32.45000076293945,32.45000076293945,33.54999923706055,30.329999923706055,31.0,1855800
2020-06-19,32.15999984741211,32.15999984741211,33.45000076293945,32.13999938964844,32.869998931884766,2620800
2020-06-22,33.189998626708984,33.189998626708984,33.33000183105469,31.270000457763672,32.25,1285500
2020-06-23,34.34000015258789,34.34000015258789,36.779998779296875,33.571998596191406,33.689998626708984,2214400
2020-06-24,30.729999542236328,30.729999542236328,33.84000015258789,30.729999542236328,32.79999923706055,4501100
2020-06-25,31.40999984741211,31.40999984741211,32.130001068115234,30.3799991607666,31.020000457763672,2574000
2020-06-26,28.920000076293945,28.920000076293945,31.34000015258789,28.8700008392334,31.09000015258789,2285400
2020-06-29,29.34000015258789,29.34000015258789,30.6299991607666,28.399999618530273,29.479999542236328,1021800
2020-06-30,29.579999923706055,29.579999923706055,29.799999237060547,28.68000030517578,29.1299991607666,910600
2020-07-01,30.850000381469727,30.850000381469727,31.270000457763672,29.65999984741211,29.68000030517578,1839500
2020-07-02,30.530000686645508,30.530000686645508,31.729999542236328,30.09000015258789,31.6299991607666,955800
2020-07-06,30.68000030517578,30.68000030517578,31.540000915527344,30.489999771118164,31.270000457763672,817800
2020-07-07,32.16999816894531,32.16999816894531,33.09000015258789,30.399999618530273,30.68000030517578,1052800
2020-07-08,34.630001068115234,34.630001068115234,34.72999954223633,32.2599983215332,32.63999938964844,1182700
2020-07-09,34.4900016784668,34.4900016784668,35.525001525878906,33.33000183105469,34.70000076293945,859200
2020-07-10,32.875,32.875,34.93000030517578,32.59000015258789,34.33000183105469,771600
2020-07-13,31.479999542236328,31.479999542236328,34.0099983215332,31.350000381469727,33.11000061035156,1092900
2020-07-14,31.6200008392334,31.6200008392334,32.05799865722656,30.299999237060547,31.010000228881836,1038700
2020-07-15,32.619998931884766,32.619998931884766,32.91400146484375,31.459999084472656,32.220001220703125,856800
2020-07-16,32.209999084472656,32.209999084472656,32.63999938964844,31.149999618530273,32.15999984741211,702000
2020-07-17,32.22999954223633,32.22999954223633,32.619998931884766,31.64900016784668,32.33000183105469,639400
2020-07-20,32.560001373291016,32.560001373291016,32.81999969482422,31.8799991607666,32.279998779296875,777900
2020-07-21,30.31999969482422,30.31999969482422,32.959999084472656,30.260000228881836,32.63999938964844,1138800
2020-07-22,30.200000762939453,30.200000762939453,30.790000915527344,29.790000915527344,30.5,638700
2020-07-23,30.329999923706055,30.329999923706055,31.100000381469727,29.719999313354492,30.219999313354492,810500
2020-07-24,29.8799991607666,29.8799991607666,30.329999923706055,28.8700008392334,29.790000915527344,781000
2020-07-27,31.700000762939453,31.700000762939453,31.93000030517578,30.100000381469727,30.350000381469727,756800
2020-07-28,30.200000762939453,30.200000762939453,31.639999389648438,30.18000030517578,31.459999084472656,697200
2020-07-29,30.040000915527344,30.040000915527344,30.7549991607666,29.850000381469727,30.5,500000
2020-07-30,30.6299991607666,30.6299991607666,30.81999969482422,29.700000762939453,29.81999969482422,460500
2020-07-31,29.360000610351562,29.360000610351562,30.850000381469727,29.200000762939453,30.780000686645508,847700
2020-08-03,31.56999969482422,31.56999969482422,31.979999542236328,29.5,29.90999984741211,1115900
2020-08-04,31.8799991607666,31.8799991607666,31.989999771118164,30.905000686645508,31.780000686645508,705700
2020-08-05,32.4900016784668,32.4900016784668,32.619998931884766,31.309999465942383,32.349998474121094,855200
2020-08-06,36.84000015258789,36.84000015258789,39.959999084472656,36.029998779296875,37.44300079345703,3890700
2020-08-07,34.709999084472656,34.709999084472656,36.2400016784668,33.40999984741211,35.0,2141400
2020-08-10,35.5099983215332,35.5099983215332,36.880001068115234,34.81999969482422,35.900001525878906,1044000
2020-08-11,34.189998626708984,34.189998626708984,35.959999084472656,33.97999954223633,35.40999984741211,791700
2020-08-12,34.75,34.75,35.060001373291016,34.15999984741211,34.7599983215332,555900
2020-08-13,35.31999969482422,35.31999969482422,35.56999969482422,34.52000045776367,34.599998474121094,447400
2020-08-14,34.91999816894531,34.91999816894531,35.650001525878906,34.290000915527344,35.2599983215332,441200
2020-08-17,36.650001525878906,36.650001525878906,36.93000030517578,34.79899978637695,34.970001220703125,667700
2020-08-18,37.15999984741211,37.15999984741211,37.400001525878906,35.810001373291016,36.849998474121094,638300
2020-08-19,36.970001220703125,36.970001220703125,38.220001220703125,36.56999969482422,37.25,738400
2020-08-20,36.7599983215332,36.7599983215332,37.20000076293945,36.1510009765625,36.65999984741211,556900
2020-08-21,36.08000183105469,36.08000183105469,36.88999938964844,35.720001220703125,36.380001068115234,512200
2020-08-24,34.22999954223633,34.22999954223633,36.91400146484375,34.119998931884766,36.91400146484375,1028400
2020-08-25,35.02000045776367,35.02000045776367,35.290000915527344,33.68000030517578,34.58000183105469,553800
2020-08-26,34.630001068115234,34.630001068115234,35.13999938964844,34.43000030517578,34.95000076293945,541900
2020-08-27,34.41999816894531,34.41999816894531,35.060001373291016,33.869998931884766,34.630001068115234,376800
2020-08-28,34.959999084472656,34.959999084472656,35.13999938964844,34.119998931884766,34.400001525878906,366100
2020-08-31,35.22999954223633,35.22999954223633,36.54999923706055,35.025001525878906,35.34000015258789,1040700
2020-09-01,35.029998779296875,35.029998779296875,36.310001373291016,34.689998626708984,35.060001373291016,858800
2020-09-02,36.15999984741211,36.15999984741211,36.38999938964844,34.779998779296875,35.25,695200
2020-09-03,31.940000534057617,31.940000534057617,35.77000045776367,31.260000228881836,35.22999954223633,1401100
2020-09-04,30.469999313354492,30.469999313354492,32.439998626708984,28.510000228881836,32.30500030517578,1571900
2020-09-08,29.25,29.25,30.329999923706055,28.850000381469727,29.43000030517578,764400
2020-09-09,30.950000762939453,30.950000762939453,31.459999084472656,29.65399932861328,29.690000534057617,781000
2020-09-10,30.399999618530273,30.399999618530273,32.5,30.139999389648438,31.18000030517578,909400
2020-09-11,29.989999771118164,29.989999771118164,31.440000534057617,29.729999542236328,30.34000015258789,675300
2020-09-14,31.329999923706055,31.329999923706055,31.559999465942383,30.364999771118164,30.469999313354492,706000
2020-09-15,31.899999618530273,31.899999618530273,32.619998931884766,31.329999923706055,31.329999923706055,637400
2020-09-16,33.220001220703125,33.220001220703125,33.91999816894531,32.16999816894531,32.2400016784668,811100
2020-09-17,32.70000076293945,32.70000076293945,33.095001220703125,31.829999923706055,32.650001525878906,531800
2020-09-18,33.900001525878906,33.900001525878906,34.08000183105469,32.57500076293945,33.029998779296875,1702800
2020-09-21,32.34000015258789,32.34000015258789,33.279998779296875,31.530000686645508,33.25,903100
2020-09-22,32.7599983215332,32.7599983215332,32.880001068115234,31.329999923706055,32.61000061035156,614300
2020-09-23,31.450000762939453,31.450000762939453,33.13999938964844,31.3799991607666,32.68000030517578,601100
2020-09-24,29.079999923706055,29.079999923706055,31.040000915527344,28.649999618530273,30.850000381469727,1271100
2020-09-25,29.40999984741211,29.40999984741211,29.639999389648438,28.309999465942383,28.809999465942383,880100
2020-09-28,29.139999389648438,29.139999389648438,30.510000228881836,28.719999313354492,30.299999237060547,855800
2020-09-29,29.040000915527344,29.040000915527344,29.729999542236328,28.809999465942383,29.040000915527344,669200
2020-09-30,28.059999465942383,28.059999465942383,29.3700008392334,27.690000534057617,29.15999984741211,1111000
2020-10-01,28.170000076293945,28.170000076293945,28.690000534057617,27.56999969482422,28.1299991607666,862700
2020-10-02,27.06999969482422,27.06999969482422,28.049999237060547,27.010000228881836,27.200000762939453,732400
2020-10-05,29.139999389648438,29.139999389648438,29.5,27.260000228881836,27.260000228881836,732200
2020-10-06,28.760000228881836,28.760000228881836,29.760000228881836,28.549999237060547,29.18000030517578,633800
2020-10-07,31.040000915527344,31.040000915527344,32.279998779296875,29.225000381469727,29.489999771118164,1711600
2020-10-08,30.709999084472656,30.709999084472656,32.34000015258789,30.420000076293945,32.279998779296875,993400
2020-10-09,33.09000015258789,33.09000015258789,33.29999923706055,30.635000228881836,30.969999313354492,1107200
2020-10-12,32.220001220703125,32.220001220703125,33.959999084472656,31.610000610351562,33.599998474121094,953200
2020-10-13,32.77000045776367,32.77000045776367,33.189998626708984,31.437000274658203,31.829999923706055,1180400
2020-10-14,32.15999984741211,32.15999984741211,35.060001373291016,32.099998474121094,33.27000045776367,1600700
2020-10-15,32.25,32.25,32.51499938964844,30.799999237060547,31.389999389648438,781800
2020-10-16,33.65999984741211,33.65999984741211,34.22999954223633,32.45000076293945,32.5,1046300
2020-10-19,33.459999084472656,33.459999084472656,34.560001373291016,33.31999969482422,34.0099983215332,706200
2020-10-20,33.18000030517578,33.18000030517578,34.20000076293945,32.81999969482422,33.560001373291016,544700
2020-10-21,30.270000457763672,30.270000457763672,32.349998474121094,29.850000381469727,31.84000015258789,1220200
2020-10-22,32.255001068115234,32.255001068115234,32.33000183105469,30.399999618530273,30.399999618530273,775300
2020-10-23,32.7599983215332,32.7599983215332,32.84000015258789,31.854000091552734,32.459999084472656,509800
2020-10-26,32.130001068115234,32.130001068115234,33.439998626708984,31.399999618530273,32.310001373291016,755600
2020-10-27,32.505001068115234,32.505001068115234,32.810001373291016,31.719999313354492,32.400001525878906,528100
2020-10-28,31.604999542236328,31.604999542236328,32.15999984741211,30.639999389648438,31.739999771118164,481400
2020-10-29,32.79499816894531,32.79499816894531,33.38999938964844,30.850000381469727,31.649999618530273,712100
2020-10-30,30.940000534057617,30.940000534057617,32.54999923706055,30.3700008392334,32.54999923706055,616800
2020-11-02,31.299999237060547,31.299999237060547,32.0,30.260000228881836,31.402000427246094,592000
2020-11-03,28.309999465942383,28.309999465942383,30.709999084472656,27.1200008392334,30.0,1782300
2020-11-04,30.450000762939453,30.450000762939453,31.170000076293945,28.59000015258789,28.95400047302246,1115900
2020-11-05,31.549999237060547,31.549999237060547,32.400001525878906,30.079999923706055,31.040000915527344,1173900
2020-11-06,30.489999771118164,30.489999771118164,32.4900016784668,30.139999389648438,32.279998779296875,699800
2020-11-09,30.40999984741211,30.40999984741211,32.880001068115234,30.364999771118164,31.459999084472656,1170200
2020-11-10,29.8799991607666,29.8799991607666,30.579999923706055,28.479999542236328,30.40999984741211,824500
2020-11-11,29.100000381469727,29.100000381469727,30.21500015258789,28.65999984741211,30.010000228881836,777200
2020-11-12,27.799999237060547,27.799999237060547,29.308000564575195,27.68000030517578,28.860000610351562,1183000
2020-11-13,29.229999542236328,29.229999542236328,29.549999237060547,27.899999618530273,28.209999084472656,726000
2020-11-16,29.059999465942383,29.059999465942383,30.139999389648438,28.829999923706055,29.850000381469727,696700
2020-11-17,28.75,28.75,29.315000534057617,28.128000259399414,29.299999237060547,1013400
2020-11-18,27.690000534057617,27.690000534057617,28.979000091552734,27.649999618530273,28.940000534057617,914400
2020-11-19,28.030000686645508,28.030000686645508,28.690000534057617,27.549999237060547,28.170000076293945,607900
2020-11-20,28.420000076293945,28.420000076293945,28.610000610351562,27.329999923706055,27.8799991607666,619800
2020-11-23,29.329999923706055,29.329999923706055,29.920000076293945,28.513999938964844,28.540000915527344,911400
2020-11-24,29.020000457763672,29.020000457763672,29.81999969482422,28.709999084472656,29.420000076293945,716500
2020-11-25,29.450000762939453,29.450000762939453,29.760000228881836,28.8799991607666,28.8799991607666,503700
2020-11-27,31.34000015258789,31.34000015258789,31.469999313354492,29.450000762939453,29.799999237060547,700900
2020-11-30,30.59000015258789,30.59000015258789,32.220001220703125,29.84000015258789,32.0,1139500
2020-12-01,31.899999618530273,31.899999618530273,32.65999984741211,30.65999984741211,30.65999984741211,1830700
2020-12-02,31.559999465942383,31.559999465942383,32.099998474121094,30.739999771118164,31.43000030517578,1167700
2020-12-03,33.22999954223633,33.22999954223633,34.28799819946289,31.420000076293945,31.770000457763672,1380800
2020-12-04,34.4900016784668,34.4900016784668,35.02000045776367,32.5099983215332,33.529998779296875,1731800
2020-12-07,39.04999923706055,39.04999923706055,41.5,34.91999816894531,35.242000579833984,3500300
2020-12-08,43.18000030517578,43.18000030517578,43.650001525878906,38.720001220703125,40.36000061035156,3101600
2020-12-09,50.58000183105469,50.58000183105469,55.047000885009766,43.380001068115234,43.5,6644600
2020-12-10,66.83999633789062,66.83999633789062,67.2699966430664,56.52000045776367,58.2400016784668,9690000
2020-12-11,61.91999816894531,61.91999816894531,65.41000366210938,57.209999084472656,65.16699981689453,5581100
2020-12-14,61.4900016784668,61.4900016784668,67.68000030517578,59.79999923706055,60.150001525878906,4182000
2020-12-15,64.93000030517578,64.93000030517578,65.21900177001953,62.0620002746582,63.0099983215332,2143300
2020-12-16,63.9900016784668,63.9900016784668,66.0,63.25,64.9800033569336,1589500
2020-12-17,62.709999084472656,62.709999084472656,65.25,60.900001525878906,64.0,1920700
2020-12-18,64.41000366210938,64.41000366210938,64.66000366210938,62.2599983215332,63.0,2930600
2020-12-21,83.66000366210938,83.66000366210938,96.44999694824219,62.31999969482422,63.79999923706055,10628900
2020-12-22,81.05999755859375,81.05999755859375,89.88700103759766,79.0,89.80000305175781,5661600
2020-12-23,81.5999984741211,81.5999984741211,84.38999938964844,75.0999984741211,80.80000305175781,2954400
2020-12-24,83.52999877929688,83.52999877929688,87.88999938964844,80.58999633789062,82.12000274658203,1487200
2020-12-28,84.3499984741211,84.3499984741211,92.58999633789062,83.6500015258789,85.44999694824219,3797600
2020-12-29,74.87000274658203,74.87000274658203,85.0,68.0,84.12999725341797,4400800
2020-12-30,76.5,76.5,79.36000061035156,74.31999969482422,76.0,1625800
2020-12-31,70.11000061035156,70.11000061035156,77.83999633789062,69.19999694824219,76.7699966430664,2384700
2021-01-04,71.58999633789062,71.58999633789062,73.5,68.58000183105469,71.30000305175781,2138100
2021-01-05,76.83999633789062,76.83999633789062,76.88999938964844,70.5999984741211,71.04000091552734,1523600
2021-01-06,80.54000091552734,80.54000091552734,86.33999633789062,74.41999816894531,75.0,2783600
2021-01-07,89.66000366210938,89.66000366210938,90.62999725341797,81.25,81.95999908447266,2743300
2021-01-08,90.58000183105469,90.58000183105469,99.94999694824219,86.19000244140625,90.58999633789062,4016500
2021-01-11,76.94000244140625,76.94000244140625,88.0,75.05000305175781,87.01000213623047,5062900
2021-01-12,75.0,75.0,81.77999877929688,74.5,78.2699966430664,2621400
2021-01-13,73.30000305175781,73.30000305175781,76.94999694824219,72.69000244140625,75.25,2417600
2021-01-14,75.91999816894531,75.91999816894531,76.94999694824219,72.97000122070312,73.62999725341797,2509200
2021-01-15,76.13999938964844,76.13999938964844,83.94999694824219,76.04000091552734,76.48999786376953,4305600
2021-01-19,72.11000061035156,72.11000061035156,76.9000015258789,69.66999816894531,74.0,3744900
2021-01-20,71.76000213623047,71.76000213623047,74.55000305175781,70.46499633789062,73.52999877929688,2560200
2021-01-21,63.790000915527344,63.790000915527344,70.0,62.5,67.91000366210938,8313400
2021-01-22,65.76000213623047,65.76000213623047,66.63999938964844,63.439998626708984,64.20999908447266,3276400
2021-01-25,65.47000122070312,65.47000122070312,67.66000366210938,61.34000015258789,66.51000213623047,2938700
2021-01-26,60.68000030517578,60.68000030517578,66.41000366210938,60.32500076293945,65.30999755859375,2581400
2021-01-27,60.5,60.5,62.5,54.0099983215332,58.880001068115234,4379900
2021-01-28,61.130001068115234,61.130001068115234,64.44999694824219,59.040000915527344,61.70000076293945,2643800
2021-01-29,61.349998474121094,61.349998474121094,63.70000076293945,59.099998474121094,61.63999938964844,1776400
2021-02-01,62.88999938964844,62.88999938964844,63.470001220703125,60.099998474121094,62.56999969482422,1932200
2021-02-02,65.66999816894531,65.66999816894531,67.61000061035156,63.95000076293945,64.37999725341797,2908700
2021-02-03,62.15999984741211,62.15999984741211,68.56999969482422,61.81999969482422,66.16999816894531,2375900
2021-02-04,63.18000030517578,63.18000030517578,64.0,60.75,63.5,1503000
2021-02-05,64.05999755859375,64.05999755859375,64.81999969482422,62.5,63.77000045776367,1263600
2021-02-08,69.75,69.75,70.4000015258789,63.5099983215332,65.0,3296600
2021-02-09,66.7300033569336,66.7300033569336,70.05999755859375,64.26000213623047,69.80999755859375,3061900
2021-02-10,59.11000061035156,59.11000061035156,68.9000015258789,58.900001525878906,67.76000213623047,4464100
2021-02-11,57.16999816894531,57.16999816894531,60.91999816894531,56.279998779296875,60.310001373291016,3236400
2021-02-12,57.939998626708984,57.939998626708984,59.29999923706055,54.70000076293945,57.16999816894531,2463300
2021-02-16,56.45000076293945,56.45000076293945,59.43000030517578,55.79999923706055,59.25,2083800
2021-02-17,56.5099983215332,56.5099983215332,56.5099983215332,52.75,55.939998626708984,2803100
2021-02-18,55.36000061035156,55.36000061035156,56.2400016784668,53.83000183105469,54.5,2078900
2021-02-19,56.4900016784668,56.4900016784668,58.27000045776367,55.70000076293945,56.650001525878906,1964600
2021-02-22,52.41999816894531,52.41999816894531,56.25,51.34000015258789,56.0,2054700
2021-02-23,49.13999938964844,49.13999938964844,50.15999984741211,44.16999816894531,49.900001525878906,3911700
2021-02-24,49.70000076293945,49.70000076293945,50.88999938964844,47.33300018310547,50.22999954223633,2314700
2021-02-25,44.7599983215332,44.7599983215332,50.900001525878906,44.29999923706055,49.34000015258789,3585000
2021-02-26,43.86000061035156,43.86000061035156,46.24300003051758,42.33000183105469,45.09000015258789,3043300
2021-03-01,46.88999938964844,46.88999938964844,47.939998626708984,44.06999969482422,44.220001220703125,2310300
2021-03-02,45.689998626708984,45.689998626708984,48.2400016784668,45.459999084472656,46.939998626708984,1498700
2021-03-03,43.130001068115234,43.130001068115234,45.599998474121094,42.00299835205078,45.400001525878906,2711400
2021-03-04,40.36000061035156,40.36000061035156,43.37900161743164,37.630001068115234,42.665000915527344,4305800
2021-03-05,41.630001068115234,41.630001068115234,42.939998626708984,36.099998474121094,42.40999984741211,3833100
2021-03-08,40.540000915527344,40.540000915527344,45.099998474121094,40.06999969482422,42.38999938964844,2888500
2021-03-09,45.33000183105469,45.33000183105469,46.41999816894531,42.5,42.95000076293945,2961500
2021-03-10,46.65999984741211,46.65999984741211,48.400001525878906,45.540000915527344,46.5,2580700
2021-03-11,47.31999969482422,47.31999969482422,48.81999969482422,46.75,48.150001525878906,2051500
2021-03-12,46.279998779296875,46.279998779296875,46.70000076293945,44.34000015258789,46.130001068115234,1467100
2021-03-15,47.970001220703125,47.970001220703125,48.540000915527344,45.810001373291016,46.310001373291016,1249700
2021-03-16,45.66999816894531,45.66999816894531,48.650001525878906,43.939998626708984,48.599998474121094,1697700
2021-03-17,46.56999969482422,46.56999969482422,47.880001068115234,43.27000045776367,44.19499969482422,1247400
2021-03-18,43.25,43.25,45.88999938964844,43.150001525878906,45.66999816894531,1363900
2021-03-19,45.0,45.0,45.25,43.279998779296875,43.5,2186500
2021-03-22,48.47999954223633,48.47999954223633,49.16999816894531,45.33000183105469,45.90999984741211,1820700
2021-03-23,46.08000183105469,46.08000183105469,48.43000030517578,45.53300094604492,47.810001373291016,1810500
2021-03-24,40.9900016784668,40.9900016784668,46.70000076293945,40.79999923706055,46.16999816894531,1991400
2021-03-25,42.18000030517578,42.18000030517578,42.38999938964844,37.375999450683594,39.310001373291016,2255500
2021-03-26,40.47999954223633,40.47999954223633,42.400001525878906,38.119998931884766,42.119998931884766,1816400
2021-03-29,39.709999084472656,39.709999084472656,41.459999084472656,38.8650016784668,40.279998779296875,1324900
2021-03-30,40.5,40.5,41.38999938964844,37.13999938964844,39.15999984741211,1447600
2021-03-31,42.0,42.0,43.15999984741211,41.04999923706055,41.38999938964844,2040700
2021-04-01,42.83000183105469,42.83000183105469,45.59000015258789,42.619998931884766,43.08000183105469,1742600
2021-04-05,42.86000061035156,42.86000061035156,45.430999755859375,42.58000183105469,44.5099983215332,933400
2021-04-06,42.63999938964844,42.63999938964844,44.13999938964844,41.5,42.38999938964844,1357800
2021-04-07,40.400001525878906,40.400001525878906,42.28200149536133,40.209999084472656,42.16999816894531,1032100
2021-04-08,40.7599983215332,40.7599983215332,42.39699935913086,40.59000015258789,41.43000030517578,1030400
2021-04-09,39.459999084472656,39.459999084472656,40.349998474121094,38.7599983215332,40.11000061035156,1006400
2021-04-12,39.5099983215332,39.5099983215332,40.689998626708984,38.25,40.689998626708984,1095700
2021-04-13,41.65999984741211,41.65999984741211,42.04999923706055,39.119998931884766,39.130001068115234,1465400
2021-04-14,41.529998779296875,41.529998779296875,43.40999984741211,41.209999084472656,41.97999954223633,1374400
2021-04-15,40.97999954223633,40.97999954223633,43.43000030517578,40.72999954223633,42.040000915527344,903500
2021-04-16,34.66999816894531,34.66999816894531,39.220001220703125,33.58300018310547,38.27000045776367,6787300
2021-04-19,34.16999816894531,34.16999816894531,35.47700119018555,33.0,33.709999084472656,1871200
2021-04-20,34.470001220703125,34.470001220703125,35.18000030517578,32.83000183105469,33.68000030517578,1332200
2021-04-21,35.86000061035156,35.86000061035156,35.869998931884766,33.27000045776367,33.9900016784668,1376700
2021-04-22,36.290000915527344,36.290000915527344,37.220001220703125,34.73500061035156,36.18000030517578,1084700
2021-04-23,36.90999984741211,36.90999984741211,37.439998626708984,35.689998626708984,35.85900115966797,858900
2021-04-26,39.08000183105469,39.08000183105469,39.51499938964844,36.209999084472656,36.97999954223633,1222300
2021-04-27,39.150001525878906,39.150001525878906,39.36800003051758,37.619998931884766,39.16999816894531,941300
2021-04-28,38.91999816894531,38.91999816894531,39.36000061035156,38.0,38.630001068115234,649900
2021-04-29,37.369998931884766,37.369998931884766,39.2400016784668,37.020999908447266,39.2400016784668,1004900
2021-04-30,37.0099983215332,37.0099983215332,38.310001373291016,36.27000045776367,36.90999984741211,734200
2021-05-03,35.59000015258789,35.59000015258789,37.9900016784668,35.060001373291016,37.79999923706055,991200
2021-05-04,34.65999984741211,34.65999984741211,35.0,32.630001068115234,35.0,1364100
2021-05-05,34.720001220703125,34.720001220703125,36.869998931884766,34.28099822998047,35.0,1386900
2021-05-06,34.34000015258789,34.34000015258789,35.09000015258789,33.02000045776367,34.0,1360500
2021-05-07,34.11000061035156,34.11000061035156,36.77000045776367,34.04999923706055,35.31999969482422,1300600
2021-05-10,31.290000915527344,31.290000915527344,33.630001068115234,31.260000228881836,33.47999954223633,1354800
2021-05-11,32.79999923706055,32.79999923706055,33.349998474121094,29.350000381469727,29.700000762939453,1783500
2021-05-12,31.719999313354492,31.719999313354492,32.9119987487793,31.530000686645508,31.719999313354492,999200
2021-05-13,31.399999618530273,31.399999618530273,33.244998931884766,29.774999618530273,31.719999313354492,1524400
2021-05-14,33.220001220703125,33.220001220703125,33.41999816894531,31.579999923706055,31.75,1428200
2021-05-17,33.11000061035156,33.11000061035156,33.790000915527344,32.060001373291016,33.5099983215332,1028600
2021-05-18,33.56999969482422,33.56999969482422,35.06999969482422,32.56999969482422,33.369998931884766,1324000
2021-05-19,33.11000061035156,33.11000061035156,33.41999816894531,31.850000381469727,32.0,1030700
2021-05-20,34.18000030517578,34.18000030517578,34.900001525878906,32.91400146484375,33.529998779296875,761800
2021-05-21,33.209999084472656,33.209999084472656,34.9900016784668,33.18000030517578,34.720001220703125,691200
2021-05-24,33.189998626708984,33.189998626708984,33.810001373291016,32.38999938964844,33.54999923706055,757700
2021-05-25,32.939998626708984,32.939998626708984,34.06999969482422,32.380001068115234,33.45000076293945,677900
2021-05-26,35.060001373291016,35.060001373291016,35.380001068115234,32.95000076293945,32.95000076293945,1051900
2021-05-27,34.59000015258789,34.59000015258789,35.130001068115234,33.70000076293945,34.900001525878906,758200
2021-05-28,33.95000076293945,33.95000076293945,36.56999969482422,33.720001220703125,34.75,877400
2021-06-01,34.220001220703125,34.220001220703125,34.470001220703125,33.400001525878906,34.04999923706055,831600
2021-06-02,35.040000915527344,35.040000915527344,35.08000183105469,33.7599983215332,34.0,870100
2021-06-03,33.36000061035156,33.36000061035156,34.869998931884766,32.689998626708984,34.48400115966797,1253400
2021-06-04,33.66999816894531,33.66999816894531,34.7599983215332,33.45000076293945,34.0,816900
2021-06-07,35.5099983215332,35.5099983215332,36.34000015258789,33.32099914550781,33.97999954223633,1192700
2021-06-08,35.9900016784668,35.9900016784668,36.61000061035156,34.08000183105469,36.029998779296875,894600
2021-06-09,36.400001525878906,36.400001525878906,38.59000015258789,36.35499954223633,36.35499954223633,1702800
2021-06-10,36.900001525878906,36.900001525878906,37.27000045776367,35.16999816894531,36.060001373291016,1214400
2021-06-11,37.41999816894531,37.41999816894531,38.25,36.61000061035156,37.540000915527344,1028100
2021-06-14,38.529998779296875,38.529998779296875,38.880001068115234,37.32600021362305,37.83000183105469,1146000
2021-06-15,35.099998474121094,35.099998474121094,38.349998474121094,34.900001525878906,38.349998474121094,1757100
2021-06-16,35.0,35.0,35.2400016784668,33.150001525878906,35.0099983215332,1036700
2021-06-17,36.15999984741211,36.15999984741211,36.72100067138672,34.020999908447266,34.14699935913086,1032000
2021-06-18,35.880001068115234,35.880001068115234,36.16999816894531,34.68000030517578,35.70000076293945,1345000
2021-06-21,36.86000061035156,36.86000061035156,37.2400016784668,34.75,35.720001220703125,849200
2021-06-22,36.40999984741211,36.40999984741211,36.88999938964844,35.709999084472656,36.86000061035156,757700
2021-06-23,37.81999969482422,37.81999969482422,38.2400016784668,36.36000061035156,36.40999984741211,1179200
2021-06-24,40.869998931884766,40.869998931884766,40.91999816894531,38.0,38.18000030517578,2045200
2021-06-25,41.880001068115234,41.880001068115234,41.93000030517578,40.2599983215332,41.220001220703125,1907700
2021-06-28,43.9900016784668,43.9900016784668,50.33000183105469,43.41999816894531,49.34000015258789,7542900
2021-06-29,46.099998474121094,46.099998474121094,46.689998626708984,44.400001525878906,44.900001525878906,2720000
2021-06-30,56.63999938964844,56.63999938964844,58.470001220703125,44.29999923706055,45.400001525878906,15576200
2021-07-01,56.52000045776367,56.52000045776367,60.0,51.72999954223633,57.16999816894531,6537800
2021-07-02,54.900001525878906,54.900001525878906,56.88999938964844,53.29999923706055,56.09000015258789,2590200
2021-07-06,48.13999938964844,48.13999938964844,55.0,47.5099983215332,53.720001220703125,3860600
2021-07-07,45.70000076293945,45.70000076293945,50.5,45.33000183105469,49.150001525878906,2024100
2021-07-08,46.220001220703125,46.220001220703125,47.409000396728516,43.185001373291016,43.88999938964844,1747300
2021-07-09,48.56999969482422,48.56999969482422,48.599998474121094,44.632999420166016,46.41999816894531,1581800
2021-07-12,46.06999969482422,46.06999969482422,49.23899841308594,45.400001525878906,48.58000183105469,1346900
2021-07-13,43.79999923706055,43.79999923706055,46.54999923706055,43.63999938964844,46.0,1059300
2021-07-14,43.08000183105469,43.08000183105469,45.22999954223633,42.599998474121094,43.959999084472656,1344300
2021-07-15,41.9900016784668,41.9900016784668,43.249000549316406,40.150001525878906,42.18000030517578,1351400
2021-07-16,42.38999938964844,42.38999938964844,43.57500076293945,41.43000030517578,42.40999984741211,1078500
2021-07-19,43.599998474121094,43.599998474121094,44.70000076293945,41.0,41.40999984741211,1506600
2021-07-20,43.45000076293945,43.45000076293945,43.66999816894531,41.36000061035156,43.66999816894531,1498000
2021-07-21,44.09000015258789,44.09000015258789,45.119998931884766,42.380001068115234,43.5,1114900
2021-07-22,43.0099983215332,43.0099983215332,44.45000076293945,42.630001068115234,44.11000061035156,798100
2021-07-23,40.84000015258789,40.84000015258789,42.62699890136719,40.18000030517578,42.53499984741211,1021200
2021-07-26,39.849998474121094,39.849998474121094,41.95000076293945,39.5,40.63999938964844,1018100
2021-07-27,39.27000045776367,39.27000045776367,40.2599983215332,37.630001068115234,39.95000076293945,1085900
2021-07-28,41.779998779296875,41.779998779296875,42.15999984741211,39.369998931884766,39.369998931884766,826700
2021-07-29,41.900001525878906,41.900001525878906,43.0,41.279998779296875,42.29999923706055,768100
2021-07-30,41.86000061035156,41.86000061035156,43.36000061035156,41.27000045776367,41.27000045776367,638900
2021-08-02,41.540000915527344,41.540000915527344,42.599998474121094,41.15999984741211,42.21500015258789,685000
2021-08-03,42.11000061035156,42.11000061035156,42.2400016784668,40.38999938964844,41.529998779296875,781100
2021-08-04,46.04999923706055,46.04999923706055,46.18000030517578,41.25,41.34000015258789,2073600
2021-08-05,54.5099983215332,54.5099983215332,55.0,47.4900016784668,47.54999923706055,4882700
2021-08-06,55.59000015258789,55.59000015258789,56.880001068115234,53.119998931884766,54.619998931884766,2456200
2021-08-09,58.060001373291016,58.060001373291016,61.97999954223633,56.58000183105469,57.16999816894531,3493300
2021-08-10,61.09000015258789,61.09000015258789,62.650001525878906,58.36000061035156,58.56999969482422,2405600
2021-08-11,64.38999938964844,64.38999938964844,66.38800048828125,60.0,61.03499984741211,2937200
2021-08-12,65.3499984741211,65.3499984741211,68.79000091552734,64.0,64.13600158691406,3023400
2021-08-13,62.65999984741211,62.65999984741211,66.25,61.27000045776367,63.79999923706055,2272800
2021-08-16,60.0,60.0,61.90999984741211,57.61000061035156,61.90999984741211,1881700
2021-08-17,61.099998474121094,61.099998474121094,61.970001220703125,57.599998474121094,58.72999954223633,1159800
2021-08-18,59.97999954223633,59.97999954223633,64.9800033569336,58.91999816894531,61.20000076293945,1281600
2021-08-19,58.099998474121094,58.099998474121094,60.0,57.900001525878906,59.119998931884766,904600
2021-08-20,60.380001068115234,60.380001068115234,61.779998779296875,57.970001220703125,58.04999923706055,899500
2021-08-23,65.36000061035156,65.36000061035156,68.36000061035156,62.90599822998047,65.04000091552734,2612700
2021-08-24,64.72000122070312,64.72000122070312,65.83599853515625,62.63999938964844,65.38999938964844,1315300
2021-08-25,65.58999633789062,65.58999633789062,66.08000183105469,63.150001525878906,64.0999984741211,889000
2021-08-26,63.869998931884766,63.869998931884766,67.43000030517578,62.81999969482422,65.61000061035156,1205800
2021-08-27,65.52999877929688,65.52999877929688,66.55000305175781,62.65999984741211,64.69999694824219,1046300
2021-08-30,61.79999923706055,61.79999923706055,68.16999816894531,60.79999923706055,66.41000366210938,2038700
2021-08-31,63.59000015258789,63.59000015258789,63.79999923706055,61.560001373291016,62.0099983215332,1292300
2021-09-01,66.66000366210938,66.66000366210938,68.25,63.130001068115234,63.75,1670900
2021-09-02,72.94000244140625,72.94000244140625,73.0250015258789,65.94999694824219,67.06999969482422,2559600
2021-09-03,68.25,68.25,71.87999725341797,67.33000183105469,71.5,1650500
2021-09-07,66.7300033569336,66.7300033569336,72.5,66.69000244140625,68.05999755859375,1857200
2021-09-08,64.31999969482422,64.31999969482422,68.05000305175781,63.630001068115234,66.7300033569336,1581300
2021-09-09,64.44999694824219,64.44999694824219,67.61000061035156,64.08000183105469,64.26000213623047,859800
2021-09-10,66.0999984741211,66.0999984741211,67.7699966430664,65.01000213623047,67.7699966430664,1194200
2021-09-13,62.959999084472656,62.959999084472656,67.36000061035156,62.599998474121094,66.43000030517578,1602100
2021-09-14,60.790000915527344,60.790000915527344,64.02999877929688,60.18000030517578,63.099998474121094,1593100
2021-09-15,60.29999923706055,60.29999923706055,61.27000045776367,58.900001525878906,60.68000030517578,1319500
2021-09-16,61.0,61.0,61.91999816894531,58.61000061035156,60.7599983215332,908200
2021-09-17,63.20000076293945,63.20000076293945,63.540000915527344,59.22999954223633,61.0,2165800
2021-09-20,58.20000076293945,58.20000076293945,61.86000061035156,57.25,60.2599983215332,1483400
2021-09-21,58.68000030517578,58.68000030517578,60.48500061035156,57.91999816894531,58.93000030517578,812800
2021-09-22,59.11000061035156,59.11000061035156,60.369998931884766,58.3650016784668,59.0,1022000
2021-09-23,62.06999969482422,62.06999969482422,62.400001525878906,59.31999969482422,59.68000030517578,1050000
2021-09-24,58.709999084472656,58.709999084472656,61.540000915527344,58.689998626708984,61.310001373291016,1171600
2021-09-27,57.84000015258789,57.84000015258789,59.43000030517578,56.599998474121094,58.68600082397461,1671200
2021-09-28,52.45000076293945,52.45000076293945,55.75,52.0099983215332,55.310001373291016,2813400
2021-09-29,42.5,42.5,50.19900131225586,41.02000045776367,49.0,9850100
2021-09-30,41.08000183105469,41.08000183105469,42.16600036621094,39.61000061035156,42.150001525878906,4726700
2021-10-01,39.90999984741211,39.90999984741211,41.119998931884766,38.779998779296875,41.060001373291016,2201500
2021-10-04,37.290000915527344,37.290000915527344,39.63999938964844,37.11000061035156,39.44499969482422,2003700
2021-10-05,38.22999954223633,38.22999954223633,38.92300033569336,37.33000183105469,37.630001068115234,1435400
2021-10-06,37.540000915527344,37.540000915527344,39.13999938964844,36.900001525878906,37.5,1408500
2021-10-07,39.029998779296875,39.029998779296875,40.18000030517578,37.47999954223633,37.90999984741211,1792300
2021-10-08,35.61000061035156,35.61000061035156,38.685001373291016,34.380001068115234,38.630001068115234,3653500
2021-10-11,36.63999938964844,36.63999938964844,37.279998779296875,35.5,35.75,1503200
2021-10-12,37.529998779296875,37.529998779296875,39.29999923706055,37.060001373291016,37.060001373291016,1865700
2021-10-13,37.869998931884766,37.869998931884766,38.4900016784668,36.742000579833984,37.0099983215332,1071800
2021-10-14,38.95000076293945,38.95000076293945,39.70000076293945,38.06999969482422,38.4900016784668,1468600
2021-10-15,38.02000045776367,38.02000045776367,39.47999954223633,37.86000061035156,39.38999938964844,955900
2021-10-18,38.279998779296875,38.279998779296875,38.61000061035156,37.400001525878906,38.060001373291016,999200
2021-10-19,39.25,39.25,40.25,38.349998474121094,38.79999923706055,1066400
2021-10-20,38.40999984741211,38.40999984741211,39.779998779296875,38.277000427246094,39.5,983000
2021-10-21,38.470001220703125,38.470001220703125,39.70000076293945,38.400001525878906,38.4900016784668,843400
2021-10-22,37.81999969482422,37.81999969482422,38.400001525878906,36.86000061035156,38.400001525878906,866500
2021-10-25,38.209999084472656,38.209999084472656,38.349998474121094,36.75,37.81999969482422,1036600
2021-10-26,37.900001525878906,37.900001525878906,38.65999984741211,37.150001525878906,38.560001373291016,820800
2021-10-27,36.79999923706055,36.79999923706055,38.5,36.779998779296875,38.0,654700
2021-10-28,38.150001525878906,38.150001525878906,38.189998626708984,36.54999923706055,36.91999816894531,751900
2021-10-29,36.720001220703125,36.720001220703125,38.119998931884766,36.470001220703125,38.04999923706055,858700
2021-11-01,38.61000061035156,38.61000061035156,38.83000183105469,36.5,36.779998779296875,1089400
2021-11-02,38.220001220703125,38.220001220703125,38.470001220703125,37.369998931884766,38.470001220703125,766600
2021-11-03,38.689998626708984,38.689998626708984,38.79999923706055,37.209999084472656,38.040000915527344,825500
2021-11-04,37.84000015258789,37.84000015258789,38.939998626708984,37.47999954223633,38.939998626708984,895800
2021-11-05,37.5,37.5,38.29899978637695,36.36000061035156,37.63999938964844,1034400
2021-11-08,40.56999969482422,40.56999969482422,42.08000183105469,37.29999923706055,37.75,2667800
2021-11-09,40.560001373291016,40.560001373291016,42.11000061035156,40.04999923706055,40.61000061035156,1416400
2021-11-10,37.88999938964844,37.88999938964844,41.36000061035156,37.66999816894531,40.060001373291016,1085700
2021-11-11,38.20000076293945,38.20000076293945,39.189998626708984,38.15999984741211,38.290000915527344,562500
2021-11-12,37.900001525878906,37.900001525878906,38.56999969482422,37.04999923706055,38.33000183105469,616100
2021-11-15,35.9900016784668,35.9900016784668,38.06999969482422,35.917999267578125,38.06999969482422,1180900
2021-11-16,37.18000030517578,37.18000030517578,37.369998931884766,35.58000183105469,36.2400016784668,816300
2021-11-17,36.79999923706055,36.79999923706055,37.380001068115234,35.81999969482422,36.95000076293945,672900
2021-11-18,36.27000045776367,36.27000045776367,37.5,35.79999923706055,37.0,719500
2021-11-19,35.349998474121094,35.349998474121094,36.529998779296875,35.060001373291016,36.11000061035156,977300
2021-11-22,33.86000061035156,33.86000061035156,35.540000915527344,33.790000915527344,35.400001525878906,1143000
2021-11-23,34.0099983215332,34.0099983215332,34.27000045776367,32.099998474121094,33.630001068115234,1463700
2021-11-24,33.29999923706055,33.29999923706055,34.0099983215332,32.529998779296875,33.58000183105469,1137500
2021-11-26,32.369998931884766,32.369998931884766,33.59000015258789,31.920000076293945,32.5,830600
2021-11-29,31.260000228881836,31.260000228881836,33.86000061035156,31.06999969482422,33.70000076293945,1193600
2021-11-30,32.65999984741211,32.65999984741211,33.220001220703125,31.0,31.0,1443000
2021-12-01,30.40999984741211,30.40999984741211,33.70000076293945,30.360000610351562,32.849998474121094,1112000
2021-12-02,30.030000686645508,30.030000686645508,31.639999389648438,28.700000762939453,30.290000915527344,1558900
2021-12-03,27.719999313354492,27.719999313354492,30.125,27.219999313354492,30.0,2396000
2021-12-06,28.06999969482422,28.06999969482422,28.43000030517578,26.950000762939453,28.350000381469727,2173900
2021-12-07,30.969999313354492,30.969999313354492,31.950000762939453,29.049999237060547,29.049999237060547,2025100
2021-12-08,31.899999618530273,31.899999618530273,32.369998931884766,29.760000228881836,31.280000686645508,963000
2021-12-09,30.530000686645508,30.530000686645508,31.94499969482422,30.40999984741211,31.84000015258789,847700
2021-12-10,29.010000228881836,29.010000228881836,31.84000015258789,28.81999969482422,30.729999542236328,984600
2021-12-13,29.260000228881836,29.260000228881836,30.940000534057617,28.010000228881836,30.1299991607666,2005600
2021-12-14,28.6200008392334,28.6200008392334,30.030000686645508,28.170000076293945,28.440000534057617,1907400
2021-12-15,29.940000534057617,29.940000534057617,30.229999542236328,28.15999984741211,28.75,1872400
2021-12-16,27.829999923706055,27.829999923706055,30.5,27.420000076293945,30.329999923706055,1558000
2021-12-17,29.8799991607666,29.8799991607666,29.989999771118164,26.81999969482422,27.520000457763672,4730300
2021-12-20,30.200000762939453,30.200000762939453,30.8799991607666,27.899999618530273,28.979999542236328,1401400
2021-12-21,29.81999969482422,29.81999969482422,30.479999542236328,29.18000030517578,30.3700008392334,1238200
2021-12-22,29.540000915527344,29.540000915527344,30.360000610351562,29.049999237060547,29.690000534057617,970800
2021-12-23,29.940000534057617,29.940000534057617,30.440000534057617,28.899999618530273,29.540000915527344,1041100
2021-12-27,28.149999618530273,28.149999618530273,29.850000381469727,27.84000015258789,29.850000381469727,1410200
2021-12-28,27.899999618530273,27.899999618530273,29.209999084472656,27.700000762939453,27.940000534057617,1250900
2021-12-29,27.079999923706055,27.079999923706055,27.969999313354492,26.690000534057617,27.729999542236328,1436200
2021-12-30,27.790000915527344,27.790000915527344,28.790000915527344,26.899999618530273,27.049999237060547,1215300
2021-12-31,26.549999237060547,26.549999237060547,28.739999771118164,26.510000228881836,27.709999084472656,1144200
2022-01-03,27.6299991607666,27.6299991607666,27.989999771118164,25.910999298095703,26.729999542236328,1222500
2022-01-04,26.399999618530273,26.399999618530273,27.579999923706055,25.549999237060547,27.540000915527344,1313800
2022-01-05,24.600000381469727,24.600000381469727,26.540000915527344,24.530000686645508,25.81999969482422,1946700
2022-01-06,24.40999984741211,24.40999984741211,25.149999618530273,23.329999923706055,24.360000610351562,1623400
2022-01-07,25.139999389648438,25.139999389648438,26.0,24.149999618530273,24.40999984741211,1602500
2022-01-10,25.700000762939453,25.700000762939453,25.739999771118164,23.665000915527344,24.739999771118164,1799200
2022-01-11,25.770000457763672,25.770000457763672,26.489999771118164,25.1200008392334,25.700000762939453,1148400
2022-01-12,23.5,23.5,26.299999237060547,23.399999618530273,25.981000900268555,2039500
2022-01-13,21.8700008392334,21.8700008392334,23.58799934387207,21.729999542236328,23.58799934387207,3454600
2022-01-14,22.100000381469727,22.100000381469727,22.459999084472656,20.899999618530273,21.490999221801758,1987700
2022-01-18,19.959999084472656,19.959999084472656,21.690000534057617,19.889999389648438,21.690000534057617,2365400
2022-01-19,19.93000030517578,19.93000030517578,20.540000915527344,19.6200008392334,20.139999389648438,2106600
2022-01-20,18.790000915527344,18.790000915527344,21.100000381469727,18.649999618530273,20.25,2173800
2022-01-21,18.149999618530273,18.149999618530273,19.65999984741211,18.110000610351562,18.479999542236328,2845700
2022-01-24,18.479999542236328,18.479999542236328,18.6299991607666,16.3700008392334,17.56999969482422,2651500
2022-01-25,18.229999542236328,18.229999542236328,18.93000030517578,17.524999618530273,18.06999969482422,1835800
2022-01-26,17.809999465942383,17.809999465942383,19.836000442504883,17.6200008392334,18.860000610351562,3844300
2022-01-27,17.420000076293945,17.420000076293945,19.09000015258789,17.350000381469727,18.190000534057617,3040000
2022-01-28,17.43000030517578,17.43000030517578,17.780000686645508,16.5,17.239999771118164,1994000
2022-01-31,19.040000915527344,19.040000915527344,19.075000762939453,17.5,17.510000228881836,1682200
2022-02-01,19.690000534057617,19.690000534057617,20.15999984741211,18.610000610351562,19.229999542236328,1923800
2022-02-02,18.219999313354492,18.219999313354492,19.8700008392334,17.90999984741211,19.643999099731445,2616900
2022-02-03,17.969999313354492,17.969999313354492,18.389999389648438,17.329999923706055,17.8799991607666,2498600
2022-02-04,18.729999542236328,18.729999542236328,18.895000457763672,17.549999237060547,18.06999969482422,1452900
2022-02-07,19.31999969482422,19.31999969482422,19.93000030517578,18.56100082397461,18.709999084472656,1312400
2022-02-08,17.440000534057617,17.440000534057617,18.68000030517578,17.280000686645508,17.68000030517578,3115000
2022-02-09,18.5,18.5,18.784000396728516,17.829999923706055,17.850000381469727,1834400
2022-02-10,17.290000915527344,17.290000915527344,19.040000915527344,16.95400047302246,18.1200008392334,2015500
2022-02-11,16.1299991607666,16.1299991607666,17.850000381469727,15.970000267028809,17.31100082397461,1909900
2022-02-14,15.789999961853027,15.789999961853027,16.6200008392334,15.619999885559082,16.280000686645508,2040200
2022-02-15,16.649999618530273,16.649999618530273,16.82900047302246,16.270000457763672,16.350000381469727,1423500
2022-02-16,16.639999389648438,16.639999389648438,16.760000228881836,16.010000228881836,16.350000381469727,1896800
2022-02-17,15.609999656677246,15.609999656677246,16.709999084472656,15.430000305175781,16.479999542236328,1334900
2022-02-18,15.199999809265137,15.199999809265137,15.890000343322754,15.029999732971191,15.609999656677246,1267400
2022-02-22,15.010000228881836,15.010000228881836,15.569999694824219,14.800000190734863,15.0,1411500
2022-02-23,14.40999984741211,14.40999984741211,15.3100004196167,14.359999656677246,15.3100004196167,1361700
2022-02-24,15.859999656677246,15.859999656677246,16.009000778198242,13.25,13.270000457763672,2723400
2022-02-25,16.899999618530273,16.899999618530273,16.899999618530273,15.380000114440918,15.9399995803833,1849200
2022-02-28,17.1200008392334,17.1200008392334,17.549999237060547,16.510000228881836,16.790000915527344,1812800
2022-03-01,17.489999771118164,17.489999771118164,19.299999237060547,17.020000457763672,19.040000915527344,3320100
2022-03-02,17.149999618530273,17.149999618530273,17.969999313354492,16.75,17.729999542236328,2343400
2022-03-03,16.739999771118164,16.739999771118164,17.989999771118164,16.479999542236328,17.770000457763672,1847200
2022-03-04,16.059999465942383,16.059999465942383,16.989999771118164,15.899999618530273,16.56999969482422,1463400
2022-03-07,16.0,16.0,16.5,15.350000381469727,15.979999542236328,1675600
2022-03-08,15.930000305175781,15.930000305175781,16.690000534057617,15.550000190734863,15.880000114440918,1964200
2022-03-09,16.6299991607666,16.6299991607666,16.8700008392334,16.15399932861328,16.420000076293945,1545100
2022-03-10,16.229999542236328,16.229999542236328,16.489999771118164,15.510000228881836,16.329999923706055,1038300
2022-03-11,15.0600004196167,15.0600004196167,16.562000274658203,15.010000228881836,16.3799991607666,988200
2022-03-14,14.079999923706055,14.079999923706055,15.460000038146973,13.869999885559082,15.010000228881836,2113000
2022-03-15,14.90999984741211,14.90999984741211,14.960000038146973,13.949999809265137,14.119999885559082,1274000
2022-03-16,16.15999984741211,16.15999984741211,16.190000534057617,15.104999542236328,15.270000457763672,2009700
2022-03-17,17.270000457763672,17.270000457763672,17.350000381469727,15.800000190734863,16.030000686645508,1431800
2022-03-18,18.360000610351562,18.360000610351562,18.549999237060547,16.899999618530273,16.90999984741211,5988400
2022-03-21,17.40999984741211,17.40999984741211,18.479999542236328,17.260000228881836,18.420000076293945,1320900
2022-03-22,18.479999542236328,18.479999542236328,18.649999618530273,17.450000762939453,17.5,1563900
2022-03-23,18.209999084472656,18.209999084472656,19.270000457763672,17.989999771118164,18.25,1293500
2022-03-24,18.950000762939453,18.950000762939453,18.979999542236328,17.809999465942383,18.43000030517578,1089000
2022-03-25,18.760000228881836,18.760000228881836,19.204999923706055,18.309999465942383,19.0,1637300
2022-03-28,18.760000228881836,18.760000228881836,19.4689998626709,18.25,18.84000015258789,1238800
2022-03-29,20.440000534057617,20.440000534057617,20.579999923706055,19.079999923706055,19.110000610351562,1892300
2022-03-30,19.520000457763672,19.520000457763672,20.589000701904297,19.469999313354492,20.3799991607666,1724300
2022-03-31,19.020000457763672,19.020000457763672,19.954999923706055,18.950000762939453,19.65999984741211,823400
2022-04-01,20.219999313354492,20.219999313354492,20.68000030517578,19.1200008392334,19.270000457763672,1512800
2022-04-04,21.350000381469727,21.350000381469727,21.489999771118164,20.389999389648438,20.389999389648438,1332500
2022-04-05,20.329999923706055,20.329999923706055,21.594999313354492,20.290000915527344,21.139999389648438,1598900
2022-04-06,19.75,19.75,20.31999969482422,19.329999923706055,20.049999237060547,1375700
2022-04-07,19.079999923706055,19.079999923706055,20.040000915527344,18.579999923706055,19.709999084472656,1090700
2022-04-08,18.350000381469727,18.350000381469727,19.469999313354492,17.93000030517578,19.18000030517578,1017500
2022-04-11,17.56999969482422,17.56999969482422,18.209999084472656,17.184999465942383,18.100000381469727,1476700
2022-04-12,17.899999618530273,17.899999618530273,18.920000076293945,17.59000015258789,18.18000030517578,1171000
2022-04-13,18.770000457763672,18.770000457763672,18.969999313354492,17.829999923706055,18.010000228881836,974000
2022-04-14,16.670000076293945,16.670000076293945,18.760000228881836,16.639999389648438,18.600000381469727,1499100
2022-04-18,15.710000038146973,15.710000038146973,16.610000610351562,15.258000373840332,16.549999237060547,2414900
2022-04-19,15.779999732971191,15.779999732971191,16.219999313354492,15.260000228881836,15.630000114440918,1374800
2022-04-20,15.369999885559082,15.369999885559082,15.970000267028809,15.111000061035156,15.970000267028809,956800
2022-04-21,14.369999885559082,14.369999885559082,16.09000015258789,14.260000228881836,15.699999809265137,1793700
2022-04-22,14.59000015258789,14.59000015258789,14.920000076293945,14.359999656677246,14.399999618530273,1693800
2022-04-25,14.989999771118164,14.989999771118164,15.010000228881836,14.319999694824219,14.539999961853027,1547100
2022-04-26,13.960000038146973,13.960000038146973,15.460000038146973,13.925000190734863,14.989999771118164,2092400
2022-04-27,13.5600004196167,13.5600004196167,14.199999809265137,13.510000228881836,14.0,1792900
2022-04-28,13.930000305175781,13.930000305175781,14.079999923706055,12.899999618530273,13.760000228881836,1982700
2022-04-29,13.239999771118164,13.239999771118164,14.420000076293945,13.1899995803833,13.890000343322754,1228800
2022-05-02,14.270000457763672,14.270000457763672,14.289999961853027,13.029999732971191,13.25,1698900
2022-05-03,14.180000305175781,14.180000305175781,14.649999618530273,13.829999923706055,14.239999771118164,959200
2022-05-04,15.8100004196167,15.8100004196167,15.9399995803833,13.720000267028809,14.350000381469727,1692700
2022-05-05,14.5600004196167,14.5600004196167,15.420000076293945,13.970000267028809,15.15999984741211,1965200
2022-05-06,13.65999984741211,13.65999984741211,14.739999771118164,13.329999923706055,14.649999618530273,1697100
2022-05-09,11.109999656677246,11.109999656677246,13.359999656677246,11.100000381469727,13.119999885559082,3460300
2022-05-10,11.260000228881836,11.260000228881836,11.979999542236328,10.371999740600586,11.739999771118164,2656300
2022-05-11,10.029999732971191,10.029999732971191,11.354999542236328,9.970999717712402,11.020000457763672,1932200
2022-05-12,10.8100004196167,10.8100004196167,11.039999961853027,9.710000038146973,9.779999732971191,2208000
2022-05-13,11.869999885559082,11.869999885559082,12.15999984741211,11.0,11.229999542236328,2232200
2022-05-16,11.140000343322754,11.140000343322754,12.039999961853027,11.079999923706055,11.800000190734863,1040600
2022-05-17,11.630000114440918,11.630000114440918,11.8149995803833,11.15999984741211,11.600000381469727,1135700
2022-05-18,10.720000267028809,10.720000267028809,11.479999542236328,10.520000457763672,11.25,1442100
2022-05-19,10.9399995803833,10.9399995803833,11.199999809265137,10.380000114440918,10.699999809265137,1743500
2022-05-20,11.020000457763672,11.020000457763672,11.239999771118164,10.119999885559082,11.119999885559082,1328700
2022-05-23,10.890000343322754,10.890000343322754,11.425000190734863,10.739999771118164,11.079999923706055,1334300
2022-05-24,9.989999771118164,9.989999771118164,10.600000381469727,9.774999618530273,10.539999961853027,1310900
2022-05-25,10.15999984741211,10.15999984741211,10.456000328063965,9.729999542236328,10.050000190734863,1437000
2022-05-26,10.859999656677246,10.859999656677246,11.130000114440918,10.100000381469727,10.170000076293945,1269400
2022-05-27,11.680000305175781,11.680000305175781,11.75,10.694999694824219,11.010000228881836,1574500
2022-05-31,11.390000343322754,11.390000343322754,11.890000343322754,11.020000457763672,11.600000381469727,1844400
2022-06-01,10.970000267028809,10.970000267028809,11.732999801635742,10.729999542236328,11.550000190734863,994300
2022-06-02,11.539999961853027,11.539999961853027,11.640000343322754,10.760000228881836,10.84000015258789,869100
2022-06-03,11.90999984741211,11.90999984741211,11.920000076293945,11.25,11.3100004196167,1140700
2022-06-06,11.59000015258789,11.59000015258789,12.420000076293945,11.029999732971191,12.270000457763672,1303200
2022-06-07,12.489999771118164,12.489999771118164,12.5,11.329999923706055,11.380000114440918,1167500
2022-06-08,12.869999885559082,12.869999885559082,13.380000114440918,12.34000015258789,12.470000267028809,1754500
2022-06-09,12.3100004196167,12.3100004196167,12.760000228881836,12.260000228881836,12.618000030517578,1007000
2022-06-10,11.130000114440918,11.130000114440918,12.109999656677246,11.0,11.899999618530273,1208800
2022-06-13,10.0,10.0,10.619999885559082,9.789999961853027,10.505999565124512,1946900
2022-06-14,10.0,10.0,10.25,9.59000015258789,10.170000076293945,1288000
2022-06-15,10.529999732971191,10.529999732971191,10.699999809265137,9.850000381469727,10.079999923706055,1757300
2022-06-16,10.170000076293945,10.170000076293945,10.3100004196167,9.765999794006348,10.0600004196167,1967300
2022-06-17,11.289999961853027,11.289999961853027,11.670000076293945,10.319999694824219,10.319999694824219,4929200
2022-06-21,11.869999885559082,11.869999885559082,12.5,11.529999732971191,11.529999732971191,3117600
2022-06-22,12.09000015258789,12.09000015258789,12.40999984741211,10.930000305175781,11.479999542236328,1987900
2022-06-23,13.5,13.5,13.539999961853027,12.050000190734863,12.199999809265137,2109600
2022-06-24,13.470000267028809,13.470000267028809,13.942999839782715,12.4399995803833,13.770000457763672,4186000
2022-06-27,13.039999961853027,13.039999961853027,13.420000076293945,12.1899995803833,13.300000190734863,1702500
2022-06-28,12.449999809265137,12.449999809265137,13.25,12.229999542236328,13.119999885559082,1512200
2022-06-29,12.229999542236328,12.229999542236328,12.59000015258789,11.972000122070312,12.3100004196167,1359100
2022-06-30,11.829999923706055,11.829999923706055,12.15999984741211,11.579999923706055,11.930000305175781,1221800
2022-07-01,12.59000015258789,12.59000015258789,12.680000305175781,11.789999961853027,11.819999694824219,1440300
2022-07-05,14.550000190734863,14.550000190734863,14.5600004196167,12.260000228881836,12.470000267028809,2667300
2022-07-06,14.34000015258789,14.34000015258789,15.069999694824219,13.949999809265137,14.420000076293945,1921100
2022-07-07,15.199999809265137,15.199999809265137,15.430000305175781,14.194999694824219,14.3100004196167,1939800
2022-07-08,15.0,15.0,15.369999885559082,14.65999984741211,14.930000305175781,948600
2022-07-11,13.819999694824219,13.819999694824219,14.979000091552734,13.779999732971191,14.760000228881836,1327800
2022-07-12,14.390000343322754,14.390000343322754,14.579999923706055,13.109999656677246,13.869999885559082,1513500
2022-07-13,16.139999389648438,16.139999389648438,16.260000228881836,13.869999885559082,13.890000343322754,2535600
2022-07-14,15.069999694824219,15.069999694824219,16.139999389648438,15.020000457763672,16.030000686645508,1946500
2022-07-15,14.989999771118164,14.989999771118164,15.4399995803833,14.460000038146973,15.4399995803833,1279900
2022-07-18,14.989999771118164,14.989999771118164,16.06999969482422,14.859999656677246,15.430000305175781,1523100
2022-07-19,17.030000686645508,17.030000686645508,17.239999771118164,14.890000343322754,15.319999694824219,2657600
2022-07-20,17.40999984741211,17.40999984741211,18.209999084472656,16.760000228881836,17.049999237060547,2762800
2022-07-21,17.049999237060547,17.049999237060547,17.600000381469727,16.764999389648438,17.299999237060547,1008600
2022-07-22,15.949999809265137,15.949999809265137,17.399999618530273,15.899999618530273,17.309999465942383,1678900
2022-07-25,16.350000381469727,16.350000381469727,16.420000076293945,15.302000045776367,16.040000915527344,1340500
2022-07-26,16.239999771118164,16.239999771118164,16.979999542236328,15.574999809265137,16.149999618530273,1689100
2022-07-27,16.84000015258789,16.84000015258789,16.90999984741211,15.770000457763672,16.59000015258789,1663800
2022-07-28,16.399999618530273,16.399999618530273,17.190000534057617,16.170000076293945,17.030000686645508,1251600
2022-07-29,15.90999984741211,15.90999984741211,16.450000762939453,15.539999961853027,16.270000457763672,1204400
2022-08-01,15.84000015258789,15.84000015258789,16.729999542236328,15.670000076293945,15.770000457763672,1538100
2022-08-02,16.479999542236328,16.479999542236328,16.729999542236328,15.670000076293945,15.699999809265137,1447000
2022-08-03,18.690000534057617,18.690000534057617,19.399999618530273,17.4950008392334,17.540000915527344,3093400
2022-08-04,19.149999618530273,19.149999618530273,19.190000534057617,18.049999237060547,18.530000686645508,1853100
2022-08-05,19.420000076293945,19.420000076293945,19.43000030517578,18.0049991607666,18.610000610351562,1506900
2022-08-08,19.1299991607666,19.1299991607666,19.969999313354492,18.731000900268555,19.530000686645508,1346500
2022-08-09,17.989999771118164,17.989999771118164,18.7549991607666,17.149999618530273,18.610000610351562,1986300
2022-08-10,18.549999237060547,18.549999237060547,18.940000534057617,18.100000381469727,18.899999618530273,1700300
2022-08-11,18.09000015258789,18.09000015258789,19.5,17.920000076293945,18.8799991607666,1832300
2022-08-12,18.770000457763672,18.770000457763672,19.030000686645508,17.829999923706055,18.40999984741211,1486300
2022-08-15,18.459999084472656,18.459999084472656,18.8799991607666,17.899999618530273,18.59000015258789,1467400
2022-08-16,17.34000015258789,17.34000015258789,18.350000381469727,16.920000076293945,18.350000381469727,1942900
2022-08-17,16.31999969482422,16.31999969482422,17.200000762939453,16.149999618530273,16.969999313354492,1776300
2022-08-18,15.9399995803833,15.9399995803833,16.264999389648438,15.3100004196167,16.219999313354492,1695300
2022-08-19,14.720000267028809,14.720000267028809,15.699999809265137,14.65999984741211,15.460000038146973,1652500
2022-08-22,14.760000228881836,14.760000228881836,15.324999809265137,14.279999732971191,14.354999542236328,1938600
2022-08-23,15.15999984741211,15.15999984741211,15.79699993133545,14.739999771118164,14.979999542236328,1513100
2022-08-24,16.06999969482422,16.06999969482422,16.239999771118164,14.765000343322754,15.199999809265137,1479300
2022-08-25,16.270000457763672,16.270000457763672,16.610000610351562,16.100000381469727,16.329999923706055,1014400
2022-08-26,14.829999923706055,14.829999923706055,16.290000915527344,14.680000305175781,16.290000915527344,1780600
2022-08-29,14.880000114440918,14.880000114440918,15.22700023651123,14.484000205993652,14.579999923706055,1339400
2022-08-30,15.119999885559082,15.119999885559082,15.378999710083008,14.609999656677246,15.25,1075100
2022-08-31,14.699999809265137,14.699999809265137,15.489999771118164,14.680000305175781,15.390000343322754,1358000
2022-09-01,15.420000076293945,15.420000076293945,15.430000305175781,14.100000381469727,14.52299976348877,1322400
2022-09-02,14.829999923706055,14.829999923706055,15.84000015258789,14.609999656677246,15.609999656677246,1354800
2022-09-06,14.300000190734863,14.300000190734863,15.0600004196167,14.140000343322754,15.010000228881836,1270600
2022-09-07,15.850000381469727,15.850000381469727,15.859999656677246,14.319999694824219,14.319999694824219,1560600
2022-09-08,16.200000762939453,16.200000762939453,16.389999389648438,15.479999542236328,15.609999656677246,1387400
2022-09-09,15.829999923706055,15.829999923706055,16.299999237060547,15.479999542236328,16.219999313354492,1072100
2022-09-12,15.989999771118164,15.989999771118164,16.040000915527344,15.3100004196167,15.869999885559082,1348300
2022-09-13,14.8149995803833,14.8149995803833,15.350000381469727,14.34000015258789,15.25,2275700
2022-09-14,14.680000305175781,14.680000305175781,14.850000381469727,14.1899995803833,14.850000381469727,2111600
2022-09-15,16.110000610351562,16.110000610351562,16.15999984741211,14.529999732971191,14.550000190734863,2309000
2022-09-16,14.4350004196167,14.4350004196167,15.699999809265137,14.25,15.649999618530273,4057100
2022-09-19,14.579999923706055,14.579999923706055,14.75,13.930000305175781,14.300000190734863,1505600
2022-09-20,14.609999656677246,14.609999656677246,14.8100004196167,14.300000190734863,14.300000190734863,1044700
2022-09-21,13.90999984741211,13.90999984741211,14.930000305175781,13.899999618530273,14.699999809265137,1426600
2022-09-22,13.279999732971191,13.279999732971191,13.800000190734863,12.90999984741211,13.760000228881836,1553800
2022-09-23,12.720000267028809,12.720000267028809,13.279999732971191,12.260000228881836,13.039999961853027,1928200
2022-09-26,12.210000038146973,12.210000038146973,13.3100004196167,12.1899995803833,12.670000076293945,1487100
2022-09-27,12.699999809265137,12.699999809265137,12.850000381469727,12.420000076293945,12.640000343322754,1532800
2022-09-28,13.399999618530273,13.399999618530273,13.539999961853027,12.819999694824219,12.949999809265137,1404600
2022-09-29,12.15999984741211,12.15999984741211,13.050000190734863,12.050000190734863,13.020000457763672,1787200
2022-09-30,12.239999771118164,12.239999771118164,12.760000228881836,12.0600004196167,12.09000015258789,1464400
2022-10-03,12.329999923706055,12.329999923706055,12.84000015258789,12.119999885559082,12.489999771118164,1634000
2022-10-04,12.949999809265137,12.949999809265137,12.949999809265137,12.380000114440918,12.729999542236328,1583800
2022-10-05,12.529999732971191,12.529999732971191,12.720000267028809,11.720000267028809,12.609999656677246,1505900
2022-10-06,12.75,12.75,12.949999809265137,12.329999923706055,12.670000076293945,1153800
2022-10-07,12.0,12.0,12.4350004196167,11.979999542236328,12.300000190734863,1743700
2022-10-10,11.800000190734863,11.800000190734863,12.029999732971191,11.5,12.0,1201800
2022-10-11,11.920000076293945,11.920000076293945,12.335000038146973,11.550000190734863,11.800000190734863,1166200
2022-10-12,11.960000038146973,11.960000038146973,12.0600004196167,11.550000190734863,11.880000114440918,856200
2022-10-13,12.149999618530273,12.149999618530273,12.229999542236328,11.420000076293945,11.520000457763672,952000
2022-10-14,11.380000114440918,11.380000114440918,12.5,11.350000381469727,12.279999732971191,1069300
2022-10-17,11.9399995803833,11.9399995803833,12.119999885559082,11.579999923706055,11.8100004196167,1487900
2022-10-18,12.460000038146973,12.460000038146973,13.199999809265137,12.02299976348877,12.3100004196167,2463600
2022-10-19,11.529999732971191,11.529999732971191,12.300000190734863,11.390000343322754,12.199999809265137,1951200
2022-10-20,11.430000305175781,11.430000305175781,12.0600004196167,11.375,11.479999542236328,948700
2022-10-21,11.739999771118164,11.739999771118164,11.78499984741211,11.220000267028809,11.449999809265137,1035200
2022-10-24,11.380000114440918,11.380000114440918,11.75,11.020000457763672,11.75,896100
2022-10-25,11.640000343322754,11.640000343322754,11.979999542236328,11.5,11.510000228881836,1307800
2022-10-26,12.119999885559082,12.119999885559082,12.550000190734863,11.470000267028809,11.5600004196167,1350200
2022-10-27,11.979999542236328,11.979999542236328,12.5,11.899999618530273,12.329999923706055,1068500
2022-10-28,12.739999771118164,12.739999771118164,12.789999961853027,11.819999694824219,12.050000190734863,1512500
2022-10-31,12.550000190734863,12.550000190734863,12.75,12.270000457763672,12.619999885559082,1235400
2022-11-01,12.75,12.75,13.130000114440918,12.609999656677246,13.0,1206500
2022-11-02,12.890000343322754,12.890000343322754,14.229999542236328,12.520000457763672,12.949999809265137,2284400
2022-11-03,11.670000076293945,11.670000076293945,12.619999885559082,11.562000274658203,12.539999961853027,1580800
2022-11-04,11.5,11.5,12.039999961853027,11.170000076293945,11.979999542236328,1742600
2022-11-07,11.039999961853027,11.039999961853027,11.739999771118164,10.890000343322754,11.5,1278500
2022-11-08,11.220000267028809,11.220000267028809,11.619999885559082,10.859999656677246,11.020000457763672,1103400
2022-11-09,10.720000267028809,10.720000267028809,11.100000381469727,10.720000267028809,11.050000190734863,994700
2022-11-10,12.399999618530273,12.399999618530273,12.470000267028809,11.270000457763672,11.359999656677246,2258900
2022-11-11,13.210000038146973,13.210000038146973,13.489999771118164,12.149999618530273,12.15999984741211,1687500
2022-11-14,12.930000305175781,12.930000305175781,13.319999694824219,12.829999923706055,13.140000343322754,1294500
2022-11-15,13.050000190734863,13.050000190734863,13.9399995803833,12.779999732971191,13.529999732971191,1222500
2022-11-16,12.25,12.25,12.970999717712402,12.220000267028809,12.880000114440918,1042500
2022-11-17,11.010000228881836,11.010000228881836,11.020000457763672,9.609999656677246,9.899999618530273,7263900
2022-11-18,10.949999809265137,10.949999809265137,10.960000038146973,10.460000038146973,10.75,2138300
2022-11-21,10.279999732971191,10.279999732971191,10.779999732971191,10.09000015258789,10.779999732971191,1420000
2022-11-22,10.460000038146973,10.460000038146973,10.484999656677246,10.0,10.350000381469727,1169000
2022-11-23,10.369999885559082,10.369999885559082,10.710000038146973,10.3100004196167,10.470000267028809,1169700
2022-11-25,10.029999732971191,10.029999732971191,10.270000457763672,9.970000267028809,10.239999771118164,628500
2022-11-28,9.869999885559082,9.869999885559082,10.079999923706055,9.75,9.960000038146973,1606300
2022-11-29,9.930000305175781,9.930000305175781,10.0600004196167,9.739999771118164,9.970000267028809,1246200
2022-11-30,10.600000381469727,10.600000381469727,10.609999656677246,9.640000343322754,9.899999618530273,2624100
2022-12-01,10.0600004196167,10.0600004196167,10.680000305175781,9.9399995803833,10.550000190734863,1074800
2022-12-02,10.25,10.25,10.34000015258789,9.699999809265137,9.760000228881836,2374000
2022-12-05,9.829999923706055,9.829999923706055,10.279999732971191,9.800000190734863,10.229999542236328,3455700
2022-12-06,9.609999656677246,9.609999656677246,10.470000267028809,9.5,9.975000381469727,2966800
2022-12-07,9.899999618530273,9.899999618530273,10.029999732971191,9.229999542236328,9.520000457763672,3127900
2022-12-08,9.979999542236328,9.979999542236328,10.260000228881836,9.779999732971191,10.039999961853027,1446400
2022-12-09,9.449999809265137,9.449999809265137,10.050000190734863,9.449999809265137,9.90999984741211,1307400
2022-12-12,9.479999542236328,9.479999542236328,9.600000381469727,9.291999816894531,9.5,1414400
2022-12-13,9.960000038146973,9.960000038146973,10.119999885559082,9.380000114440918,9.960000038146973,1842300
2022-12-14,10.359999656677246,10.359999656677246,10.550000190734863,9.800000190734863,9.914999961853027,1766700
2022-12-15,10.010000228881836,10.010000228881836,10.569999694824219,9.989999771118164,10.130000114440918,2695600
2022-12-16,10.270000457763672,10.270000457763672,10.329999923706055,9.782999992370605,9.859999656677246,5500900
2022-12-19,9.170000076293945,9.170000076293945,10.210000038146973,9.079999923706055,10.199999809265137,2187300
2022-12-20,9.15999984741211,9.15999984741211,9.270000457763672,9.008000373840332,9.100000381469727,1652100
2022-12-21,9.199999809265137,9.199999809265137,9.5,9.079999923706055,9.260000228881836,1505800
2022-12-22,9.109999656677246,9.109999656677246,9.119999885559082,8.6899995803833,9.020000457763672,1615600
2022-12-23,8.84000015258789,8.84000015258789,9.220000267028809,8.725000381469727,9.079999923706055,1353600
2022-12-27,8.350000381469727,8.350000381469727,8.869999885559082,8.206999778747559,8.789999961853027,1789900
2022-12-28,8.319999694824219,8.319999694824219,8.59000015258789,8.229999542236328,8.359999656677246,1337700
2022-12-29,8.979999542236328,8.979999542236328,9.09000015258789,8.34000015258789,8.449999809265137,2477200
2022-12-30,8.869999885559082,8.869999885559082,8.944999694824219,8.539999961853027,8.8100004196167,1723700
2023-01-03,8.4399995803833,8.4399995803833,9.25,8.414999961853027,9.09000015258789,1887700
2023-01-04,9.239999771118164,9.239999771118164,9.25,8.449999809265137,8.550000190734863,2395000
2023-01-05,8.949999809265137,8.949999809265137,9.100000381469727,8.65999984741211,9.069999694824219,1852600
2023-01-06,9.0,9.0,9.170000076293945,8.65999984741211,9.0600004196167,1771700
2023-01-09,8.220000267028809,8.220000267028809,8.770000457763672,7.704999923706055,8.739999771118164,3545100
2023-01-10,8.289999961853027,8.289999961853027,8.460000038146973,8.039999961853027,8.149999618530273,1817500
2023-01-11,8.539999961853027,8.539999961853027,8.579999923706055,8.010000228881836,8.279999732971191,2248900
2023-01-12,8.880000114440918,8.880000114440918,8.890000343322754,8.130000114440918,8.569999694824219,1750500
2023-01-13,8.430000305175781,8.430000305175781,8.930000305175781,8.279999732971191,8.699999809265137,1698500
2023-01-17,8.329999923706055,8.329999923706055,8.729999542236328,8.130000114440918,8.529999732971191,1769300
2023-01-18,8.109999656677246,8.109999656677246,8.616000175476074,8.085000038146973,8.4399995803833,1568100
2023-01-19,7.809999942779541,7.809999942779541,8.09000015258789,7.770999908447266,8.039999961853027,1439400
2023-01-20,8.050000190734863,8.050000190734863,8.095000267028809,7.800000190734863,7.929999828338623,1629100
2023-01-23,8.180000305175781,8.180000305175781,8.295000076293945,7.860000133514404,8.100000381469727,2402900
2023-01-24,8.829999923706055,8.829999923706055,8.864999771118164,8.0,8.079999923706055,2824100
2023-01-25,9.09000015258789,9.09000015258789,9.119999885559082,8.399999618530273,8.630000114440918,1586500
2023-01-26,9.069999694824219,9.069999694824219,9.300000190734863,8.734999656677246,9.25,1733800
2023-01-27,9.569999694824219,9.569999694824219,9.770000457763672,8.989999771118164,8.989999771118164,1446000
2023-01-30,9.350000381469727,9.350000381469727,9.529999732971191,9.020000457763672,9.430000305175781,1931700
2023-01-31,9.890000343322754,9.890000343322754,10.319999694824219,9.460000038146973,9.475000381469727,2463100
2023-02-01,10.40999984741211,10.40999984741211,10.619999885559082,9.782999992370605,10.300000190734863,2436200
2023-02-02,11.529999732971191,11.529999732971191,11.880000114440918,10.800000190734863,10.819999694824219,3522800
2023-02-03,11.260000228881836,11.260000228881836,11.928000450134277,10.890000343322754,11.09000015258789,2590200
2023-02-06,11.119999885559082,11.119999885559082,11.479999542236328,11.005000114440918,11.149999618530273,1625300
2023-02-07,11.220000267028809,11.220000267028809,11.324999809265137,10.819999694824219,11.100000381469727,1778300
2023-02-08,10.34000015258789,10.34000015258789,11.25,10.329999923706055,11.15999984741211,1598500
2023-02-09,10.029999732971191,10.029999732971191,10.65999984741211,9.925000190734863,10.520000457763672,1522800
2023-02-10,9.760000228881836,9.760000228881836,9.954999923706055,9.614999771118164,9.90999984741211,1678300
2023-02-13,9.989999771118164,9.989999771118164,10.079999923706055,9.520000457763672,9.75,1102200
2023-02-14,10.130000114440918,10.130000114440918,10.260000228881836,9.645000457763672,9.920000076293945,987800
2023-02-15,10.359999656677246,10.359999656677246,10.369999885559082,9.9399995803833,10.100000381469727,1029200
2023-02-16,9.960000038146973,9.960000038146973,10.350000381469727,9.920000076293945,10.149999618530273,1502500
2023-02-17,10.149999618530273,10.149999618530273,10.15999984741211,9.5600004196167,10.0,1355700
2023-02-21,9.180000305175781,9.180000305175781,9.890000343322754,9.164999961853027,9.84000015258789,2508300
2023-02-22,9.75,9.75,9.949999809265137,9.210000038146973,9.460000038146973,2069400
2023-02-23,9.390000343322754,9.390000343322754,9.880000114440918,9.130000114440918,9.8100004196167,1415900
2023-02-24,9.0600004196167,9.0600004196167,9.274999618530273,9.0,9.229999542236328,1529200
2023-02-27,9.039999961853027,9.039999961853027,9.289999961853027,8.989999771118164,9.25,1419300
2023-02-28,9.039999961853027,9.039999961853027,9.239999771118164,9.024999618530273,9.069999694824219,1384700
2023-03-01,8.720000267028809,8.720000267028809,9.149999618530273,8.649999618530273,8.979999542236328,1417100
2023-03-02,8.720000267028809,8.720000267028809,8.800000190734863,8.569999694824219,8.600000381469727,1227000
2023-03-03,8.960000038146973,8.960000038146973,9.180000305175781,8.739999771118164,8.890000343322754,1394200
2023-03-06,8.569999694824219,8.569999694824219,9.050000190734863,8.45300006866455,9.050000190734863,1149300
2023-03-07,8.619999885559082,8.619999885559082,8.920000076293945,8.4399995803833,8.5600004196167,1120600
2023-03-08,8.789999961853027,8.789999961853027,8.835000038146973,8.539999961853027,8.640000343322754,1248200
2023-03-09,8.199999809265137,8.199999809265137,8.913999557495117,8.100000381469727,8.859999656677246,1649900
2023-03-10,7.829999923706055,7.829999923706055,8.149999618530273,7.480000019073486,8.149999618530273,3329000
2023-03-13,8.430000305175781,8.430000305175781,8.51200008392334,7.619999885559082,7.690000057220459,1644100
2023-03-14,8.430000305175781,8.430000305175781,8.734999656677246,8.210000038146973,8.579999923706055,1513500
2023-03-15,8.430000305175781,8.430000305175781,8.699999809265137,8.260000228881836,8.569999694824219,1144000
2023-03-16,8.489999771118164,8.489999771118164,8.645000457763672,8.050000190734863,8.399999618530273,1216400
2023-03-17,8.369999885559082,8.369999885559082,8.449999809265137,8.111000061035156,8.449999809265137,1901700
2023-03-20,8.199999809265137,8.199999809265137,8.369999885559082,8.086000442504883,8.369999885559082,943200
2023-03-21,8.050000190734863,8.050000190734863,8.34000015258789,7.945000171661377,8.279999732971191,1141500
2023-03-22,7.300000190734863,7.300000190734863,8.029999732971191,7.269999980926514,8.029999732971191,1917500
2023-03-23,7.420000076293945,7.420000076293945,7.550000190734863,7.309999942779541,7.400000095367432,1460900
2023-03-24,7.460000038146973,7.460000038146973,7.519999980926514,7.289999961853027,7.320000171661377,1110900
2023-03-27,7.449999809265137,7.449999809265137,7.679999828338623,7.449999809265137,7.519999980926514,1067000
2023-03-28,7.110000133514404,7.110000133514404,7.489999771118164,7.0,7.369999885559082,2952400
2023-03-29,7.409999847412109,7.409999847412109,7.429999828338623,7.130000114440918,7.28000020980835,1414700
2023-03-30,7.03000020980835,7.03000020980835,7.519999980926514,7.0,7.480000019073486,2001400
2023-03-31,7.25,7.25,7.375,7.050000190734863,7.099999904632568,1608300
2023-04-03,7.079999923706055,7.079999923706055,7.210000038146973,6.920000076293945,7.210000038146973,2133000
2023-04-04,6.96999979019165,6.96999979019165,7.159999847412109,6.789999961853027,7.139999866485596,1833300
2023-04-05,6.849999904632568,6.849999904632568,6.96999979019165,6.775000095367432,6.880000114440918,2124600
2023-04-06,6.920000076293945,6.920000076293945,7.119999885559082,6.699999809265137,6.809999942779541,1847000
2023-04-10,6.630000114440918,6.630000114440918,6.869999885559082,6.449999809265137,6.849999904632568,1631400
2023-04-11,6.710000038146973,6.710000038146973,6.78000020980835,6.525000095367432,6.639999866485596,1287300
2023-04-12,6.360000133514404,6.360000133514404,6.889999866485596,6.329999923706055,6.889999866485596,1538600
2023-04-13,7.650000095367432,7.650000095367432,7.760000228881836,6.360000133514404,6.360000133514404,5464100
2023-04-14,7.590000152587891,7.590000152587891,7.840000152587891,7.309999942779541,7.699999809265137,2708500
2023-04-17,8.180000305175781,8.180000305175781,8.654999732971191,7.630000114440918,7.630000114440918,3381700
2023-04-18,8.0600004196167,8.0600004196167,8.399999618530273,7.929999828338623,8.329999923706055,1829700
2023-04-19,8.09000015258789,8.09000015258789,8.260000228881836,7.900000095367432,7.940000057220459,1302900
2023-04-20,7.650000095367432,7.650000095367432,8.024999618530273,7.554999828338623,7.929999828338623,2098700
2023-04-21,8.180000305175781,8.180000305175781,8.25,7.65500020980835,7.679999828338623,1602500
2023-04-24,7.869999885559082,7.869999885559082,8.180000305175781,7.670000076293945,8.140000343322754,1870000
2023-04-25,7.699999809265137,7.699999809265137,8.09000015258789,7.670000076293945,7.829999923706055,1135000
2023-04-26,7.900000095367432,7.900000095367432,8.0,7.650000095367432,7.78000020980835,1158900
2023-04-27,8.020000457763672,8.020000457763672,8.4399995803833,7.800000190734863,7.96999979019165,1711900
2023-04-28,8.15999984741211,8.15999984741211,8.354999542236328,7.769999980926514,8.039999961853027,1087100
2023-05-01,8.300000190734863,8.300000190734863,8.479999542236328,8.010000228881836,8.079999923706055,1520700
2023-05-02,7.869999885559082,7.869999885559082,8.34000015258789,7.690000057220459,8.329999923706055,1962800
2023-05-03,8.359999656677246,8.359999656677246,8.479999542236328,7.811999797821045,7.920000076293945,2378400
2023-05-04,8.720000267028809,8.720000267028809,8.819999694824219,8.140000343322754,8.359999656677246,2167600
2023-05-05,9.770000457763672,9.770000457763672,10.520000457763672,8.890000343322754,8.9399995803833,4447900
2023-05-08,9.619999885559082,9.619999885559082,9.8100004196167,9.210000038146973,9.760000228881836,1855400
2023-05-09,10.274999618530273,10.274999618530273,10.470000267028809,9.414999961853027,9.510000228881836,2940300
2023-05-10,9.989999771118164,9.989999771118164,10.710000038146973,9.850000381469727,10.479999542236328,2817500
2023-05-11,9.5600004196167,9.5600004196167,9.989999771118164,9.489999771118164,9.989999771118164,1796700
2023-05-12,9.579999923706055,9.579999923706055,9.739999771118164,9.140000343322754,9.550000190734863,1802000
2023-05-15,10.010000228881836,10.010000228881836,10.510000228881836,9.579999923706055,9.630000114440918,2215900
2023-05-16,9.550000190734863,9.550000190734863,9.805000305175781,9.312000274658203,9.770000457763672,1845800
2023-05-17,9.609999656677246,9.609999656677246,9.6850004196167,9.180000305175781,9.630000114440918,1731700
2023-05-18,9.420000076293945,9.420000076293945,9.5649995803833,9.140000343322754,9.5600004196167,1538800
2023-05-19,9.319999694824219,9.319999694824219,10.0,9.244999885559082,9.550000190734863,1510000
2023-05-22,9.640000343322754,9.640000343322754,9.6899995803833,9.225000381469727,9.229999542236328,1585200
2023-05-23,9.579999923706055,9.579999923706055,10.279999732971191,9.520000457763672,9.520000457763672,1836700
2023-05-24,9.449999809265137,9.449999809265137,9.5600004196167,9.220000267028809,9.430000305175781,1469800
2023-05-25,9.079999923706055,9.079999923706055,9.430000305175781,8.920000076293945,9.430000305175781,1523200
2023-05-26,9.100000381469727,9.100000381469727,9.210000038146973,8.9350004196167,9.079999923706055,1061100
2023-05-30,8.960000038146973,8.960000038146973,9.40999984741211,8.779999732971191,9.199999809265137,1626600
2023-05-31,9.180000305175781,9.180000305175781,9.319999694824219,8.795000076293945,8.960000038146973,1733300
2023-06-01,9.550000190734863,9.550000190734863,9.619999885559082,9.0,9.170000076293945,1186400
2023-06-02,9.670000076293945,9.670000076293945,9.930000305175781,9.420000076293945,9.6899995803833,1283200
2023-06-05,9.4399995803833,9.4399995803833,9.630000114440918,9.3100004196167,9.600000381469727,1943500
2023-06-06,10.25,10.25,10.569999694824219,9.359999656677246,9.449999809265137,1995600
2023-06-07,10.520000457763672,10.520000457763672,10.6899995803833,10.0,10.380000114440918,1859000
2023-06-08,9.600000381469727,9.600000381469727,10.529999732971191,9.34000015258789,10.510000228881836,2427000
2023-06-09,9.670000076293945,9.670000076293945,10.130000114440918,9.380000114440918,9.960000038146973,1620600
2023-06-12,9.930000305175781,9.930000305175781,10.057999610900879,9.350000381469727,9.699999809265137,4318300
2023-06-13,11.470000267028809,11.470000267028809,11.675000190734863,9.600000381469727,9.600000381469727,4741200
2023-06-14,11.09000015258789,11.09000015258789,11.90999984741211,10.819999694824219,11.539999961853027,2557200
2023-06-15,9.279999732971191,9.279999732971191,10.1899995803833,9.220000267028809,10.15999984741211,8027400
2023-06-16,8.819999694824219,8.819999694824219,9.539999961853027,8.779999732971191,9.359999656677246,7719800
2023-06-20,8.359999656677246,8.359999656677246,8.819999694824219,7.985000133514404,8.800000190734863,4776200
2023-06-21,8.020000457763672,8.020000457763672,8.34000015258789,7.710000038146973,8.260000228881836,4076600
2023-06-22,8.020000457763672,8.020000457763672,8.135000228881836,7.860000133514404,7.934999942779541,2541400
2023-06-23,8.069999694824219,8.069999694824219,8.140000343322754,7.929999828338623,8.0,2159600
2023-06-26,8.0,8.0,8.119999885559082,7.860000133514404,8.0600004196167,2017400
2023-06-27,8.0600004196167,8.0600004196167,8.229999542236328,7.90500020980835,8.039999961853027,1983100
2023-06-28,8.399999618530273,8.399999618530273,8.430000305175781,7.945000171661377,8.09000015258789,2480500
2023-06-29,8.149999618530273,8.149999618530273,8.420000076293945,8.109999656677246,8.399999618530273,1390100
2023-06-30,8.229999542236328,8.229999542236328,8.329999923706055,8.069999694824219,8.279999732971191,1412300
2023-07-03,8.239999771118164,8.239999771118164,8.380000114440918,8.170000076293945,8.260000228881836,702000
2023-07-05,8.279999732971191,8.279999732971191,8.369999885559082,8.020000457763672,8.1899995803833,2321100
2023-07-06,8.329999923706055,8.329999923706055,8.354999542236328,8.0,8.130000114440918,1879800
2023-07-07,8.40999984741211,8.40999984741211,8.680000305175781,8.333000183105469,8.380000114440918,1265900
2023-07-10,8.819999694824219,8.819999694824219,8.869999885559082,8.399999618530273,8.430000305175781,2388800
2023-07-11,8.949999809265137,8.949999809265137,9.039999961853027,8.6899995803833,8.84000015258789,1150400
2023-07-12,9.069999694824219,9.069999694824219,9.140000343322754,8.880000114440918,9.09000015258789,1227200
2023-07-13,8.949999809265137,8.949999809265137,9.1899995803833,8.9350004196167,9.119999885559082,1167700
2023-07-14,8.609999656677246,8.609999656677246,9.0,8.5,8.949999809265137,1143500
2023-07-17,8.59000015258789,8.59000015258789,8.880000114440918,8.479999542236328,8.579999923706055,1260200
2023-07-18,8.720000267028809,8.720000267028809,8.932000160217285,8.539999961853027,8.600000381469727,1165800
2023-07-19,8.819999694824219,8.819999694824219,9.100000381469727,8.75,8.800000190734863,1434600
2023-07-20,8.770000457763672,8.770000457763672,8.979999542236328,8.635000228881836,8.979999542236328,1410400
2023-07-21,8.9399995803833,8.9399995803833,9.100000381469727,8.640000343322754,8.859999656677246,1243000
2023-07-24,8.65999984741211,8.65999984741211,8.960000038146973,8.460000038146973,8.779999732971191,1477400
2023-07-25,8.65999984741211,8.65999984741211,8.78499984741211,8.550000190734863,8.720000267028809,894200
2023-07-26,8.779999732971191,8.779999732971191,8.949000358581543,8.619999885559082,8.630000114440918,1301500
2023-07-27,8.5,8.5,8.9399995803833,8.46500015258789,8.899999618530273,1759200
2023-07-28,8.670000076293945,8.670000076293945,8.760000228881836,8.5600004196167,8.680000305175781,1282900
2023-07-31,8.779999732971191,8.779999732971191,8.920000076293945,8.600000381469727,8.75,1265100
2023-08-01,8.649999618530273,8.649999618530273,8.72599983215332,8.510000228881836,8.699999809265137,1535700
2023-08-02,9.140000343322754,9.140000343322754,9.515000343322754,8.399999618530273,8.5,2848500
2023-08-03,9.3100004196167,9.3100004196167,9.520000457763672,9.0,9.140000343322754,2173900
2023-08-04,9.050000190734863,9.050000190734863,9.5,9.032999992370605,9.380000114440918,1312300
2023-08-07,8.430000305175781,8.430000305175781,9.039999961853027,8.390000343322754,9.039999961853027,1982200
2023-08-08,8.899999618530273,8.899999618530273,8.970000267028809,8.25,8.390000343322754,1638300
2023-08-09,8.84000015258789,8.84000015258789,9.09000015258789,8.699999809265137,8.890000343322754,989300
2023-08-10,8.65999984741211,8.65999984741211,8.970000267028809,8.619999885559082,8.819999694824219,1821400
2023-08-11,8.680000305175781,8.680000305175781,8.729999542236328,8.460000038146973,8.5600004196167,893700
2023-08-14,8.670000076293945,8.670000076293945,8.680000305175781,8.260000228881836,8.539999961853027,1083000
2023-08-15,8.760000228881836,8.760000228881836,8.829999923706055,8.449999809265137,8.630000114440918,886300
2023-08-16,8.5,8.5,8.729999542236328,8.4399995803833,8.65999984741211,1455800
2023-08-17,8.479999542236328,8.479999542236328,8.635000228881836,8.40999984741211,8.510000228881836,1354800
2023-08-18,8.65999984741211,8.65999984741211,8.75100040435791,8.329999923706055,8.350000381469727,1147400
2023-08-21,8.619999885559082,8.619999885559082,8.699999809265137,8.345000267028809,8.640000343322754,1101600
2023-08-22,8.789999961853027,8.789999961853027,8.8100004196167,8.444999694824219,8.649999618530273,875600
2023-08-23,8.75,8.75,9.010000228881836,8.729999542236328,8.8100004196167,931800
2023-08-24,8.8100004196167,8.8100004196167,8.925000190734863,8.640000343322754,8.760000228881836,1176900
2023-08-25,8.770000457763672,8.770000457763672,8.930000305175781,8.550000190734863,8.819999694824219,1051100
2023-08-28,9.020000457763672,9.020000457763672,9.020000457763672,8.789999961853027,8.789999961853027,861000
2023-08-29,9.0600004196167,9.0600004196167,9.125,8.890000343322754,8.989999771118164,688300
2023-08-30,9.039999961853027,9.039999961853027,9.220000267028809,8.9399995803833,9.109999656677246,954100
2023-08-31,8.90999984741211,8.90999984741211,9.135000228881836,8.880000114440918,9.050000190734863,913700
2023-09-01,9.079999923706055,9.079999923706055,9.25,8.960000038146973,8.979999542236328,1032700
2023-09-05,8.829999923706055,8.829999923706055,9.239999771118164,8.779999732971191,9.029999732971191,1443900
2023-09-06,9.119999885559082,9.119999885559082,9.140000343322754,8.770000457763672,8.819999694824219,1076800
2023-09-07,8.90999984741211,8.90999984741211,9.03499984741211,8.875,9.0,905000
2023-09-08,9.020000457763672,9.020000457763672,9.140000343322754,8.890000343322754,8.90999984741211,818400
2023-09-11,9.170000076293945,9.170000076293945,9.21500015258789,8.84000015258789,9.050000190734863,1035900
2023-09-12,9.0,9.0,9.4399995803833,8.979999542236328,9.170000076293945,922800
2023-09-13,8.470000267028809,8.470000267028809,9.100000381469727,8.449999809265137,9.0600004196167,1501200
2023-09-14,8.399999618530273,8.399999618530273,8.529999732971191,8.319999694824219,8.5,1007600
2023-09-15,8.390000343322754,8.390000343322754,8.48900032043457,8.289999961853027,8.40999984741211,3588900
2023-09-18,8.010000228881836,8.010000228881836,8.510000228881836,7.989999771118164,8.390000343322754,1725300
2023-09-19,7.989999771118164,7.989999771118164,8.098999977111816,7.949999809265137,8.010000228881836,1290900
2023-09-20,7.949999809265137,7.949999809265137,8.104999542236328,7.909999847412109,8.0,974300
2023-09-21,8.0,8.0,8.045000076293945,7.710000038146973,7.849999904632568,1118600
2023-09-22,7.849999904632568,7.849999904632568,8.114999771118164,7.739999771118164,8.0,1283000
2023-09-25,7.105000019073486,7.105000019073486,7.75,6.96999979019165,7.75,2625000
2023-09-26,7.054999828338623,7.054999828338623,7.429999828338623,6.980000019073486,7.099999904632568,1693500
2023-09-27,7.110000133514404,7.110000133514404,7.159999847412109,6.914999961853027,7.079999923706055,1742500
2023-09-28,6.920000076293945,6.920000076293945,7.110000133514404,6.835000038146973,7.039999961853027,1224400
2023-09-29,7.800000190734863,7.800000190734863,8.579999923706055,7.449999809265137,7.829999923706055,6862500
2023-10-02,7.139999866485596,7.139999866485596,7.789999961853027,7.059999942779541,7.78000020980835,2170600
2023-10-03,7.329999923706055,7.329999923706055,7.460000038146973,7.059999942779541,7.170000076293945,1761400
2023-10-04,7.050000190734863,7.050000190734863,7.320000171661377,6.985000133514404,7.320000171661377,1431300
2023-10-05,7.170000076293945,7.170000076293945,7.239999771118164,6.909999847412109,7.059999942779541,1551900
2023-10-06,7.150000095367432,7.150000095367432,7.264999866485596,6.889999866485596,7.019999980926514,1295200
2023-10-09,7.010000228881836,7.010000228881836,7.099999904632568,6.849999904632568,7.039999961853027,1079600
2023-10-10,7.25,7.25,7.440000057220459,7.005000114440918,7.019999980926514,1350600
2023-10-11,7.179999828338623,7.179999828338623,7.385000228881836,7.139999866485596,7.210000038146973,954900
2023-10-12,6.840000152587891,6.840000152587891,7.179999828338623,6.78000020980835,7.130000114440918,1282700
2023-10-13,7.050000190734863,7.050000190734863,7.160999774932861,6.789999961853027,6.829999923706055,1881300
2023-10-16,7.260000228881836,7.260000228881836,7.340000152587891,6.820000171661377,7.03000020980835,1558200
2023-10-17,6.809999942779541,6.809999942779541,7.195000171661377,6.800000190734863,6.96999979019165,1408300
2023-10-18,6.599999904632568,6.599999904632568,6.928999900817871,6.559999942779541,6.860000133514404,1484600
2023-10-19,6.429999828338623,6.429999828338623,6.619999885559082,6.385000228881836,6.610000133514404,1127700
2023-10-20,6.289999961853027,6.289999961853027,6.525000095367432,6.28000020980835,6.429999828338623,1006800
2023-10-23,6.25,6.25,6.369999885559082,6.079999923706055,6.199999809265137,1258500
2023-10-24,6.570000171661377,6.570000171661377,6.96999979019165,6.514999866485596,6.639999866485596,1962100
2023-10-25,6.619999885559082,6.619999885559082,6.760000228881836,6.429999828338623,6.5,1263500
2023-10-26,6.510000228881836,6.510000228881836,6.840000152587891,6.46999979019165,6.650000095367432,1283800
2023-10-27,6.260000228881836,6.260000228881836,6.630000114440918,6.235000133514404,6.630000114440918,1634900
2023-10-30,6.329999923706055,6.329999923706055,6.525000095367432,6.230000019073486,6.260000228881836,1119800
2023-10-31,6.679999828338623,6.679999828338623,6.829999923706055,6.139999866485596,6.260000228881836,1589700
2023-11-01,6.900000095367432,6.900000095367432,6.909999847412109,6.659999847412109,6.690000057220459,1828400
2023-11-02,7.03000020980835,7.03000020980835,7.130000114440918,6.835000038146973,6.980000019073486,1463600
2023-11-03,8.3100004196167,8.3100004196167,8.75,7.210000038146973,7.25,4107300
2023-11-06,8.3100004196167,8.3100004196167,8.619999885559082,8.170000076293945,8.470000267028809,1950200
2023-11-07,8.960000038146973,8.960000038146973,9.0600004196167,8.204999923706055,8.399999618530273,3243900
2023-11-08,8.399999618530273,8.399999618530273,9.029999732971191,8.289999961853027,9.029999732971191,1866400
2023-11-09,7.869999885559082,7.869999885559082,8.479999542236328,7.860000133514404,8.479999542236328,1756900
2023-11-10,7.670000076293945,7.670000076293945,7.880000114440918,7.449999809265137,7.880000114440918,1259000
2023-11-13,7.650000095367432,7.650000095367432,7.659999847412109,7.150000095367432,7.519999980926514,1343200
2023-11-14,8.520000457763672,8.520000457763672,8.569999694824219,7.659999847412109,8.050000190734863,2082600
2023-11-15,8.84000015258789,8.84000015258789,9.149999618530273,8.5,8.510000228881836,1735400
2023-11-16,8.779999732971191,8.779999732971191,8.970000267028809,8.529999732971191,8.880000114440918,1333100
2023-11-17,9.779999732971191,9.779999732971191,9.824999809265137,8.869999885559082,8.880000114440918,2645300
2023-11-20,10.84000015258789,10.84000015258789,11.135000228881836,9.8100004196167,9.850000381469727,3550100
2023-11-21,10.119999885559082,10.119999885559082,10.720000267028809,10.09000015258789,10.720000267028809,1944700
2023-11-22,10.489999771118164,10.489999771118164,10.720000267028809,10.15999984741211,10.289999961853027,1796300
2023-11-24,10.579999923706055,10.579999923706055,10.890000343322754,10.5,10.529999732971191,874900
2023-11-27,10.654999732971191,10.654999732971191,10.800000190734863,10.220000267028809,10.510000228881836,1411600
2023-11-28,10.739999771118164,10.739999771118164,10.795000076293945,10.380000114440918,10.600000381469727,1495600
2023-11-29,10.609999656677246,10.609999656677246,11.210000038146973,10.59000015258789,10.869999885559082,1799000
2023-11-30,10.529999732971191,10.529999732971191,11.010000228881836,10.4350004196167,10.90999984741211,1825800
2023-12-01,10.770000457763672,10.770000457763672,10.850000381469727,10.305000305175781,10.609999656677246,1899700
2023-12-04,11.050000190734863,11.050000190734863,11.25,10.539999961853027,10.75,1561400
2023-12-05,10.979999542236328,10.979999542236328,11.170000076293945,10.5600004196167,10.899999618530273,1552600
2023-12-06,11.109999656677246,11.109999656677246,11.6899995803833,10.869999885559082,11.140000343322754,2276000
2023-12-07,10.899999618530273,10.899999618530273,11.199999809265137,10.770000457763672,11.109999656677246,1654600
2023-12-08,10.510000228881836,10.510000228881836,11.180000305175781,10.40999984741211,10.8100004196167,2625900
2023-12-11,9.90999984741211,9.90999984741211,10.449999809265137,9.779999732971191,10.449999809265137,2284000
2023-12-12,9.84000015258789,9.84000015258789,10.020000457763672,9.755000114440918,10.0,1944300
2023-12-13,10.399999618530273,10.399999618530273,10.600000381469727,9.701000213623047,10.380000114440918,4040500
2023-12-14,10.84000015258789,10.84000015258789,11.430000305175781,10.5600004196167,10.645000457763672,3860400
2023-12-15,10.930000305175781,10.930000305175781,11.140000343322754,10.569999694824219,10.880000114440918,4533300
2023-12-18,10.489999771118164,10.489999771118164,11.069999694824219,10.204999923706055,11.069999694824219,1817800
2023-12-19,11.010000228881836,11.010000228881836,11.09000015258789,10.449999809265137,10.449999809265137,2272500
2023-12-20,10.210000038146973,10.210000038146973,11.010000228881836,10.170000076293945,11.010000228881836,2062300
2023-12-21,10.34000015258789,10.34000015258789,10.645999908447266,10.140000343322754,10.460000038146973,1774600
2023-12-22,10.829999923706055,10.829999923706055,11.100000381469727,10.399999618530273,10.4399995803833,2068300
2023-12-26,10.65999984741211,10.65999984741211,10.960000038146973,10.640000343322754,10.880000114440918,1652700
2023-12-27,10.380000114440918,10.380000114440918,10.777999877929688,10.260000228881836,10.699999809265137,1684000
2023-12-28,10.350000381469727,10.350000381469727,10.520000457763672,10.039999961853027,10.380000114440918,1721600
2023-12-29,10.130000114440918,10.130000114440918,10.350000381469727,10.109999656677246,10.319999694824219,1499100
2024-01-02,9.979999542236328,9.979999542236328,10.359999656677246,9.8100004196167,10.0,1613800
2024-01-03,9.470000267028809,9.470000267028809,9.9399995803833,9.399999618530273,9.779999732971191,1380800
2024-01-04,9.539999961853027,9.539999961853027,9.6899995803833,9.359999656677246,9.550000190734863,1767800
2024-01-05,9.09000015258789,9.09000015258789,9.387999534606934,9.03499984741211,9.380000114440918,1630100
2024-01-08,9.40999984741211,9.40999984741211,9.444999694824219,8.78499984741211,9.029999732971191,1484300
2024-01-09,9.220000267028809,9.220000267028809,9.460000038146973,9.029999732971191,9.270000457763672,1249800
2024-01-10,9.460000038146973,9.460000038146973,9.470000267028809,9.0,9.1899995803833,1932400
2024-01-11,9.15999984741211,9.15999984741211,9.359999656677246,9.050000190734863,9.300000190734863,1316700
2024-01-12,9.069999694824219,9.069999694824219,9.449999809265137,8.920000076293945,9.25,1260000
2024-01-16,8.829999923706055,8.829999923706055,8.949999809265137,8.718999862670898,8.949999809265137,1032000
2024-01-17,8.40999984741211,8.40999984741211,8.675000190734863,8.310999870300293,8.600000381469727,1157700
2024-01-18,8.170000076293945,8.170000076293945,8.510000228881836,8.100000381469727,8.479999542236328,1075600
2024-01-19,8.09000015258789,8.09000015258789,8.289999961853027,7.96999979019165,8.289999961853027,1143600
2024-01-22,8.329999923706055,8.329999923706055,8.489999771118164,8.135000228881836,8.170000076293945,1863300
2024-01-23,8.34000015258789,8.34000015258789,8.529999732971191,8.170000076293945,8.399999618530273,1396600
2024-01-24,8.039999961853027,8.039999961853027,8.510000228881836,8.0,8.430000305175781,1533700
2024-01-25,7.78000020980835,7.78000020980835,8.178999900817871,7.739999771118164,8.069999694824219,1572500
2024-01-26,7.289999961853027,7.289999961853027,7.929999828338623,7.260000228881836,7.860000133514404,2169500
2024-01-29,7.630000114440918,7.630000114440918,7.651000022888184,6.949999809265137,7.289999961853027,1680300
2024-01-30,7.210000038146973,7.210000038146973,7.519999980926514,7.164999961853027,7.519999980926514,1398900
2024-01-31,7.03000020980835,7.03000020980835,7.449999809265137,7.019999980926514,7.230000019073486,1298200
2024-02-01,7.21999979019165,7.21999979019165,7.28000020980835,6.96999979019165,7.070000171661377,1352500
2024-02-02,7.110000133514404,7.110000133514404,7.170000076293945,6.880000114440918,7.090000152587891,1200500
2024-02-05,7.079999923706055,7.079999923706055,7.130000114440918,6.909999847412109,6.980000019073486,1191800
2024-02-06,7.210000038146973,7.210000038146973,7.28000020980835,6.920000076293945,7.039999961853027,1813400
2024-02-07,7.110000133514404,7.110000133514404,7.184999942779541,6.960000038146973,7.159999847412109,1611000
2024-02-08,7.170000076293945,7.170000076293945,7.284999847412109,7.010000228881836,7.150000095367432,1683700
2024-02-09,7.449999809265137,7.449999809265137,7.480000019073486,7.119999885559082,7.25,1410100
2024-02-12,8.130000114440918,8.130000114440918,8.149999618530273,7.380000114440918,7.449999809265137,2008000
2024-02-13,7.400000095367432,7.400000095367432,7.760000228881836,7.324999809265137,7.75,2427400
2024-02-14,7.920000076293945,7.920000076293945,7.940000057220459,7.545000076293945,7.599999904632568,2001800
2024-02-15,8.3100004196167,8.3100004196167,8.479999542236328,7.989999771118164,8.020000457763672,2005200
2024-02-16,8.149999618530273,8.149999618530273,8.239999771118164,8.039999961853027,8.180000305175781,1270800
2024-02-20,7.949999809265137,7.949999809265137,8.229999542236328,7.820000171661377,8.0,1288200
2024-02-21,8.010000228881836,8.010000228881836,8.097999572753906,7.619999885559082,7.949999809265137,1204600
2024-02-22,7.929999828338623,7.929999828338623,8.130000114440918,7.781000137329102,8.0,1568500
2024-02-23,7.809999942779541,7.809999942779541,7.920000076293945,7.675000190734863,7.889999866485596,1047000
2024-02-26,8.0600004196167,8.0600004196167,8.170000076293945,7.670000076293945,7.670000076293945,1499100
2024-02-27,8.859999656677246,8.859999656677246,9.015000343322754,8.149999618530273,8.300000190734863,3199600
2024-02-28,11.069999694824219,11.069999694824219,11.579999923706055,9.579999923706055,10.239999771118164,7179800
2024-02-29,10.0600004196167,10.0600004196167,11.380000114440918,10.020000457763672,11.289999961853027,3876500
2024-03-01,10.529999732971191,10.529999732971191,11.055000305175781,9.970000267028809,10.079999923706055,2700200
2024-03-04,9.920000076293945,9.920000076293945,10.729000091552734,9.770000457763672,10.569999694824219,1964600
2024-03-05,9.140000343322754,9.140000343322754,9.949999809265137,9.050000190734863,9.770000457763672,2417000
2024-03-06,9.079999923706055,9.079999923706055,9.40999984741211,8.944999694824219,9.210000038146973,1868200
2024-03-07,8.850000381469727,8.850000381469727,9.34000015258789,8.6899995803833,9.15999984741211,2198500
2024-03-08,9.15999984741211,9.15999984741211,9.329999923706055,8.78499984741211,8.994999885559082,1691000
2024-03-11,9.0,9.0,9.600000381469727,8.90999984741211,9.15999984741211,1598800
2024-03-12,8.609999656677246,8.609999656677246,9.079999923706055,8.579999923706055,9.020000457763672,1459400
2024-03-13,8.59000015258789,8.59000015258789,8.859999656677246,8.484999656677246,8.5600004196167,1329800
2024-03-14,8.149999618530273,8.149999618530273,8.585000038146973,8.074000358581543,8.5,1471400
2024-03-15,8.130000114440918,8.130000114440918,8.3100004196167,8.050000190734863,8.149999618530273,6638500
2024-03-18,7.71999979019165,7.71999979019165,8.149999618530273,7.699999809265137,8.100000381469727,2658300
2024-03-19,7.75,7.75,7.980000019073486,7.599999904632568,7.679999828338623,1993400
2024-03-20,7.920000076293945,7.920000076293945,8.119999885559082,7.590000152587891,7.670000076293945,2354300
2024-03-21,7.829999923706055,7.829999923706055,8.4399995803833,7.809999942779541,8.0,1985800
2024-03-22,7.46999979019165,7.46999979019165,7.775000095367432,7.440000057220459,7.760000228881836,1267900
2024-03-25,7.360000133514404,7.360000133514404,7.59499979019165,7.320000171661377,7.460000038146973,1171100
2024-03-26,7.21999979019165,7.21999979019165,7.585000038146973,7.199999809265137,7.460000038146973,1850800
2024-03-27,7.440000057220459,7.440000057220459,7.53000020980835,7.184999942779541,7.309999942779541,1281400
2024-03-28,7.420000076293945,7.420000076293945,7.519999980926514,7.364999771118164,7.460000038146973,1561200
2024-04-01,7.28000020980835,7.28000020980835,7.409999847412109,7.144999980926514,7.409999847412109,1246900
2024-04-02,6.869999885559082,6.869999885559082,7.130000114440918,6.860000133514404,7.119999885559082,2221400
2024-04-03,6.860000133514404,6.860000133514404,7.025000095367432,6.6539998054504395,6.820000171661377,1812600
2024-04-04,6.809999942779541,6.809999942779541,7.090000152587891,6.769999980926514,7.0,2094800
2024-04-05,6.71999979019165,6.71999979019165,6.84499979019165,6.619999885559082,6.769999980926514,1255300
2024-04-08,6.71999979019165,6.71999979019165,6.869999885559082,6.679999828338623,6.739999771118164,1040300
2024-04-09,7.010000228881836,7.010000228881836,7.03000020980835,6.664999961853027,6.739999771118164,1568000
2024-04-10,6.630000114440918,6.630000114440918,6.800000190734863,6.539999961853027,6.800000190734863,2134900
2024-04-11,6.579999923706055,6.579999923706055,6.767000198364258,6.440000057220459,6.650000095367432,1476400
2024-04-12,6.210000038146973,6.210000038146973,6.53000020980835,6.130000114440918,6.53000020980835,2024600
2024-04-15,6.079999923706055,6.079999923706055,6.289999961853027,5.974999904632568,6.25,1771600
2024-04-16,5.849999904632568,5.849999904632568,6.03000020980835,5.849999904632568,5.980000019073486,1338800
2024-04-17,5.610000133514404,5.610000133514404,5.929999828338623,5.599999904632568,5.889999866485596,1910200
2024-04-18,5.550000190734863,5.550000190734863,5.679999828338623,5.511000156402588,5.599999904632568,1715600
2024-04-19,5.489999771118164,5.489999771118164,5.679999828338623,5.284999847412109,5.519999980926514,2264500
2024-04-22,5.599999904632568,5.599999904632568,5.789999961853027,5.380000114440918,5.590000152587891,1745100
2024-04-23,5.460000038146973,5.460000038146973,5.920000076293945,5.460000038146973,5.659999847412109,1648500
2024-04-24,5.349999904632568,5.349999904632568,5.590000152587891,5.28000020980835,5.510000228881836,1908300
2024-04-25,5.21999979019165,5.21999979019165,5.269999980926514,5.110000133514404,5.269999980926514,1543800
2024-04-26,5.320000171661377,5.320000171661377,5.394999980926514,5.130000114440918,5.25,1352000
2024-04-29,5.369999885559082,5.369999885559082,5.545000076293945,5.300000190734863,5.380000114440918,1266100
2024-04-30,5.210000038146973,5.210000038146973,5.360000133514404,5.199999809265137,5.329999923706055,1467400
2024-05-01,5.46999979019165,5.46999979019165,5.670000076293945,5.210000038146973,5.210000038146973,2617600
2024-05-02,5.619999885559082,5.619999885559082,5.639999866485596,5.409999847412109,5.539999961853027,1664400
2024-05-03,5.670000076293945,5.670000076293945,5.96999979019165,5.639999866485596,5.800000190734863,1613700
2024-05-06,5.659999847412109,5.659999847412109,5.78000020980835,5.550000190734863,5.730000019073486,1492900
2024-05-07,5.679999828338623,5.679999828338623,5.809999942779541,5.59499979019165,5.699999809265137,1567200
2024-05-08,5.034999847412109,5.034999847412109,5.400000095367432,4.909999847412109,5.400000095367432,4346900
2024-05-09,5.559999942779541,5.559999942779541,5.760000228881836,5.159999847412109,5.190000057220459,2718500
2024-05-10,5.320000171661377,5.320000171661377,5.690000057220459,5.25,5.519999980926514,1637600
2024-05-13,5.710000038146973,5.710000038146973,6.039999961853027,5.400000095367432,5.429999828338623,1925200
2024-05-14,5.679999828338623,5.679999828338623,6.179999828338623,5.670000076293945,5.860000133514404,1625900
2024-05-15,6.0,6.0,6.690000057220459,5.914999961853027,6.090000152587891,2445700
2024-05-16,5.889999866485596,5.889999866485596,6.125999927520752,5.800000190734863,6.019999980926514,1650200
2024-05-17,5.619999885559082,5.619999885559082,5.934999942779541,5.585000038146973,5.889999866485596,1741800
2024-05-20,5.519999980926514,5.519999980926514,5.71999979019165,5.485000133514404,5.679999828338623,1151700
2024-05-21,5.510000228881836,5.510000228881836,5.644999980926514,5.380000114440918,5.489999771118164,1557100
2024-05-22,6.019999980926514,6.019999980926514,6.179999828338623,5.505000114440918,5.510000228881836,2764000
2024-05-23,5.829999923706055,5.829999923706055,6.051000118255615,5.65500020980835,6.010000228881836,2710700
2024-05-24,5.630000114440918,5.630000114440918,5.960000038146973,5.589000225067139,5.889999866485596,1304600
2024-05-28,5.320000171661377,5.320000171661377,5.800000190734863,5.255000114440918,5.71999979019165,1716200
2024-05-29,5.099999904632568,5.099999904632568,5.239999771118164,4.989999771118164,5.239999771118164,1874700
2024-05-30,5.170000076293945,5.170000076293945,5.380000114440918,5.050000190734863,5.150000095367432,1745100
2024-05-31,5.199999809265137,5.199999809265137,5.420000076293945,5.159999847412109,5.190000057220459,2430000
2024-06-03,5.409999847412109,5.409999847412109,5.684999942779541,5.269999980926514,5.28000020980835,2194700
2024-06-04,5.75,5.75,5.809999942779541,5.349999904632568,5.409999847412109,2449900
2024-06-05,5.599999904632568,5.599999904632568,5.929999828338623,5.474999904632568,5.809999942779541,2096200
2024-06-06,5.429999828338623,5.429999828338623,5.610000133514404,5.400000095367432,5.570000171661377,1132800
2024-06-07,5.300000190734863,5.300000190734863,5.414999961853027,5.264999866485596,5.389999866485596,1460500
2024-06-10,5.320000171661377,5.320000171661377,5.329999923706055,5.039999961853027,5.199999809265137,1976400
2024-06-11,5.429999828338623,5.429999828338623,5.519999980926514,5.130000114440918,5.300000190734863,1507300
2024-06-12,6.039999961853027,6.039999961853027,6.21999979019165,5.650000095367432,5.710000038146973,3278700
2024-06-13,5.489999771118164,5.489999771118164,6.070000171661377,5.489999771118164,5.980000019073486,2075300
2024-06-14,5.059999942779541,5.059999942779541,5.489999771118164,5.03000020980835,5.460000038146973,3328600
2024-06-17,5.070000171661377,5.070000171661377,5.110000133514404,4.815000057220459,5.110000133514404,3422400
2024-06-18,5.039999961853027,5.039999961853027,5.309999942779541,4.965000152587891,5.289999961853027,3576400
2024-06-20,5.039999961853027,5.039999961853027,5.110000133514404,4.889999866485596,5.059999942779541,2327100
2024-06-21,5.110000133514404,5.110000133514404,5.230000019073486,4.989999771118164,5.059999942779541,9039400
2024-06-24,5.079999923706055,5.079999923706055,5.389999866485596,5.031000137329102,5.150000095367432,1860000
2024-06-25,4.96999979019165,4.96999979019165,5.125,4.940000057220459,5.039999961853027,2220000
2024-06-26,4.809999942779541,4.809999942779541,4.978000164031982,4.78000020980835,4.96999979019165,2126500
2024-06-27,4.739999771118164,4.739999771118164,4.849999904632568,4.684999942779541,4.829999923706055,2286600
2024-06-28,4.670000076293945,4.670000076293945,4.829999923706055,4.590000152587891,4.760000228881836,3931800
2024-07-01,4.610000133514404,4.610000133514404,4.860000133514404,4.570000171661377,4.659999847412109,1733400
2024-07-02,4.539999961853027,4.539999961853027,4.630000114440918,4.449999809265137,4.610000133514404,1545900
2024-07-03,4.659999847412109,4.659999847412109,4.739999771118164,4.559999942779541,4.599999904632568,988000
2024-07-05,4.590000152587891,4.590000152587891,4.659999847412109,4.474999904632568,4.659999847412109,1289700
2024-07-08,4.820000171661377,4.820000171661377,4.835000038146973,4.599999904632568,4.599999904632568,2167700
2024-07-09,4.909999847412109,4.909999847412109,4.949999809265137,4.724999904632568,4.809999942779541,1276100
2024-07-10,5.079999923706055,5.079999923706055,5.090000152587891,4.885000228881836,4.909999847412109,1151600
2024-07-11,5.46999979019165,5.46999979019165,5.53000020980835,5.210000038146973,5.239999771118164,2328600
2024-07-12,5.539999961853027,5.539999961853027,5.760000228881836,5.389999866485596,5.59499979019165,1645400
2024-07-15,5.610000133514404,5.610000133514404,5.690000057220459,5.425000190734863,5.559999942779541,2022500
2024-07-16,5.960000038146973,5.960000038146973,6.050000190734863,5.670000076293945,5.690000057220459,2316600
2024-07-17,5.71999979019165,5.71999979019165,5.909999847412109,5.485000133514404,5.78000020980835,1791400
2024-07-18,5.300000190734863,5.300000190734863,5.730000019073486,5.25,5.710000038146973,1522400
2024-07-19,5.0,5.0,5.320000171661377,4.949999809265137,5.300000190734863,1805500
2024-07-22,5.210000038146973,5.210000038146973,5.244999885559082,4.914999961853027,5.079999923706055,1853400
2024-07-23,5.610000133514404,5.610000133514404,5.650000095367432,5.170000076293945,5.170000076293945,1586500
2024-07-24,5.340000152587891,5.340000152587891,5.739999771118164,5.324999809265137,5.570000171661377,1109700
2024-07-25,5.570000171661377,5.570000171661377,5.78000020980835,5.300000190734863,5.349999904632568,1290700
2024-07-26,5.650000095367432,5.650000095367432,5.849999904632568,5.510000228881836,5.71999979019165,1016300
2024-07-29,5.400000095367432,5.400000095367432,5.71999979019165,5.281000137329102,5.679999828338623,1815100
2024-07-30,5.420000076293945,5.420000076293945,5.639999866485596,5.349999904632568,5.449999809265137,1144700
2024-07-31,5.409999847412109,5.409999847412109,5.704999923706055,5.210000038146973,5.389999866485596,1263800
2024-08-01,5.139999866485596,5.139999866485596,5.445000171661377,5.054999828338623,5.409999847412109,1421800
2024-08-02,5.0,5.0,5.085000038146973,4.885000228881836,4.989999771118164,1852300
2024-08-05,4.730000019073486,4.730000019073486,4.789999961853027,4.340000152587891,4.5,1915800
2024-08-06,4.679999828338623,4.679999828338623,4.760000228881836,4.579999923706055,4.760000228881836,1611400
2024-08-07,4.110000133514404,4.110000133514404,4.900000095367432,4.079999923706055,4.880000114440918,3081100
2024-08-08,4.204999923706055,4.204999923706055,4.440000057220459,4.130000114440918,4.369999885559082,1968000
2024-08-09,3.9700000286102295,3.9700000286102295,4.21999979019165,3.9200000762939453,4.210000038146973,1796100
2024-08-12,3.9200000762939453,3.9200000762939453,3.990000009536743,3.819999933242798,3.990000009536743,1425000
2024-08-13,3.990000009536743,3.990000009536743,4.050000190734863,3.930000066757202,3.9600000381469727,1041900
2024-08-14,3.740000009536743,3.740000009536743,4.03000020980835,3.7100000381469727,4.03000020980835,1717900
2024-08-15,4.0,4.0,4.099999904632568,3.809999942779541,3.809999942779541,1894700
2024-08-16,4.0,4.0,4.074999809265137,3.9200000762939453,3.9800000190734863,1012200
2024-08-19,4.099999904632568,4.099999904632568,4.190000057220459,3.994999885559082,4.010000228881836,1910000
2024-08-20,3.9600000381469727,3.9600000381469727,4.130000114440918,3.9049999713897705,4.130000114440918,1127800
2024-08-21,4.079999923706055,4.079999923706055,4.150000095367432,3.9549999237060547,4.010000228881836,1710600
2024-08-22,3.7899999618530273,3.7899999618530273,4.079999923706055,3.7799999713897705,4.079999923706055,1492500
2024-08-23,3.869999885559082,3.869999885559082,4.0,3.7699999809265137,3.819999933242798,1700200
2024-08-26,3.9200000762939453,3.9200000762939453,3.990000009536743,3.8499999046325684,3.9000000953674316,1037600
2024-08-27,3.819999933242798,3.819999933242798,3.930000066757202,3.7200000286102295,3.880000114440918,1334400
2024-08-28,3.680000066757202,3.680000066757202,3.809999942779541,3.619999885559082,3.7799999713897705,1644400
2024-08-29,3.7100000381469727,3.7100000381469727,3.7860000133514404,3.674999952316284,3.7200000286102295,1547300
2024-08-30,3.740000009536743,3.740000009536743,3.7750000953674316,3.6500000953674316,3.75,1136900
2024-09-03,3.490000009536743,3.490000009536743,3.7699999809265137,3.4649999141693115,3.7300000190734863,1695000
2024-09-04,3.5,3.5,3.555999994277954,3.4000000953674316,3.4700000286102295,1455700
2024-09-05,3.490000009536743,3.490000009536743,3.549999952316284,3.4200000762939453,3.5,1660100
2024-09-06,3.5899999141693115,3.5899999141693115,3.615000009536743,3.4000000953674316,3.490000009536743,1969900
2024-09-09,3.509999990463257,3.509999990463257,3.640000104904175,3.4800000190734863,3.640000104904175,1941700
2024-09-10,3.7699999809265137,3.7699999809265137,3.7890000343322754,3.444999933242798,3.5399999618530273,1841900
2024-09-11,3.7799999713897705,3.7799999713897705,3.7899999618530273,3.625,3.7300000190734863,1195800
2024-09-12,3.75,3.75,3.8399999141693115,3.634999990463257,3.7899999618530273,1123600
2024-09-13,3.950000047683716,3.950000047683716,3.9700000286102295,3.7799999713897705,3.7799999713897705,1292300
2024-09-16,3.8299999237060547,3.8299999237060547,3.9600000381469727,3.759999990463257,3.9600000381469727,1544200
2024-09-17,3.859999895095825,3.859999895095825,4.019999980926514,3.809999942779541,3.9100000858306885,3131400
2024-09-18,3.880000114440918,3.880000114440918,4.119999885559082,3.859999895095825,4.010000228881836,3101600
2024-09-19,3.9100000858306885,3.9100000858306885,4.110000133514404,3.8949999809265137,4.010000228881836,2498700
2024-09-20,3.7699999809265137,3.7699999809265137,3.890000104904175,3.6700000762939453,3.890000104904175,5770100
2024-09-23,3.6600000858306885,3.6600000858306885,3.75,3.5999999046325684,3.7300000190734863,2168400
2024-09-24,3.5299999713897705,3.5299999713897705,3.700000047683716,3.5,3.700000047683716,2243500
2024-09-25,3.390000104904175,3.390000104904175,3.5399999618530273,3.369999885559082,3.509999990463257,1641200
2024-09-26,3.490000009536743,3.490000009536743,3.5299999713897705,3.4049999713897705,3.4600000381469727,1693900
2024-09-27,3.4800000190734863,3.4800000190734863,3.630000114440918,3.424999952316284,3.5399999618530273,2061200
2024-09-30,3.4100000858306885,3.4100000858306885,3.615000009536743,3.390000104904175,3.4800000190734863,1546100
2024-10-01,3.2699999809265137,3.2699999809265137,3.440000057220459,3.2200000286102295,3.440000057220459,1773600
2024-10-02,3.2200000286102295,3.2200000286102295,3.319999933242798,3.180000066757202,3.2200000286102295,1788000
2024-10-03,3.200000047683716,3.200000047683716,3.244999885559082,3.1500000953674316,3.200000047683716,1920600
2024-10-04,3.380000114440918,3.380000114440918,3.4800000190734863,3.244999885559082,3.299999952316284,3074400
2024-10-07,3.2100000381469727,3.2100000381469727,3.4200000762939453,3.180000066757202,3.3399999141693115,1531000
2024-10-08,3.1700000762939453,3.1700000762939453,3.2300000190734863,3.130000114440918,3.200000047683716,1516900
2024-10-09,3.119999885559082,3.119999885559082,3.190000057220459,3.0950000286102295,3.1700000762939453,2627200
2024-10-10,2.9600000381469727,2.9600000381469727,3.109999895095825,2.9100000858306885,3.0899999141693115,2588800
2024-10-11,3.190000057220459,3.190000057220459,3.190000057220459,2.9200000762939453,2.940000057220459,2265800
2024-10-14,3.240000009536743,3.240000009536743,3.25,3.0999999046325684,3.190000057220459,1541000
2024-10-15,3.359999895095825,3.359999895095825,3.4100000858306885,3.1649999618530273,3.240000009536743,1194800
2024-10-16,3.450000047683716,3.450000047683716,3.549999952316284,3.3610000610351562,3.380000114440918,1378500
2024-10-17,3.309999942779541,3.309999942779541,3.490000009536743,3.25,3.4600000381469727,1239400
2024-10-18,3.359999895095825,3.359999895095825,3.4089999198913574,3.315000057220459,3.319999933242798,860300
2024-10-21,3.759999990463257,3.759999990463257,3.799999952316284,3.2799999713897705,3.3499999046325684,4587400
2024-10-22,3.2899999618530273,3.2899999618530273,3.75,3.2300000190734863,3.75,3332900
2024-10-23,3.2100000381469727,3.2100000381469727,3.308000087738037,3.1649999618530273,3.2799999713897705,2392300
2024-10-24,3.180000066757202,3.180000066757202,3.2149999141693115,3.061000108718872,3.190000057220459,1692300
2024-10-25,3.180000066757202,3.180000066757202,3.3550000190734863,3.1700000762939453,3.1700000762939453,1170300
2024-10-28,3.259999990463257,3.259999990463257,3.319999933242798,3.190000057220459,3.190000057220459,1340600
2024-10-29,3.109999895095825,3.109999895095825,3.359999895095825,3.059999942779541,3.259999990463257,2198200
2024-10-30,3.0199999809265137,3.0199999809265137,3.1449999809265137,3.005000114440918,3.059999942779541,1693600
2024-10-31,2.9000000953674316,2.9000000953674316,3.0299999713897705,2.9000000953674316,3.0299999713897705,1966700
2024-11-01,2.9100000858306885,2.9100000858306885,3.0299999713897705,2.9000000953674316,2.9200000762939453,1876700
2024-11-04,2.880000114440918,2.880000114440918,3.075000047683716,2.700000047683716,2.9000000953674316,3952000
2024-11-05,3.119999885559082,3.119999885559082,3.1700000762939453,2.7899999618530273,2.859999895095825,2151600
2024-11-06,3.2799999713897705,3.2799999713897705,3.4000000953674316,3.059999942779541,3.3299999237060547,4225900
2024-11-07,3.1700000762939453,3.1700000762939453,3.299999952316284,3.109999895095825,3.2699999809265137,2078700
2024-11-08,3.119999885559082,3.119999885559082,3.234999895095825,3.069999933242798,3.1600000858306885,1652800
2024-11-11,3.299999952316284,3.299999952316284,3.375,3.1500000953674316,3.1700000762939453,2253400
2024-11-12,3.069999933242798,3.069999933242798,3.252000093460083,3.0450000762939453,3.25,1509400
2024-11-13,2.9600000381469727,2.9600000381469727,3.200000047683716,2.950000047683716,3.1500000953674316,1224500
2024-11-14,2.7699999809265137,2.7699999809265137,2.9800000190734863,2.759999990463257,2.9600000381469727,1708300
2024-11-15,2.6600000858306885,2.6600000858306885,2.799999952316284,2.5899999141693115,2.799999952316284,2502600
2024-11-18,2.5199999809265137,2.5199999809265137,2.690000057220459,2.509999990463257,2.690000057220459,2108500
2024-11-19,2.4800000190734863,2.4800000190734863,2.559999942779541,2.4700000286102295,2.509999990463257,2090400
2024-11-20,2.4100000858306885,2.4100000858306885,2.4749999046325684,2.3499999046325684,2.4700000286102295,2817500
2024-11-21,2.369999885559082,2.369999885559082,2.4700000286102295,2.299999952316284,2.450000047683716,2893100
2024-11-22,2.440000057220459,2.440000057220459,2.5350000858306885,2.3299999237060547,2.390000104904175,2277400
2024-11-25,2.380000114440918,2.380000114440918,2.5299999713897705,2.3450000286102295,2.4100000858306885,5651400
2024-11-26,2.2100000381469727,2.2100000381469727,2.3399999141693115,2.134999990463257,2.3350000381469727,3228300
2024-11-27,2.200000047683716,2.200000047683716,2.2799999713897705,2.180000066757202,2.240000009536743,1641300
2024-11-29,2.240000009536743,2.240000009536743,2.2799999713897705,2.2049999237060547,2.240000009536743,1402900
2024-12-02,2.190000057220459,2.190000057220459,2.2699999809265137,2.125,2.25,2371000
2024-12-03,1.9800000190734863,1.9800000190734863,2.186000108718872,1.9700000286102295,2.180000066757202,2726200
2024-12-04,1.9900000095367432,1.9900000095367432,2.049999952316284,1.9500000476837158,1.9700000286102295,2380800
2024-12-05,1.909999966621399,1.909999966621399,2.009999990463257,1.8899999856948853,1.9800000190734863,2223500
2024-12-06,2.140000104904175,2.140000104904175,2.140000104904175,1.8899999856948853,1.9500000476837158,2789200
2024-12-09,2.2300000190734863,2.2300000190734863,2.365000009536743,2.1600000858306885,2.1600000858306885,2462900
2024-12-10,2.0999999046325684,2.0999999046325684,2.2300000190734863,2.0999999046325684,2.2200000286102295,1582500
2024-12-11,1.9900000095367432,1.9900000095367432,2.1429998874664307,1.899999976158142,2.0899999141693115,2800400
2024-12-12,1.8899999856948853,1.8899999856948853,2.0,1.8600000143051147,2.0,3590900
2024-12-13,1.440000057220459,1.440000057220459,1.7699999809265137,1.409999966621399,1.75,10559600
2024-12-16,1.4800000190734863,1.4800000190734863,1.6100000143051147,1.3910000324249268,1.440000057220459,4993000
2024-12-17,1.5199999809265137,1.5199999809265137,1.5499999523162842,1.440000057220459,1.5,2862900
2024-12-18,1.3450000286102295,1.3450000286102295,1.5199999809265137,1.3300000429153442,1.5199999809265137,3134800
2024-12-19,1.340000033378601,1.340000033378601,1.399999976158142,1.2799999713897705,1.399999976158142,2465200
2024-12-20,1.309999942779541,1.309999942779541,1.3799999952316284,1.2799999713897705,1.3300000429153442,4216700
2024-12-23,1.25,1.25,1.340000033378601,1.2400000095367432,1.3200000524520874,2657600
2024-12-24,1.2100000381469727,1.2100000381469727,1.2599999904632568,1.2000000476837158,1.2400000095367432,1580600
2024-12-26,1.2300000190734863,1.2300000190734863,1.25,1.159999966621399,1.190000057220459,2680300
2024-12-27,1.2100000381469727,1.2100000381469727,1.340000033378601,1.1799999475479126,1.2300000190734863,2803000
2024-12-30,1.2000000476837158,1.2000000476837158,1.2699999809265137,1.1699999570846558,1.2599999904632568,2978000
2024-12-31,1.2699999809265137,1.2699999809265137,1.2899999618530273,1.190000057220459,1.215000033378601,3218200
2025-01-02,1.309999942779541,1.309999942779541,1.4149999618530273,1.2599999904632568,1.2699999809265137,2873000
2025-01-03,1.340000033378601,1.340000033378601,1.350000023841858,1.2599999904632568,1.3200000524520874,2456100
2025-01-06,1.4299999475479126,1.4299999475479126,1.5149999856948853,1.3350000381469727,1.399999976158142,3460100
2025-01-07,1.4500000476837158,1.4500000476837158,1.5700000524520874,1.4500000476837158,1.4600000381469727,5107400
2025-01-08,1.340000033378601,1.340000033378601,1.4800000190734863,1.3300000429153442,1.4700000286102295,1923700
2025-01-10,1.2599999904632568,1.2599999904632568,1.340000033378601,1.2300000190734863,1.3300000429153442,2539600
2025-01-13,1.159999966621399,1.159999966621399,1.2400000095367432,1.159999966621399,1.2400000095367432,3163200
2025-01-14,1.1399999856948853,1.1399999856948853,1.190000057220459,1.1200000047683716,1.159999966621399,1969000
2025-01-15,1.2200000286102295,1.2200000286102295,1.2899999618530273,1.190000057220459,1.2000000476837158,2505700
2025-01-16,1.2400000095367432,1.2400000095367432,1.2649999856948853,1.1649999618530273,1.2200000286102295,1471200
2025-01-17,1.2200000286102295,1.2200000286102295,1.2699999809265137,1.2050000429153442,1.2599999904632568,1241700
2025-01-21,1.2100000381469727,1.2100000381469727,1.25,1.149999976158142,1.2300000190734863,2168300
2025-01-22,1.340000033378601,1.340000033378601,1.3899999856948853,1.190000057220459,1.190000057220459,4665000
2025-01-23,1.409999966621399,1.409999966621399,1.4249999523162842,1.2799999713897705,1.3700000047683716,3182700
2025-01-24,1.3799999952316284,1.3799999952316284,1.4800000190734863,1.340000033378601,1.409999966621399,2549400
2025-01-27,1.409999966621399,1.409999966621399,1.4450000524520874,1.3200000524520874,1.340000033378601,2357200
2025-01-28,1.4199999570846558,1.4199999570846558,1.4500000476837158,1.3200000524520874,1.399999976158142,1747100
2025-01-29,1.340000033378601,1.340000033378601,1.4500000476837158,1.3350000381469727,1.409999966621399,1336900
2025-01-30,1.3700000047683716,1.3700000047683716,1.4299999475479126,1.3300000429153442,1.3799999952316284,1341600
2025-01-31,1.309999942779541,1.309999942779541,1.409999966621399,1.2899999618530273,1.3899999856948853,1275400
2025-02-03,1.2699999809265137,1.2699999809265137,1.309999942779541,1.2200000286102295,1.2599999904632568,1419900
2025-02-04,1.2899999618530273,1.2899999618530273,1.3300000429153442,1.2549999952316284,1.2799999713897705,1362000
2025-02-05,1.3700000047683716,1.3700000047683716,1.3799999952316284,1.2899999618530273,1.2999999523162842,1040500
2025-02-06,1.2999999523162842,1.2999999523162842,1.399999976158142,1.2999999523162842,1.3899999856948853,1382200
2025-02-07,1.25,1.25,1.3200000524520874,1.2400000095367432,1.2999999523162842,1338400
2025-02-10,1.2000000476837158,1.2000000476837158,1.2649999856948853,1.2000000476837158,1.25,1503200
2025-02-11,1.1799999475479126,1.1799999475479126,1.2100000381469727,1.1200000047683716,1.2000000476837158,1881000
2025-02-12,1.190000057220459,1.190000057220459,1.2200000286102295,1.149999976158142,1.1699999570846558,1402600
2025-02-13,1.2300000190734863,1.2300000190734863,1.25,1.1699999570846558,1.2000000476837158,1131100
2025-02-14,1.3799999952316284,1.3799999952316284,1.4800000190734863,1.2400000095367432,1.2400000095367432,8949400
2025-02-18,1.7400000095367432,1.7400000095367432,1.7599999904632568,1.409999966621399,1.409999966621399,9878900
2025-02-19,3.200000047683716,3.200000047683716,3.299999952316284,1.7699999809265137,1.8600000143051147,49891300
2025-02-20,2.059999942779541,2.059999942779541,2.859999895095825,2.0199999809265137,2.809999942779541,16539900
2025-02-21,1.9199999570846558,1.9199999570846558,2.4000000953674316,1.8899999856948853,2.4000000953674316,9469300
2025-02-24,2.009999990463257,2.009999990463257,2.1549999713897705,1.75,1.8899999856948853,7679500
2025-02-25,1.8600000143051147,1.8600000143051147,1.9800000190734863,1.7999999523162842,1.9199999570846558,3076900
2025-02-26,1.840000033378601,1.840000033378601,1.9500000476837158,1.8200000524520874,1.8899999856948853,1744600
2025-02-27,1.8300000429153442,1.8300000429153442,2.2899999618530273,1.7999999523162842,1.8350000381469727,7794500
2025-02-28,1.9199999570846558,1.9199999570846558,1.9199999570846558,1.7200000286102295,1.7799999713897705,3728000
2025-03-03,1.7699999809265137,1.7699999809265137,1.9700000286102295,1.7549999952316284,1.9700000286102295,2455500
2025-03-04,1.7599999904632568,1.7599999904632568,1.809999942779541,1.649999976158142,1.7300000190734863,2844300
2025-03-05,2.049999952316284,2.049999952316284,2.25,1.815000057220459,1.850000023841858,9165600
2025-03-06,1.7799999713897705,1.7799999713897705,2.0199999809265137,1.7109999656677246,1.9299999475479126,4036500
2025-03-07,1.7200000286102295,1.7200000286102295,1.8289999961853027,1.6710000038146973,1.7699999809265137,1914200
2025-03-10,1.559999942779541,1.559999942779541,1.690000057220459,1.5199999809265137,1.659999966621399,3115800
2025-03-11,1.4700000286102295,1.4700000286102295,1.5800000429153442,1.3600000143051147,1.5700000524520874,2966500
2025-03-12,1.5099999904632568,1.5099999904632568,1.5399999618530273,1.409999966621399,1.4900000095367432,1762500
2025-03-13,1.3700000047683716,1.3700000047683716,1.559999942779541,1.3600000143051147,1.5,2066600
2025-03-14,1.4600000381469727,1.4600000381469727,1.5,1.399999976158142,1.4299999475479126,1676300
2025-03-17,1.409999966621399,1.409999966621399,1.440000057220459,1.309999942779541,1.4299999475479126,2788400
2025-03-18,1.315000057220459,1.315000057220459,1.440000057220459,1.309999942779541,1.409999966621399,1555300
2025-03-19,1.3899999856948853,1.3899999856948853,1.409999966621399,1.3200000524520874,1.3300000429153442,1276300
2025-03-20,1.3700000047683716,1.3700000047683716,1.4199999570846558,1.3300000429153442,1.3799999952316284,1483200
2025-03-21,1.309999942779541,1.309999942779541,1.3300000429153442,1.2599999904632568,1.2999999523162842,2906200
2025-03-24,1.3899999856948853,1.3899999856948853,1.3899999856948853,1.309999942779541,1.350000023841858,2034200
2025-03-25,1.2999999523162842,1.2999999523162842,1.3899999856948853,1.2799999713897705,1.3799999952316284,1378100
2025-03-26,1.2699999809265137,1.2699999809265137,1.309999942779541,1.2400000095367432,1.309999942779541,1359700
2025-03-27,1.2999999523162842,1.2999999523162842,1.3200000524520874,1.2599999904632568,1.2799999713897705,1359400
2025-03-28,1.25,1.25,1.3109999895095825,1.2400000095367432,1.309999942779541,1159100
2025-03-31,1.159999966621399,1.159999966621399,1.2400000095367432,1.149999976158142,1.2400000095367432,2123200
2025-04-01,1.1299999952316284,1.1299999952316284,1.1799999475479126,1.1200000047683716,1.149999976158142,2127600
2025-04-02,1.1799999475479126,1.1799999475479126,1.225000023841858,1.1200000047683716,1.1399999856948853,1803000
2025-04-03,1.1200000047683716,1.1200000047683716,1.1469999551773071,1.1100000143051147,1.1299999952316284,1972300
2025-04-04,1.0299999713897705,1.0299999713897705,1.149999976158142,1.0199999809265137,1.1100000143051147,3128500
2025-04-07,1.0,1.0,1.0499999523162842,0.9100000262260437,1.0099999904632568,4830200
2025-04-08,0.9800000190734863,0.9800000190734863,1.0700000524520874,0.9549999833106995,1.0399999618530273,2712400
2025-04-09,1.149999976158142,1.149999976158142,1.1799999475479126,0.949999988079071,0.9800000190734863,2825300
2025-04-10,1.1100000143051147,1.1100000143051147,1.1299999952316284,1.0399999618530273,1.1299999952316284,1527100
2025-04-11,1.2999999523162842,1.2999999523162842,1.2999999523162842,1.0800000429153442,1.100000023841858,3132200
2025-04-14,1.3200000524520874,1.3200000524520874,1.3300000429153442,1.1799999475479126,1.3300000429153442,1975600
2025-04-15,1.350000023841858,1.350000023841858,1.4500000476837158,1.2999999523162842,1.2999999523162842,1848200
2025-04-16,1.2699999809265137,1.2699999809265137,1.340000033378601,1.25,1.340000033378601,1286100
2025-04-17,1.2799999713897705,1.2799999713897705,1.305999994277954,1.25,1.2799999713897705,743500
2025-04-21,1.3300000429153442,1.3300000429153442,1.399999976158142,1.2300000190734863,1.2599999904632568,1793400
2025-04-22,1.559999942779541,1.559999942779541,1.5750000476837158,1.375,1.3799999952316284,3535100
2025-04-23,1.559999942779541,1.559999942779541,1.690000057220459,1.5399999618530273,1.6299999952316284,2111400
2025-04-24,1.6100000143051147,1.6100000143051147,1.6200000047683716,1.4919999837875366,1.5499999523162842,1133500
2025-04-25,1.5399999618530273,1.5399999618530273,1.6100000143051147,1.4950000047683716,1.600000023841858,1076300
2025-04-28,1.5800000429153442,1.5800000429153442,1.7100000381469727,1.5299999713897705,1.5700000524520874,1929500
2025-04-29,1.5499999523162842,1.5499999523162842,1.6299999952316284,1.5099999904632568,1.5700000524520874,1081500
2025-04-30,1.649999976158142,1.649999976158142,1.6549999713897705,1.4500000476837158,1.5199999809265137,1510200
2025-05-01,1.6200000047683716,1.6200000047683716,1.659999966621399,1.565000057220459,1.659999966621399,1094500
2025-05-02,1.6399999856948853,1.6399999856948853,1.7300000190734863,1.600000023841858,1.600000023841858,1875200
2025-05-05,1.5399999618530273,1.5399999618530273,1.6490000486373901,1.5299999713897705,1.6200000047683716,795700
2025-05-06,1.3300000429153442,1.3300000429153442,1.5399999618530273,1.3200000524520874,1.5299999713897705,1769800
2025-05-07,1.3300000429153442,1.3300000429153442,1.399999976158142,1.309999942779541,1.3799999952316284,1949300
2025-05-08,1.3899999856948853,1.3899999856948853,1.4900000095367432,1.2899999618530273,1.3300000429153442,1948100
2025-05-09,1.4500000476837158,1.4500000476837158,1.5299999713897705,1.409999966621399,1.4199999570846558,2653700
2025-05-12,1.5399999618530273,1.5399999618530273,1.7649999856948853,1.4730000495910645,1.5499999523162842,3340100
2025-05-13,1.5,1.5,1.5800000429153442,1.4299999475479126,1.5499999523162842,2785200
2025-05-14,1.3799999952316284,1.3799999952316284,1.5099999904632568,1.350000023841858,1.5099999904632568,1875400
2025-05-15,1.3949999809265137,1.3949999809265137,1.4299999475479126,1.3600000143051147,1.399999976158142,970000
2025-05-16,1.5099999904632568,1.5099999904632568,1.5099999904632568,1.3450000286102295,1.409999966621399,1611900
2025-05-19,1.4900000095367432,1.4900000095367432,1.5399999618530273,1.4299999475479126,1.4900000095367432,1071000
2025-05-20,1.6399999856948853,1.6399999856948853,1.6699999570846558,1.475000023841858,1.4900000095367432,2379800
2025-05-21,1.5,1.5,1.628999948501587,1.472000002861023,1.590000033378601,1666400
2025-05-22,1.6200000047683716,1.6200000047683716,1.625,1.4850000143051147,1.4850000143051147,1389400
2025-05-23,1.5499999523162842,1.5499999523162842,1.590000033378601,1.5099999904632568,1.5399999618530273,952700
2025-05-27,1.649999976158142,1.649999976158142,1.784999966621399,1.565000057220459,1.590000033378601,2523300
2025-05-28,1.8700000047683716,1.8700000047683716,1.899999976158142,1.600000023841858,1.659999966621399,2735300
2025-05-29,1.8300000429153442,1.8300000429153442,1.9500000476837158,1.7649999856948853,1.8899999856948853,1554200
2025-05-30,1.7200000286102295,1.7200000286102295,1.809999942779541,1.7000000476837158,1.7999999523162842,1276200
2025-06-02,1.7699999809265137,1.7699999809265137,1.9199999570846558,1.75,1.7599999904632568,2166600
2025-06-03,1.8200000524520874,1.8200000524520874,1.8700000047683716,1.659999966621399,1.75,1658600
2025-06-04,1.8200000524520874,1.8200000524520874,1.850000023841858,1.7699999809265137,1.8200000524520874,866100
2025-06-05,1.7999999523162842,1.7999999523162842,1.9800000190734863,1.7300000190734863,1.7999999523162842,3176200
2025-06-06,1.909999966621399,1.909999966621399,1.9700000286102295,1.7999999523162842,1.809999942779541,2450900
2025-06-09,1.9299999475479126,1.9299999475479126,2.0199999809265137,1.8450000286102295,1.9800000190734863,1222400
2025-06-10,2.0999999046325684,2.0999999046325684,2.2300000190734863,1.9199999570846558,1.9800000190734863,2880400
2025-06-11,2.0299999713897705,2.0299999713897705,2.190000057220459,2.013000011444092,2.0999999046325684,2013100
2025-06-12,2.180000066757202,2.180000066757202,2.2950000762939453,1.9709999561309814,2.049999952316284,3205100
2025-06-13,1.9700000286102295,1.9700000286102295,2.115000009536743,1.940000057220459,2.0199999809265137,3051500
2025-06-16,2.1600000858306885,2.1600000858306885,2.200000047683716,1.934999942779541,2.005000114440918,2832800
2025-06-17,2.140000104904175,2.140000104904175,2.549999952316284,2.0999999046325684,2.309999942779541,5459000
2025-06-18,2.3499999046325684,2.3499999046325684,2.380000114440918,2.049999952316284,2.1700000762939453,3586600
2025-06-20,2.2200000286102295,2.2200000286102295,2.384999990463257,2.1500000953674316,2.3399999141693115,3068700
2025-06-23,2.0999999046325684,2.0999999046325684,2.240000009536743,2.0199999809265137,2.184999942779541,1787700
2025-06-24,2.25,2.25,2.309999942779541,2.1500000953674316,2.1500000953674316,3015800
2025-06-25,2.190000057220459,2.190000057220459,2.2899999618530273,2.140000104904175,2.259999990463257,2264900
2025-06-26,2.119999885559082,2.119999885559082,2.2200000286102295,2.075000047683716,2.2200000286102295,2318800
2025-06-27,2.2799999713897705,2.2799999713897705,2.3299999237060547,2.130000114440918,2.1500000953674316,5463000
2025-06-30,2.200000047683716,2.200000047683716,2.369999885559082,2.190000057220459,2.2799999713897705,2255900
2025-07-01,2.25,2.25,2.309999942779541,2.109999895095825,2.1600000858306885,1749800
2025-07-02,2.559999942779541,2.559999942779541,2.875,2.234999895095825,2.25,9568200
2025-07-03,2.569999933242798,2.569999933242798,2.75,2.509999990463257,2.630000114440918,1914800
2025-07-07,2.5399999618530273,2.5399999618530273,2.627000093460083,2.4800000190734863,2.5799999237060547,2142400
2025-07-08,2.859999895095825,2.859999895095825,3.069999933242798,2.5350000858306885,2.549999952316284,5701600
2025-07-09,3.0799999237060547,3.0799999237060547,3.240000009536743,2.9149999618530273,3.049999952316284,5606000
2025-07-10,3.059999942779541,3.059999942779541,3.180000066757202,2.990000009536743,3.115000009536743,2558900
2025-07-11,2.880000114440918,2.880000114440918,3.0899999141693115,2.799999952316284,3.059999942779541,2254200
2025-07-14,2.8499999046325684,2.8499999046325684,2.9649999141693115,2.740000009536743,2.8399999141693115,1268400
2025-07-15,2.75,2.75,2.9600000381469727,2.7249999046325684,2.880000114440918,1555800
2025-07-16,2.8399999141693115,2.8399999141693115,3.0199999809265137,2.700000047683716,2.7899999618530273,2561200
2025-07-17,2.7300000190734863,2.7300000190734863,2.890000104904175,2.700000047683716,2.8399999141693115,1848800
2025-07-18,2.759999990463257,2.759999990463257,2.869999885559082,2.6600000858306885,2.700000047683716,2537000
2025-07-21,3.1500000953674316,3.1500000953674316,3.390000104904175,2.7850000858306885,2.7850000858306885,5762700
2025-07-22,3.359999895095825,3.359999895095825,3.4200000762939453,3.0309998989105225,3.119999885559082,2616200
2025-07-23,3.4600000381469727,3.4600000381469727,3.5350000858306885,3.2799999713897705,3.4700000286102295,2467500
2025-07-24,3.259999990463257,3.259999990463257,3.5799999237060547,3.180000066757202,3.4600000381469727,2660200
2025-07-25,3.1500000953674316,3.1500000953674316,3.2799999713897705,3.0999999046325684,3.2799999713897705,1275200
2025-07-28,2.9600000381469727,2.9600000381469727,3.190000057220459,2.940000057220459,3.1600000858306885,1809700
2025-07-29,2.5899999141693115,2.5899999141693115,2.990000009536743,2.5450000762939453,2.9749999046325684,3819700
2025-07-30,2.5199999809265137,2.5199999809265137,2.7149999141693115,2.5,2.634999990463257,2314700
2025-07-31,2.509999990463257,2.509999990463257,2.575000047683716,2.4000000953674316,2.490000009536743,2135800
2025-08-01,2.440000057220459,2.440000057220459,2.490000009536743,2.369999885559082,2.4800000190734863,1622100
2025-08-04,2.559999942779541,2.559999942779541,2.609999895095825,2.440000057220459,2.4600000381469727,1346600
2025-08-05,2.5999999046325684,2.5999999046325684,2.6649999618530273,2.4700000286102295,2.630000114440918,1618400
2025-08-06,2.5299999713897705,2.5299999713897705,2.630000114440918,2.4700000286102295,2.5999999046325684,1158800
2025-08-07,2.490000009536743,2.490000009536743,2.5799999237060547,2.450000047683716,2.5799999237060547,874700
2025-08-08,2.2100000381469727,2.2100000381469727,2.5199999809265137,2.200000047683716,2.515000104904175,2274900
2025-08-11,2.200000047683716,2.200000047683716,2.2200000286102295,2.069999933242798,2.130000114440918,1636700
2025-08-12,2.2899999618530273,2.2899999618530273,2.325000047683716,2.180000066757202,2.2200000286102295,1287600
2025-08-13,3.0799999237060547,3.0799999237060547,3.1700000762939453,2.440000057220459,2.450000047683716,7749200
2025-08-14,2.9600000381469727,2.9600000381469727,3.1050000190734863,2.890000104904175,2.930000066757202,2275200
2025-08-15,3.0299999713897705,3.0299999713897705,3.0999999046325684,2.8399999141693115,3.049999952316284,3198000
2025-08-18,2.7300000190734863,2.7300000190734863,3.0799999237060547,2.7300000190734863,3.0799999237060547,1850300
2025-08-19,2.630000114440918,2.630000114440918,2.7170000076293945,2.5999999046325684,2.7100000381469727,1471500
2025-08-20,2.6700000762939453,2.6700000762939453,2.7699999809265137,2.619999885559082,2.619999885559082,926500
2025-08-21,2.7300000190734863,2.7300000190734863,2.7699999809265137,2.630000114440918,2.630000114440918,849200
2025-08-22,2.799999952316284,2.799999952316284,2.9210000038146973,2.7320001125335693,2.740000009536743,1466100
2025-08-25,2.7200000286102295,2.7200000286102295,2.9000000953674316,2.7049999237060547,2.819999933242798,1035400
2025-08-26,2.7300000190734863,2.7300000190734863,2.75,2.6549999713897705,2.7200000286102295,673200
2025-08-27,2.6700000762939453,2.6700000762939453,2.765000104904175,2.6600000858306885,2.7300000190734863,614000
2025-08-28,2.6500000953674316,2.6500000953674316,2.7809998989105225,2.640000104904175,2.690000057220459,756900
2025-08-29,2.569999933242798,2.569999933242798,2.694999933242798,2.4839999675750732,2.6500000953674316,1147200
2025-09-02,2.4700000286102295,2.4700000286102295,2.6600000858306885,2.4649999141693115,2.5199999809265137,1307000
2025-09-03,2.5,2.5,2.7200000286102295,2.490000009536743,2.5299999713897705,1684800
2025-09-04,2.5199999809265137,2.5199999809265137,2.5399999618530273,2.390000104904175,2.5399999618530273,1181400
2025-09-05,2.759999990463257,2.759999990463257,2.759999990463257,2.490000009536743,2.549999952316284,1997500
2025-09-08,2.7899999618530273,2.7899999618530273,2.8399999141693115,2.7200000286102295,2.7699999809265137,1486900
2025-09-09,2.759999990463257,2.759999990463257,2.819999933242798,2.690000057220459,2.7699999809265137,1254300
2025-09-10,2.559999942779541,2.559999942779541,2.759999990463257,2.559999942779541,2.759999990463257,1561800
2025-09-11,2.7100000381469727,2.7100000381469727,2.75,2.555000066757202,2.559999942779541,1232300
2025-09-12,2.690000057220459,2.690000057220459,2.740000009536743,2.6500000953674316,2.7200000286102295,1101600
2025-09-15,2.6700000762939453,2.6700000762939453,2.7890000343322754,2.6029999256134033,2.7200000286102295,1136400
2025-09-16,2.8299999237060547,2.8299999237060547,2.875,2.5350000858306885,2.6700000762939453,2574400
2025-09-17,2.7200000286102295,2.7200000286102295,2.9000000953674316,2.7100000381469727,2.809999942779541,1464900
2025-09-18,3.0,3.0,3.072999954223633,2.7899999618530273,2.7899999618530273,3778500
2025-09-19,2.8299999237060547,2.8299999237060547,3.0799999237060547,2.809999942779541,3.0399999618530273,2950600
2025-09-22,3.0,3.0,3.0490000247955322,2.6700000762939453,2.8299999237060547,2804900
2025-09-23,3.009999990463257,3.009999990463257,3.140000104904175,2.9700000286102295,3.0199999809265137,3095500
2025-09-24,3.369999885559082,3.369999885559082,3.575000047683716,3.0,3.0199999809265137,6637100
2025-09-25,3.2300000190734863,3.2300000190734863,3.369999885559082,3.1700000762939453,3.319999933242798,2692600
2025-09-26,3.240000009536743,3.240000009536743,3.259999990463257,3.009999990463257,3.2100000381469727,2402700
2025-09-29,3.5199999809265137,3.5199999809265137,3.5199999809265137,3.1700000762939453,3.2899999618530273,4100900
2025-09-30,3.4700000286102295,3.4700000286102295,3.619999885559082,3.359999895095825,3.5,2589100
2025-10-01,3.549999952316284,3.549999952316284,3.7049999237060547,3.450000047683716,3.4600000381469727,3535500
2025-10-02,3.890000104904175,3.890000104904175,3.9200000762939453,3.559999942779541,3.569999933242798,5036600
2025-10-03,3.9200000762939453,3.9200000762939453,4.050000190734863,3.7699999809265137,3.9700000286102295,3333000
2025-10-06,3.799999952316284,3.799999952316284,4.070000171661377,3.7899999618530273,3.9800000190734863,2519500
2025-10-07,3.930000066757202,3.930000066757202,3.993000030517578,3.680000066757202,3.819999933242798,2757200
2025-10-08,4.150000095367432,4.150000095367432,4.5370001792907715,3.8499999046325684,3.950000047683716,6247400
2025-10-09,4.079999923706055,4.079999923706055,4.269999980926514,4.019999980926514,4.210000038146973,2721500
2025-10-10,3.7200000286102295,3.7200000286102295,4.289999961853027,3.694999933242798,4.21999979019165,3531500
2025-10-13,3.559999942779541,3.559999942779541,3.8399999141693115,3.5299999713897705,3.8399999141693115,2113100
2025-10-14,3.5899999141693115,3.5899999141693115,3.7200000286102295,3.319999933242798,3.440000057220459,2113000
2025-10-15,4.059999942779541,4.059999942779541,4.170000076293945,3.680000066757202,3.680000066757202,4858200
2025-10-16,3.9600000381469727,3.9600000381469727,4.329999923706055,3.9100000858306885,4.110000133514404,2663000
2025-10-17,3.7699999809265137,3.7699999809265137,3.9800000190734863,3.640000104904175,3.859999895095825,1903800
2025-10-20,4.139999866485596,4.139999866485596,4.275000095367432,3.799999952316284,3.799999952316284,4064700
2025-10-21,3.880000114440918,3.880000114440918,4.210000038146973,3.859999895095825,4.099999904632568,2548200
2025-10-22,3.569999933242798,3.569999933242798,3.869999885559082,3.4800000190734863,3.869999885559082,3334100
2025-10-23,3.6500000953674316,3.6500000953674316,3.7699999809265137,3.575000047683716,3.700000047683716,1338200
2025-10-24,3.7200000286102295,3.7200000286102295,3.869999885559082,3.7100000381469727,3.75,1626500
2025-10-27,3.25,3.25,3.619999885559082,3.1449999809265137,3.5450000762939453,6131800
2025-10-28,3.1700000762939453,3.1700000762939453,3.2899999618530273,3.109999895095825,3.259999990463257,1971200
2025-10-29,3.0399999618530273,3.0399999618530273,3.200000047683716,3.0350000858306885,3.1700000762939453,2039900
2025-10-30,3.009999990463257,3.009999990463257,3.065000057220459,2.940000057220459,3.0,1186200
2025-10-31,3.0799999237060547,3.0799999237060547,3.365000009536743,2.950000047683716,3.009999990463257,6380300
2025-11-03,3.059999942779541,3.059999942779541,3.109999895095825,2.869999885559082,3.109999895095825,2036300
2025-11-04,2.7799999713897705,2.7799999713897705,2.9800000190734863,2.7699999809265137,2.940000057220459,1599500
2025-11-05,2.7799999713897705,2.7799999713897705,2.8499999046325684,2.7100000381469727,2.7899999618530273,1515400
2025-11-06,2.690000057220459,2.690000057220459,2.7899999618530273,2.619999885559082,2.7699999809265137,2272400
2025-11-07,2.4700000286102295,2.4700000286102295,2.5899999141693115,2.3299999237060547,2.5899999141693115,3157400
2025-11-10,2.5199999809265137,2.5199999809265137,2.7049999237060547,2.4700000286102295,2.7049999237060547,2285300
2025-11-11,2.6600000858306885,2.6600000858306885,2.6700000762939453,2.4200000762939453,2.5899999141693115,1770300
2025-11-12,2.700000047683716,2.700000047683716,2.799999952316284,2.6500000953674316,2.700000047683716,2131300
2025-11-13,2.5399999618530273,2.5399999618530273,2.640000104904175,2.515000104904175,2.630000114440918,1742000
2025-11-14,2.5999999046325684,2.5999999046325684,2.690000057220459,2.450000047683716,2.4700000286102295,1769600
2025-11-17,2.5799999237060547,2.5799999237060547,2.6700000762939453,2.5,2.5899999141693115,1238300
2025-11-18,2.619999885559082,2.619999885559082,2.640000104904175,2.4509999752044678,2.559999942779541,1037500
2025-11-19,2.5199999809265137,2.5199999809265137,2.6549999713897705,2.509999990463257,2.640000104904175,1201300
2025-11-20,2.4700000286102295,2.4700000286102295,2.7300000190734863,2.4100000858306885,2.619999885559082,2100100
2025-11-21,2.4200000762939453,2.4200000762939453,2.4700000286102295,2.299999952316284,2.440000057220459,1983600
2025-11-24,2.5,2.5,2.549999952316284,2.4200000762939453,2.440000057220459,1310400
2025-11-25,2.390000104904175,2.390000104904175,2.5199999809265137,2.3499999046325684,2.5199999809265137,1227200
2025-11-26,2.4000000953674316,2.4000000953674316,2.4100000858306885,2.325000047683716,2.4000000953674316,1058900
2025-11-28,2.4100000858306885,2.4100000858306885,2.4100000858306885,2.3399999141693115,2.4000000953674316,1014500
2025-12-01,2.190000057220459,2.190000057220459,2.380000114440918,2.1600000858306885,2.369999885559082,1681400
2025-12-02,2.109999895095825,2.109999895095825,2.2300000190734863,2.0899999141693115,2.190000057220459,1940800
2025-12-03,2.365000009536743,2.365000009536743,2.369999885559082,2.119999885559082,2.140000104904175,1955500
2025-12-04,2.430000066757202,2.430000066757202,2.490000009536743,2.3269999027252197,2.3499999046325684,1574300
2025-12-05,2.4200000762939453,2.4200000762939453,2.5,2.380000114440918,2.450000047683716,1354600
2025-12-08,2.4200000762939453,2.4200000762939453,2.507999897003174,2.365000009536743,2.450000047683716,1091700
2025-12-09,2.440000057220459,2.440000057220459,2.4860000610351562,2.359999895095825,2.4100000858306885,1192100
2025-12-10,2.5999999046325684,2.5999999046325684,2.6649999618530273,2.359999895095825,2.430000066757202,2473400
2025-12-11,2.559999942779541,2.559999942779541,2.700000047683716,2.450000047683716,2.609999895095825,2132500
2025-12-12,2.5299999713897705,2.5299999713897705,2.5999999046325684,2.4649999141693115,2.569999933242798,2268200
2025-12-15,2.440000057220459,2.440000057220459,2.569999933242798,2.4000000953674316,2.549999952316284,1769300
2025-12-16,2.509999990463257,2.509999990463257,2.5850000381469727,2.424999952316284,2.4600000381469727,1349100
2025-12-17,2.369999885559082,2.369999885559082,2.609999895095825,2.3550000190734863,2.5199999809265137,1935500
2025-12-18,2.3499999046325684,2.3499999046325684,2.509999990463257,2.3299999237060547,2.4100000858306885,2103300
2025-12-19,2.3399999141693115,2.3399999141693115,2.4600000381469727,2.3399999141693115,2.369999885559082,2481200
2025-12-22,2.3299999237060547,2.3299999237060547,2.438999891281128,2.3299999237060547,2.359999895095825,1520700
2025-12-23,2.190000057220459,2.190000057220459,2.3299999237060547,2.119999885559082,2.309999942779541,2533200
2025-12-24,2.2100000381469727,2.2100000381469727,2.240000009536743,2.1700000762939453,2.1700000762939453,702300
2025-12-26,2.1700000762939453,2.1700000762939453,2.200000047683716,2.13100004196167,2.200000047683716,1260700
2025-12-29,2.0999999046325684,2.0999999046325684,2.1449999809265137,2.049999952316284,2.130000114440918,2009400
2025-12-30,2.0399999618530273,2.0399999618530273,2.130000114440918,2.0199999809265137,2.0899999141693115,1663300
2025-12-31,2.049999952316284,2.049999952316284,2.0899999141693115,2.0199999809265137,2.0399999618530273,1709700
2026-01-02,2.049999952316284,2.049999952316284,2.0799999237060547,1.9700000286102295,2.059999942779541,2073800
2026-01-05,1.9900000095367432,1.9900000095367432,2.119999885559082,1.9500000476837158,2.059999942779541,2199900
2026-01-06,2.140000104904175,2.140000104904175,2.1500000953674316,1.9950000047683716,2.009999990463257,2394800
2026-01-07,2.1600000858306885,2.1600000858306885,2.240000009536743,2.130000114440918,2.1600000858306885,2724400
2026-01-08,2.140000104904175,2.140000104904175,2.1500000953674316,2.069999933242798,2.1500000953674316,1234300
2026-01-09,2.069999933242798,2.069999933242798,2.200000047683716,2.059999942779541,2.1600000858306885,1068700
2026-01-12,2.130000114440918,2.130000114440918,2.140000104904175,1.9900000095367432,2.0999999046325684,1866900
2026-01-13,2.0899999141693115,2.0899999141693115,2.1419999599456787,2.0409998893737793,2.130000114440918,1322900
2026-01-14,2.2200000286102295,2.2200000286102295,2.2750000953674316,2.072000026702881,2.109999895095825,2925100
2026-01-15,2.0899999141693115,2.0899999141693115,2.2200000286102295,2.055000066757202,2.2200000286102295,1923500
2026-01-16,2.0299999713897705,2.0299999713897705,2.1050000190734863,2.0,2.0999999046325684,2201500
2026-01-20,2.0199999809265137,2.0199999809265137,2.059999942779541,1.9210000038146973,1.9900000095367432,1739000
2026-01-21,2.119999885559082,2.119999885559082,2.119999885559082,2.0199999809265137,2.0199999809265137,1992500
2026-01-22,2.380000114440918,2.380000114440918,2.430000066757202,2.109999895095825,2.140000104904175,3566800
2026-01-23,2.1600000858306885,2.1600000858306885,2.390000104904175,2.1500000953674316,2.380000114440918,2248500
2026-01-26,2.059999942779541,2.059999942779541,2.1600000858306885,2.049999952316284,2.1600000858306885,1377300
2026-01-27,2.109999895095825,2.109999895095825,2.1700000762939453,2.059999942779541,2.0799999237060547,1276800
2026-01-28,2.059999942779541,2.059999942779541,2.134999990463257,2.0199999809265137,2.130000114440918,1369100
2026-01-29,2.059999942779541,2.059999942779541,2.109999895095825,2.009999990463257,2.049999952316284,1325300
2026-01-30,1.9900000095367432,1.9900000095367432,2.065000057220459,1.9199999570846558,2.0299999713897705,1725500
2026-02-02,2.009999990463257,2.009999990463257,2.069999933242798,1.9500000476837158,1.9900000095367432,1544600
2026-02-03,2.059999942779541,2.059999942779541,2.109999895095825,1.965000033378601,2.0199999809265137,1633600
2026-02-04,1.9500000476837158,1.9500000476837158,2.065000057220459,1.9299999475479126,2.059999942779541,1364200
2026-02-05,1.6649999618530273,1.6649999618530273,1.9500000476837158,1.659999966621399,1.9199999570846558,2224800
2026-02-06,1.8200000524520874,1.8200000524520874,1.8450000286102295,1.7300000190734863,1.7799999713897705,1930400
2026-02-09,1.809999942779541,1.809999942779541,1.8300000429153442,1.7400000095367432,1.7899999618530273,1026000
2026-02-10,1.7799999713897705,1.7799999713897705,1.840000033378601,1.7699999809265137,1.8200000524520874,1228400
2026-02-11,1.7699999809265137,1.7699999809265137,1.809999942779541,1.7000000476837158,1.7899999618530273,963300
2026-02-12,1.6799999475479126,1.6799999475479126,1.809999942779541,1.6699999570846558,1.809999942779541,1550300
2026-02-13,1.7599999904632568,1.7599999904632568,1.8270000219345093,1.690000057220459,1.7000000476837158,1330200
2026-02-17,1.7400000095367432,1.7400000095367432,1.7899999618530273,1.7050000429153442,1.75,665800
2026-02-18,1.7200000286102295,1.7200000286102295,1.7599999904632568,1.6950000524520874,1.7200000286102295,984000
2026-02-19,1.809999942779541,1.809999942779541,1.815000057220459,1.6699999570846558,1.7100000381469727,1486000
2026-02-20,1.7899999618530273,1.7899999618530273,1.7999999523162842,1.7200000286102295,1.7899999618530273,1534200
2026-02-23,1.8899999856948853,1.8899999856948853,1.909999966621399,1.7599999904632568,1.7699999809265137,1446900
2026-02-24,2.109999895095825,2.109999895095825,2.2899999618530273,1.909999966621399,1.909999966621399,3608000
2026-02-25,2.130000114440918,2.130000114440918,2.2300000190734863,2.0899999141693115,2.1500000953674316,1613600
2026-02-26,2.180000066757202,2.180000066757202,2.2149999141693115,2.049999952316284,2.130000114440918,2131900
2026-02-27,2.200000047683716,2.200000047683716,2.2850000858306885,2.109999895095825,2.109999895095825,1946800
2026-03-02,2.1500000953674316,2.1500000953674316,2.194999933242798,2.069999933242798,2.0799999237060547,1043100
2026-03-03,2.0399999618530273,2.0399999618530273,2.0950000286102295,1.9700000286102295,2.059999942779541,1574400
2026-03-04,2.190000057220459,2.190000057220459,2.2799999713897705,2.0250000953674316,2.049999952316284,2117500
2026-03-05,1.8949999809265137,1.8949999809265137,2.174999952316284,1.8899999856948853,2.174999952316284,1830600
2026-03-06,2.0,2.0,2.0399999618530273,1.8200000524520874,1.8799999952316284,2269700
2026-03-09,2.319999933242798,2.319999933242798,2.4700000286102295,1.975000023841858,1.9800000190734863,4948200
2026-03-10,2.640000104904175,2.640000104904175,2.765000104904175,2.369999885559082,2.4100000858306885,4401700
2026-03-11,2.6600000858306885,2.6600000858306885,2.700000047683716,2.549999952316284,2.609999895095825,1971000
2026-03-12,2.5399999618530273,2.5399999618530273,2.640000104904175,2.4600000381469727,2.5999999046325684,1518000
2026-03-13,2.440000057220459,2.440000057220459,2.640000104904175,2.4149999618530273,2.5999999046325684,1218600
2026-03-16,2.5399999618530273,2.5399999618530273,2.5899999141693115,2.450000047683716,2.4600000381469727,1212300
2026-03-17,2.4600000381469727,2.4600000381469727,2.5450000762939453,2.4200000762939453,2.5199999809265137,904900
2026-03-18,2.3499999046325684,2.3499999046325684,2.450000047683716,2.299999952316284,2.430000066757202,1112500
2026-03-19,2.3499999046325684,2.3499999046325684,2.4149999618530273,2.244999885559082,2.2899999618530273,1241000
2026-03-20,2.3399999141693115,2.3399999141693115,2.450000047683716,2.309999942779541,2.3499999046325684,1780300
2026-03-23,2.4000000953674316,2.4000000953674316,2.490000009536743,2.3499999046325684,2.4000000953674316,1237000
2026-03-24,2.25,2.25,2.359999895095825,2.2300000190734863,2.3399999141693115,1186553
