Date,Adj Close,Close,High,Low,Open,Volume
2018-01-23,930100.0,930100.0,962200.0,930000.0,962200.0,0
2018-01-24,934440.0,934440.0,953400.0,903620.0,917600.0,1
2018-01-25,934000.0,934000.0,942600.0,905000.0,916200.0,1
2018-01-26,865760.0,865760.0,917360.0,858800.0,904200.0,1
2018-01-29,840000.0,840000.0,874400.0,840000.0,872960.0,1
2018-01-30,867000.0,867000.0,892400.0,852800.0,891000.0,1
2018-01-31,855980.0,855980.0,858260.0,831000.0,839600.0,1
2018-02-01,852400.0,852400.0,893400.0,840000.0,893400.0,1
2018-02-02,930020.0,930020.0,932600.0,873740.0,892600.0,1
2018-02-05,1046000.0,1046000.0,1046000.0,917360.0,981800.0,3
2018-02-06,960400.0,960400.0,1155400.0,959800.0,1070000.0,2
2018-02-07,965600.0,965600.0,979200.0,923320.0,958000.0,1
2018-02-08,1062700.0,1062700.0,1062700.0,857400.0,964000.0,2
2018-02-09,1017580.0,1017580.0,1120000.0,985000.0,990000.0,2
2018-02-12,960600.0,960600.0,1010000.0,952740.0,952740.0,0
2018-02-13,909780.0,909780.0,977600.0,902300.0,977600.0,1
2018-02-14,835200.0,835200.0,885000.0,834000.0,885000.0,1
2018-02-15,787800.0,787800.0,839180.0,787800.0,812600.0,1
2018-02-16,801960.0,801960.0,812580.0,786700.0,797800.0,1
2018-02-20,800000.0,800000.0,816200.0,768400.0,816200.0,1
2018-02-21,784000.0,784000.0,784000.0,742020.0,780000.0,1
2018-02-22,789360.0,789360.0,820000.0,768600.0,820000.0,0
2018-02-23,749020.0,749020.0,776000.0,748460.0,776000.0,1
2018-02-26,726600.0,726600.0,765600.0,726200.0,740000.0,0
2018-02-27,755000.0,755000.0,756400.0,726000.0,726680.0,1
2018-02-28,765600.0,765600.0,765600.0,740700.0,740700.0,0
2018-03-01,802600.0,802600.0,831200.0,765000.0,776000.0,1
2018-03-02,780000.0,780000.0,860000.0,770700.0,837000.0,1
2018-03-05,726600.0,726600.0,794780.0,726400.0,794780.0,0
2018-03-06,707400.0,707400.0,724100.0,701520.0,718800.0,1
2018-03-07,694400.0,694400.0,726200.0,692840.0,723320.0,1
2018-03-08,705000.0,705000.0,709780.0,686000.0,686000.0,0
2018-03-09,663200.0,663200.0,712200.0,663200.0,712200.0,1
2018-03-12,642560.0,642560.0,650200.0,637760.0,648400.0,0
2018-03-13,685000.0,685000.0,688620.0,637800.0,637800.0,2
2018-03-14,660000.0,660000.0,673200.0,647000.0,673200.0,2
2018-03-15,652020.0,652020.0,667520.0,645360.0,651240.0,0
2018-03-16,663100.0,663100.0,669800.0,661400.0,666980.0,0
2018-03-19,720000.0,720000.0,737600.0,689000.0,699800.0,2
2018-03-20,732800.0,732800.0,750100.0,707220.0,734200.0,1
2018-03-21,733000.0,733000.0,741100.0,710400.0,741100.0,0
2018-03-22,804000.0,804000.0,806600.0,752620.0,777180.0,1
2018-03-23,860000.0,860000.0,863300.0,804000.0,804000.0,1
2018-03-26,773700.0,773700.0,881200.0,773700.0,798600.0,2
2018-03-27,899940.0,899940.0,925800.0,764000.0,764000.0,2
2018-03-28,970760.0,970760.0,1001080.0,913000.0,958000.0,5
2018-03-29,895000.0,895000.0,1000000.0,875600.0,999800.0,3
2018-04-02,984600.0,984600.0,1016800.0,923040.0,942000.0,2
2018-04-03,964640.0,964640.0,1006000.0,928260.0,942600.0,1
2018-04-04,915400.0,915400.0,1038400.0,915400.0,1035800.0,1
2018-04-05,876000.0,876000.0,894320.0,862580.0,883200.0,1
2018-04-06,930600.0,930600.0,946600.0,876280.0,897000.0,1
2018-04-09,920000.0,920000.0,920000.0,871200.0,900600.0,1
2018-04-10,822000.0,822000.0,883800.0,818000.0,875800.0,1
2018-04-11,837200.0,837200.0,896000.0,811420.0,840400.0,1
2018-04-12,820980.0,820980.0,829800.0,809000.0,820000.0,1
2018-04-13,830700.0,830700.0,842000.0,798880.0,802000.0,0
2018-04-16,830400.0,830400.0,849600.0,820000.0,820000.0,0
2018-04-17,738220.0,738220.0,800200.0,733380.0,800000.0,1
2018-04-18,732060.0,732060.0,745780.0,724200.0,738200.0,1
2018-04-19,733880.0,733880.0,757000.0,726800.0,736620.0,1
2018-04-20,772000.0,772000.0,780000.0,740000.0,745700.0,1
2018-04-23,801420.0,801420.0,810000.0,759400.0,766200.0,1
2018-04-24,855560.0,855560.0,880000.0,786000.0,792760.0,2
2018-04-25,875780.0,875780.0,929180.0,845800.0,845800.0,2
2018-04-26,799960.0,799960.0,830200.0,785220.0,830200.0,1
2018-04-27,772020.0,772020.0,830400.0,740000.0,752600.0,2
2018-04-30,766160.0,766160.0,788220.0,744200.0,760000.0,1
2018-05-01,751400.0,751400.0,784800.0,750400.0,782800.0,1
2018-05-02,730000.0,730000.0,744080.0,708020.0,732400.0,1
2018-05-03,733700.0,733700.0,782000.0,733700.0,760000.0,2
2018-05-04,690600.0,690600.0,759400.0,687640.0,759400.0,2
2018-05-07,658000.0,658000.0,671380.0,644000.0,671380.0,2
2018-05-08,643940.0,643940.0,664800.0,640000.0,660000.0,1
2018-05-09,621500.0,621500.0,640000.0,620000.0,640000.0,2
2018-05-10,600000.0,600000.0,620400.0,595200.0,620400.0,2
2018-05-11,612400.0,612400.0,620180.0,599000.0,599000.0,1
2018-05-14,605200.0,605200.0,607200.0,588000.0,607200.0,1
2018-05-15,637800.0,637800.0,642000.0,627000.0,627000.0,2
2018-05-16,622000.0,622000.0,634420.0,618200.0,628600.0,1
2018-05-17,627180.0,627180.0,633600.0,604400.0,622800.0,1
2018-05-18,659000.0,659000.0,659000.0,638540.0,640000.0,3
2018-05-21,645100.0,645100.0,658000.0,620600.0,626000.0,1
2018-05-22,662680.0,662680.0,662680.0,634780.0,640000.0,0
2018-05-23,634460.0,634460.0,680000.0,634460.0,680000.0,0
2018-05-24,632000.0,632000.0,644660.0,626000.0,634400.0,1
2018-05-25,621600.0,621600.0,627400.0,617200.0,627400.0,0
2018-05-29,621000.0,621000.0,632180.0,608000.0,625800.0,1
2018-05-30,607000.0,607000.0,624800.0,607000.0,612620.0,0
2018-05-31,603500.0,603500.0,609600.0,595500.0,605400.0,1
2018-06-01,561500.0,561500.0,592800.0,560000.0,592800.0,3
2018-06-04,529200.0,529200.0,552160.0,527700.0,552160.0,2
2018-06-05,517240.0,517240.0,523600.0,509000.0,520200.0,3
2018-06-06,503000.0,503000.0,521200.0,503000.0,510020.0,3
2018-06-07,516000.0,516000.0,526800.0,499720.0,507000.0,3
2018-06-08,511180.0,511180.0,526200.0,507820.0,525900.0,2
2018-06-11,497000.0,497000.0,510800.0,495220.0,510800.0,1
2018-06-12,478800.0,478800.0,487800.0,469200.0,487000.0,5
2018-06-13,468000.0,468000.0,475800.0,460580.0,475800.0,3
2018-06-14,438500.0,438500.0,461580.0,436320.0,461580.0,5
2018-06-15,445000.0,445000.0,450980.0,436360.0,450600.0,2
2018-06-18,435600.0,435600.0,458800.0,435600.0,458800.0,4
2018-06-19,450400.0,450400.0,479380.0,450000.0,454000.0,7
2018-06-20,432900.0,432900.0,442780.0,427360.0,437800.0,3
2018-06-21,449200.0,449200.0,456800.0,427000.0,431800.0,5
2018-06-22,461600.0,461600.0,468760.0,444400.0,444400.0,1
2018-06-25,505440.0,505440.0,524600.0,478300.0,481600.0,9
2018-06-26,485400.0,485400.0,506680.0,480080.0,497000.0,3
2018-06-27,515560.0,515560.0,515560.0,468600.0,470800.0,6
2018-06-28,491420.0,491420.0,519100.0,489000.0,516800.0,2
2018-06-29,507000.0,507000.0,507300.0,481800.0,481800.0,2
2018-07-02,489000.0,489000.0,525780.0,489000.0,520800.0,4
2018-07-03,523300.0,523300.0,523300.0,489000.0,489000.0,2
2018-07-05,500100.0,500100.0,529760.0,500080.0,512600.0,3
2018-07-06,473920.0,473920.0,503000.0,472320.0,503000.0,4
2018-07-09,458600.0,458600.0,476280.0,456200.0,460000.0,2
2018-07-10,460000.0,460000.0,465960.0,450600.0,458200.0,3
2018-07-11,465900.0,465900.0,480000.0,463800.0,480000.0,2
2018-07-12,443800.0,443800.0,457000.0,442400.0,457000.0,3
2018-07-13,451000.0,451000.0,459100.0,443600.0,447000.0,1
2018-07-16,456400.0,456400.0,460000.0,449800.0,452000.0,2
2018-07-17,446200.0,446200.0,490800.0,441820.0,487000.0,4
2018-07-18,451600.0,451600.0,460580.0,447600.0,447600.0,1
2018-07-19,466400.0,466400.0,469000.0,456700.0,462000.0,3
2018-07-20,475200.0,475200.0,475200.0,457060.0,466400.0,3
2018-07-23,478600.0,478600.0,498000.0,475740.0,483200.0,3
2018-07-24,472200.0,472200.0,484000.0,450940.0,460000.0,2
2018-07-25,440600.0,440600.0,471600.0,440000.0,471600.0,3
2018-07-26,478000.0,478000.0,486900.0,472000.0,486000.0,6
2018-07-27,528900.0,528900.0,537800.0,483200.0,484000.0,6
2018-07-30,572600.0,572600.0,585200.0,531000.0,531000.0,8
2018-07-31,567000.0,567000.0,590600.0,549800.0,572000.0,7
2018-08-01,560800.0,560800.0,576400.0,550000.0,557800.0,4
2018-08-02,512640.0,512640.0,567000.0,512640.0,561000.0,15
2018-08-03,515600.0,515600.0,520100.0,505200.0,510000.0,6
2018-08-06,501000.0,501000.0,523600.0,501000.0,511600.0,2
2018-08-07,489020.0,489020.0,511600.0,486600.0,511600.0,5
2018-08-08,497400.0,497400.0,497400.0,487800.0,494800.0,1
2018-08-09,505400.0,505400.0,505400.0,493580.0,497800.0,1
2018-08-10,508200.0,508200.0,518000.0,504200.0,518000.0,2
2018-08-13,506200.0,506200.0,510000.0,493140.0,501200.0,2
2018-08-14,506580.0,506580.0,520200.0,503260.0,503700.0,3
2018-08-15,533000.0,533000.0,552320.0,521000.0,528000.0,4
2018-08-16,536400.0,536400.0,536400.0,515800.0,515800.0,1
2018-08-17,553860.0,553860.0,567200.0,540840.0,540840.0,5
2018-08-20,546000.0,546000.0,567340.0,540200.0,562000.0,2
2018-08-21,527000.0,527000.0,536600.0,514000.0,536600.0,3
2018-08-22,512380.0,512380.0,528340.0,511100.0,521580.0,1
2018-08-23,520280.0,520280.0,521480.0,492600.0,504400.0,2
2018-08-24,497780.0,497780.0,507520.0,497400.0,507400.0,1
2018-08-27,474400.0,474400.0,488940.0,473600.0,488940.0,2
2018-08-28,482000.0,482000.0,484380.0,471300.0,471400.0,1
2018-08-29,470400.0,470400.0,479280.0,469780.0,477600.0,2
2018-08-30,472340.0,472340.0,479960.0,460200.0,476040.0,3
2018-08-31,471000.0,471000.0,477000.0,467940.0,476200.0,2
2018-09-04,488800.0,488800.0,493960.0,478400.0,483400.0,2
2018-09-05,529600.0,529600.0,531400.0,494720.0,498800.0,7
2018-09-06,553860.0,553860.0,566400.0,519400.0,525400.0,5
2018-09-07,564780.0,564780.0,582200.0,545300.0,582200.0,3
2018-09-10,560660.0,560660.0,576720.0,558000.0,558000.0,1
2018-09-11,543200.0,543200.0,577200.0,541600.0,577200.0,2
2018-09-12,542140.0,542140.0,570000.0,539440.0,543200.0,2
2018-09-13,529640.0,529640.0,534800.0,518000.0,526400.0,1
2018-09-14,529200.0,529200.0,538600.0,521580.0,522180.0,1
2018-09-17,566200.0,566200.0,568600.0,546600.0,546600.0,4
2018-09-18,562740.0,562740.0,565760.0,543400.0,565000.0,2
2018-09-19,536600.0,536600.0,561000.0,535400.0,550000.0,1
2018-09-20,526200.0,526200.0,532400.0,519800.0,525000.0,1
2018-09-21,550000.0,550000.0,550000.0,519800.0,520800.0,1
2018-09-24,536200.0,536200.0,570400.0,536200.0,563600.0,1
2018-09-25,526020.0,526020.0,539340.0,524580.0,537600.0,1
2018-09-26,517600.0,517600.0,526200.0,499400.0,526200.0,2
2018-09-27,502040.0,502040.0,508200.0,495600.0,508200.0,2
2018-09-28,530200.0,530200.0,533100.0,516200.0,520000.0,3
2018-10-01,502800.0,502800.0,506000.0,489000.0,500000.0,3
2018-10-02,523400.0,523400.0,525400.0,509120.0,510400.0,2
2018-10-03,516000.0,516000.0,523400.0,508800.0,508800.0,1
2018-10-04,562220.0,562220.0,574000.0,527800.0,527800.0,7
2018-10-05,592000.0,592000.0,614800.0,561800.0,568800.0,7
2018-10-08,615040.0,615040.0,642580.0,594840.0,618200.0,5
2018-10-09,605480.0,605480.0,627400.0,587600.0,620000.0,3
2018-10-10,707000.0,707000.0,707000.0,626600.0,626600.0,4
2018-10-11,717800.0,717800.0,749000.0,672200.0,732400.0,7
2018-10-12,640600.0,640600.0,693200.0,630200.0,630800.0,5
2018-10-15,667800.0,667800.0,677480.0,649800.0,654600.0,2
2018-10-16,593400.0,593400.0,653040.0,592400.0,646200.0,2
2018-10-17,598720.0,598720.0,614120.0,565020.0,566000.0,3
2018-10-18,651200.0,651200.0,659220.0,610000.0,610000.0,3
2018-10-19,668800.0,668800.0,673800.0,615700.0,631600.0,1
2018-10-22,645400.0,645400.0,675800.0,636520.0,649400.0,1
2018-10-23,642240.0,642240.0,702000.0,633900.0,699400.0,2
2018-10-24,742800.0,742800.0,743780.0,634160.0,637200.0,4
2018-10-25,612800.0,612800.0,668000.0,600000.0,664000.0,7
2018-10-26,645000.0,645000.0,687000.0,600800.0,682400.0,9
2018-10-29,709800.0,709800.0,755400.0,616000.0,623400.0,7
2018-10-30,670400.0,670400.0,757400.0,668920.0,738000.0,4
2018-10-31,595000.0,595000.0,627000.0,574600.0,627000.0,9
2018-11-01,550400.0,550400.0,620400.0,550200.0,588000.0,4
2018-11-02,582000.0,582000.0,592900.0,539580.0,556400.0,5
2018-11-05,606480.0,606480.0,629000.0,587800.0,587800.0,3
2018-11-06,592800.0,592800.0,607200.0,577800.0,606800.0,3
2018-11-07,543400.0,543400.0,574060.0,543000.0,570000.0,4
2018-11-08,571600.0,571600.0,578400.0,546400.0,549720.0,2
2018-11-09,600200.0,600200.0,615860.0,589000.0,596800.0,4
2018-11-12,675200.0,675200.0,682640.0,607840.0,618600.0,4
2018-11-13,650800.0,650800.0,677000.0,616000.0,664000.0,2
2018-11-14,645000.0,645000.0,663200.0,608460.0,623600.0,3
2018-11-15,619020.0,619020.0,661700.0,610360.0,651000.0,2
2018-11-16,649000.0,649000.0,672400.0,637600.0,660000.0,2
2018-11-19,735400.0,735400.0,737260.0,662000.0,662000.0,4
2018-11-20,769600.0,769600.0,832300.0,737000.0,818000.0,9
2018-11-21,755000.0,755000.0,757400.0,714560.0,719000.0,2
2018-11-23,789400.0,789400.0,789600.0,752800.0,761200.0,2
2018-11-26,703920.0,703920.0,765760.0,703920.0,755600.0,6
2018-11-27,705800.0,705800.0,734800.0,695000.0,721600.0,3
2018-11-28,643600.0,643600.0,717600.0,643600.0,679400.0,3
2018-11-29,660000.0,660000.0,695240.0,648200.0,652000.0,3
2018-11-30,641080.0,641080.0,683800.0,638800.0,666600.0,2
2018-12-03,586200.0,586200.0,599600.0,566800.0,582000.0,6
2018-12-04,650200.0,650200.0,658800.0,583400.0,597600.0,5
2018-12-06,640000.0,640000.0,707600.0,640000.0,693400.0,5
2018-12-07,687600.0,687600.0,691400.0,614880.0,642000.0,3
2018-12-10,663360.0,663360.0,720000.0,656800.0,702600.0,2
2018-12-11,663600.0,663600.0,672600.0,627800.0,627800.0,2
2018-12-12,627820.0,627820.0,639400.0,595200.0,639400.0,3
2018-12-13,622000.0,622000.0,638600.0,610000.0,621000.0,1
2018-12-14,662720.0,662720.0,665720.0,633200.0,646200.0,3
2018-12-17,732400.0,732400.0,748000.0,668000.0,678800.0,6
2018-12-18,721000.0,721000.0,737540.0,690800.0,710000.0,4
2018-12-19,781740.0,781740.0,805300.0,696800.0,724800.0,6
2018-12-20,865400.0,865400.0,896200.0,793200.0,814800.0,6
2018-12-21,967200.0,967200.0,980000.0,851840.0,860400.0,7
2018-12-24,1037800.0,1037800.0,1040800.0,944400.0,1011400.0,6
2018-12-26,820400.0,820400.0,1031200.0,817600.0,1006800.0,5
2018-12-27,830000.0,830000.0,931180.0,825200.0,861000.0,5
2018-12-28,809000.0,809000.0,844700.0,767600.0,804200.0,4
2018-12-31,802400.0,802400.0,821960.0,768200.0,774000.0,2
2019-01-02,795000.0,795000.0,871800.0,777020.0,871800.0,2
2019-01-03,886200.0,886200.0,887800.0,825800.0,842800.0,6
2019-01-04,725000.0,725000.0,833920.0,720800.0,825000.0,5
2019-01-07,663000.0,663000.0,720000.0,660400.0,710800.0,3
2019-01-08,642480.0,642480.0,690400.0,632000.0,640000.0,5
2019-01-09,616000.0,616000.0,642820.0,611000.0,640000.0,2
2019-01-10,604600.0,604600.0,644760.0,603200.0,627000.0,4
2019-01-11,600120.0,600120.0,615600.0,595000.0,610800.0,5
2019-01-14,621200.0,621200.0,635400.0,610400.0,627800.0,3
2019-01-15,569800.0,569800.0,603600.0,560400.0,603600.0,7
2019-01-16,568800.0,568800.0,569600.0,552000.0,561000.0,3
2019-01-17,558200.0,558200.0,580000.0,544920.0,580000.0,9
2019-01-18,568800.0,568800.0,574300.0,547200.0,552200.0,5
2019-01-22,626800.0,626800.0,641380.0,583800.0,587200.0,8
2019-01-23,643500.0,643500.0,658200.0,608600.0,610800.0,4
2019-01-24,614400.0,614400.0,640000.0,613000.0,640000.0,4
2019-01-25,570800.0,570800.0,605180.0,566000.0,594400.0,2
2019-01-28,605660.0,605660.0,635800.0,604000.0,617400.0,3
2019-01-29,644400.0,644400.0,647400.0,602600.0,608600.0,4
2019-01-30,564000.0,564000.0,614560.0,560800.0,604200.0,5
2019-01-31,515800.0,515800.0,541200.0,506400.0,541000.0,7
2019-02-01,528000.0,528000.0,529600.0,509600.0,528800.0,6
2019-02-04,501600.0,501600.0,528800.0,498380.0,528000.0,4
2019-02-05,478000.0,478000.0,494000.0,475600.0,494000.0,4
2019-02-06,485800.0,485800.0,492980.0,471000.0,474800.0,4
2019-02-07,530800.0,530800.0,546200.0,513200.0,513200.0,6
2019-02-08,536800.0,536800.0,558200.0,535000.0,554200.0,4
2019-02-11,537600.0,537600.0,542620.0,522000.0,525200.0,2
2019-02-12,512600.0,512600.0,526820.0,510240.0,523800.0,2
2019-02-13,511000.0,511000.0,513700.0,498680.0,505000.0,2
2019-02-14,512400.0,512400.0,527200.0,508000.0,523600.0,4
2019-02-15,516800.0,516800.0,520600.0,496200.0,500200.0,8
2019-02-19,504600.0,504600.0,515000.0,497200.0,515000.0,2
2019-02-20,509200.0,509200.0,511800.0,490800.0,496800.0,2
2019-02-21,520800.0,520800.0,527800.0,505600.0,508600.0,2
2019-02-22,503800.0,503800.0,515000.0,503400.0,514400.0,2
2019-02-25,492000.0,492000.0,492000.0,472400.0,482000.0,2
2019-02-26,499180.0,499180.0,506380.0,494600.0,499800.0,1
2019-02-27,496800.0,496800.0,515600.0,494400.0,498000.0,1
2019-02-28,500000.0,500000.0,507800.0,494400.0,501600.0,1
2019-03-01,502800.0,502800.0,510800.0,492000.0,493400.0,2
2019-03-04,495600.0,495600.0,514800.0,479520.0,489200.0,4
2019-03-05,488800.0,488800.0,506460.0,482000.0,495600.0,2
2019-03-06,489800.0,489800.0,494000.0,483200.0,488500.0,2
2019-03-07,522200.0,522200.0,526400.0,495000.0,495000.0,4
2019-03-08,523880.0,523880.0,551400.0,523880.0,548000.0,2
2019-03-11,475480.0,475480.0,512400.0,474320.0,512400.0,5
2019-03-12,474200.0,474200.0,476400.0,468000.0,470800.0,2
2019-03-13,459000.0,459000.0,466060.0,452000.0,465800.0,3
2019-03-14,466600.0,466600.0,466980.0,458000.0,461800.0,1
2019-03-15,460000.0,460000.0,471200.0,459000.0,468200.0,2
2019-03-18,465600.0,465600.0,470000.0,453600.0,464000.0,2
2019-03-19,457400.0,457400.0,465200.0,449600.0,457400.0,3
2019-03-20,436440.0,436440.0,462800.0,434200.0,458000.0,4
2019-03-21,418000.0,418000.0,442000.0,417000.0,438200.0,8
2019-03-22,450020.0,450020.0,450500.0,417000.0,427600.0,10
2019-03-25,454380.0,454380.0,467800.0,448200.0,459400.0,5
2019-03-26,448200.0,448200.0,454000.0,426900.0,440800.0,2
2019-03-27,455000.0,455000.0,467800.0,442840.0,443620.0,2
2019-03-28,451200.0,451200.0,464360.0,450000.0,454760.0,2
2019-03-29,442200.0,442200.0,450000.0,439280.0,440000.0,1
2019-04-01,418800.0,418800.0,429400.0,416000.0,425600.0,3
2019-04-02,409800.0,409800.0,419580.0,408800.0,419580.0,2
2019-04-03,399000.0,399000.0,406800.0,388000.0,406800.0,5
2019-04-04,402960.0,402960.0,410600.0,398400.0,407420.0,3
2019-04-05,391600.0,391600.0,398800.0,391040.0,396600.0,3
2019-04-08,388400.0,388400.0,394400.0,388000.0,394400.0,2
2019-04-09,391000.0,391000.0,391800.0,382000.0,386800.0,4
2019-04-10,390600.0,390600.0,394800.0,388200.0,390200.0,2
2019-04-11,398600.0,398600.0,400000.0,395100.0,395720.0,2
2019-04-12,400200.0,400200.0,402600.0,393200.0,395000.0,3
2019-04-15,409760.0,409760.0,421180.0,405000.0,405000.0,6
2019-04-16,397480.0,397480.0,405900.0,393540.0,401600.0,3
2019-04-17,395620.0,395620.0,398800.0,388400.0,389800.0,5
2019-04-18,393800.0,393800.0,398000.0,392600.0,398000.0,1
2019-04-22,388800.0,388800.0,401800.0,388000.0,401600.0,3
2019-04-23,356000.0,356000.0,379600.0,352000.0,379600.0,6
2019-04-24,365800.0,365800.0,366800.0,355400.0,355400.0,3
2019-04-25,370960.0,370960.0,372400.0,358800.0,360000.0,5
2019-04-26,379000.0,379000.0,387460.0,372600.0,372600.0,2
2019-04-29,370000.0,370000.0,379200.0,367200.0,379200.0,2
2019-04-30,383000.0,383000.0,387800.0,374780.0,383400.0,3
2019-05-01,379400.0,379400.0,379400.0,362400.0,371800.0,6
2019-05-02,373800.0,373800.0,387180.0,369460.0,374200.0,2
2019-05-03,352600.0,352600.0,364000.0,352400.0,363200.0,5
2019-05-06,366200.0,366200.0,384980.0,363740.0,384000.0,9
2019-05-07,394000.0,394000.0,404400.0,373400.0,376000.0,8
2019-05-08,401400.0,401400.0,401400.0,388400.0,401000.0,3
2019-05-09,409600.0,409600.0,431400.0,403200.0,418600.0,6
2019-05-10,417800.0,417800.0,439200.0,410000.0,414000.0,8
2019-05-13,473600.0,473600.0,477000.0,450800.0,460000.0,9
2019-05-14,457200.0,457200.0,474700.0,449320.0,460000.0,4
2019-05-15,437600.0,437600.0,469000.0,432200.0,469000.0,7
2019-05-16,431420.0,431420.0,438200.0,420800.0,437600.0,3
2019-05-17,477400.0,477400.0,480200.0,452800.0,463200.0,10
2019-05-20,516200.0,516200.0,522800.0,505400.0,507800.0,7
2019-05-21,496200.0,496200.0,507000.0,491600.0,505200.0,4
2019-05-22,506400.0,506400.0,506800.0,490600.0,502000.0,3
2019-05-23,540400.0,540400.0,550000.0,527700.0,530000.0,6
2019-05-24,543920.0,543920.0,544000.0,520480.0,522400.0,3
2019-05-28,542000.0,542000.0,544800.0,525800.0,541000.0,3
2019-05-29,561200.0,561200.0,572780.0,551200.0,557400.0,3
2019-05-30,563800.0,563800.0,571000.0,556600.0,560000.0,6
2019-05-31,595400.0,595400.0,596600.0,577200.0,588800.0,5
2019-06-03,662200.0,662200.0,675800.0,601800.0,605800.0,13
2019-06-04,582400.0,582400.0,644800.0,580600.0,639800.0,10
2019-06-05,581800.0,581800.0,603400.0,560200.0,560200.0,6
2019-06-06,565800.0,565800.0,582980.0,561200.0,578000.0,4
2019-06-07,531300.0,531300.0,556000.0,521000.0,556000.0,5
2019-06-10,511400.0,511400.0,512600.0,485800.0,507600.0,4
2019-06-11,496200.0,496200.0,505000.0,481000.0,485000.0,5
2019-06-12,517600.0,517600.0,520400.0,498200.0,504000.0,4
2019-06-13,511600.0,511600.0,519260.0,507600.0,509600.0,2
2019-06-14,518400.0,518400.0,526600.0,515800.0,525000.0,2
2019-06-17,492800.0,492800.0,511620.0,488800.0,508760.0,3
2019-06-18,468800.0,468800.0,471800.0,445000.0,467800.0,7
2019-06-19,465000.0,465000.0,478820.0,460000.0,461000.0,3
2019-06-20,463940.0,463940.0,472200.0,447000.0,447000.0,4
2019-06-21,466600.0,466600.0,468600.0,456000.0,467600.0,3
2019-06-24,460200.0,460200.0,468420.0,457000.0,462800.0,2
2019-06-25,488800.0,488800.0,490580.0,462200.0,464600.0,6
2019-06-26,469300.0,469300.0,473600.0,455000.0,472200.0,4
2019-06-27,459400.0,459400.0,464840.0,457600.0,460600.0,1
2019-06-28,458000.0,458000.0,465400.0,457600.0,460800.0,2
2019-07-01,433000.0,433000.0,438200.0,419760.0,420400.0,4
2019-07-02,432000.0,432000.0,439200.0,431360.0,431800.0,2
2019-07-03,422260.0,422260.0,424760.0,419000.0,420000.0,1
2019-07-05,427000.0,427000.0,437800.0,424000.0,430800.0,1
2019-07-08,443400.0,443400.0,447200.0,440000.0,440600.0,2
2019-07-09,429000.0,429000.0,450000.0,428000.0,450000.0,2
2019-07-10,416000.0,416000.0,426000.0,411020.0,418600.0,3
2019-07-11,416000.0,416000.0,418000.0,405800.0,410800.0,1
2019-07-12,405400.0,405400.0,411800.0,405000.0,410440.0,14
2019-07-15,394200.0,394200.0,406600.0,394000.0,400000.0,4
2019-07-16,399800.0,399800.0,402600.0,394000.0,397800.0,2
2019-07-17,401800.0,401800.0,402300.0,395600.0,400000.0,3
2019-07-18,418200.0,418200.0,427000.0,411600.0,419800.0,13
2019-07-19,428600.0,428600.0,428600.0,409800.0,409800.0,3
2019-07-22,418200.0,418200.0,428000.0,418000.0,426200.0,2
2019-07-23,402600.0,402600.0,415800.0,402600.0,409800.0,4
2019-07-24,390800.0,390800.0,410400.0,389560.0,410000.0,2
2019-07-25,419200.0,419200.0,421400.0,403800.0,403800.0,7
2019-07-26,394200.0,394200.0,400000.0,389280.0,400000.0,7
2019-07-29,395400.0,395400.0,407000.0,394600.0,395400.0,5
2019-07-30,400600.0,400600.0,409380.0,395600.0,408000.0,3
2019-07-31,405200.0,405200.0,418800.0,387020.0,395600.0,7
2019-08-01,428200.0,428200.0,434440.0,386200.0,402400.0,17
2019-08-02,442420.0,442420.0,456200.0,435000.0,442000.0,8
2019-08-05,497200.0,497200.0,514640.0,478000.0,479400.0,14
2019-08-06,482800.0,482800.0,498680.0,473000.0,482000.0,5
2019-08-07,474600.0,474600.0,507400.0,472920.0,503200.0,4
2019-08-08,446600.0,446600.0,474600.0,446000.0,462000.0,3
2019-08-09,466600.0,466600.0,473400.0,452600.0,454800.0,2
2019-08-12,486200.0,486200.0,489000.0,474020.0,481200.0,3
2019-08-13,446800.0,446800.0,488400.0,437200.0,488400.0,5
2019-08-14,494320.0,494320.0,498800.0,472800.0,474600.0,6
2019-08-15,496680.0,496680.0,510400.0,477000.0,477000.0,3
2019-08-16,460600.0,460600.0,475560.0,457800.0,473120.0,4
2019-08-19,418000.0,418000.0,436400.0,415000.0,436400.0,5
2019-08-20,422600.0,422600.0,422600.0,410000.0,414720.0,2
2019-08-21,420400.0,420400.0,422800.0,411000.0,412800.0,3
2019-08-22,428200.0,428200.0,439800.0,416840.0,416840.0,4
2019-08-23,475800.0,475800.0,478000.0,428000.0,444600.0,8
2019-08-26,455000.0,455000.0,465600.0,454700.0,457200.0,4
2019-08-27,458000.0,458000.0,466200.0,438600.0,445200.0,3
2019-08-28,457200.0,457200.0,470200.0,449200.0,464000.0,3
2019-08-29,428400.0,428400.0,438200.0,423000.0,438200.0,3
2019-08-30,426400.0,426400.0,435400.0,415800.0,417200.0,3
2019-09-03,442800.0,442800.0,444800.0,423200.0,438200.0,4
2019-09-04,426000.0,426000.0,428600.0,422200.0,427000.0,2
2019-09-05,388000.0,388000.0,413800.0,387000.0,413800.0,6
2019-09-06,396200.0,396200.0,400640.0,390000.0,390800.0,3
2019-09-09,389800.0,389800.0,397000.0,380000.0,388600.0,3
2019-09-10,389600.0,389600.0,401420.0,388480.0,397000.0,4
2019-09-11,374080.0,374080.0,387940.0,370000.0,386400.0,5
2019-09-12,371800.0,371800.0,371800.0,358000.0,366000.0,7
2019-09-13,372800.0,372800.0,377820.0,371800.0,372000.0,2
2019-09-16,382100.0,382100.0,385600.0,375200.0,380200.0,3
2019-09-17,375680.0,375680.0,384600.0,375680.0,382200.0,2
2019-09-18,377920.0,377920.0,390000.0,375000.0,375000.0,4
2019-09-19,379200.0,379200.0,381800.0,369800.0,374200.0,3
2019-09-20,395200.0,395200.0,402000.0,378000.0,379800.0,4
2019-09-23,404000.0,404000.0,406000.0,396000.0,400600.0,4
2019-09-24,442600.0,442600.0,447720.0,396600.0,396600.0,9
2019-09-25,407600.0,407600.0,450200.0,405000.0,442600.0,5
2019-09-26,404600.0,404600.0,420200.0,402200.0,408000.0,4
2019-09-27,428800.0,428800.0,440000.0,401600.0,401600.0,10
2019-09-30,417000.0,417000.0,425980.0,416800.0,420200.0,4
2019-10-01,423620.0,423620.0,427200.0,408900.0,412800.0,4
2019-10-02,433600.0,433600.0,444480.0,429700.0,433400.0,4
2019-10-03,421400.0,421400.0,463320.0,421400.0,441800.0,7
2019-10-04,410000.0,410000.0,424000.0,409420.0,416400.0,3
2019-10-07,409800.0,409800.0,415080.0,399400.0,413640.0,5
2019-10-08,431400.0,431400.0,431400.0,415400.0,423200.0,3
2019-10-09,421400.0,421400.0,425200.0,416200.0,424000.0,1
2019-10-10,404600.0,404600.0,414800.0,398400.0,414440.0,3
2019-10-11,384600.0,384600.0,386800.0,374060.0,386800.0,8
2019-10-14,379000.0,379000.0,385800.0,377960.0,385000.0,2
2019-10-15,361600.0,361600.0,378000.0,356600.0,378000.0,5
2019-10-16,358780.0,358780.0,362760.0,354400.0,362600.0,4
2019-10-17,353980.0,353980.0,356800.0,343420.0,345600.0,4
2019-10-18,378800.0,378800.0,385200.0,355400.0,355800.0,8
2019-10-21,363800.0,363800.0,373000.0,363400.0,370200.0,4
2019-10-22,379000.0,379000.0,380000.0,361000.0,361000.0,3
2019-10-23,373400.0,373400.0,382800.0,372600.0,382800.0,2
2019-10-24,369000.0,369000.0,377200.0,366000.0,367400.0,2
2019-10-25,347200.0,347200.0,374000.0,347140.0,374000.0,9
2019-10-28,337200.0,337200.0,344600.0,333800.0,344600.0,8
2019-10-29,351600.0,351600.0,353600.0,340800.0,340800.0,6
2019-10-30,348200.0,348200.0,356200.0,344800.0,344800.0,4
2019-10-31,347000.0,347000.0,356000.0,342800.0,343600.0,3
2019-11-01,340980.0,340980.0,348340.0,337200.0,342200.0,2
2019-11-04,320000.0,320000.0,329600.0,317600.0,329400.0,6
2019-11-05,324000.0,324000.0,324800.0,316800.0,319200.0,4
2019-11-06,323600.0,323600.0,332000.0,322600.0,322600.0,4
2019-11-07,305360.0,305360.0,311400.0,296600.0,311400.0,13
2019-11-08,301000.0,301000.0,306400.0,298200.0,305400.0,6
2019-11-11,301400.0,301400.0,308800.0,300400.0,304200.0,4
2019-11-12,296200.0,296200.0,301200.0,294000.0,300200.0,7
2019-11-13,305400.0,305400.0,309200.0,298000.0,298000.0,5
2019-11-14,303000.0,303000.0,309200.0,302400.0,307600.0,4
2019-11-15,299800.0,299800.0,302440.0,297400.0,300400.0,5
2019-11-18,292800.0,292800.0,302800.0,290200.0,301320.0,8
2019-11-19,291620.0,291620.0,298200.0,288800.0,289800.0,3
2019-11-20,298160.0,298160.0,305000.0,290200.0,295200.0,5
2019-11-21,292000.0,292000.0,297660.0,289800.0,296400.0,7
2019-11-22,297240.0,297240.0,302400.0,295600.0,295600.0,5
2019-11-25,281000.0,281000.0,289800.0,280820.0,289000.0,10
2019-11-26,283800.0,283800.0,286800.0,281280.0,281280.0,6
2019-11-27,275000.0,275000.0,280000.0,275000.0,280000.0,8
2019-11-29,278800.0,278800.0,280080.0,277000.0,278400.0,3
2019-12-02,288600.0,288600.0,294400.0,280540.0,281800.0,10
2019-12-03,296400.0,296400.0,308540.0,296020.0,306200.0,13
2019-12-04,296000.0,296000.0,296000.0,289200.0,290800.0,2
2019-12-05,290800.0,290800.0,295960.0,289600.0,290200.0,2
2019-12-06,282200.0,282200.0,284600.0,281200.0,283200.0,5
2019-12-09,285540.0,285540.0,285600.0,276200.0,283800.0,4
2019-12-10,285000.0,285000.0,287200.0,279800.0,285800.0,5
2019-12-11,274000.0,274000.0,281320.0,273220.0,281320.0,7
2019-12-12,268000.0,268000.0,276000.0,264800.0,275600.0,11
2019-12-13,268200.0,268200.0,271200.0,260440.0,266600.0,7
2019-12-16,251800.0,251800.0,263600.0,249000.0,263600.0,16
2019-12-17,247000.0,247000.0,250800.0,245200.0,250800.0,3
2019-12-18,236000.0,236000.0,245000.0,233800.0,245000.0,10
2019-12-19,226200.0,226200.0,234800.0,226140.0,234800.0,5
2019-12-20,224400.0,224400.0,226600.0,220940.0,222000.0,8
2019-12-23,219200.0,219200.0,221000.0,217600.0,221000.0,5
2019-12-24,219400.0,219400.0,221600.0,218200.0,221600.0,3
2019-12-26,211600.0,211600.0,217400.0,211600.0,217400.0,4
2019-12-27,214100.0,214100.0,215400.0,208580.0,209200.0,9
2019-12-30,222200.0,222200.0,224800.0,215600.0,215600.0,13
2019-12-31,221000.0,221000.0,228400.0,220600.0,226600.0,7
2020-01-02,201200.0,201200.0,213000.0,201200.0,213000.0,17
2020-01-03,207200.0,207200.0,210000.0,202400.0,210000.0,10
2020-01-06,198400.0,198400.0,213000.0,198220.0,213000.0,8
2020-01-07,193200.0,193200.0,198600.0,191600.0,196400.0,15
2020-01-08,186400.0,186400.0,195200.0,182600.0,195000.0,14
2020-01-09,182600.0,182600.0,186000.0,178600.0,179800.0,13
2020-01-10,182800.0,182800.0,184220.0,178800.0,180200.0,10
2020-01-13,170000.0,170000.0,178400.0,170000.0,176200.0,20
2020-01-14,173000.0,173000.0,175200.0,167540.0,168800.0,23
2020-01-15,175600.0,175600.0,177200.0,170680.0,174200.0,18
2020-01-16,172800.0,172800.0,177400.0,172600.0,174400.0,12
2020-01-17,170400.0,170400.0,174060.0,170100.0,171600.0,18
2020-01-21,168400.0,168400.0,172580.0,168400.0,170400.0,19
2020-01-22,168000.0,168000.0,169780.0,162800.0,164600.0,23
2020-01-23,165300.0,165300.0,172740.0,164620.0,170600.0,14
2020-01-24,171800.0,171800.0,175200.0,163400.0,164400.0,39
2020-01-27,184400.0,184400.0,191400.0,180800.0,190000.0,39
2020-01-28,173600.0,173600.0,180800.0,172280.0,177200.0,30
2020-01-29,170000.0,170000.0,174400.0,167400.0,169600.0,34
2020-01-30,167200.0,167200.0,174800.0,167100.0,173600.0,30
2020-01-31,170200.0,170200.0,174000.0,164200.0,164200.0,28
2020-02-03,147400.0,147400.0,166800.0,146800.0,166800.0,54
2020-02-04,129600.0,129600.0,137800.0,121400.0,132000.0,87
2020-02-05,141700.0,141700.0,145200.0,129400.0,129400.0,67
2020-02-06,131400.0,131400.0,140800.0,127200.0,139200.0,43
2020-02-07,135000.0,135000.0,136900.0,132800.0,136000.0,36
2020-02-10,130100.0,130100.0,133600.0,128720.0,133000.0,20
2020-02-11,129000.0,129000.0,130300.0,124220.0,127200.0,26
2020-02-12,123000.0,123000.0,125600.0,122400.0,125600.0,24
2020-02-13,121500.0,121500.0,128400.0,119000.0,128000.0,37
2020-02-14,120000.0,120000.0,121000.0,117200.0,120800.0,27
2020-02-18,112500.0,112500.0,119400.0,112400.0,119400.0,47
2020-02-19,104600.0,104600.0,108300.0,103400.0,107400.0,38
2020-02-20,108200.0,108200.0,114800.0,105000.0,105800.0,88
2020-02-21,114800.0,114800.0,117000.0,109400.0,110200.0,71
2020-02-24,132200.0,132200.0,136200.0,127600.0,132000.0,125
2020-02-25,143200.0,143200.0,144600.0,126000.0,128200.0,199
2020-02-26,140800.0,140800.0,144100.0,132000.0,142000.0,133
2020-02-27,165000.0,165000.0,165400.0,147000.0,155000.0,206
2020-02-28,160000.0,160000.0,186480.0,159200.0,186200.0,139
2020-03-02,137480.0,137480.0,159200.0,137480.0,145800.0,92
2020-03-03,145600.0,145600.0,153000.0,127800.0,128000.0,149
2020-03-04,132800.0,132800.0,144800.0,132800.0,138600.0,131
2020-03-05,144200.0,144200.0,147400.0,135000.0,142200.0,159
2020-03-06,156140.0,156140.0,165200.0,153000.0,158000.0,137
2020-03-09,188400.0,188400.0,200000.0,171000.0,171800.0,97
2020-03-10,163200.0,163200.0,184000.0,157200.0,163200.0,65
2020-03-11,175000.0,175000.0,184200.0,163000.0,163000.0,70
2020-03-12,229200.0,229200.0,231000.0,199400.0,212200.0,74
2020-03-13,189200.0,189200.0,240000.0,186000.0,188200.0,45
2020-03-16,262000.0,262000.0,262000.0,218260.0,249200.0,48
2020-03-17,231000.0,231000.0,283000.0,206600.0,243400.0,39
2020-03-18,270000.0,270000.0,293200.0,242000.0,270000.0,47
2020-03-19,224000.0,224000.0,272000.0,194200.0,270000.0,38
2020-03-20,235400.0,235400.0,236300.0,191000.0,193200.0,47
2020-03-23,220200.0,220200.0,251000.0,215920.0,235800.0,31
2020-03-24,171000.0,171000.0,193400.0,170000.0,183600.0,41
2020-03-25,175200.0,175200.0,181400.0,154200.0,168000.0,53
2020-03-26,162600.0,162600.0,170400.0,157060.0,170200.0,45
2020-03-27,166000.0,166000.0,174100.0,160400.0,169200.0,39
2020-03-30,158400.0,158400.0,173000.0,157440.0,167600.0,45
2020-03-31,156280.0,156280.0,160360.0,143200.0,158000.0,68
2020-04-01,177000.0,177000.0,181400.0,162000.0,167600.0,54
2020-04-02,175400.0,175400.0,186000.0,168200.0,179800.0,34
2020-04-03,180000.0,180000.0,187400.0,165400.0,166200.0,27
2020-04-06,143400.0,143400.0,164000.0,143000.0,160000.0,36
2020-04-07,140800.0,140800.0,142100.0,128000.0,132000.0,73
2020-04-08,134800.0,134800.0,142200.0,133800.0,136600.0,34
2020-04-09,131200.0,131200.0,136800.0,126400.0,129200.0,56
2020-04-13,117200.0,117200.0,132400.0,116300.0,130800.0,76
2020-04-14,100200.0,100200.0,109180.0,95700.0,107600.0,94
2020-04-15,98100.0,98100.0,103800.0,96000.0,103000.0,48
2020-04-16,92740.0,92740.0,98200.0,90000.0,95800.0,75
2020-04-17,93600.0,93600.0,96600.0,89700.0,89800.0,45
2020-04-20,93400.0,93400.0,96200.0,89480.0,96200.0,62
2020-04-21,101800.0,101800.0,107720.0,95000.0,95200.0,147
2020-04-22,91800.0,91800.0,98600.0,91800.0,97200.0,54
2020-04-23,95000.0,95000.0,95980.0,89400.0,91800.0,55
2020-04-24,90600.0,90600.0,97400.0,90400.0,94800.0,61
2020-04-27,87200.0,87200.0,88800.0,84200.0,88000.0,67
2020-04-28,94800.0,94800.0,94800.0,85600.0,85800.0,99
2020-04-29,82400.0,82400.0,88200.0,80400.0,87600.0,120
2020-04-30,82400.0,82400.0,85000.0,77900.0,80000.0,90
2020-05-01,91400.0,91400.0,93760.0,86000.0,89000.0,153
2020-05-04,86800.0,86800.0,93800.0,86600.0,93400.0,58
2020-05-05,84000.0,84000.0,85800.0,81400.0,82600.0,75
2020-05-06,82900.0,82900.0,84600.0,80400.0,82600.0,68
2020-05-07,81000.0,81000.0,82000.0,79000.0,80800.0,59
2020-05-08,74700.0,74700.0,78600.0,74400.0,77400.0,69
2020-05-11,72600.0,72600.0,76100.0,71800.0,76000.0,62
2020-05-12,76800.0,76800.0,76800.0,70680.0,71600.0,74
2020-05-13,79400.0,79400.0,82800.0,72660.0,74800.0,169
2020-05-14,76800.0,76800.0,84200.0,76600.0,81600.0,128
2020-05-15,72400.0,72400.0,79600.0,72400.0,79600.0,93
2020-05-18,67800.0,67800.0,70000.0,66600.0,69600.0,72
2020-05-19,66600.0,66600.0,66600.0,63000.0,65600.0,82
2020-05-20,61800.0,61800.0,64200.0,60900.0,63600.0,55
2020-05-21,62800.0,62800.0,65100.0,60800.0,62200.0,51
2020-05-22,64200.0,64200.0,65700.0,63400.0,63800.0,93
2020-05-26,64200.0,64200.0,64400.0,60600.0,60800.0,54
2020-05-27,65000.0,65000.0,71300.0,65000.0,65800.0,129
2020-05-28,68200.0,68200.0,68600.0,64300.0,68600.0,71
2020-05-29,65000.0,65000.0,69720.0,64800.0,67000.0,75
2020-06-01,61800.0,61800.0,65600.0,61600.0,65400.0,52
2020-06-02,61200.0,61200.0,63600.0,60800.0,61800.0,49
2020-06-03,58600.0,58600.0,61000.0,58200.0,60600.0,60
2020-06-04,61600.0,61600.0,62400.0,58000.0,59400.0,61
2020-06-05,57000.0,57000.0,60300.0,56820.0,59800.0,76
2020-06-08,54200.0,54200.0,57200.0,54200.0,56600.0,37
2020-06-09,52400.0,52400.0,55600.0,51800.0,55000.0,69
2020-06-10,49400.0,49400.0,50800.0,48800.0,50000.0,69
2020-06-11,56600.0,56600.0,56600.0,51200.0,53200.0,150
2020-06-12,56000.0,56000.0,58800.0,51800.0,53000.0,140
2020-06-15,52700.0,52700.0,58600.0,52400.0,58600.0,73
2020-06-16,50000.0,50000.0,52200.0,48400.0,49000.0,67
2020-06-17,49200.0,49200.0,50200.0,48280.0,49600.0,48
2020-06-18,49000.0,49000.0,50000.0,48500.0,49400.0,26
2020-06-19,49400.0,49400.0,50100.0,47400.0,47800.0,50
2020-06-22,47800.0,47800.0,49800.0,47600.0,49800.0,43
2020-06-23,46800.0,46800.0,47200.0,45200.0,46800.0,66
2020-06-24,49400.0,49400.0,50500.0,45800.0,47200.0,110
2020-06-25,48100.0,48100.0,51200.0,48000.0,49800.0,60
2020-06-26,54400.0,54400.0,54400.0,48000.0,48000.0,138
2020-06-29,52400.0,52400.0,57200.0,52000.0,55000.0,129
2020-06-30,49000.0,49000.0,52100.0,48600.0,52000.0,73
2020-07-01,45000.0,45000.0,48600.0,44600.0,48600.0,132
2020-07-02,43200.0,43200.0,43800.0,41800.0,42400.0,118
2020-07-06,36200.0,36200.0,40400.0,36200.0,40400.0,161
2020-07-07,36500.0,36500.0,36800.0,34800.0,36200.0,143
2020-07-08,33400.0,33400.0,35400.0,33000.0,35400.0,205
2020-07-09,32200.0,32200.0,34400.0,31700.0,32200.0,250
2020-07-10,29800.0,29800.0,33100.0,29800.0,32200.0,202
2020-07-13,32400.0,32400.0,33000.0,26600.0,28000.0,598
2020-07-14,32000.0,32000.0,36000.0,31600.0,33400.0,794
2020-07-15,32000.0,32000.0,34000.0,31200.0,31400.0,542
2020-07-16,32600.0,32600.0,34600.0,32200.0,33800.0,351
2020-07-17,33000.0,33000.0,34400.0,32600.0,32800.0,195
2020-07-20,29380.0,29380.0,33300.0,29238.0,32660.0,412
2020-07-21,30640.0,30640.0,30800.0,28240.0,28640.0,682
2020-07-22,30860.0,30860.0,31600.0,30000.0,30520.0,389
2020-07-23,33020.0,33020.0,33880.0,29800.0,30040.0,829
2020-07-24,34000.0,34000.0,36480.0,33360.0,35260.0,1043
2020-07-27,32100.0,32100.0,34520.0,32080.0,33880.0,673
2020-07-28,33940.0,33940.0,33960.0,32020.0,32760.0,793
2020-07-29,32360.0,32360.0,33180.0,31880.0,32940.0,573
2020-07-30,32200.0,32200.0,33810.0,31940.0,33340.0,673
2020-07-31,30960.0,30960.0,32160.0,29820.0,29840.0,630
2020-08-03,29680.0,29680.0,30260.0,29240.0,30260.0,359
2020-08-04,28800.0,28800.0,29520.0,28660.0,29500.0,302
2020-08-05,28440.0,28440.0,28860.0,28120.0,28600.0,373
2020-08-06,27060.0,27060.0,28740.0,26760.0,28460.0,383
2020-08-07,28380.0,28380.0,29460.0,27000.0,27480.0,503
2020-08-10,29200.0,29200.0,30220.0,27580.0,28220.0,361
2020-08-11,30800.0,30800.0,30900.0,28680.0,29700.0,527
2020-08-12,27340.0,27340.0,29340.0,26780.0,29260.0,706
2020-08-13,26540.0,26540.0,27020.0,25840.0,26680.0,731
2020-08-14,26560.0,26560.0,27440.0,26360.0,26500.0,422
2020-08-17,24200.0,24200.0,26140.0,24160.0,26120.0,906
2020-08-18,23340.0,23340.0,24160.0,23060.0,23740.0,482
2020-08-19,23500.0,23500.0,23900.0,22760.0,23400.0,628
2020-08-20,22140.0,22140.0,24140.0,22040.0,24040.0,549
2020-08-21,21150.0,21150.0,21960.0,20920.0,21960.0,855
2020-08-24,20620.0,20620.0,21460.0,19660.0,19940.0,1174
2020-08-25,19970.0,19970.0,21192.0,19940.0,21000.0,581
2020-08-26,17680.0,17680.0,19600.0,17620.0,19560.0,2173
2020-08-27,18140.0,18140.0,18820.0,17480.0,17600.0,1745
2020-08-28,17720.0,17720.0,18178.0,17470.0,17780.0,1348
2020-08-31,16500.0,16500.0,17920.0,16280.0,17800.0,1838
2020-09-01,15900.0,15900.0,16646.0,15640.0,16200.0,1569
2020-09-02,15880.0,15880.0,17400.0,15180.0,15200.0,2092
2020-09-03,18720.0,18720.0,19220.0,16960.0,17398.0,4385
2020-09-04,19260.0,19260.0,22800.0,18100.0,19740.0,8527
2020-09-08,23460.0,23460.0,23560.0,21160.0,22880.0,3763
2020-09-09,20800.0,20800.0,22200.0,20500.0,21200.0,2068
2020-09-10,21840.0,21840.0,22520.0,19400.0,19760.0,3432
2020-09-11,22040.0,22040.0,23320.0,21000.0,21240.0,2396
2020-09-14,20280.0,20280.0,21340.0,19862.0,20700.0,1690
2020-09-15,18720.0,18720.0,19560.0,18560.0,19000.0,1903
2020-09-16,19620.0,19620.0,19700.0,18400.0,18840.0,1727
2020-09-17,20820.0,20820.0,21700.0,20320.0,21480.0,2176
2020-09-18,20920.0,20920.0,22060.0,19900.0,19980.0,1692
2020-09-21,20420.0,20420.0,22640.0,20420.0,22200.0,2012
2020-09-22,19520.0,19520.0,21106.0,19420.0,19920.0,978
2020-09-23,21120.0,21120.0,21320.0,19372.0,19820.0,1645
2020-09-24,21160.0,21160.0,22200.0,20360.0,22000.0,1580
2020-09-25,19640.0,19640.0,21540.0,19600.0,20880.0,1020
2020-09-28,18600.0,18600.0,19340.0,18540.0,18820.0,818
2020-09-29,18500.0,18500.0,18860.0,18240.0,18740.0,756
2020-09-30,17640.0,17640.0,18540.0,17180.0,18540.0,1489
2020-10-01,16600.0,16600.0,17380.0,16524.0,16960.0,1352
2020-10-02,17980.0,17980.0,18120.0,16940.0,17900.0,2187
2020-10-05,16800.0,16800.0,17640.0,16800.0,17580.0,774
2020-10-06,17700.0,17700.0,17960.0,16640.0,16960.0,1142
2020-10-07,16720.0,16720.0,17316.0,16620.0,17080.0,788
2020-10-08,16560.0,16560.0,16698.0,16240.0,16340.0,584
2020-10-09,16080.0,16080.0,16500.0,16080.0,16360.0,438
2020-10-12,14500.0,14500.0,15320.0,13940.0,15120.0,1533
2020-10-13,14580.0,14580.0,14820.0,14240.0,14320.0,1067
2020-10-14,14740.0,14740.0,14758.0,14040.0,14360.0,1062
2020-10-15,15240.0,15240.0,15710.0,15080.0,15380.0,1175
2020-10-16,15400.0,15400.0,15560.0,14640.0,14760.0,750
2020-10-19,16100.0,16100.0,16280.0,14910.0,15080.0,1098
2020-10-20,15800.0,15800.0,16200.0,15362.0,15960.0,801
2020-10-21,15380.0,15380.0,15520.0,14802.0,15420.0,1188
2020-10-22,15440.0,15440.0,16164.0,14970.0,15080.0,915
2020-10-23,15140.0,15140.0,15940.0,15140.0,15400.0,556
2020-10-26,15920.0,15920.0,16380.0,14900.0,15620.0,1305
2020-10-27,14860.0,14860.0,15800.0,14760.0,15540.0,926
2020-10-28,16720.0,16720.0,16720.0,15584.0,15600.0,1609
2020-10-29,15040.0,15040.0,16060.0,14660.0,15900.0,1746
2020-10-30,17440.0,17440.0,17860.0,16080.0,16160.0,2715
2020-11-02,17420.0,17420.0,18060.0,16570.0,17142.0,2298
2020-11-03,16860.0,16860.0,17766.0,16380.0,17460.0,1464
2020-11-04,14680.0,14680.0,15740.0,14360.0,15380.0,1948
2020-11-05,13620.0,13620.0,14220.0,13540.0,13540.0,1353
2020-11-06,13540.0,13540.0,14320.0,13520.0,13760.0,1202
2020-11-09,14760.0,14760.0,14852.0,13100.0,13380.0,2086
2020-11-10,16000.0,16000.0,16600.0,15200.0,15260.0,2150
2020-11-11,15040.0,15040.0,15880.0,14980.0,15540.0,760
2020-11-12,15200.0,15200.0,15402.0,14590.0,14900.0,797
2020-11-13,15140.0,15140.0,15800.0,14980.0,15000.0,600
2020-11-16,15060.0,15060.0,15420.0,14760.0,15200.0,631
2020-11-17,15002.0,15002.0,15120.0,14640.0,14700.0,471
2020-11-18,14820.0,14820.0,15260.0,14320.0,14960.0,821
2020-11-19,14640.0,14640.0,15200.0,14550.0,15060.0,435
2020-11-20,14620.0,14620.0,14820.0,14382.0,14560.0,654
2020-11-23,14820.0,14820.0,15100.0,14280.0,14480.0,736
2020-11-24,13980.0,13980.0,14838.0,13940.0,14440.0,1135
2020-11-25,13440.0,13440.0,14180.0,13420.0,14020.0,751
2020-11-27,13100.0,13100.0,13300.0,12900.0,13180.0,816
2020-11-30,13360.0,13360.0,14100.0,13000.0,13100.0,1289
2020-12-01,12600.0,12600.0,13196.0,12460.0,12960.0,1124
2020-12-02,12640.0,12640.0,13400.0,12440.0,13200.0,1235
2020-12-03,12440.0,12440.0,12584.0,12220.0,12400.0,927
2020-12-04,12480.0,12480.0,12560.0,12328.0,12440.0,491
2020-12-07,11940.0,11940.0,12520.0,11910.0,12500.0,1418
2020-12-08,11940.0,11940.0,12400.0,11900.0,11980.0,793
2020-12-09,12560.0,12560.0,12840.0,11640.0,11860.0,1714
2020-12-10,11860.0,11860.0,13180.0,11820.0,13100.0,1552
2020-12-11,12000.0,12000.0,12380.0,11880.0,12160.0,1030
2020-12-14,11580.0,11580.0,11760.0,11280.0,11720.0,1407
2020-12-15,10900.0,10900.0,11448.0,10760.0,11200.0,1253
2020-12-16,10620.0,10620.0,10710.0,10260.0,10560.0,1162
2020-12-17,10260.0,10260.0,10530.0,10200.0,10420.0,665
2020-12-18,10140.0,10140.0,10484.0,10020.0,10020.0,1169
2020-12-21,10260.0,10260.0,10600.0,10180.0,10500.0,925
2020-12-22,10440.0,10440.0,10760.0,10100.0,10100.0,559
2020-12-23,10540.0,10540.0,10700.0,10280.0,10380.0,588
2020-12-24,10940.0,10940.0,11060.0,10720.0,10800.0,521
2020-12-28,10340.0,10340.0,10870.0,10270.0,10720.0,839
2020-12-29,10140.0,10140.0,10320.0,10000.0,10140.0,980
2020-12-30,9700.0,9700.0,10080.0,9680.0,9940.0,911
2020-12-31,9720.0,9720.0,9880.0,9630.0,9640.0,680
2021-01-04,10020.0,10020.0,10360.0,9500.0,9700.0,1524
2021-01-05,9740.0,9740.0,10220.0,9690.0,10160.0,668
2021-01-06,10540.0,10540.0,10540.0,9820.0,10120.0,1812
2021-01-07,9700.0,9700.0,10210.0,9660.0,10020.0,1140
2021-01-08,8820.0,8820.0,9600.0,8820.0,9200.0,1719
2021-01-11,9880.0,9880.0,9900.0,9320.0,9320.0,2718
2021-01-12,9620.0,9620.0,9880.0,9498.0,9600.0,1322
2021-01-13,9380.0,9380.0,9678.0,9170.0,9500.0,729
2021-01-14,9380.0,9380.0,9480.0,9040.0,9200.0,627
2021-01-15,9800.0,9800.0,9840.0,9262.0,9440.0,1081
2021-01-19,9140.0,9140.0,9480.0,9100.0,9320.0,1162
2021-01-20,7880.0,7880.0,8300.0,7660.0,8240.0,3109
2021-01-21,7780.0,7780.0,7880.0,7680.0,7720.0,1158
2021-01-22,7760.0,7760.0,7900.0,7660.0,7900.0,938
2021-01-25,7600.0,7600.0,8200.0,7300.0,7420.0,1849
2021-01-26,7420.0,7420.0,7640.0,7380.0,7540.0,896
2021-01-27,8260.0,8260.0,8300.0,7700.0,7720.0,2559
2021-01-28,8100.0,8100.0,8320.0,7760.0,8240.0,1162
2021-01-29,8800.0,8800.0,8920.0,8220.0,8280.0,2479
2021-02-01,7900.0,7900.0,8600.0,7840.0,8380.0,1407
2021-02-02,7440.0,7440.0,7700.0,7380.0,7700.0,997
2021-02-03,7380.0,7380.0,7380.0,7100.0,7200.0,1442
2021-02-04,7100.0,7100.0,7420.0,7100.0,7260.0,691
2021-02-05,6920.0,6920.0,7230.0,6880.0,7120.0,882
2021-02-08,6720.0,6720.0,6820.0,6670.0,6740.0,651
2021-02-09,6480.0,6480.0,6760.0,6300.0,6760.0,1435
2021-02-10,6200.0,6200.0,6580.0,5940.0,6120.0,2212
2021-02-11,6080.0,6080.0,6280.0,6020.0,6060.0,1203
2021-02-12,5940.0,5940.0,6260.0,5940.0,6220.0,1274
2021-02-16,5760.0,5760.0,5960.0,5680.0,5900.0,1018
2021-02-17,6030.0,6030.0,6280.0,5940.0,6000.0,1758
2021-02-18,6220.0,6220.0,6520.0,6180.0,6420.0,1883
2021-02-19,6020.0,6020.0,6260.0,5940.0,6080.0,1211
2021-02-22,6480.0,6480.0,6550.0,5998.0,6380.0,1552
2021-02-23,6480.0,6480.0,7720.0,6420.0,7140.0,6374
2021-02-24,6580.0,6580.0,6980.0,6540.0,6720.0,2130
2021-02-25,7180.0,7180.0,7370.0,6340.0,6620.0,3304
2021-02-26,7180.0,7180.0,7518.0,6740.0,7000.0,3129
2021-03-01,6560.0,6560.0,7040.0,6560.0,6720.0,1228
2021-03-02,6960.0,6960.0,6980.0,6504.0,6620.0,1249
2021-03-03,7700.0,7700.0,7800.0,6790.0,6980.0,3001
2021-03-04,8420.0,8420.0,8740.0,7500.0,7800.0,7921
2021-03-05,8180.0,8180.0,9600.0,8040.0,8080.0,10562
2021-03-08,9480.0,9480.0,9500.0,8122.0,8300.0,6206
2021-03-09,7540.0,7540.0,8540.0,7440.0,8426.0,5133
2021-03-10,7800.0,7800.0,8000.0,7040.0,7040.0,5839
2021-03-11,6920.0,6920.0,7420.0,6900.0,7280.0,2667
2021-03-12,7220.0,7220.0,7580.0,7220.0,7380.0,2704
2021-03-15,6920.0,6920.0,7440.0,6920.0,7320.0,1847
2021-03-16,7000.0,7000.0,7120.0,6640.0,6840.0,2761
2021-03-17,6660.0,6660.0,7420.0,6520.0,7260.0,3460
2021-03-18,7420.0,7420.0,7420.0,6880.0,6960.0,2838
2021-03-19,7240.0,7240.0,7620.0,7200.0,7420.0,2716
2021-03-22,7000.0,7000.0,7200.0,6800.0,7140.0,1862
2021-03-23,7080.0,7080.0,7120.0,6820.0,7000.0,2095
2021-03-24,7760.0,7760.0,7760.0,7000.0,7000.0,3399
2021-03-25,8200.0,8200.0,8400.0,7720.0,8160.0,6973
2021-03-26,8100.0,8100.0,8960.0,8100.0,8400.0,5708
2021-03-29,7940.0,7940.0,8320.0,7830.0,8120.0,3237
2021-03-30,7900.0,7900.0,8200.0,7700.0,8100.0,2040
2021-03-31,7400.0,7400.0,7650.0,7280.0,7580.0,1930
2021-04-01,7180.0,7180.0,7240.0,6900.0,7060.0,1463
2021-04-05,6660.0,6660.0,6960.0,6640.0,6820.0,1922
2021-04-06,6560.0,6560.0,6700.0,6430.0,6660.0,1535
2021-04-07,6440.0,6440.0,6700.0,6360.0,6640.0,1419
2021-04-08,6160.0,6160.0,6320.0,6140.0,6260.0,1255
2021-04-09,6180.0,6180.0,6378.0,6160.0,6300.0,1634
2021-04-12,5940.0,5940.0,6210.0,5920.0,6140.0,1765
2021-04-13,5640.0,5640.0,5906.0,5590.0,5900.0,2432
2021-04-14,5980.0,5980.0,6010.0,5570.0,5580.0,2645
2021-04-15,5680.0,5680.0,5830.0,5640.0,5800.0,2062
2021-04-16,5740.0,5740.0,5860.0,5640.0,5660.0,1807
2021-04-19,5960.0,5960.0,6118.0,5770.0,5840.0,2425
2021-04-20,6120.0,6120.0,6300.0,5880.0,5960.0,2499
2021-04-21,6100.0,6100.0,6440.0,6100.0,6400.0,2088
2021-04-22,6420.0,6420.0,6470.0,6060.0,6080.0,2706
2021-04-23,6060.0,6060.0,6320.0,6020.0,6300.0,1397
2021-04-26,5980.0,5980.0,6140.0,5960.0,6040.0,1360
2021-04-27,6020.0,6020.0,6100.0,5880.0,5960.0,1318
2021-04-28,6040.0,6040.0,6080.0,5840.0,6000.0,2174
2021-04-29,5970.0,5970.0,6180.0,5700.0,5710.0,2433
2021-04-30,6280.0,6280.0,6334.0,6090.0,6334.0,2751
2021-05-03,6500.0,6500.0,6540.0,6162.0,6200.0,1755
2021-05-04,6840.0,6840.0,7180.0,6562.0,6620.0,2939
2021-05-05,7000.0,7000.0,7050.0,6600.0,6680.0,1973
2021-05-06,6940.0,6940.0,7260.0,6900.0,7040.0,2865
2021-05-07,6820.0,6820.0,6920.0,6580.0,6640.0,2376
2021-05-10,7560.0,7560.0,7580.0,6980.0,6980.0,2832
2021-05-11,7480.0,7480.0,8230.0,7400.0,8180.0,5615
2021-05-12,8100.0,8100.0,8120.0,7540.0,7800.0,3837
2021-05-13,8300.0,8300.0,8480.0,7720.0,7780.0,3402
2021-05-14,7560.0,7560.0,8080.0,7520.0,7900.0,1563
2021-05-17,7560.0,7560.0,7860.0,7482.0,7620.0,1932
2021-05-18,7700.0,7700.0,7700.0,7260.0,7480.0,1255
2021-05-19,7740.0,7740.0,8160.0,7680.0,8160.0,2420
2021-05-20,7140.0,7140.0,7540.0,7100.0,7540.0,1323
2021-05-21,7320.0,7320.0,7320.0,6970.0,6980.0,1445
2021-05-24,6780.0,6780.0,7216.0,6704.0,7160.0,1523
2021-05-25,6740.0,6740.0,6860.0,6600.0,6680.0,1188
2021-05-26,6600.0,6600.0,6710.0,6560.0,6660.0,693
2021-05-27,6620.0,6620.0,6740.0,6560.0,6600.0,951
2021-05-28,6540.0,6540.0,6620.0,6440.0,6600.0,875
2021-06-01,6500.0,6500.0,6650.0,6360.0,6400.0,1361
2021-06-02,6500.0,6500.0,6640.0,6420.0,6500.0,1235
2021-06-03,6800.0,6800.0,6800.0,6580.0,6660.0,2395
2021-06-04,6340.0,6340.0,6660.0,6300.0,6660.0,2385
2021-06-07,6320.0,6320.0,6520.0,6260.0,6380.0,1569
2021-06-08,6340.0,6340.0,6460.0,6160.0,6200.0,1762
2021-06-09,6380.0,6380.0,6400.0,6210.0,6280.0,1568
2021-06-10,6260.0,6260.0,6450.0,6220.0,6380.0,1729
2021-06-11,6220.0,6220.0,6310.0,6180.0,6220.0,844
2021-06-14,5960.0,5960.0,6230.0,5940.0,6140.0,1644
2021-06-15,6140.0,6140.0,6160.0,5940.0,5980.0,1539
2021-06-16,6160.0,6160.0,6370.0,6040.0,6100.0,1968
2021-06-17,5820.0,5820.0,6220.0,5760.0,6200.0,2556
2021-06-18,5860.0,5860.0,5940.0,5740.0,5880.0,2227
2021-06-21,5860.0,5860.0,6120.0,5840.0,5900.0,1750
2021-06-22,5600.0,5600.0,5874.0,5560.0,5840.0,2078
2021-06-23,5400.0,5400.0,5536.0,5320.0,5532.0,2240
2021-06-24,5160.0,5160.0,5240.0,5060.0,5220.0,2650
2021-06-25,5100.0,5100.0,5200.0,5000.0,5080.0,1851
2021-06-28,4820.0,4820.0,5020.0,4784.0,5000.0,2547
2021-06-29,4820.0,4820.0,4960.0,4800.0,4840.0,1782
2021-06-30,4880.0,4880.0,4880.0,4780.0,4840.0,1330
2021-07-01,4900.0,4900.0,5000.0,4780.0,4860.0,2424
2021-07-02,4820.0,4820.0,4920.0,4800.0,4840.0,1634
2021-07-06,4820.0,4820.0,4980.0,4780.0,4820.0,2773
2021-07-07,4920.0,4920.0,4960.0,4680.0,4680.0,2512
2021-07-08,5160.0,5160.0,5360.0,5080.0,5260.0,4282
2021-07-09,4920.0,4920.0,5140.0,4920.0,5080.0,2076
2021-07-12,4800.0,4800.0,4940.0,4780.0,4880.0,2317
2021-07-13,4780.0,4780.0,4840.0,4620.0,4800.0,3172
2021-07-14,4820.0,4820.0,4820.0,4620.0,4640.0,3569
2021-07-15,4940.0,4940.0,5060.0,4720.0,4740.0,4777
2021-07-16,5220.0,5220.0,5240.0,4860.0,4920.0,4453
2021-07-19,5320.0,5320.0,5540.0,5280.0,5460.0,6068
2021-07-20,5140.0,5140.0,5440.0,5040.0,5240.0,3578
2021-07-21,5020.0,5020.0,5160.0,5020.0,5140.0,3007
2021-07-22,4960.0,4960.0,5060.0,4920.0,4980.0,2335
2021-07-23,4860.0,4860.0,5064.0,4800.0,4900.0,2766
2021-07-26,5000.0,5000.0,5100.0,4900.0,4940.0,2462
2021-07-27,5220.0,5220.0,5480.0,5042.0,5120.0,4642
2021-07-28,4960.0,4960.0,5220.0,4860.0,5060.0,4613
2021-07-29,4940.0,4940.0,5020.0,4860.0,4940.0,2740
2021-07-30,5120.0,5120.0,5220.0,5020.0,5200.0,2652
2021-08-02,5000.0,5000.0,5100.0,4900.0,4960.0,1990
2021-08-03,5080.0,5080.0,5240.0,4960.0,5000.0,2301
2021-08-04,4920.0,4920.0,5038.0,4900.0,5020.0,2078
2021-08-05,4840.0,4840.0,4974.0,4820.0,4880.0,2484
2021-08-06,5000.0,5000.0,5000.0,4810.0,4860.0,2025
2021-08-09,4940.0,4940.0,5036.0,4902.0,4940.0,1199
2021-08-10,5040.0,5040.0,5080.0,4892.0,4900.0,980
2021-08-11,5100.0,5100.0,5190.0,4960.0,4960.0,1845
2021-08-12,5080.0,5080.0,5280.0,5060.0,5180.0,1570
2021-08-13,5140.0,5140.0,5160.0,5060.0,5100.0,1136
2021-08-16,5320.0,5320.0,5520.0,5180.0,5260.0,2824
2021-08-17,5600.0,5600.0,5720.0,5420.0,5520.0,3646
2021-08-18,5680.0,5680.0,5690.0,5450.0,5560.0,3405
2021-08-19,5740.0,5740.0,5870.0,5540.0,5840.0,3298
2021-08-20,5520.0,5520.0,5680.0,5460.0,5600.0,1945
2021-08-23,5140.0,5140.0,5450.0,5100.0,5440.0,2084
2021-08-24,4900.0,4900.0,5020.0,4880.0,5000.0,2010
2021-08-25,4900.0,4900.0,4980.0,4880.0,4940.0,1265
2021-08-26,5020.0,5020.0,5050.0,4860.0,4940.0,2198
2021-08-27,4880.0,4880.0,5040.0,4840.0,5000.0,1644
2021-08-30,4640.0,4640.0,4820.0,4600.0,4820.0,2485
2021-08-31,4560.0,4560.0,4680.0,4540.0,4600.0,2644
2021-09-01,4400.0,4400.0,4520.0,4320.0,4520.0,3758
2021-09-02,4500.0,4500.0,4500.0,4320.0,4340.0,2874
2021-09-03,4420.0,4420.0,4560.0,4420.0,4500.0,2327
2021-09-07,4260.0,4260.0,4360.0,4200.0,4360.0,2896
2021-09-08,4380.0,4380.0,4490.0,4224.0,4260.0,3328
2021-09-09,4460.0,4460.0,4460.0,4340.0,4420.0,2725
2021-09-10,4540.0,4540.0,4560.0,4300.0,4360.0,3276
2021-09-13,4640.0,4640.0,4800.0,4480.0,4480.0,5412
2021-09-14,4720.0,4720.0,4760.0,4580.0,4600.0,4909
2021-09-15,4620.0,4620.0,4860.0,4580.0,4720.0,4149
2021-09-16,4640.0,4640.0,4780.0,4580.0,4660.0,4369
2021-09-17,4700.0,4700.0,4772.0,4580.0,4620.0,4495
2021-09-20,5140.0,5140.0,5340.0,4940.0,5000.0,9110
2021-09-21,5040.0,5040.0,5120.0,4940.0,5000.0,7624
2021-09-22,4860.0,4860.0,5060.0,4780.0,5000.0,6061
2021-09-23,4700.0,4700.0,4876.0,4680.0,4760.0,4342
2021-09-24,4700.0,4700.0,4880.0,4700.0,4800.0,3770
2021-09-27,4740.0,4740.0,4960.0,4700.0,4840.0,3852
2021-09-28,5140.0,5140.0,5160.0,4826.0,4872.0,6245
2021-09-29,5220.0,5220.0,5220.0,4920.0,5000.0,5453
2021-09-30,5180.0,5180.0,5180.0,5000.0,5120.0,4492
2021-10-01,5140.0,5140.0,5340.0,5080.0,5140.0,4294
2021-10-04,5580.0,5580.0,5674.0,5180.0,5180.0,6692
2021-10-05,5200.0,5200.0,5490.0,5080.0,5440.0,3315
2021-10-06,5060.0,5060.0,5400.0,5040.0,5360.0,4797
2021-10-07,4760.0,4760.0,4850.0,4640.0,4840.0,3648
2021-10-08,4700.0,4700.0,4760.0,4600.0,4680.0,3544
2021-10-11,4760.0,4760.0,4760.0,4560.0,4660.0,3472
2021-10-12,4840.0,4840.0,4860.0,4660.0,4720.0,3541
2021-10-13,4660.0,4660.0,4800.0,4650.0,4740.0,4230
2021-10-14,4500.0,4500.0,4620.0,4480.0,4540.0,2937
2021-10-15,4400.0,4400.0,4500.0,4380.0,4460.0,3995
2021-10-18,4160.0,4160.0,4400.0,4140.0,4400.0,2974
2021-10-19,3960.0,3960.0,4120.0,3940.0,4060.0,3360
2021-10-20,3980.0,3980.0,4060.0,3900.0,3940.0,3433
2021-10-21,3880.0,3880.0,4040.0,3860.0,4040.0,2846
2021-10-22,4000.0,4000.0,4080.0,3860.0,3940.0,4011
2021-10-25,3840.0,3840.0,4100.0,3800.0,3940.0,4276
2021-10-26,3840.0,3840.0,3940.0,3620.0,3740.0,7917
2021-10-27,3940.0,3940.0,3940.0,3800.0,3880.0,4463
2021-10-28,3780.0,3780.0,3920.0,3740.0,3800.0,4967
2021-10-29,3760.0,3760.0,3900.0,3740.0,3864.0,4864
2021-11-01,3560.0,3560.0,3720.0,3540.0,3700.0,5349
2021-11-02,3660.0,3660.0,3720.0,3596.0,3640.0,4163
2021-11-03,3500.0,3500.0,3680.0,3480.0,3600.0,4430
2021-11-04,3360.0,3360.0,3420.0,3250.0,3400.0,5908
2021-11-05,3440.0,3440.0,3440.0,3280.0,3300.0,2917
2021-11-08,3420.0,3420.0,3472.0,3360.0,3460.0,1818
2021-11-09,3600.0,3600.0,3620.0,3320.0,3340.0,4672
2021-11-10,3680.0,3680.0,3820.0,3500.0,3700.0,5131
2021-11-11,3560.0,3560.0,3580.0,3500.0,3520.0,1928
2021-11-12,3460.0,3460.0,3660.0,3460.0,3580.0,1360
2021-11-15,3480.0,3480.0,3580.0,3426.0,3460.0,2364
2021-11-16,3400.0,3400.0,3520.0,3400.0,3520.0,2164
2021-11-17,3520.0,3520.0,3540.0,3360.0,3380.0,2542
2021-11-18,3520.0,3520.0,3600.0,3440.0,3480.0,2874
2021-11-19,3440.0,3440.0,3500.0,3400.0,3460.0,2026
2021-11-22,3600.0,3600.0,3620.0,3260.0,3340.0,4150
2021-11-23,3720.0,3720.0,3850.0,3500.0,3580.0,6302
2021-11-24,3580.0,3580.0,3860.0,3560.0,3760.0,3275
2021-11-26,3760.0,3760.0,3840.0,3640.0,3660.0,2950
2021-11-29,3600.0,3600.0,3660.0,3520.0,3560.0,3137
2021-11-30,3760.0,3760.0,3840.0,3520.0,3600.0,4612
2021-12-01,4060.0,4060.0,4060.0,3560.0,3580.0,5657
2021-12-02,3880.0,3880.0,4200.0,3880.0,4060.0,6508
2021-12-03,4440.0,4440.0,4600.0,4060.0,4060.0,10234
2021-12-06,4146.0,4146.0,4677.0,4117.0,4491.0,8626
2021-12-07,3732.0,3732.0,3947.0,3730.0,3871.0,13837
2021-12-08,3660.0,3660.0,3852.0,3642.0,3742.0,12279
2021-12-09,3856.0,3856.0,3894.0,3578.0,3688.0,14551
2021-12-10,3831.0,3831.0,4006.0,3781.0,3800.0,13135
2021-12-13,4170.0,4170.0,4175.0,3882.0,3903.0,12559
2021-12-14,4171.0,4171.0,4393.0,4159.0,4356.0,13704
2021-12-15,3969.0,3969.0,4509.0,3956.0,4259.0,15527
2021-12-16,4336.0,4336.0,4389.0,3872.300048828125,3890.0,12404
2021-12-17,4357.0,4357.0,4546.0,4179.0,4477.0,9630
2021-12-20,4599.0,4599.0,4714.0,4522.2998046875,4601.0,7619
2021-12-21,4181.0,4181.0,4566.0,4144.0,4455.0,7248
2021-12-22,3999.0,3999.0,4264.0,3999.0,4230.0,4107
2021-12-23,3932.0,3932.0,4082.0,3864.0,4032.0,2880
2021-12-27,3778.0,3778.0,3882.0,3690.0,3877.0,3179
2021-12-28,3837.0,3837.0,3855.0,3719.0,3721.0,2998
2021-12-29,3920.0,3920.0,4014.5,3800.0,3848.0,2714
2021-12-30,3760.0,3760.0,3949.0,3647.0,3949.0,2510
2021-12-31,3884.0,3884.0,3914.0,3728.0,3798.0,3212
2022-01-03,3630.0,3630.0,3838.0,3626.0,3766.0,3846
2022-01-04,3854.0,3854.0,3955.0,3636.0,3636.0,5264
2022-01-05,4233.0,4233.0,4233.0,3754.0,3898.0,7046
2022-01-06,4125.0,4125.0,4378.0,3995.0,4243.0,5572
2022-01-07,4189.0,4189.0,4260.0,3943.0,4039.0,4677
2022-01-10,4178.0,4178.0,4585.0,4176.0,4344.0,7634
2022-01-11,3991.0,3991.0,4299.89990234375,3970.0,4217.0,4317
2022-01-12,3830.0,3830.0,3948.0,3771.0,3849.0,3970
2022-01-13,4235.0,4235.0,4288.0,3850.800048828125,3858.0,7323
2022-01-14,4104.0,4104.0,4353.0,4104.0,4353.0,6222
2022-01-18,4420.0,4420.0,4484.0,4237.0,4399.0,4640
2022-01-19,4530.0,4530.0,4563.7001953125,4261.0,4363.5,4802
2022-01-20,4612.0,4612.0,4616.0,4146.0,4280.0,7527
2022-01-21,5294.0,5294.0,5339.0,4842.0,4970.0,11465
2022-01-24,5478.0,5478.0,6459.0,5400.0,5809.0,16647
2022-01-25,5859.0,5859.0,5955.2998046875,5504.0,5767.0,7880
2022-01-26,5831.0,5831.0,6086.0,5227.0,5270.0,7942
2022-01-27,6125.0,6125.0,6160.0,5554.5,5590.0,5090
2022-01-28,5638.0,5638.0,6363.0,5587.0,6021.0,6134
2022-01-31,4630.0,4630.0,5442.0,4600.0,5350.0,9495
2022-02-01,4444.0,4444.0,4762.7001953125,4440.0,4537.0,5786
2022-02-02,4482.0,4482.0,4632.0,4201.0,4201.0,6957
2022-02-03,5216.0,5216.0,5238.0,4828.0,5041.0,8243
2022-02-04,4859.0,4859.0,5275.0,4718.0,5052.0,9081
2022-02-07,5164.0,5164.0,5197.0,4827.0,4920.0,6635
2022-02-08,4887.0,4887.0,5204.0,4808.0,5162.0,5144
2022-02-09,4514.0,4514.0,4767.0,4492.0,4668.0,4944
2022-02-10,4785.0,4785.0,4852.0,4457.89990234375,4770.0,6421
2022-02-11,5270.0,5270.0,5330.0,4684.5,4755.0,6605
2022-02-14,5184.0,5184.0,5378.0,4979.0,5338.0,5125
2022-02-15,4701.0,4701.0,4940.0,4665.0,4891.0,3829
2022-02-16,4718.0,4718.0,4896.7998046875,4661.10009765625,4790.0,4434
2022-02-17,5150.0,5150.0,5150.0,4716.0,4852.0,4963
2022-02-18,5488.0,5488.0,5600.10009765625,5115.0,5127.0,8993
2022-02-22,5865.0,5865.0,6057.0,5507.0,5778.0,7919
2022-02-23,6396.0,6396.0,6400.0,5528.39990234375,5631.0,7768
2022-02-24,5755.0,5755.0,7400.0,5706.0,7360.0,10750
2022-02-25,5536.0,5536.0,6022.7998046875,5536.0,5734.0,4234
2022-02-28,5445.0,5445.0,5776.0,5335.0,5718.0,4905
2022-03-01,5466.0,5466.0,5599.0,5094.0,5351.0,5174
2022-03-02,5356.0,5356.0,5744.0,5296.0,5440.0,2575
2022-03-03,5757.0,5757.0,5841.0,5234.0,5297.0,3170
2022-03-04,6145.0,6145.0,6248.0,5734.0,5885.0,3673
2022-03-07,6875.0,6875.0,6900.0,5985.0,6200.0,3794
2022-03-08,6945.0,6945.0,7333.0,6326.0,6918.0,6442
2022-03-09,6001.0,6001.0,6555.10009765625,5990.0,6400.0,2749
2022-03-10,6352.0,6352.0,6687.0,6314.0,6363.0,3556
2022-03-11,7222.0,7222.0,7242.0,6210.0,6210.0,5868
2022-03-14,8067.0,8067.0,8138.0,7352.0,7650.0,6355
2022-03-15,7326.0,7326.0,8262.0,7240.5,8067.0,5921
2022-03-16,5112.0,5112.0,6540.0,5075.0,6380.0,14457
2022-03-17,4995.0,4995.0,5444.0,4965.0,5317.0,7096
2022-03-18,4450.0,4450.0,5000.0,4378.0,4959.0,9440
2022-03-21,4550.0,4550.0,4786.0,4423.0,4650.0,9187
2022-03-22,4062.0,4062.0,4393.10009765625,4000.0,4351.0,11876
2022-03-23,4133.0,4133.0,4229.0,3880.0,4159.0,9914
2022-03-24,3952.0,3952.0,4284.0,3939.0,4119.0,7624
2022-03-25,3980.0,3980.0,4184.0,3957.0,4059.0,8137
2022-03-28,3764.0,3764.0,3997.0,3756.0,3930.0,5224
2022-03-29,3600.0,3600.0,3740.5,3526.10009765625,3577.0,9531
2022-03-30,3732.0,3732.0,3786.0,3546.199951171875,3697.0,6891
2022-03-31,4012.0,4012.0,4056.0,3774.0,3778.0,7919
2022-04-01,3968.0,3968.0,4059.0,3806.0,3827.0,6566
2022-04-04,3490.0,3490.0,3865.0,3471.0,3836.0,8328
2022-04-05,3782.0,3782.0,3844.0,3538.0,3548.0,7428
2022-04-06,4209.0,4209.0,4315.0,3987.0,4035.0,13421
2022-04-07,4275.0,4275.0,4545.7998046875,4166.0,4257.0,10903
2022-04-08,4509.0,4509.0,4543.0,4340.0,4403.0,9746
2022-04-11,4916.0,4916.0,4950.0,4706.0,4798.0,8655
2022-04-12,5028.0,5028.0,5117.0,4595.0,4679.0,10148
2022-04-13,4756.0,4756.0,5141.0,4676.0,5087.0,5494
2022-04-14,5153.0,5153.0,5190.0,4762.0,4809.0,6035
2022-04-18,5094.0,5094.0,5367.89990234375,5046.0,5238.0,7480
2022-04-19,4871.0,4871.0,5346.2998046875,4814.2001953125,5185.0,4868
2022-04-20,5729.0,5729.0,5814.0,5174.0,5174.0,8255
2022-04-21,6288.0,6288.0,6298.89990234375,5324.0,5480.0,9306
2022-04-22,6610.0,6610.0,6625.0,5921.0,6141.0,9910
2022-04-25,6440.0,6440.0,6962.0,6408.0,6900.0,8112
2022-04-26,7364.0,7364.0,7399.0,6542.0,6552.0,8126
2022-04-27,7305.0,7305.0,7487.7998046875,6826.60009765625,7361.0,8468
2022-04-28,6265.0,6265.0,7206.0,6128.39990234375,6641.0,7525
2022-04-29,6771.0,6771.0,6860.0,5850.0,6167.7998046875,8041
2022-05-02,6181.0,6181.0,7022.0,6181.0,6913.0,5773
2022-05-03,6206.0,6206.0,6377.0,6018.0,6239.0,5294
2022-05-04,5600.0,5600.0,6620.0,5515.0,6298.0,7467
2022-05-05,6647.0,6647.0,6789.0,5895.0,5895.0,8967
2022-05-06,7020.0,7020.0,7295.0,6546.0,6774.0,9611
2022-05-09,8115.0,8115.0,8283.0,7362.0,7581.0,9375
2022-05-10,7776.0,7776.0,8291.0,7304.0,7462.0,9907
2022-05-11,8739.0,8739.0,8886.0,7477.0,7834.0,7749
2022-05-12,8904.0,8904.0,9810.0,8191.0,9359.0,10637
2022-05-13,7471.0,7471.0,8378.0,7321.0,8351.0,9965
2022-05-16,7743.0,7743.0,7809.0,7361.0,7507.0,6480
2022-05-17,6993.0,6993.0,7431.5,6842.0,7036.10009765625,7303
2022-05-18,8042.0,8042.0,8125.0,7200.0,7329.0,8065
2022-05-19,7899.0,7899.0,8283.0,7489.0,8218.0,6480
2022-05-20,8142.0,8142.0,8908.099609375,7497.0,7650.0,9515
2022-05-23,7861.0,7861.0,8505.7998046875,7800.0,8141.0,4700
2022-05-24,8945.0,8945.0,9244.0,8530.0,8626.0,9421
2022-05-25,8418.0,8418.0,8988.0,8150.0,8952.0,4564
2022-05-26,6940.0,6940.0,8269.0,6784.89990234375,8250.0,13448
2022-05-27,6254.0,6254.0,6803.0,6254.0,6803.0,7009
2022-05-31,6033.0,6033.0,6360.0,5822.10009765625,5980.0,8147
2022-06-01,6221.0,6221.0,6407.0,5701.0,5952.0,7740
2022-06-02,5619.0,5619.0,6453.0,5537.0,6384.0,7126
2022-06-03,6170.0,6170.0,6269.0,5852.0,5930.0,8109
2022-06-06,5925.0,5925.0,6084.0,5508.0,5703.0,8014
2022-06-07,5691.0,5691.0,6166.89990234375,5608.0,6147.0,6157
2022-06-08,5364.0,5364.0,5622.0,5161.0,5577.0,6691
2022-06-09,6001.0,6001.0,6005.0,5320.0,5473.0,8472
2022-06-10,6644.0,6644.0,6689.0,6061.0,6156.0,14451
2022-06-13,7888.0,7888.0,7986.0,7282.0,7488.0,11272
2022-06-14,7500.0,7500.0,7880.0,7183.0,7628.0,10833
2022-06-15,6592.0,6592.0,7263.0,6366.0,7119.0,12699
2022-06-16,7638.0,7638.0,7769.2001953125,7217.0,7359.0,12839
2022-06-17,7272.2998046875,7272.2998046875,7620.0,6910.0,7156.0,9224
2022-06-21,6651.0,6651.0,6825.0,6333.0,6794.0,4874
2022-06-22,6692.0,6692.0,6912.0,6267.0,6862.0,6671
2022-06-23,6329.0,6329.0,6775.0,6244.10009765625,6446.0,6087
2022-06-24,5505.0,5505.0,6110.0,5469.89990234375,6069.0,7908
2022-06-27,5594.0,5594.0,5650.0,5278.0,5337.0,4792
2022-06-28,6171.0,6171.0,6187.7001953125,5387.0,5508.0,8462
2022-06-29,6239.0,6239.0,6464.0,6034.0,6232.0,6489
2022-06-30,6521.0,6521.0,6917.0,6282.0,6454.0,10972
2022-07-01,6422.0,6422.0,6809.89990234375,6389.0,6591.0,6608
2022-07-05,5829.0,5829.0,6856.0,5811.0,6641.0,7878
2022-07-06,5826.0,5826.0,6153.0,5688.0,5879.0,4286
2022-07-07,5300.0,5300.0,5740.0,5250.0,5728.0,6970
2022-07-08,5364.0,5364.0,5550.0,5167.0,5530.0,6866
2022-07-11,6073.0,6073.0,6094.0,5604.0,5604.0,7814
2022-07-12,6236.0,6236.0,6354.0,5863.0,5949.0,6897
2022-07-13,6156.0,6156.0,6701.0,6049.0,6668.0,8305
2022-07-14,6385.0,6385.0,6651.0,6274.0,6355.0,6736
2022-07-15,6019.0,6019.0,6415.0,5986.0,6198.0,3387
2022-07-18,5971.0,5971.0,6040.0,5420.2998046875,5670.0,6628
2022-07-19,5398.0,5398.0,5977.0,5364.0,5712.0,6247
2022-07-20,5037.0,5037.0,5373.0,4957.0,5264.39990234375,8745
2022-07-21,4670.0,4670.0,5078.0,4660.0,5004.0,8694
2022-07-22,5039.0,5039.0,5152.0,4680.0,4797.0,8889
2022-07-25,5188.0,5188.0,5307.0,4998.0,5071.0,6334
2022-07-26,5606.0,5606.0,5659.0,5249.0,5301.0,6436
2022-07-27,4704.0,4704.0,5332.0,4643.0,5249.2001953125,14276
2022-07-28,4717.0,4717.0,5075.0,4659.10009765625,4760.0,10780
2022-07-29,4543.0,4543.0,4800.89990234375,4470.0,4738.0,6292
2022-08-01,4537.0,4537.0,4697.5,4332.0,4600.0,10884
2022-08-02,4550.0,4550.0,4710.0,4315.0,4704.0,12219
2022-08-03,4141.0,4141.0,4508.5,4098.0,4495.0,7644
2022-08-04,4007.0,4007.0,4175.0,3941.0,4038.199951171875,11006
2022-08-05,4253.0,4253.0,4335.0,4087.0,4261.0,14325
2022-08-08,4326.0,4326.0,4388.0,4018.0,4294.0,10026
2022-08-09,4457.0,4457.0,4560.7998046875,4372.0,4401.0,8811
2022-08-10,3975.0,3975.0,4261.0,3967.0,4103.0,9973
2022-08-11,4039.0,4039.0,4076.0,3719.0,3878.0,8289
2022-08-12,3760.0,3760.0,4030.0,3757.0,3993.0,7704
2022-08-15,3695.0,3695.0,3850.0,3658.0,3812.0,5798
2022-08-16,3769.0,3769.0,3883.0,3673.0,3755.0,9955
2022-08-17,3944.0,3944.0,4018.0,3818.0,3902.0,8746
2022-08-18,3929.0,3929.0,4071.0,3858.0,3957.0,6839
2022-08-19,4186.0,4186.0,4240.0,4003.0,4040.0,9294
2022-08-22,4522.0,4522.0,4556.0,4352.0,4391.0,10666
2022-08-23,4499.0,4499.0,4615.7998046875,4375.0,4521.0,7356
2022-08-24,4371.0,4371.0,4575.0,4232.0,4552.0,7179
2022-08-25,3968.0,3968.0,4285.0,3963.0,4230.0,7740
2022-08-26,4476.0,4476.0,4476.0,3864.0,3916.0,15621
2022-08-29,4617.0,4617.0,4661.0,4378.0,4579.0,10592
2022-08-30,4897.0,4897.0,5041.0,4489.2001953125,4530.0,18589
2022-08-31,4855.0,4855.0,4855.0,4482.2998046875,4617.0,11999
2022-09-01,4854.0,4854.0,5258.0,4834.0,5019.0,11470
2022-09-02,5134.0,5134.0,5204.0,4736.0,4780.0,10937
2022-09-06,5357.0,5357.0,5501.0,5143.0,5173.0,13545
2022-09-07,4984.0,4984.0,5396.0,4938.0,5350.0,8029
2022-09-08,4970.0,4970.0,5243.0,4905.0,5197.0,16889
2022-09-09,4566.0,4566.0,4833.0,4533.0,4833.0,11120
2022-09-12,4361.0,4361.0,4525.0,4358.0,4519.0,10536
2022-09-13,5220.0,5220.0,5240.10009765625,4773.0,4818.0,26571
2022-09-14,5096.0,5096.0,5328.0,5040.0,5156.0,12767
2022-09-15,5180.0,5180.0,5258.0,4877.0,5119.0,13439
2022-09-16,5288.0,5288.0,5569.0,5263.0,5401.0,14535
2022-09-19,5077.0,5077.0,5405.5,5072.0,5398.0,10794
2022-09-20,5199.0,5199.0,5288.0,4986.5,5210.0,14441
2022-09-21,5603.0,5603.0,5610.0,4980.0,5213.0,15675
2022-09-22,5787.0,5787.0,5868.0,5544.0,5672.0,12018
2022-09-23,6139.0,6139.0,6369.0,5919.0,5961.0,23631
2022-09-26,6255.0,6255.0,6255.0,5790.0,6173.0,16290
2022-09-27,6231.0,6231.0,6401.0,5763.0,5965.0,12766
2022-09-28,5670.0,5670.0,6368.0,5575.0,6327.0,12515
2022-09-29,6233.0,6233.0,6442.0,5975.0,6017.0,15308
2022-09-30,6447.0,6447.0,6460.0,5874.0,6374.0,12801
2022-10-03,6212.0,6212.0,6617.5,6062.0,6400.0,13729
2022-10-04,5635.0,5635.0,5855.0,5512.0,5772.0,6482
2022-10-05,5719.0,5719.0,6130.0,5603.0,5835.0,8279
2022-10-06,5765.0,5765.0,5867.0,5531.5,5776.0,9164
2022-10-07,6561.0,6561.0,6635.0,6059.0,6125.0,11066
2022-10-10,6807.0,6807.0,7008.0,6577.0,6613.0,11930
2022-10-11,7402.0,7402.0,7525.0,6925.0,6998.0,15827
2022-10-12,7367.0,7367.0,7575.0,7157.0,7435.0,7589
2022-10-13,6900.0,6900.0,8308.0,6790.0,8155.0,19868
2022-10-14,7660.0,7660.0,7726.2998046875,6658.0,6708.0,16492
2022-10-17,6591.0,6591.0,7144.0,6461.0,7121.0,12424
2022-10-18,6527.0,6527.0,6779.0,5980.0,6025.0,10605
2022-10-19,6575.0,6575.0,6725.0,6143.0,6553.89990234375,8272
2022-10-20,6711.0,6711.0,6779.0,6137.0,6664.0,8559
2022-10-21,6244.0,6244.0,7055.0,6227.0,6974.0,11443
2022-10-24,6611.0,6611.0,7244.0,6533.60009765625,6710.0,11104
2022-10-25,6066.0,6066.0,6433.0,6015.0,6428.0,6116
2022-10-26,6431.0,6431.0,6735.0,5990.0,6650.0,12718
2022-10-27,7249.0,7249.0,7249.0,6765.0,6916.0,12153
2022-10-28,6965.0,6965.0,7606.89990234375,6940.0,7580.0,8726
2022-10-31,7342.0,7342.0,7505.0,6991.0,7129.0,7621
2022-11-01,7549.0,7549.0,7559.0,6729.0,6821.0,9193
2022-11-02,8389.0,8389.0,8394.0,7255.0,7469.0,14612
2022-11-03,8761.0,8761.0,8852.0,8202.0,8639.0,9130
2022-11-04,8154.0,8154.0,8795.0,7750.0,7847.0,11605
2022-11-07,8063.0,8063.0,8384.0,7844.60009765625,7925.0,3641
2022-11-08,7988.0,7988.0,8380.0,7706.0,7947.0,7545
2022-11-09,8797.0,8797.0,8827.0,8169.0,8250.0,7341
2022-11-10,6324.0,6324.0,7655.0,6310.0,7321.0,15563
2022-11-11,5777.0,5777.0,6449.0,5733.0,6275.0,9304
2022-11-14,5776.0,5776.0,6008.0,5497.0,5871.0,8469
2022-11-15,5194.0,5194.0,5476.0,4988.0,5120.0,14991
2022-11-16,5530.0,5530.0,5592.0,5336.0,5361.0,7700
2022-11-17,5510.0,5510.0,5912.0,5378.2998046875,5896.0,11532
2022-11-18,5765.0,5765.0,5905.7998046875,5450.0,5450.0,7994
2022-11-21,6111.0,6111.0,6176.0,5823.7998046875,5917.0,6670
2022-11-22,5861.0,5861.0,6328.0,5847.0,6100.0,5720
2022-11-23,5499.0,5499.0,5792.7001953125,5460.0,5779.0,6032
2022-11-25,5770.0,5770.0,5792.0,5644.0,5713.0,3415
2022-11-28,5997.0,5997.0,6045.0,5657.0,5922.0,6300
2022-11-29,5957.0,5957.0,6050.0,5734.0,5786.0,4615
2022-11-30,4650.0,4650.0,5799.0,4650.0,5799.0,14505
2022-12-01,4562.0,4562.0,4716.0,4475.7001953125,4690.0,8111
2022-12-02,4452.0,4452.0,4800.0,4398.0,4774.0,10429
2022-12-05,4629.0,4629.0,4699.0,4343.0,4472.0,7612
2022-12-06,4940.0,4940.0,5013.0,4583.0,4624.0,13158
2022-12-07,5094.0,5094.0,5245.0,4955.0,5136.5,8768
2022-12-08,4710.0,4710.0,5052.0,4673.0,4884.0,6804
2022-12-09,4736.0,4736.0,4736.0,4470.0,4650.0,7741
2022-12-12,4758.0,4758.0,5000.0,4749.5,4770.0,6423
2022-12-13,4488.7998046875,4488.7998046875,4650.0,4015.10009765625,4115.5,13663
2022-12-14,4591.0,4591.0,4769.0,4387.5,4524.0,7480
2022-12-15,5210.0,5210.0,5328.0,4778.0,4810.0,10434
2022-12-16,5353.0,5353.0,5384.5,5020.0,5139.0,9384
2022-12-19,5677.0,5677.0,5763.0,5357.0,5378.0,9439
2022-12-20,5728.0,5728.0,5968.0,5554.0,5863.0,9290
2022-12-21,5372.0,5372.0,5755.0,5246.0,5655.0,6047
2022-12-22,5962.0,5962.0,6246.0,5570.0,5616.0,9870
2022-12-23,5949.0,5949.0,6280.0,5849.0,6068.0,6662
2022-12-27,6518.0,6518.0,6521.0,6114.0,6123.0,6125
2022-12-28,6706.0,6706.0,6792.5,6347.0,6575.0,6102
2022-12-29,5957.0,5957.0,6471.0,5850.0,6373.0,6512
2022-12-30,5912.0,5912.0,6266.2001953125,5896.10009765625,6232.0,6900
2023-01-03,6187.0,6187.0,6343.0,5578.0,5704.0,7267
2023-01-04,6088.0,6088.0,6442.0,5950.5,6024.0,7213
2023-01-05,6546.0,6546.0,6557.0,6249.0,6252.0,7476
2023-01-06,6025.0,6025.0,6887.0,5957.0,6486.0,9126
2023-01-09,5594.0,5594.0,5744.0,5190.10009765625,5709.0,11008
2023-01-10,5315.0,5315.0,5682.0,5312.0,5670.0,7449
2023-01-11,4987.0,4987.0,5329.0,4981.0,5257.0,8687
2023-01-12,4804.0,4804.0,5291.0,4749.0,4895.0,12822
2023-01-13,4713.0,4713.0,5020.0,4678.0,5020.0,11539
2023-01-17,4570.0,4570.0,4774.0,4512.0,4674.0,9626
2023-01-18,4763.0,4763.0,4777.0,4360.0,4447.0,11955
2023-01-19,4956.0,4956.0,5030.0,4804.0,4932.0,12247
2023-01-20,4278.0,4278.0,4840.0,4263.60009765625,4744.0,16598
2023-01-23,3763.0,3763.0,4257.89990234375,3715.0,4151.0,18342
2023-01-24,3821.699951171875,3821.699951171875,3909.0,3695.800048828125,3909.0,14677
2023-01-25,3854.0,3854.0,4212.0,3807.0,4078.0,25110
2023-01-26,3512.0,3512.0,3763.0,3493.0,3588.0,16999
2023-01-27,3232.0,3232.0,3566.0,3133.5,3544.0,23114
2023-01-30,3562.0,3562.0,3563.0,3298.0,3335.0,20765
2023-01-31,3340.0,3340.0,3577.0,3334.0,3558.0,13480
2023-02-01,2923.0,2923.0,3341.199951171875,2832.0,3275.0,29526
2023-02-02,2316.0,2316.0,2552.0,2205.0,2526.89990234375,70415
2023-02-03,2488.0,2488.0,2549.0,2256.0,2549.0,75118
2023-02-06,2571.0,2571.0,2599.0,2457.0,2560.0,35694
2023-02-07,2383.0,2383.0,2629.0,2351.800048828125,2553.0,37164
2023-02-08,2494.0,2494.0,2539.0,2356.0,2415.0,21263
2023-02-09,2558.0,2558.0,2598.0,2348.10009765625,2359.0,29743
2023-02-10,2741.0,2741.0,2804.0,2588.0,2652.60009765625,36586
2023-02-13,2583.0,2583.0,2772.0,2537.0,2689.199951171875,25617
2023-02-14,2409.0,2409.0,2710.0,2382.0,2647.0,43433
2023-02-15,2363.0,2363.0,2505.0,2363.0,2456.0,26916
2023-02-16,2619.0,2619.0,2619.0,2416.0,2497.0,30750
2023-02-17,2715.0,2715.0,2835.0,2673.0,2700.0,44419
2023-02-21,2932.0,2932.0,2934.0,2727.0,2828.0,24756
2023-02-22,2914.0,2914.0,3005.0,2822.10009765625,2929.0,25925
2023-02-23,2753.0,2753.0,2925.0,2694.0,2714.0,28447
2023-02-24,2918.0,2918.0,2999.0,2880.0,2920.0,27277
2023-02-27,2790.0,2790.0,2832.0,2729.0,2790.0,19796
2023-02-28,2785.0,2785.0,2807.0,2688.0,2800.0,16401
2023-03-01,2889.0,2889.0,2895.0,2764.0,2792.0,18060
2023-03-02,2964.0,2964.0,3132.0,2926.0,3098.0,21355
2023-03-03,2689.0,2689.0,2907.0,2682.0,2889.0,26096
2023-03-06,2716.0,2716.0,2721.0,2556.0,2641.0,21678
2023-03-07,2787.0,2787.0,2819.0,2623.0,2708.0,36146
2023-03-08,2721.0,2721.0,2856.0,2706.0,2795.0,16985
2023-03-09,2931.0,2931.0,2955.0,2609.199951171875,2725.0,30477
2023-03-10,3069.0,3069.0,3117.800048828125,2853.0,2929.0,39058
2023-03-13,2978.10009765625,2978.10009765625,3291.800048828125,2836.10009765625,3185.800048828125,35087
2023-03-14,2637.0,2637.0,2830.0,2630.0,2826.0,35161
2023-03-15,2541.0,2541.0,2771.0,2523.0,2729.0,35517
2023-03-16,2267.0,2267.0,2583.0,2260.0,2553.0,36851
2023-03-17,2323.0,2323.0,2372.0,2210.0,2264.0,29712
2023-03-20,2326.0,2326.0,2462.0,2322.0,2366.0,21919
2023-03-21,2171.0,2171.0,2306.0,2153.0,2258.0,25407
2023-03-22,2266.0,2266.0,2266.0,2020.0,2168.0,31145
2023-03-23,2095.0,2095.0,2190.0,2009.0,2135.0,38360
2023-03-24,2114.0,2114.0,2186.0,2094.0,2115.0,21708
2023-03-27,2176.0,2176.0,2211.0,2063.89990234375,2091.0,23710
2023-03-28,2241.0,2241.0,2305.0,2189.0,2198.0,15622
2023-03-29,2108.0,2108.0,2183.0,2096.0,2149.0,17825
2023-03-30,2019.0,2019.0,2064.0,1996.0,2050.0,19770
2023-03-31,1855.0,1855.0,2031.0,1851.5,2024.0,26876
2023-04-03,1904.0,1904.0,1968.0,1897.0,1925.0,17196
2023-04-04,1895.0,1895.0,1923.0,1848.0,1888.0,23915
2023-04-05,2027.0,2027.0,2069.0,1927.0999755859375,1930.0,30948
2023-04-06,1972.0,1972.0,2123.0,1965.0,2077.0,25492
2023-04-10,1969.0,1969.0,2100.0,1963.0,2051.0,21813
2023-04-11,2055.0,2055.0,2069.0,1984.0,1991.0,21526
2023-04-12,2133.0,2133.0,2136.0,1984.0,2000.0,30173
2023-04-13,1978.0,1978.0,2069.0,1961.0,2066.0,26773
2023-04-14,1982.0,1982.0,2059.0,1953.0,2015.0,29303
2023-04-17,2002.0,2002.0,2075.0,1986.0,2016.0,18258
2023-04-18,2000.0,2000.0,2031.0,1929.0999755859375,1943.0,22861
2023-04-19,2026.0,2026.0,2095.0,1998.0,2088.0,33079
2023-04-20,2114.0,2114.0,2143.0,2038.0,2121.0,49059
2023-04-21,2090.0,2090.0,2161.0,2075.0,2116.0,28133
2023-04-24,2126.0,2126.0,2185.0,2052.0,2096.0,35389
2023-04-25,2293.0,2293.0,2298.0,2167.0,2170.0,36063
2023-04-26,2157.0,2157.0,2176.0,2070.0,2133.0,59190
2023-04-27,1920.0,1920.0,2057.0,1908.800048828125,2019.199951171875,67446
2023-04-28,1892.0,1892.0,2002.0,1885.0,1942.0,42899
2023-05-01,1897.0,1897.0,1953.800048828125,1877.0,1898.0,37617
2023-05-02,1951.0,1951.0,1985.0,1884.0,1910.0,35746
2023-05-03,2020.0,2020.0,2033.800048828125,1921.0,1997.0,46490
2023-05-04,1969.0,1969.0,2025.0,1898.0,2017.0,31157
2023-05-05,1849.0,1849.0,1952.0,1822.0,1941.0,44509
2023-05-08,1758.0,1758.0,1847.5,1749.0999755859375,1830.0,29938
2023-05-09,1768.0,1768.0,1788.0,1750.0,1788.0,20014
2023-05-10,1671.0,1671.0,1732.0,1647.0,1708.0,59219
2023-05-11,1625.0,1625.0,1673.0,1608.0,1657.0,40448
2023-05-12,1670.0,1670.0,1710.0,1602.0999755859375,1615.0,65504
2023-05-15,1638.0,1638.0,1697.0,1631.0,1667.0,30415
2023-05-16,1595.0,1595.0,1660.0,1559.0,1660.0,35968
2023-05-17,1509.0,1509.0,1583.300048828125,1498.0,1578.0,49460
2023-05-18,1349.0,1349.0,1480.0,1346.0,1480.0,69469
2023-05-19,1391.0,1391.0,1406.0,1352.0,1367.0,47522
2023-05-22,1358.0,1358.0,1404.0,1334.0,1403.0,48125
2023-05-23,1409.0,1409.0,1414.0,1339.0,1392.0,54736
2023-05-24,1402.0,1402.0,1452.5,1380.800048828125,1448.9000244140625,72196
2023-05-25,1296.0,1296.0,1333.9000244140625,1268.0,1284.0,59714
2023-05-26,1169.0,1169.0,1295.0,1155.0,1287.0,64505
2023-05-30,1118.0,1118.0,1143.0,1079.0,1094.0,45553
2023-05-31,1147.0,1147.0,1171.0,1103.5,1145.0,49012
2023-06-01,1082.0,1082.0,1163.0,1062.0,1154.0,31067
2023-06-02,1059.0,1059.0,1072.0,1012.2000122070312,1050.0,58250
2023-06-05,1040.0,1040.0,1065.0,1010.0,1065.0,54241
2023-06-06,1021.0,1021.0,1058.0,1008.0,1046.0,39554
2023-06-07,1111.0,1111.0,1120.0,979.5,1008.0,134743
2023-06-08,1046.0,1046.0,1123.0,1038.0,1109.0,77676
2023-06-09,1018.0,1018.0,1030.0,972.0999755859375,1007.0,134309
2023-06-12,963.0,963.0,1010.0,960.0,994.0,64818
2023-06-13,936.0,936.0,969.0,921.0999755859375,929.0,70666
2023-06-14,898.0,898.0,955.9000244140625,896.0,936.0,144073
2023-06-15,869.0,869.0,928.0,854.0,920.0,89040
2023-06-16,902.0,902.0,904.0,844.0,845.0,79485
2023-06-20,890.0,890.0,927.0,878.2000122070312,913.0,61885
2023-06-21,955.0,955.0,965.0,887.0,895.0,116875
2023-06-22,915.0,915.0,983.0,912.0,976.0,75587
2023-06-23,934.0,934.0,962.0,910.0,947.0,82429
2023-06-26,1017.0,1017.0,1018.0,909.0,937.0,80340
2023-06-27,953.0,953.0,1011.0,942.0999755859375,989.0,85236
2023-06-28,923.0,923.0,966.0,894.0,965.0,100148
2023-06-29,947.0,947.0,956.9000244140625,909.2000122070312,919.0,60372
2023-06-30,895.0,895.0,915.0,876.0,912.0,81740
2023-07-03,873.0,873.0,888.0999755859375,862.0,879.0,40422
2023-07-05,869.0,869.0,885.0,853.0999755859375,882.0,70910
2023-07-06,889.0,889.0,921.0,883.0,896.0,92579
2023-07-07,899.0,899.0,900.0,860.0,884.0,71109
2023-07-10,921.0,921.0,955.0,899.0,905.0,70710
2023-07-11,914.0,914.0,942.0,907.0,922.0,51947
2023-07-12,866.0,866.0,894.0,855.0,876.0,109081
2023-07-13,797.0,797.0,838.0,791.0,834.0,98909
2023-07-14,805.0,805.0,814.0,755.0,790.0,105794
2023-07-17,777.0,777.0,801.0,771.0,789.0,69720
2023-07-18,745.0,745.0,802.0,736.0,778.0,119386
2023-07-19,750.0,750.0,757.0,726.0,730.0,190886
2023-07-20,854.0,854.0,861.0,782.2000122070312,789.0,174453
2023-07-21,877.0,877.0,884.0999755859375,831.0,833.0,174387
2023-07-24,871.0,871.0,899.0,863.0,874.0,87839
2023-07-25,846.0,846.0,860.0,832.0,855.0,74076
2023-07-26,862.0,862.0,888.0,843.0,850.0,111459
2023-07-27,868.0,868.0,877.9000244140625,793.0,803.0,117346
2023-07-28,797.0,797.0,842.0,789.0,834.0,109543
2023-07-31,784.0,784.0,800.0,778.0,792.0,60117
2023-08-01,791.0,791.0,810.0,782.0,797.0,57056
2023-08-02,873.0,873.0,895.0,818.0,818.0,160337
2023-08-03,867.0,867.0,895.9000244140625,846.5,895.0,128971
2023-08-04,850.0,850.0,855.0,796.2000122070312,818.0,145757
2023-08-07,829.0,829.0,867.0,828.0,839.0,80275
2023-08-08,866.0,866.0,891.0,852.0,859.0,89223
2023-08-09,923.0,923.0,933.9000244140625,862.0,863.0,117941
2023-08-10,917.0,917.0,930.0,859.5,899.9000244140625,116634
2023-08-11,946.0,946.0,964.0,927.0999755859375,942.0,96326
2023-08-14,903.0,903.0,980.0,901.5,965.0,72157
2023-08-15,930.0,930.0,937.0,893.0,903.0,75964
2023-08-16,979.0,979.0,980.0,930.0,947.0,74379
2023-08-17,1028.0,1028.0,1033.0,968.0,971.0,90140
2023-08-18,1036.0,1036.0,1091.0,1024.0,1074.0,149445
2023-08-21,952.0,952.0,1020.0,946.0,1015.0,108059
2023-08-22,956.0,956.0,970.0,911.0,911.0,83371
2023-08-23,893.0,893.0,953.0,879.0999755859375,950.0,108913
2023-08-24,975.0,975.0,975.0,845.0,846.0,156830
2023-08-25,950.0,950.0,1011.9000244140625,922.0,971.0,150584
2023-08-28,935.0,935.0,966.0,916.0,926.0,86833
2023-08-29,850.0,850.0,945.0,845.0,944.0,137189
2023-08-30,836.0,836.0,867.0,823.0,851.0,133661
2023-08-31,829.0,829.0,840.0,808.0,836.0,85738
2023-09-01,833.0,833.0,843.0,802.0,808.0,117071
2023-09-05,805.0,805.0,843.0,796.0,841.0,71247
2023-09-06,840.0,840.0,860.0,806.0999755859375,812.0,117981
2023-09-07,854.0,854.0,898.0,848.0,887.0,105629
2023-09-08,848.0,848.0,856.7999877929688,819.0,851.0,85739
2023-09-11,798.0,798.0,834.0,791.0,816.0,104247
2023-09-12,832.0,832.0,834.0,795.0,811.0,93999
2023-09-13,821.0,821.0,842.0,807.5999755859375,835.0,104770
2023-09-14,820.0,820.0,839.0,806.0,811.0,84498
2023-09-15,866.0,866.0,876.0,820.0,824.0,103915
2023-09-18,875.0,875.0,892.0,866.0,887.0,70858
2023-09-19,880.0,880.0,911.0,872.2000122070312,886.0,101061
2023-09-20,936.0,936.0,936.0,869.9000244140625,874.0,98415
2023-09-21,1003.0,1003.0,1003.0,962.9000244140625,978.0,106647
2023-09-22,1001.0,1001.0,1010.0,958.0,981.0,92272
2023-09-25,983.0,983.0,1027.0,978.0,1012.7000122070312,93562
2023-09-26,1034.0,1034.0,1042.0,999.0,1006.0,94745
2023-09-27,1031.0,1031.0,1075.0,1009.5,1023.0,114615
2023-09-28,998.0,998.0,1064.5,983.0,1046.199951171875,97699
2023-09-29,990.0,990.0,1002.0,943.0,960.0,101218
2023-10-02,948.0,948.0,995.0,933.0,988.0,107367
2023-10-03,1007.0,1007.0,1021.0,943.0999755859375,972.0,98928
2023-10-04,956.0,956.0,999.0,946.0,999.0,85799
2023-10-05,957.0,957.0,989.2000122070312,944.5,950.0,67669
2023-10-06,887.0,887.0,999.0,879.0,992.0,132774
2023-10-09,873.0,873.0,925.7000122070312,864.0,912.0,75667
2023-10-10,869.0,869.0,873.0,833.0,871.0,76819
2023-10-11,843.0,843.0,867.0,836.0,857.0,76804
2023-10-12,846.0,846.0,869.0,818.0,844.0,112334
2023-10-13,904.0,904.0,909.0,842.2000122070312,848.9000244140625,102087
2023-10-16,862.0,862.0,898.0,851.0,896.0,94155
2023-10-17,885.0,885.0,922.0,867.0,899.0,110548
2023-10-18,946.0,946.0,954.0,887.0,909.0,103996
2023-10-19,938.0,938.0,946.0999755859375,888.0,905.0,192759
2023-10-20,993.0,993.0,998.0,934.0,942.0,143182
2023-10-23,962.0,962.0,1026.0,936.0,1006.0,113073
2023-10-24,927.0,927.0,959.7000122070312,917.0,940.0,96579
2023-10-25,1016.0,1016.0,1022.0,944.0,948.0,103022
2023-10-26,1102.0,1102.0,1121.5,1021.0,1035.0,174391
2023-10-27,1058.0,1058.0,1080.0,1028.0999755859375,1048.0,155231
2023-10-30,1017.0,1017.0,1044.0,990.0,1028.0,116419
2023-10-31,1012.0,1012.0,1058.0,1008.0,1020.0,94480
2023-11-01,945.0,945.0,1002.0,944.0,1001.0,106648
2023-11-02,907.0,907.0,933.2000122070312,898.0,910.0,113600
2023-11-03,866.0,866.0,902.4000244140625,859.0,897.0,107589
2023-11-06,858.0,858.0,884.0,845.0,858.0,76054
2023-11-07,809.0,809.0,847.0,800.0,834.0,172942
2023-11-08,798.0,798.0,820.0,796.0,804.0,117146
2023-11-09,816.0,816.0,824.0,780.0,795.0,126800
2023-11-10,752.0,752.0,819.7999877929688,752.0,808.0,128993
2023-11-13,757.0,757.0,776.0,745.0,761.0,82388
2023-11-14,702.0,702.0,718.0,696.0,709.0,140620
2023-11-15,702.0,702.0,717.0,687.0,690.0,101882
2023-11-16,701.0,701.0,720.0,699.0,714.0,86051
2023-11-17,701.0,701.0,717.0,696.0,709.0,60676
2023-11-20,669.0,669.0,703.0,664.0,703.0,84912
2023-11-21,676.0,676.0,689.0,672.0,684.0,73535
2023-11-22,674.0,674.0,681.0,652.0,666.0,70890
2023-11-24,679.0,679.0,687.0,673.0,676.0,27797
2023-11-27,685.0,685.0,685.0,667.0,681.0,59704
2023-11-28,674.0,674.0,697.0,672.0,692.0,63994
2023-11-29,683.0,683.0,685.0,655.0,660.0,89981
2023-11-30,689.0,689.0,707.0,666.0,670.0,103309
2023-12-01,698.0,698.0,717.0,693.0,703.0,89690
2023-12-04,725.0,725.0,747.0,719.0,725.0,107167
2023-12-05,712.0,712.0,740.0,700.0,738.0,90089
2023-12-06,734.0,734.0,735.0,692.0,694.0,59093
2023-12-07,691.0,691.0,720.0,689.0,717.0,81473
2023-12-08,673.0,673.0,703.0,670.0,703.0,79083
2023-12-11,667.0,667.0,691.0,663.0,683.0,66742
2023-12-12,644.0,644.0,677.0,644.0,676.0,72495
2023-12-13,623.0,623.0,647.0,615.0,643.0,106348
2023-12-14,618.0,618.0,637.0,610.0,615.0,95784
2023-12-15,605.0,605.0,624.0,598.0,624.0,83264
2023-12-18,580.0,580.0,606.0,572.0,604.0,88628
2023-12-19,570.0,570.0,580.0,570.0,579.0,61531
2023-12-20,595.0,595.0,596.0,556.0,571.7000122070312,127688
2023-12-21,573.0,573.0,592.0,570.0,577.0,85956
2023-12-22,579.0,579.0,589.0,565.0999755859375,567.0,75601
2023-12-26,570.0,570.0,577.0,566.0,575.0,32273
2023-12-27,568.0,568.0,571.0,560.0,567.0,50361
2023-12-28,571.0,571.0,572.0,559.0,563.0,39445
2023-12-29,583.0,583.0,593.0,568.0,570.0,100461
2024-01-02,626.0,626.0,639.0,596.0,601.0,127628
2024-01-03,648.0,648.0,650.0,631.0,644.0,150152
2024-01-04,657.0,657.0,658.0,633.0,656.9000244140625,93108
2024-01-05,647.0,647.0,655.0,633.0,655.0,100083
2024-01-08,594.0,594.0,639.0,593.2999877929688,639.0,96079
2024-01-09,590.0,590.0,611.5,584.0,607.0,65662
2024-01-10,573.0,573.0,590.0,564.0,588.0,77949
2024-01-11,568.0,568.0,589.0,549.2999877929688,560.0,141432
2024-01-12,574.0,574.0,577.0,561.0,572.0,79196
2024-01-16,578.0,578.0,588.0,565.0,580.0,89006
2024-01-17,588.0,588.0,616.0,587.0,591.0,117744
2024-01-18,565.0,565.0,584.0,561.0,571.0,98397
2024-01-19,529.0,529.0,561.0,529.0,556.0,109625
2024-01-22,524.0,524.0,528.0,510.0,516.0,72720
2024-01-23,510.0,510.0,529.0,510.0,520.0,56071
2024-01-24,482.0,482.0,487.0,460.0,482.0,142934
2024-01-25,489.0,489.0,501.0,475.0,482.0,86308
2024-01-26,492.0,492.0,496.0,481.0,493.0,66528
2024-01-29,469.0,469.0,494.0,466.0,490.0,60473
2024-01-30,481.0,481.0,485.0,465.5,468.0,81921
2024-01-31,524.0,524.0,525.0,498.0,510.0,155306
2024-02-01,500.0,500.0,513.0,496.0,511.1000061035156,127543
2024-02-02,428.0,428.0,472.0,422.29998779296875,462.0,247227
2024-02-05,430.0,430.0,445.5,419.0,428.0,185389
2024-02-06,436.0,436.0,448.0,421.70001220703125,426.0,171419
2024-02-07,413.0,413.0,431.0,411.0,428.0,152780
2024-02-08,410.0,410.0,415.0,402.0,413.0,120935
2024-02-09,388.0,388.0,404.0,387.0,401.0,116584
2024-02-12,397.0,397.0,401.0,378.5,389.0,166495
2024-02-13,416.0,416.0,430.1000061035156,403.0,425.0,224501
2024-02-14,391.0,391.0,411.0,390.0,401.0,128467
2024-02-15,389.0,389.0,402.0,387.0,391.0,101239
2024-02-16,400.0,400.0,405.0,387.0,388.0,121980
2024-02-20,421.0,421.0,436.0,406.0,411.0,271588
2024-02-21,428.0,428.0,441.0,426.0,431.0,132378
2024-02-22,368.0,368.0,392.0,363.0,384.0,225912
2024-02-23,369.0,369.0,375.0,353.0,359.0,170665
2024-02-26,371.0,371.0,374.0,363.0,368.0,97080
2024-02-27,365.0,365.0,374.0,363.0,366.0,97247
2024-02-28,374.0,374.0,378.0,367.0,373.0,124788
2024-02-29,382.0,382.0,399.0,381.0,388.0,137120
2024-03-01,362.0,362.0,380.0,359.0,380.0,93902
2024-03-04,373.0,373.0,374.0,361.0,361.0,104660
2024-03-05,397.0,397.0,406.0,383.0,383.0,186283
2024-03-06,395.0,395.0,403.0,381.0,384.0,152269
2024-03-07,365.0,365.0,389.0,364.0,385.0,119881
2024-03-08,390.0,390.0,395.0,352.0,360.0,324856
2024-03-11,403.0,403.0,409.0,391.0,398.0,170051
2024-03-12,377.0,377.0,405.0,375.0,391.0,133837
2024-03-13,386.0,386.0,390.0,380.0,382.0,120441
2024-03-14,388.0,388.0,396.0,378.0,381.0,134453
2024-03-15,403.0,403.0,406.0,391.0,398.0,121031
2024-03-18,382.0,382.0,387.0,372.0,381.0,139099
2024-03-19,381.0,381.0,403.0,378.5,392.0,121844
2024-03-20,359.0,359.0,380.0,357.0,375.0,130863
2024-03-21,362.0,362.0,362.0,345.0,346.0,127417
2024-03-22,353.0,353.0,365.0,351.0,364.0,75752
2024-03-25,357.20001220703125,357.20001220703125,363.5,352.8999938964844,361.0,123150
2024-03-26,361.5,361.5,361.5,345.70001220703125,349.79998779296875,73000
2024-03-27,362.20001220703125,362.20001220703125,370.6199951171875,352.6000061035156,352.6000061035156,75180
2024-03-28,367.20001220703125,367.20001220703125,369.29998779296875,361.3500061035156,362.3999938964844,124510
2024-04-01,360.5,360.5,368.8999938964844,354.5,365.3999938964844,123330
2024-04-02,371.79998779296875,371.79998779296875,384.20001220703125,371.1000061035156,380.20001220703125,159920
2024-04-03,364.79998779296875,364.79998779296875,378.70001220703125,361.29998779296875,378.70001220703125,113580
2024-04-04,379.70001220703125,379.70001220703125,379.8900146484375,345.5,355.6000061035156,233820
2024-04-05,363.29998779296875,363.29998779296875,375.79998779296875,354.5,372.79998779296875,162110
2024-04-08,360.3999938964844,360.3999938964844,366.3999938964844,353.70001220703125,358.70001220703125,86030
2024-04-09,359.0,359.0,371.0,353.70001220703125,355.0,235960
2024-04-10,364.79998779296875,364.79998779296875,374.79998779296875,363.29998779296875,373.70001220703125,164140
2024-04-11,337.0,337.0,364.8999938964844,334.79998779296875,358.70001220703125,206090
2024-04-12,351.0,351.0,356.5,341.8999938964844,346.79998779296875,128910
2024-04-15,381.5,381.5,381.6000061035156,346.1000061035156,346.1000061035156,106420
2024-04-16,382.3999938964844,382.3999938964844,387.0,374.5,384.3999938964844,83640
2024-04-17,398.0,398.0,400.0,374.3599853515625,375.29998779296875,133610
2024-04-18,404.20001220703125,404.20001220703125,408.0,388.6000061035156,396.70001220703125,78600
2024-04-19,451.8999938964844,451.8999938964844,457.3999938964844,417.3999938964844,419.20001220703125,165050
2024-04-22,441.29998779296875,441.29998779296875,460.70001220703125,432.5,448.70001220703125,112440
2024-04-23,411.29998779296875,411.29998779296875,433.3999938964844,409.8999938964844,431.29998779296875,116700
2024-04-24,405.29998779296875,405.29998779296875,414.6000061035156,388.79998779296875,391.5,117360
2024-04-25,409.79998779296875,409.79998779296875,447.79998779296875,408.79998779296875,443.20001220703125,159220
2024-04-26,375.70001220703125,375.70001220703125,391.0,371.20001220703125,380.20001220703125,135260
2024-04-29,364.79998779296875,364.79998779296875,375.4200134277344,361.3999938964844,362.5,140350
2024-04-30,391.0,391.0,392.1000061035156,364.29998779296875,372.79998779296875,174570
2024-05-01,399.20001220703125,399.20001220703125,400.70001220703125,368.6000061035156,389.5,140450
2024-05-02,380.79998779296875,380.79998779296875,399.8999938964844,377.1000061035156,385.5,113020
2024-05-03,355.5,355.5,366.0,352.8999938964844,358.79998779296875,181720
2024-05-06,335.0,335.0,353.5,335.0,350.3999938964844,133190
2024-05-07,340.3999938964844,340.3999938964844,344.29998779296875,336.20001220703125,337.6000061035156,219890
2024-05-08,342.0,342.0,351.5,336.6499938964844,351.29998779296875,143600
2024-05-09,343.79998779296875,343.79998779296875,348.8999938964844,339.5,341.20001220703125,144100
2024-05-10,344.70001220703125,344.70001220703125,350.6000061035156,336.79998779296875,340.20001220703125,198140
2024-05-13,340.0,340.0,347.20001220703125,339.1000061035156,342.1000061035156,171640
2024-05-14,328.5,328.5,341.29998779296875,327.3399963378906,340.8999938964844,203170
2024-05-15,314.5,314.5,333.29998779296875,313.79998779296875,323.20001220703125,332660
2024-05-16,319.5,319.5,319.79998779296875,311.70001220703125,316.70001220703125,226810
2024-05-17,319.6000061035156,319.6000061035156,325.3999938964844,316.8999938964844,320.0,150520
2024-05-20,312.0,312.0,319.6000061035156,310.45001220703125,319.5,176450
2024-05-21,305.1000061035156,305.1000061035156,317.5,305.04998779296875,316.79998779296875,168350
2024-05-22,312.5,312.5,317.3999938964844,305.20001220703125,307.5,168850
2024-05-23,319.0,319.0,323.3999938964844,296.0,296.0,256360
2024-05-24,304.29998779296875,304.29998779296875,315.20001220703125,301.20001220703125,313.79998779296875,181890
2024-05-28,299.6000061035156,299.6000061035156,306.29998779296875,298.3999938964844,301.29998779296875,196400
2024-05-29,301.3999938964844,301.3999938964844,307.0,296.6000061035156,307.0,209500
2024-05-30,318.5,318.5,321.8999938964844,303.8999938964844,304.79998779296875,168600
2024-05-31,326.29998779296875,326.29998779296875,343.29998779296875,316.3900146484375,317.70001220703125,208970
2024-06-03,319.8999938964844,319.8999938964844,330.70001220703125,313.1000061035156,318.29998779296875,100350
2024-06-04,317.0,317.0,326.0,314.5,319.3999938964844,117480
2024-06-05,296.29998779296875,296.29998779296875,314.3999938964844,296.29998779296875,309.8999938964844,127880
2024-06-06,295.8999938964844,295.8999938964844,301.0,291.5,295.1000061035156,123660
2024-06-07,299.5,299.5,301.6000061035156,293.5,297.3999938964844,110160
2024-06-10,298.8999938964844,298.8999938964844,303.20001220703125,295.1000061035156,300.0,106740
2024-06-11,287.79998779296875,287.79998779296875,302.6000061035156,287.6000061035156,297.1000061035156,119240
2024-06-12,272.70001220703125,272.70001220703125,281.3999938964844,266.0,278.8999938964844,326790
2024-06-13,259.8999938964844,259.8999938964844,264.1000061035156,252.5,254.60000610351562,300380
2024-06-14,255.8000030517578,255.8000030517578,262.29998779296875,254.3000030517578,260.79998779296875,146420
2024-06-17,241.0,241.0,255.25999450683594,236.85000610351562,253.0,268620
2024-06-18,245.5,245.5,249.0,241.5,242.10000610351562,192100
2024-06-20,252.8000030517578,252.8000030517578,258.79998779296875,242.0,242.3000030517578,462450
2024-06-21,258.6000061035156,258.6000061035156,261.1000061035156,252.6999969482422,256.0,213920
2024-06-24,270.3999938964844,270.3999938964844,271.0,256.4100036621094,260.0,190470
2024-06-25,259.20001220703125,259.20001220703125,269.79998779296875,258.1000061035156,266.8999938964844,107500
2024-06-26,247.10000610351562,247.10000610351562,260.1000061035156,245.1999969482422,260.1000061035156,121450
2024-06-27,241.1999969482422,241.1999969482422,246.10000610351562,239.0,245.8000030517578,122660
2024-06-28,246.5,246.5,247.39999389648438,232.11000061035156,239.1999969482422,247040
2024-07-01,231.0,231.0,248.0,229.8000030517578,242.6999969482422,238640
2024-07-02,218.8000030517578,218.8000030517578,230.89999389648438,218.60000610351562,230.89999389648438,258260
2024-07-03,208.39999389648438,208.39999389648438,218.89999389648438,208.0,218.6999969482422,209010
2024-07-05,199.6999969482422,199.6999969482422,206.7899932861328,198.8000030517578,205.60000610351562,298760
2024-07-08,200.0,200.0,203.5,196.60000610351562,200.10000610351562,321810
2024-07-09,198.8000030517578,198.8000030517578,200.6999969482422,195.25,198.5,220040
2024-07-10,194.6999969482422,194.6999969482422,200.6999969482422,192.1999969482422,196.60000610351562,250530
2024-07-11,213.60000610351562,213.60000610351562,217.39999389648438,192.39999389648438,193.89999389648438,599270
2024-07-12,214.5,214.5,221.89999389648438,208.39999389648438,219.1999969482422,295300
2024-07-15,212.3000030517578,212.3000030517578,215.39999389648438,202.1999969482422,209.60000610351562,385460
2024-07-16,213.10000610351562,213.10000610351562,219.8000030517578,206.39999389648438,208.1999969482422,225180
2024-07-17,233.89999389648438,233.89999389648438,236.60000610351562,224.8000030517578,225.89999389648438,283200
2024-07-18,237.1999969482422,237.1999969482422,242.6999969482422,226.02000427246094,226.39999389648438,334480
2024-07-19,246.39999389648438,246.39999389648438,247.2899932861328,232.1999969482422,238.0,206040
2024-07-22,231.0,231.0,237.8000030517578,226.5,235.3000030517578,248210
2024-07-23,228.60000610351562,228.60000610351562,230.39999389648438,222.8699951171875,229.39999389648438,155340
2024-07-24,267.29998779296875,267.29998779296875,268.29998779296875,248.10000610351562,249.5,425100
2024-07-25,271.79998779296875,271.79998779296875,286.3900146484375,252.3000030517578,265.70001220703125,365610
2024-07-26,267.3999938964844,267.3999938964844,273.5,260.6000061035156,263.20001220703125,150360
2024-07-29,261.29998779296875,261.29998779296875,266.8999938964844,254.5800018310547,260.3999938964844,158580
2024-07-30,276.6000061035156,276.6000061035156,283.6000061035156,257.3999938964844,258.8999938964844,194100
2024-07-31,247.60000610351562,247.60000610351562,260.20001220703125,243.89999389648438,257.5,217470
2024-08-01,266.0,266.0,274.29998779296875,235.30999755859375,242.5,329120
2024-08-02,289.29998779296875,289.29998779296875,302.5,281.0,289.29998779296875,322710
2024-08-05,325.3999938964844,325.3999938964844,366.70001220703125,310.5,363.8999938964844,431210
2024-08-06,313.79998779296875,313.79998779296875,333.3999938964844,295.5,319.29998779296875,371450
2024-08-07,325.3999938964844,325.3999938964844,326.1000061035156,289.1000061035156,295.8999938964844,348720
2024-08-08,292.3999938964844,292.3999938964844,318.1000061035156,287.6000061035156,305.0,196840
2024-08-09,282.20001220703125,282.20001220703125,295.3999938964844,280.70001220703125,294.8999938964844,110800
2024-08-12,282.29998779296875,282.29998779296875,287.1000061035156,276.3999938964844,280.20001220703125,241020
2024-08-13,256.3999938964844,256.3999938964844,273.8999938964844,254.6999969482422,273.8999938964844,229370
2024-08-14,255.89999389648438,255.89999389648438,265.0,251.1999969482422,253.10000610351562,235740
2024-08-15,236.3000030517578,236.3000030517578,249.60000610351562,236.0,249.3000030517578,184410
2024-08-16,235.10000610351562,235.10000610351562,242.5,232.1999969482422,241.39999389648438,164820
2024-08-19,223.10000610351562,223.10000610351562,235.6999969482422,222.89999389648438,234.3000030517578,181260
2024-08-20,222.8000030517578,222.8000030517578,226.1999969482422,217.5,222.89999389648438,222900
2024-08-21,219.1999969482422,219.1999969482422,226.10000610351562,217.6999969482422,223.1999969482422,171670
2024-08-22,242.60000610351562,242.60000610351562,244.3000030517578,220.8000030517578,222.10000610351562,253080
2024-08-23,232.89999389648438,232.89999389648438,242.60000610351562,228.0500030517578,235.5,261070
2024-08-26,239.6999969482422,239.6999969482422,245.39999389648438,232.64999389648438,235.10000610351562,170550
2024-08-27,242.5,242.5,248.89999389648438,238.0,244.0,146630
2024-08-28,254.1999969482422,254.1999969482422,260.5,241.8000030517578,243.3000030517578,215550
2024-08-29,253.1999969482422,253.1999969482422,256.94000244140625,237.60000610351562,249.10000610351562,199710
2024-08-30,242.8000030517578,242.8000030517578,254.5,241.6999969482422,246.8000030517578,122400
2024-09-03,268.5,268.5,271.8999938964844,245.89999389648438,247.60000610351562,274430
2024-09-04,266.0,266.0,274.5,257.5,274.0,189680
2024-09-05,257.8999938964844,257.8999938964844,267.6000061035156,245.39999389648438,266.5,273780
2024-09-06,288.6000061035156,288.6000061035156,289.20001220703125,256.3999938964844,257.1000061035156,273030
2024-09-09,275.0,275.0,287.29998779296875,271.79998779296875,277.1000061035156,191820
2024-09-10,264.0,264.0,277.29998779296875,262.1000061035156,271.0,193160
2024-09-11,244.89999389648438,244.89999389648438,277.20001220703125,242.27000427246094,261.79998779296875,198140
2024-09-12,232.39999389648438,232.39999389648438,245.39999389648438,230.8000030517578,242.5,164540
2024-09-13,229.10000610351562,229.10000610351562,234.89999389648438,227.60000610351562,233.5,107270
2024-09-16,234.3000030517578,234.3000030517578,240.89999389648438,234.0,234.8000030517578,124700
2024-09-17,231.39999389648438,231.39999389648438,236.89999389648438,225.5,228.39999389648438,139190
2024-09-18,235.1999969482422,235.1999969482422,237.3000030517578,223.60000610351562,230.8000030517578,283260
2024-09-19,211.8000030517578,211.8000030517578,220.6999969482422,208.39999389648438,218.0,264120
2024-09-20,214.3000030517578,214.3000030517578,220.75,210.39999389648438,212.3000030517578,217670
2024-09-23,215.39999389648438,215.39999389648438,217.5,212.0,214.1999969482422,118380
2024-09-24,213.5,213.5,223.1999969482422,212.1999969482422,214.60000610351562,172220
2024-09-25,214.6999969482422,214.6999969482422,216.0,210.3000030517578,215.3000030517578,105970
2024-09-26,214.6999969482422,214.6999969482422,221.39999389648438,206.39999389648438,206.39999389648438,182910
2024-09-27,220.3000030517578,220.3000030517578,222.5,215.1999969482422,215.1999969482422,144300
2024-09-30,217.8000030517578,217.8000030517578,225.19000244140625,217.3000030517578,223.10000610351562,151120
2024-10-01,228.8000030517578,228.8000030517578,232.22999572753906,216.74000549316406,217.8000030517578,263940
2024-10-02,224.89999389648438,224.89999389648438,232.1999969482422,222.1999969482422,230.39999389648438,145210
2024-10-03,220.5,220.5,228.1999969482422,218.8000030517578,227.10000610351562,160670
2024-10-04,209.39999389648438,209.39999389648438,220.0,208.8000030517578,212.89999389648438,172700
2024-10-07,218.89999389648438,218.89999389648438,219.89999389648438,210.10000610351562,211.8000030517578,168550
2024-10-08,205.1999969482422,205.1999969482422,214.6999969482422,204.10000610351562,213.8000030517578,177550
2024-10-09,199.8000030517578,199.8000030517578,208.85000610351562,199.14999389648438,205.39999389648438,155630
2024-10-10,195.0,195.0,203.10000610351562,194.1999969482422,203.10000610351562,302580
2024-10-11,195.39999389648438,195.39999389648438,199.5,194.10000610351562,196.89999389648438,159310
2024-10-14,194.0,194.0,196.0,188.1999969482422,192.0,142190
2024-10-15,202.6999969482422,202.6999969482422,206.8000030517578,194.0,194.60000610351562,202830
2024-10-16,203.0,203.0,209.25,202.10000610351562,203.1999969482422,137810
2024-10-17,202.0,202.0,202.10000610351562,194.8000030517578,195.3000030517578,136000
2024-10-18,193.89999389648438,193.89999389648438,195.6999969482422,192.00999450683594,193.8000030517578,176240
2024-10-21,190.0,190.0,196.5,190.0,195.39999389648438,230790
2024-10-22,189.1999969482422,189.1999969482422,194.67999267578125,187.10000610351562,192.89999389648438,228700
2024-10-23,201.1999969482422,201.1999969482422,205.49000549316406,190.89999389648438,191.5,247030
2024-10-24,197.10000610351562,197.10000610351562,201.0,196.0,197.3000030517578,222990
2024-10-25,194.3000030517578,194.3000030517578,196.3000030517578,187.10000610351562,193.8000030517578,277230
2024-10-28,193.89999389648438,193.89999389648438,194.89999389648438,189.3000030517578,189.5,117080
2024-10-29,184.6999969482422,184.6999969482422,195.89999389648438,182.89999389648438,194.0,266810
2024-10-30,186.6999969482422,186.6999969482422,186.89999389648438,179.89999389648438,180.6999969482422,277260
2024-10-31,203.3000030517578,203.3000030517578,205.57000732421875,192.10000610351562,192.89999389648438,315000
2024-11-01,198.0,198.0,202.39999389648438,193.3000030517578,201.0,156730
2024-11-04,200.3000030517578,200.3000030517578,202.39999389648438,195.1999969482422,199.1999969482422,164110
2024-11-05,190.0,190.0,197.6999969482422,189.3000030517578,197.6999969482422,159390
2024-11-06,175.5,175.5,183.66000366210938,174.89999389648438,182.0,287040
2024-11-07,163.5,163.5,172.3000030517578,161.6999969482422,172.10000610351562,315780
2024-11-08,165.60000610351562,165.60000610351562,167.8000030517578,162.6999969482422,163.8000030517578,158400
2024-11-11,165.3000030517578,165.3000030517578,169.6999969482422,164.94000244140625,165.60000610351562,178240
2024-11-12,161.89999389648438,161.89999389648438,166.3000030517578,161.3000030517578,165.0,231940
2024-11-13,161.6999969482422,161.6999969482422,163.85000610351562,156.3000030517578,161.89999389648438,285990
2024-11-14,163.6999969482422,163.6999969482422,164.8000030517578,159.89999389648438,161.3000030517578,311880
2024-11-15,177.39999389648438,177.39999389648438,180.25,169.3000030517578,169.3000030517578,389360
2024-11-18,174.1999969482422,174.1999969482422,179.39999389648438,171.4499969482422,176.8000030517578,197190
2024-11-19,165.39999389648438,165.39999389648438,176.89999389648438,163.89999389648438,176.89999389648438,194920
2024-11-20,166.39999389648438,166.39999389648438,172.94000244140625,163.8000030517578,163.8000030517578,308570
2024-11-21,165.1999969482422,165.1999969482422,173.0500030517578,162.1999969482422,162.5,297420
2024-11-22,165.60000610351562,165.60000610351562,168.64999389648438,165.10000610351562,167.5,181240
2024-11-25,168.0,168.0,171.10000610351562,161.85000610351562,162.39999389648438,233460
2024-11-26,163.6999969482422,163.6999969482422,167.8000030517578,162.3000030517578,167.5,160840
2024-11-27,170.6999969482422,170.6999969482422,174.60000610351562,166.10000610351562,166.39999389648438,213360
2024-11-29,166.10000610351562,166.10000610351562,171.10000610351562,164.89999389648438,169.39999389648438,90720
2024-12-02,159.5,159.5,166.0,158.25,165.5,243950
2024-12-03,155.0,155.0,162.3000030517578,154.89999389648438,160.6999969482422,254040
2024-12-04,144.60000610351562,144.60000610351562,151.5,144.5,151.5,494770
2024-12-05,144.5,144.5,145.8000030517578,142.3000030517578,144.60000610351562,352300
2024-12-06,139.0,139.0,144.89999389648438,138.6999969482422,144.8000030517578,451640
2024-12-09,142.60000610351562,142.60000610351562,145.6999969482422,139.63999938964844,140.60000610351562,337770
2024-12-10,144.10000610351562,144.10000610351562,146.0,137.60000610351562,141.5,319860
2024-12-11,131.6999969482422,131.6999969482422,140.0500030517578,130.8000030517578,139.6999969482422,542010
2024-12-12,133.60000610351562,133.60000610351562,135.3000030517578,131.89999389648438,133.8000030517578,423120
2024-12-13,128.0,128.0,132.1999969482422,125.05000305175781,128.0,590440
2024-12-16,118.0,118.0,125.5999984741211,117.0999984741211,125.5999984741211,676820
2024-12-17,121.9000015258789,121.9000015258789,123.9000015258789,120.05000305175781,120.5,724130
2024-12-18,137.6999969482422,137.6999969482422,139.10000610351562,121.30000305175781,121.69999694824219,852230
2024-12-19,135.8000030517578,135.8000030517578,136.1999969482422,129.60000610351562,129.8000030517578,650970
2024-12-20,131.39999389648438,131.39999389648438,140.5,126.0999984741211,139.3000030517578,650580
2024-12-23,126.19999694824219,126.19999694824219,132.47999572753906,125.3499984741211,129.3000030517578,405570
2024-12-24,121.0,121.0,124.80000305175781,120.80000305175781,124.5,202590
2024-12-26,121.30000305175781,121.30000305175781,124.19999694824219,120.30000305175781,121.9000015258789,273060
2024-12-27,127.5,127.5,131.6999969482422,123.4000015258789,123.5999984741211,776020
2024-12-30,131.60000610351562,131.60000610351562,135.60000610351562,128.8000030517578,133.8000030517578,868150
2024-12-31,136.60000610351562,136.60000610351562,137.35000610351562,130.5,130.6999969482422,521510
2025-01-02,135.39999389648438,135.39999389648438,140.5,130.0,133.10000610351562,479360
2025-01-03,130.10000610351562,130.10000610351562,133.6999969482422,128.8000030517578,132.5,683630
2025-01-06,122.80000305175781,122.80000305175781,126.0999984741211,121.0999984741211,124.9000015258789,406310
2025-01-07,130.39999389648438,130.39999389648438,132.60000610351562,121.30000305175781,121.9000015258789,810450
2025-01-08,131.60000610351562,131.60000610351562,135.35000610351562,129.0500030517578,131.10000610351562,1102340
2025-01-10,139.89999389648438,139.89999389648438,143.89999389648438,134.89999389648438,135.0,795040
2025-01-13,143.5,143.5,148.1699981689453,142.89999389648438,146.1999969482422,594470
2025-01-14,144.39999389648438,144.39999389648438,147.89999389648438,139.02999877929688,140.1999969482422,441500
2025-01-15,132.89999389648438,132.89999389648438,140.39999389648438,131.89999389648438,137.5,374180
2025-01-16,136.5,136.5,136.8000030517578,129.5,130.0,441170
2025-01-17,131.1999969482422,131.1999969482422,135.0,127.9000015258789,128.39999389648438,368090
2025-01-21,126.30000305175781,126.30000305175781,131.5,125.3499984741211,128.0,293720
2025-01-22,116.30000305175781,116.30000305175781,118.69999694824219,113.9000015258789,117.5,715770
2025-01-23,114.4000015258789,114.4000015258789,119.0,114.4000015258789,117.80000305175781,354000
2025-01-24,115.0999984741211,115.0999984741211,117.0,111.5,113.0,543470
2025-01-27,127.9000015258789,127.9000015258789,131.39999389648438,122.9000015258789,130.89999389648438,999420
2025-01-28,114.4000015258789,114.4000015258789,128.3000030517578,113.61000061035156,125.0,620130
2025-01-29,118.19999694824219,118.19999694824219,121.87999725341797,115.5,115.5,598180
2025-01-30,121.80000305175781,121.80000305175781,126.19999694824219,117.75,120.0,524920
2025-01-31,121.19999694824219,121.19999694824219,122.11000061035156,114.8499984741211,118.0999984741211,644680
2025-02-03,124.0,124.0,129.3000030517578,121.80000305175781,128.39999389648438,551840
2025-02-04,118.5,118.5,122.9000015258789,118.30000305175781,122.5999984741211,292540
2025-02-05,117.0,117.0,121.5999984741211,116.5999984741211,120.5,403890
2025-02-06,114.69999694824219,114.69999694824219,117.5999984741211,114.4000015258789,116.0999984741211,225570
2025-02-07,119.30000305175781,119.30000305175781,120.0,112.54000091552734,114.5,542090
2025-02-10,113.80000305175781,113.80000305175781,116.55000305175781,112.5,116.5,481910
2025-02-11,114.19999694824219,114.19999694824219,117.0999984741211,113.0999984741211,115.9000015258789,303400
2025-02-12,115.19999694824219,115.19999694824219,119.25,114.0999984741211,118.5,404540
2025-02-13,110.19999694824219,110.19999694824219,116.19999694824219,109.6500015258789,114.80000305175781,493000
2025-02-14,108.5999984741211,108.5999984741211,111.9000015258789,108.19999694824219,110.5,429540
2025-02-18,111.0,111.0,113.80000305175781,108.30000305175781,108.4000015258789,421940
2025-02-19,111.4000015258789,111.4000015258789,115.11000061035156,111.19999694824219,111.69999694824219,229860
2025-02-20,114.80000305175781,114.80000305175781,118.5,112.5999984741211,112.5999984741211,557740
2025-02-21,125.0999984741211,125.0999984741211,125.9000015258789,114.69999694824219,115.30000305175781,494580
2025-02-24,132.5,132.5,133.3000030517578,122.5999984741211,123.4000015258789,699860
2025-02-25,138.89999389648438,138.89999389648438,144.6999969482422,133.8000030517578,133.89999389648438,668240
2025-02-26,132.10000610351562,132.10000610351562,137.10000610351562,127.69999694824219,135.89999389648438,545410
2025-02-27,146.60000610351562,146.60000610351562,146.60000610351562,126.69999694824219,127.19999694824219,490330
2025-02-28,138.39999389648438,138.39999389648438,151.8000030517578,138.14999389648438,147.3000030517578,559990
2025-03-03,150.6999969482422,150.6999969482422,154.60000610351562,134.3000030517578,135.6999969482422,744900
2025-03-04,150.5,150.5,162.6999969482422,142.89999389648438,155.5,784160
2025-03-05,146.8000030517578,146.8000030517578,158.5,144.85000610351562,152.6999969482422,882790
2025-03-06,164.89999389648438,164.89999389648438,166.8000030517578,150.0,156.8000030517578,591630
2025-03-07,164.60000610351562,164.60000610351562,179.1999969482422,159.6999969482422,165.5,769000
2025-03-10,187.6999969482422,187.6999969482422,193.60000610351562,176.0,176.39999389648438,848110
2025-03-11,178.89999389648438,178.89999389648438,188.0,168.60000610351562,187.6999969482422,447210
2025-03-12,165.5,165.5,174.7100067138672,161.39999389648438,165.39999389648438,519470
2025-03-13,178.8000030517578,178.8000030517578,180.89999389648438,166.39999389648438,167.10000610351562,427130
2025-03-14,162.5,162.5,172.0,161.1999969482422,170.5,558190
2025-03-17,160.6999969482422,160.6999969482422,164.39999389648438,155.89999389648438,162.8000030517578,400140
2025-03-18,169.8000030517578,169.8000030517578,174.1999969482422,163.6999969482422,165.39999389648438,494310
2025-03-19,160.3000030517578,160.3000030517578,170.39999389648438,154.25,166.60000610351562,546660
2025-03-20,163.60000610351562,163.60000610351562,166.3000030517578,156.0,164.89999389648438,469190
2025-03-21,161.8000030517578,161.8000030517578,171.10000610351562,161.10000610351562,170.1999969482422,384560
2025-03-24,152.0,152.0,155.8000030517578,150.3000030517578,152.8000030517578,361540
2025-03-25,146.39999389648438,146.39999389648438,149.6999969482422,144.6999969482422,149.6999969482422,206470
2025-03-26,159.10000610351562,159.10000610351562,160.8000030517578,148.1999969482422,148.3000030517578,494830
2025-03-27,164.1999969482422,164.1999969482422,165.8000030517578,158.1999969482422,162.3000030517578,421300
2025-03-28,180.6999969482422,180.6999969482422,181.89999389648438,165.3000030517578,167.5,874740
2025-03-31,182.5,182.5,199.8000030517578,181.14999389648438,192.10000610351562,855780
2025-04-01,175.1999969482422,175.1999969482422,187.0,174.60000610351562,184.8000030517578,414900
2025-04-02,171.1999969482422,171.1999969482422,184.60000610351562,165.6999969482422,183.89999389648438,499010
2025-04-03,204.39999389648438,204.39999389648438,206.10000610351562,194.10000610351562,198.39999389648438,655510
2025-04-04,239.89999389648438,239.89999389648438,244.10000610351562,221.60000610351562,227.5,683580
2025-04-07,230.5,230.5,276.69000244140625,199.0,271.3999938964844,1102380
2025-04-08,237.60000610351562,237.60000610351562,248.89999389648438,189.89999389648438,195.0,1382370
2025-04-09,142.60000610351562,142.60000610351562,236.75,136.6999969482422,236.1999969482422,961030
2025-04-10,158.60000610351562,158.60000610351562,172.6999969482422,151.3000030517578,153.5,903330
2025-04-11,150.89999389648438,150.89999389648438,165.5,149.1999969482422,162.3000030517578,729660
2025-04-14,150.39999389648438,150.39999389648438,154.10000610351562,138.10000610351562,138.8000030517578,516730
2025-04-15,147.0,147.0,148.6999969482422,142.3000030517578,148.1999969482422,554960
2025-04-16,160.6999969482422,160.6999969482422,167.8000030517578,151.89999389648438,157.0,434880
2025-04-17,165.89999389648438,165.89999389648438,168.4499969482422,157.39999389648438,157.6999969482422,318450
2025-04-21,177.6999969482422,177.6999969482422,184.39999389648438,171.0,174.60000610351562,334670
2025-04-22,163.39999389648438,163.39999389648438,172.89999389648438,158.14999389648438,170.60000610351562,311310
2025-04-23,146.5,146.5,149.10000610351562,136.6999969482422,143.8000030517578,508780
2025-04-24,124.0,124.0,140.6999969482422,123.69999694824219,140.5,642330
2025-04-25,117.69999694824219,117.69999694824219,124.19999694824219,117.0,121.69999694824219,437560
2025-04-28,118.80000305175781,118.80000305175781,124.0999984741211,116.44999694824219,117.0999984741211,410160
2025-04-29,116.80000305175781,116.80000305175781,121.80000305175781,116.19999694824219,120.80000305175781,267280
2025-04-30,117.0999984741211,117.0999984741211,127.5,116.4000015258789,124.19999694824219,559200
2025-05-01,109.69999694824219,109.69999694824219,110.80000305175781,105.0999984741211,108.30000305175781,539310
2025-05-02,104.0999984741211,104.0999984741211,108.0999984741211,102.5,105.5,412470
2025-05-05,106.0,106.0,108.5,103.93000030517578,108.30000305175781,368500
2025-05-06,107.80000305175781,107.80000305175781,110.69999694824219,105.19999694824219,109.9000015258789,519380
2025-05-07,108.30000305175781,108.30000305175781,113.19999694824219,106.5,109.0999984741211,463600
2025-05-08,106.4000015258789,106.4000015258789,109.05000305175781,103.0,104.55000305175781,489190
2025-05-09,108.4000015258789,108.4000015258789,110.48999786376953,104.80000305175781,106.19999694824219,343220
2025-05-12,93.9000015258789,93.9000015258789,99.4000015258789,93.9000015258789,95.5,484520
2025-05-13,87.5999984741211,87.5999984741211,93.4000015258789,85.80000305175781,92.80000305175781,507280
2025-05-14,85.9000015258789,85.9000015258789,87.55000305175781,85.0,87.30000305175781,365840
2025-05-15,86.5999984741211,86.5999984741211,88.55000305175781,84.69999694824219,87.4000015258789,424820
2025-05-16,85.5999984741211,85.5999984741211,88.0999984741211,84.80000305175781,84.80000305175781,270250
2025-05-19,85.5999984741211,85.5999984741211,90.0999984741211,85.30000305175781,89.69999694824219,420570
2025-05-20,86.9000015258789,86.9000015258789,88.80000305175781,86.43000030517578,87.0999984741211,270300
2025-05-21,88.69999694824219,88.69999694824219,90.01000213623047,83.5199966430664,89.0999984741211,684690
2025-05-22,87.4000015258789,87.4000015258789,89.0,84.80000305175781,88.5999984741211,504350
2025-05-23,89.30000305175781,89.30000305175781,91.98999786376953,87.69999694824219,91.5999984741211,439730
2025-05-27,82.0999984741211,82.0999984741211,86.3499984741211,82.0999984741211,85.9000015258789,427890
2025-05-28,82.69999694824219,82.69999694824219,83.19999694824219,80.80000305175781,81.80000305175781,326480
2025-05-29,83.0,83.0,84.19000244140625,78.9000015258789,78.9000015258789,378060
2025-05-30,82.5999984741211,82.5999984741211,87.19999694824219,81.80000305175781,83.0,298820
2025-06-02,79.80000305175781,79.80000305175781,83.5999984741211,79.69999694824219,83.5999984741211,393500
2025-06-03,77.9000015258789,77.9000015258789,80.19999694824219,77.43000030517578,79.5999984741211,458400
2025-06-04,77.5999984741211,77.5999984741211,79.5999984741211,77.0999984741211,79.30000305175781,561520
2025-06-05,77.5999984741211,77.5999984741211,78.44999694824219,74.80000305175781,76.44999694824219,600750
2025-06-06,76.19999694824219,76.19999694824219,76.9000015258789,74.5999984741211,76.0999984741211,562330
2025-06-09,76.4000015258789,76.4000015258789,76.87999725341797,75.19999694824219,75.5999984741211,366990
2025-06-10,76.19999694824219,76.19999694824219,79.19999694824219,75.80000305175781,76.30000305175781,364180
2025-06-11,76.0999984741211,76.0999984741211,76.94999694824219,74.30000305175781,75.75,652670
2025-06-12,75.19999694824219,75.19999694824219,76.9000015258789,74.5,76.9000015258789,346970
2025-06-13,77.9000015258789,77.9000015258789,78.69999694824219,75.5999984741211,77.69999694824219,402830
2025-06-16,74.80000305175781,74.80000305175781,76.5999984741211,74.0,76.5999984741211,446400
2025-06-17,75.4000015258789,75.4000015258789,76.0999984741211,74.13999938964844,75.69999694824219,333680
2025-06-18,76.0999984741211,76.0999984741211,76.69999694824219,74.0999984741211,74.9000015258789,443800
2025-06-20,78.5,78.5,78.94999694824219,74.5999984741211,74.9000015258789,328810
2025-06-23,75.9000015258789,75.9000015258789,81.1500015258789,75.69999694824219,78.80000305175781,363450
2025-06-24,72.80000305175781,72.80000305175781,73.9000015258789,72.33000183105469,73.80000305175781,253380
2025-06-25,70.5999984741211,70.5999984741211,71.9000015258789,69.5999984741211,71.5999984741211,428300
2025-06-26,67.5,67.5,70.5,67.30000305175781,69.5999984741211,323640
2025-06-27,65.80000305175781,65.80000305175781,68.0999984741211,65.69999694824219,66.80000305175781,327880
2025-06-30,64.5999984741211,64.5999984741211,65.6500015258789,64.19999694824219,64.4000015258789,301430
2025-07-01,67.69999694824219,67.69999694824219,69.19999694824219,64.69999694824219,65.0999984741211,525380
2025-07-02,66.5999984741211,66.5999984741211,68.5999984741211,66.30000305175781,68.4000015258789,471570
2025-07-03,63.400001525878906,63.400001525878906,65.5,63.099998474121094,65.5,283680
2025-07-07,64.9000015258789,64.9000015258789,65.80000305175781,63.900001525878906,64.19999694824219,343350
2025-07-08,65.69999694824219,65.69999694824219,66.69999694824219,64.30000305175781,64.4000015258789,308650
2025-07-09,63.70000076293945,63.70000076293945,65.0,63.0,65.0,344500
2025-07-10,65.9000015258789,65.9000015258789,66.87999725341797,63.400001525878906,63.599998474121094,312440
2025-07-11,66.9000015258789,66.9000015258789,67.4000015258789,65.69999694824219,66.5,204210
2025-07-14,66.0999984741211,66.0999984741211,68.0999984741211,65.5,67.19999694824219,235310
2025-07-15,65.0999984741211,65.0999984741211,65.0999984741211,63.900001525878906,64.19999694824219,302360
2025-07-16,65.4000015258789,65.4000015258789,66.94999694824219,64.5999984741211,64.9000015258789,200480
2025-07-17,64.4000015258789,64.4000015258789,65.69999694824219,63.79999923706055,65.0999984741211,264620
2025-07-18,65.0,65.0,66.19999694824219,63.79999923706055,63.900001525878906,208360
2025-07-21,62.900001525878906,62.900001525878906,64.69999694824219,62.599998474121094,64.5,292110
2025-07-22,65.5,65.5,66.0,62.70000076293945,62.70000076293945,408620
2025-07-23,65.30000305175781,65.30000305175781,66.5999984741211,64.9000015258789,65.0,583220
2025-07-24,62.900001525878906,62.900001525878906,63.70000076293945,61.349998474121094,62.0,375610
2025-07-25,63.20000076293945,63.20000076293945,63.400001525878906,62.099998474121094,62.70000076293945,618290
2025-07-28,61.70000076293945,61.70000076293945,62.70000076293945,61.20000076293945,62.099998474121094,292300
2025-07-29,62.29999923706055,62.29999923706055,62.75,60.099998474121094,61.0,765840
2025-07-30,62.0,62.0,63.20000076293945,61.5,61.900001525878906,372600
2025-07-31,61.79999923706055,61.79999923706055,62.06999969482422,57.619998931884766,57.70000076293945,853850
2025-08-01,66.5,66.5,67.3499984741211,64.19999694824219,64.5,778210
2025-08-04,62.79999923706055,62.79999923706055,64.80000305175781,62.599998474121094,64.5,432530
2025-08-05,65.0999984741211,65.0999984741211,65.0999984741211,61.79999923706055,62.79999923706055,438650
2025-08-06,61.29999923706055,61.29999923706055,64.4000015258789,61.099998474121094,64.19999694824219,473430
2025-08-07,62.20000076293945,62.20000076293945,63.70000076293945,59.650001525878906,60.099998474121094,620340
2025-08-08,60.099998474121094,60.099998474121094,62.0,60.0,61.5,385570
2025-08-11,60.70000076293945,60.70000076293945,61.06999969482422,59.29999923706055,60.29999923706055,372040
2025-08-12,58.20000076293945,58.20000076293945,61.0,58.20000076293945,59.900001525878906,601840
2025-08-13,59.20000076293945,59.20000076293945,59.650001525878906,57.290000915527344,57.5,453520
2025-08-14,58.5,58.5,59.29999923706055,57.70000076293945,59.099998474121094,462110
2025-08-15,58.400001525878906,58.400001525878906,59.189998626708984,57.79999923706055,57.900001525878906,522130
2025-08-18,58.400001525878906,58.400001525878906,59.63999938964844,58.29999923706055,59.20000076293945,511170
2025-08-19,61.70000076293945,61.70000076293945,62.29999923706055,58.599998474121094,58.79999923706055,750780
2025-08-20,63.099998474121094,63.099998474121094,65.9000015258789,62.099998474121094,62.099998474121094,1210680
2025-08-21,64.30000305175781,64.30000305175781,65.19999694824219,62.95000076293945,63.5,708200
2025-08-22,61.20000076293945,61.20000076293945,64.5999984741211,60.45000076293945,64.0,736440
2025-08-25,61.20000076293945,61.20000076293945,61.900001525878906,59.75,61.70000076293945,542430
2025-08-26,60.599998474121094,60.599998474121094,62.04999923706055,60.599998474121094,61.0,429870
2025-08-27,60.099998474121094,60.099998474121094,61.400001525878906,59.650001525878906,60.79999923706055,496920
2025-08-28,57.20000076293945,57.20000076293945,60.400001525878906,56.79999923706055,60.29999923706055,978600
2025-08-29,60.099998474121094,60.099998474121094,60.70000076293945,57.70000076293945,57.79999923706055,893830
2025-09-02,61.79999923706055,61.79999923706055,64.30000305175781,61.5,63.29999923706055,656210
2025-09-03,58.5,58.5,60.0099983215332,58.400001525878906,59.5,857560
2025-09-04,56.599998474121094,56.599998474121094,59.0,56.599998474121094,57.900001525878906,688440
2025-09-05,55.400001525878906,55.400001525878906,56.849998474121094,53.5,53.5,1074370
2025-09-08,54.0,54.0,54.400001525878906,53.0,54.29999923706055,696790
2025-09-09,53.400001525878906,53.400001525878906,54.54999923706055,53.099998474121094,53.29999923706055,741070
2025-09-10,52.599998474121094,52.599998474121094,53.20000076293945,51.400001525878906,52.099998474121094,1043080
2025-09-11,53.0,53.0,53.099998474121094,51.70000076293945,51.79999923706055,813810
2025-09-12,52.5,52.5,53.20000076293945,52.20000076293945,52.599998474121094,713820
2025-09-15,50.099998474121094,50.099998474121094,52.150001525878906,50.099998474121094,52.0,1047550
2025-09-16,50.400001525878906,50.400001525878906,50.70000076293945,49.849998474121094,49.900001525878906,651820
2025-09-17,51.29999923706055,51.29999923706055,52.900001525878906,50.29999923706055,50.5,1211000
2025-09-18,49.5,49.5,50.20000076293945,48.900001525878906,49.75,1329470
2025-09-19,48.20000076293945,48.20000076293945,49.279998779296875,48.0,48.79999923706055,754670
2025-09-22,48.20000076293945,48.20000076293945,49.20000076293945,48.0,48.5,784400
2025-09-23,50.20000076293945,50.20000076293945,50.70000076293945,48.20000076293945,48.20000076293945,1154640
2025-09-24,51.20000076293945,51.20000076293945,51.900001525878906,49.20000076293945,49.29999923706055,836090
2025-09-25,51.599998474121094,51.599998474121094,53.380001068115234,51.0,52.20000076293945,1283050
2025-09-26,51.29999923706055,51.29999923706055,52.5,51.0,51.70000076293945,1021160
2025-09-29,50.79999923706055,50.79999923706055,51.20000076293945,49.400001525878906,50.599998474121094,952130
2025-09-30,51.20000076293945,51.20000076293945,52.5,50.900001525878906,51.099998474121094,1024330
2025-10-01,51.099998474121094,51.099998474121094,52.599998474121094,50.79999923706055,52.099998474121094,1004010
2025-10-02,50.599998474121094,50.599998474121094,51.70000076293945,50.0,50.0,1082440
2025-10-03,51.400001525878906,51.400001525878906,51.97999954223633,50.20000076293945,50.29999923706055,1209750
2025-10-06,50.599998474121094,50.599998474121094,52.20000076293945,50.29999923706055,51.5,1028960
2025-10-07,51.400001525878906,51.400001525878906,52.400001525878906,50.29999923706055,50.400001525878906,1246420
2025-10-08,48.79999923706055,48.79999923706055,51.0,48.79999923706055,50.900001525878906,961870
2025-10-09,48.5,48.5,49.5,48.400001525878906,48.900001525878906,1118510
2025-10-10,53.599998474121094,53.599998474121094,53.599998474121094,47.599998474121094,48.5,2250290
2025-10-13,49.20000076293945,49.20000076293945,51.25,48.900001525878906,50.20000076293945,1641940
2025-10-14,51.5,51.5,53.060001373291016,50.20000076293945,51.20000076293945,1769370
2025-10-15,50.900001525878906,50.900001525878906,52.349998474121094,49.400001525878906,49.79999923706055,1884520
2025-10-16,51.5,51.5,53.0,49.150001525878906,50.20000076293945,2538760
2025-10-17,50.79999923706055,50.79999923706055,53.04999923706055,50.5,52.29999923706055,2033050
2025-10-20,48.099998474121094,48.099998474121094,50.0,47.900001525878906,49.79999923706055,951550
2025-10-21,48.099998474121094,48.099998474121094,48.599998474121094,47.79999923706055,48.099998474121094,1239460
2025-10-22,50.099998474121094,50.099998474121094,51.599998474121094,48.70000076293945,48.79999923706055,2116250
2025-10-23,48.70000076293945,48.70000076293945,50.0,48.599998474121094,49.79999923706055,1303770
2025-10-24,47.20000076293945,47.20000076293945,48.0,46.79999923706055,47.599998474121094,1121520
2025-10-27,44.79999923706055,44.79999923706055,45.79999923706055,44.70000076293945,45.20000076293945,1173680
2025-10-28,42.900001525878906,42.900001525878906,44.25,42.400001525878906,43.900001525878906,1452350
2025-10-29,41.900001525878906,41.900001525878906,43.150001525878906,41.79999923706055,42.400001525878906,1775200
2025-10-30,44.099998474121094,44.099998474121094,44.650001525878906,42.720001220703125,43.0,3005270
2025-10-31,43.79999923706055,43.79999923706055,44.04999923706055,41.400001525878906,41.5,2242370
2025-11-03,43.29999923706055,43.29999923706055,43.65999984741211,42.0,42.099998474121094,1789050
2025-11-04,45.900001525878906,45.900001525878906,46.20000076293945,43.900001525878906,45.20000076293945,1813850
2025-11-05,45.599998474121094,45.599998474121094,46.5,44.900001525878906,46.0,1507810
2025-11-06,47.599998474121094,47.599998474121094,48.099998474121094,45.900001525878906,45.900001525878906,2446350
2025-11-07,47.79999923706055,47.79999923706055,50.900001525878906,47.79999923706055,48.400001525878906,2803460
2025-11-10,44.5,44.5,46.25,44.099998474121094,45.70000076293945,2407530
2025-11-11,44.70000076293945,44.70000076293945,45.70000076293945,44.400001525878906,45.0,1695060
2025-11-12,45.29999923706055,45.29999923706055,46.29999923706055,43.70000076293945,43.70000076293945,2238980
2025-11-13,48.20000076293945,48.20000076293945,48.95000076293945,46.099998474121094,46.099998474121094,3262130
2025-11-14,48.20000076293945,48.20000076293945,51.29999923706055,47.099998474121094,50.400001525878906,2962030
2025-11-17,49.29999923706055,49.29999923706055,50.369998931884766,47.20000076293945,48.70000076293945,2810380
2025-11-18,51.29999923706055,51.29999923706055,52.70000076293945,49.5099983215332,50.400001525878906,2568700
2025-11-19,50.29999923706055,50.29999923706055,51.709999084472656,48.599998474121094,51.29999923706055,3048610
2025-11-20,53.599998474121094,53.599998474121094,53.95000076293945,46.099998474121094,46.79999923706055,2625450
2025-11-21,53.29999923706055,53.29999923706055,55.70000076293945,51.20000076293945,53.5,2837430
2025-11-24,47.79999923706055,47.79999923706055,51.70000076293945,47.70000076293945,51.400001525878906,1905000
2025-11-25,46.79999923706055,46.79999923706055,49.70000076293945,46.59000015258789,47.900001525878906,1338450
2025-11-26,46.599998474121094,46.599998474121094,47.400001525878906,45.79999923706055,46.20000076293945,1263860
2025-11-28,45.400001525878906,45.400001525878906,46.29999923706055,45.400001525878906,46.0,592050
2025-12-01,46.099998474121094,46.099998474121094,47.5,45.5,47.099998474121094,1476450
2025-12-02,45.0,45.0,46.09000015258789,44.5,45.099998474121094,1831210
2025-12-03,46.0,46.0,47.599998474121094,45.849998474121094,46.5,1757610
2025-12-04,46.20000076293945,46.20000076293945,46.900001525878906,45.0,45.0,2357090
2025-12-05,45.599998474121094,45.599998474121094,46.20000076293945,44.5,46.0,2497290
2025-12-08,45.70000076293945,45.70000076293945,46.29999923706055,44.79999923706055,45.29999923706055,2772470
2025-12-09,45.5,45.5,46.5,45.29999923706055,46.099998474121094,1343560
2025-12-10,45.70000076293945,45.70000076293945,46.86000061035156,45.400001525878906,46.099998474121094,2640570
2025-12-11,46.29999923706055,46.29999923706055,47.70000076293945,45.900001525878906,46.5,2860810
2025-12-12,49.5,49.5,50.29999923706055,47.20000076293945,47.20000076293945,3710010
2025-12-15,53.29999923706055,53.29999923706055,53.29999923706055,49.599998474121094,49.599998474121094,4068840
2025-12-16,52.5,52.5,54.0,52.0,53.79999923706055,4128980
2025-12-17,55.5,55.5,55.5,51.810001373291016,51.900001525878906,4663080
2025-12-18,53.599998474121094,53.599998474121094,54.70000076293945,52.939998626708984,53.099998474121094,4001890
2025-12-19,51.79999923706055,51.79999923706055,53.099998474121094,51.599998474121094,53.0,2660320
2025-12-22,51.400001525878906,51.400001525878906,52.0,50.79999923706055,50.900001525878906,1629820
2025-12-23,50.099998474121094,50.099998474121094,51.900001525878906,50.0,51.70000076293945,977390
2025-12-24,50.0,50.0,50.599998474121094,49.79999923706055,50.29999923706055,417750
2025-12-26,50.099998474121094,50.099998474121094,50.29999923706055,49.5,49.79999923706055,826500
2025-12-29,51.099998474121094,51.099998474121094,51.70000076293945,50.5,51.20000076293945,1250750
2025-12-30,51.29999923706055,51.29999923706055,51.5,50.5,51.20000076293945,1463460
2025-12-31,52.70000076293945,52.70000076293945,52.70000076293945,51.099998474121094,51.099998474121094,1164100
2026-01-02,54.900001525878906,54.900001525878906,55.70000076293945,50.369998931884766,51.0,5163160
2026-01-05,53.900001525878906,53.900001525878906,54.470001220703125,52.83000183105469,53.29999923706055,3097090
2026-01-06,53.099998474121094,53.099998474121094,54.5,52.70000076293945,53.599998474121094,3342800
2026-01-07,52.099998474121094,52.099998474121094,53.29999923706055,50.29999923706055,53.099998474121094,4382850
2026-01-08,53.5,53.5,54.349998474121094,51.540000915527344,51.79999923706055,4824040
2026-01-09,52.400001525878906,52.400001525878906,54.5,52.20000076293945,53.400001525878906,4254560
2026-01-12,52.29999923706055,52.29999923706055,53.5,51.5099983215332,53.400001525878906,3440940
2026-01-13,52.400001525878906,52.400001525878906,53.599998474121094,51.43000030517578,52.29999923706055,4841960
2026-01-14,55.099998474121094,55.099998474121094,56.400001525878906,52.79999923706055,53.29999923706055,6132500
2026-01-15,55.20000076293945,55.20000076293945,55.70000076293945,53.20000076293945,53.599998474121094,5292730
2026-01-16,55.599998474121094,55.599998474121094,56.400001525878906,53.70000076293945,54.099998474121094,4489020
2026-01-20,60.29999923706055,60.29999923706055,60.5,57.79999923706055,58.599998474121094,5149650
2026-01-21,60.29999923706055,60.29999923706055,62.79999923706055,58.79999923706055,60.900001525878906,7710520
2026-01-22,58.5,58.5,59.400001525878906,57.70000076293945,57.79999923706055,4738310
2026-01-23,56.70000076293945,56.70000076293945,58.70000076293945,55.79999923706055,58.5,4635930
2026-01-26,55.099998474121094,55.099998474121094,56.70000076293945,54.20000076293945,56.29999923706055,3643560
2026-01-27,53.20000076293945,53.20000076293945,54.5,53.0,53.79999923706055,2888850
2026-01-28,54.400001525878906,54.400001525878906,54.900001525878906,52.5,52.5,3403660
2026-01-29,55.900001525878906,55.900001525878906,59.900001525878906,54.0,54.29999923706055,4364190
2026-01-30,57.20000076293945,57.20000076293945,58.150001525878906,55.900001525878906,56.849998474121094,5799710
2026-02-02,57.20000076293945,57.20000076293945,57.79999923706055,55.70000076293945,57.79999923706055,3264260
2026-02-03,59.900001525878906,59.900001525878906,61.650001525878906,55.099998474121094,55.29999923706055,6692900
2026-02-04,64.30000305175781,64.30000305175781,66.4000015258789,60.29999923706055,60.29999923706055,4514110
2026-02-05,68.9000015258789,68.9000015258789,69.69999694824219,64.80000305175781,66.5,3475600
2026-02-06,65.4000015258789,65.4000015258789,70.0,64.9000015258789,68.69999694824219,3844290
2026-02-09,62.689998626708984,62.689998626708984,67.19999694824219,61.209999084472656,65.69000244140625,239100
2026-02-10,63.88999938964844,63.88999938964844,63.88999938964844,60.900001525878906,61.54999923706055,298900
2026-02-11,65.20999908447266,65.20999908447266,66.44000244140625,62.2599983215332,62.27000045776367,311000
2026-02-12,70.37999725341797,70.37999725341797,70.86100006103516,64.52999877929688,64.52999877929688,789100
2026-02-13,71.05999755859375,71.05999755859375,72.72699737548828,68.95999908447266,70.26000213623047,427200
2026-02-17,70.5999984741211,70.5999984741211,75.31999969482422,69.61100006103516,72.80000305175781,431500
2026-02-18,68.5,68.5,70.80000305175781,66.94000244140625,70.08499908447266,340200
2026-02-19,69.02999877929688,69.02999877929688,70.30999755859375,67.69000244140625,69.52999877929688,271100
2026-02-20,67.9000015258789,67.9000015258789,70.62999725341797,65.33999633789062,70.16000366210938,359800
2026-02-23,72.58000183105469,72.58000183105469,73.41999816894531,68.66000366210938,68.66000366210938,435000
2026-02-24,71.54000091552734,71.54000091552734,75.52999877929688,70.95999908447266,73.54000091552734,262100
2026-02-25,66.2300033569336,66.2300033569336,69.88999938964844,66.18000030517578,69.87999725341797,246200
2026-02-26,67.48999786376953,67.48999786376953,70.36000061035156,66.44000244140625,66.44000244140625,545100
2026-02-27,67.0,67.0,69.79100036621094,67.0,68.61000061035156,212900
2026-03-02,65.12999725341797,65.12999725341797,69.69999694824219,64.29000091552734,69.52999877929688,1087700
2026-03-03,64.76000213623047,64.76000213623047,69.66999816894531,64.56999969482422,68.7699966430664,1079700
2026-03-04,61.619998931884766,61.619998931884766,65.01000213623047,60.720001220703125,64.79000091552734,625800
2026-03-05,59.849998474121094,59.849998474121094,62.42499923706055,59.380001068115234,61.66999816894531,531000
2026-03-06,61.66999816894531,61.66999816894531,62.63999938964844,59.78499984741211,62.06999969482422,233400
2026-03-09,59.45000076293945,59.45000076293945,63.779998779296875,58.93000030517578,63.58000183105469,530600
2026-03-10,59.779998779296875,59.779998779296875,60.619998931884766,58.5,58.86000061035156,525900
2026-03-11,60.06999969482422,60.06999969482422,60.97999954223633,58.15999984741211,59.369998931884766,393700
2026-03-12,61.70000076293945,61.70000076293945,62.5,60.20000076293945,60.970001220703125,312100
2026-03-13,64.86000061035156,64.86000061035156,65.55400085449219,61.060001373291016,61.75,783400
2026-03-16,63.380001068115234,63.380001068115234,64.1500015258789,62.119998931884766,63.02000045776367,675900
2026-03-17,62.959999084472656,62.959999084472656,63.54999923706055,61.41999816894531,63.11000061035156,240200
2026-03-18,65.0999984741211,65.0999984741211,65.0999984741211,62.310001373291016,63.58000183105469,276200
2026-03-19,66.12000274658203,66.12000274658203,67.55999755859375,65.47000122070312,66.25,289600
2026-03-20,70.79000091552734,70.79000091552734,71.83000183105469,67.0,67.0,296200
2026-03-23,67.16000366210938,67.16000366210938,68.55000305175781,65.0,67.66000366210938,330200
2026-03-24,71.26000213623047,71.26000213623047,71.56999969482422,67.54000091552734,68.36000061035156,495948
