Date,Adj Close,Close,High,Low,Open,Volume
2016-01-04,142.9767608642578,177.13999938964844,177.19000244140625,173.75999450683594,175.7899932861328,3745500
2016-01-05,140.51498413085938,174.08999633789062,177.5,172.9199981689453,176.7100067138672,4521600
2016-01-06,137.08460998535156,169.83999633789062,172.02000427246094,169.10000610351562,171.30999755859375,5539400
2016-01-07,132.87135314941406,164.6199951171875,169.5,163.60000610351562,166.6699981689453,5687900
2016-01-08,132.3225555419922,163.94000244140625,168.4199981689453,163.6300048828125,166.75,4929800
2016-01-11,133.76730346679688,165.72999572753906,166.4600067138672,163.33999633789062,165.0,4386500
2016-01-12,133.75115966796875,165.7100067138672,168.17999267578125,163.3000030517578,166.88999938964844,4441300
2016-01-13,128.3272247314453,158.99000549316406,167.10000610351562,157.9199981689453,166.4600067138672,5252500
2016-01-14,130.2643585205078,161.38999938964844,162.50999450683594,156.75999450683594,160.3000030517578,4272500
2016-01-15,125.59906005859375,155.61000061035156,157.99000549316406,153.80999755859375,156.6999969482422,6237200
2016-01-19,126.5757064819336,156.82000732421875,158.75999450683594,155.27999877929688,157.55999755859375,5860600
2016-01-20,124.09777069091797,153.75,158.3699951171875,151.64999389648438,154.10000610351562,9369100
2016-01-21,122.40275573730469,151.64999389648438,155.16000366210938,151.49000549316406,153.97000122070312,5738800
2016-01-22,126.60794067382812,156.86000061035156,156.99000549316406,153.86000061035156,154.5800018310547,5583800
2016-01-25,121.9749755859375,151.1199951171875,156.52999877929688,151.1199951171875,156.39999389648438,5051700
2016-01-26,124.66272735595703,154.4499969482422,156.10000610351562,151.1199951171875,151.1199951171875,5237700
2016-01-27,124.07354736328125,153.72000122070312,158.42999267578125,153.19000244140625,153.58999633789062,5153100
2016-01-28,126.76937866210938,157.05999755859375,158.0500030517578,152.52999877929688,155.00999450683594,4292900
2016-01-29,130.40151977539062,161.55999755859375,161.58999633789062,157.77999877929688,158.63999938964844,4887900
2016-02-01,128.85992431640625,159.64999389648438,161.0,158.4499969482422,160.41000366210938,2963500
2016-02-02,122.44314575195312,151.6999969482422,157.0,150.16000366210938,157.0,6316200
2016-02-03,123.23409271240234,152.67999267578125,153.83999633789062,147.00999450683594,152.5,5893200
2016-02-04,126.30934143066406,156.49000549316406,157.9499969482422,152.00999450683594,152.3000030517578,4573100
2016-02-05,126.2931900024414,156.47000122070312,159.6999969482422,155.69000244140625,157.57000732421875,4596100
2016-02-08,120.46562194824219,149.25,153.8300018310547,145.25,153.8300018310547,8680000
2016-02-09,119.65849304199219,148.25,149.9499969482422,145.10000610351562,145.52000427246094,6919400
2016-02-10,118.83522033691406,147.22999572753906,153.3800048828125,147.2100067138672,150.0,7609600
2016-02-11,113.5565185546875,140.69000244140625,144.41000366210938,139.0500030517578,143.41000366210938,10252200
2016-02-12,117.94735717773438,146.1300048828125,146.50999450683594,143.6999969482422,143.75,9009300
2016-02-16,120.27997589111328,149.02000427246094,150.47999572753906,147.4499969482422,149.60000610351562,10198000
2016-02-17,121.82970428466797,150.94000244140625,151.8699951171875,150.30999755859375,150.8000030517578,5578800
2016-02-18,119.23880004882812,147.72999572753906,152.0,147.3699951171875,151.25,5895500
2016-02-19,118.57688903808594,146.91000366210938,147.72999572753906,145.42999267578125,147.0,5257300
2016-02-22,120.09434509277344,148.7899932861328,149.99000549316406,148.22999572753906,149.1999969482422,4287900
2016-02-23,116.962646484375,144.91000366210938,148.0500030517578,144.0500030517578,148.0,4249600
2016-02-24,117.4873046875,145.55999755859375,145.63999938964844,140.25999450683594,143.0800018310547,5714700
2016-02-25,119.65849304199219,148.25,149.07000732421875,145.22999572753906,146.0,4299600
2016-02-26,121.27279663085938,150.25,151.97000122070312,149.00999450683594,149.72000122070312,5924500
2016-02-29,121.21598052978516,149.52999877929688,150.2899932861328,148.32000732421875,149.75,5506400
2016-03-01,125.36654663085938,154.64999389648438,154.77000427246094,150.67999267578125,150.9499969482422,6490400
2016-03-02,125.00171661376953,154.1999969482422,155.41000366210938,153.4499969482422,154.75,5047500
2016-03-03,125.91773223876953,155.3300018310547,155.66000366210938,153.36000061035156,154.0,3615800
2016-03-04,127.14189147949219,156.83999633789062,158.85000610351562,155.2899932861328,156.3699951171875,5256700
2016-03-07,125.93399810791016,155.35000610351562,156.3699951171875,154.41000366210938,156.0,2771900
2016-03-08,122.89407348632812,151.60000610351562,154.22999572753906,151.5,154.0,3830400
2016-03-09,121.52410125732422,149.91000366210938,152.5,149.17999267578125,152.11000061035156,3250900
2016-03-10,122.42388916015625,151.02000427246094,153.60000610351562,148.83999633789062,150.41000366210938,4631800
2016-03-11,124.79098510742188,153.94000244140625,154.16000366210938,152.3699951171875,153.27999877929688,4058700
2016-03-14,124.42621612548828,153.49000549316406,154.4499969482422,152.1300048828125,153.66000366210938,3317900
2016-03-15,123.24266815185547,152.02999877929688,152.74000549316406,150.89999389648438,152.64999389648438,3731400
2016-03-16,122.03475952148438,150.5399932861328,152.85000610351562,149.7100067138672,150.9199981689453,4310300
2016-03-17,123.95602416992188,152.91000366210938,153.97999572753906,148.75,150.38999938964844,4431700
2016-03-18,127.75798034667969,157.60000610351562,158.17999267578125,153.8699951171875,153.91000366210938,7413200
2016-03-21,126.696044921875,156.2899932861328,158.89999389648438,155.75,157.24000549316406,4410200
2016-03-22,125.00171661376953,154.1999969482422,155.58999633789062,153.36000061035156,155.5,3521500
2016-03-23,124.90447998046875,154.0800018310547,155.5500030517578,153.58999633789062,154.25,3633400
2016-03-24,124.0289535522461,153.0,153.0399932861328,150.1300048828125,152.39999389648438,3693400
2016-03-28,124.70989990234375,153.83999633789062,154.63999938964844,152.3800048828125,153.13999938964844,2308600
2016-03-29,125.6745834350586,155.02999877929688,155.35000610351562,151.5,152.8699951171875,2919500
2016-03-30,126.86626434326172,156.5,158.02000427246094,154.88999938964844,156.1300048828125,3130600
2016-03-31,127.25534057617188,156.97999572753906,157.47999572753906,156.05999755859375,156.17999267578125,2927300
2016-04-01,129.55764770507812,159.82000732421875,160.00999450683594,155.08999633789062,156.4600067138672,3373400
2016-04-04,127.89575958251953,157.77000427246094,160.0,157.38999938964844,159.97000122070312,2478100
2016-04-05,125.93399810791016,155.35000610351562,156.52999877929688,154.5500030517578,156.44000244140625,2822700
2016-04-06,125.8043212890625,155.19000244140625,156.27000427246094,153.9199981689453,155.25999450683594,2927400
2016-04-07,121.92938995361328,150.41000366210938,154.02999877929688,149.3699951171875,153.64999389648438,4786800
2016-04-08,121.82398223876953,150.27999877929688,152.8699951171875,150.00999450683594,152.07000732421875,3122200
2016-04-11,123.38045501708984,152.1999969482422,153.89999389648438,150.41000366210938,151.17999267578125,3464300
2016-04-12,125.09090423583984,154.30999755859375,155.08999633789062,151.3000030517578,152.6699981689453,2732900
2016-04-13,129.5819091796875,159.85000610351562,159.99000549316406,156.3800048828125,156.52999877929688,5151100
2016-04-14,130.44119262695312,160.91000366210938,162.27000427246094,159.14999389648438,159.52999877929688,3067100
2016-04-15,128.50375366210938,158.52000427246094,161.77999877929688,158.1999969482422,161.22999572753906,3467900
2016-04-18,128.9090576171875,159.02000427246094,160.0,157.14999389648438,157.61000061035156,3031500
2016-04-19,131.85177612304688,162.64999389648438,163.6999969482422,157.0,157.75,5832200
2016-04-20,135.36181640625,166.97999572753906,167.4499969482422,161.94000244140625,162.0,4802200
2016-04-21,134.01612854003906,165.32000732421875,168.89999389648438,165.00999450683594,166.5500030517578,4165100
2016-04-22,135.1753692626953,166.75,167.49000549316406,165.66000366210938,165.7899932861328,2680300
2016-04-25,133.82969665527344,165.08999633789062,167.38999938964844,164.05999755859375,166.0,2473000
2016-04-26,134.4376678466797,165.83999633789062,166.0,164.22000122070312,165.3800048828125,2251600
2016-04-27,135.3131561279297,166.9199981689453,168.66000366210938,164.92999267578125,165.8300018310547,3323600
2016-04-28,133.18116760253906,164.2899932861328,167.32000732421875,164.00999450683594,165.35000610351562,2528000
2016-04-29,133.0352325439453,164.11000061035156,164.67999267578125,162.55999755859375,163.8000030517578,2890800
2016-05-02,134.71327209472656,166.17999267578125,167.19000244140625,163.99000549316406,165.0800018310547,1998400
2016-05-03,132.2489776611328,163.13999938964844,164.11000061035156,161.3699951171875,163.66000366210938,2777000
2016-05-04,129.76023864746094,160.07000732421875,162.60000610351562,159.08999633789062,161.1999969482422,3203900
2016-05-05,129.32247924804688,159.52999877929688,160.82000732421875,158.5,160.77999877929688,2366200
2016-05-06,128.77127075195312,158.85000610351562,160.1699981689453,157.00999450683594,158.19000244140625,2307000
2016-05-09,127.68497467041016,157.50999450683594,159.85000610351562,156.7899932861328,158.1999969482422,2097900
2016-05-10,130.85464477539062,161.4199981689453,161.5,158.38999938964844,158.6699981689453,2379600
2016-05-11,129.2333526611328,159.4199981689453,162.52999877929688,159.27999877929688,161.36000061035156,2096900
2016-05-12,128.13890075683594,158.07000732421875,161.47000122070312,157.30999755859375,160.32000732421875,2448100
2016-05-13,125.92594146728516,155.33999633789062,159.72000122070312,155.25999450683594,157.8800048828125,2550100
2016-05-16,125.95833587646484,155.3800048828125,156.89999389648438,154.60000610351562,155.33999633789062,3177700
2016-05-17,125.36654663085938,154.64999389648438,157.11000061035156,153.77000427246094,154.74000549316406,2701500
2016-05-18,129.6548614501953,159.94000244140625,160.0,154.64999389648438,154.80999755859375,3653300
2016-05-19,125.40704345703125,154.6999969482422,159.9499969482422,154.52000427246094,158.67999267578125,4712000
2016-05-20,125.25304412841797,154.50999450683594,156.41000366210938,153.9199981689453,155.75999450683594,3247800
2016-05-23,126.01505279541016,155.4499969482422,156.08999633789062,153.74000549316406,154.44000244140625,2767600
2016-05-24,127.74983215332031,157.58999633789062,158.5500030517578,156.44000244140625,156.6699981689453,3038800
2016-05-25,130.71682739257812,161.25,162.2899932861328,158.02999877929688,158.05999755859375,3259900
2016-05-26,129.07119750976562,159.22000122070312,161.3300018310547,159.1699981689453,161.16000366210938,2576100
2016-05-27,129.85260009765625,159.52999877929688,160.39999389648438,158.32000732421875,158.6999969482422,2157000
2016-05-31,129.81190490722656,159.47999572753906,161.64999389648438,158.5500030517578,160.39999389648438,2916100
2016-06-01,130.2107391357422,159.97000122070312,160.5500030517578,156.0,157.89999389648438,2581600
2016-06-02,129.6491241455078,159.27999877929688,160.3300018310547,158.4600067138672,160.13999938964844,2257100
2016-06-03,126.71065521240234,155.6699981689453,156.5399932861328,153.86000061035156,155.86000061035156,4329300
2016-06-06,127.84212493896484,157.05999755859375,157.91000366210938,155.77000427246094,156.25,2540400
2016-06-07,126.30370330810547,155.1699981689453,157.47000122070312,155.1699981689453,157.1999969482422,2489700
2016-06-08,125.8722915649414,154.63999938964844,156.5800018310547,153.91000366210938,155.1999969482422,2426800
2016-06-09,124.6756820678711,153.1699981689453,154.2899932861328,152.4600067138672,153.7899932861328,2711700
2016-06-10,122.00593566894531,149.88999938964844,151.66000366210938,149.57000732421875,151.35000610351562,4335700
2016-06-13,120.9803237915039,148.6300048828125,151.32000732421875,148.58999633789062,149.0,3385800
2016-06-14,118.99424743652344,146.19000244140625,149.0500030517578,145.4499969482422,148.22000122070312,5069600
2016-06-15,118.96985626220703,146.16000366210938,148.6999969482422,145.89999389648438,147.16000366210938,2981400
2016-06-16,119.35242462158203,146.6300048828125,146.99000549316406,143.52999877929688,145.0,3499200
2016-06-17,118.54655456542969,145.63999938964844,148.22999572753906,145.4600067138672,146.6300048828125,4296500
2016-06-20,120.2640609741211,147.75,150.5,147.5800018310547,148.5,3338900
2016-06-21,120.75243377685547,148.35000610351562,148.8300018310547,147.1199951171875,148.5,2424600
2016-06-22,120.58146667480469,148.13999938964844,150.1199951171875,147.99000549316406,148.00999450683594,2487600
2016-06-23,124.26065826416016,152.66000366210938,152.8000030517578,150.13999938964844,150.55999755859375,2940500
2016-06-24,115.4697265625,141.86000061035156,146.4199981689453,140.9199981689453,143.02999877929688,9442200
2016-06-27,113.55696868896484,139.50999450683594,141.22999572753906,138.1999969482422,140.07000732421875,7381000
2016-06-28,115.91744995117188,142.41000366210938,142.6199951171875,139.82000732421875,142.2100067138672,5041500
2016-06-29,118.43260955810547,145.5,145.5500030517578,142.92999267578125,143.60000610351562,3804100
2016-06-30,120.9396743774414,148.5800018310547,148.8800048828125,145.3699951171875,146.6699981689453,4528600
2016-07-01,120.67098999023438,148.25,150.6999969482422,148.07000732421875,148.49000549316406,3096800
2016-07-05,117.57793426513672,144.4499969482422,146.94000244140625,143.3300018310547,146.72000122070312,3943000
2016-07-06,118.49774932861328,145.5800018310547,145.94000244140625,142.6199951171875,142.94000244140625,2941800
2016-07-07,119.653564453125,147.0,148.08999633789062,145.36000061035156,146.0,2578300
2016-07-08,122.4048080444336,150.3800048828125,150.9199981689453,148.30999755859375,149.36000061035156,3281400
2016-07-11,123.8780746459961,152.19000244140625,152.97999572753906,151.3800048828125,151.49000549316406,3041600
2016-07-12,127.72817993164062,156.9199981689453,157.25,153.9199981689453,154.0,5110800
2016-07-13,128.54209899902344,157.9199981689453,158.27000427246094,156.14999389648438,157.0,4276400
2016-07-14,132.3026580810547,162.5399932861328,163.24000549316406,160.00999450683594,160.2899932861328,5087700
2016-07-15,131.57008361816406,161.63999938964844,163.13999938964844,160.6999969482422,162.86000061035156,3078400
2016-07-18,132.94569396972656,163.3300018310547,164.08999633789062,162.00999450683594,162.36000061035156,4734500
2016-07-19,131.3828887939453,161.41000366210938,164.0800018310547,160.72999572753906,162.02000427246094,5399700
2016-07-20,131.6759033203125,161.77000427246094,162.88999938964844,159.22000122070312,162.5500030517578,3547800
2016-07-21,130.27590942382812,160.0500030517578,161.89999389648438,159.77000427246094,161.7100067138672,2855500
2016-07-22,130.56890869140625,160.41000366210938,160.72999572753906,159.86000061035156,160.2899932861328,1811700
2016-07-25,130.65028381347656,160.50999450683594,161.3300018310547,159.61000061035156,159.63999938964844,1956100
2016-07-26,131.17938232421875,161.16000366210938,161.5,159.4199981689453,160.67999267578125,2150100
2016-07-27,131.0409393310547,160.99000549316406,162.1699981689453,160.41000366210938,161.1999969482422,2317200
2016-07-28,130.6665802001953,160.52999877929688,160.9600067138672,158.83999633789062,160.17999267578125,2047400
2016-07-29,129.26654052734375,158.80999755859375,160.19000244140625,158.64999389648438,159.50999450683594,2388200
2016-08-01,128.7537384033203,158.17999267578125,159.9199981689453,157.92999267578125,158.80999755859375,2316300
2016-08-02,127.02813720703125,156.05999755859375,158.4600067138672,155.3699951171875,157.64999389648438,3182800
2016-08-03,128.8839874267578,158.33999633789062,158.9499969482422,156.17999267578125,156.4499969482422,2284700
2016-08-04,128.64794921875,158.0500030517578,158.89999389648438,157.41000366210938,158.22000122070312,2005700
2016-08-05,131.93634033203125,162.08999633789062,162.1300048828125,159.1999969482422,159.75,2676100
2016-08-08,132.5386962890625,162.8300018310547,163.97999572753906,162.00999450683594,162.10000610351562,2266600
2016-08-09,133.03526306152344,163.44000244140625,164.5800018310547,162.5,162.5,1957400
2016-08-10,132.0177764892578,162.19000244140625,163.60000610351562,162.00999450683594,163.4499969482422,1656100
2016-08-11,133.37704467773438,163.86000061035156,164.25,161.92999267578125,162.1999969482422,1827700
2016-08-12,132.8805694580078,163.25,163.3699951171875,162.07000732421875,162.6699981689453,1440800
2016-08-15,134.7527313232422,165.5500030517578,165.83999633789062,163.8000030517578,163.8699951171875,2222200
2016-08-16,134.8341064453125,165.64999389648438,166.75999450683594,164.72000122070312,164.99000549316406,2523800
2016-08-17,134.8503875732422,165.6699981689453,166.32000732421875,164.74000549316406,165.94000244140625,2061700
2016-08-18,135.1678466796875,166.05999755859375,166.55999755859375,164.6300048828125,165.33999633789062,1750500
2016-08-19,135.30615234375,166.22999572753906,166.89999389648438,164.5,165.36000061035156,1840900
2016-08-22,135.3306121826172,166.25999450683594,166.91000366210938,164.88999938964844,166.0,1448100
2016-08-23,135.1841278076172,166.0800018310547,167.85000610351562,165.97999572753906,167.0,1965500
2016-08-24,134.54920959472656,165.3000030517578,166.6999969482422,164.85000610351562,165.77999877929688,2035300
2016-08-25,135.03759765625,165.89999389648438,166.0399932861328,164.61000061035156,165.0800018310547,1441400
2016-08-26,135.09457397460938,165.97000122070312,168.07000732421875,165.36000061035156,166.75999450683594,2402200
2016-08-29,135.8271484375,166.8699951171875,167.86000061035156,166.14999389648438,166.60000610351562,2620900
2016-08-30,138.40118408203125,169.3699951171875,169.50999450683594,166.22000122070312,166.22000122070312,2934100
2016-08-31,138.47471618652344,169.4600067138672,170.24000549316406,167.47000122070312,169.25,3688200
2016-09-01,137.6984405517578,168.50999450683594,170.07000732421875,166.66000366210938,170.0,2843300
2016-09-02,138.24594116210938,169.17999267578125,169.74000549316406,167.89999389648438,168.52000427246094,1747500
2016-09-06,138.3685302734375,169.3300018310547,169.7899932861328,167.47000122070312,168.72000122070312,2034900
2016-09-07,138.64634704589844,169.6699981689453,170.2100067138672,168.64999389648438,168.6999969482422,1584300
2016-09-08,140.27249145507812,171.66000366210938,171.8800048828125,168.7100067138672,169.35000610351562,3031600
2016-09-09,137.74746704101562,168.57000732421875,172.4199981689453,168.50999450683594,170.8300018310547,3411800
2016-09-12,139.78216552734375,171.05999755859375,171.6699981689453,166.22999572753906,167.00999450683594,2647900
2016-09-13,136.46450805664062,167.0,169.97000122070312,166.3800048828125,168.5399932861328,2788200
2016-09-14,135.7781219482422,166.16000366210938,167.86000061035156,165.58999633789062,167.0,1995900
2016-09-15,137.3470458984375,168.0800018310547,168.75999450683594,165.75999450683594,165.77999877929688,1645200
2016-09-16,135.6473846435547,166.0,168.0500030517578,165.61000061035156,167.85000610351562,4534900
2016-09-19,135.81895446777344,166.2100067138672,168.30999755859375,165.67999267578125,167.33999633789062,2030700
2016-09-20,136.0314178466797,166.47000122070312,168.27999877929688,166.38999938964844,167.67999267578125,1532900
2016-09-21,136.48907470703125,167.02999877929688,168.27999877929688,165.92999267578125,167.4199981689453,2333600
2016-09-22,137.29800415039062,168.02000427246094,169.3300018310547,167.6999969482422,168.4499969482422,2467700
2016-09-23,134.93649291992188,165.1300048828125,168.10000610351562,165.0500030517578,167.75,3421200
2016-09-26,131.9538116455078,161.47999572753906,163.97000122070312,161.0,163.8300018310547,2772200
2016-09-27,133.1060333251953,162.88999938964844,163.4499969482422,159.82000732421875,160.72000122070312,2602700
2016-09-28,133.56362915039062,163.4499969482422,163.7899932861328,161.67999267578125,163.33999633789062,1678100
2016-09-29,129.88644409179688,158.9499969482422,163.9600067138672,157.77000427246094,163.3800048828125,3733800
2016-09-30,131.78225708007812,161.27000427246094,162.41000366210938,157.8000030517578,159.9499969482422,4497200
2016-10-03,131.61883544921875,161.07000732421875,161.72000122070312,160.25,160.5,2444700
2016-10-04,132.5994110107422,162.27000427246094,164.14999389648438,161.22999572753906,161.24000549316406,2469900
2016-10-05,135.97421264648438,166.39999389648438,166.57000732421875,163.00999450683594,163.32000732421875,2548200
2016-10-06,136.58706665039062,167.14999389648438,167.2899932861328,164.82000732421875,167.17999267578125,2858000
2016-10-07,138.7770538330078,169.8300018310547,169.97999572753906,166.24000549316406,167.5,3390200
2016-10-10,139.7657928466797,171.0399932861328,171.75,170.10000610351562,170.52000427246094,2532000
2016-10-11,138.1315155029297,169.0399932861328,170.8699951171875,167.91000366210938,169.83999633789062,2680000
2016-10-12,138.34397888183594,169.3000030517578,169.99000549316406,168.3000030517578,169.0399932861328,2404000
2016-10-13,136.80772399902344,167.4199981689453,167.6300048828125,165.50999450683594,167.60000610351562,2713700
2016-10-14,139.3409423828125,170.52000427246094,172.9499969482422,169.11000061035156,171.60000610351562,5282300
2016-10-17,138.0988006591797,169.0,171.27000427246094,168.4499969482422,170.5,3061400
2016-10-18,141.06507873535156,172.6300048828125,173.47000122070312,171.10000610351562,172.00999450683594,4482500
2016-10-19,142.60134887695312,174.50999450683594,175.67999267578125,173.17999267578125,173.3699951171875,3676000
2016-10-20,142.60134887695312,174.50999450683594,175.7899932861328,173.8000030517578,174.0,2471100
2016-10-21,142.7320556640625,174.6699981689453,174.89999389648438,172.50999450683594,172.83999633789062,2004400
2016-10-24,143.0998077392578,175.1199951171875,175.7899932861328,174.35000610351562,175.5,1943200
2016-10-25,143.45118713378906,175.5500030517578,175.9600067138672,174.63999938964844,175.0399932861328,2423300
2016-10-26,144.6932373046875,177.07000732421875,177.89999389648438,173.92999267578125,174.7899932861328,2533800
2016-10-27,145.2489013671875,177.75,178.85000610351562,176.57000732421875,178.19000244140625,3021900
2016-10-28,144.75047302246094,177.13999938964844,178.50999450683594,175.4600067138672,178.50999450683594,2042800
2016-10-31,145.64932250976562,178.24000549316406,178.5,177.22999572753906,177.67999267578125,1828200
2016-11-01,145.5022735595703,178.05999755859375,179.17999267578125,176.61000061035156,179.0,2900600
2016-11-02,144.29281616210938,176.5800018310547,177.5,176.07000732421875,177.07000732421875,2104800
2016-11-03,143.9905242919922,176.2100067138672,177.97000122070312,176.2100067138672,176.77000427246094,1972700
2016-11-04,143.75347900390625,175.9199981689453,177.33999633789062,174.72999572753906,176.3300018310547,1846500
2016-11-07,148.29684448242188,181.47999572753906,181.5,179.0,179.0,3338800
2016-11-08,148.6564483642578,181.9199981689453,182.67999267578125,178.4600067138672,180.11000061035156,2646200
2016-11-09,157.40818786621094,192.6300048828125,193.5399932861328,183.4499969482422,185.0,7823800
2016-11-10,164.14151000976562,200.8699951171875,204.6699981689453,194.0,194.52999877929688,11345400
2016-11-11,166.65016174316406,203.94000244140625,205.0,198.25,198.25,6290200
2016-11-14,170.93197631835938,209.17999267578125,211.77000427246094,204.14999389648438,204.14999389648438,8248100
2016-11-15,172.57452392578125,211.19000244140625,211.1999969482422,205.1699981689453,206.55999755859375,4893800
2016-11-16,168.5459442138672,206.25999450683594,208.0800018310547,204.8300018310547,207.35000610351562,5276200
2016-11-17,171.29974365234375,209.6300048828125,209.69000244140625,205.6699981689453,206.25999450683594,3572400
2016-11-18,171.88809204101562,210.35000610351562,212.07000732421875,209.72000122070312,209.8699951171875,4278200
2016-11-21,172.4846649169922,211.0800018310547,211.69000244140625,209.17999267578125,211.4600067138672,2860200
2016-11-22,172.50914001464844,211.11000061035156,211.9499969482422,209.88999938964844,211.36000061035156,2945700
2016-11-23,173.4897003173828,212.30999755859375,213.41000366210938,209.3699951171875,211.5,3717400
2016-11-25,172.72979736328125,211.3800048828125,212.75,211.0,211.36000061035156,1974000
2016-11-28,171.88809204101562,210.35000610351562,211.75999450683594,209.60000610351562,210.0,3297400
2016-11-29,173.56845092773438,211.75,212.9199981689453,209.9199981689453,209.99000549316406,2577600
2016-11-30,179.74888610839844,219.2899932861328,220.77000427246094,214.97000122070312,215.1999969482422,6507900
2016-12-01,185.76536560058594,226.6300048828125,227.16000366210938,220.35000610351562,220.92999267578125,7606500
2016-12-02,183.08502197265625,223.36000061035156,226.25,221.22000122070312,226.0,5297400
2016-12-05,187.3391571044922,228.5500030517578,229.1999969482422,225.24000549316406,225.52000427246094,4599300
2016-12-06,189.65892028808594,231.3800048828125,232.6699981689453,227.89999389648438,230.17999267578125,5259300
2016-12-07,193.08517456054688,235.55999755859375,236.08999633789062,230.39999389648438,230.39999389648438,6595200
2016-12-08,197.91305541992188,241.4499969482422,242.4199981689453,236.0,236.8800048828125,7343700
2016-12-09,198.24099731445312,241.85000610351562,242.0,238.8800048828125,240.61000061035156,5456000
2016-12-12,194.40489196777344,237.1699981689453,242.8300018310547,236.3699951171875,240.5,5022000
2016-12-13,195.5360565185547,238.5500030517578,240.17999267578125,235.50999450683594,239.0,4680500
2016-12-14,196.6671905517578,239.92999267578125,243.1199951171875,235.3699951171875,235.6699981689453,6172400
2016-12-15,199.18365478515625,243.0,245.57000732421875,241.6199951171875,242.49000549316406,4829700
2016-12-16,195.8229217529297,238.89999389648438,243.19000244140625,238.39999389648438,242.8000030517578,6876400
2016-12-19,195.96229553222656,239.07000732421875,239.74000549316406,236.25999450683594,238.33999633789062,3743300
2016-12-20,199.2574462890625,243.08999633789062,243.64999389648438,240.22999572753906,240.52000427246094,4487700
2016-12-21,197.90492248535156,241.44000244140625,242.39999389648438,240.0800018310547,242.24000549316406,3277800
2016-12-22,196.82290649414062,240.1199951171875,242.86000061035156,239.5500030517578,241.22999572753906,2636500
2016-12-23,197.51962280273438,240.97000122070312,241.89999389648438,238.91000366210938,239.5399932861328,2187500
2016-12-27,198.00331115722656,241.55999755859375,242.58999633789062,240.39999389648438,241.9499969482422,1998200
2016-12-28,197.25738525390625,240.64999389648438,244.5,240.44000244140625,243.69000244140625,3053000
2016-12-29,195.23272705078125,238.17999267578125,241.07000732421875,236.63999938964844,240.75,2619000
2016-12-30,196.2737579345703,239.4499969482422,240.5,237.39999389648438,238.50999450683594,2355500
2017-01-03,198.01148986816406,241.57000732421875,244.97000122070312,237.97000122070312,242.6999969482422,4384200
2017-01-04,199.2902069091797,243.1300048828125,243.32000732421875,240.02999877929688,241.44000244140625,2728700
2017-01-05,197.80653381347656,241.32000732421875,243.22999572753906,236.77999877929688,242.72000122070312,3562600
2017-01-06,200.7410125732422,244.89999389648438,246.1999969482422,241.3699951171875,242.2899932861328,3591100
2017-01-09,199.09341430664062,242.88999938964844,244.69000244140625,241.47000122070312,243.25,3022800
2017-01-10,198.8311767578125,242.57000732421875,243.44000244140625,239.0500030517578,240.8699951171875,3432900
2017-01-11,201.44598388671875,245.75999450683594,245.83999633789062,242.0,242.77000427246094,3532600
2017-01-12,199.87213134765625,243.83999633789062,245.47000122070312,241.57000732421875,245.05999755859375,4022300
2017-01-13,200.24920654296875,244.3000030517578,247.77000427246094,242.91000366210938,245.42999267578125,4186100
2017-01-17,193.2327117919922,235.74000549316406,243.05999755859375,235.61000061035156,242.94000244140625,6277200
2017-01-18,192.04415893554688,234.2899932861328,237.69000244140625,231.52000427246094,236.0,7590500
2017-01-19,189.68345642089844,231.41000366210938,234.75,230.6199951171875,234.07000732421875,4561800
2017-01-20,190.3310546875,232.1999969482422,233.22999572753906,230.5399932861328,231.6199951171875,5211800
2017-01-23,190.7162628173828,232.6699981689453,233.75,230.75,231.86000061035156,3136200
2017-01-24,191.54415893554688,233.67999267578125,236.05999755859375,230.83999633789062,231.86000061035156,4448200
2017-01-25,194.47044372558594,237.25,237.3300018310547,234.49000549316406,235.52999877929688,3716800
2017-01-26,196.38031005859375,239.5800018310547,240.7899932861328,237.47000122070312,237.47000122070312,4195600
2017-01-27,194.2245635986328,236.9499969482422,237.97000122070312,236.00999450683594,236.89999389648438,3253100
2017-01-30,191.7244873046875,233.89999389648438,236.2899932861328,231.52000427246094,235.5800018310547,3803300
2017-01-31,187.97032165527344,229.32000732421875,234.35000610351562,228.16000366210938,232.85000610351562,5156400
2017-02-01,189.07691955566406,230.6699981689453,232.86000061035156,229.52000427246094,230.50999450683594,4024500
2017-02-02,188.8638153076172,230.41000366210938,232.3300018310547,227.0500030517578,228.50999450683594,2775700
2017-02-03,197.50328063964844,240.9499969482422,241.11000061035156,234.1999969482422,234.52000427246094,7381000
2017-02-06,196.7081756591797,239.97999572753906,243.64999389648438,239.1699981689453,239.60000610351562,4639200
2017-02-07,196.41310119628906,239.6199951171875,241.44000244140625,239.38999938964844,241.14999389648438,2660200
2017-02-08,194.8638916015625,237.72999572753906,238.94000244140625,236.30999755859375,238.3000030517578,2744700
2017-02-09,197.99510192871094,241.5500030517578,243.2899932861328,237.4199981689453,237.72999572753906,3550800
2017-02-10,198.95408630371094,242.72000122070312,244.16000366210938,241.22999572753906,243.3699951171875,3072800
2017-02-13,201.86399841308594,246.27000427246094,247.47999572753906,244.49000549316406,244.49000549316406,2998200
2017-02-14,204.47882080078125,249.4600067138672,250.0,245.69000244140625,246.00999450683594,4141500
2017-02-15,205.36402893066406,250.5399932861328,251.9499969482422,248.50999450683594,250.5800018310547,4296600
2017-02-16,204.46237182617188,249.44000244140625,250.77999877929688,248.44000244140625,250.3000030517578,2286300
2017-02-17,205.23292541503906,250.3800048828125,250.55999755859375,247.11000061035156,247.50999450683594,3262300
2017-02-21,206.3640594482422,251.75999450683594,252.64999389648438,250.7100067138672,251.0,2794900
2017-02-22,206.33944702148438,251.72999572753906,252.35000610351562,250.0,250.05999755859375,2378800
2017-02-23,205.8968505859375,251.19000244140625,251.89999389648438,249.32000732421875,251.30999755859375,2594700
2017-02-24,202.749267578125,247.35000610351562,248.8800048828125,246.10000610351562,247.6999969482422,3565400
2017-02-27,204.3722381591797,249.3300018310547,249.75999450683594,246.61000061035156,247.2100067138672,2372600
2017-02-28,203.86273193359375,248.05999755859375,249.0,245.61000061035156,248.0,3627100
2017-03-01,207.68421936035156,252.7100067138672,255.14999389648438,251.25999450683594,253.7100067138672,5218300
2017-03-02,206.3281707763672,251.05999755859375,254.24000549316406,250.97000122070312,253.52000427246094,3020000
2017-03-03,207.8321075439453,252.88999938964844,254.75,251.05999755859375,251.05999755859375,3163700
2017-03-06,207.10888671875,252.00999450683594,252.72999572753906,250.5,252.1699981689453,2467000
2017-03-07,206.19668579101562,250.89999389648438,253.0,250.30999755859375,252.49000549316406,2497300
2017-03-08,205.65431213378906,250.24000549316406,254.77000427246094,249.61000061035156,253.6199951171875,3574400
2017-03-09,205.60498046875,250.17999267578125,252.74000549316406,249.52000427246094,251.22000122070312,3061500
2017-03-10,204.125732421875,248.3800048828125,251.89999389648438,246.8699951171875,251.83999633789062,3365900
2017-03-13,203.94491577148438,248.16000366210938,249.32000732421875,247.2100067138672,249.32000732421875,1801100
2017-03-14,203.5832977294922,247.72000122070312,247.8300018310547,245.41000366210938,246.80999755859375,2144200
2017-03-15,202.810791015625,246.77999877929688,250.27999877929688,245.55999755859375,248.35000610351562,3427000
2017-03-16,203.9941864013672,248.22000122070312,250.1999969482422,247.30999755859375,247.85000610351562,2940600
2017-03-17,200.47679138183594,243.94000244140625,249.67999267578125,243.86000061035156,249.67999267578125,5438100
2017-03-20,198.99754333496094,242.13999938964844,244.92999267578125,241.52000427246094,243.32000732421875,2759100
2017-03-21,191.4859619140625,233.0,243.30999755859375,232.7899932861328,243.30999755859375,5660900
2017-03-22,189.89987182617188,231.07000732421875,232.9199981689453,229.16000366210938,231.22000122070312,6291300
2017-03-23,190.58201599121094,231.89999389648438,234.6300048828125,229.9499969482422,230.75,4770700
2017-03-24,187.71380615234375,228.41000366210938,233.6999969482422,226.97000122070312,233.0,6387300
2017-03-27,185.30584716796875,225.47999572753906,227.07000732421875,220.85000610351562,223.3000030517578,9194800
2017-03-28,188.46983337402344,229.3300018310547,229.75,225.10000610351562,225.5800018310547,4471200
2017-03-29,187.74664306640625,228.4499969482422,229.97000122070312,227.52000427246094,229.38999938964844,2636000
2017-03-30,190.02317810058594,231.22000122070312,232.0,229.3800048828125,229.47999572753906,3156800
2017-03-31,188.79039001464844,229.72000122070312,230.8000030517578,228.72999572753906,230.52999877929688,2858400
2017-04-03,188.16575622558594,228.9600067138672,230.10000610351562,225.57000732421875,230.0,3735600
2017-04-04,188.412353515625,229.25999450683594,230.69000244140625,227.27999877929688,227.72000122070312,3042700
2017-04-05,187.09747314453125,227.66000366210938,232.88999938964844,227.30999755859375,232.14999389648438,5286900
2017-04-06,187.9027862548828,228.63999938964844,230.1199951171875,225.7100067138672,227.08999633789062,2927200
2017-04-07,187.27821350097656,227.8800048828125,228.8300018310547,226.22999572753906,226.60000610351562,2853300
2017-04-10,188.10826110839844,228.88999938964844,229.7899932861328,226.9499969482422,228.0,2653900
2017-04-11,187.1631317138672,227.74000549316406,229.39999389648438,225.38999938964844,227.77999877929688,3374700
2017-04-12,185.5277099609375,225.75,228.25,225.22999572753906,227.64999389648438,2947500
2017-04-13,183.53067016601562,223.32000732421875,228.1699981689453,223.0800018310547,225.17999267578125,3653700
2017-04-17,185.94683837890625,226.25999450683594,226.8800048828125,223.02000427246094,223.89999389648438,4190900
2017-04-18,177.17788696289062,215.58999633789062,219.88999938964844,213.17999267578125,219.32000732421875,12464000
2017-04-19,175.94522094726562,214.08999633789062,217.17999267578125,213.61000061035156,215.8699951171875,6428800
2017-04-20,179.2078399658203,218.05999755859375,218.97999572753906,215.0,215.5,5168200
2017-04-21,178.22169494628906,216.86000061035156,219.17999267578125,216.3800048828125,218.5500030517578,3845700
2017-04-24,183.44847106933594,223.22000122070312,224.80999755859375,220.3000030517578,221.17999267578125,5353500
2017-04-25,186.2509002685547,226.6300048828125,227.97999572753906,225.14999389648438,226.1999969482422,3996900
2017-04-26,185.8975067138672,226.1999969482422,229.36000061035156,226.08999633789062,227.10000610351562,3765300
2017-04-27,185.5770263671875,225.80999755859375,226.6999969482422,223.52000427246094,226.6999969482422,2805800
2017-04-28,183.92515563964844,223.8000030517578,226.77000427246094,223.72000122070312,225.30999755859375,2936600
2017-05-01,184.7880401611328,224.85000610351562,226.38999938964844,220.92999267578125,224.89999389648438,3004800
2017-05-02,185.00991821289062,225.1199951171875,225.83999633789062,223.17999267578125,224.86000061035156,2602400
2017-05-03,185.9879150390625,226.30999755859375,226.69000244140625,224.32000732421875,224.4499969482422,3042200
2017-05-04,186.2180633544922,226.58999633789062,228.88999938964844,224.80999755859375,228.25999450683594,2935400
2017-05-05,186.44818115234375,226.8699951171875,227.47000122070312,225.3000030517578,226.8800048828125,2435800
2017-05-08,184.9359893798828,225.02999877929688,227.33999633789062,224.60000610351562,226.75,2316800
2017-05-09,183.89227294921875,223.75999450683594,226.57000732421875,222.92999267578125,225.47000122070312,2145400
2017-05-10,184.81272888183594,224.8800048828125,225.35000610351562,223.05999755859375,223.4600067138672,2630400
2017-05-11,184.71409606933594,224.75999450683594,225.08999633789062,222.14999389648438,224.35000610351562,2440300
2017-05-12,183.1197509765625,222.82000732421875,224.49000549316406,222.47999572753906,223.49000549316406,2166100
2017-05-15,185.00991821289062,225.1199951171875,226.57000732421875,222.85000610351562,223.1300048828125,2468100
2017-05-16,185.40444946289062,225.60000610351562,226.82000732421875,224.41000366210938,225.44000244140625,1710700
2017-05-17,175.6411895751953,213.72000122070312,225.60000610351562,213.1199951171875,225.60000610351562,7525700
2017-05-18,176.82455444335938,215.16000366210938,217.61000061035156,213.86000061035156,214.0,4792400
2017-05-19,177.0135955810547,215.38999938964844,217.8000030517578,214.0,214.8699951171875,3747100
2017-05-22,177.5313262939453,216.02000427246094,217.63999938964844,215.39999389648438,217.3699951171875,2506100
2017-05-23,180.50637817382812,219.63999938964844,220.7899932861328,214.66000366210938,215.97000122070312,3308800
2017-05-24,183.94984436035156,223.8300018310547,224.39999389648438,219.4499969482422,220.0,4141600
2017-05-25,182.83212280273438,222.47000122070312,225.4499969482422,222.3000030517578,224.41000366210938,2640000
2017-05-26,183.7032012939453,223.52999877929688,224.22999572753906,221.17999267578125,222.00999450683594,1787100
2017-05-30,180.10806274414062,218.4199981689453,222.44000244140625,218.00999450683594,221.8300018310547,3097800
2017-05-31,174.20388793945312,211.25999450683594,218.3000030517578,209.6199951171875,218.24000549316406,8312000
2017-06-01,177.29612731933594,215.00999450683594,215.92999267578125,210.7899932861328,212.61000061035156,4057900
2017-06-02,175.89437866210938,213.30999755859375,215.2100067138672,211.91000366210938,212.94000244140625,3692000
2017-06-05,176.45510864257812,213.99000549316406,215.80999755859375,212.67999267578125,213.0800018310547,2696600
2017-06-06,176.90037536621094,214.52999877929688,216.02000427246094,212.47999572753906,212.50999450683594,2891300
2017-06-07,177.93109130859375,215.77999877929688,217.22999572753906,214.30999755859375,215.3699951171875,2679400
2017-06-08,180.38833618164062,218.75999450683594,221.0,214.6300048828125,215.77999877929688,3765600
2017-06-09,183.4229278564453,222.44000244140625,223.85000610351562,219.75,220.8300018310547,4455400
2017-06-12,182.98585510253906,221.91000366210938,225.22999572753906,221.91000366210938,223.6300048828125,3388200
2017-06-13,184.8741912841797,224.1999969482422,226.8000030517578,222.77000427246094,223.35000610351562,2767800
2017-06-14,186.7789764404297,226.50999450683594,226.94000244140625,221.75999450683594,222.99000549316406,3652900
2017-06-15,184.07431030273438,223.22999572753906,226.35000610351562,222.8000030517578,224.80999755859375,3378900
2017-06-16,182.9033966064453,221.80999755859375,223.6699981689453,221.1300048828125,222.64999389648438,3758300
2017-06-19,186.46566772460938,226.1300048828125,227.0399932861328,223.11000061035156,223.42999267578125,2900900
2017-06-20,185.61634826660156,225.10000610351562,226.5399932861328,224.19000244140625,225.50999450683594,2264200
2017-06-21,183.4641571044922,222.49000549316406,224.92999267578125,221.92999267578125,224.5399932861328,3015300
2017-06-22,181.2212677001953,219.77000427246094,221.89999389648438,219.2899932861328,221.44000244140625,3344600
2017-06-23,179.09376525878906,217.19000244140625,220.69000244140625,216.4600067138672,220.5,4448700
2017-06-26,181.773681640625,220.44000244140625,221.97000122070312,217.6999969482422,218.25999450683594,2589500
2017-06-27,181.6417694091797,220.27999877929688,222.41000366210938,219.55999755859375,221.83999633789062,2899400
2017-06-28,184.0660858154297,223.22000122070312,224.6300048828125,220.75,221.8699951171875,3482800
2017-06-29,185.04733276367188,224.41000366210938,228.7899932861328,223.02999877929688,228.3699951171875,5063400
2017-06-30,182.9776153564453,221.89999389648438,226.0500030517578,221.5399932861328,225.30999755859375,3154300
2017-07-03,187.41392517089844,227.27999877929688,229.07000732421875,223.4199981689453,224.4600067138672,2846600
2017-07-05,188.04061889648438,228.0399932861328,228.9199981689453,225.2100067138672,228.3800048828125,2772000
2017-07-06,186.92742919921875,226.69000244140625,230.05999755859375,225.25,227.97000122070312,3076600
2017-07-07,185.76475524902344,225.27999877929688,228.49000549316406,224.4199981689453,228.22999572753906,2697600
2017-07-10,186.2265167236328,225.83999633789062,227.33999633789062,223.9600067138672,224.27000427246094,2357500
2017-07-11,187.14183044433594,226.9499969482422,227.9499969482422,224.6699981689453,226.0399932861328,2742900
2017-07-12,187.50465393066406,227.38999938964844,229.02000427246094,226.07000732421875,226.39999389648438,2567300
2017-07-13,189.98666381835938,230.39999389648438,230.63999938964844,226.9499969482422,227.38999938964844,2852600
2017-07-14,188.50244140625,228.60000610351562,229.61000061035156,225.10000610351562,227.22000122070312,3703600
2017-07-17,189.046630859375,229.25999450683594,229.63999938964844,227.2100067138672,228.72999572753906,2551800
2017-07-18,184.14022827148438,223.30999755859375,230.36000061035156,222.75999450683594,227.5,6400700
2017-07-19,183.7774658203125,222.8699951171875,224.1999969482422,221.6699981689453,222.91000366210938,4884600
2017-07-20,183.30746459960938,222.3000030517578,224.75999450683594,221.61000061035156,223.0,3497800
2017-07-21,181.55931091308594,220.17999267578125,222.30999755859375,219.08999633789062,221.88999938964844,3446600
2017-07-24,179.91012573242188,218.17999267578125,219.72999572753906,218.0,218.94000244140625,3123100
2017-07-25,182.71372985839844,221.5800018310547,222.8699951171875,220.17999267578125,220.33999633789062,3509500
2017-07-26,183.26625061035156,222.25,223.74000549316406,221.8699951171875,222.4499969482422,2792500
2017-07-27,182.6312713623047,221.47999572753906,222.7100067138672,220.42999267578125,221.83999633789062,2812500
2017-07-28,184.3876953125,223.61000061035156,223.6699981689453,220.86000061035156,221.77000427246094,2483200
2017-07-31,185.80599975585938,225.3300018310547,225.5,223.0500030517578,223.9499969482422,1994900
2017-08-01,187.18307495117188,227.0,228.6199951171875,226.72999572753906,227.08999633789062,2986800
2017-08-02,186.58111572265625,226.27000427246094,227.72999572753906,225.57000732421875,226.39999389648438,1863300
2017-08-03,184.7010040283203,223.99000549316406,226.74000549316406,223.97000122070312,226.0,2106400
2017-08-04,189.48367309570312,229.7899932861328,229.7899932861328,225.05999755859375,226.0500030517578,3400300
2017-08-07,192.0646209716797,232.9199981689453,233.1300048828125,229.2899932861328,229.8000030517578,3809800
2017-08-08,191.3472900390625,232.0500030517578,235.8300018310547,231.6999969482422,232.39999389648438,3322500
2017-08-09,190.48971557617188,231.00999450683594,231.49000549316406,229.05999755859375,230.32000732421875,2571100
2017-08-10,185.94618225097656,225.5,229.4499969482422,225.47000122070312,229.02000427246094,3325500
2017-08-11,184.8329620361328,224.14999389648438,226.67999267578125,222.64999389648438,225.07000732421875,2956600
2017-08-14,187.4799041748047,227.36000061035156,229.8300018310547,226.3000030517578,226.3699951171875,2266100
2017-08-15,187.66954040527344,227.58999633789062,230.61000061035156,227.5,229.57000732421875,1867000
2017-08-16,186.03684997558594,225.61000061035156,229.00999450683594,225.0,228.25999450683594,2393900
2017-08-17,182.58181762695312,221.4199981689453,225.97999572753906,221.11000061035156,224.3800048828125,3460300
2017-08-18,183.18377685546875,222.14999389648438,224.08999633789062,220.5500030517578,220.7899932861328,3149300
2017-08-21,182.0623016357422,220.7899932861328,222.39999389648438,219.2100067138672,222.39999389648438,2203300
2017-08-22,184.36289978027344,223.5800018310547,223.77999877929688,221.3300018310547,221.86000061035156,2021300
2017-08-23,183.67031860351562,222.74000549316406,224.80999755859375,221.3300018310547,221.89999389648438,2568000
2017-08-24,183.87637329101562,222.99000549316406,224.57000732421875,222.58999633789062,223.77000427246094,2263000
2017-08-25,183.44760131835938,222.47000122070312,224.9499969482422,222.1300048828125,223.63999938964844,2232500
2017-08-28,181.69949340820312,220.35000610351562,223.08999633789062,218.86000061035156,222.91000366210938,2641600
2017-08-29,181.9973602294922,219.9600067138672,220.1300048828125,215.75,217.27000427246094,2369100
2017-08-30,184.0327911376953,222.4199981689453,224.22000122070312,220.08999633789062,220.25,2411400
2017-08-31,185.12496948242188,223.74000549316406,224.49000549316406,222.5800018310547,223.25,2240600
2017-09-01,186.8956298828125,225.8800048828125,227.55999755859375,223.52999877929688,224.5500030517578,2346900
2017-09-05,180.19366455078125,217.77999877929688,224.0,217.3000030517578,223.85000610351562,5646200
2017-09-06,181.0623779296875,218.8300018310547,221.02000427246094,217.61000061035156,218.97999572753906,3613600
2017-09-07,178.58840942382812,215.83999633789062,218.80999755859375,214.63999938964844,218.72999572753906,3594600
2017-09-08,179.7219696044922,217.2100067138672,219.27999877929688,215.39999389648438,215.50999450683594,3120900
2017-09-11,182.90750122070312,221.05999755859375,221.88999938964844,218.99000549316406,220.07000732421875,2971500
2017-09-12,186.95352172851562,225.9499969482422,227.69000244140625,222.02000427246094,222.5399932861328,3745800
2017-09-13,187.458251953125,226.55999755859375,227.13999938964844,224.72000122070312,225.25,2383500
2017-09-14,187.69825744628906,226.85000610351562,228.10000610351562,226.0500030517578,226.10000610351562,1986600
2017-09-15,186.3495330810547,225.22000122070312,227.2100067138672,223.82000732421875,227.14999389648438,4365800
2017-09-18,188.26087951660156,227.52999877929688,229.0,225.66000366210938,226.3000030517578,2466800
2017-09-19,189.4027099609375,228.91000366210938,230.13999938964844,227.3300018310547,228.00999450683594,1858000
2017-09-20,190.1308135986328,229.7899932861328,231.64999389648438,228.5,229.5,2682300
2017-09-21,191.3719482421875,231.2899932861328,232.10000610351562,229.39999389648438,229.88999938964844,1800800
2017-09-22,191.15682983398438,231.02999877929688,231.49000549316406,228.8800048828125,230.63999938964844,1861800
2017-09-25,190.51966857910156,230.25999450683594,231.86000061035156,228.36000061035156,230.77000427246094,2261800
2017-09-26,190.2549591064453,229.94000244140625,231.44000244140625,229.02999877929688,230.86000061035156,1770000
2017-09-27,194.24307250976562,234.75999450683594,235.60000610351562,232.91000366210938,234.07000732421875,3072100
2017-09-28,194.8304901123047,235.47000122070312,236.1999969482422,233.5,235.0,2121800
2017-09-29,196.25367736816406,237.19000244140625,237.60000610351562,234.57000732421875,235.00999450683594,1902300
2017-10-02,199.1165008544922,240.64999389648438,241.10000610351562,237.10000610351562,237.1999969482422,2501300
2017-10-03,199.91912841796875,241.6199951171875,242.7100067138672,239.69000244140625,241.07000732421875,2010800
2017-10-04,198.83523559570312,240.30999755859375,242.8800048828125,240.1199951171875,241.6199951171875,1840400
2017-10-05,203.59283447265625,246.05999755859375,246.32000732421875,240.1199951171875,241.0,3521300
2017-10-06,203.5596923828125,246.02000427246094,247.0800018310547,244.61000061035156,246.3000030517578,2396100
2017-10-09,200.89547729492188,242.8000030517578,246.35000610351562,242.02000427246094,245.14999389648438,2165200
2017-10-10,200.72994995117188,242.60000610351562,243.72999572753906,241.6999969482422,242.8000030517578,2187100
2017-10-11,200.56448364257812,242.39999389648438,243.1999969482422,241.35000610351562,242.0,2175700
2017-10-12,198.41323852539062,239.8000030517578,243.4199981689453,238.75,242.3300018310547,2148200
2017-10-13,197.3623809814453,238.52999877929688,239.4499969482422,236.83999633789062,239.0,2491000
2017-10-16,200.57273864746094,242.41000366210938,242.75999450683594,238.35000610351562,238.60000610351562,2969200
2017-10-17,195.3434600830078,236.08999633789062,244.88999938964844,235.19000244140625,244.44000244140625,7088400
2017-10-18,200.25833129882812,242.02999877929688,242.64999389648438,236.8699951171875,236.8699951171875,4235900
2017-10-19,198.57041931152344,239.99000549316406,240.99000549316406,238.10000610351562,240.35000610351562,2710900
2017-10-20,202.4923553466797,244.72999572753906,245.25,240.6699981689453,242.9499969482422,3022800
2017-10-23,200.34107971191406,242.1300048828125,245.3300018310547,241.3800048828125,244.38999938964844,1963300
2017-10-24,202.58334350585938,244.83999633789062,246.25,243.0,243.60000610351562,2285300
2017-10-25,199.99354553222656,241.7100067138672,246.5,240.8000030517578,246.16000366210938,2904300
2017-10-26,200.00184631347656,241.72000122070312,244.0,241.52999877929688,242.61000061035156,1948800
2017-10-27,199.99354553222656,241.7100067138672,242.44000244140625,239.6699981689453,240.85000610351562,2111500
2017-10-30,199.31509399414062,240.88999938964844,242.58999633789062,239.52999877929688,240.10000610351562,1764400
2017-10-31,200.6306610107422,242.47999572753906,244.17999267578125,240.6300048828125,240.67999267578125,2658700
2017-11-01,202.1034393310547,244.25999450683594,247.39999389648438,242.91000366210938,243.88999938964844,2969600
2017-11-02,204.2712860107422,246.8800048828125,247.74000549316406,243.3800048828125,244.69000244140625,2509100
2017-11-03,202.21929931640625,244.39999389648438,246.27999877929688,243.19000244140625,245.3699951171875,1954600
2017-11-06,201.46633911132812,243.49000549316406,244.5800018310547,241.6699981689453,243.5,1744800
2017-11-07,198.42149353027344,239.80999755859375,244.97999572753906,238.83999633789062,243.91000366210938,2483900
2017-11-08,199.61297607421875,241.25,242.32000732421875,237.5500030517578,239.1999969482422,2349800
2017-11-09,199.23236083984375,240.7899932861328,242.3699951171875,237.83999633789062,239.50999450683594,2122400
2017-11-10,198.70277404785156,240.14999389648438,243.32000732421875,240.0,241.69000244140625,1845600
2017-11-13,198.80209350585938,240.27000427246094,240.89999389648438,237.16000366210938,237.97000122070312,1953900
2017-11-14,196.29505920410156,237.24000549316406,240.8800048828125,235.6300048828125,239.64999389648438,3000200
2017-11-15,196.6011505126953,237.61000061035156,238.14999389648438,233.5500030517578,234.97000122070312,2564100
2017-11-16,198.05740356445312,239.3699951171875,240.69000244140625,238.1999969482422,238.3800048828125,2304300
2017-11-17,196.9404296875,238.02000427246094,239.0800018310547,237.1199951171875,238.86000061035156,2826400
2017-11-20,197.03143310546875,238.1300048828125,238.77999877929688,237.11000061035156,238.77999877929688,2000700
2017-11-21,196.9404296875,238.02000427246094,239.58999633789062,237.5399932861328,239.41000366210938,2223800
2017-11-22,195.6248321533203,236.42999267578125,238.9499969482422,236.36000061035156,237.94000244140625,2177200
2017-11-24,195.22769165039062,235.9499969482422,238.55999755859375,235.5500030517578,237.4199981689453,1268500
2017-11-27,194.5326690673828,235.11000061035156,236.8800048828125,234.8000030517578,235.75,1999600
2017-11-28,198.09056091308594,239.41000366210938,240.0,234.3300018310547,236.08999633789062,3212900
2017-11-29,200.33152770996094,241.36000061035156,244.47000122070312,240.39999389648438,241.25,4500000
2017-11-30,205.54405212402344,247.63999938964844,250.7899932861328,244.0,244.07000732421875,6364600
2017-12-01,206.63131713867188,248.9499969482422,250.67999267578125,244.00999450683594,249.77999877929688,4765400
2017-12-04,208.04234313964844,250.64999389648438,254.89999389648438,250.00999450683594,254.88999938964844,3326100
2017-12-05,206.1167449951172,248.3300018310547,251.35000610351562,247.41000366210938,250.8000030517578,2526800
2017-12-06,204.14126586914062,245.9499969482422,248.0800018310547,245.1300048828125,246.24000549316406,2331400
2017-12-07,206.30760192871094,248.55999755859375,249.47999572753906,244.39999389648438,244.6199951171875,2667000
2017-12-08,207.79331970214844,250.35000610351562,250.67999267578125,247.1999969482422,250.5,1959100
2017-12-11,207.6107635498047,250.1300048828125,251.39999389648438,248.75999450683594,250.0,1494200
2017-12-12,213.87734985351562,257.67999267578125,258.20001220703125,250.69000244140625,250.80999755859375,3464200
2017-12-13,212.11767578125,255.55999755859375,260.5,255.55999755859375,257.80999755859375,3482300
2017-12-14,212.05136108398438,255.47999572753906,259.54998779296875,255.47999572753906,257.1300048828125,3353200
2017-12-15,213.45401000976562,257.1700134277344,258.9700012207031,254.75999450683594,256.70001220703125,5283400
2017-12-18,215.8195343017578,260.0199890136719,262.0,259.1600036621094,260.0,2575600
2017-12-19,212.8813018798828,256.4800109863281,261.79998779296875,256.17999267578125,261.6000061035156,2195500
2017-12-20,211.80226135253906,255.17999267578125,259.0899963378906,254.5500030517578,258.8699951171875,2052400
2017-12-21,216.64125061035156,261.010009765625,262.0899963378906,256.2799987792969,256.6099853515625,3337800
2017-12-22,214.9480438232422,258.9700012207031,262.1400146484375,257.7200012207031,261.6600036621094,2100600
2017-12-26,213.91053771972656,257.7200012207031,259.20001220703125,256.0,258.19000244140625,1289300
2017-12-27,212.44140625,255.9499969482422,257.9800109863281,255.52000427246094,257.9800109863281,1567900
2017-12-28,212.89791870117188,256.5,257.0,255.10000610351562,256.9800109863281,1301000
2017-12-29,211.4536895751953,254.75999450683594,256.6499938964844,252.91000366210938,255.8699951171875,2519300
2018-01-02,212.2090301513672,255.6699981689453,257.9100036621094,253.9199981689453,257.7699890136719,2258300
2018-01-03,210.23355102539062,253.2899932861328,256.1400146484375,253.22000122070312,255.47999572753906,2988200
2018-01-04,213.1717987060547,256.8299865722656,259.7200012207031,254.32000732421875,255.22999572753906,2583200
2018-01-05,212.08450317382812,255.52000427246094,257.489990234375,253.69000244140625,257.17999267578125,2594700
2018-01-08,209.00511169433594,251.80999755859375,255.17999267578125,251.6199951171875,254.75,2940500
2018-01-09,210.77305603027344,253.94000244140625,255.60000610351562,252.6199951171875,252.8000030517578,2637300
2018-01-10,211.09678649902344,254.3300018310547,255.14999389648438,252.35000610351562,255.0,2927200
2018-01-11,211.76080322265625,255.1300048828125,255.88999938964844,252.97000122070312,255.75,2422400
2018-01-12,213.33779907226562,257.0299987792969,257.29998779296875,254.08999633789062,255.75,2849200
2018-01-16,214.5247039794922,258.4599914550781,261.7699890136719,256.3999938964844,259.25,4445500
2018-01-17,210.5323486328125,253.64999389648438,262.0,248.83999633789062,260.9800109863281,8608100
2018-01-18,208.30795288085938,250.97000122070312,254.5399932861328,250.60000610351562,254.49000549316406,4984500
2018-01-19,212.58250427246094,256.1199951171875,256.1400146484375,250.25999450683594,251.0,4643400
2018-01-22,217.06463623046875,261.5199890136719,262.8699951171875,255.19000244140625,255.4499969482422,5264700
2018-01-23,215.87762451171875,260.0899963378906,260.260009765625,256.8500061035156,258.0,4003600
2018-01-24,220.5174560546875,265.67999267578125,265.7799987792969,260.29998779296875,260.739990234375,4314000
2018-01-25,223.29794311523438,269.0299987792969,270.5,265.010009765625,266.3500061035156,5055000
2018-01-26,222.5592803955078,268.1400146484375,269.0,266.04998779296875,267.489990234375,3535400
2018-01-29,226.16151428222656,272.4800109863281,273.7900085449219,268.80999755859375,269.0400085449219,3881100
2018-01-30,223.22325134277344,268.94000244140625,272.0,267.1099853515625,270.3900146484375,3970400
2018-01-31,222.35177612304688,267.8900146484375,270.0,266.3299865722656,268.54998779296875,3710200
2018-02-01,225.95394897460938,272.2300109863281,272.5899963378906,266.0,266.1499938964844,3388200
2018-02-02,215.83616638183594,260.0400085449219,271.75,259.3500061035156,270.0,5913900
2018-02-05,206.76414489746094,249.11000061035156,263.29998779296875,241.5,257.510009765625,6528500
2018-02-06,214.72398376464844,258.70001220703125,258.75,242.11000061035156,244.2100067138672,6739900
2018-02-07,213.3959197998047,257.1000061035156,261.95001220703125,255.66000366210938,255.89999389648438,4125000
2018-02-08,204.4733123779297,246.35000610351562,258.7799987792969,246.0500030517578,257.92999267578125,4166200
2018-02-09,206.921875,249.3000030517578,251.6699981689453,239.2899932861328,249.6199951171875,5978600
2018-02-12,210.1256561279297,253.16000366210938,256.1499938964844,248.82000732421875,251.14999389648438,3692500
2018-02-13,212.09288024902344,255.52999877929688,256.3999938964844,250.5800018310547,252.00999450683594,2700500
2018-02-14,217.94436645507812,262.5799865722656,262.7099914550781,254.47999572753906,255.0,3793800
2018-02-15,222.17742919921875,267.67999267578125,268.0,262.9100036621094,265.760009765625,3523100
2018-02-16,222.12765502929688,267.6199951171875,269.2799987792969,265.8999938964844,265.989990234375,2602500
2018-02-20,219.8616943359375,264.8900146484375,268.8500061035156,263.30999755859375,266.8900146484375,2618400
2018-02-21,218.62498474121094,263.3999938964844,270.0,263.1300048828125,263.9200134277344,3017900
2018-02-22,216.98989868164062,261.42999267578125,266.32000732421875,260.7200012207031,264.3999938964844,2678900
2018-02-23,221.42210388183594,266.7699890136719,266.9800109863281,262.3999938964844,263.0,2507100
2018-02-26,225.1488800048828,271.260009765625,271.7799987792969,266.7699890136719,267.5,2751400
2018-02-27,222.38494873046875,267.92999267578125,273.1199951171875,267.92999267578125,271.0,3140600
2018-02-28,218.8474884033203,262.92999267578125,269.489990234375,262.57000732421875,269.1400146484375,3104300
2018-03-01,213.72862243652344,256.7799987792969,263.54998779296875,256.20001220703125,262.6099853515625,3483500
2018-03-02,214.84396362304688,258.1199951171875,259.239990234375,252.10000610351562,255.0,3122800
2018-03-05,219.00563049316406,263.1199951171875,264.54998779296875,256.239990234375,256.4599914550781,2445800
2018-03-06,222.17684936523438,266.92999267578125,267.8699951171875,263.2099914550781,264.7699890136719,2217300
2018-03-07,220.86172485351562,265.3500061035156,266.42999267578125,260.95001220703125,262.69000244140625,2509400
2018-03-08,221.68582153320312,266.3399963378906,268.1000061035156,262.6300048828125,266.4800109863281,2565400
2018-03-09,225.37306213378906,270.7699890136719,271.0899963378906,267.0400085449219,268.70001220703125,4410600
2018-03-12,227.54550170898438,273.3800048828125,275.30999755859375,270.7699890136719,271.0,3065600
2018-03-13,223.50860595703125,268.5299987792969,275.0299987792969,267.44000244140625,274.3399963378906,2288100
2018-03-14,220.0959930419922,264.42999267578125,270.7799987792969,263.9100036621094,270.3999938964844,2478700
2018-03-15,221.91046142578125,266.6099853515625,269.0,265.3500061035156,265.7200012207031,2255200
2018-03-16,222.7344970703125,267.6000061035156,269.8500061035156,265.3299865722656,266.010009765625,4114400
2018-03-19,218.51449584960938,262.5299987792969,267.5,259.4700012207031,266.989990234375,2426900
2018-03-20,219.0638885498047,263.19000244140625,264.6400146484375,261.8900146484375,263.2900085449219,1514800
2018-03-21,217.9485626220703,261.8500061035156,266.489990234375,260.30999755859375,263.010009765625,2817600
2018-03-22,210.2494354248047,252.60000610351562,260.82000732421875,252.17999267578125,258.4200134277344,4489300
2018-03-23,204.13998413085938,245.25999450683594,253.99000549316406,244.92999267578125,253.6300048828125,3634200
2018-03-26,212.14712524414062,254.8800048828125,255.36000061035156,248.4499969482422,250.64999389648438,3787200
2018-03-27,205.8046875,247.25999450683594,257.05999755859375,245.61000061035156,255.88999938964844,2981500
2018-03-28,207.56094360351562,249.3699951171875,251.22999572753906,244.3699951171875,248.77999877929688,2660200
2018-03-29,209.63343811035156,251.86000061035156,252.97999572753906,248.3300018310547,250.7899932861328,3073900
2018-04-02,205.87960815429688,247.35000610351562,252.60000610351562,243.77000427246094,251.25999450683594,3429900
2018-04-03,208.5680694580078,250.5800018310547,250.88999938964844,245.89999389648438,248.61000061035156,2488200
2018-04-04,210.26605224609375,252.6199951171875,253.22000122070312,244.50999450683594,245.7100067138672,2853200
2018-04-05,212.92127990722656,255.80999755859375,258.0,253.39999389648438,254.5,1924800
2018-04-06,208.0603485107422,249.97000122070312,255.33999633789062,246.67999267578125,251.47999572753906,3621900
2018-04-09,209.90814208984375,252.19000244140625,257.5,249.1699981689453,251.47999572753906,3256700
2018-04-10,213.5538330078125,256.57000732421875,259.8900146484375,255.9499969482422,257.9599914550781,3113900
2018-04-11,210.53237915039062,252.94000244140625,254.8300018310547,249.7899932861328,252.58999633789062,3322000
2018-04-12,216.06747436523438,259.5899963378906,260.7300109863281,255.11000061035156,256.2699890136719,3059100
2018-04-13,213.0127410888672,255.9199981689453,262.5,254.5399932861328,261.94000244140625,3026200
2018-04-16,214.64414978027344,257.8800048828125,260.6600036621094,256.6600036621094,257.1300048828125,3257400
2018-04-17,211.1067352294922,253.6300048828125,262.25,252.33999633789062,261.6000061035156,10134400
2018-04-18,211.41468811035156,254.0,257.0199890136719,252.25,254.89999389648438,4524800
2018-04-19,211.55615234375,254.1699981689453,256.1600036621094,252.8300018310547,254.0,3990000
2018-04-20,209.7167205810547,251.9600067138672,255.67999267578125,251.47999572753906,254.10000610351562,2930600
2018-04-23,205.3135986328125,246.6699981689453,252.75,246.19000244140625,251.66000366210938,3775900
2018-04-24,201.83441162109375,242.49000549316406,249.14999389648438,240.0399932861328,248.82000732421875,4705100
2018-04-25,199.12103271484375,239.22999572753906,242.4600067138672,237.50999450683594,242.19000244140625,5041400
2018-04-26,199.83680725097656,240.08999633789062,241.66000366210938,238.00999450683594,239.27000427246094,2891100
2018-04-27,199.59547424316406,239.8000030517578,241.92999267578125,239.02000427246094,240.0,2136800
2018-04-30,198.3718719482422,238.3300018310547,243.07000732421875,238.22000122070312,240.97000122070312,2790500
2018-05-01,196.990234375,236.6699981689453,237.89999389648438,233.9600067138672,237.50999450683594,3269800
2018-05-02,194.8094482421875,234.0500030517578,237.91000366210938,233.4199981689453,236.60000610351562,3710900
2018-05-03,194.27679443359375,233.41000366210938,234.0,227.39999389648438,232.4499969482422,4511400
2018-05-04,195.5502471923828,234.94000244140625,236.7899932861328,232.27999877929688,232.30999755859375,2622300
2018-05-07,197.43138122558594,237.1999969482422,238.1699981689453,235.27999877929688,236.0,1979400
2018-05-08,197.26490783691406,237.0,240.66000366210938,236.0,238.24000549316406,3267000
2018-05-09,201.2018280029297,241.72999572753906,242.0500030517578,237.25,237.97999572753906,2434000
2018-05-10,202.62515258789062,243.44000244140625,245.4199981689453,240.16000366210938,242.11000061035156,2599000
2018-05-11,202.19235229492188,242.9199981689453,244.91000366210938,241.7100067138672,243.44000244140625,1540100
2018-05-14,203.01641845703125,243.91000366210938,245.8800048828125,243.5,243.60000610351562,1928500
2018-05-15,201.0603790283203,241.55999755859375,243.9499969482422,240.6699981689453,243.0,2165700
2018-05-16,200.56092834472656,240.9600067138672,241.83999633789062,240.58999633789062,241.27000427246094,1965200
2018-05-17,199.0127716064453,239.10000610351562,242.44000244140625,238.77999877929688,240.4199981689453,2462700
2018-05-18,197.26490783691406,237.0,238.74000549316406,236.8699951171875,238.10000610351562,2699000
2018-05-21,197.84750366210938,237.6999969482422,240.07000732421875,237.32000732421875,239.10000610351562,1951700
2018-05-22,198.0972137451172,238.0,240.6999969482422,237.97999572753906,238.6999969482422,2551500
2018-05-23,197.9390411376953,237.80999755859375,237.8699951171875,234.3800048828125,236.8800048828125,3114000
2018-05-24,196.51577758789062,236.10000610351562,237.1699981689453,233.64999389648438,236.60000610351562,2308700
2018-05-25,195.6085205078125,235.00999450683594,236.1199951171875,234.27999877929688,235.0,1985600
2018-05-29,188.9664306640625,227.02999877929688,232.47000122070312,225.02000427246094,231.52000427246094,5323600
2018-05-30,191.41378784179688,229.16000366210938,229.6699981689453,226.27999877929688,228.94000244140625,3348600
2018-05-31,188.67410278320312,225.8800048828125,228.11000061035156,224.08999633789062,227.33999633789062,5334900
2018-06-01,190.73724365234375,228.35000610351562,230.25,228.08999633789062,228.39999389648438,3330900
2018-06-04,192.02357482910156,229.88999938964844,231.14999389648438,228.9499969482422,230.35000610351562,2133600
2018-06-05,190.72891235351562,228.33999633789062,229.33999633789062,227.2899932861328,228.94000244140625,1986200
2018-06-06,193.9781494140625,232.22999572753906,232.5800018310547,229.36000061035156,229.85000610351562,2566400
2018-06-07,194.99720764160156,233.4499969482422,235.9199981689453,232.5399932861328,233.88999938964844,2905000
2018-06-08,194.94708251953125,233.38999938964844,234.27000427246094,232.35000610351562,233.0,2253100
2018-06-11,195.53179931640625,234.08999633789062,235.16000366210938,233.58999633789062,234.6199951171875,1936800
2018-06-12,194.31227111816406,232.6300048828125,235.22999572753906,231.86000061035156,234.1199951171875,2080000
2018-06-13,195.3145751953125,233.8300018310547,238.22999572753906,233.10000610351562,233.64999389648438,3637400
2018-06-14,195.1642303466797,233.64999389648438,235.88999938964844,232.58999633789062,235.8699951171875,2899600
2018-06-15,193.7191925048828,231.9199981689453,233.14999389648438,229.83999633789062,231.5,4738100
2018-06-18,193.27650451660156,231.38999938964844,231.6699981689453,229.14999389648438,230.1999969482422,2327500
2018-06-19,190.71224975585938,228.32000732421875,229.0399932861328,226.16000366210938,228.22000122070312,3326600
2018-06-20,190.29452514648438,227.82000732421875,229.94000244140625,226.9600067138672,229.9199981689453,2678300
2018-06-21,189.59286499023438,226.97999572753906,228.42999267578125,224.57000732421875,226.38999938964844,3094600
2018-06-22,188.791015625,226.02000427246094,230.5,225.5800018310547,227.77999877929688,2731800
2018-06-25,185.04896545410156,221.5399932861328,225.13999938964844,220.38999938964844,224.5,3817700
2018-06-26,185.08236694335938,221.5800018310547,222.8000030517578,219.1199951171875,221.77999877929688,2692900
2018-06-27,183.91294860839844,220.17999267578125,225.47000122070312,220.13999938964844,221.47999572753906,3104200
2018-06-28,186.61924743652344,223.4199981689453,224.66000366210938,219.5800018310547,220.25,3072600
2018-06-29,184.23873901367188,220.57000732421875,225.1699981689453,220.4499969482422,224.39999389648438,3393700
2018-07-02,186.4856414794922,223.25999450683594,223.33999633789062,218.88999938964844,219.75,1723200
2018-07-03,184.0800323486328,220.3800048828125,224.63999938964844,219.99000549316406,224.4600067138672,1204400
2018-07-05,184.38075256347656,220.74000549316406,222.13999938964844,219.77999877929688,221.5,2218200
2018-07-06,185.2577667236328,221.7899932861328,223.1999969482422,219.8800048828125,220.5399932861328,1846400
2018-07-09,190.43653869628906,227.99000549316406,228.1999969482422,223.0,223.36000061035156,2743900
2018-07-10,189.48434448242188,226.85000610351562,228.8699951171875,225.85000610351562,228.0,2524800
2018-07-11,188.4903106689453,225.66000366210938,227.25,225.1999969482422,225.75999450683594,2527000
2018-07-12,189.7933807373047,227.22000122070312,227.8000030517578,225.77000427246094,227.63999938964844,2223100
2018-07-13,189.11679077148438,226.41000366210938,228.6199951171875,223.92999267578125,226.6300048828125,2541500
2018-07-16,193.31825256347656,231.44000244140625,231.44000244140625,226.74000549316406,227.1999969482422,3271200
2018-07-17,192.96746826171875,231.02000427246094,233.22999572753906,226.8699951171875,231.47999572753906,9280200
2018-07-18,193.1512451171875,231.24000549316406,233.72000122070312,230.14999389648438,232.33999633789062,6149900
2018-07-19,191.80642700195312,229.6300048828125,231.99000549316406,228.97999572753906,231.11000061035156,4638500
2018-07-20,193.527099609375,231.69000244140625,232.0500030517578,228.8000030517578,229.00999450683594,2683500
2018-07-23,195.256103515625,233.75999450683594,234.86000061035156,231.72000122070312,231.8000030517578,2788500
2018-07-24,197.0269012451172,235.8800048828125,237.47999572753906,234.33999633789062,234.75,2887400
2018-07-25,197.70355224609375,236.69000244140625,236.85000610351562,233.9499969482422,235.00999450683594,2181500
2018-07-26,198.0543212890625,237.11000061035156,238.33999633789062,236.42999267578125,237.0,1885500
2018-07-27,198.49703979492188,237.63999938964844,238.8000030517578,235.99000549316406,237.9600067138672,1998200
2018-07-30,199.5912628173828,238.9499969482422,239.72999572753906,236.88999938964844,238.0,2454100
2018-07-31,198.32167053222656,237.42999267578125,239.5,236.5500030517578,239.5,2503700
2018-08-01,197.1605987548828,236.0399932861328,239.39999389648438,235.77999877929688,238.5,2510500
2018-08-02,195.44822692871094,233.99000549316406,235.2100067138672,232.77000427246094,233.92999267578125,2579700
2018-08-03,195.53179931640625,234.08999633789062,235.52000427246094,233.49000549316406,234.44000244140625,3053100
2018-08-06,197.06869506835938,235.92999267578125,236.97999572753906,234.02999877929688,234.13999938964844,2259600
2018-08-07,198.65576171875,237.8300018310547,239.4600067138672,236.49000549316406,237.25,2399500
2018-08-08,197.43621826171875,236.3699951171875,239.16000366210938,236.22999572753906,238.1199951171875,2522400
2018-08-09,195.2728271484375,233.77999877929688,236.85000610351562,233.38999938964844,236.35000610351562,2951900
2018-08-10,191.78970336914062,229.61000061035156,231.4600067138672,228.11000061035156,230.97000122070312,3863400
2018-08-13,189.49266052246094,226.86000061035156,229.88999938964844,226.57000732421875,229.49000549316406,2662700
2018-08-14,191.74794006347656,229.55999755859375,230.3699951171875,227.3000030517578,227.35000610351562,2359000
2018-08-15,191.48898315429688,229.25,231.5399932861328,228.30999755859375,229.35000610351562,3218500
2018-08-16,194.62132263183594,233.0,233.2899932861328,230.4499969482422,230.6699981689453,2438300
2018-08-17,194.93875122070312,233.3800048828125,233.72000122070312,231.63999938964844,232.50999450683594,2107200
2018-08-20,196.94342041015625,235.77999877929688,235.97999572753906,234.0800018310547,234.1300048828125,2604900
2018-08-21,199.34068298339844,238.64999389648438,239.52999877929688,235.2899932861328,235.2899932861328,2437300
2018-08-22,199.91700744628906,239.33999633789062,239.6699981689453,237.5800018310547,237.88999938964844,1870900
2018-08-23,197.41116333007812,236.33999633789062,239.27999877929688,235.83999633789062,239.0500030517578,2064700
2018-08-24,196.38377380371094,235.11000061035156,237.8000030517578,234.6999969482422,237.36000061035156,1948100
2018-08-27,202.6400604248047,242.60000610351562,243.64999389648438,236.55999755859375,236.99000549316406,4106900
2018-08-28,202.44790649414062,242.3699951171875,245.0800018310547,241.58999633789062,243.05999755859375,2951000
2018-08-29,202.30540466308594,241.39999389648438,242.7899932861328,240.30999755859375,242.0500030517578,1911700
2018-08-30,200.62936401367188,239.39999389648438,241.1199951171875,238.67999267578125,240.8000030517578,1963700
2018-08-31,199.29685974121094,237.80999755859375,239.35000610351562,237.1199951171875,238.94000244140625,1965500
2018-09-04,199.1711883544922,237.66000366210938,238.1199951171875,234.58999633789062,237.75999450683594,2083500
2018-09-05,199.08734130859375,237.55999755859375,239.4499969482422,236.1699981689453,237.00999450683594,2092000
2018-09-06,196.53968811035156,234.52000427246094,238.6300048828125,233.8800048828125,237.0,2651400
2018-09-07,196.02845764160156,233.91000366210938,235.63999938964844,232.67999267578125,235.0500030517578,1952900
2018-09-10,194.35235595703125,231.91000366210938,235.5,231.74000549316406,235.00999450683594,1948100
2018-09-11,192.92764282226562,230.2100067138672,231.64999389648438,228.66000366210938,230.6699981689453,2719400
2018-09-12,191.20127868652344,228.14999389648438,231.99000549316406,227.3000030517578,230.91000366210938,3577700
2018-09-13,191.35211181640625,228.3300018310547,229.85000610351562,227.57000732421875,229.5,3003600
2018-09-14,192.11477661132812,229.24000549316406,230.5500030517578,228.75999450683594,229.0800018310547,2228300
2018-09-17,190.98341369628906,227.88999938964844,230.16000366210938,227.3000030517578,229.39999389648438,1918800
2018-09-18,191.82144165039062,228.88999938964844,229.39999389648438,226.57000732421875,228.35000610351562,2498100
2018-09-19,197.42803955078125,235.5800018310547,236.27999877929688,229.52000427246094,229.89999389648438,3716500
2018-09-20,198.95327758789062,237.39999389648438,238.50999450683594,236.02999877929688,237.0,2503000
2018-09-21,197.2268524169922,235.33999633789062,238.52000427246094,234.8300018310547,238.05999755859375,3760300
2018-09-24,195.18203735351562,232.89999389648438,235.74000549316406,232.24000549316406,234.74000549316406,2057000
2018-09-25,194.84681701660156,232.5,234.63999938964844,232.22999572753906,234.63999938964844,2003200
2018-09-26,191.81307983398438,228.8800048828125,233.0,228.24000549316406,232.9600067138672,2372700
2018-09-27,190.8577117919922,227.74000549316406,229.85000610351562,227.52000427246094,228.77000427246094,2451500
2018-09-28,187.92453002929688,224.24000549316406,227.39999389648438,223.8000030517578,225.75,3097800
2018-10-01,188.83795166015625,225.3300018310547,227.58999633789062,225.0,226.22000122070312,2451300
2018-10-02,189.45811462402344,226.07000732421875,226.3300018310547,223.97000122070312,225.27999877929688,2272700
2018-10-03,190.89120483398438,227.77999877929688,229.77000427246094,226.5800018310547,227.75,2573900
2018-10-04,190.6397705078125,227.47999572753906,231.39999389648438,225.38999938964844,229.25999450683594,2903600
2018-10-05,189.15647888183594,225.7100067138672,228.41000366210938,224.2100067138672,228.0,1722400
2018-10-08,188.854736328125,225.35000610351562,226.9199981689453,222.5,224.25999450683594,2522900
2018-10-09,186.80996704101562,222.91000366210938,225.1199951171875,222.52999877929688,224.99000549316406,1862900
2018-10-10,180.08872985839844,214.88999938964844,223.63999938964844,214.55999755859375,223.24000549316406,3955500
2018-10-11,178.47967529296875,212.97000122070312,216.02999877929688,210.9499969482422,214.1999969482422,6217400
2018-10-12,179.2339324951172,213.8699951171875,217.97999572753906,211.4600067138672,217.0,4161300
2018-10-15,180.36526489257812,215.22000122070312,217.13999938964844,213.0500030517578,214.4499969482422,3333800
2018-10-16,185.79586791992188,221.6999969482422,222.0,216.3000030517578,219.35000610351562,5924200
2018-10-17,191.3102264404297,228.27999877929688,228.89999389648438,220.0500030517578,220.52999877929688,4953700
2018-10-18,188.51953125,224.9499969482422,228.72999572753906,223.86000061035156,227.5,2995400
2018-10-19,190.20401000976562,226.9600067138672,228.3000030517578,224.19000244140625,225.25999450683594,2759100
2018-10-22,185.7120361328125,221.60000610351562,228.8699951171875,221.52000427246094,226.92999267578125,2736800
2018-10-23,183.1643829345703,218.55999755859375,219.52000427246094,214.32000732421875,216.58999633789062,3318200
2018-10-24,175.30343627929688,209.17999267578125,218.92999267578125,208.39999389648438,218.13999938964844,4152700
2018-10-25,179.3512725830078,214.00999450683594,215.69000244140625,210.33999633789062,211.27000427246094,3179700
2018-10-26,177.96849060058594,212.36000061035156,214.8000030517578,209.52999877929688,210.72999572753906,3557900
2018-10-29,179.75352478027344,214.49000549316406,218.2100067138672,212.0500030517578,214.14999389648438,3278200
2018-10-30,183.76776123046875,219.27999877929688,220.35000610351562,215.0399932861328,215.99000549316406,3897400
2018-10-31,188.8715057373047,225.3699951171875,229.0,221.39999389648438,221.88999938964844,4369600
2018-11-01,190.2123565673828,226.97000122070312,228.8800048828125,225.47000122070312,225.75999450683594,2557600
2018-11-02,192.4918975830078,229.69000244140625,231.69000244140625,226.2899932861328,230.0,3699000
2018-11-05,191.6790008544922,228.72000122070312,231.10000610351562,226.9499969482422,228.32000732421875,2565200
2018-11-06,191.24317932128906,228.1999969482422,229.52000427246094,227.0500030517578,228.19000244140625,2275600
2018-11-07,193.8243865966797,231.27999877929688,232.8000030517578,226.89999389648438,230.0500030517578,3514300
2018-11-08,194.13449096679688,231.64999389648438,234.05999755859375,230.60000610351562,231.0,2404800
2018-11-09,186.59197998046875,222.64999389648438,231.69000244140625,222.3000030517578,231.69000244140625,3721700
2018-11-12,172.6803741455078,206.0500030517578,222.30999755859375,205.1300048828125,222.0,11019400
2018-11-13,171.84228515625,205.0500030517578,209.58999633789062,202.3300018310547,204.39999389648438,6984800
2018-11-14,169.69692993164062,202.49000549316406,207.33999633789062,198.44000244140625,206.24000549316406,5742500
2018-11-15,170.74447631835938,203.74000549316406,204.5,199.32000732421875,201.8000030517578,4260000
2018-11-16,169.3868408203125,202.1199951171875,204.74000549316406,200.35000610351562,202.92999267578125,2829600
2018-11-19,166.11837768554688,198.22000122070312,202.3000030517578,197.35000610351562,201.8300018310547,3419100
2018-11-20,160.35260009765625,191.33999633789062,195.88999938964844,190.35000610351562,195.10000610351562,5513800
2018-11-21,161.40858459472656,192.60000610351562,195.24000549316406,191.19000244140625,192.08999633789062,4111700
2018-11-23,158.47543334960938,189.10000610351562,191.8699951171875,188.94000244140625,191.61000061035156,1862600
2018-11-26,162.86676025390625,194.33999633789062,195.22999572753906,190.69000244140625,191.1699981689453,3143300
2018-11-27,162.28854370117188,193.64999389648438,194.6199951171875,191.55999755859375,193.39999389648438,2345400
2018-11-28,166.2273712158203,198.35000610351562,198.4499969482422,192.22999572753906,194.83999633789062,3762900
2018-11-29,163.95545959472656,194.85000610351562,197.4499969482422,193.16000366210938,196.02000427246094,2665700
2018-11-30,160.45506286621094,190.69000244140625,191.4499969482422,188.1199951171875,190.57000732421875,6220000
2018-12-03,161.24598693847656,191.6300048828125,195.66000366210938,191.6199951171875,194.0,4017000
2018-12-04,155.086669921875,184.30999755859375,191.11000061035156,183.6300048828125,190.69000244140625,5797500
2018-12-06,154.90150451660156,184.08999633789062,184.8800048828125,180.14999389648438,181.3300018310547,5275500
2018-12-07,151.1823272705078,179.6699981689453,186.25,179.0,183.85000610351562,3921200
2018-12-10,150.47555541992188,178.8300018310547,179.83999633789062,174.67999267578125,178.60000610351562,4528300
2018-12-11,148.7674102783203,176.8000030517578,184.42999267578125,175.4499969482422,182.14999389648438,4713900
2018-12-12,148.68325805664062,176.6999969482422,180.0,176.47999572753906,178.5,3677300
2018-12-13,148.02696228027344,175.9199981689453,178.69000244140625,175.1199951171875,177.8300018310547,4008600
2018-12-14,145.37640380859375,172.77000427246094,176.25999450683594,172.3699951171875,174.33999633789062,5078300
2018-12-17,141.37109375,168.00999450683594,171.42999267578125,166.52999877929688,169.39999389648438,8395800
2018-12-18,144.3077392578125,171.5,173.02000427246094,169.32000732421875,169.77999877929688,5150800
2018-12-19,142.41445922851562,169.25,174.85000610351562,167.60000610351562,171.58999633789062,5316100
2018-12-20,141.7076873779297,168.41000366210938,171.64999389648438,167.16000366210938,168.38999938964844,6488200
2018-12-21,134.67320251464844,160.0500030517578,169.6300048828125,159.4199981689453,168.25,8960000
2018-12-24,131.5598602294922,156.35000610351562,160.0,154.30999755859375,159.0,3783500
2018-12-26,137.0965576171875,162.92999267578125,163.11000061035156,151.6999969482422,157.0,7054700
2018-12-27,139.183349609375,165.41000366210938,165.41000366210938,159.02000427246094,160.1199951171875,4973000
2018-12-28,137.18069458007812,163.02999877929688,165.9499969482422,162.02000427246094,165.63999938964844,4110500
2018-12-31,140.56332397460938,167.0500030517578,167.1199951171875,163.77999877929688,163.77999877929688,4550000
2019-01-02,144.75372314453125,172.02999877929688,172.25,163.35000610351562,164.3300018310547,3999400
2019-01-03,142.63330078125,169.50999450683594,171.77000427246094,168.2899932861328,170.66000366210938,4060200
2019-01-04,147.29486083984375,175.0500030517578,176.0,171.10000610351562,172.99000549316406,3788300
2019-01-07,148.11106872558594,176.02000427246094,177.8300018310547,172.27000427246094,175.22999572753906,3152100
2019-01-08,147.5641632080078,175.3699951171875,178.10000610351562,172.89999389648438,177.77999877929688,2692700
2019-01-09,148.48971557617188,176.47000122070312,177.69000244140625,174.91000366210938,176.10000610351562,3321400
2019-01-10,148.09420776367188,176.0,178.07000732421875,175.5,175.66000366210938,2808700
2019-01-11,148.87677001953125,176.92999267578125,177.0399932861328,172.4199981689453,175.10000610351562,3182700
2019-01-14,150.3829345703125,178.72000122070312,179.5399932861328,174.10000610351562,174.52000427246094,3361700
2019-01-15,151.38427734375,179.91000366210938,179.99000549316406,176.39999389648438,178.32000732421875,2911800
2019-01-16,165.8318634033203,197.0800018310547,198.14999389648438,185.60000610351562,187.0,15194200
2019-01-17,167.52320861816406,199.08999633789062,199.8000030517578,192.8300018310547,195.9499969482422,8177000
2019-01-18,170.42616271972656,202.5399932861328,203.0,196.91000366210938,200.3800048828125,5650900
2019-01-22,166.33677673339844,197.67999267578125,201.47000122070312,195.9199981689453,200.5,4648500
2019-01-23,165.68045043945312,196.89999389648438,198.08999633789062,194.52999877929688,197.5500030517578,3410700
2019-01-24,166.43772888183594,197.8000030517578,199.67999267578125,195.75999450683594,196.22000122070312,2631800
2019-01-25,168.91159057617188,200.74000549316406,201.19000244140625,199.4199981689453,199.8300018310547,3275000
2019-01-28,168.05325317382812,199.72000122070312,200.07000732421875,197.10000610351562,197.99000549316406,2369600
2019-01-29,168.70965576171875,200.5,201.97000122070312,197.8699951171875,199.0,2694100
2019-01-30,170.37574768066406,202.47999572753906,203.2899932861328,199.64999389648438,200.89999389648438,2773300
2019-01-31,166.6144561767578,198.00999450683594,202.35000610351562,196.9499969482422,200.10000610351562,5604500
2019-02-01,165.37750244140625,196.5399932861328,199.63999938964844,196.5399932861328,198.0,3174200
2019-02-04,166.37042236328125,197.72000122070312,197.75999450683594,194.7899932861328,195.8000030517578,2400200
2019-02-05,166.6144561767578,198.00999450683594,199.3300018310547,196.86000061035156,198.1199951171875,2601000
2019-02-06,165.44482421875,196.6199951171875,199.05999755859375,195.8300018310547,197.17999267578125,2063100
2019-02-07,162.4577178955078,193.07000732421875,195.8800048828125,191.0500030517578,195.27999877929688,2948800
2019-02-08,161.27967834472656,191.6699981689453,192.6199951171875,188.22000122070312,191.72000122070312,2757500
2019-02-11,160.99356079101562,191.3300018310547,193.32000732421875,191.07000732421875,192.8800048828125,2056500
2019-02-12,163.6525421142578,194.49000549316406,195.64999389648438,193.0,193.0500030517578,2392900
2019-02-13,163.82083129882812,194.69000244140625,198.77999877929688,194.60000610351562,195.9199981689453,2757300
2019-02-14,162.0033416748047,192.52999877929688,194.1300048828125,189.44000244140625,192.2100067138672,2865000
2019-02-15,167.02679443359375,198.5,198.88999938964844,193.10000610351562,193.2100067138672,3065400
2019-02-19,167.16981506347656,198.6699981689453,199.05999755859375,195.61000061035156,196.66000366210938,2558200
2019-02-20,167.11094665527344,198.60000610351562,199.3000030517578,197.50999450683594,198.72999572753906,2266000
2019-02-21,165.22605895996094,196.36000061035156,199.4499969482422,195.0500030517578,198.97000122070312,2785900
2019-02-22,164.9231414794922,196.0,197.75,195.1999969482422,196.60000610351562,2626600
2019-02-25,167.15301513671875,198.64999389648438,201.5,197.7100067138672,198.0,3032200
2019-02-26,167.36329650878906,198.89999389648438,200.55999755859375,196.5500030517578,198.47000122070312,2499800
2019-02-27,167.36331176757812,198.10000610351562,199.88999938964844,197.1199951171875,198.5,1804200
2019-02-28,166.18052673339844,196.6999969482422,198.39999389648438,196.00999450683594,198.0399932861328,2964300
2019-03-01,167.44778442382812,198.1999969482422,201.44000244140625,197.42999267578125,198.75,2580500
2019-03-04,165.572265625,195.97999572753906,200.8300018310547,194.14999389648438,198.80999755859375,2683600
2019-03-05,165.5891876220703,196.0,196.17999267578125,193.0,195.85000610351562,2338600
2019-03-06,164.52467346191406,194.74000549316406,197.55999755859375,194.52999877929688,195.89999389648438,2247500
2019-03-07,162.8603057861328,192.77000427246094,193.4499969482422,190.0800018310547,193.1300048828125,3567800
2019-03-08,164.9470977783203,195.24000549316406,195.77000427246094,189.7100067138672,190.39999389648438,3162700
2019-03-11,165.56382751464844,195.97000122070312,198.97000122070312,195.72999572753906,197.22999572753906,2669000
2019-03-12,166.12142944335938,196.6300048828125,197.39999389648438,195.69000244140625,196.0,1977400
2019-03-13,166.64520263671875,197.25,198.92999267578125,196.52000427246094,197.75,1904500
2019-03-14,166.8310546875,197.47000122070312,198.5,196.6999969482422,197.32000732421875,1482300
2019-03-15,167.49850463867188,198.25999450683594,198.85000610351562,196.85000610351562,197.16000366210938,2985200
2019-03-18,171.05531311035156,202.47000122070312,203.85000610351562,198.9199981689453,199.17999267578125,3354900
2019-03-19,169.9147491455078,201.1199951171875,206.4499969482422,200.77999877929688,204.8800048828125,3284900
2019-03-20,164.1697998046875,194.32000732421875,200.3300018310547,193.97000122070312,200.3300018310547,5033500
2019-03-21,164.38951110839844,194.5800018310547,195.5500030517578,191.75,192.89999389648438,4031500
2019-03-22,159.6414794921875,188.9600067138672,193.7100067138672,187.77999877929688,192.6699981689453,5703100
2019-03-25,159.26126098632812,188.50999450683594,191.4499969482422,186.5,189.3300018310547,3751000
2019-03-26,161.10304260253906,190.69000244140625,192.41000366210938,188.69000244140625,190.02999877929688,2910100
2019-03-27,160.54539489746094,190.02999877929688,191.61000061035156,188.74000549316406,190.60000610351562,2343800
2019-03-28,161.51699829101562,191.17999267578125,191.91000366210938,189.2899932861328,190.74000549316406,2343400
2019-03-29,162.20135498046875,191.99000549316406,193.11000061035156,191.13999938964844,192.67999267578125,2632800
2019-04-01,166.21434020996094,196.74000549316406,198.08999633789062,193.61000061035156,194.0,3562600
2019-04-02,166.85643005371094,197.5,197.75999450683594,195.39999389648438,196.24000549316406,2247000
2019-04-03,169.69512939453125,200.86000061035156,201.08999633789062,198.5399932861328,199.25,3227900
2019-04-04,170.85250854492188,202.22999572753906,204.2899932861328,200.5,200.8000030517578,2582300
2019-04-05,170.97921752929688,202.3800048828125,205.5,202.05999755859375,203.3800048828125,2447100
2019-04-08,171.1143798828125,202.5399932861328,203.6300048828125,201.17999267578125,202.7899932861328,1891500
2019-04-09,169.4923553466797,200.6199951171875,201.58999633789062,198.86000061035156,201.22999572753906,2400900
2019-04-10,171.4861602783203,202.97999572753906,203.1699981689453,200.27000427246094,201.8000030517578,1907100
2019-04-11,171.35943603515625,202.8300018310547,205.4499969482422,201.57000732421875,204.22999572753906,2802100
2019-04-12,175.5920867919922,207.83999633789062,209.97000122070312,206.3699951171875,207.0,5096600
2019-04-15,168.89251708984375,199.91000366210938,205.74000549316406,199.6999969482422,204.11000061035156,6617200
2019-04-16,170.52301025390625,201.83999633789062,202.94000244140625,199.24000549316406,199.6199951171875,4852600
2019-04-17,175.6427764892578,207.89999389648438,208.5,201.77999877929688,201.9600067138672,4195300
2019-04-18,173.9615478515625,205.91000366210938,207.86000061035156,205.14999389648438,207.08999633789062,2874300
2019-04-22,172.85475158691406,204.60000610351562,205.58999633789062,204.13999938964844,205.1199951171875,1591400
2019-04-23,172.46617126464844,204.13999938964844,205.19000244140625,202.74000549316406,204.25,2120900
2019-04-24,169.4247589111328,200.5399932861328,203.52000427246094,199.72999572753906,203.0,4606100
2019-04-25,170.15126037597656,201.39999389648438,202.55999755859375,199.10000610351562,199.6999969482422,2075300
2019-04-26,171.5706329345703,203.0800018310547,203.1199951171875,200.32000732421875,201.72999572753906,1543100
2019-04-29,174.81483459472656,206.9199981689453,208.0,203.27000427246094,203.5,2997000
2019-04-30,173.96998596191406,205.9199981689453,207.99000549316406,204.14999389648438,206.94000244140625,1833000
2019-05-01,172.96461486816406,204.72999572753906,208.41000366210938,204.02999877929688,206.39999389648438,1981800
2019-05-02,173.184326171875,204.99000549316406,206.22000122070312,203.1199951171875,204.42999267578125,1514700
2019-05-03,175.32174682617188,207.52000427246094,208.75,205.6699981689453,206.00999450683594,1897600
2019-05-06,174.40084838867188,206.42999267578125,206.97999572753906,201.7100067138672,202.8000030517578,1927800
2019-05-07,171.19049072265625,202.6300048828125,204.0,201.00999450683594,203.33999633789062,2839500
2019-05-08,169.77114868164062,200.9499969482422,203.1999969482422,200.8000030517578,201.39999389648438,1817600
2019-05-09,170.3456268310547,201.6300048828125,202.22000122070312,197.91000366210938,199.50999450683594,2333400
2019-05-10,170.700439453125,202.0500030517578,202.10000610351562,198.99000549316406,200.97999572753906,2089400
2019-05-13,164.7189483642578,194.97000122070312,197.89999389648438,194.0,197.89999389648438,3605600
2019-05-14,165.8257598876953,196.27999877929688,198.1300048828125,194.89999389648438,194.99000549316406,2463300
2019-05-15,165.92709350585938,196.39999389648438,197.58999633789062,193.4199981689453,194.63999938964844,2271100
2019-05-16,168.241943359375,199.13999938964844,200.0,196.6199951171875,196.6300048828125,2008100
2019-05-17,166.79727172851562,197.42999267578125,199.08999633789062,196.3000030517578,196.3000030517578,1928300
2019-05-20,166.63677978515625,197.24000549316406,197.77999877929688,195.57000732421875,197.08999633789062,2483400
2019-05-21,168.2165985107422,199.11000061035156,199.32000732421875,198.0,198.66000366210938,2327600
2019-05-22,165.18365478515625,195.52000427246094,198.47999572753906,195.4600067138672,197.44000244140625,2427200
2019-05-23,162.1844482421875,191.97000122070312,193.0,189.55999755859375,193.0,3184100
2019-05-24,163.05467224121094,193.0,194.07000732421875,191.67999267578125,192.88999938964844,1637200
2019-05-28,160.0469970703125,189.44000244140625,193.30999755859375,189.38999938964844,192.0,3040000
2019-05-29,159.58871459960938,188.0500030517578,188.64999389648438,184.9199981689453,187.74000549316406,2815800
2019-05-30,159.0116424560547,187.3699951171875,189.3699951171875,186.00999450683594,188.08999633789062,1919300
2019-05-31,154.8702392578125,182.49000549316406,184.88999938964844,182.30999755859375,184.77000427246094,2640100
2019-06-03,155.46429443359375,183.19000244140625,183.49000549316406,180.72999572753906,181.6999969482422,2857800
2019-06-04,161.1417694091797,189.8800048828125,189.99000549316406,185.7100067138672,186.17999267578125,2420800
2019-06-05,159.91966247558594,188.44000244140625,190.16000366210938,187.00999450683594,190.10000610351562,1967800
2019-06-06,161.0823211669922,189.80999755859375,190.74000549316406,187.30999755859375,188.05999755859375,1653500
2019-06-07,161.0823211669922,189.80999755859375,190.61000061035156,188.52000427246094,189.8800048828125,1838600
2019-06-10,164.7400360107422,194.1199951171875,197.0,191.39999389648438,191.39999389648438,2372000
2019-06-11,165.2576904296875,194.72999572753906,196.1199951171875,193.50999450683594,195.3000030517578,1632200
2019-06-12,161.43028259277344,190.22000122070312,194.0500030517578,189.8300018310547,193.61000061035156,2059400
2019-06-13,162.47410583496094,191.4499969482422,192.25,190.07000732421875,190.41000366210938,1411400
2019-06-14,162.6523895263672,191.66000366210938,192.1699981689453,189.30999755859375,191.2899932861328,1403900
2019-06-17,161.947998046875,190.8300018310547,193.22999572753906,190.74000549316406,192.02000427246094,1155600
2019-06-18,165.46986389160156,194.97999572753906,197.1300048828125,190.6699981689453,190.6699981689453,2363000
2019-06-19,166.0299835205078,195.63999938964844,197.61000061035156,194.7899932861328,195.35000610351562,2196800
2019-06-20,166.08091735839844,195.6999969482422,198.19000244140625,193.61000061035156,197.5,2749300
2019-06-21,166.2845916748047,195.94000244140625,198.33999633789062,193.97000122070312,195.33999633789062,3365500
2019-06-24,167.60000610351562,197.49000549316406,199.35000610351562,196.02999877929688,196.52999877929688,2069800
2019-06-25,166.38641357421875,196.05999755859375,197.52000427246094,194.00999450683594,197.5,1828300
2019-06-26,167.19265747070312,197.00999450683594,197.8699951171875,196.1199951171875,196.5,1649900
2019-06-27,169.15306091308594,199.32000732421875,199.61000061035156,196.75999450683594,197.57000732421875,2239200
2019-06-28,173.6338348388672,204.60000610351562,205.83999633789062,202.94000244140625,203.5,4854900
2019-07-01,175.55181884765625,206.86000061035156,209.85000610351562,205.74000549316406,208.0,2465700
2019-07-02,174.8049774169922,205.97999572753906,206.30999755859375,204.16000366210938,205.39999389648438,1621400
2019-07-03,174.85592651367188,206.0399932861328,207.39999389648438,205.22999572753906,207.3000030517578,978800
2019-07-05,176.4344024658203,207.89999389648438,208.75999450683594,206.1999969482422,206.86000061035156,1511400
2019-07-08,174.60984802246094,205.75,207.25,204.7100067138672,206.36000061035156,1853900
2019-07-09,176.3240966796875,207.77000427246094,207.94000244140625,203.5399932861328,203.75,1812100
2019-07-10,174.7965087890625,205.97000122070312,208.99000549316406,205.64999389648438,207.17999267578125,1779800
2019-07-11,179.36228942871094,211.35000610351562,212.58999633789062,206.0,206.1999969482422,3691600
2019-07-12,181.56028747558594,213.94000244140625,214.19000244140625,210.7899932861328,212.0,2626000
2019-07-15,179.5574493408203,211.5800018310547,214.60000610351562,209.7899932861328,214.11000061035156,2600200
2019-07-16,182.901123046875,215.52000427246094,217.3300018310547,212.5500030517578,214.8000030517578,5283700
2019-07-17,181.0171356201172,213.3000030517578,215.77999877929688,213.16000366210938,213.8300018310547,2583500
2019-07-18,182.05250549316406,214.52000427246094,215.8300018310547,211.75,212.7100067138672,2858100
2019-07-19,181.20384216308594,213.52000427246094,215.77000427246094,213.35000610351562,214.02000427246094,1822300
2019-07-22,181.61117553710938,214.0,214.86000061035156,212.30999755859375,213.39999389648438,1907100
2019-07-23,186.21934509277344,219.42999267578125,220.0,214.9499969482422,214.9499969482422,3330600
2019-07-24,188.4258270263672,222.02999877929688,222.08999633789062,218.6300048828125,219.25,3180000
2019-07-25,186.6861114501953,219.97999572753906,221.77000427246094,218.22999572753906,221.77000427246094,2776700
2019-07-26,188.5192413330078,222.13999938964844,222.24000549316406,220.3699951171875,220.4499969482422,2304500
2019-07-29,186.9746551513672,220.32000732421875,222.1300048828125,220.1999969482422,221.0,1372800
2019-07-30,187.8911590576172,221.39999389648438,221.99000549316406,217.3300018310547,218.49000549316406,1644600
2019-07-31,186.81341552734375,220.1300048828125,221.97999572753906,219.00999450683594,221.24000549316406,1991100
2019-08-01,179.57440185546875,211.60000610351562,219.9499969482422,210.75999450683594,219.35000610351562,3070100
2019-08-02,177.68191528320312,209.3699951171875,211.5800018310547,205.30999755859375,211.5800018310547,2503000
2019-08-05,171.15579223632812,201.67999267578125,205.82000732421875,199.5800018310547,205.82000732421875,2794200
2019-08-06,174.83045959472656,206.00999450683594,206.07000732421875,200.88999938964844,203.55999755859375,2349400
2019-08-07,174.60134887695312,205.74000549316406,205.9600067138672,199.0500030517578,201.11000061035156,2454200
2019-08-08,175.670654296875,207.0,207.8000030517578,203.5399932861328,207.1699981689453,2342200
2019-08-09,175.5857696533203,206.89999389648438,208.3000030517578,203.86000061035156,205.6199951171875,1790100
2019-08-12,171.02003479003906,201.52000427246094,204.14999389648438,200.47999572753906,203.27999877929688,1479300
2019-08-13,173.218017578125,204.11000061035156,206.60000610351562,200.22999572753906,201.50999450683594,2115900
2019-08-14,165.9620819091797,195.55999755859375,199.91000366210938,195.05999755859375,199.8000030517578,3025100
2019-08-15,166.48825073242188,196.17999267578125,196.97000122070312,193.7100067138672,195.91000366210938,1981900
2019-08-16,169.23785400390625,199.4199981689453,200.6699981689453,197.0,197.02999877929688,1878700
2019-08-19,171.5970916748047,202.1999969482422,204.4499969482422,201.82000732421875,203.80999755859375,1646100
2019-08-20,169.713134765625,199.97999572753906,201.99000549316406,199.6999969482422,200.2100067138672,1545600
2019-08-21,170.3071746826172,200.67999267578125,203.02000427246094,200.1699981689453,202.74000549316406,1160800
2019-08-22,171.78384399414062,202.4199981689453,203.4499969482422,200.91000366210938,202.27999877929688,1275900
2019-08-23,166.5052490234375,196.1999969482422,201.8800048828125,195.19000244140625,200.80999755859375,2200500
2019-08-26,169.43307495117188,199.64999389648438,199.7100067138672,198.0,198.27000427246094,1441900
2019-08-27,168.09222412109375,198.07000732421875,200.86000061035156,196.5,200.3300018310547,1513300
2019-08-28,170.08653259277344,200.4199981689453,201.47000122070312,196.25,196.57000732421875,1437800
2019-08-29,173.7329864501953,203.44000244140625,204.3699951171875,201.36000061035156,201.36000061035156,1816800
2019-08-30,174.13438415527344,203.91000366210938,205.2100067138672,203.00999450683594,204.85000610351562,1529600
2019-09-03,169.91567993164062,198.97000122070312,201.61000061035156,196.5800018310547,201.10000610351562,2633600
2019-09-04,172.27264404296875,201.72999572753906,202.10000610351562,200.0500030517578,201.49000549316406,1720600
2019-09-05,176.8158721923828,207.0500030517578,208.92999267578125,205.0399932861328,205.27000427246094,2237900
2019-09-06,176.95249938964844,207.2100067138672,208.25,205.57000732421875,207.05999755859375,1438800
2019-09-09,181.02597045898438,211.97999572753906,213.8800048828125,208.44000244140625,209.22000122070312,2734500
2019-09-10,184.14297485351562,215.6300048828125,217.08999633789062,213.22000122070312,213.5,2615800
2019-09-11,185.14212036132812,216.8000030517578,216.85000610351562,213.36000061035156,215.2100067138672,1886300
2019-09-12,186.79885864257812,218.74000549316406,220.75999450683594,215.14999389648438,216.3800048828125,2913800
2019-09-13,187.78945922851562,219.89999389648438,221.5,219.1999969482422,220.35000610351562,2722400
2019-09-16,185.50082397460938,217.22000122070312,219.3300018310547,216.32000732421875,217.82000732421875,2205500
2019-09-17,184.3821258544922,215.91000366210938,216.13999938964844,212.5399932861328,215.8000030517578,2429100
2019-09-18,185.38121032714844,217.0800018310547,217.88999938964844,213.3000030517578,214.8300018310547,2474900
2019-09-19,183.8013916015625,215.22999572753906,217.92999267578125,215.05999755859375,217.5800018310547,1596200
2019-09-20,182.52894592285156,213.74000549316406,216.67999267578125,213.6300048828125,214.66000366210938,5458900
2019-09-23,182.2898712158203,213.4600067138672,214.11000061035156,211.55999755859375,212.85000610351562,1485500
2019-09-24,177.41366577148438,207.75,214.1999969482422,206.8000030517578,214.0399932861328,2837600
2019-09-25,179.36068725585938,210.02999877929688,211.08999633789062,207.4499969482422,207.9600067138672,1593400
2019-09-26,177.8150177001953,208.22000122070312,209.97000122070312,208.11000061035156,209.0500030517578,1685500
2019-09-27,178.45547485351562,208.97000122070312,210.5500030517578,208.08999633789062,209.85000610351562,1530900
2019-09-30,176.96958923339844,207.22999572753906,209.7100067138672,206.8300018310547,209.7100067138672,1794500
2019-10-01,173.09255981445312,202.69000244140625,209.3800048828125,202.61000061035156,207.00999450683594,3156200
2019-10-02,169.30084228515625,198.25,201.8800048828125,197.60000610351562,201.69000244140625,3386800
2019-10-03,168.43836975097656,197.24000549316406,198.3699951171875,193.99000549316406,197.61000061035156,2914500
2019-10-04,171.47850036621094,200.8000030517578,201.22999572753906,196.0399932861328,196.99000549316406,3021100
2019-10-07,171.1368865966797,200.39999389648438,202.52999877929688,199.47000122070312,200.7899932861328,2202200
2019-10-08,168.5493621826172,197.3699951171875,198.9499969482422,195.9199981689453,197.60000610351562,2654900
2019-10-09,168.10528564453125,196.85000610351562,198.97999572753906,196.67999267578125,198.19000244140625,2443500
2019-10-10,170.6842803955078,199.8699951171875,201.32000732421875,197.5399932861328,197.58999633789062,2108000
2019-10-11,174.79193115234375,204.67999267578125,207.2899932861328,203.72000122070312,203.72000122070312,3334300
2019-10-14,175.7655029296875,205.82000732421875,206.1699981689453,202.9199981689453,203.8300018310547,2286100
2019-10-15,176.31201171875,206.4600067138672,208.24000549316406,198.61000061035156,202.0,8241900
2019-10-16,177.13180541992188,207.4199981689453,208.6199951171875,206.10000610351562,206.1699981689453,3405800
2019-10-17,176.31201171875,206.4600067138672,208.92999267578125,204.38999938964844,208.2899932861328,2876500
2019-10-18,176.36329650878906,206.52000427246094,208.05999755859375,204.99000549316406,204.99000549316406,2207000
2019-10-21,178.6946563720703,209.25,210.86000061035156,207.67999267578125,208.6699981689453,1934900
2019-10-22,178.9934844970703,209.60000610351562,211.64999389648438,208.30999755859375,209.58999633789062,1868000
2019-10-23,180.4623565673828,211.32000732421875,212.02000427246094,209.0,209.22000122070312,1574500
2019-10-24,180.23179626464844,211.0500030517578,213.14999389648438,209.77999877929688,211.61000061035156,1266500
2019-10-25,182.9474639892578,214.22999572753906,215.4199981689453,210.17999267578125,210.17999267578125,2602100
2019-10-28,185.95343017578125,217.75,218.9199981689453,215.69000244140625,216.32000732421875,2707800
2019-10-29,185.8594512939453,217.63999938964844,219.27999877929688,216.4499969482422,217.22000122070312,2030800
2019-10-30,184.29672241210938,215.80999755859375,217.0500030517578,213.80999755859375,217.02000427246094,1584900
2019-10-31,182.2215576171875,213.3800048828125,215.36000061035156,211.32000732421875,215.14999389648438,1876200
2019-11-01,185.64602661132812,217.38999938964844,217.88999938964844,214.75,215.25999450683594,2112300
2019-11-04,187.76380920410156,219.8699951171875,220.69000244140625,218.57000732421875,219.6999969482422,2538100
2019-11-05,186.7134552001953,218.63999938964844,221.77999877929688,218.47000122070312,220.8000030517578,2525100
2019-11-06,186.5255889892578,218.4199981689453,219.07000732421875,216.5500030517578,218.00999450683594,1863000
2019-11-07,190.68443298339844,223.2899932861328,224.77000427246094,220.41000366210938,220.77000427246094,3748600
2019-11-08,190.35997009277344,222.91000366210938,223.22999572753906,221.10000610351562,223.0,1610800
2019-11-11,187.04649353027344,219.02999877929688,221.41000366210938,218.52000427246094,220.89999389648438,2754500
2019-11-12,188.2249755859375,220.41000366210938,221.11000061035156,217.92999267578125,218.55999755859375,1891600
2019-11-13,187.2941436767578,219.32000732421875,219.83999633789062,217.00999450683594,218.38999938964844,1756000
2019-11-14,187.3880615234375,219.42999267578125,220.47000122070312,218.02999877929688,218.7899932861328,1483100
2019-11-15,188.08834838867188,220.25,221.08999633789062,219.0399932861328,220.0,1693100
2019-11-18,187.644287109375,219.72999572753906,219.9499969482422,218.0399932861328,219.72999572753906,1603400
2019-11-19,187.9090118408203,220.0399932861328,220.67999267578125,218.30999755859375,220.55999755859375,1817100
2019-11-20,186.09005737304688,217.91000366210938,219.47000122070312,216.39999389648438,218.36000061035156,2177700
2019-11-21,186.36331176757812,218.22999572753906,219.32000732421875,216.82000732421875,218.60000610351562,1677700
2019-11-22,188.1139678955078,220.27999877929688,220.7100067138672,218.0,218.0,1529100
2019-11-25,190.22328186035156,222.75,223.9499969482422,220.88999938964844,220.88999938964844,2181800
2019-11-26,189.9670867919922,222.4499969482422,222.75999450683594,221.11000061035156,222.67999267578125,1926300
2019-11-27,190.39407348632812,222.9499969482422,224.27999877929688,221.86000061035156,223.4499969482422,1614600
2019-11-29,190.09349060058594,221.35000610351562,222.0,220.41000366210938,220.8800048828125,770400
2019-12-02,186.90737915039062,217.63999938964844,221.8000030517578,217.0800018310547,220.97000122070312,2118500
2019-12-03,182.26991271972656,212.24000549316406,215.42999267578125,210.0,215.42999267578125,3207100
2019-12-04,185.44744873046875,215.94000244140625,216.99000549316406,212.3800048828125,213.5399932861328,1583600
2019-12-05,186.47801208496094,217.13999938964844,217.6300048828125,215.4199981689453,217.14999389648438,1329300
2019-12-06,192.8931884765625,224.61000061035156,225.39999389648438,218.82000732421875,219.9499969482422,4229400
2019-12-09,190.48854064941406,221.80999755859375,224.64999389648438,221.77000427246094,224.61000061035156,2134600
2019-12-10,190.54869079589844,221.8800048828125,222.8800048828125,220.5500030517578,221.6699981689453,1854100
2019-12-11,189.95611572265625,221.19000244140625,222.85000610351562,220.83999633789062,222.25,1778600
2019-12-12,194.12985229492188,226.0500030517578,226.77999877929688,220.60000610351562,221.91000366210938,2974300
2019-12-13,193.2280731201172,225.0,227.99000549316406,223.6999969482422,226.72000122070312,1908200
2019-12-16,195.83883666992188,228.0399932861328,230.6999969482422,227.8699951171875,228.5,3218400
2019-12-17,198.50965881347656,231.14999389648438,232.07000732421875,228.8000030517578,230.0,3590000
2019-12-18,197.9085235595703,230.4499969482422,232.1999969482422,229.94000244140625,231.97000122070312,2280800
2019-12-19,197.4705047607422,229.94000244140625,231.38999938964844,228.9600067138672,230.9499969482422,2418100
2019-12-20,196.60313415527344,228.92999267578125,231.2899932861328,228.6199951171875,230.9600067138672,3715500
2019-12-23,196.74053955078125,229.08999633789062,230.47999572753906,228.41000366210938,229.66000366210938,1670400
2019-12-24,197.44479370117188,229.91000366210938,229.9499969482422,228.3699951171875,228.97999572753906,467700
2019-12-26,198.5612030029297,231.2100067138672,232.1999969482422,229.99000549316406,230.25999450683594,1704000
2019-12-27,198.08888244628906,230.66000366210938,232.2100067138672,230.47000122070312,231.80999755859375,1343900
2019-12-30,197.350341796875,229.8000030517578,231.67999267578125,229.5,231.67999267578125,1494500
2019-12-31,197.46192932128906,229.92999267578125,229.97000122070312,228.6699981689453,229.7100067138672,1447200
2020-01-02,201.23202514648438,234.32000732421875,234.63999938964844,230.16000366210938,231.0,3736300
2020-01-03,198.87893676757812,231.5800018310547,232.61000061035156,230.3000030517578,231.60000610351562,2274500
2020-01-06,200.91427612304688,233.9499969482422,234.02000427246094,229.49000549316406,229.92999267578125,3329300
2020-01-07,202.2368621826172,235.49000549316406,237.77000427246094,234.75999450683594,235.0,5255200
2020-01-08,204.18626403808594,237.75999450683594,239.75,235.47999572753906,235.67999267578125,3564700
2020-01-09,208.3428497314453,242.60000610351562,243.39999389648438,239.82000732421875,241.33999633789062,3980700
2020-01-10,207.9220428466797,242.11000061035156,243.38999938964844,241.38999938964844,242.75,2248100
2020-01-13,210.5842742919922,245.2100067138672,246.11000061035156,243.0,244.44000244140625,3359200
2020-01-14,210.9707489013672,245.66000366210938,248.52000427246094,244.60000610351562,245.32000732421875,4302800
2020-01-15,210.5842742919922,245.2100067138672,249.5,239.16000366210938,242.0,5411200
2020-01-16,214.45738220214844,249.72000122070312,249.82000732421875,246.22999572753906,247.00999450683594,3968400
2020-01-17,214.2341766357422,249.4600067138672,250.4600067138672,248.0,250.22999572753906,3108400
2020-01-21,211.0050811767578,245.6999969482422,248.85000610351562,245.60000610351562,247.2100067138672,2492400
2020-01-22,212.16445922851562,247.0500030517578,248.52000427246094,246.33999633789062,246.61000061035156,2030900
2020-01-23,210.9020233154297,245.5800018310547,247.0,242.8800048828125,244.5,2806800
2020-01-24,207.7587890625,241.9199981689453,245.7100067138672,240.60000610351562,245.07000732421875,2877400
2020-01-27,204.5126495361328,238.13999938964844,238.99000549316406,235.00999450683594,236.3699951171875,2506200
2020-01-28,208.32565307617188,242.5800018310547,243.5800018310547,238.0500030517578,239.49000549316406,3123000
2020-01-29,206.2130584716797,240.1199951171875,246.5,239.57000732421875,244.52000427246094,3711600
2020-01-30,209.6567840576172,244.1300048828125,244.33999633789062,236.72999572753906,237.69000244140625,3261700
2020-01-31,204.1776885986328,237.75,242.88999938964844,236.8800048828125,241.99000549316406,3482800
2020-02-03,205.25975036621094,239.00999450683594,242.38999938964844,238.0500030517578,238.36000061035156,2733000
2020-02-04,207.7760009765625,241.94000244140625,243.74000549316406,241.5500030517578,242.8800048828125,3052500
2020-02-05,209.80282592773438,244.3000030517578,245.1300048828125,243.0,244.99000549316406,3126600
2020-02-06,207.67300415039062,241.82000732421875,245.77000427246094,241.17999267578125,245.35000610351562,2225600
2020-02-07,204.39239501953125,238.0,240.52000427246094,236.5500030517578,239.75,3006500
2020-02-10,203.8427734375,237.36000061035156,237.8699951171875,235.4600067138672,237.39999389648438,2591300
2020-02-11,203.06985473632812,236.4600067138672,239.5500030517578,236.22000122070312,239.0,2238800
2020-02-12,204.95059204101562,238.64999389648438,241.17999267578125,237.72000122070312,238.00999450683594,2119200
2020-02-13,204.6929473876953,238.35000610351562,238.97000122070312,236.57000732421875,237.85000610351562,1461300
2020-02-14,203.60232543945312,237.0800018310547,239.00999450683594,236.22999572753906,237.94000244140625,1718700
2020-02-18,200.2787628173828,233.2100067138672,237.07000732421875,231.1999969482422,236.5500030517578,2736500
2020-02-19,203.81698608398438,237.3300018310547,237.8000030517578,233.27999877929688,235.0,2207100
2020-02-20,199.86656188964844,232.72999572753906,236.89999389648438,231.25,236.41000366210938,3183700
2020-02-21,198.05450439453125,230.6199951171875,231.8000030517578,228.3699951171875,230.91000366210938,3081600
2020-02-24,192.83306884765625,224.5399932861328,226.69000244140625,222.5399932861328,223.22999572753906,4139400
2020-02-25,186.88160705566406,217.61000061035156,225.8699951171875,215.88999938964844,224.77999877929688,5343100
2020-02-26,185.31004333496094,215.77999877929688,220.0,214.75999450683594,218.6999969482422,4171100
2020-02-27,176.64486694335938,205.69000244140625,213.47999572753906,205.3699951171875,210.49000549316406,5848200
2020-02-28,173.4738311767578,200.77000427246094,202.25,194.85000610351562,199.08999633789062,6727100
2020-03-02,180.99099731445312,209.47000122070312,209.6199951171875,197.6300048828125,201.41000366210938,5285500
2020-03-03,175.77212524414062,203.42999267578125,211.7899932861328,202.1199951171875,209.0,5677200
2020-03-04,180.3602294921875,208.74000549316406,208.9199981689453,202.6999969482422,205.83999633789062,3520400
2020-03-05,171.76303100585938,198.7899932861328,203.47000122070312,196.9499969482422,201.3300018310547,4151500
2020-03-06,166.63059997558594,192.85000610351562,196.3000030517578,189.27999877929688,190.67999267578125,5071900
2020-03-09,149.315185546875,172.80999755859375,179.25,170.16000366210938,173.5800018310547,6443000
2020-03-10,159.28622436523438,184.35000610351562,185.39999389648438,173.2899932861328,181.6199951171875,6803900
2020-03-11,148.52024841308594,171.88999938964844,180.77000427246094,170.97000122070312,178.47999572753906,5314000
2020-03-12,130.19393920898438,150.67999267578125,166.75,150.0,160.0,8357700
2020-03-13,153.08236694335938,177.1699981689453,177.55999755859375,152.35000610351562,162.82000732421875,6368400
2020-03-16,133.63278198242188,154.66000366210938,169.5399932861328,150.0,150.22999572753906,6888000
2020-03-17,137.0976104736328,158.6699981689453,166.74000549316406,150.0,157.0,6876300
2020-03-18,120.98324584960938,140.02000427246094,155.97000122070312,135.41000366210938,150.0,9543200
2020-03-19,129.16567993164062,149.49000549316406,152.49000549316406,130.85000610351562,137.3800048828125,6548200
2020-03-20,119.59211730957031,138.41000366210938,149.19000244140625,138.2899932861328,148.99000549316406,7561300
2020-03-23,116.61981964111328,134.97000122070312,141.94000244140625,133.25999450683594,136.02999877929688,5472600
2020-03-24,132.71693420410156,153.60000610351562,153.89999389648438,143.6300048828125,144.32000732421875,6647400
2020-03-25,134.03890991210938,155.1300048828125,162.2100067138672,145.32000732421875,154.60000610351562,8587800
2020-03-26,143.24961853027344,165.7899932861328,167.66000366210938,154.30999755859375,156.3699951171875,6762200
2020-03-27,136.8125,158.33999633789062,163.72999572753906,157.0,159.0800018310547,4186700
2020-03-30,137.91844177246094,159.6199951171875,160.42999267578125,153.17999267578125,158.52000427246094,4152800
2020-03-31,133.57232666015625,154.58999633789062,161.10000610351562,153.72000122070312,158.1300048828125,3588200
2020-04-01,125.53675079345703,145.2899932861328,149.57000732421875,145.0,146.10000610351562,4689100
2020-04-02,129.5458526611328,149.92999267578125,150.4499969482422,141.6699981689453,143.02000427246094,4446900
2020-04-03,126.95378112792969,146.92999267578125,150.9199981689453,145.22999572753906,149.1999969482422,2801600
2020-04-06,136.7174072265625,158.22999572753906,158.92999267578125,153.77000427246094,155.47000122070312,4689400
2020-04-07,143.44834899902344,166.02000427246094,169.13999938964844,162.4499969482422,166.0,4953500
2020-04-08,152.90097045898438,176.9600067138672,178.10000610351562,168.5500030517578,168.5500030517578,5194800
2020-04-09,159.2084503173828,184.25999450683594,187.3300018310547,179.77000427246094,180.5800018310547,6445800
2020-04-13,154.81912231445312,179.17999267578125,184.97000122070312,179.1300048828125,183.85000610351562,4774300
2020-04-14,153.99826049804688,178.22999572753906,183.3800048828125,174.5399932861328,182.35000610351562,4149600
2020-04-15,154.24887084960938,178.52000427246094,181.67999267578125,169.14999389648438,170.6300048828125,6042700
2020-04-16,152.9700469970703,177.0399932861328,178.44000244140625,172.38999938964844,177.22000122070312,4662200
2020-04-17,158.54318237304688,183.49000549316406,185.27999877929688,178.2899932861328,183.49000549316406,5426700
2020-04-20,155.8732147216797,180.39999389648438,186.32000732421875,178.02000427246094,179.6999969482422,4674800
2020-04-21,150.17921447753906,173.80999755859375,179.1999969482422,173.66000366210938,175.44000244140625,3819000
2020-04-22,152.05419921875,175.97999572753906,178.17999267578125,174.47000122070312,177.5,2314500
2020-04-23,151.25062561035156,175.0500030517578,179.07000732421875,174.4499969482422,177.0,2013300
2020-04-24,152.935546875,177.0,177.9499969482422,173.49000549316406,177.0,2024400
2020-04-27,158.5863494873047,183.5399932861328,184.25,178.72000122070312,179.10000610351562,2743100
2020-04-28,161.58456420898438,187.00999450683594,190.4199981689453,184.8699951171875,189.16000366210938,3344700
2020-04-29,164.19400024414062,190.02999877929688,193.72000122070312,189.57000732421875,192.61000061035156,3086300
2020-04-30,158.48260498046875,183.4199981689453,187.5500030517578,182.89999389648438,186.0,2695400
2020-05-01,153.02195739746094,177.10000610351562,179.60000610351562,176.64999389648438,179.0,2650200
2020-05-04,152.097412109375,176.02999877929688,176.30999755859375,171.72000122070312,175.0,2990100
2020-05-05,154.05877685546875,178.3000030517578,182.60000610351562,178.13999938964844,179.10000610351562,3272600
2020-05-06,152.8663787841797,176.9199981689453,181.1999969482422,175.2100067138672,179.67999267578125,2408700
2020-05-07,157.53221130371094,182.32000732421875,183.3800048828125,179.17999267578125,179.17999267578125,2480100
2020-05-08,160.18482971191406,185.38999938964844,185.91000366210938,182.74000549316406,185.02999877929688,2277500
2020-05-11,158.2580108642578,183.16000366210938,184.85000610351562,181.25999450683594,182.5399932861328,2212200
2020-05-12,153.11697387695312,177.2100067138672,184.3000030517578,176.75,183.88999938964844,3549200
2020-05-13,148.44247436523438,171.8000030517578,176.8800048828125,170.75999450683594,175.66000366210938,3445300
2020-05-14,150.73219299316406,174.4499969482422,174.77999877929688,165.36000061035156,169.0399932861328,4176700
2020-05-15,148.5029754638672,171.8699951171875,174.08999633789062,170.5800018310547,173.47999572753906,2867800
2020-05-18,157.15203857421875,181.8800048828125,183.10000610351562,175.24000549316406,177.7100067138672,4505800
2020-05-19,153.65264892578125,177.8300018310547,182.19000244140625,177.72000122070312,180.55999755859375,2210500
2020-05-20,156.77186584472656,181.44000244140625,183.8300018310547,180.3000030517578,180.9499969482422,2599900
2020-05-21,155.614013671875,180.10000610351562,181.1699981689453,177.67999267578125,180.1999969482422,2153500
2020-05-22,155.46714782714844,179.92999267578125,180.63999938964844,178.05999755859375,180.02999877929688,2176400
2020-05-26,169.40414428710938,196.05999755859375,197.10000610351562,185.22000122070312,185.6300048828125,5971200
2020-05-27,181.15513610839844,209.66000366210938,210.7100067138672,200.00999450683594,203.0,8182100
2020-05-28,173.86264038085938,201.22000122070312,211.30999755859375,201.2100067138672,210.83999633789062,4886100
2020-05-29,170.83692932128906,196.49000549316406,200.9199981689453,194.64999389648438,197.22999572753906,3822600
2020-06-01,173.8278350830078,199.92999267578125,201.77000427246094,195.1199951171875,197.30999755859375,2230800
2020-06-02,177.4881591796875,204.13999938964844,206.5,201.32000732421875,203.77000427246094,4128700
2020-06-03,183.07870483398438,210.57000732421875,211.92999267578125,206.42999267578125,208.49000549316406,3471900
2020-06-04,186.77386474609375,214.82000732421875,214.99000549316406,207.9600067138672,208.7899932861328,3522300
2020-06-05,189.46914672851562,217.9199981689453,222.97999572753906,217.66000366210938,222.0,4737600
2020-06-08,191.98182678222656,220.80999755859375,222.25999450683594,218.24000549316406,220.02000427246094,3260300
2020-06-09,189.62564086914062,218.10000610351562,220.02000427246094,215.16000366210938,215.74000549316406,2478400
2020-06-10,185.64364624023438,213.52000427246094,219.85000610351562,212.8000030517578,217.38999938964844,3091200
2020-06-11,168.7850799560547,194.1300048828125,206.89999389648438,194.02000427246094,204.6999969482422,4923400
2020-06-12,175.4363250732422,201.77999877929688,202.94000244140625,196.2100067138672,200.6199951171875,3380800
2020-06-15,179.3748779296875,206.30999755859375,206.99000549316406,195.14999389648438,195.72999572753906,3467400
2020-06-16,182.2266387939453,209.58999633789062,214.97999572753906,203.72999572753906,214.97999572753906,3099100
2020-06-17,179.27059936523438,206.19000244140625,210.7899932861328,205.44000244140625,210.0,1798300
2020-06-18,177.22735595703125,203.83999633789062,207.25999450683594,202.6699981689453,203.99000549316406,2051700
2020-06-19,175.30589294433594,201.6300048828125,207.4199981689453,200.97000122070312,207.0500030517578,4962400
2020-06-22,176.86219787597656,203.4199981689453,204.5800018310547,200.0,200.99000549316406,1806900
2020-06-23,178.04466247558594,204.77999877929688,207.50999450683594,203.63999938964844,206.5,2451800
2020-06-24,172.1671905517578,198.02000427246094,202.61000061035156,197.3800048828125,202.33999633789062,2756700
2020-06-25,180.06175231933594,207.10000610351562,207.38999938964844,197.61000061035156,197.86000061035156,3466500
2020-06-26,164.4900360107422,189.19000244140625,200.24000549316406,188.50999450683594,199.0,9530700
2020-06-29,168.21127319335938,193.47000122070312,193.89999389648438,188.66000366210938,191.3800048828125,3736000
2020-06-30,171.81942749023438,197.6199951171875,198.41000366210938,193.6199951171875,193.83999633789062,3102800
2020-07-01,171.77593994140625,197.57000732421875,199.74000549316406,195.52000427246094,198.8800048828125,2620100
2020-07-02,171.628173828125,197.39999389648438,203.0,197.1300048828125,202.5,2699400
2020-07-06,180.2877960205078,207.36000061035156,207.7899932861328,201.1300048828125,201.33999633789062,3567700
2020-07-07,173.332275390625,199.36000061035156,205.7100067138672,199.19000244140625,205.5,2853500
2020-07-08,175.844970703125,202.25,203.25,199.02000427246094,199.5399932861328,2789700
2020-07-09,171.132568359375,196.8300018310547,202.5,195.0,202.11000061035156,3160100
2020-07-10,178.72280883789062,205.55999755859375,206.32000732421875,196.8300018310547,196.8699951171875,4414800
2020-07-13,181.60934448242188,208.8800048828125,212.97999572753906,207.0,209.0,4449600
2020-07-14,186.06959533691406,214.00999450683594,214.3000030517578,207.00999450683594,211.42999267578125,5202000
2020-07-15,188.58229064941406,216.89999389648438,225.24000549316406,214.69000244140625,224.3699951171875,12516700
2020-07-16,186.6434326171875,214.6699981689453,220.4600067138672,213.5,213.50999450683594,5769600
2020-07-17,183.80906677246094,211.41000366210938,215.1699981689453,211.25,214.89999389648438,3614300
2020-07-20,184.06985473632812,211.7100067138672,213.1699981689453,210.25,210.72999572753906,2268700
2020-07-21,184.33944702148438,212.02000427246094,213.80999755859375,210.38999938964844,212.25,3393500
2020-07-22,179.1053466796875,206.0,211.0,205.35000610351562,210.5,4978400
2020-07-23,176.5144500732422,203.02000427246094,206.02000427246094,202.0500030517578,205.10000610351562,4088600
2020-07-24,175.16680908203125,201.47000122070312,204.92999267578125,201.32000732421875,203.0,3191500
2020-07-27,176.5144500732422,203.02000427246094,204.17999267578125,199.58999633789062,200.10000610351562,2601200
2020-07-28,175.29718017578125,201.6199951171875,203.60000610351562,201.08999633789062,201.91000366210938,2139600
2020-07-29,176.13186645507812,202.5800018310547,203.88999938964844,199.6199951171875,201.6999969482422,2635000
2020-07-30,173.4800567626953,199.52999877929688,199.99000549316406,196.3000030517578,199.5,3057900
2020-07-31,172.1150360107422,197.9600067138672,199.83999633789062,196.50999450683594,199.83999633789062,2399700
2020-08-03,173.35833740234375,199.38999938964844,199.8800048828125,196.52999877929688,198.49000549316406,2294600
2020-08-04,175.31460571289062,201.63999938964844,201.72000122070312,198.47999572753906,199.35000610351562,1944700
2020-08-05,177.818603515625,204.52000427246094,204.80999755859375,203.00999450683594,203.1699981689453,2232400
2020-08-06,177.58383178710938,204.25,206.2899932861328,203.8300018310547,205.0,1882400
2020-08-07,181.07901000976562,208.27000427246094,208.8000030517578,202.4499969482422,203.47999572753906,3075000
2020-08-10,182.04409790039062,209.3800048828125,210.63999938964844,208.0399932861328,209.58999633789062,2432800
2020-08-11,183.50474548339844,211.05999755859375,216.9499969482422,210.52999877929688,212.72000122070312,4042700
2020-08-12,184.43507385253906,212.1300048828125,215.9499969482422,209.27000427246094,214.6999969482422,2439400
2020-08-13,181.1833038330078,208.38999938964844,212.1999969482422,207.69000244140625,210.41000366210938,2219900
2020-08-14,180.8181915283203,207.97000122070312,209.47999572753906,206.61000061035156,207.4600067138672,2287600
2020-08-17,176.55787658691406,203.07000732421875,207.85000610351562,202.52999877929688,207.0,3922600
2020-08-18,175.0276641845703,201.30999755859375,203.5800018310547,201.10000610351562,203.4499969482422,3067900
2020-08-19,176.5144500732422,203.02000427246094,206.10000610351562,201.77000427246094,202.39999389648438,2458500
2020-08-20,175.49716186523438,201.85000610351562,203.27999877929688,200.33999633789062,200.75999450683594,1764200
2020-08-21,176.0014190673828,202.42999267578125,203.35000610351562,199.82000732421875,200.11000061035156,1780900
2020-08-24,180.27041625976562,207.33999633789062,207.42999267578125,201.32000732421875,203.11000061035156,3097400
2020-08-25,179.1053466796875,206.0,210.49000549316406,205.1699981689453,209.99000549316406,2627600
2020-08-26,180.1660919189453,207.22000122070312,207.27999877929688,205.02999877929688,205.88999938964844,2563200
2020-08-27,182.71356201171875,210.14999389648438,213.0,206.41000366210938,206.67999267578125,3692400
2020-08-28,180.5920867919922,207.7100067138672,212.0,207.08999633789062,211.88999938964844,3697400
2020-08-31,179.20132446289062,204.8699951171875,206.41000366210938,203.6300048828125,205.5,3046200
2020-09-01,179.71742248535156,205.4600067138672,206.7100067138672,203.00999450683594,203.60000610351562,2457000
2020-09-02,183.7235565185547,210.0399932861328,210.92999267578125,205.3699951171875,205.7899932861328,3565200
2020-09-03,181.5542755126953,207.55999755859375,215.22999572753906,205.8300018310547,211.75,3533500
2020-09-04,184.5108184814453,210.94000244140625,213.35000610351562,205.32000732421875,210.88999938964844,3668900
2020-09-08,177.11080932617188,202.47999572753906,209.9600067138672,201.27000427246094,209.50999450683594,4574700
2020-09-09,176.8833465576172,202.22000122070312,204.8300018310547,202.02999877929688,204.19000244140625,4681400
2020-09-10,174.9502716064453,200.00999450683594,205.35000610351562,199.5500030517578,203.72999572753906,2510300
2020-09-11,175.74623107910156,200.9199981689453,201.91000366210938,198.9499969482422,200.24000549316406,2376400
2020-09-14,176.11355590820312,201.33999633789062,203.3000030517578,200.6699981689453,203.3000030517578,2756900
2020-09-15,173.19207763671875,198.0,202.58999633789062,197.97999572753906,202.0,3717600
2020-09-16,175.53628540039062,200.67999267578125,203.8000030517578,198.07000732421875,198.49000549316406,3571400
2020-09-17,170.41925048828125,194.8300018310547,199.88999938964844,194.50999450683594,198.2100067138672,4274800
2020-09-18,170.44554138183594,194.86000061035156,196.64999389648438,192.3800048828125,195.00999450683594,9066300
2020-09-21,169.69326782226562,194.0,194.1699981689453,187.47000122070312,189.89999389648438,4871300
2020-09-22,167.61143493652344,191.6199951171875,196.13999938964844,188.42999267578125,194.0,3355800
2020-09-23,162.8006134033203,186.1199951171875,192.9199981689453,185.8699951171875,192.0,3116100
2020-09-24,170.6641387939453,195.11000061035156,197.4600067138672,187.0500030517578,188.97999572753906,5114600
2020-09-25,170.52423095703125,194.9499969482422,195.38999938964844,189.61000061035156,192.9600067138672,3106000
2020-09-28,174.1280517578125,199.07000732421875,201.8699951171875,197.14999389648438,197.77999877929688,3280100
2020-09-29,172.1336669921875,196.7899932861328,198.77000427246094,195.42999267578125,198.16000366210938,2400000
2020-09-30,175.7899627685547,200.97000122070312,203.0800018310547,198.36000061035156,198.67999267578125,3075800
2020-10-01,173.6731719970703,198.5500030517578,203.1300048828125,197.8699951171875,201.52999877929688,2288700
2020-10-02,174.85401916503906,199.89999389648438,200.6999969482422,195.2899932861328,195.33999633789062,2541200
2020-10-05,176.51597595214844,201.8000030517578,202.83999633789062,199.58999633789062,201.92999267578125,2551600
2020-10-06,175.8949432373047,201.08999633789062,206.08999633789062,199.89999389648438,204.25,2833100
2020-10-07,178.09043884277344,203.60000610351562,205.0,201.1699981689453,203.89999389648438,2326600
2020-10-08,181.9216766357422,207.97999572753906,208.16000366210938,204.11000061035156,205.14999389648438,2330600
2020-10-09,181.53680419921875,207.5399932861328,209.80999755859375,206.07000732421875,208.75999450683594,3040900
2020-10-12,187.2923583984375,214.1199951171875,214.88999938964844,207.41000366210938,207.41000366210938,3474200
2020-10-13,184.3970947265625,210.80999755859375,214.11000061035156,209.17999267578125,214.00999450683594,3317300
2020-10-14,184.76449584960938,211.22999572753906,214.4499969482422,210.27000427246094,213.8800048828125,7550100
2020-10-15,182.46400451660156,208.60000610351562,210.72999572753906,206.89999389648438,209.5800018310547,4325700
2020-10-16,180.37344360351562,206.2100067138672,210.0,205.80999755859375,208.32000732421875,3244500
2020-10-19,179.9185791015625,205.69000244140625,207.91000366210938,204.58999633789062,207.38999938964844,3235300
2020-10-20,181.9654083251953,208.02999877929688,211.3800048828125,206.47000122070312,206.6999969482422,3335500
2020-10-21,177.4868927001953,202.91000366210938,207.9499969482422,202.00999450683594,207.38999938964844,3083600
2020-10-22,179.66493225097656,205.39999389648438,206.3699951171875,202.1999969482422,203.1999969482422,2136900
2020-10-23,179.3500213623047,205.0399932861328,208.2100067138672,204.02000427246094,206.75999450683594,2110200
2020-10-26,175.9386444091797,201.13999938964844,202.80999755859375,198.50999450683594,202.49000549316406,3249700
2020-10-27,171.1627655029297,195.67999267578125,200.58999633789062,195.41000366210938,200.0,3430400
2020-10-28,165.99322509765625,189.77000427246094,193.3699951171875,188.94000244140625,191.30999755859375,4214600
2020-10-29,166.14198303222656,189.94000244140625,192.35000610351562,186.89999389648438,189.8000030517578,3581200
2020-10-30,165.35470581054688,189.0399932861328,190.39999389648438,185.52000427246094,189.50999450683594,3658800
2020-11-02,166.36936950683594,190.1999969482422,192.6999969482422,188.22999572753906,192.0,2459600
2020-11-03,173.13084411621094,197.92999267578125,199.0,193.22000122070312,193.94000244140625,4545500
2020-11-04,173.07833862304688,197.8699951171875,200.82000732421875,194.89999389648438,196.25,3868500
2020-11-05,177.5306396484375,202.9600067138672,204.1199951171875,199.05999755859375,199.64999389648438,2892800
2020-11-06,176.04364013671875,201.25999450683594,204.38999938964844,200.4199981689453,204.33999633789062,2475100
2020-11-09,188.0009002685547,214.92999267578125,218.0,209.3699951171875,214.49000549316406,6960500
2020-11-10,190.22265625,217.47000122070312,218.3800048828125,211.17999267578125,215.25,4166500
2020-11-11,190.72996520996094,218.0500030517578,219.9199981689453,215.02999877929688,218.63999938964844,2680700
2020-11-12,187.63348388671875,214.50999450683594,216.86000061035156,212.39999389648438,215.22000122070312,3005500
2020-11-13,191.63092041015625,219.0800018310547,220.9600067138672,215.41000366210938,215.85000610351562,2832100
2020-11-16,194.5174560546875,222.3800048828125,224.60000610351562,220.02999877929688,223.52999877929688,3004700
2020-11-17,196.50303649902344,224.64999389648438,224.85000610351562,218.3300018310547,220.02000427246094,2722900
2020-11-18,196.19688415527344,224.3000030517578,227.72000122070312,223.50999450683594,225.0,2856200
2020-11-19,196.43304443359375,224.57000732421875,224.94000244140625,222.11000061035156,224.3000030517578,1505200
2020-11-20,195.36593627929688,223.35000610351562,224.80999755859375,222.6300048828125,223.0,1848100
2020-11-23,200.1593017578125,228.8300018310547,230.0,225.72999572753906,226.05999755859375,3371300
2020-11-24,207.74302673339844,237.5,238.1199951171875,230.6300048828125,231.10000610351562,3915200
2020-11-25,206.9033203125,236.5399932861328,237.4499969482422,232.42999267578125,235.0,2272800
2020-11-27,205.90614318847656,235.39999389648438,237.3000030517578,233.7899932861328,237.0,1050400
2020-11-30,201.6900177001953,230.5800018310547,235.0,230.36000061035156,232.0500030517578,2705400
2020-12-01,204.10861206054688,232.0800018310547,234.8699951171875,231.35000610351562,231.9600067138672,2577600
2020-12-02,209.0072784423828,237.64999389648438,238.1300048828125,231.5800018310547,232.0800018310547,2136300
2020-12-03,207.0900421142578,235.47000122070312,238.85000610351562,234.63999938964844,237.2899932861328,2142600
2020-12-04,210.70469665527344,239.5800018310547,239.75,236.9499969482422,237.6999969482422,2373000
2020-12-07,209.71084594726562,238.4499969482422,239.85000610351562,235.4499969482422,238.5399932861328,1788600
2020-12-08,210.0538787841797,238.83999633789062,239.19000244140625,236.5800018310547,237.00999450683594,1371800
2020-12-09,213.55416870117188,242.82000732421875,245.36000061035156,239.52999877929688,240.0,3552300
2020-12-10,214.9437713623047,244.39999389648438,245.17999267578125,239.50999450683594,240.0,2541700
2020-12-11,211.0652618408203,239.99000549316406,241.1999969482422,237.10000610351562,240.80999755859375,2077300
2020-12-14,209.1304168701172,237.7899932861328,243.5,237.38999938964844,243.27999877929688,1927800
2020-12-15,213.21115112304688,242.42999267578125,243.61000061035156,237.19000244140625,239.5,2348000
2020-12-16,214.38970947265625,243.77000427246094,243.89999389648438,241.1199951171875,243.55999755859375,2400900
2020-12-17,214.97012329101562,244.42999267578125,245.92999267578125,243.0,245.0,2983600
2020-12-18,212.94737243652344,242.1300048828125,245.38999938964844,240.55999755859375,245.38999938964844,4088100
2020-12-21,226.00755310058594,256.9800109863281,260.8500061035156,248.75999450683594,250.2899932861328,7408500
2020-12-22,219.9479522705078,250.08999633789062,257.70001220703125,249.8000030517578,256.8599853515625,3599800
2020-12-23,225.5414581298828,256.45001220703125,260.5799865722656,251.3000030517578,251.5,3376100
2020-12-24,225.286376953125,256.1600036621094,257.6199951171875,253.75,257.0400085449219,968100
2020-12-28,228.30296325683594,259.5899963378906,262.6499938964844,257.0,257.80999755859375,2793400
2020-12-29,226.9134521484375,258.010009765625,260.8599853515625,256.5,260.260009765625,1430900
2020-12-30,228.17984008789062,259.45001220703125,260.6499938964844,257.8299865722656,258.80999755859375,1566500
2020-12-31,231.9263916015625,263.7099914550781,263.92999267578125,258.0,258.79998779296875,2043100
2021-01-04,233.0609588623047,265.0,267.5799865722656,260.1600036621094,267.0,3572000
2021-01-05,238.2761993408203,270.92999267578125,273.5,262.57000732421875,263.8800048828125,4207100
2021-01-06,251.1341552734375,285.54998779296875,288.3800048828125,273.1000061035156,276.2900085449219,6383500
2021-01-07,256.49884033203125,291.6499938964844,295.8900146484375,286.67999267578125,287.7699890136719,4009700
2021-01-08,255.11814880371094,290.0799865722656,292.2799987792969,285.05999755859375,292.0,2800800
2021-01-11,258.4162292480469,293.8299865722656,295.0,284.20001220703125,286.79998779296875,2649700
2021-01-12,265.7862243652344,302.2099914550781,303.9800109863281,296.0199890136719,297.1400146484375,4814400
2021-01-13,266.4282531738281,302.94000244140625,303.7200012207031,299.1000061035156,300.0799865722656,2413800
2021-01-14,270.7639465332031,307.8699951171875,309.4100036621094,303.5400085449219,304.04998779296875,3192200
2021-01-15,264.7308349609375,301.010009765625,304.8599853515625,296.8800048828125,301.19000244140625,3863700
2021-01-19,258.7416076660156,294.20001220703125,306.6000061035156,293.79998779296875,305.0,6727800
2021-01-20,255.461181640625,290.4700012207031,297.45001220703125,287.4800109863281,295.82000732421875,4792600
2021-01-21,254.49380493164062,289.3699951171875,292.739990234375,288.5299987792969,290.45001220703125,2516000
2021-01-22,254.5113525390625,289.3900146484375,290.5899963378906,285.5,286.69000244140625,2568800
2021-01-25,248.9266815185547,283.0400085449219,286.3500061035156,277.5,285.5299987792969,4575000
2021-01-26,247.80093383789062,281.760009765625,285.7699890136719,280.0799865722656,283.92999267578125,3296800
2021-01-27,240.38690185546875,273.3299865722656,277.3699951171875,271.32000732421875,276.0,3891800
2021-01-28,241.8732147216797,275.0199890136719,279.8299865722656,271.3299865722656,274.6099853515625,3778700
2021-01-29,238.48733520507812,271.1700134277344,277.3999938964844,270.6199951171875,274.2699890136719,3412000
2021-02-01,241.6182403564453,274.7300109863281,276.79998779296875,272.0,272.6600036621094,2324100
2021-02-02,252.38299560546875,286.9700012207031,288.25,278.0,278.32000732421875,5195500
2021-02-03,253.77256774902344,288.54998779296875,289.80999755859375,285.17999267578125,286.6099853515625,2712800
2021-02-04,258.3458557128906,293.75,295.8299865722656,289.5199890136719,290.0,2994700
2021-02-05,258.12591552734375,293.5,297.239990234375,292.19000244140625,295.0,2938100
2021-02-08,263.9744567871094,300.1499938964844,300.8900146484375,294.5,295.0,2826200
2021-02-09,264.24713134765625,300.4599914550781,302.45001220703125,297.70001220703125,299.6000061035156,2071700
2021-02-10,267.6067199707031,304.2799987792969,305.17999267578125,297.75,300.0,3213700
2021-02-11,265.8829040527344,302.32000732421875,305.010009765625,299.1700134277344,303.9800109863281,2159900
2021-02-12,269.40087890625,306.32000732421875,306.70001220703125,301.7699890136719,301.989990234375,1977300
2021-02-16,274.3610534667969,311.9599914550781,312.9200134277344,309.2200012207031,310.0,2792200
2021-02-17,275.0470275878906,312.739990234375,314.9800109863281,308.760009765625,310.0299987792969,2333100
2021-02-18,272.5494384765625,309.8999938964844,314.5,307.5799865722656,309.2200012207031,2093300
2021-02-19,277.5799865722656,315.6199951171875,316.7799987792969,310.2300109863281,310.2300109863281,2749500
2021-02-22,278.6792907714844,316.8699951171875,320.55999755859375,312.2099914550781,313.0,3162300
2021-02-23,280.73724365234375,319.2099914550781,320.0,310.5799865722656,317.9800109863281,2942500
2021-02-24,290.78973388671875,330.6400146484375,330.9700012207031,320.1000061035156,320.1700134277344,3934400
2021-02-25,288.25689697265625,327.760009765625,335.80999755859375,326.2900085449219,333.3299865722656,4244000
2021-02-26,280.9747009277344,319.4800109863281,328.67999267578125,319.0400085449219,325.7699890136719,3732200
2021-03-01,291.2962646484375,329.9200134277344,331.0400085449219,323.30999755859375,325.0,2957800
2021-03-02,292.1968078613281,330.94000244140625,336.19000244140625,329.510009765625,330.0,2850300
2021-03-03,295.2781982421875,334.42999267578125,340.1000061035156,333.25,333.67999267578125,3606300
2021-03-04,290.7399597167969,329.2900085449219,339.760009765625,323.9200134277344,333.1300048828125,3647600
2021-03-05,289.0447998046875,327.3699951171875,335.5799865722656,316.4599914550781,335.5799865722656,3740200
2021-03-08,295.0663757324219,334.19000244140625,337.5899963378906,329.1000061035156,331.3599853515625,2998000
2021-03-09,291.88775634765625,330.5899963378906,336.3900146484375,325.57000732421875,328.6199951171875,3324800
2021-03-10,301.9796142578125,342.0199890136719,342.3999938964844,331.5299987792969,332.07000732421875,3153100
2021-03-11,302.05029296875,342.1000061035156,345.0,336.4599914550781,338.6600036621094,2756600
2021-03-12,307.97479248046875,348.80999755859375,350.0,343.6400146484375,345.2200012207031,2436700
2021-03-15,305.537841796875,346.04998779296875,352.4200134277344,342.0,349.44000244140625,2276200
2021-03-16,301.70587158203125,341.7099914550781,346.8999938964844,337.75,345.2799987792969,2332600
2021-03-17,304.5666198730469,344.95001220703125,347.0299987792969,340.3999938964844,344.6199951171875,2710900
2021-03-18,307.2596435546875,348.0,356.8500061035156,346.989990234375,350.75,3713000
2021-03-19,303.9044189453125,344.20001220703125,347.239990234375,340.6300048828125,346.4200134277344,3513000
2021-03-22,299.60455322265625,339.3299865722656,342.8800048828125,336.0,341.05999755859375,2094500
2021-03-23,292.92962646484375,331.7699890136719,341.8900146484375,331.3299865722656,337.6199951171875,2457500
2021-03-24,290.1748962402344,328.6499938964844,336.94000244140625,328.44000244140625,333.4200134277344,3332200
2021-03-25,291.8524475097656,330.54998779296875,331.3900146484375,321.9200134277344,327.3500061035156,2804700
2021-03-26,289.06243896484375,327.3900146484375,335.45001220703125,322.69000244140625,334.510009765625,3082600
2021-03-29,287.5966796875,325.7300109863281,327.760009765625,317.7200012207031,320.3500061035156,4533200
2021-03-30,293.1415710449219,332.010009765625,335.75,328.8500061035156,329.4100036621094,2717300
2021-03-31,288.718017578125,327.0,332.6499938964844,325.44000244140625,330.2300109863281,2624500
2021-04-01,289.28314208984375,327.6400146484375,329.6600036621094,324.1600036621094,324.29998779296875,2659000
2021-04-05,285.66314697265625,323.5400085449219,332.8500061035156,323.04998779296875,332.8500061035156,3235000
2021-04-06,288.7710266113281,327.05999755859375,328.5400085449219,324.0,324.489990234375,1801700
2021-04-07,288.3206787109375,326.54998779296875,329.20001220703125,323.3500061035156,327.70001220703125,2157300
2021-04-08,292.3733825683594,331.1400146484375,331.489990234375,322.9700012207031,324.2900085449219,2402800
2021-04-09,292.0820007324219,330.80999755859375,334.8999938964844,328.7900085449219,334.0,2347100
2021-04-12,292.9914245605469,331.8399963378906,334.4800109863281,329.94000244140625,332.6700134277344,2318800
2021-04-13,289.31842041015625,327.67999267578125,330.04998779296875,324.17999267578125,329.510009765625,3575900
2021-04-14,296.09051513671875,335.3500061035156,344.4700012207031,326.1499938964844,328.54998779296875,9876800
2021-04-15,298.9158630371094,338.54998779296875,341.3500061035156,334.5400085449219,338.8999938964844,4354800
2021-04-16,302.2356872558594,342.30999755859375,343.739990234375,338.6199951171875,340.2900085449219,4231900
2021-04-19,302.9244384765625,343.0899963378906,344.42999267578125,336.6000061035156,340.0,3228200
2021-04-20,293.0267639160156,331.8800048828125,340.4700012207031,329.3500061035156,339.9700012207031,3662300
2021-04-21,296.0198669433594,335.2699890136719,335.4700012207031,327.55999755859375,330.0,2733300
2021-04-22,292.1173400878906,330.8500061035156,336.9700012207031,330.2900085449219,334.6199951171875,2165200
2021-04-23,299.6221923828125,339.3500061035156,340.6700134277344,330.7200012207031,331.25,2163800
2021-04-26,303.3040466308594,343.5199890136719,345.8999938964844,340.8900146484375,341.94000244140625,2171500
2021-04-27,306.0499267578125,346.6300048828125,347.54998779296875,343.6600036621094,344.0,2088600
2021-04-28,307.356689453125,348.1099853515625,350.1199951171875,346.0899963378906,348.0,2140900
2021-04-29,311.647705078125,352.9700012207031,353.8299865722656,347.4800109863281,350.54998779296875,2584400
2021-04-30,307.6568908691406,348.45001220703125,352.82000732421875,347.20001220703125,351.1199951171875,2101100
2021-05-03,309.166748046875,350.1600036621094,354.05999755859375,349.260009765625,350.3399963378906,1871700
2021-05-04,308.8841247558594,349.8399963378906,351.7799987792969,342.57000732421875,348.8999938964844,2831400
2021-05-05,315.7533874511719,357.6199951171875,359.1400146484375,348.54998779296875,352.0,2786800
2021-05-06,323.1258850097656,365.9700012207031,366.29998779296875,356.5,359.7699890136719,3048700
2021-05-07,327.4698791503906,370.8900146484375,371.6499938964844,360.92999267578125,362.29998779296875,3378100
2021-05-10,325.5185852050781,368.67999267578125,376.9800109863281,368.5,373.5,3396300
2021-05-11,317.78411865234375,359.9200134277344,368.6300048828125,358.6199951171875,363.0,3734300
2021-05-12,312.9103088378906,354.3999938964844,368.1300048828125,353.2699890136719,363.07000732421875,3309800
2021-05-13,316.8040466308594,358.80999755859375,360.8900146484375,353.25,353.25,2673900
2021-05-14,325.5980224609375,368.7699890136719,369.510009765625,361.70001220703125,362.0,2732300
2021-05-17,326.02178955078125,369.25,370.70001220703125,364.5,367.7799987792969,1826100
2021-05-18,321.880859375,364.55999755859375,373.0799865722656,364.0,371.3800048828125,2018600
2021-05-19,316.4244079589844,358.3800048828125,360.0,353.92999267578125,360.0,3696000
2021-05-20,317.66046142578125,359.7799987792969,361.95001220703125,353.3500061035156,358.9800109863281,1919600
2021-05-21,323.3819274902344,366.260009765625,367.1400146484375,360.510009765625,361.489990234375,2657500
2021-05-24,325.1741943359375,368.2900085449219,369.7200012207031,365.510009765625,367.32000732421875,1834300
2021-05-25,321.83673095703125,364.510009765625,373.7699890136719,364.0899963378906,369.9100036621094,2631000
2021-05-26,324.3883972167969,367.3999938964844,368.7900085449219,361.9100036621094,365.0,2121200
2021-05-27,327.89361572265625,371.3699951171875,373.54998779296875,367.29998779296875,371.3299865722656,3897000
2021-05-28,329.57684326171875,372.0199890136719,373.07000732421875,368.260009765625,372.0,2169700
2021-06-01,338.80804443359375,382.44000244140625,383.3599853515625,376.30999755859375,377.70001220703125,3644000
2021-06-02,339.6940612792969,383.44000244140625,384.6700134277344,379.3699951171875,383.3299865722656,2809700
2021-06-03,344.3716125488281,388.7200012207031,391.25,380.1300048828125,382.25,3003900
2021-06-04,346.7902526855469,391.45001220703125,392.04998779296875,386.32000732421875,389.67999267578125,2514100
2021-06-07,343.8755187988281,388.1600036621094,393.260009765625,387.54998779296875,393.0,2188700
2021-06-08,340.8102722167969,384.70001220703125,386.4800109863281,382.2200012207031,385.7900085449219,2452600
2021-06-09,339.1092834472656,382.7799987792969,384.2699890136719,378.8800048828125,383.1600036621094,2025900
2021-06-10,331.2778015136719,373.94000244140625,389.6400146484375,372.3500061035156,389.6400146484375,3900800
2021-06-11,334.91888427734375,378.04998779296875,378.75,375.1099853515625,375.70001220703125,2117300
2021-06-14,330.37420654296875,372.9200134277344,378.75,370.70001220703125,377.42999267578125,2560500
2021-06-15,328.9390563964844,371.29998779296875,374.8399963378906,367.1600036621094,373.5,2302900
2021-06-16,328.6731872558594,371.0,374.0799865722656,365.25,370.989990234375,3264200
2021-06-17,320.257080078125,361.5,373.5199890136719,356.54998779296875,373.5199890136719,4146300
2021-06-18,309.0325622558594,348.8299865722656,358.3800048828125,348.1300048828125,356.5199890136719,6290100
2021-06-21,316.7489318847656,357.5400085449219,357.9700012207031,351.0400085449219,352.8900146484375,2717300
2021-06-22,316.7399597167969,357.5299987792969,359.8800048828125,352.6400146484375,357.0,1870800
2021-06-23,319.85845947265625,361.04998779296875,362.4800109863281,357.6600036621094,358.7900085449219,1713100
2021-06-24,326.679931640625,368.75,370.8800048828125,362.7799987792969,363.0,2716600
2021-06-25,326.6976318359375,368.7699890136719,371.1499938964844,364.5400085449219,368.82000732421875,2782400
2021-06-28,326.6444396972656,368.7099914550781,368.8699951171875,363.8599853515625,367.79998779296875,1833400
2021-06-29,330.1084289550781,372.6199951171875,378.0899963378906,370.75,374.8599853515625,2365900
2021-06-30,336.2300109863281,379.5299987792969,380.1099853515625,370.8999938964844,370.8999938964844,2238400
2021-07-01,332.2079772949219,374.989990234375,381.6400146484375,374.1499938964844,380.70001220703125,2571000
2021-07-02,331.4727478027344,374.1600036621094,376.6000061035156,372.4200134277344,376.30999755859375,1598900
2021-07-06,327.6632995605469,369.8599853515625,373.6300048828125,365.4100036621094,373.2300109863281,2162900
2021-07-07,325.7231750488281,367.6700134277344,370.0899963378906,362.17999267578125,367.5,2012800
2021-07-08,317.9892272949219,358.94000244140625,362.8900146484375,355.5899963378906,359.69000244140625,2940500
2021-07-09,329.3465576171875,371.760009765625,372.1499938964844,364.95001220703125,366.0,2641800
2021-07-12,337.08941650390625,380.5,384.0,367.3299865722656,370.30999755859375,4135900
2021-07-13,333.0851135253906,375.9800109863281,385.3299865722656,372.010009765625,381.05999755859375,6466800
2021-07-14,331.68536376953125,374.3999938964844,381.7699890136719,371.3900146484375,378.75,3295700
2021-07-15,330.7552185058594,373.3500061035156,378.75,370.57000732421875,371.239990234375,2183900
2021-07-16,323.1806335449219,364.79998779296875,374.92999267578125,363.8299865722656,374.92999267578125,2583300
2021-07-19,314.25054931640625,354.7200012207031,355.19000244140625,349.0,354.0,4394600
2021-07-20,323.1451416015625,364.760009765625,367.30999755859375,351.5400085449219,352.2699890136719,2937900
2021-07-21,330.8880310058594,373.5,374.8999938964844,367.92999267578125,368.0400085449219,2398800
2021-07-22,330.1881103515625,372.7099914550781,373.69000244140625,368.45001220703125,372.29998779296875,1887100
2021-07-23,331.3752136230469,374.04998779296875,378.0,371.3800048828125,374.5899963378906,1706900
2021-07-26,333.01422119140625,375.8999938964844,376.67999267578125,373.1099853515625,373.17999267578125,1559100
2021-07-27,332.0751037597656,374.8399963378906,375.1400146484375,369.2200012207031,372.5,1791800
2021-07-28,331.53472900390625,374.2300109863281,377.44000244140625,372.3399963378906,375.80999755859375,1668900
2021-07-29,334.4759826660156,377.54998779296875,379.510009765625,374.80999755859375,377.0299987792969,1296600
2021-07-30,332.1106262207031,374.8800048828125,379.95001220703125,373.05999755859375,376.57000732421875,1474900
2021-08-02,335.04296875,378.19000244140625,386.92999267578125,375.75,376.1700134277344,2383200
2021-08-03,336.96539306640625,380.3599853515625,381.30999755859375,371.7699890136719,380.25,1494600
2021-08-04,334.7505798339844,377.8599853515625,382.6499938964844,375.760009765625,378.4800109863281,1460500
2021-08-05,340.45587158203125,384.29998779296875,384.30999755859375,379.95001220703125,380.1499938964844,1583800
2021-08-06,352.4954833984375,397.8900146484375,398.8599853515625,388.6400146484375,388.8800048828125,3655800
2021-08-09,354.2583312988281,399.8800048828125,404.6000061035156,393.5799865722656,396.5899963378906,3319100
2021-08-10,361.4254150390625,407.9700012207031,410.6300048828125,399.5,400.1199951171875,3152300
2021-08-11,366.6700134277344,413.8900146484375,414.67999267578125,407.05999755859375,408.79998779296875,3000500
2021-08-12,367.65338134765625,415.0,418.6199951171875,410.55999755859375,414.3800048828125,2312800
2021-08-13,363.9148254394531,410.7799987792969,416.8900146484375,408.17999267578125,416.0,1980000
2021-08-16,361.7620849609375,408.3500061035156,408.989990234375,402.1499938964844,408.989990234375,1590700
2021-08-17,358.76763916015625,404.9700012207031,408.3500061035156,400.20001220703125,403.8399963378906,2077400
2021-08-18,353.301513671875,398.79998779296875,406.1099853515625,398.5899963378906,402.6000061035156,2187800
2021-08-19,348.6683349609375,393.57000732421875,397.7300109863281,390.9100036621094,394.6000061035156,2241500
2021-08-20,350.70587158203125,395.8699951171875,396.45001220703125,391.0,391.489990234375,1612100
2021-08-23,355.6492919921875,401.45001220703125,404.1000061035156,399.0,401.8900146484375,1857600
2021-08-24,361.9481201171875,408.55999755859375,409.6600036621094,402.70001220703125,403.5899963378906,1958400
2021-08-25,365.98779296875,413.1199951171875,416.67999267578125,408.94000244140625,409.8999938964844,1845300
2021-08-26,365.35888671875,412.4100036621094,420.7300109863281,411.1600036621094,415.8800048828125,2076500
2021-08-27,371.8083190917969,419.69000244140625,419.8500061035156,412.5,412.7799987792969,2174500
2021-08-30,366.4131774902344,413.6000061035156,420.760009765625,412.7200012207031,419.95001220703125,2089400
2021-08-31,368.1134338378906,413.510009765625,414.8599853515625,408.760009765625,412.1099853515625,1958100
2021-09-01,368.24700927734375,413.6600036621094,416.1099853515625,410.30999755859375,413.1600036621094,1680400
2021-09-02,368.9946594238281,414.5,417.5799865722656,412.6400146484375,415.1099853515625,1830400
2021-09-03,366.1549377441406,411.30999755859375,415.1199951171875,410.6000061035156,414.0,1373600
2021-09-07,365.2736511230469,410.32000732421875,414.7300109863281,409.6400146484375,411.0,1557000
2021-09-08,360.5376281738281,405.0,410.9800109863281,404.70001220703125,409.2200012207031,1646200
2021-09-09,360.163818359375,404.5799865722656,408.8800048828125,403.510009765625,404.6700134277344,2424600
2021-09-10,359.1845703125,403.4800109863281,409.7900085449219,403.1600036621094,408.0,1956000
2021-09-13,364.3299560546875,409.260009765625,409.3699951171875,403.79998779296875,407.4100036621094,1802800
2021-09-14,359.3714904785156,403.69000244140625,417.010009765625,402.7799987792969,410.29998779296875,3263200
2021-09-15,357.822509765625,401.95001220703125,403.6099853515625,396.2099914550781,398.0,3199800
2021-09-16,353.131103515625,396.67999267578125,405.9800109863281,394.8900146484375,404.5199890136719,2882900
2021-09-17,348.484130859375,391.4599914550781,399.1600036621094,388.8299865722656,396.32000732421875,3843700
2021-09-20,336.6175842285156,378.1300048828125,380.8599853515625,372.5,377.82000732421875,3834500
2021-09-21,334.57891845703125,375.8399963378906,381.5,374.0799865722656,380.8500061035156,2377300
2021-09-22,343.1517028808594,385.4700012207031,389.2900085449219,379.7099914550781,380.79998779296875,2991300
2021-09-23,348.84014892578125,391.8599853515625,393.739990234375,388.17999267578125,390.3900146484375,2518000
2021-09-24,347.9411315917969,390.8500061035156,392.489990234375,388.6000061035156,390.4700012207031,1789700
2021-09-27,355.91741943359375,399.80999755859375,401.0,395.17999267578125,396.5799865722656,2788500
2021-09-28,346.73931884765625,389.5,404.2099914550781,388.3900146484375,400.45001220703125,2609000
2021-09-29,342.6354064941406,384.8900146484375,392.3900146484375,384.29998779296875,390.67999267578125,1955000
2021-09-30,336.52850341796875,378.0299987792969,388.0199890136719,376.6199951171875,388.0,2665700
2021-10-01,338.2822570800781,380.0,382.7200012207031,375.8500061035156,379.44000244140625,2382300
2021-10-04,333.0745544433594,374.1499938964844,386.8699951171875,372.82000732421875,380.2099914550781,2895600
2021-10-05,343.4543762207031,385.80999755859375,388.2200012207031,375.5,378.1000061035156,2508100
2021-10-06,345.448486328125,388.04998779296875,389.54998779296875,378.6600036621094,382.3800048828125,2111800
2021-10-07,347.7363586425781,390.6199951171875,397.8500061035156,389.760009765625,392.9100036621094,2348000
2021-10-08,349.6859436035156,392.80999755859375,394.30999755859375,388.17999267578125,390.8299865722656,1446700
2021-10-11,342.9468994140625,385.239990234375,396.95001220703125,385.0199890136719,392.8999938964844,1787400
2021-10-12,344.0953369140625,386.5299987792969,388.5899963378906,381.0199890136719,386.2200012207031,2088200
2021-10-13,343.8995056152344,386.30999755859375,388.3800048828125,378.6300048828125,388.0,2391600
2021-10-14,348.252685546875,391.20001220703125,393.6600036621094,382.20001220703125,392.0,3380900
2021-10-15,361.49017333984375,406.07000732421875,407.2699890136719,396.3399963378906,402.30999755859375,6451400
2021-10-18,368.2736511230469,413.69000244140625,415.94000244140625,407.6000061035156,408.010009765625,3832300
2021-10-19,366.91168212890625,412.1600036621094,415.8500061035156,409.69000244140625,415.17999267578125,2568300
2021-10-20,363.11041259765625,407.8900146484375,414.3299865722656,406.20001220703125,411.0,2453400
2021-10-21,362.84332275390625,407.5899963378906,412.6600036621094,404.6199951171875,406.79998779296875,2162100
2021-10-22,368.83441162109375,414.32000732421875,415.3599853515625,409.1000061035156,409.989990234375,2411000
2021-10-25,369.21728515625,414.75,419.489990234375,413.2699890136719,416.2099914550781,1824700
2021-10-26,371.7632751464844,417.6099853515625,419.80999755859375,413.760009765625,416.3699951171875,1843300
2021-10-27,365.8700256347656,410.989990234375,418.05999755859375,410.54998779296875,416.54998779296875,2067200
2021-10-28,369.27960205078125,414.82000732421875,414.9200134277344,409.05999755859375,412.0,1444700
2021-10-29,367.97100830078125,413.3500061035156,415.9599914550781,411.17999267578125,414.0199890136719,2061700
2021-11-01,370.9531555175781,416.70001220703125,418.7300109863281,413.25,417.07000732421875,1820800
2021-11-02,377.3183288574219,423.8500061035156,426.1600036621094,412.7900085449219,415.1000061035156,3000800
2021-11-03,372.02142333984375,417.8999938964844,424.0,412.55999755859375,423.1199951171875,3542400
2021-11-04,363.27069091796875,408.07000732421875,415.989990234375,403.0299987792969,414.6499938964844,3802300
2021-11-05,362.3892517089844,407.0799865722656,414.45001220703125,406.1000061035156,411.3999938964844,2105600
2021-11-08,363.5109558105469,408.3399963378906,413.6499938964844,407.9599914550781,409.8900146484375,1728400
2021-11-09,360.8492126464844,405.3500061035156,407.5799865722656,400.05999755859375,406.1099853515625,2246900
2021-11-10,355.3031311035156,399.1199951171875,405.54998779296875,397.25,402.3299865722656,2243900
2021-11-11,358.1697692871094,402.3399963378906,403.760009765625,398.510009765625,400.1400146484375,1252400
2021-11-12,360.4575500488281,404.9100036621094,405.1000061035156,399.20001220703125,403.0,1360100
2021-11-15,360.36846923828125,404.80999755859375,407.3399963378906,403.9100036621094,406.0,1436500
2021-11-16,358.8373718261719,403.0899963378906,405.8399963378906,399.0,403.9100036621094,1311000
2021-11-17,348.56427001953125,391.54998779296875,402.6499938964844,391.4700012207031,401.8500061035156,2927000
2021-11-18,348.40399169921875,391.3699951171875,393.9200134277344,385.67999267578125,392.29998779296875,1847400
2021-11-19,344.8609619140625,387.3900146484375,390.239990234375,381.0400085449219,382.3800048828125,2610400
2021-11-22,352.66815185546875,396.1600036621094,402.489990234375,390.17999267578125,393.1600036621094,3058700
2021-11-23,361.73046875,406.3399963378906,406.9599914550781,397.510009765625,400.25,2402300
2021-11-24,355.3655700683594,399.19000244140625,407.4800109863281,398.29998779296875,405.0,2186300
2021-11-26,346.6414794921875,389.3900146484375,391.7099914550781,382.7200012207031,384.4800109863281,2687900
2021-11-29,344.1042785644531,386.5400085449219,396.3699951171875,382.45001220703125,394.0,2883400
2021-11-30,339.16363525390625,380.989990234375,386.8299865722656,377.260009765625,383.5299987792969,4570400
2021-12-01,336.9173278808594,376.4800109863281,390.1600036621094,376.2099914550781,383.82000732421875,2476000
2021-12-02,346.8151550292969,387.5400085449219,389.0899963378906,376.0299987792969,378.0,3343700
2021-12-03,342.5105895996094,382.7300109863281,389.8800048828125,379.0299987792969,389.8800048828125,2807500
2021-12-06,348.39007568359375,389.29998779296875,393.6000061035156,383.489990234375,388.6700134277344,1990200
2021-12-07,358.0641174316406,400.1099853515625,401.75,393.05999755859375,393.5799865722656,2441000
2021-12-08,355.5673828125,397.32000732421875,401.7099914550781,395.1400146484375,401.2300109863281,1635200
2021-12-09,354.8245544433594,396.489990234375,400.19000244140625,393.0,395.70001220703125,2111500
2021-12-10,349.9652099609375,391.05999755859375,398.8599853515625,388.6600036621094,398.0,1893800
2021-12-13,344.2198486328125,384.6400146484375,391.19000244140625,382.6600036621094,391.19000244140625,2313300
2021-12-14,347.9605712890625,388.82000732421875,392.5,383.260009765625,383.55999755859375,2788500
2021-12-15,348.9360656738281,389.9100036621094,391.3999938964844,380.6000061035156,389.5,2802300
2021-12-16,355.61212158203125,397.3699951171875,399.8399963378906,391.79998779296875,395.1300048828125,3578200
2021-12-17,341.67828369140625,381.79998779296875,393.6700134277344,380.6300048828125,389.2099914550781,7058600
2021-12-20,332.5590515136719,371.6099853515625,375.6300048828125,366.6499938964844,375.5199890136719,3735600
2021-12-21,340.3538513183594,380.32000732421875,382.0899963378906,374.760009765625,376.42999267578125,2942800
2021-12-22,342.1525573730469,382.3299865722656,384.010009765625,379.2699890136719,380.4200134277344,1487900
2021-12-23,344.57781982421875,385.0400085449219,387.6099853515625,383.57000732421875,383.7900085449219,1624000
2021-12-27,347.2625732421875,388.0400085449219,389.1099853515625,385.0,386.989990234375,1430400
2021-12-28,346.8777160644531,387.6099853515625,391.3299865722656,386.239990234375,388.92999267578125,1528200
2021-12-29,345.6158447265625,386.20001220703125,389.4599914550781,384.4200134277344,387.9700012207031,1327800
2021-12-30,345.0072937011719,385.5199890136719,389.7799987792969,385.20001220703125,387.75,1160100
2021-12-31,342.34942626953125,382.54998779296875,387.0,380.8399963378906,385.0,1601300
2022-01-03,353.78643798828125,395.3299865722656,399.29998779296875,387.3399963378906,389.0,3334300
2022-01-04,364.65966796875,407.4800109863281,410.2799987792969,401.17999267578125,402.2300109863281,3916400
2022-01-05,356.73968505859375,398.6300048828125,412.6600036621094,397.8900146484375,409.79998779296875,3469600
2022-01-06,355.2182922363281,396.92999267578125,401.20001220703125,386.42999267578125,401.0,2960900
2022-01-07,355.7374267578125,397.510009765625,400.54998779296875,394.5299987792969,397.6700134277344,2360700
2022-01-10,357.2229919433594,399.1700134277344,404.3699951171875,394.2200012207031,401.32000732421875,3009400
2022-01-11,360.6951904296875,403.04998779296875,403.3399963378906,396.30999755859375,400.25,1748800
2022-01-12,349.29400634765625,390.30999755859375,404.1199951171875,388.55999755859375,403.239990234375,4158000
2022-01-13,349.7325134277344,390.79998779296875,396.8699951171875,389.75,394.04998779296875,2497800
2022-01-14,340.9087219238281,380.94000244140625,384.3900146484375,375.0,382.1300048828125,4685300
2022-01-18,317.15765380859375,354.3999938964844,361.57000732421875,347.2300109863281,360.0400085449219,13123500
2022-01-19,310.8216247558594,347.32000732421875,359.7099914550781,346.3900146484375,358.3399963378906,7426100
2022-01-20,311.51971435546875,348.1000061035156,357.17999267578125,346.1400146484375,348.8999938964844,4599900
2022-01-21,307.7699890136719,343.9100036621094,348.989990234375,340.7200012207031,345.5400085449219,4904100
2022-01-24,307.30462646484375,343.3900146484375,344.07000732421875,326.2300109863281,337.32000732421875,6569800
2022-01-25,305.6579895019531,341.54998779296875,342.92999267578125,330.9100036621094,337.8599853515625,3959300
2022-01-26,306.669189453125,342.67999267578125,350.4800109863281,338.4100036621094,346.6000061035156,3745900
2022-01-27,305.192626953125,341.0299987792969,348.7699890136719,337.7200012207031,345.6700134277344,2573400
2022-01-28,310.5442199707031,347.010009765625,347.1499938964844,333.45001220703125,337.7300109863281,3714600
2022-01-31,317.408203125,354.67999267578125,355.2099914550781,343.44000244140625,344.6000061035156,3312400
2022-02-01,325.8025207519531,364.05999755859375,364.5400085449219,354.04998779296875,356.1300048828125,3303700
2022-02-02,324.9075622558594,363.05999755859375,368.5299987792969,357.8299865722656,363.5,2742400
2022-02-03,321.1668395996094,358.8800048828125,365.760009765625,358.1600036621094,362.82000732421875,2372900
2022-02-04,328.97052001953125,367.6000061035156,370.95001220703125,361.0199890136719,362.1700134277344,3762300
2022-02-07,329.46270751953125,368.1499938964844,371.4700012207031,363.3500061035156,365.489990234375,2635600
2022-02-08,331.207763671875,370.1000061035156,372.6499938964844,366.25,371.0799865722656,3422300
2022-02-09,335.17230224609375,374.5299987792969,376.2799987792969,370.8999938964844,373.0,2250400
2022-02-10,331.62835693359375,370.57000732421875,377.3999938964844,368.8299865722656,371.7099914550781,2406200
2022-02-11,324.9075622558594,363.05999755859375,374.8999938964844,360.7699890136719,368.54998779296875,3142100
2022-02-14,322.3839416503906,360.239990234375,364.2900085449219,357.17999267578125,363.05999755859375,2585600
2022-02-15,325.695068359375,363.94000244140625,365.8900146484375,361.3599853515625,364.0899963378906,1846400
2022-02-16,322.2138977050781,360.04998779296875,363.0199890136719,356.5299987792969,361.3500061035156,2165300
2022-02-17,312.3787841796875,349.05999755859375,360.9599914550781,347.8399963378906,358.7799987792969,3102400
2022-02-18,309.67620849609375,346.0400085449219,350.0,343.3699951171875,345.57000732421875,2910900
2022-02-22,308.0921630859375,344.2699890136719,349.0,341.20001220703125,342.4599914550781,2590800
2022-02-23,305.3358154296875,341.19000244140625,349.260009765625,339.82000732421875,347.57000732421875,2217300
2022-02-24,304.4408874511719,340.19000244140625,341.0,326.95001220703125,328.57000732421875,4564000
2022-02-25,313.327392578125,350.1199951171875,350.70001220703125,340.19000244140625,340.19000244140625,2980500
2022-02-28,305.4253234863281,341.2900085449219,343.8399963378906,337.54998779296875,340.25,4245700
2022-03-01,295.44219970703125,328.20001220703125,338.1600036621094,327.0199890136719,337.3999938964844,5631500
2022-03-02,302.80572509765625,336.3800048828125,338.0,327.3999938964844,331.6000061035156,3469900
2022-03-03,300.1412658691406,333.4200134277344,341.5,330.1300048828125,338.8699951171875,2393700
2022-03-04,296.76544189453125,329.6700134277344,330.6600036621094,324.0,327.0,3293100
2022-03-07,289.7620544433594,321.8900146484375,327.7900085449219,320.8500061035156,326.82000732421875,3689900
2022-03-08,289.2939453125,321.3699951171875,330.55999755859375,318.54998779296875,322.5,3596400
2022-03-09,300.294189453125,333.5899963378906,337.4700012207031,330.0299987792969,331.67999267578125,3202100
2022-03-10,296.9725036621094,329.8999938964844,331.8399963378906,324.760009765625,327.6300048828125,2232600
2022-03-11,294.3619689941406,327.0,336.6099853515625,326.7099914550781,334.3699951171875,2613500
2022-03-14,292.5435791015625,324.9800109863281,331.6199951171875,322.8999938964844,329.2099914550781,2342200
2022-03-15,296.306396484375,329.1600036621094,331.8999938964844,324.8399963378906,327.07000732421875,2140700
2022-03-16,306.7485656738281,340.760009765625,341.3299865722656,334.260009765625,335.07000732421875,3468500
2022-03-17,309.0080261230469,343.2699890136719,343.6000061035156,334.8999938964844,337.3699951171875,2403500
2022-03-18,310.9074401855469,345.3800048828125,346.7699890136719,337.29998779296875,338.8699951171875,5861900
2022-03-21,305.16424560546875,339.0,346.29998779296875,337.1499938964844,345.260009765625,3401200
2022-03-22,308.7739562988281,343.010009765625,346.239990234375,340.1199951171875,342.20001220703125,2840200
2022-03-23,302.1125793457031,335.6099853515625,340.8299865722656,335.1300048828125,340.0,2196800
2022-03-24,302.67071533203125,336.2300109863281,337.5,334.29998779296875,336.44000244140625,1944100
2022-03-25,303.80499267578125,337.489990234375,341.8299865722656,335.4800109863281,337.42999267578125,1580800
2022-03-28,301.8334655761719,335.29998779296875,338.5,331.510009765625,338.1499938964844,2182600
2022-03-29,305.75836181640625,339.6600036621094,344.0,336.7300109863281,342.4700012207031,2378700
2022-03-30,302.0946044921875,335.5899963378906,339.8599853515625,333.6300048828125,339.0,2650200
2022-03-31,297.152587890625,330.1000061035156,336.5,330.1000061035156,336.1300048828125,2632000
2022-04-01,297.2606506347656,330.2200012207031,334.1600036621094,327.57000732421875,333.92999267578125,2444800
2022-04-04,295.451171875,328.2099914550781,331.8699951171875,325.8599853515625,330.0,2569400
2022-04-05,291.6253967285156,323.9599914550781,329.739990234375,323.4800109863281,327.3599853515625,2573900
2022-04-06,284.6940002441406,316.260009765625,320.6199951171875,315.75,320.0,3151300
2022-04-07,282.79449462890625,314.1499938964844,315.8299865722656,308.20001220703125,315.0,3562600
2022-04-08,289.3119201660156,321.3900146484375,323.67999267578125,313.0,313.5799865722656,3294200
2022-04-11,288.7447204589844,320.760009765625,328.8999938964844,319.0299987792969,320.6099853515625,2747700
2022-04-12,287.8625793457031,319.7799987792969,327.1199951171875,318.010009765625,321.67999267578125,2365200
2022-04-13,289.8339538574219,321.9700012207031,322.6300048828125,314.7200012207031,315.79998779296875,3022900
2022-04-14,289.53692626953125,321.6400146484375,333.0299987792969,319.0299987792969,328.4700012207031,5460900
2022-04-18,296.9544677734375,329.8800048828125,332.6600036621094,320.6499938964844,320.6499938964844,3653400
2022-04-19,302.4186706542969,335.95001220703125,337.20001220703125,330.4700012207031,330.4700012207031,2774800
2022-04-20,307.01861572265625,341.05999755859375,344.8999938964844,337.5,338.1000061035156,3040100
2022-04-21,300.93341064453125,334.29998779296875,347.3500061035156,333.3599853515625,344.3299865722656,3097800
2022-04-22,287.8536071777344,319.7699890136719,332.5,319.4700012207031,332.30999755859375,3125200
2022-04-25,289.33892822265625,321.4200134277344,322.1600036621094,312.739990234375,316.3800048828125,3093600
2022-04-26,281.8672790527344,313.1199951171875,321.6000061035156,312.79998779296875,317.95001220703125,2791700
2022-04-27,281.96636962890625,313.2300109863281,319.239990234375,312.1400146484375,312.1400146484375,2469300
2022-04-28,286.62933349609375,318.4100036621094,319.3599853515625,312.1499938964844,317.1199951171875,2176000
2022-04-29,274.99884033203125,305.489990234375,319.0799865722656,304.7099914550781,317.25,3129600
2022-05-02,279.4368591308594,310.4200134277344,311.3699951171875,302.2099914550781,305.80999755859375,2968100
2022-05-03,283.25360107421875,314.6600036621094,319.5199890136719,311.32000732421875,311.5199890136719,2606200
2022-05-04,291.76043701171875,324.1099853515625,324.79998779296875,312.1700134277344,315.8299865722656,2629400
2022-05-05,281.8223876953125,313.07000732421875,320.67999267578125,308.69000244140625,320.5,2622100
2022-05-06,281.7232666015625,312.9599914550781,313.7099914550781,306.05999755859375,312.2799987792969,2375600
2022-05-09,278.0596008300781,308.8900146484375,313.7699890136719,304.9800109863281,308.9200134277344,3234000
2022-05-10,274.61181640625,305.05999755859375,315.1499938964844,300.6499938964844,311.7200012207031,2798400
2022-05-11,271.4521179199219,301.54998779296875,310.9100036621094,301.0,305.05999755859375,2320600
2022-05-12,269.52569580078125,299.4100036621094,302.8900146484375,293.8999938964844,300.0,3408300
2022-05-13,276.34918212890625,306.989990234375,309.6300048828125,303.57000732421875,303.6300048828125,2152500
2022-05-16,273.15350341796875,303.44000244140625,306.4700012207031,300.54998779296875,305.95001220703125,1568800
2022-05-17,281.7323303222656,312.9700012207031,314.32000732421875,308.1300048828125,309.8699951171875,2096200
2022-05-18,276.1151123046875,306.7300109863281,312.8599853515625,304.8800048828125,309.0,2033200
2022-05-19,277.4383850097656,308.20001220703125,309.989990234375,303.3900146484375,303.82000732421875,2108800
2022-05-20,276.1781311035156,306.79998779296875,312.5899963378906,299.4100036621094,311.260009765625,2201100
2022-05-23,285.0089111328125,316.6099853515625,321.8299865722656,311.07000732421875,312.7200012207031,2653000
2022-05-24,282.6144714355469,313.95001220703125,315.79998779296875,306.42999267578125,315.3500061035156,1870900
2022-05-25,283.46966552734375,314.8999938964844,317.6000061035156,309.9800109863281,311.25,1929500
2022-05-26,291.3283386230469,323.6300048828125,325.5,317.9800109863281,318.29998779296875,2440400
2022-05-27,295.78424072265625,328.5799865722656,328.6700134277344,323.19000244140625,326.75,2106700
2022-05-31,296.02880859375,326.8500061035156,329.7200012207031,322.6600036621094,324.010009765625,2722900
2022-06-01,291.5002746582031,321.8500061035156,329.2699890136719,315.8299865722656,327.0,2330200
2022-06-02,293.67401123046875,324.25,325.20001220703125,319.2300109863281,320.5899963378906,1957500
2022-06-03,288.6293029785156,318.67999267578125,322.5,317.5,320.8800048828125,1238900
2022-06-06,290.2867126464844,320.510009765625,325.2099914550781,319.7900085449219,323.0,1099700
2022-06-07,291.19232177734375,321.510009765625,321.8399963378906,316.6600036621094,318.2799987792969,2516800
2022-06-08,285.0063781738281,314.67999267578125,319.54998779296875,312.79998779296875,318.3399963378906,1438100
2022-06-09,275.5328063964844,304.2200012207031,314.1400146484375,304.0199890136719,313.55999755859375,2896500
2022-06-10,259.95465087890625,287.0199890136719,298.6499938964844,286.8500061035156,296.989990234375,3866900
2022-06-13,256.6036376953125,283.32000732421875,286.4200134277344,278.32000732421875,279.0,4218100
2022-06-14,255.89720153808594,282.5400085449219,289.17999267578125,281.29998779296875,284.3299865722656,2487700
2022-06-15,262.71697998046875,290.07000732421875,294.4800109863281,284.1700134277344,287.1600036621094,2725800
2022-06-16,258.1070861816406,284.9800109863281,286.1300048828125,279.1499938964844,282.67999267578125,2777300
2022-06-17,253.40643310546875,279.7900085449219,286.260009765625,278.1499938964844,282.1300048828125,5234400
2022-06-21,257.953125,284.80999755859375,288.07000732421875,282.9800109863281,287.7699890136719,2506300
2022-06-22,257.7085266113281,284.5400085449219,286.010009765625,281.0400085449219,282.2900085449219,2463100
2022-06-23,259.1848449707031,286.1700134277344,286.5899963378906,278.92999267578125,283.760009765625,2547000
2022-06-24,274.20135498046875,302.75,303.1300048828125,290.0,291.0,3984300
2022-06-27,272.4170837402344,300.7799987792969,304.32000732421875,298.8800048828125,303.05999755859375,2091700
2022-06-28,271.2488098144531,299.489990234375,308.9700012207031,299.17999267578125,305.8999938964844,2276600
2022-06-29,274.6813659667969,303.2799987792969,307.44000244140625,299.9100036621094,303.3699951171875,2475900
2022-06-30,269.0117492675781,297.0199890136719,300.3299865722656,292.2300109863281,296.5799865722656,2669500
2022-07-01,271.0133972167969,299.2300109863281,300.3299865722656,291.7200012207031,295.2699890136719,1749400
2022-07-05,269.17474365234375,297.20001220703125,297.3500061035156,288.3599853515625,293.0,2480900
2022-07-06,266.05914306640625,293.760009765625,297.3399963378906,290.6000061035156,296.2699890136719,1774500
2022-07-07,270.4427185058594,298.6000061035156,299.07000732421875,293.6000061035156,297.6600036621094,2046500
2022-07-08,268.51348876953125,296.4700012207031,300.8900146484375,295.07000732421875,300.5,1438900
2022-07-11,265.5339050292969,293.17999267578125,296.5400085449219,291.8800048828125,293.20001220703125,1519400
2022-07-12,264.94512939453125,292.5299987792969,299.0799865722656,289.510009765625,289.7099914550781,1772600
2022-07-13,262.7895202636719,290.1499938964844,291.19000244140625,285.80999755859375,290.510009765625,1884100
2022-07-14,255.03672790527344,281.5899963378906,284.239990234375,277.8399963378906,284.239990234375,3171900
2022-07-15,266.1587829589844,293.8699951171875,296.42999267578125,285.1499938964844,286.5,3457600
2022-07-18,272.8519287109375,301.260009765625,311.25,298.7099914550781,305.760009765625,6767900
2022-07-19,288.0586853027344,318.04998779296875,319.1400146484375,303.5,303.5899963378906,5641100
2022-07-20,291.1380615234375,321.45001220703125,322.1700134277344,316.30999755859375,317.2799987792969,3489800
2022-07-21,295.748046875,326.5400085449219,327.1600036621094,319.8500061035156,320.510009765625,2518800
2022-07-22,293.3841552734375,323.92999267578125,329.04998779296875,322.19000244140625,327.1099853515625,1830300
2022-07-25,293.5562744140625,324.1199951171875,327.2900085449219,322.6000061035156,325.9700012207031,4024500
2022-07-26,288.511474609375,318.54998779296875,324.2900085449219,317.760009765625,321.7699890136719,2054700
2022-07-27,293.9366455078125,324.5400085449219,326.3900146484375,318.3800048828125,320.2900085449219,2081900
2022-07-28,298.07574462890625,329.1099853515625,329.9800109863281,321.8900146484375,325.29998779296875,1820700
2022-07-29,301.9521179199219,333.3900146484375,335.17999267578125,329.5,329.5,2112200
2022-08-01,300.765625,332.0799865722656,334.79998779296875,329.010009765625,331.7300109863281,1476500
2022-08-02,296.96173095703125,327.8800048828125,331.8299865722656,327.2200012207031,329.5,1862900
2022-08-03,301.7529296875,333.1700134277344,335.510009765625,329.6199951171875,332.07000732421875,1770600
2022-08-04,300.5754699707031,331.8699951171875,334.29998779296875,330.6199951171875,333.2799987792969,1533400
2022-08-05,303.1113586425781,334.6700134277344,336.9100036621094,329.6700134277344,330.8999938964844,1876400
2022-08-08,303.1204833984375,334.67999267578125,338.8399963378906,334.3399963378906,337.1099853515625,1460000
2022-08-09,304.8775329589844,336.6199951171875,338.1700134277344,334.57000732421875,336.1499938964844,1587900
2022-08-10,315.1029968261719,347.9100036621094,349.70001220703125,341.3500061035156,341.3599853515625,2459500
2022-08-11,318.51739501953125,351.67999267578125,356.04998779296875,349.7799987792969,350.0,2360800
2022-08-12,320.45556640625,353.82000732421875,354.55999755859375,350.1499938964844,353.44000244140625,2369000
2022-08-15,322.294189453125,355.8500061035156,358.6199951171875,349.04998779296875,351.0,2045700
2022-08-16,321.4971618652344,354.9700012207031,356.4700012207031,352.0199890136719,352.989990234375,1740900
2022-08-17,320.3831481933594,353.739990234375,355.5899963378906,350.7699890136719,351.8999938964844,1576300
2022-08-18,321.0896301269531,354.5199890136719,355.1000061035156,350.8599853515625,352.6600036621094,1102200
2022-08-19,316.3346862792969,349.2699890136719,351.8599853515625,347.5,351.0,1812300
2022-08-22,310.130615234375,342.4200134277344,344.5299987792969,340.760009765625,342.44000244140625,1723900
2022-08-23,308.101806640625,340.17999267578125,344.07000732421875,339.0299987792969,341.95001220703125,1538000
2022-08-24,309.69586181640625,341.94000244140625,344.32000732421875,338.489990234375,339.0199890136719,1530800
2022-08-25,313.8167724609375,346.489990234375,346.8599853515625,342.1099853515625,344.45001220703125,1763900
2022-08-26,304.67822265625,336.3999938964844,348.739990234375,336.0,348.3399963378906,1703900
2022-08-29,302.43212890625,333.9200134277344,336.3999938964844,332.010009765625,333.9200134277344,1835600
2022-08-30,302.16949462890625,333.6300048828125,336.010009765625,331.17999267578125,335.0,1830300
2022-08-31,303.5747985839844,332.6700134277344,335.1400146484375,329.67999267578125,331.54998779296875,2488000
2022-09-01,304.33221435546875,333.5,333.69000244140625,324.6199951171875,329.8699951171875,1575100
2022-09-02,302.4888610839844,331.4800109863281,340.32000732421875,329.9700012207031,334.67999267578125,2215400
2022-09-06,297.9352111816406,326.489990234375,333.25,323.4599914550781,332.32000732421875,1578100
2022-09-07,301.6493225097656,330.55999755859375,332.1600036621094,323.25,324.25,1496600
2022-09-08,306.0477294921875,335.3800048828125,335.80999755859375,327.3599853515625,330.2900085449219,1755600
2022-09-09,310.3549499511719,340.1000061035156,341.0299987792969,337.0299987792969,337.9800109863281,1445600
2022-09-12,312.6180114746094,342.5799865722656,344.3699951171875,340.0899963378906,341.6600036621094,1563200
2022-09-13,299.66912841796875,328.3900146484375,336.5199890136719,326.8299865722656,336.0799865722656,2242100
2022-09-14,298.6379089355469,327.260009765625,330.92999267578125,323.5,328.45001220703125,1953300
2022-09-15,302.6166076660156,331.6199951171875,335.2799987792969,327.5899963378906,328.7300109863281,1489400
2022-09-16,297.6797790527344,326.2099914550781,329.0,319.7900085449219,326.3800048828125,2946800
2022-09-19,299.9154968261719,328.6600036621094,329.2900085449219,320.5400085449219,320.57000732421875,1652700
2022-09-20,294.98785400390625,323.260009765625,326.79998779296875,320.010009765625,325.70001220703125,1569900
2022-09-21,292.6607666015625,320.7099914550781,329.7900085449219,320.6300048828125,324.9200134277344,1796700
2022-09-22,285.5521545410156,312.9200134277344,323.3900146484375,311.20001220703125,322.32000732421875,2239900
2022-09-23,275.559814453125,301.9700012207031,309.7900085449219,297.4599914550781,307.54998779296875,2918500
2022-09-26,268.8525695800781,294.6199951171875,302.1000061035156,292.30999755859375,299.0,2308800
2022-09-27,265.8960266113281,291.3800048828125,299.1499938964844,288.6199951171875,297.5,2007400
2022-09-28,274.48309326171875,300.7900085449219,302.4100036621094,292.4599914550781,294.0,2289700
2022-09-29,270.2122497558594,296.1099853515625,299.3500061035156,291.54998779296875,297.07000732421875,1930800
2022-09-30,267.4198913574219,293.04998779296875,301.0899963378906,292.70001220703125,296.0,1970800
2022-10-03,272.9864196777344,299.1499938964844,301.2300109863281,291.1000061035156,297.1700134277344,1938800
2022-10-04,287.3315124511719,314.8699951171875,315.1600036621094,305.8800048828125,306.79998779296875,2399500
2022-10-05,281.9749450683594,309.0,310.2099914550781,303.6000061035156,306.5799865722656,1992800
2022-10-06,278.0236511230469,304.6700134277344,309.0799865722656,303.4200134277344,307.3900146484375,1367400
2022-10-07,274.7476501464844,301.0799865722656,305.1499938964844,299.1499938964844,304.0,1790100
2022-10-10,274.2548522949219,300.5400085449219,304.7200012207031,298.42999267578125,303.6300048828125,1309600
2022-10-11,268.4784851074219,294.2099914550781,302.5199890136719,293.9200134277344,298.010009765625,2392800
2022-10-12,269.4822998046875,295.30999755859375,299.7799987792969,291.7099914550781,293.989990234375,1763800
2022-10-13,280.2137756347656,307.07000732421875,308.760009765625,287.75,290.4200134277344,2724900
2022-10-14,273.7529602050781,299.989990234375,311.6199951171875,299.07000732421875,307.4599914550781,2397600
2022-10-17,279.8852233886719,306.7099914550781,311.6199951171875,304.1400146484375,304.4100036621094,3118600
2022-10-18,286.40081787109375,313.8500061035156,324.4800109863281,312.0,321.6700134277344,6428600
2022-10-19,284.49359130859375,311.760009765625,314.7900085449219,308.05999755859375,312.6099853515625,2363800
2022-10-20,283.62664794921875,310.80999755859375,316.04998779296875,309.0,312.1000061035156,2382300
2022-10-21,296.6668395996094,325.1000061035156,325.7699890136719,309.489990234375,311.0,3545700
2022-10-24,299.9519958496094,328.70001220703125,331.239990234375,325.8500061035156,328.5,2232600
2022-10-25,303.328369140625,332.3999938964844,333.6000061035156,325.9200134277344,327.8599853515625,1837700
2022-10-26,306.3306579589844,335.69000244140625,338.6700134277344,334.1400146484375,334.5199890136719,2176700
2022-10-27,307.69036865234375,337.17999267578125,341.92999267578125,336.5299987792969,339.30999755859375,1998800
2022-10-28,311.92449951171875,341.82000732421875,342.5799865722656,336.0,338.5199890136719,1677100
2022-10-31,314.3793640136719,344.510009765625,346.17999267578125,340.57000732421875,341.07000732421875,2224000
2022-11-01,318.0932922363281,348.5799865722656,348.69000244140625,343.7699890136719,345.1300048828125,2316600
2022-11-02,319.19744873046875,349.7900085449219,357.44000244140625,346.739990234375,347.6199951171875,3221200
2022-11-03,318.3579406738281,348.8699951171875,350.6700134277344,342.5899963378906,347.5,2515600
2022-11-04,326.6072998046875,357.9100036621094,358.3800048828125,351.2300109863281,354.0,3172700
2022-11-07,330.8506164550781,362.55999755859375,362.9599914550781,358.5199890136719,360.010009765625,2526900
2022-11-08,332.1829833984375,364.0199890136719,367.19000244140625,361.4599914550781,362.29998779296875,3501300
2022-11-09,330.339599609375,362.0,367.1499938964844,360.8800048828125,362.95001220703125,3047200
2022-11-10,345.2231750488281,378.30999755859375,380.42999267578125,369.739990234375,370.0,3790400
2022-11-11,351.48321533203125,385.1700134277344,387.0,378.75,380.0,3409100
2022-11-14,348.9188537597656,382.3599853515625,387.29998779296875,380.5,384.0,2609100
2022-11-15,349.3934631347656,382.8800048828125,389.5799865722656,380.6499938964844,385.9800109863281,3192400
2022-11-16,348.89154052734375,382.3299865722656,385.3999938964844,380.010009765625,383.2099914550781,2303700
2022-11-17,346.5645446777344,379.7799987792969,381.7200012207031,375.010009765625,377.1499938964844,2297600
2022-11-18,346.0352783203125,379.20001220703125,382.8299865722656,377.3900146484375,381.2799987792969,2384500
2022-11-21,346.95697021484375,380.2099914550781,380.7699890136719,375.4200134277344,378.8999938964844,1877500
2022-11-22,350.296875,383.8699951171875,385.8299865722656,381.3999938964844,381.3999938964844,2019400
2022-11-23,352.4686584472656,386.25,388.20001220703125,383.4100036621094,383.8999938964844,1865400
2022-11-25,354.8503723144531,388.8599853515625,389.44000244140625,385.17999267578125,385.760009765625,1129300
2022-11-28,348.9188537597656,382.3599853515625,388.3900146484375,380.8900146484375,385.42999267578125,2232200
2022-11-29,350.1507873535156,383.7099914550781,384.92999267578125,379.260009765625,381.1300048828125,1746900
2022-11-30,354.6883544921875,386.1499938964844,386.1499938964844,375.1000061035156,382.5,2964100
2022-12-01,352.53900146484375,383.80999755859375,386.5,380.45001220703125,386.5,1706300
2022-12-02,349.5721435546875,380.5799865722656,382.5199890136719,378.3999938964844,381.5199890136719,1932300
2022-12-05,341.2687072753906,371.5400085449219,378.8699951171875,369.30999755859375,378.54998779296875,2329600
2022-12-06,333.3418273925781,362.9100036621094,370.3699951171875,360.3299865722656,369.4800109863281,3081900
2022-12-07,330.5954284667969,359.9200134277344,365.29998779296875,358.1499938964844,362.489990234375,2128200
2022-12-08,328.90533447265625,358.0799865722656,362.5899963378906,356.05999755859375,362.0299987792969,1967800
2022-12-09,329.87896728515625,359.1400146484375,361.6400146484375,356.2099914550781,356.7099914550781,1588800
2022-12-12,333.58990478515625,363.17999267578125,364.010009765625,356.3399963378906,358.57000732421875,1750400
2022-12-13,338.6509094238281,368.69000244140625,378.55999755859375,365.510009765625,374.6300048828125,3062600
2022-12-14,331.0179748535156,360.3800048828125,368.8299865722656,359.45001220703125,367.010009765625,2519700
2022-12-15,321.3275146484375,349.8299865722656,356.1099853515625,347.94000244140625,354.4800109863281,3163700
2022-12-16,318.131103515625,346.3500061035156,347.7799987792969,343.4100036621094,345.0799865722656,5008800
2022-12-19,316.5328063964844,344.6099853515625,348.3999938964844,342.6300048828125,346.2699890136719,1646700
2022-12-20,316.422607421875,344.489990234375,347.4200134277344,343.489990234375,345.989990234375,1623000
2022-12-21,321.63067626953125,350.1600036621094,350.8800048828125,346.8900146484375,348.260009765625,1923100
2022-12-22,317.4237976074219,345.5799865722656,348.04998779296875,339.8800048828125,347.1600036621094,1528900
2022-12-23,317.35955810546875,345.510009765625,347.760009765625,343.1099853515625,344.8399963378906,1062000
2022-12-27,314.10791015625,341.9700012207031,347.75,341.7900085449219,346.510009765625,1035000
2022-12-28,313.0975646972656,340.8699951171875,342.8500061035156,339.29998779296875,340.5,1117200
2022-12-29,315.4488830566406,343.42999267578125,344.6400146484375,341.239990234375,342.44000244140625,1273600
2022-12-30,315.4030456542969,343.3800048828125,343.69000244140625,339.3999938964844,341.739990234375,1031400
2023-01-03,318.01165771484375,346.2200012207031,348.6000061035156,342.80999755859375,345.5,1589700
2023-01-04,319.3710632324219,347.70001220703125,350.30999755859375,345.0799865722656,348.0299987792969,1881000
2023-01-05,315.7521057128906,343.760009765625,345.1400146484375,340.1400146484375,344.25,1397800
2023-01-06,319.7201232910156,348.0799865722656,349.0,340.95001220703125,347.29998779296875,3097800
2023-01-09,324.2392578125,353.0,356.5,349.5,351.8800048828125,1989000
2023-01-10,328.2440490722656,357.3599853515625,357.5,350.5,352.6400146484375,1610100
2023-01-11,334.783935546875,364.4800109863281,365.5,356.2099914550781,358.8699951171875,2127000
2023-01-12,339.7990417480469,369.94000244140625,370.1000061035156,362.57000732421875,366.239990234375,2103100
2023-01-13,343.5282287597656,374.0,374.3500061035156,362.3599853515625,363.489990234375,3310200
2023-01-17,321.4101867675781,349.9200134277344,366.7900085449219,344.0,364.79998779296875,14448300
2023-01-18,320.6478271484375,349.0899963378906,354.7900085449219,347.79998779296875,348.32000732421875,5585200
2023-01-19,322.172607421875,350.75,352.1600036621094,345.5199890136719,346.0299987792969,3100400
2023-01-20,313.9885559082031,341.8399963378906,352.25,338.2099914550781,349.8699951171875,11247200
2023-01-23,320.6937561035156,349.1400146484375,349.55999755859375,336.1600036621094,341.6700134277344,4915700
2023-01-24,319.9497375488281,348.3299865722656,350.29998779296875,340.0,340.0,2372000
2023-01-25,321.1438293457031,349.6300048828125,349.9599914550781,343.8999938964844,344.75,1985200
2023-01-26,326.0487365722656,354.9700012207031,355.0,349.5199890136719,351.7300109863281,1919200
2023-01-27,324.8822021484375,353.70001220703125,355.989990234375,351.8299865722656,351.95001220703125,2427400
2023-01-30,328.33587646484375,357.4599914550781,362.3299865722656,352.3999938964844,353.2900085449219,3184500
2023-01-31,336.0054931640625,365.80999755859375,365.9200134277344,356.8599853515625,359.1600036621094,2311500
2023-02-01,335.9136962890625,365.7099914550781,368.94000244140625,358.760009765625,359.1000061035156,2889400
2023-02-02,339.3673400878906,369.4700012207031,372.8900146484375,364.54998779296875,368.0,2619600
2023-02-03,339.80828857421875,369.95001220703125,374.57000732421875,365.44000244140625,365.6199951171875,2243100
2023-02-06,340.5890197753906,370.79998779296875,371.260009765625,365.7799987792969,369.0,1816200
2023-02-07,343.89569091796875,374.3999938964844,376.30999755859375,367.3399963378906,368.1700134277344,2205500
2023-02-08,344.53863525390625,375.1000061035156,378.3500061035156,371.9800109863281,372.9200134277344,1893200
2023-02-09,338.0079345703125,367.989990234375,379.67999267578125,367.79998779296875,377.0400085449219,2052500
2023-02-10,341.02984619140625,371.2799987792969,372.2300109863281,364.55999755859375,367.0,1933400
2023-02-13,343.546630859375,374.0199890136719,375.05999755859375,368.0,369.0899963378906,1570600
2023-02-14,341.4891357421875,371.7799987792969,377.04998779296875,369.3800048828125,373.94000244140625,2155500
2023-02-15,343.8405456542969,374.3399963378906,374.3699951171875,368.25,368.739990234375,1687200
2023-02-16,340.03790283203125,370.20001220703125,374.25,368.79998779296875,370.75,1947800
2023-02-17,338.4763488769531,368.5,371.05999755859375,366.8599853515625,368.04998779296875,1857300
2023-02-21,331.69769287109375,361.1199951171875,366.7200012207031,360.0899963378906,366.7200012207031,2403000
2023-02-22,331.4864196777344,360.8900146484375,363.0,358.0400085449219,361.6300048828125,2203800
2023-02-23,333.9205017089844,363.5400085449219,367.8800048828125,359.6099853515625,363.20001220703125,1931400
2023-02-24,334.2052917480469,363.8500061035156,365.17999267578125,359.5299987792969,360.1700134277344,2428600
2023-02-27,335.7484130859375,365.5299987792969,370.29998779296875,364.510009765625,368.2200012207031,2842400
2023-02-28,322.9992980957031,351.6499938964844,366.010009765625,351.3299865722656,366.0,4945600
2023-03-01,320.2979736328125,346.2300109863281,352.5400085449219,345.9599914550781,349.3900146484375,2717400
2023-03-02,322.9529724121094,349.1000061035156,349.7799987792969,340.489990234375,343.989990234375,3259800
2023-03-03,330.3445129394531,357.0899963378906,357.7699890136719,349.55999755859375,350.6400146484375,2396200
2023-03-06,330.3075866699219,357.04998779296875,358.8599853515625,353.7300109863281,358.05999755859375,1614200
2023-03-07,320.1591796875,346.0799865722656,356.20001220703125,345.6300048828125,355.54998779296875,2048500
2023-03-08,323.1287841796875,349.2900085449219,349.69000244140625,345.1700134277344,346.19000244140625,1584600
2023-03-09,316.4680480957031,342.0899963378906,354.2900085449219,341.04998779296875,349.20001220703125,3177800
2023-03-10,303.12811279296875,327.6700134277344,339.92999267578125,326.0299987792969,338.8699951171875,4559700
2023-03-13,291.87884521484375,315.510009765625,326.1099853515625,314.5400085449219,319.6700134277344,5660700
2023-03-14,298.0214538574219,322.1499938964844,326.3800048828125,318.95001220703125,324.7699890136719,3785900
2023-03-15,288.8074951171875,312.19000244140625,312.510009765625,304.4100036621094,310.7699890136719,6596700
2023-03-16,291.4902648925781,315.0899963378906,318.32000732421875,304.9200134277344,309.0,4399100
2023-03-17,280.805419921875,303.5400085449219,310.3999938964844,301.8699951171875,310.0899963378906,6369800
2023-03-20,286.3466796875,309.5299987792969,312.20001220703125,306.260009765625,306.7799987792969,3963700
2023-03-21,293.5162353515625,317.2799987792969,320.32000732421875,315.3500061035156,317.6199951171875,3242400
2023-03-22,290.1766357421875,313.6700134277344,322.2200012207031,313.489990234375,317.2799987792969,2505900
2023-03-23,291.2682800292969,314.8500061035156,321.3599853515625,312.6400146484375,315.2099914550781,2585900
2023-03-24,289.1590576171875,312.57000732421875,312.75,305.3599853515625,310.1499938964844,2456700
2023-03-27,294.672607421875,318.5299987792969,320.8999938964844,317.1700134277344,318.6199951171875,2300600
2023-03-28,294.58935546875,318.44000244140625,320.6099853515625,316.1199951171875,319.0899963378906,1224300
2023-03-29,296.6986389160156,320.7200012207031,322.7099914550781,318.67999267578125,322.5,1475900
2023-03-30,297.0871276855469,321.1400146484375,324.8699951171875,319.8800048828125,324.55999755859375,1456300
2023-03-31,302.6099548339844,327.1099853515625,327.3299865722656,322.4200134277344,323.4700012207031,2281100
2023-04-03,302.06414794921875,326.5199890136719,328.9800109863281,323.1499938964844,326.1400146484375,1808800
2023-04-04,298.4840087890625,322.6499938964844,326.8699951171875,320.1199951171875,326.82000732421875,1536800
2023-04-05,297.44793701171875,321.5299987792969,322.20001220703125,319.3699951171875,319.6199951171875,1329300
2023-04-06,298.2528076171875,322.3999938964844,323.2300109863281,319.9800109863281,320.3800048828125,1311000
2023-04-10,300.6209716796875,324.9599914550781,324.989990234375,321.30999755859375,322.3999938964844,1114400
2023-04-11,302.85052490234375,327.3699951171875,329.20001220703125,323.6700134277344,326.04998779296875,1559600
2023-04-12,305.50555419921875,330.239990234375,332.07000732421875,327.17999267578125,331.7200012207031,1862400
2023-04-13,307.2540283203125,332.1300048828125,332.94000244140625,327.0,330.0799865722656,1765500
2023-04-14,311.6852111816406,336.9200134277344,339.6300048828125,334.32000732421875,336.5299987792969,2275700
2023-04-17,314.23858642578125,339.67999267578125,340.45001220703125,333.67999267578125,336.0,3012100
2023-04-18,308.9006652832031,333.9100036621094,336.54998779296875,326.1300048828125,328.0,7549500
2023-04-19,311.65753173828125,336.8900146484375,336.989990234375,331.6700134277344,332.9800109863281,2625400
2023-04-20,313.3411865234375,338.7099914550781,339.30999755859375,334.32000732421875,334.95001220703125,2217900
2023-04-21,316.07025146484375,341.6600036621094,342.3599853515625,336.0,339.0,2278900
2023-04-24,318.19793701171875,343.9599914550781,345.05999755859375,341.5299987792969,341.989990234375,1966300
2023-04-25,314.0535583496094,339.4800109863281,343.4700012207031,338.3299865722656,341.0,2138200
2023-04-26,311.3522033691406,336.55999755859375,340.6000061035156,334.6400146484375,337.5799865722656,2041900
2023-04-27,316.01470947265625,341.6000061035156,343.3599853515625,338.760009765625,340.1400146484375,1768200
2023-04-28,317.7169494628906,343.44000244140625,344.1000061035156,339.70001220703125,340.04998779296875,1714100
2023-05-01,315.0619201660156,340.57000732421875,347.4599914550781,340.3699951171875,344.04998779296875,1375000
2023-05-02,308.401123046875,333.3699951171875,339.8900146484375,330.0,339.010009765625,2397600
2023-05-03,304.0346374511719,328.6499938964844,334.8299865722656,328.25,332.3599853515625,1825400
2023-05-04,297.1981506347656,321.260009765625,326.9800109863281,318.55999755859375,325.95001220703125,2965100
2023-05-05,302.5267333984375,327.0199890136719,327.8699951171875,322.4200134277344,325.05999755859375,2413400
2023-05-08,302.0550231933594,326.510009765625,330.29998779296875,325.6700134277344,329.6400146484375,1607300
2023-05-09,300.44525146484375,324.7699890136719,327.17999267578125,323.29998779296875,325.0400085449219,1253300
2023-05-10,298.3915100097656,322.54998779296875,329.9200134277344,319.0799865722656,329.9200134277344,1752200
2023-05-11,296.6986389160156,320.7200012207031,321.94000244140625,318.17999267578125,319.6600036621094,1515200
2023-05-12,295.57000732421875,319.5,323.2200012207031,317.32000732421875,322.0400085449219,1099100
2023-05-15,297.9475402832031,322.07000732421875,323.25,318.05999755859375,320.4200134277344,1178200
2023-05-16,296.78179931640625,320.80999755859375,323.07000732421875,320.5,322.5,1618900
2023-05-17,305.4500732421875,330.17999267578125,330.3900146484375,322.6600036621094,322.6600036621094,2098100
2023-05-18,304.8949890136719,329.5799865722656,330.6000061035156,325.6600036621094,330.0,1645400
2023-05-19,301.7218933105469,326.1499938964844,331.95001220703125,324.7900085449219,330.0,1546100
2023-05-22,300.5840759277344,324.9200134277344,327.3399963378906,322.42999267578125,326.1499938964844,1498900
2023-05-23,299.335205078125,323.57000732421875,327.1400146484375,322.80999755859375,323.6000061035156,1550900
2023-05-24,295.85675048828125,319.80999755859375,321.8999938964844,318.79998779296875,320.3900146484375,1439100
2023-05-25,299.6219482421875,323.8800048828125,325.17999267578125,318.79998779296875,318.9200134277344,1618500
2023-05-26,307.14300537109375,332.010009765625,332.8699951171875,324.0,324.7200012207031,2718700
2023-05-30,306.0514221191406,330.8299865722656,332.5299987792969,327.7300109863281,332.0799865722656,1998600
2023-05-31,301.9219665527344,323.8999938964844,327.25,321.82000732421875,326.07000732421875,2938000
2023-06-01,294.9308166503906,316.3999938964844,324.67999267578125,314.0199890136719,324.510009765625,3339700
2023-06-02,301.68890380859375,323.6499938964844,325.2699890136719,317.04998779296875,318.239990234375,3987700
2023-06-05,299.9737854003906,321.80999755859375,323.489990234375,320.32000732421875,322.92999267578125,1462900
2023-06-06,304.6252136230469,326.79998779296875,328.07000732421875,321.3999938964844,322.42999267578125,1495600
2023-06-07,312.9678649902344,335.75,337.8399963378906,326.32000732421875,327.6400146484375,3382700
2023-06-08,312.7068786621094,335.4700012207031,336.3299865722656,331.3399963378906,335.3599853515625,2009500
2023-06-09,313.2195739746094,336.0199890136719,336.20001220703125,332.5400085449219,335.2099914550781,1702100
2023-06-12,316.45416259765625,339.489990234375,340.0899963378906,336.3500061035156,338.44000244140625,2290800
2023-06-13,319.2598571777344,342.5,345.2799987792969,339.45001220703125,340.20001220703125,1772400
2023-06-14,315.4567565917969,338.4200134277344,347.7300109863281,337.2300109863281,344.7799987792969,1819400
2023-06-15,316.68719482421875,339.739990234375,344.0,335.70001220703125,337.32000732421875,3322700
2023-06-16,315.35418701171875,338.30999755859375,341.3999938964844,337.1099853515625,341.3800048828125,4544900
2023-06-20,308.2791748046875,330.7200012207031,335.3800048828125,329.2300109863281,335.32000732421875,3208100
2023-06-21,303.01263427734375,325.07000732421875,330.0,324.9200134277344,328.45001220703125,2158700
2023-06-22,297.8950500488281,319.5799865722656,324.260009765625,319.010009765625,323.69000244140625,2409100
2023-06-23,293.35552978515625,314.7099914550781,317.7099914550781,314.07000732421875,316.55999755859375,2612000
2023-06-26,291.1650085449219,312.3599853515625,316.6400146484375,312.1700134277344,315.1300048828125,2481000
2023-06-27,292.1810302734375,313.45001220703125,315.67999267578125,310.55999755859375,312.4100036621094,2156800
2023-06-28,292.3768005371094,313.6600036621094,314.8999938964844,310.69000244140625,311.7200012207031,2423500
2023-06-29,301.16693115234375,323.0899963378906,325.5,316.25,317.8500061035156,3553600
2023-06-30,300.65423583984375,322.5400085449219,326.0299987792969,322.45001220703125,325.82000732421875,2361800
2023-07-03,304.4480895996094,326.6099853515625,329.3999938964844,322.4100036621094,322.4100036621094,1106800
2023-07-05,298.33319091796875,320.04998779296875,324.6099853515625,319.6300048828125,323.95001220703125,2561000
2023-07-06,291.7616271972656,313.0,318.6400146484375,312.8399963378906,318.0,2896900
2023-07-07,293.78436279296875,315.1700134277344,317.3699951171875,312.70001220703125,313.20001220703125,2903100
2023-07-10,294.9961242675781,316.4700012207031,320.0799865722656,316.0,316.6700134277344,1775800
2023-07-11,299.1068420410156,320.8800048828125,321.0400085449219,314.5799865722656,318.8299865722656,2041700
2023-07-12,304.2523498535156,326.3999938964844,333.3500061035156,324.25,324.5799865722656,2741300
2023-07-13,306.37762451171875,328.67999267578125,329.2799987792969,325.69000244140625,327.3500061035156,2787800
2023-07-14,304.05657958984375,326.19000244140625,332.4800109863281,325.0199890136719,331.989990234375,1815200
2023-07-17,304.998046875,327.20001220703125,327.489990234375,324.3599853515625,325.8900146484375,1777400
2023-07-18,314.3847351074219,337.2699890136719,338.25,327.29998779296875,327.29998779296875,3887400
2023-07-19,317.4421691894531,340.54998779296875,345.8800048828125,331.29998779296875,338.0,6037400
2023-07-20,327.0525817871094,350.8599853515625,351.67999267578125,339.1600036621094,339.1600036621094,3915000
2023-07-21,328.0780029296875,351.9599914550781,355.0799865722656,346.7799987792969,351.7799987792969,3217400
2023-07-24,334.5750427246094,358.92999267578125,361.6199951171875,352.0,352.8299865722656,3517500
2023-07-25,330.6320495605469,354.70001220703125,360.82000732421875,353.9800109863281,357.4200134277344,2893000
2023-07-26,333.2979736328125,357.55999755859375,360.260009765625,354.2799987792969,354.489990234375,2281600
2023-07-27,330.4549560546875,354.510009765625,360.5400085449219,354.1700134277344,358.1300048828125,2010800
2023-07-28,329.2618408203125,353.2300109863281,356.5,351.6099853515625,356.1099853515625,1827400
2023-07-31,331.72265625,355.8699951171875,357.20001220703125,354.0199890136719,354.8800048828125,1385500
2023-08-01,333.4471130371094,357.7200012207031,357.8699951171875,353.3900146484375,354.0,2024300
2023-08-02,327.2763366699219,351.1000061035156,354.989990234375,348.8699951171875,354.989990234375,2106600
2023-08-03,329.1965637207031,353.1600036621094,355.2099914550781,348.6199951171875,349.989990234375,1840400
2023-08-04,329.2524719238281,353.2200012207031,358.7300109863281,352.510009765625,353.3399963378906,1725300
2023-08-07,331.4336853027344,355.55999755859375,357.6700134277344,353.9200134277344,355.3999938964844,1260300
2023-08-08,324.6290283203125,348.260009765625,352.0,342.0299987792969,351.70001220703125,1917300
2023-08-09,319.4369812011719,342.69000244140625,348.4599914550781,342.489990234375,346.82000732421875,1326000
2023-08-10,317.3023681640625,340.3999938964844,347.260009765625,339.79998779296875,344.07000732421875,1345900
2023-08-11,317.6100158691406,340.7300109863281,341.7900085449219,337.54998779296875,339.92999267578125,1256800
2023-08-14,314.8229064941406,337.739990234375,338.45001220703125,334.8599853515625,337.4100036621094,1347000
2023-08-15,309.6681213378906,332.2099914550781,334.0299987792969,330.4800109863281,333.29998779296875,1657800
2023-08-16,306.7784423828125,329.1099853515625,332.9200134277344,328.9700012207031,330.5400085449219,3340300
2023-08-17,305.2962951660156,327.5199890136719,333.989990234375,324.0,330.0,3135200
2023-08-18,302.8820495605469,324.92999267578125,327.6199951171875,323.20001220703125,324.32000732421875,1730500
2023-08-21,300.2068176269531,322.05999755859375,326.3900146484375,319.3900146484375,325.3900146484375,1983500
2023-08-22,297.1586608886719,318.7900085449219,322.6400146484375,318.30999755859375,322.4800109863281,1810300
2023-08-23,300.4584655761719,322.3299865722656,322.45001220703125,318.0,320.6199951171875,1429000
2023-08-24,298.249267578125,319.9599914550781,327.489990234375,319.510009765625,322.1499938964844,1185600
2023-08-25,298.4263916015625,320.1499938964844,322.7200012207031,318.19000244140625,320.79998779296875,1159600
2023-08-28,303.8515625,325.9700012207031,326.6000061035156,321.3399963378906,321.3399963378906,1440100
2023-08-29,309.9850158691406,332.54998779296875,332.70001220703125,324.67999267578125,325.55999755859375,1831700
2023-08-30,308.83831787109375,328.5799865722656,331.9100036621094,327.6499938964844,330.0,1131500
2023-08-31,308.02056884765625,327.7099914550781,330.489990234375,325.9599914550781,329.4100036621094,1271100
2023-09-01,307.7292175292969,327.3999938964844,331.6199951171875,326.2099914550781,329.6700134277344,1201400
2023-09-05,304.2985534667969,323.75,328.4800109863281,322.6300048828125,327.3399963378906,1846000
2023-09-06,301.8359375,321.1300048828125,324.1400146484375,319.30999755859375,322.30999755859375,2120800
2023-09-07,302.61602783203125,321.9599914550781,324.2200012207031,320.1300048828125,320.6199951171875,1471100
2023-09-08,305.9621887207031,325.5199890136719,325.9700012207031,321.6600036621094,321.9200134277344,2026400
2023-09-11,305.1444396972656,324.6499938964844,330.1499938964844,324.2900085449219,328.260009765625,1283100
2023-09-12,311.0189514160156,330.8999938964844,335.2799987792969,324.0,324.010009765625,2054700
2023-09-13,314.85382080078125,334.9800109863281,337.010009765625,330.82000732421875,333.5,2165000
2023-09-14,323.86767578125,344.57000732421875,345.1199951171875,336.8500061035156,339.0,2822700
2023-09-15,321.9595947265625,342.5400085449219,346.19000244140625,341.8599853515625,345.1499938964844,3063900
2023-09-18,322.6927490234375,343.32000732421875,344.260009765625,339.2699890136719,342.5400085449219,1356600
2023-09-19,321.3486328125,341.8900146484375,344.9700012207031,337.9700012207031,343.4599914550781,1660200
2023-09-20,316.470458984375,336.70001220703125,343.79998779296875,336.2900085449219,342.6099853515625,1224400
2023-09-21,310.39862060546875,330.239990234375,334.69000244140625,330.0799865722656,334.5,1685100
2023-09-22,308.1898193359375,327.8900146484375,331.5400085449219,326.8299865722656,330.1000061035156,1669100
2023-09-25,309.0826721191406,328.8399963378906,329.2900085449219,325.2799987792969,327.07000732421875,833300
2023-09-26,304.36431884765625,323.82000732421875,327.42999267578125,322.4200134277344,325.6099853515625,1481800
2023-09-27,302.6066589355469,321.95001220703125,325.0,318.9800109863281,324.9800109863281,1493000
2023-09-28,305.66143798828125,325.20001220703125,326.8399963378906,320.2099914550781,320.2099914550781,1389600
2023-09-29,304.1293640136719,323.57000732421875,327.9599914550781,322.2699890136719,327.20001220703125,1403900
2023-10-02,299.3639831542969,318.5,323.5799865722656,317.1000061035156,322.0299987792969,1303800
2023-10-03,287.72772216796875,306.1199951171875,315.67999267578125,304.3900146484375,315.2699890136719,3118600
2023-10-04,290.0587463378906,308.6000061035156,309.05999755859375,303.4800109863281,304.8500061035156,1872000
2023-10-05,291.8446044921875,310.5,310.54998779296875,304.2099914550781,307.3599853515625,1584600
2023-10-06,293.7056884765625,312.4800109863281,315.32000732421875,307.1700134277344,308.1099853515625,1595100
2023-10-09,293.8277893066406,312.6099853515625,313.4800109863281,308.3699951171875,308.8999938964844,1094400
2023-10-10,295.8580627441406,314.7699890136719,316.8500061035156,312.2900085449219,314.4700012207031,1193800
2023-10-11,294.2132263183594,313.0199890136719,316.6300048828125,311.6000061035156,315.42999267578125,1672500
2023-10-12,291.2336730957031,309.8500061035156,314.25,308.0199890136719,314.1499938964844,1727700
2023-10-13,290.7167053222656,309.29998779296875,316.17999267578125,308.1700134277344,312.0,1785200
2023-10-16,295.5009460449219,314.3900146484375,315.8999938964844,310.25,313.17999267578125,2273900
2023-10-17,290.7731018066406,309.3599853515625,316.17999267578125,305.9100036621094,313.3800048828125,4123000
2023-10-18,283.8177185058594,301.9599914550781,307.2200012207031,301.4800109863281,307.0,3460300
2023-10-19,281.21417236328125,299.19000244140625,305.3399963378906,298.6300048828125,301.9599914550781,3211800
2023-10-20,282.0224304199219,300.04998779296875,303.25,298.1000061035156,298.5,2329000
2023-10-23,281.24237060546875,299.2200012207031,303.54998779296875,298.19000244140625,298.2900085449219,2959800
2023-10-24,281.2046813964844,299.17999267578125,303.1000061035156,299.0799865722656,300.0,1697100
2023-10-25,278.93011474609375,296.760009765625,300.0,295.0299987792969,298.6000061035156,1809300
2023-10-26,279.14630126953125,296.989990234375,300.1400146484375,294.7799987792969,296.9599914550781,2011200
2023-10-27,272.4916687011719,289.9100036621094,298.2699890136719,289.3599853515625,297.54998779296875,2601700
2023-10-30,282.7555847167969,300.8299865722656,301.80999755859375,293.2900085449219,293.45001220703125,3065200
2023-10-31,285.3685607910156,303.6099853515625,304.2900085449219,300.70001220703125,301.67999267578125,2611000
2023-11-01,288.7052307128906,307.1600036621094,308.25,302.8399963378906,303.3299865722656,2345400
2023-11-02,294.90875244140625,313.760009765625,314.5400085449219,308.0,309.69000244140625,2597000
2023-11-03,307.9359436035156,327.6199951171875,329.3299865722656,317.92999267578125,318.4599914550781,3742000
2023-11-06,304.44891357421875,323.9100036621094,328.8999938964844,322.1000061035156,326.6600036621094,2087600
2023-11-07,304.48651123046875,323.95001220703125,326.3900146484375,321.2900085449219,322.1300048828125,1505000
2023-11-08,305.0598449707031,324.55999755859375,326.6600036621094,323.6700134277344,323.95001220703125,1484400
2023-11-09,301.5069580078125,320.7799987792969,326.6499938964844,319.6600036621094,326.0,1787900
2023-11-10,305.95281982421875,325.510009765625,326.05999755859375,321.6499938964844,323.32000732421875,1781400
2023-11-13,307.2686767578125,326.9100036621094,328.7200012207031,323.5299987792969,324.1600036621094,1403300
2023-11-14,318.369140625,338.7200012207031,341.7799987792969,332.4700012207031,333.5299987792969,3592700
2023-11-15,317.31640625,337.6000061035156,341.0799865722656,335.3399963378906,339.8999938964844,2534500
2023-11-16,316.4422912597656,336.6700134277344,339.75,335.010009765625,337.760009765625,1620400
2023-11-17,318.8109130859375,339.19000244140625,340.45001220703125,338.1199951171875,339.5,1465200
2023-11-20,319.0552673339844,339.45001220703125,341.32000732421875,337.5,340.0,3146000
2023-11-21,314.8443908691406,334.9700012207031,339.0899963378906,334.54998779296875,338.3599853515625,1900900
2023-11-22,318.2939147949219,338.6400146484375,338.9100036621094,335.3699951171875,336.94000244140625,1235200
2023-11-24,318.77325439453125,339.1499938964844,340.2699890136719,337.6400146484375,338.79998779296875,460100
2023-11-27,317.4197998046875,337.7099914550781,340.0199890136719,335.739990234375,339.19000244140625,1250500
2023-11-28,317.3634338378906,337.6499938964844,338.3999938964844,334.8699951171875,337.3800048828125,1419000
2023-11-29,322.4427490234375,340.260009765625,343.5299987792969,336.510009765625,337.0,2038100
2023-11-30,323.6557312011719,341.5400085449219,344.760009765625,340.0899963378906,341.67999267578125,1903600
2023-12-01,330.1849060058594,348.42999267578125,348.8900146484375,340.4200134277344,341.4599914550781,3623300
2023-12-04,331.0946350097656,349.3900146484375,350.489990234375,345.2900085449219,346.29998779296875,2178100
2023-12-05,323.8547058105469,341.75,346.8299865722656,340.5400085449219,346.6000061035156,2429700
2023-12-06,324.06317138671875,341.9700012207031,347.0,341.6000061035156,343.510009765625,1869300
2023-12-07,326.5743713378906,344.6199951171875,344.69000244140625,342.0,343.7099914550781,2162400
2023-12-08,332.459228515625,350.8299865722656,352.2900085449219,343.7799987792969,344.30999755859375,2238800
2023-12-11,333.3406066894531,351.760009765625,353.0299987792969,349.04998779296875,351.44000244140625,1636000
2023-12-12,334.1460266113281,352.6099853515625,354.0,349.5799865722656,351.4100036621094,1597600
2023-12-13,343.73614501953125,362.7300109863281,362.8500061035156,351.6000061035156,352.94000244140625,2876500
2023-12-14,363.39007568359375,383.4700012207031,386.20001220703125,365.0,366.5,5376300
2023-12-15,360.5851135253906,380.510009765625,385.8999938964844,379.32000732421875,380.19000244140625,4522300
2023-12-18,356.6903076171875,376.3999938964844,382.760009765625,375.9100036621094,381.260009765625,2740900
2023-12-19,362.4235534667969,382.45001220703125,383.7699890136719,374.54998779296875,376.010009765625,2091800
2023-12-20,357.75164794921875,377.5199890136719,385.1300048828125,377.25,380.7300109863281,1836500
2023-12-21,360.6419372558594,380.57000732421875,381.489990234375,377.010009765625,380.04998779296875,1301600
2023-12-22,360.7177734375,380.6499938964844,383.489990234375,379.4100036621094,382.0,1538200
2023-12-26,361.62750244140625,381.6099853515625,382.6099853515625,380.04998779296875,380.6499938964844,837300
2023-12-27,364.34722900390625,384.4800109863281,385.75,380.30999755859375,381.20001220703125,1367200
2023-12-28,366.1761169433594,386.4100036621094,387.760009765625,383.6300048828125,384.5199890136719,1024700
2023-12-29,365.56964111328125,385.7699890136719,386.6400146484375,383.57000732421875,385.57000732421875,881300
2024-01-02,367.9671936035156,388.29998779296875,389.1400146484375,382.19000244140625,383.0,2263100
2024-01-03,361.7980651855469,381.7900085449219,385.3999938964844,376.760009765625,383.8800048828125,2265300
2024-01-04,362.8973083496094,382.95001220703125,387.0899963378906,381.95001220703125,383.54998779296875,1618300
2024-01-05,366.20458984375,386.44000244140625,389.4700012207031,381.0799865722656,381.9200134277344,2913900
2024-01-08,368.4978332519531,388.8599853515625,389.0799865722656,382.0299987792969,385.9700012207031,1902600
2024-01-09,363.64593505859375,383.739990234375,385.95001220703125,381.7699890136719,384.6000061035156,1708800
2024-01-10,361.95916748046875,381.9599914550781,383.04998779296875,378.5299987792969,381.3500061035156,1547300
2024-01-11,359.8648986816406,379.75,380.9800109863281,374.67999267578125,380.8900146484375,2209900
2024-01-12,357.9696044921875,377.75,385.8500061035156,376.5799865722656,383.3399963378906,2223800
2024-01-16,360.5282287597656,380.45001220703125,385.010009765625,374.32000732421875,378.3599853515625,3926600
2024-01-17,357.4294738769531,377.17999267578125,380.20001220703125,374.1300048828125,375.20001220703125,2415100
2024-01-18,357.173583984375,376.9100036621094,381.6400146484375,374.55999755859375,380.3299865722656,1771200
2024-01-19,362.1866455078125,382.20001220703125,383.29998779296875,372.07000732421875,376.7300109863281,2603300
2024-01-22,365.7497253417969,385.9599914550781,392.7300109863281,384.55999755859375,386.3599853515625,2922700
2024-01-23,360.8314208984375,380.7699890136719,383.3599853515625,378.6300048828125,379.9800109863281,3313300
2024-01-24,359.5332336425781,379.3999938964844,384.6099853515625,379.17999267578125,381.80999755859375,2235800
2024-01-25,362.660400390625,382.70001220703125,386.7099914550781,382.010009765625,382.69000244140625,2376300
2024-01-26,358.0075378417969,377.7900085449219,380.8999938964844,376.75,378.6499938964844,3464700
2024-01-29,360.6324768066406,380.55999755859375,380.8399963378906,374.239990234375,375.8900146484375,1632300
2024-01-30,366.612060546875,386.8699951171875,387.9200134277344,381.5899963378906,384.0,3897900
2024-01-31,363.9018249511719,384.010009765625,393.9100036621094,383.70001220703125,386.0,3421100
2024-02-01,363.75018310546875,383.8500061035156,389.5400085449219,378.79998779296875,384.42999267578125,2138500
2024-02-02,367.55023193359375,387.8599853515625,388.739990234375,380.6000061035156,381.79998779296875,2180900
2024-02-05,362.963623046875,383.0199890136719,385.3299865722656,381.0,384.6000061035156,2231100
2024-02-06,364.83050537109375,384.989990234375,386.82000732421875,383.0,383.0199890136719,1487800
2024-02-07,366.4130859375,386.6600036621094,387.07000732421875,382.5,385.30999755859375,1963200
2024-02-08,364.8778381347656,385.0400085449219,388.1099853515625,381.3399963378906,386.0,1913700
2024-02-09,364.1387023925781,384.260009765625,386.1300048828125,382.5899963378906,384.7699890136719,2028200
2024-02-12,372.0799255371094,392.6400146484375,396.3500061035156,384.32000732421875,385.0,2797200
2024-02-13,358.9172058105469,378.75,389.1600036621094,375.20001220703125,387.5899963378906,3030800
2024-02-14,358.244384765625,378.0400085449219,381.4800109863281,375.7799987792969,380.8800048828125,2041300
2024-02-15,365.2380065917969,385.4200134277344,387.2099914550781,379.1400146484375,379.4200134277344,2218900
2024-02-16,364.309326171875,384.44000244140625,387.5799865722656,380.95001220703125,383.239990234375,2376800
2024-02-20,364.3851013183594,384.5199890136719,385.5799865722656,380.8500061035156,380.95001220703125,2358900
2024-02-21,367.93878173828125,388.2699890136719,388.6600036621094,381.260009765625,381.8399963378906,1772500
2024-02-22,370.0235595703125,390.4700012207031,395.6000061035156,389.0,389.2300109863281,2326800
2024-02-23,370.57318115234375,391.04998779296875,396.7900085449219,389.2099914550781,390.0,2247400
2024-02-26,369.7866516113281,390.2200012207031,396.05999755859375,388.82000732421875,391.04998779296875,1797800
2024-02-27,370.34576416015625,390.80999755859375,395.8999938964844,389.3299865722656,392.260009765625,1724900
2024-02-28,375.23199462890625,393.17999267578125,393.260009765625,387.0,387.19000244140625,2572900
2024-02-29,371.2905578613281,389.04998779296875,395.9800109863281,385.6700134277344,395.2200012207031,3139100
2024-03-01,370.3839111328125,388.1000061035156,391.0400085449219,385.25,389.6300048828125,1697700
2024-03-04,374.3445129394531,392.25,396.57000732421875,386.20001220703125,388.80999755859375,1955100
2024-03-05,373.0656433105469,390.9100036621094,397.489990234375,390.30999755859375,390.7200012207031,2697800
2024-03-06,371.78680419921875,389.57000732421875,395.2900085449219,384.5199890136719,395.0,2692400
2024-03-07,370.6988830566406,388.42999267578125,394.510009765625,387.05999755859375,391.8999938964844,2033100
2024-03-08,369.3245849609375,386.989990234375,395.6199951171875,386.7099914550781,388.7300109863281,1657200
2024-03-11,368.5325012207031,386.1600036621094,386.4100036621094,381.4200134277344,385.6700134277344,1654200
2024-03-12,370.46026611328125,388.17999267578125,389.1300048828125,383.7799987792969,387.6199951171875,1703900
2024-03-13,374.4017333984375,392.30999755859375,395.25,388.17999267578125,388.9100036621094,2370600
2024-03-14,370.87066650390625,388.6099853515625,396.3800048828125,385.45001220703125,394.42999267578125,3029500
2024-03-15,369.5345764160156,387.2099914550781,391.1300048828125,386.3999938964844,388.8699951171875,3763900
2024-03-18,366.8241882324219,384.3699951171875,389.0299987792969,383.4100036621094,388.6499938964844,2069000
2024-03-19,370.91839599609375,388.6600036621094,390.7799987792969,383.7099914550781,384.07000732421875,1858200
2024-03-20,378.3718566894531,396.4700012207031,396.5,386.0,386.3599853515625,2157400
2024-03-21,394.8248291015625,413.7099914550781,414.0199890136719,399.0899963378906,399.7699890136719,4613800
2024-03-22,388.2494201660156,406.82000732421875,416.760009765625,405.7799987792969,414.3999938964844,2190300
2024-03-25,386.4552307128906,404.94000244140625,410.4599914550781,403.8599853515625,406.8699951171875,1683900
2024-03-26,387.6385803222656,406.17999267578125,409.3299865722656,404.5199890136719,406.0899963378906,1407000
2024-03-27,396.2945861816406,415.25,415.489990234375,408.3699951171875,409.6199951171875,2353600
2024-03-28,398.6231994628906,417.69000244140625,419.20001220703125,414.9800109863281,416.2099914550781,2409700
2024-04-01,394.6339416503906,413.510009765625,417.95001220703125,412.0,416.67999267578125,1863900
2024-04-02,391.4273681640625,410.1499938964844,413.1700134277344,407.6199951171875,410.739990234375,1976000
2024-04-03,395.1016540527344,414.0,416.6300048828125,411.0,411.0,1549200
2024-04-04,387.7054138183594,406.25,419.0,405.70001220703125,418.0,1704700
2024-04-05,389.4423522949219,408.07000732421875,409.1400146484375,401.4700012207031,406.55999755859375,1694900
2024-04-08,391.7995910644531,410.5400085449219,412.5299987792969,407.54998779296875,409.1000061035156,1181900
2024-04-09,391.9617614746094,410.7099914550781,413.2200012207031,407.04998779296875,411.510009765625,1247200
2024-04-10,382.4660339355469,400.760009765625,405.45001220703125,397.2900085449219,404.010009765625,1903300
2024-04-11,379.33575439453125,397.4800109863281,401.4700012207031,394.8399963378906,400.4800109863281,2176200
2024-04-12,371.71044921875,389.489990234375,394.0899963378906,387.1199951171875,392.8399963378906,2815800
2024-04-15,382.5805969238281,400.8800048828125,412.8699951171875,398.69000244140625,407.0,6177000
2024-04-16,378.74407958984375,396.8599853515625,404.9700012207031,395.17999267578125,404.45001220703125,3459700
2024-04-17,385.47222900390625,403.9100036621094,407.1199951171875,401.17999267578125,402.3999938964844,4373800
2024-04-18,384.708740234375,403.1099853515625,407.8599853515625,402.4100036621094,405.489990234375,2776300
2024-04-19,385.5581359863281,404.0,408.0,403.010009765625,404.05999755859375,2805500
2024-04-22,398.29876708984375,417.3500061035156,417.9800109863281,404.57000732421875,406.94000244140625,4165600
2024-04-23,404.6451416015625,424.0,425.3500061035156,416.20001220703125,417.7099914550781,2662300
2024-04-24,403.72900390625,423.0400085449219,424.5799865722656,419.6099853515625,421.5,1575900
2024-04-25,400.8754577636719,420.04998779296875,423.6099853515625,414.8500061035156,420.989990234375,1970100
2024-04-26,408.0522155761719,427.57000732421875,428.5299987792969,419.6400146484375,420.2300109863281,2322700
2024-04-29,411.1442565917969,430.80999755859375,433.3299865722656,427.20001220703125,427.57000732421875,2453000
2024-04-30,407.2314453125,426.7099914550781,431.3900146484375,426.0,428.5,1829900
2024-05-01,407.4604797363281,426.95001220703125,433.42999267578125,425.19000244140625,426.69000244140625,2310100
2024-05-02,412.8239440917969,432.57000732421875,433.6499938964844,428.1700134277344,431.20001220703125,2087500
2024-05-03,418.1778259277344,438.17999267578125,442.29998779296875,434.9200134277344,435.0,2406300
2024-05-06,423.4172668457031,443.6700134277344,444.3800048828125,439.67999267578125,441.75,1914300
2024-05-07,423.5412902832031,443.79998779296875,447.4200134277344,442.8699951171875,445.1700134277344,2058200
2024-05-08,426.5475769042969,446.95001220703125,448.0199890136719,442.04998779296875,442.79998779296875,2006700
2024-05-09,434.7645263671875,455.55999755859375,456.42999267578125,446.3399963378906,446.3399963378906,2710200
2024-05-10,433.972412109375,454.7300109863281,458.75,454.32000732421875,456.5199890136719,1823900
2024-05-13,432.85577392578125,453.55999755859375,457.20001220703125,453.32000732421875,456.2699890136719,1579600
2024-05-14,437.5416564941406,458.4700012207031,461.7699890136719,454.010009765625,454.8399963378906,2412900
2024-05-15,444.8138122558594,466.0899963378906,466.19000244140625,460.95001220703125,461.5899963378906,2217700
2024-05-16,443.31549072265625,464.5199890136719,468.25,462.2799987792969,464.3699951171875,2070300
2024-05-17,446.36944580078125,467.7200012207031,468.6600036621094,464.25,466.3800048828125,1655900
2024-05-20,441.8076171875,462.94000244140625,471.4800109863281,462.6000061035156,468.20001220703125,2591500
2024-05-21,448.9366149902344,470.4100036621094,471.30999755859375,462.20001220703125,462.2300109863281,2762600
2024-05-22,441.2731628417969,462.3800048828125,470.3299865722656,459.75,467.3599853515625,2729500
2024-05-23,437.23626708984375,458.1499938964844,464.30999755859375,457.4100036621094,464.2300109863281,2254500
2024-05-24,440.1279296875,461.17999267578125,465.25,459.1000061035156,459.8399963378906,1932200
2024-05-28,438.82049560546875,459.80999755859375,463.69000244140625,458.9100036621094,459.94000244140625,1930800
2024-05-29,436.3009948730469,457.1700134277344,458.739990234375,451.6499938964844,454.8399963378906,2315700
2024-05-30,432.278076171875,450.2300109863281,455.8599853515625,447.6000061035156,453.0,2135000
2024-05-31,438.31719970703125,456.5199890136719,456.7699890136719,448.1199951171875,449.760009765625,2638300
2024-06-03,436.83868408203125,454.9800109863281,458.8699951171875,450.20001220703125,458.8699951171875,1930700
2024-06-04,437.1459045410156,455.29998779296875,457.7099914550781,449.2099914550781,450.5,1835000
2024-06-05,443.271484375,461.67999267578125,463.0199890136719,457.5,457.54998779296875,1678900
2024-06-06,439.83428955078125,458.1000061035156,464.5199890136719,457.010009765625,461.82000732421875,1598000
2024-06-07,436.7714538574219,454.9100036621094,461.1600036621094,454.5,455.44000244140625,1736100
2024-06-10,435.4656677246094,453.54998779296875,455.3599853515625,450.29998779296875,452.3299865722656,1698600
2024-06-11,426.5557556152344,444.2699890136719,451.8599853515625,443.3800048828125,451.0400085449219,1938200
2024-06-12,430.8090515136719,448.70001220703125,457.6400146484375,446.19000244140625,455.6000061035156,1733000
2024-06-13,428.55279541015625,446.3500061035156,448.32000732421875,442.1499938964844,446.7300109863281,1849100
2024-06-14,428.65838623046875,446.4599914550781,448.2300109863281,439.1499938964844,441.989990234375,1559100
2024-06-17,432.23004150390625,450.17999267578125,450.7799987792969,443.3900146484375,445.1000061035156,1531600
2024-06-18,439.1910095214844,457.42999267578125,457.69000244140625,448.510009765625,449.57000732421875,1798400
2024-06-20,439.7862243652344,458.04998779296875,460.4100036621094,455.239990234375,458.0,2080600
2024-06-21,432.23004150390625,450.17999267578125,458.79998779296875,449.8999938964844,458.67999267578125,3780800
2024-06-24,443.6651611328125,462.0899963378906,463.5199890136719,450.0,451.25,1882200
2024-06-25,439.14300537109375,457.3800048828125,464.0799865722656,456.75,459.4599914550781,1555900
2024-06-26,437.6835632324219,455.8599853515625,457.92999267578125,452.45001220703125,455.4100036621094,2131700
2024-06-27,428.17828369140625,445.9599914550781,449.7799987792969,442.79998779296875,449.7799987792969,2835200
2024-06-28,434.2847595214844,452.32000732421875,457.3399963378906,449.5299987792969,450.1000061035156,3839700
2024-07-01,445.17254638671875,463.6600036621094,464.0199890136719,454.010009765625,454.510009765625,1850500
2024-07-02,447.0448303222656,465.6099853515625,466.2699890136719,459.6000061035156,461.510009765625,1491800
2024-07-03,449.2627258300781,467.9200134277344,469.8900146484375,465.82000732421875,469.0400085449219,993900
2024-07-05,446.2190856933594,464.75,467.5799865722656,460.1300048828125,467.4700012207031,1593800
2024-07-08,446.28631591796875,464.82000732421875,474.8599853515625,464.0400085449219,467.6499938964844,2214300
2024-07-09,453.9769592285156,472.8299865722656,479.29998779296875,461.5799865722656,465.6000061035156,4525100
2024-07-10,459.7952880859375,478.8900146484375,479.8599853515625,469.8500061035156,472.510009765625,1946000
2024-07-11,460.1217346191406,479.2300109863281,483.1600036621094,476.2699890136719,480.0,2251400
2024-07-12,460.745849609375,479.8800048828125,483.44000244140625,478.1000061035156,480.92999267578125,2727800
2024-07-15,472.60345458984375,492.2300109863281,493.0,476.30999755859375,480.25,3568200
2024-07-16,482.96319580078125,503.0199890136719,506.5899963378906,491.989990234375,494.0,3981700
2024-07-17,482.1566467285156,502.17999267578125,509.4800109863281,499.42999267578125,503.0,3908900
2024-07-18,466.82342529296875,486.2099914550781,503.69000244140625,484.2200012207031,499.5199890136719,3320200
2024-07-19,465.59442138671875,484.92999267578125,492.6000061035156,483.19000244140625,489.1199951171875,2032700
2024-07-22,467.6203308105469,487.0400085449219,489.4700012207031,482.3800048828125,484.55999755859375,1792500
2024-07-23,472.52655029296875,492.1499938964844,495.80999755859375,486.2799987792969,487.0799865722656,2020500
2024-07-24,467.2939453125,486.70001220703125,495.989990234375,485.82000732421875,489.260009765625,1598600
2024-07-25,472.1041259765625,491.7099914550781,496.1099853515625,483.2300109863281,486.04998779296875,1489700
2024-07-26,479.13226318359375,499.0299987792969,504.0,495.6499938964844,495.7200012207031,2249700
2024-07-29,473.07391357421875,492.7200012207031,502.0,491.05999755859375,500.4200134277344,1599500
2024-07-30,485.5074768066406,505.6700134277344,509.4700012207031,498.29998779296875,498.30999755859375,2642500
2024-07-31,488.7335510253906,509.0299987792969,517.260009765625,504.8599853515625,504.8599853515625,2658900
2024-08-01,480.1788024902344,500.1199951171875,514.02001953125,494.67999267578125,510.0,4006800
2024-08-02,451.87420654296875,470.6400146484375,494.4599914550781,467.2099914550781,491.1000061035156,6115500
2024-08-05,440.7175598144531,459.0199890136719,463.17999267578125,437.3699951171875,447.5899963378906,4177200
2024-08-06,451.47100830078125,470.2200012207031,475.25,457.42999267578125,461.010009765625,2209300
2024-08-07,454.1497802734375,473.010009765625,488.54998779296875,472.57000732421875,479.3900146484375,2587600
2024-08-08,466.40093994140625,485.7699890136719,487.7300109863281,477.1600036621094,477.8699951171875,1936400
2024-08-09,470.7119445800781,490.260009765625,492.0,482.20001220703125,485.0199890136719,1622700
2024-08-12,466.14178466796875,485.5,492.8699951171875,483.75,490.260009765625,1839300
2024-08-13,472.3249206542969,491.94000244140625,493.2699890136719,486.4700012207031,490.2900085449219,1243700
2024-08-14,478.8154296875,498.70001220703125,499.3500061035156,488.3999938964844,492.8999938964844,1545600
2024-08-15,479.12261962890625,499.0199890136719,506.9100036621094,498.260009765625,505.0,1732300
2024-08-16,484.1537170410156,504.260009765625,504.9100036621094,497.0,497.04998779296875,1587000
2024-08-19,484.55694580078125,504.67999267578125,507.7799987792969,501.8599853515625,505.0,1027900
2024-08-20,477.50970458984375,497.3399963378906,504.1600036621094,496.5,503.8699951171875,2122700
2024-08-21,476.66473388671875,496.4599914550781,500.7799987792969,494.0299987792969,499.5,917100
2024-08-22,477.9032897949219,497.75,499.70001220703125,494.7900085449219,497.0,943800
2024-08-23,489.10797119140625,509.4200134277344,512.4400024414062,499.8500061035156,502.75,1751800
2024-08-26,487.6197814941406,507.8699951171875,513.5,505.32000732421875,512.3400268554688,1084200
2024-08-27,487.0341491699219,507.260009765625,511.4800109863281,506.5899963378906,507.8399963378906,977900
2024-08-28,483.26080322265625,503.3299865722656,508.3699951171875,498.4700012207031,506.6000061035156,1568100
2024-08-29,489.7608642578125,510.1000061035156,513.239990234375,501.1400146484375,506.0,1566300
2024-08-30,492.8031311035156,510.25,511.19000244140625,505.1700134277344,507.8299865722656,1838900
2024-09-03,470.79241943359375,487.4599914550781,509.70001220703125,485.3999938964844,507.4700012207031,2373600
2024-09-04,473.86370849609375,490.6400146484375,496.20001220703125,486.70001220703125,486.70001220703125,1509400
2024-09-05,471.1980895996094,487.8800048828125,495.7699890136719,483.07000732421875,493.5799865722656,1828300
2024-09-06,463.2107849121094,479.6099853515625,495.4100036621094,477.05999755859375,486.6000061035156,1995600
2024-09-09,471.8644714355469,488.57000732421875,494.2799987792969,483.3900146484375,485.5299987792969,1714200
2024-09-10,451.15753173828125,467.1300048828125,489.20001220703125,461.57000732421875,489.1300048828125,3583100
2024-09-11,455.05938720703125,471.1700134277344,471.8900146484375,457.4800109863281,463.9800109863281,2426500
2024-09-12,457.85064697265625,474.05999755859375,474.3399963378906,465.3999938964844,471.29998779296875,1480500
2024-09-13,462.61199951171875,478.989990234375,482.1000061035156,475.5,475.989990234375,1794500
2024-09-16,468.571044921875,485.1600036621094,487.3800048828125,479.489990234375,481.42999267578125,1500300
2024-09-17,468.7931823730469,485.3900146484375,489.7300109863281,481.79998779296875,488.0,1444900
2024-09-18,468.0108947753906,484.5799865722656,492.989990234375,481.7699890136719,485.3999938964844,1699500
2024-09-19,486.6026611328125,503.8299865722656,506.4100036621094,493.4599914550781,494.739990234375,3060700
2024-09-20,481.3872985839844,498.42999267578125,502.04998779296875,495.4800109863281,500.19000244140625,4452600
2024-09-23,480.4022521972656,497.4100036621094,501.3999938964844,495.2200012207031,498.2099914550781,953200
2024-09-24,480.9913024902344,498.0199890136719,499.55999755859375,494.1000061035156,497.5899963378906,1035400
2024-09-25,474.34661865234375,491.1400146484375,502.0,490.3999938964844,498.5,1763900
2024-09-26,479.9289245605469,496.9200134277344,498.3999938964844,492.4800109863281,494.0,1378100
2024-09-27,481.4645690917969,498.510009765625,505.3999938964844,495.8599853515625,498.9700012207031,1420100
2024-09-30,478.1808166503906,495.1099853515625,496.5199890136719,488.8999938964844,494.8900146484375,1602500
2024-10-01,473.4097595214844,490.1700134277344,494.5799865722656,484.6099853515625,494.5799865722656,1528600
2024-10-02,475.1675109863281,491.989990234375,494.8599853515625,487.95001220703125,491.1700134277344,1445100
2024-10-03,469.47894287109375,486.1000061035156,490.510009765625,484.20001220703125,489.92999267578125,1290600
2024-10-04,478.2291259765625,495.1600036621094,496.30999755859375,486.0,495.6400146484375,1721600
2024-10-07,477.7075500488281,494.6199951171875,499.010009765625,490.7900085449219,494.6300048828125,1173300
2024-10-08,479.5909118652344,496.57000732421875,498.3399963378906,492.7799987792969,497.0,1296700
2024-10-09,487.9065246582031,505.17999267578125,506.2699890136719,495.25,498.20001220703125,1695900
2024-10-10,486.4964294433594,503.7200012207031,506.79998779296875,499.5899963378906,506.30999755859375,1309000
2024-10-11,498.6462707519531,516.2999877929688,517.969970703125,507.79998779296875,508.0,2409700
2024-10-14,504.8757019042969,522.75,523.0700073242188,515.510009765625,517.6500244140625,2174900
2024-10-15,504.5184326171875,522.3800048828125,540.510009765625,515.510009765625,538.7999877929688,4525400
2024-10-16,511.74261474609375,529.8599853515625,536.219970703125,525.97998046875,530.0,2649000
2024-10-17,510.9119567871094,529.0,535.2899780273438,528.22998046875,531.239990234375,2123500
2024-10-18,510.4291687011719,528.5,530.77001953125,526.8699951171875,529.3900146484375,1779200
2024-10-21,500.094970703125,517.7999877929688,529.8499755859375,517.0,528.0,1752100
2024-10-22,500.5779113769531,518.2999877929688,519.6300048828125,512.9400024414062,515.6099853515625,1588000
2024-10-23,499.5155944824219,517.2000122070312,520.0,513.4000244140625,515.7999877929688,1263200
2024-10-24,506.5658874511719,524.5,525.0,518.2000122070312,519.0,2058200
2024-10-25,495.0727844238281,512.5999755859375,528.7999877929688,510.739990234375,528.0499877929688,1633200
2024-10-28,505.6773681640625,523.5800170898438,524.5900268554688,514.97998046875,515.4000244140625,1687100
2024-10-29,506.35345458984375,524.280029296875,527.239990234375,521.0,521.1799926757812,1281600
2024-10-30,506.4693908691406,524.4000244140625,530.7899780273438,523.0700073242188,523.4000244140625,1441600
2024-10-31,500.0852966308594,517.7899780273438,525.0,514.530029296875,522.4400024414062,2061700
2024-11-01,501.5920104980469,519.3499755859375,526.6400146484375,517.0399780273438,520.0,1625000
2024-11-04,493.9814453125,511.4700012207031,518.0499877929688,510.510009765625,518.0,1797800
2024-11-05,508.9418029785156,526.9600219726562,527.4600219726562,512.5999755859375,513.0,2169900
2024-11-06,575.6018676757812,595.97998046875,598.6099853515625,566.0999755859375,567.2999877929688,8042800
2024-11-07,562.2639770507812,582.1699829101562,595.0,581.52001953125,590.0,4475600
2024-11-08,569.1116333007812,589.260009765625,595.1500244140625,581.2999877929688,586.4199829101562,2714000
2024-11-11,581.7444458007812,602.3400268554688,607.1500244140625,596.1699829101562,598.9000244140625,2510800
2024-11-12,572.3277587890625,592.5900268554688,602.0900268554688,591.469970703125,598.0499877929688,2392900
2024-11-13,573.9019775390625,594.219970703125,603.5499877929688,592.6500244140625,594.6300048828125,1763100
2024-11-14,568.4838256835938,588.6099853515625,601.530029296875,586.239990234375,600.0,1670500
2024-11-15,573.2452392578125,593.5399780273438,595.1400146484375,587.0900268554688,593.3599853515625,2007700
2024-11-18,567.8849487304688,587.989990234375,595.0700073242188,584.719970703125,594.7100219726562,1848900
2024-11-19,561.5010375976562,581.3800048828125,584.760009765625,575.510009765625,579.6599731445312,2217400
2024-11-20,562.0322265625,581.9299926757812,587.7999877929688,576.6199951171875,583.8300170898438,1528600
2024-11-21,575.7273559570312,596.1099853515625,600.7000122070312,584.510009765625,586.510009765625,2281900
2024-11-22,582.1693725585938,602.780029296875,603.9400024414062,594.4400024414062,596.219970703125,1733700
2024-11-25,582.4107666015625,603.030029296875,611.2999877929688,598.8300170898438,608.7899780273438,2940800
2024-11-26,584.79638671875,605.5,607.1900024414062,593.0,600.1300048828125,2846500
2024-11-27,584.7286987304688,605.4299926757812,612.25,603.280029296875,607.6799926757812,1424500
2024-11-29,587.7613525390625,608.5700073242188,612.72998046875,607.0599975585938,609.3099975585938,1170200
2024-12-02,584.014892578125,601.7100219726562,611.9099731445312,601.2999877929688,608.0,1804100
2024-12-03,584.3740234375,602.0800170898438,611.4199829101562,600.7999877929688,608.9600219726562,1718100
2024-12-04,581.1030883789062,598.7100219726562,604.280029296875,596.760009765625,603.0,1617300
2024-12-05,579.249267578125,596.7999877929688,606.5599975585938,596.3499755859375,600.530029296875,1672800
2024-12-06,582.0445556640625,599.6799926757812,600.0,594.3699951171875,597.1599731445312,1405700
2024-12-09,576.6480712890625,594.1199951171875,603.0,593.719970703125,598.989990234375,1633200
2024-12-10,567.8253173828125,585.030029296875,596.27001953125,583.760009765625,590.0,2600800
2024-12-11,575.1339111328125,592.5599975585938,593.7100219726562,586.9000244140625,590.1199951171875,2195300
2024-12-12,574.2118530273438,591.6099853515625,596.3200073242188,588.6099853515625,592.5900268554688,1218400
2024-12-13,568.2621459960938,585.47998046875,595.0,585.0800170898438,594.0,1215000
2024-12-16,569.0872192382812,586.3300170898438,588.27001953125,578.7000122070312,588.0,1713300
2024-12-17,557.77978515625,574.6799926757812,581.6099853515625,572.2899780273438,580.8400268554688,2314100
2024-12-18,534.0681762695312,550.25,579.469970703125,544.489990234375,577.489990234375,3271600
2024-12-19,537.6981811523438,553.989990234375,567.0,553.5999755859375,561.4400024414062,2753300
2024-12-20,549.4520874023438,566.0999755859375,572.9000244140625,553.3800048828125,554.9400024414062,4515900
2024-12-23,553.9944458007812,570.780029296875,571.6400146484375,561.7999877929688,565.0,1519500
2024-12-24,565.6512451171875,582.7899780273438,582.7899780273438,571.3599853515625,574.2000122070312,913400
2024-12-26,564.1370849609375,581.22998046875,582.5900268554688,577.5,578.1500244140625,1092000
2024-12-27,559.2356567382812,576.1799926757812,581.9600219726562,571.3499755859375,577.0,1486000
2024-12-30,556.6829833984375,573.5499877929688,576.02001953125,565.0999755859375,567.27001953125,1265900
2024-12-31,555.7802734375,572.6199951171875,576.9199829101562,570.4000244140625,575.0700073242188,1055800
2025-01-02,558.0611572265625,574.969970703125,584.3099975585938,569.739990234375,579.3099975585938,2219000
2025-01-03,563.0694580078125,580.1300048828125,582.1400146484375,571.72998046875,581.0,1422600
2025-01-06,566.233642578125,583.3900146484375,593.6500244140625,579.8200073242188,584.97998046875,2257000
2025-01-07,563.0596923828125,580.1199951171875,588.280029296875,568.4000244140625,587.1099853515625,2021900
2025-01-08,562.9627685546875,580.02001953125,581.2000122070312,572.6699829101562,581.0399780273438,1513400
2025-01-10,543.5314331054688,560.0,576.25,558.010009765625,576.25,2817900
2025-01-13,546.3947143554688,562.9500122070312,566.1900024414062,556.760009765625,557.8800048828125,1871200
2025-01-14,554.722412109375,571.530029296875,573.5900268554688,565.2000122070312,569.6599731445312,2221900
2025-01-15,588.1010131835938,605.9199829101562,609.4099731445312,593.0,598.0,5119800
2025-01-16,594.963134765625,612.989990234375,616.8400268554688,606.0,609.989990234375,3224500
2025-01-17,607.5323486328125,625.9400024414062,627.0,613.0,617.7999877929688,3425200
2025-01-21,616.073486328125,634.739990234375,635.4299926757812,609.0,616.8099975585938,5076700
2025-01-22,614.12255859375,632.72998046875,635.5999755859375,629.7100219726562,633.4400024414062,2835700
2025-01-23,620.693603515625,639.5,645.5399780273438,634.489990234375,634.9199829101562,2582700
2025-01-24,618.1700439453125,636.9000244140625,640.5999755859375,628.9600219726562,630.0,3183500
2025-01-27,614.656494140625,633.280029296875,635.7100219726562,624.4600219726562,625.0,3351700
2025-01-28,619.04345703125,637.7999877929688,639.0800170898438,631.8099975585938,632.2000122070312,2338000
2025-01-29,618.6358642578125,637.3800048828125,649.0,636.4099731445312,637.0,1918900
2025-01-30,626.7112426757812,645.7000122070312,649.52001953125,641.0,644.489990234375,1812800
2025-01-31,621.5670166015625,640.4000244140625,650.0,637.4400024414062,650.0,1995100
2025-02-03,613.773193359375,632.3699951171875,638.47998046875,622.47998046875,626.0,2102600
2025-02-04,615.5299682617188,634.1799926757812,637.6699829101562,629.0900268554688,632.0,1743400
2025-02-05,626.4685668945312,645.4500122070312,646.4099731445312,635.530029296875,638.0,1908200
2025-02-06,638.8629760742188,658.219970703125,658.8499755859375,648.9400024414062,650.0,2439200
2025-02-07,636.6112670898438,655.9000244140625,663.8699951171875,653.1599731445312,659.4000244140625,2616700
2025-02-10,631.399169921875,650.530029296875,662.489990234375,644.25,659.02001953125,2351600
2025-02-11,628.2058715820312,647.239990234375,649.0399780273438,643.5999755859375,646.780029296875,2711400
2025-02-12,629.9141845703125,649.0,650.469970703125,639.1099853515625,643.760009765625,2295800
2025-02-13,629.8656616210938,648.9500122070312,652.0,640.510009765625,651.8300170898438,2031800
2025-02-14,641.1244506835938,660.5499877929688,663.260009765625,650.3200073242188,650.3200073242188,2246000
2025-02-18,652.422119140625,672.1900024414062,672.1900024414062,661.02001953125,662.5900268554688,2350100
2025-02-19,648.5009765625,668.1500244140625,671.0399780273438,663.280029296875,669.0800170898438,1953600
2025-02-20,623.3724365234375,642.260009765625,670.280029296875,631.6599731445312,668.030029296875,3929000
2025-02-21,607.2022094726562,625.5999755859375,647.5,623.4299926757812,644.75,3000800
2025-02-24,607.7265014648438,626.1400146484375,637.2999877929688,614.7999877929688,633.510009765625,3274100
2025-02-25,596.82666015625,614.9099731445312,631.3200073242188,606.0,628.530029296875,2885900
2025-02-26,599.6024780273438,617.77001953125,623.1300048828125,615.2000122070312,616.6699829101562,2001200
2025-02-27,590.119873046875,608.0,625.22998046875,607.3099975585938,617.5399780273438,2396300
2025-02-28,606.9846801757812,622.2899780273438,623.6500244140625,604.010009765625,607.7899780273438,3337200
2025-03-03,590.3734741210938,605.260009765625,628.780029296875,598.3200073242188,622.4000244140625,3152300
2025-03-04,566.8467407226562,581.1400146484375,600.0,567.5700073242188,595.97998046875,4061000
2025-03-05,578.4832763671875,593.0700073242188,597.1199951171875,576.780029296875,582.0900268554688,2600600
2025-03-06,553.7080688476562,567.6699829101562,586.7100219726562,564.6199951171875,580.5900268554688,4332300
2025-03-07,545.90478515625,559.6699829101562,568.1699829101562,544.9099731445312,568.1699829101562,4069600
2025-03-10,518.5836791992188,531.6599731445312,546.469970703125,523.1300048828125,542.2999877929688,5272100
2025-03-11,518.359375,531.4299926757812,539.989990234375,524.2000122070312,532.469970703125,4190500
2025-03-12,522.5341186523438,535.7100219726562,545.0,528.5900268554688,544.0,3078100
2025-03-13,511.9021301269531,524.8099975585938,538.1400146484375,520.0599975585938,535.6699829101562,2529100
2025-03-14,528.0938110351562,541.4099731445312,543.5700073242188,526.7000122070312,533.989990234375,2808100
2025-03-17,537.7796630859375,551.3400268554688,557.1599731445312,540.0,541.22998046875,2695600
2025-03-18,538.2088623046875,551.780029296875,553.75,546.6500244140625,550.2899780273438,2641000
2025-03-19,543.632080078125,557.3400268554688,563.0,544.5999755859375,549.0,2769800
2025-03-20,548.8406982421875,562.6799926757812,568.4400024414062,552.0,553.0999755859375,2531300
2025-03-21,551.240234375,565.1400146484375,567.0,551.2100219726562,555.3300170898438,3565600
2025-03-24,565.832275390625,580.0999755859375,582.719970703125,573.0499877929688,575.0,1877700
2025-03-25,571.528564453125,585.9400024414062,586.8900146484375,578.2100219726562,584.6900024414062,1875500
2025-03-26,559.8042602539062,573.9199829101562,592.6400146484375,571.0,588.3900146484375,1944200
2025-03-27,545.1731567382812,558.9199829101562,566.0,552.5499877929688,565.0,2100900
2025-03-28,529.7617797851562,543.1199951171875,560.5,537.7100219726562,555.9500122070312,2773100
2025-03-31,532.8538208007812,546.2899780273438,547.3900146484375,528.5900268554688,533.8200073242188,2455100
2025-04-01,534.9607543945312,548.4500122070312,551.9600219726562,533.239990234375,543.25,1869600
2025-04-02,549.2503051757812,563.0999755859375,567.3200073242188,539.0800170898438,539.7999877929688,2560700
2025-04-03,498.65618896484375,511.2300109863281,529.989990234375,509.55999755859375,525.4299926757812,5193900
2025-04-04,459.23028564453125,470.80999755859375,492.0,460.0,487.0,8105200
2025-04-07,454.0606689453125,465.510009765625,489.9800109863281,439.3800048828125,446.8999938964844,6353800
2025-04-08,450.8515930175781,462.2200012207031,491.9200134277344,452.8299865722656,488.25,4240900
2025-04-09,504.1574401855469,516.8699951171875,522.0,447.1099853515625,451.3599853515625,7024100
2025-04-10,477.7532653808594,489.79998779296875,503.1000061035156,474.0,503.1000061035156,5374500
2025-04-11,482.27911376953125,494.44000244140625,498.5199890136719,478.5799865722656,487.0,3770200
2025-04-14,491.5844421386719,503.9800109863281,512.0,497.1499938964844,510.0,4392600
2025-04-15,495.3983459472656,507.8900146484375,518.6500244140625,507.0,507.4100036621094,2501200
2025-04-16,486.7757263183594,499.04998779296875,509.45001220703125,492.69000244140625,501.7200012207031,2765600
2025-04-17,496.9589538574219,509.489990234375,514.8300170898438,499.1199951171875,503.239990234375,2593500
2025-04-21,489.0289001464844,501.3599853515625,509.2699890136719,494.67999267578125,505.3999938964844,2859300
2025-04-22,507.20068359375,519.989990234375,521.0,508.92999267578125,510.2300109863281,2514600
2025-04-23,516.29150390625,529.3099975585938,551.7899780273438,528.260009765625,533.6300048828125,3048100
2025-04-24,531.9564819335938,545.3699951171875,546.8400268554688,523.4199829101562,527.0999755859375,2223600
2025-04-25,531.4590454101562,544.8599853515625,549.0900268554688,541.219970703125,544.5999755859375,1612700
2025-04-28,532.9612426757812,546.4000244140625,554.5,542.469970703125,544.8599853515625,1459700
2025-04-29,535.419189453125,548.9199829101562,550.8800048828125,541.2999877929688,543.7899780273438,1695600
2025-04-30,534.0828857421875,547.5499877929688,549.52001953125,531.4500122070312,535.760009765625,2438300
2025-05-01,540.20849609375,553.8300170898438,558.3499755859375,545.5,548.0999755859375,2583000
2025-05-02,552.1766357421875,566.0999755859375,569.780029296875,559.7000122070312,561.5800170898438,2883000
2025-05-05,545.7975463867188,559.5599975585938,566.5599975585938,557.5,558.3599853515625,2197200
2025-05-06,535.8483276367188,549.3599853515625,557.4400024414062,547.0599975585938,549.5999755859375,2902500
2025-05-07,538.3453369140625,551.9199829101562,555.3800048828125,547.739990234375,550.2100219726562,1954900
2025-05-08,551.7864379882812,565.7000122070312,572.1599731445312,558.2100219726562,558.8200073242188,1994600
2025-05-09,553.1520385742188,567.0999755859375,572.0999755859375,565.780029296875,570.25,1522500
2025-05-12,576.7958984375,591.3400268554688,603.3699951171875,588.0800170898438,596.260009765625,3527700
2025-05-13,588.9591064453125,603.8099975585938,607.7100219726562,593.0599975585938,593.2999877929688,2765800
2025-05-14,596.5575561523438,611.5999755859375,615.0,602.5,603.7999877929688,2874400
2025-05-15,600.7518310546875,615.9000244140625,619.2100219726562,609.72998046875,609.72998046875,2428100
2025-05-16,603.8048095703125,619.030029296875,620.7899780273438,613.5599975585938,616.9500122070312,2021800
2025-05-19,597.2403564453125,612.2999877929688,619.3800048828125,598.3400268554688,609.1900024414062,2842100
2025-05-20,591.6024780273438,606.52001953125,611.5499877929688,603.010009765625,607.75,1601600
2025-05-21,578.86376953125,593.4600219726562,609.8699951171875,592.0,601.7999877929688,2635900
2025-05-22,583.516357421875,598.22998046875,602.2000122070312,592.510009765625,592.5499877929688,1939600
2025-05-23,583.8187255859375,598.5399780273438,601.9600219726562,582.5,585.0,1530600
2025-05-27,600.5859985351562,615.72998046875,617.6699829101562,604.9500122070312,605.9000244140625,2364700
2025-05-28,593.4752807617188,608.4400024414062,618.6300048828125,607.3099975585938,617.280029296875,2001900
2025-05-29,589.9833374023438,604.8599853515625,610.0,598.2999877929688,608.52001953125,1736100
2025-05-30,588.6011962890625,600.4500122070312,603.5999755859375,593.8300170898438,600.0,2129500
2025-06-02,586.9052734375,598.719970703125,599.1699829101562,592.1699829101562,598.5999755859375,1221200
2025-06-03,591.9144287109375,603.8300170898438,606.3200073242188,593.72998046875,600.0,1730300
2025-06-04,587.3856201171875,599.2100219726562,606.3300170898438,598.719970703125,605.47998046875,1294900
2025-06-05,593.9240112304688,605.8800048828125,609.719970703125,592.9000244140625,600.0,2086700
2025-06-06,601.8837890625,614.0,621.3800048828125,610.0,613.0,1675900
2025-06-09,601.4132080078125,613.52001953125,619.0999755859375,611.010009765625,614.75,1610700
2025-06-10,602.736572265625,614.8699951171875,616.5499877929688,609.3099975585938,613.0,1376400
2025-06-11,611.85302734375,624.1699829101562,629.8400268554688,614.5900268554688,617.1799926757812,2063600
2025-06-12,612.7745361328125,625.1099853515625,626.010009765625,615.7999877929688,621.0,1634700
2025-06-13,601.432861328125,613.5399780273438,620.1199951171875,609.5900268554688,616.0499877929688,1674800
2025-06-16,615.4603881835938,627.8499755859375,632.27001953125,618.0,619.0,1870400
2025-06-17,612.3138427734375,624.6400146484375,631.6699829101562,623.0,624.7000122070312,1479300
2025-06-18,622.70458984375,635.239990234375,639.8800048828125,623.6500244140625,624.510009765625,2423100
2025-06-20,628.1548461914062,640.7999877929688,642.6400146484375,636.6900024414062,638.8300170898438,4115400
2025-06-23,634.1149291992188,646.8800048828125,647.4199829101562,630.010009765625,639.260009765625,2020800
2025-06-24,649.0443725585938,662.1099853515625,663.77001953125,653.239990234375,654.4500122070312,2307800
2025-06-25,656.6511840820312,669.8699951171875,670.1199951171875,660.7899780273438,664.5999755859375,1566400
2025-06-26,673.6000366210938,687.1599731445312,689.3300170898438,670.510009765625,670.6199951171875,2849500
2025-06-27,677.177978515625,690.8099975585938,694.2000122070312,685.3900146484375,691.0,3650500
2025-06-30,693.7837524414062,707.75,714.2999877929688,702.9500122070312,714.27001953125,3976400
2025-07-01,692.519287109375,706.4600219726562,713.010009765625,700.6099853515625,708.0,3301000
2025-07-02,701.7631225585938,715.8900146484375,718.72998046875,705.0800170898438,708.7999877929688,2906500
2025-07-03,709.3993530273438,723.6799926757812,726.0,713.4000244140625,715.9099731445312,1502000
2025-07-07,696.9010009765625,710.9299926757812,723.969970703125,706.3400268554688,721.7000122070312,2863700
2025-07-08,683.5204467773438,697.280029296875,711.1900024414062,693.77001953125,710.719970703125,3100700
2025-07-09,682.8145141601562,696.5599975585938,704.3400268554688,694.7100219726562,704.3400268554688,1763400
2025-07-10,695.1267700195312,709.1199951171875,710.3800048828125,696.4500122070312,696.739990234375,1733500
2025-07-11,691.0390014648438,704.9500122070312,706.0,700.22998046875,703.5900268554688,1681800
2025-07-14,699.2242431640625,713.2999877929688,713.4299926757812,702.1300048828125,704.739990234375,1909300
2025-07-15,688.647216796875,702.510009765625,714.6900024414062,700.0399780273438,713.2999877929688,1981200
2025-07-16,694.8326416015625,708.8200073242188,709.780029296875,691.2999877929688,708.5,3323200
2025-07-17,691.9114990234375,705.8400268554688,717.4500122070312,704.280029296875,706.280029296875,2046100
2025-07-18,694.28369140625,708.260009765625,710.2899780273438,698.3900146484375,707.0599975585938,1925200
2025-07-21,692.068359375,706.0,712.760009765625,704.3499755859375,709.1400146484375,2006500
2025-07-22,686.5885620117188,700.4099731445312,706.489990234375,691.8800048828125,703.6599731445312,1978900
2025-07-23,703.3610229492188,717.52001953125,719.010009765625,701.5,702.0,2395700
2025-07-24,704.9882202148438,719.1799926757812,725.77001953125,714.72998046875,718.9299926757812,1974700
2025-07-25,714.5947265625,728.97998046875,729.8900146484375,718.3499755859375,720.760009765625,1851400
2025-07-28,709.3700561523438,723.6500244140625,732.52001953125,722.1699829101562,728.0,1464800
2025-07-29,717.53564453125,731.97998046875,734.1300048828125,722.4199829101562,726.8499755859375,2136000
2025-07-30,716.329833984375,730.75,737.8800048828125,723.1799926757812,731.1400146484375,1816200
2025-07-31,709.3112182617188,723.5900268554688,734.0399780273438,720.4400024414062,726.5900268554688,2358100
2025-08-01,695.5678100585938,709.5700073242188,714.52001953125,694.0499877929688,710.510009765625,2999100
2025-08-04,711.7030639648438,726.030029296875,726.7899780273438,715.2000122070312,715.2000122070312,1753700
2025-08-05,706.68408203125,720.9099731445312,729.4000244140625,714.5499877929688,728.0,1977300
2025-08-06,710.4384765625,724.739990234375,728.2999877929688,722.0,724.5,1477100
2025-08-07,705.537109375,719.739990234375,732.9400024414062,717.6099853515625,730.6199951171875,1400400
2025-08-08,707.0369873046875,721.27001953125,728.0,718.6500244140625,725.8599853515625,1275400
2025-08-11,705.0469970703125,719.239990234375,723.8400268554688,715.739990234375,722.2000122070312,1273500
2025-08-12,728.710693359375,743.3800048828125,748.1400146484375,724.3499755859375,725.280029296875,2418100
2025-08-13,729.9948120117188,744.6900024414062,748.9099731445312,732.6199951171875,745.780029296875,1862600
2025-08-14,732.4552612304688,747.2000122070312,748.1599731445312,737.0,742.719970703125,1371200
2025-08-15,716.3004760742188,730.719970703125,749.0499877929688,729.1799926757812,749.0,1645900
2025-08-18,716.5357055664062,730.9600219726562,731.6099853515625,723.8699951171875,729.5,1157800
2025-08-19,707.1448364257812,721.3800048828125,730.0,717.72998046875,729.1599731445312,1856400
2025-08-20,706.4586181640625,720.6799926757812,722.25,705.5499877929688,721.2000122070312,1872700
2025-08-21,701.822021484375,715.9500122070312,719.219970703125,712.969970703125,716.5399780273438,1162000
2025-08-22,727.2500610351562,741.8900146484375,744.8400268554688,718.5800170898438,720.1400146484375,1948600
2025-08-25,724.211181640625,738.7899780273438,746.5,738.3300170898438,741.8900146484375,1381200
2025-08-26,734.170654296875,748.9500122070312,749.1599731445312,733.8599853515625,737.7100219726562,1511600
2025-08-27,734.87646484375,749.6699829101562,753.0,745.02001953125,745.969970703125,1534800
2025-08-28,736.3958740234375,751.219970703125,753.3300170898438,746.989990234375,750.989990234375,1411200
2025-08-29,734.4544677734375,745.25,748.9199829101562,738.9000244140625,746.7100219726562,1467000
2025-09-02,720.2630004882812,730.8499755859375,736.3900146484375,721.1599731445312,736.3900146484375,2296400
2025-09-03,719.977294921875,730.5599975585938,732.02001953125,722.2999877929688,728.5599975585938,1485600
2025-09-04,738.0516357421875,748.9000244140625,748.9099731445312,731.1699829101562,733.75,1778200
2025-09-05,727.5164184570312,738.2100219726562,757.3499755859375,727.1500244140625,752.1900024414062,1822800
2025-09-08,731.1036987304688,741.8499755859375,743.5399780273438,733.5700073242188,739.4199829101562,1400100
2025-09-09,752.85400390625,763.9199829101562,765.6199951171875,738.5399780273438,740.1300048828125,2611300
2025-09-10,758.4320068359375,769.5800170898438,774.469970703125,761.6300048828125,761.8599853515625,1996200
2025-09-11,773.3626098632812,784.72998046875,793.1699829101562,771.3499755859375,772.0,2075700
2025-09-12,768.76025390625,780.0599975585938,787.030029296875,776.260009765625,783.5,1099400
2025-09-15,775.3631591796875,786.760009765625,792.3800048828125,781.4400024414062,782.9500122070312,1292000
2025-09-16,774.1510009765625,785.530029296875,790.010009765625,779.6900024414062,789.530029296875,1529500
2025-09-17,782.7151489257812,794.219970703125,798.5700073242188,785.22998046875,788.8599853515625,1945300
2025-09-18,792.658935546875,804.3099975585938,807.280029296875,792.4000244140625,795.5700073242188,1501600
2025-09-19,793.3389282226562,805.0,809.6599731445312,797.3699951171875,804.0900268554688,3789800
2025-09-22,793.8908081054688,805.5599975585938,806.030029296875,797.5399780273438,801.1400146484375,1151000
2025-09-23,794.6398315429688,806.3200073242188,825.25,802.0,807.0999755859375,1758800
2025-09-24,780.9510498046875,792.4299926757812,812.8400268554688,792.3400268554688,809.5499877929688,1402500
2025-09-25,783.247314453125,794.760009765625,798.1799926757812,782.010009765625,786.0,1413100
2025-09-26,790.8850708007812,802.510009765625,809.5,795.1300048828125,797.1599731445312,1376200
2025-09-29,792.4716186523438,804.1199951171875,808.8400268554688,797.989990234375,807.7999877929688,1059000
2025-09-30,784.814208984375,796.3499755859375,809.6199951171875,786.4500122070312,805.5,2463900
2025-10-01,774.13134765625,785.510009765625,796.280029296875,783.22998046875,793.6199951171875,1788900
2025-10-02,768.090087890625,779.3800048828125,791.0,772.4400024414062,788.8800048828125,1553700
2025-10-03,778.5364990234375,789.97998046875,794.9199829101562,777.8599853515625,783.0,1470500
2025-10-06,785.2380981445312,796.780029296875,802.5,780.0499877929688,795.0,1632600
2025-10-07,778.2113647460938,789.6500244140625,805.3200073242188,781.3900146484375,798.0,1547200
2025-10-08,765.2616577148438,776.510009765625,795.0,774.3400268554688,791.75,1939300
2025-10-09,768.6616821289062,779.9600219726562,782.9099731445312,771.3499755859375,778.8499755859375,1575000
2025-10-10,753.2876586914062,764.3599853515625,791.6599731445312,764.0,783.1199951171875,2457900
2025-10-13,775.3829345703125,786.780029296875,791.0499877929688,777.8800048828125,777.8800048828125,2766000
2025-10-14,759.594970703125,770.760009765625,786.5700073242188,742.4600219726562,764.4500122070312,4710800
2025-10-15,756.805908203125,767.9299926757812,782.489990234375,762.6599731445312,778.6199951171875,3217400
2025-10-16,747.1085205078125,758.0900268554688,781.4400024414062,752.4099731445312,770.6599731445312,3160900
2025-10-17,739.89453125,750.77001953125,758.9400024414062,740.010009765625,758.1500244140625,2884700
2025-10-20,752.2626953125,763.3200073242188,766.4199829101562,752.8800048828125,757.0,1925400
2025-10-21,747.985595703125,758.97998046875,765.2999877929688,758.27001953125,759.0,1782200
2025-10-22,733.8138427734375,744.5999755859375,760.6099853515625,743.1099853515625,760.6099853515625,2141400
2025-10-23,739.9044189453125,750.780029296875,755.0,744.6599731445312,749.3400268554688,1615400
2025-10-24,772.5248413085938,783.8800048828125,784.6099853515625,756.0,759.8499755859375,2505600
2025-10-27,778.5463256835938,789.989990234375,796.7100219726562,787.010009765625,789.0,1645300
2025-10-28,780.6160278320312,792.0900268554688,798.3599853515625,787.3499755859375,792.0499877929688,1242000
2025-10-29,771.716796875,783.0599975585938,800.489990234375,778.8200073242188,788.0,2251500
2025-10-30,778.7139282226562,790.1599731445312,807.1400146484375,780.5999755859375,783.5599975585938,1829500
2025-10-31,777.9354248046875,789.3699951171875,791.719970703125,783.0,784.97998046875,1328100
2025-11-03,774.1411743164062,785.52001953125,796.0,781.4400024414062,789.5700073242188,1569100
2025-11-04,779.374267578125,790.8300170898438,806.0,773.0,777.0,2046000
2025-11-05,781.6015625,793.0900268554688,797.3599853515625,775.5800170898438,790.4400024414062,1832700
2025-11-06,776.1713256835938,787.5800170898438,798.2000122070312,777.0,794.0,1572500
2025-11-07,774.94921875,786.3400268554688,787.0599975585938,762.7999877929688,783.0,2098400
2025-11-10,785.6519775390625,797.2000122070312,806.3599853515625,788.7999877929688,796.0800170898438,1698200
2025-11-11,798.572021484375,810.3099975585938,812.0,795.6099853515625,798.47998046875,1521500
2025-11-12,826.8168334960938,838.969970703125,840.0,814.1300048828125,814.1300048828125,2954100
2025-11-13,793.8317260742188,805.5,841.280029296875,805.02001953125,833.0599975585938,2557400
2025-11-14,779.4530029296875,790.9099731445312,800.6099853515625,778.0,795.5499877929688,2552000
2025-11-17,764.325439453125,775.5599975585938,796.72998046875,770.5,790.0,1850600
2025-11-18,765.0546875,776.2999877929688,787.7000122070312,766.5399780273438,772.0599975585938,1673500
2025-11-19,774.6043090820312,785.989990234375,787.8699951171875,775.0,776.2999877929688,1521100
2025-11-20,762.4923706054688,773.7000122070312,816.0,772.1900024414062,795.25,2599000
2025-11-21,762.8175659179688,774.030029296875,780.3699951171875,754.0,776.8300170898438,2284700
2025-11-24,779.2559814453125,790.7100219726562,793.989990234375,775.3599853515625,778.6400146484375,2319500
2025-11-25,790.69775390625,802.3200073242188,805.260009765625,777.989990234375,797.0,2252900
2025-11-26,804.189453125,816.010009765625,819.5800170898438,805.0,805.8400268554688,1862500
2025-11-28,814.0741577148438,826.0399780273438,830.5700073242188,818.9500122070312,820.0,868300
2025-12-01,799.1140747070312,810.8599853515625,824.72998046875,809.6099853515625,818.5900268554688,2133200
2025-12-02,807.3839111328125,815.2100219726562,819.7000122070312,808.2999877929688,811.1199951171875,2254200
2025-12-03,828.538818359375,836.5700073242188,837.9099731445312,812.9500122070312,812.9500122070312,2347900
2025-12-04,829.7868041992188,837.8300170898438,843.989990234375,834.5,835.5399780273438,1670800
2025-12-05,846.3561401367188,854.5599975585938,856.2000122070312,836.52001953125,837.260009765625,2277500
2025-12-08,858.3696899414062,866.6900024414062,870.5599975585938,856.2999877929688,861.0999755859375,2238100
2025-12-09,868.164794921875,876.5800170898438,883.719970703125,864.3099975585938,866.0,2274800
2025-12-10,880.7032470703125,889.239990234375,897.2000122070312,869.27001953125,871.3499755859375,2394300
2025-12-11,902.2840576171875,911.030029296875,919.0999755859375,888.0,889.97998046875,2683000
2025-12-12,879.435546875,887.9600219726562,914.989990234375,886.989990234375,913.75,2715200
2025-12-15,881.0499267578125,889.5900268554688,904.469970703125,889.5900268554688,892.0,1976600
2025-12-16,870.7100830078125,879.1500244140625,896.239990234375,874.3200073242188,890.22998046875,2161600
2025-12-17,863.9556274414062,872.3300170898438,895.969970703125,868.4400024414062,886.3300170898438,2213300
2025-12-18,867.887451171875,876.2999877929688,892.7899780273438,874.7000122070312,880.5,2066300
2025-12-19,884.9024658203125,893.47998046875,899.75,881.9500122070312,883.1699829101562,4808300
2025-12-22,890.3695068359375,899.0,905.47998046875,894.8400268554688,896.52001953125,1442300
2025-12-23,893.0535888671875,901.7100219726562,905.9199829101562,893.7000122070312,900.3499755859375,1210200
2025-12-24,902.0364379882812,910.780029296875,911.8800048828125,898.7000122070312,901.1599731445312,771800
2025-12-26,898.332275390625,907.0399780273438,913.3200073242188,905.3099975585938,911.0,995300
2025-12-29,883.614990234375,892.1799926757812,906.47998046875,891.5599975585938,906.4500122070312,1578000
2025-12-30,875.929443359375,884.4199829101562,895.02001953125,881.1799926757812,894.739990234375,1833300
2025-12-31,870.5615234375,879.0,886.0,876.7899780273438,884.0999755859375,1221500
2026-01-02,905.5623168945312,914.3400268554688,914.4400024414062,880.75,884.0,2817600
2026-01-05,939.3348999023438,948.4400024414062,961.6900024414062,912.5999755859375,914.4000244140625,3742000
2026-01-06,946.2974243164062,955.469970703125,958.5700073242188,943.25,949.4099731445312,1966000
2026-01-07,931.9861450195312,941.02001953125,958.25,934.0,956.8800048828125,2683300
2026-01-08,925.8555297851562,934.8300170898438,945.1900024414062,932.0,935.47998046875,1960800
2026-01-09,929.9656982421875,938.97998046875,946.1400146484375,932.7000122070312,938.77001953125,1334100
2026-01-12,940.4342041015625,949.5499877929688,950.5599975585938,929.1099853515625,934.0,2179600
2026-01-13,929.1437377929688,938.1500244140625,949.9400024414062,931.0,947.3200073242188,1969600
2026-01-14,923.71630859375,932.6699829101562,938.1500244140625,917.9000244140625,932.2999877929688,2513000
2026-01-15,966.4916381835938,975.8599853515625,981.260009765625,924.6699829101562,924.9000244140625,3773700
2026-01-16,952.7647094726562,962.0,984.7000122070312,957.0,973.0,3071600
2026-01-20,934.3135986328125,943.3699951171875,962.5999755859375,939.0999755859375,946.3800048828125,2629100
2026-01-21,943.861083984375,953.010009765625,968.9199829101562,943.4500122070312,944.0,2251300
2026-01-22,945.4853515625,954.6500244140625,970.9500122070312,950.8099975585938,960.0599975585938,2468300
2026-01-23,910.0586547851562,918.8800048828125,937.1900024414062,917.0499877929688,934.0800170898438,3872600
2026-01-26,922.9140625,931.8599853515625,933.739990234375,917.97998046875,918.4099731445312,2655900
2026-01-27,920.7946166992188,929.719970703125,933.4000244140625,920.3900146484375,924.0,2012500
2026-01-28,927.8165283203125,936.8099975585938,937.1699829101562,922.760009765625,932.510009765625,1674100
2026-01-29,931.0947875976562,940.1199951171875,955.3800048828125,925.1300048828125,937.2999877929688,2335400
2026-01-30,926.4299926757812,935.4099731445312,947.0,923.1699829101562,933.9500122070312,1893700
2026-02-02,937.2451782226562,946.3300170898438,949.4400024414062,912.0800170898438,932.1300048828125,1802000
2026-02-03,929.9755859375,938.989990234375,964.5,919.0599975585938,949.5,2321900
2026-02-04,904.5322265625,913.2999877929688,944.1599731445312,893.7999877929688,937.1199951171875,3561900
2026-02-05,881.8619995117188,890.4099731445312,910.8300170898438,876.719970703125,901.6699829101562,3214300
2026-02-06,919.8339233398438,928.75,931.77001953125,907.22998046875,907.8699951171875,2473200
2026-02-09,934.5612182617188,943.6199951171875,949.0,927.1099853515625,929.0,2322600
2026-02-10,939.879638671875,948.989990234375,961.8300170898438,929.9299926757812,945.7000122070312,3324900
2026-02-11,935.5219116210938,944.5900268554688,968.1300048828125,931.280029296875,950.6400146484375,2654300
2026-02-12,895.8662109375,904.5499877929688,968.3900146484375,903.97998046875,956.1699829101562,3188700
2026-02-13,896.4506225585938,905.1400146484375,905.989990234375,869.0,894.4099731445312,2623000
2026-02-17,907.2459106445312,916.0399780273438,921.5499877929688,905.6799926757812,907.72998046875,2008500
2026-02-18,924.76611328125,933.72998046875,947.7000122070312,919.97998046875,921.5800170898438,1864900
2026-02-19,907.85009765625,916.6500244140625,929.6599731445312,906.489990234375,925.0,1974200
2026-02-20,913.3864135742188,922.239990234375,922.3699951171875,900.5700073242188,912.5499877929688,2009100
2026-02-23,883.7437133789062,892.3099975585938,932.0,883.75,918.5,2535900
2026-02-24,893.608154296875,902.27001953125,911.77001953125,881.6500244140625,885.4400024414062,1971500
2026-02-25,912.53466796875,921.3800048828125,922.510009765625,907.52001953125,914.719970703125,1763600
2026-02-26,920.08154296875,929.0,938.3900146484375,921.5399780273438,927.760009765625,2220300
2026-02-27,851.3180541992188,859.5700073242188,916.25,854.1500244140625,912.0,5552300
2026-03-02,857.9190063476562,861.7000122070312,873.6300048828125,836.0,840.0,2873200
2026-03-03,858.795166015625,862.5800170898438,868.3400268554688,824.6400146484375,836.0,3782100
2026-03-04,863.4446411132812,867.25,878.7999877929688,860.0,869.8400268554688,2081700
2026-03-05,831.7941284179688,835.4600219726562,866.52001953125,822.2000122070312,862.010009765625,3093700
2026-03-06,817.8157348632812,821.4199829101562,827.1599731445312,801.3300170898438,816.0,2473000
2026-03-09,828.3792114257812,832.030029296875,836.6799926757812,795.0,810.0,3258200
2026-03-10,830.1513671875,833.8099975585938,846.0900268554688,826.3499755859375,834.6799926757812,1871900
2026-03-11,820.1454467773438,823.760009765625,832.7999877929688,810.5399780273438,829.9500122070312,2227000
2026-03-12,784.0645141601562,787.52001953125,807.2100219726562,784.0999755859375,805.3200073242188,3533000
2026-03-13,778.7777709960938,782.2100219726562,798.0,780.5,789.3599853515625,2567400
2026-03-16,791.2826538085938,794.77001953125,805.4600219726562,790.0,792.0,2082700
2026-03-17,803.498779296875,807.0399780273438,820.4400024414062,803.469970703125,806.2999877929688,1955600
2026-03-18,801.9456787109375,805.47998046875,816.1900024414062,801.0,801.0,1541300
2026-03-19,805.9480590820312,809.5,816.1799926757812,790.5900268554688,792.9299926757812,1765900
2026-03-20,809.9603881835938,813.530029296875,827.22998046875,804.9299926757812,807.0,3918400
2026-03-23,827.6224975585938,831.27001953125,849.530029296875,829.0,833.0,2190300
2026-03-24,832.052978515625,835.719970703125,844.5,818.0,824.9299926757812,1656100
2026-03-25,838.1461791992188,841.8400268554688,854.75,833.9000244140625,845.010009765625,1628900
2026-03-26,819.0303955078125,822.6400146484375,844.7999877929688,816.1099853515625,833.7899780273438,2052200
2026-03-27,799.3670654296875,802.8900146484375,817.0999755859375,797.780029296875,813.6699829101562,2106800
2026-03-30,804.0563354492188,807.5999755859375,818.6300048828125,801.8800048828125,811.1199951171875,1621400
2026-03-31,842.2778930664062,845.989990234375,848.5,810.0,823.9000244140625,2689800
2026-04-01,856.435546875,860.2100219726562,870.2000122070312,850.1500244140625,859.9500122070312,1803600
2026-04-02,859.2531127929688,863.0399780273438,867.2999877929688,831.0,838.3900146484375,1717700
2026-04-06,862.2498779296875,866.0499877929688,873.2100219726562,859.77001953125,863.0,1444500
2026-04-07,860.3582763671875,864.1500244140625,867.969970703125,850.0,858.0,1498400
2026-04-08,901.7756958007812,905.75,918.1199951171875,893.5999755859375,903.010009765625,2439000
2026-04-09,899.7545776367188,903.719970703125,909.4000244140625,895.2899780273438,902.0,1797800
2026-04-10,903.8167114257812,907.7999877929688,908.9600219726562,895.0,903.3699951171875,1642700
2026-04-13,886.88134765625,890.7899780273438,896.9400024414062,865.3400268554688,875.5499877929688,4236200
2026-04-14,905.638671875,909.6300048828125,914.1900024414062,890.0999755859375,894.4199829101562,2822600
2026-04-15,895.5431518554688,899.489990234375,927.7899780273438,897.0999755859375,915.0,2403900
2026-04-16,896.0509033203125,900.0,907.9600219726562,895.8499755859375,897.989990234375,1742100
2026-04-17,921.8870849609375,925.9500122070312,929.1900024414062,912.219970703125,915.5,2805100
2026-04-20,937.6077880859375,941.739990234375,941.7999877929688,922.989990234375,923.6799926757812,2374300
2026-04-21,922.4844360351562,926.5499877929688,952.010009765625,922.5399780273438,944.5,1765400
2026-04-22,930.7380981445312,934.8400268554688,940.97998046875,931.1500244140625,939.0,1382600
2026-04-23,927.2135620117188,931.2999877929688,944.3900146484375,920.6900024414062,935.0,1655000
2026-04-24,922.8428344726562,926.9099731445312,932.9199829101562,919.219970703125,930.489990234375,1263300
2026-04-27,933.6950073242188,937.8099975585938,941.72998046875,926.0,926.0399780273438,1223000
2026-04-28,922.4844360351562,926.5499877929688,945.2999877929688,924.239990234375,941.239990234375,1501600
2026-04-29,901.6263427734375,905.5999755859375,930.0,899.1599731445312,927.5,1725900
2026-04-30,919.7166748046875,923.77001953125,928.0,905.0,910.4099731445312,1880300
2026-05-01,919.6569213867188,923.7100219726562,935.780029296875,912.1400146484375,916.4000244140625,1359800
2026-05-04,899.3065795898438,903.27001953125,925.0,899.0,922.27001953125,1660100
2026-05-05,914.8580322265625,918.8900146484375,921.75,908.219970703125,909.72998046875,1507200
2026-05-06,933.2369995117188,937.3499755859375,944.0599975585938,931.3300170898438,935.9299926757812,2318200
2026-05-07,921.8074340820312,925.8699951171875,945.2899780273438,921.97998046875,937.9299926757812,1715300
2026-05-08,932.370849609375,936.47998046875,939.780029296875,927.4600219726562,936.0,1665000
2026-05-11,940.7140502929688,944.8599853515625,949.780029296875,926.6300048828125,932.6500244140625,2411400
2026-05-12,941.7495727539062,945.9000244140625,948.5,920.7999877929688,942.1599731445312,2236500
2026-05-13,951.2277221679688,955.4199829101562,959.5499877929688,933.0800170898438,941.8400268554688,2355200
2026-05-14,964.7083740234375,968.9600219726562,975.6599731445312,960.5,966.9000244140625,1898000
2026-05-15,944.3082275390625,948.469970703125,959.5,941.6099853515625,953.6500244140625,1862700
2026-05-18,942.20751953125,946.3599853515625,961.6900024414062,938.5499877929688,947.739990234375,1508000
2026-05-19,924.664794921875,928.739990234375,939.6400146484375,923.8099975585938,933.219970703125,1767300
2026-05-20,977.8106079101562,982.1199951171875,982.72998046875,940.5,945.0,3104400
2026-05-21,983.8340454101562,988.1699829101562,999.5,970.2999877929688,982.2100219726562,2452300
2026-05-22,992.3564453125,996.72998046875,1005.3599853515625,990.9000244140625,994.6300048828125,1923500
2026-05-26,990.1561889648438,994.52001953125,1016.5399780273438,987.030029296875,1006.530029296875,2080600
2026-05-27,992.0975952148438,996.469970703125,1003.6500244140625,974.4199829101562,995.9099731445312,2195000
2026-05-28,1003.9454345703125,1008.3699951171875,1009.969970703125,982.4500122070312,986.4199829101562,2273000
2026-05-29,1021.06005859375,1025.56005859375,1027.219970703125,1004.0,1009.27001953125,2158000
2026-06-01,1048.5799560546875,1048.5799560546875,1051.199951171875,1011.5999755859375,1015.3300170898438,2666700
2026-06-02,1064.5799560546875,1064.5799560546875,1073.969970703125,1047.8900146484375,1049.739990234375,2125600
2026-06-03,1041.02001953125,1041.02001953125,1055.969970703125,1031.010009765625,1055.2750244140625,1830392
