Date,Adj Close,Close,High,Low,Open,Volume
2018-05-11,6.477782249450684,16.059999465942383,17.06999969482422,15.25,15.5,11585200
2018-05-14,7.413551330566406,18.3799991607666,18.950000762939453,16.600000381469727,16.68000030517578,3893800
2018-05-15,7.663628101348877,19.0,20.75,17.799999237060547,18.3799991607666,3063500
2018-05-16,9.075348854064941,22.5,22.75,19.299999237060547,19.790000915527344,3058900
2018-05-17,8.066977500915527,20.0,24.350000381469727,19.25,23.299999237060547,8340000
2018-05-18,7.679762840270996,19.040000915527344,20.200000762939453,19.010000228881836,19.329999923706055,2458800
2018-05-21,7.736231327056885,19.18000030517578,20.100000381469727,19.079999923706055,19.850000381469727,2533300
2018-05-22,7.857235431671143,19.479999542236328,19.729999542236328,18.75,19.450000762939453,1641700
2018-05-23,8.050843238830566,19.959999084472656,20.43000030517578,19.219999313354492,19.489999771118164,2800300
2018-05-24,9.313324928283691,23.09000015258789,23.3799991607666,20.5,20.690000534057617,4538100
2018-05-25,9.652138710021973,23.93000030517578,24.350000381469727,22.5,23.389999389648438,3590100
2018-05-29,9.3859281539917,23.270000457763672,24.739999771118164,22.31999969482422,23.899999618530273,2581900
2018-05-30,10.434635162353516,25.8700008392334,25.8700008392334,23.506000518798828,23.530000686645508,3359200
2018-05-31,10.265228271484375,25.450000762939453,27.200000762939453,24.600000381469727,26.5,3552300
2018-06-01,11.725351333618164,29.06999969482422,29.59000015258789,26.0,26.0,4240700
2018-06-04,11.979460716247559,29.700000762939453,31.600000381469727,27.670000076293945,30.299999237060547,6127000
2018-06-05,11.987527847290039,29.719999313354492,29.989999771118164,27.049999237060547,29.799999237060547,4813200
2018-06-06,11.801987648010254,29.260000228881836,31.329999923706055,27.56999969482422,30.389999389648438,8474000
2018-06-07,12.048030853271484,29.8700008392334,30.5,27.5,28.540000915527344,5482700
2018-06-08,14.072840690612793,34.88999938964844,35.29999923706055,28.860000610351562,29.299999237060547,9780800
2018-06-11,14.677864074707031,36.38999938964844,37.45000076293945,33.22999954223633,35.75,8422800
2018-06-12,14.609296798706055,36.220001220703125,37.61000061035156,35.5,37.400001525878906,5311600
2018-06-13,15.706403732299805,38.939998626708984,39.599998474121094,35.70000076293945,36.36000061035156,4936600
2018-06-14,17.763484954833984,44.040000915527344,47.900001525878906,38.529998779296875,40.02000045776367,14441300
2018-06-15,18.634716033935547,46.20000076293945,50.81999969482422,42.29999923706055,44.400001525878906,15495700
2018-06-18,19.590654373168945,48.56999969482422,49.849998474121094,44.29999923706055,45.349998474121094,9483100
2018-06-19,17.231063842773438,42.720001220703125,50.4900016784668,42.06999969482422,47.79999923706055,11072000
2018-06-20,17.743316650390625,43.9900016784668,46.720001220703125,41.349998474121094,46.310001373291016,7507000
2018-06-21,15.339356422424316,38.029998779296875,43.86000061035156,37.5099983215332,42.7599983215332,8411300
2018-06-22,14.460057258605957,35.849998474121094,39.22200012207031,34.869998931884766,38.470001220703125,9796100
2018-06-25,12.701454162597656,31.489999771118164,34.7400016784668,30.6200008392334,33.400001525878906,9773100
2018-06-26,13.774365425109863,34.150001525878906,34.349998474121094,32.08000183105469,33.75,7828400
2018-06-27,12.536083221435547,31.079999923706055,35.529998779296875,30.6200008392334,35.349998474121094,7884900
2018-06-28,13.181441307067871,32.68000030517578,33.5,29.75,30.09000015258789,6698800
2018-06-29,13.266144752502441,32.88999938964844,35.0,32.68000030517578,34.90999984741211,5612100
2018-07-02,12.94749641418457,32.099998474121094,32.4900016784668,30.510000228881836,31.450000762939453,5684900
2018-07-03,12.564315795898438,31.149999618530273,33.244998931884766,31.079999923706055,32.150001525878906,3733000
2018-07-05,12.068198204040527,29.920000076293945,32.0,28.579999923706055,31.770000457763672,6565000
2018-07-06,11.511576652526855,28.540000915527344,31.260000228881836,28.399999618530273,28.43000030517578,6374000
2018-07-09,13.588822364807129,33.689998626708984,34.5,28.829999923706055,29.520000457763672,11342900
2018-07-10,12.943464279174805,32.09000015258789,35.470001220703125,32.0,33.560001373291016,13797800
2018-07-11,14.71013355255127,36.470001220703125,36.779998779296875,30.75,31.06999969482422,15828500
2018-07-12,15.073145866394043,37.369998931884766,39.849998474121094,36.599998474121094,37.77000045776367,15065100
2018-07-13,14.895672798156738,36.93000030517578,38.630001068115234,36.25,38.099998474121094,7376300
2018-07-16,15.294988632202148,37.91999816894531,39.25,36.5,37.959999084472656,8669300
2018-07-17,15.613635063171387,38.709999084472656,40.290000915527344,37.04999923706055,37.540000915527344,7631500
2018-07-18,15.621700286865234,38.72999954223633,40.599998474121094,38.04999923706055,39.630001068115234,7733300
2018-07-19,14.314852714538574,35.4900016784668,40.380001068115234,35.25,39.20000076293945,11130000
2018-07-20,14.403587341308594,35.709999084472656,36.91999816894531,34.0,36.0,6680500
2018-07-23,13.951836585998535,34.59000015258789,36.4900016784668,34.14500045776367,35.720001220703125,3911500
2018-07-24,13.47185230255127,33.400001525878906,36.180999755859375,32.22999954223633,35.5,5168400
2018-07-25,14.189813613891602,35.18000030517578,35.59000015258789,33.119998931884766,33.310001373291016,4482900
2018-07-26,13.911502838134766,34.4900016784668,36.060001373291016,34.16999816894531,34.84000015258789,3126600
2018-07-27,14.230147361755371,35.279998779296875,35.87300109863281,33.83000183105469,35.5,3830200
2018-07-30,13.052369117736816,32.36000061035156,35.29999923706055,32.04999923706055,35.29999923706055,3451100
2018-07-31,12.987833976745605,32.20000076293945,33.31999969482422,31.65999984741211,32.5,3035000
2018-08-01,13.915535926818848,34.5,34.83000183105469,32.520999908447266,32.959999084472656,4519300
2018-08-02,13.487985610961914,33.439998626708984,34.34000015258789,32.650001525878906,34.34000015258789,2527500
2018-08-03,12.733722686767578,31.56999969482422,34.189998626708984,31.200000762939453,33.54999923706055,2739700
2018-08-06,12.515914916992188,31.030000686645508,31.56999969482422,30.6200008392334,31.079999923706055,2142500
2018-08-07,12.92733097076416,32.04999923706055,32.959999084472656,31.059999465942383,31.729999542236328,2341400
2018-08-08,12.511881828308105,31.020000457763672,32.415000915527344,30.68000030517578,32.400001525878906,1879500
2018-08-09,12.467512130737305,30.90999984741211,31.850000381469727,30.709999084472656,31.510000228881836,1181500
2018-08-10,12.98379898071289,32.189998626708984,32.25,30.132999420166016,30.25,2128700
2018-08-13,13.26211166381836,32.880001068115234,33.5,31.0,33.0,4169800
2018-08-14,11.132429122924805,27.600000381469727,29.229999542236328,27.459999084472656,28.618000030517578,10792600
2018-08-15,10.418500900268555,25.829999923706055,26.90999984741211,24.190000534057617,24.520000457763672,8227000
2018-08-16,10.636309623718262,26.3700008392334,27.579999923706055,26.25,26.809999465942383,2483700
2018-08-17,10.329764366149902,25.610000610351562,26.55500030517578,25.010000228881836,26.34000015258789,2553900
2018-08-20,10.684710502624512,26.489999771118164,27.790000915527344,24.899999618530273,25.799999237060547,4415700
2018-08-21,10.61210823059082,26.309999465942383,27.799999237060547,26.209999084472656,26.979999542236328,2850100
2018-08-22,10.890419006347656,27.0,27.399999618530273,26.110000610351562,26.479999542236328,2114800
2018-08-23,10.575806617736816,26.219999313354492,27.649999618530273,26.100000381469727,27.239999771118164,1880800
2018-08-24,10.55564022064209,26.170000076293945,26.780000686645508,25.81100082397461,26.59000015258789,1390400
2018-08-27,11.680983543395996,28.959999084472656,29.8799991607666,26.969999313354492,26.969999313354492,4542200
2018-08-28,11.745518684387207,29.1200008392334,30.65999984741211,28.079999923706055,30.540000915527344,3319200
2018-08-29,11.604347229003906,28.770000457763672,29.1200008392334,28.360000610351562,28.59000015258789,2146400
2018-08-30,11.301835060119629,28.020000457763672,28.5,27.399999618530273,28.100000381469727,2246300
2018-08-31,11.305869102478027,28.030000686645508,28.25,26.399999618530273,26.399999618530273,1870200
2018-09-04,10.890419006347656,27.0,28.1200008392334,26.920000076293945,28.049999237060547,1721700
2018-09-05,10.68067741394043,26.479999542236328,26.739999771118164,25.610000610351562,26.3700008392334,1739600
2018-09-06,10.600008964538574,26.280000686645508,27.386999130249023,26.100000381469727,26.40999984741211,1079300
2018-09-07,10.587907791137695,26.25,27.235000610351562,25.899999618530273,25.899999618530273,1130800
2018-09-10,10.406399726867676,25.799999237060547,26.200000762939453,25.299999237060547,26.0,892400
2018-09-11,10.24909496307373,25.40999984741211,25.899999618530273,24.860000610351562,24.8700008392334,1294600
2018-09-12,10.894453048706055,27.010000228881836,27.799999237060547,24.639999389648438,25.450000762939453,3360500
2018-09-13,11.112260818481445,27.549999237060547,28.8799991607666,27.270000457763672,28.100000381469727,2560000
2018-09-14,10.640342712402344,26.3799991607666,27.889999389648438,26.170000076293945,27.549999237060547,1575100
2018-09-17,10.172457695007324,25.219999313354492,26.479999542236328,25.1299991607666,25.579999923706055,1330100
2018-09-18,10.176491737365723,25.229999542236328,26.200000762939453,25.077999114990234,25.799999237060547,924300
2018-09-19,10.341864585876465,25.639999389648438,26.100000381469727,25.0,25.90999984741211,1237200
2018-09-20,10.313631057739258,25.56999969482422,26.3799991607666,24.90999984741211,26.15999984741211,1011400
2018-09-21,10.083721160888672,25.0,26.719999313354492,24.950000762939453,26.389999389648438,1338100
2018-09-24,9.418196678161621,23.350000381469727,24.5,23.18000030517578,24.25,2470100
2018-09-25,9.83364486694336,24.3799991607666,24.469999313354492,23.149999618530273,23.5,2280900
2018-09-26,9.531133651733398,23.6299991607666,24.549999237060547,23.530000686645508,24.34000015258789,1294400
2018-09-27,9.514999389648438,23.59000015258789,24.110000610351562,23.020000457763672,23.600000381469727,1587000
2018-09-28,9.510965347290039,23.579999923706055,24.079999923706055,23.1200008392334,23.270000457763672,1063900
2018-10-01,9.075348854064941,22.5,24.040000915527344,22.350000381469727,23.940000534057617,1797500
2018-10-02,8.522760391235352,21.1299991607666,22.030000686645508,21.020000457763672,21.829999923706055,3790100
2018-10-03,8.75670337677002,21.709999084472656,22.200000762939453,21.40999984741211,21.719999313354492,1517800
2018-10-04,8.47032642364502,21.0,21.59600067138672,20.510000228881836,21.25,2161500
2018-10-05,8.776870727539062,21.760000228881836,21.959999084472656,20.540000915527344,20.709999084472656,1229600
2018-10-08,8.720402717590332,21.6200008392334,21.799999237060547,20.600000381469727,20.65999984741211,869600
2018-10-09,8.684101104736328,21.530000686645508,22.75,21.350000381469727,21.510000228881836,1060700
2018-10-10,8.494526863098145,21.059999465942383,22.040000915527344,20.738000869750977,21.360000610351562,2006600
2018-10-11,8.946277618408203,22.18000030517578,22.8799991607666,20.440000534057617,20.700000762939453,2573300
2018-10-12,9.200387954711914,22.809999465942383,23.790000915527344,22.280000686645508,22.940000534057617,1468500
2018-10-15,8.901908874511719,22.06999969482422,22.700000762939453,21.700000762939453,22.5,1026300
2018-10-16,9.285090446472168,23.020000457763672,23.040000915527344,21.899999618530273,22.209999084472656,981000
2018-10-17,8.946277618408203,22.18000030517578,23.0,22.02899932861328,22.8700008392334,692600
2018-10-18,8.861574172973633,21.969999313354492,22.100000381469727,21.399999618530273,21.5,1291500
2018-10-19,8.905942916870117,22.079999923706055,22.450000762939453,21.549999237060547,22.1299991607666,589400
2018-10-22,9.083415985107422,22.520000457763672,23.860000610351562,22.10099983215332,22.729999542236328,1914100
2018-10-23,8.611498832702637,21.350000381469727,21.639999389648438,20.31999969482422,21.5,2509100
2018-10-24,7.869336128234863,19.510000228881836,21.399999618530273,19.399999618530273,21.0,1562600
2018-10-25,7.901603698730469,19.59000015258789,20.094999313354492,19.0,19.969999313354492,1143100
2018-10-26,7.635394096374512,18.93000030517578,19.219999313354492,17.829999923706055,18.809999465942383,1974600
2018-10-29,7.00616979598999,17.3700008392334,19.5,16.760000228881836,19.5,1505700
2018-10-30,7.175576686859131,17.790000915527344,18.27899932861328,16.920000076293945,17.43000030517578,1814200
2018-10-31,6.986001968383789,17.31999969482422,18.3700008392334,17.110000610351562,18.06999969482422,1708000
2018-11-01,7.893536567687988,19.56999969482422,19.979999542236328,17.3700008392334,17.5,2297400
2018-11-02,7.970173358917236,19.760000228881836,21.450000762939453,19.579999923706055,20.790000915527344,3043700
2018-11-05,7.885469913482666,19.549999237060547,20.200000762939453,19.3700008392334,19.5,874600
2018-11-06,7.776566505432129,19.280000686645508,21.238000869750977,19.280000686645508,19.959999084472656,1084100
2018-11-07,7.679762840270996,19.040000915527344,21.520000457763672,18.920000076293945,20.850000381469727,2277800
2018-11-08,7.663628101348877,19.0,19.649999618530273,18.549999237060547,18.93000030517578,2187500
2018-11-09,7.6555609703063965,18.979999542236328,19.0,18.510000228881836,18.700000762939453,1448100
2018-11-12,7.461954116821289,18.5,19.200000762939453,18.049999237060547,18.719999313354492,2772900
2018-11-13,7.53052282333374,18.670000076293945,20.100000381469727,18.65999984741211,19.579999923706055,10526300
2018-11-14,7.119107246398926,17.649999618530273,19.1299991607666,17.34000015258789,18.950000762939453,5293100
2018-11-15,7.324815273284912,18.15999984741211,18.239999771118164,16.986000061035156,18.0,3914200
2018-11-16,7.135241508483887,17.690000534057617,18.040000915527344,17.549999237060547,17.8799991607666,1343700
2018-11-19,7.111040115356445,17.6299991607666,17.8700008392334,17.549999237060547,17.610000610351562,1196100
2018-11-20,6.873064994812012,17.040000915527344,17.5,16.540000915527344,17.0,1005000
2018-11-21,7.135241508483887,17.690000534057617,18.34000015258789,17.190000534057617,17.31999969482422,1458400
2018-11-23,7.147341728210449,17.719999313354492,17.959999084472656,17.34000015258789,17.399999618530273,594100
2018-11-26,6.816596031188965,16.899999618530273,17.979999542236328,16.700000762939453,17.739999771118164,1892300
2018-11-27,6.562486171722412,16.270000457763672,16.841999053955078,16.010000228881836,16.809999465942383,2589600
2018-11-28,6.873064994812012,17.040000915527344,17.139999389648438,16.229999542236328,16.40999984741211,2001400
2018-11-29,6.885165214538574,17.06999969482422,17.1200008392334,16.010000228881836,16.309999465942383,2836400
2018-11-30,6.965834617614746,17.270000457763672,17.6299991607666,16.615999221801758,16.860000610351562,2953200
2018-12-03,6.860964298248291,17.010000228881836,18.447999954223633,16.440000534057617,18.447999954223633,6130700
2018-12-04,6.376945972442627,15.8100004196167,16.93000030517578,15.699999809265137,16.829999923706055,3865200
2018-12-06,6.143002986907959,15.229999542236328,16.329999923706055,15.050000190734863,15.649999618530273,4519300
2018-12-07,5.913094520568848,14.65999984741211,15.5,14.4399995803833,15.390000343322754,4078300
2018-12-10,6.16317081451416,15.279999732971191,15.390000343322754,14.5,14.5,2086600
2018-12-11,6.5140838623046875,16.149999618530273,16.309999465942383,15.300000190734863,15.399999618530273,2885800
2018-12-12,6.7560930252075195,16.75,17.32900047302246,16.399999618530273,16.40999984741211,2408700
2018-12-13,7.304648399353027,18.110000610351562,18.18000030517578,16.829999923706055,17.0,3189100
2018-12-14,7.381283760070801,18.299999237060547,18.5,17.209999084472656,17.510000228881836,3280600
2018-12-17,6.6149210929870605,16.399999618530273,18.34000015258789,16.200000762939453,18.299999237060547,2133700
2018-12-18,6.473748207092285,16.049999237060547,17.18600082397461,15.6899995803833,16.40999984741211,2575100
2018-12-19,6.3729119300842285,15.800000190734863,16.569000244140625,15.529999732971191,15.789999961853027,2102400
2018-12-20,6.518117427825928,16.15999984741211,16.459999084472656,15.600000381469727,15.600000381469727,1694900
2018-12-21,6.284175395965576,15.579999923706055,17.110000610351562,15.229999542236328,16.600000381469727,2838800
2018-12-24,6.272075176239014,15.550000190734863,15.699999809265137,14.930000305175781,15.479999542236328,946700
2018-12-26,6.542317867279053,16.219999313354492,16.25,15.09000015258789,15.640000343322754,1436500
2018-12-27,6.425347805023193,15.930000305175781,16.459999084472656,15.420000076293945,15.710000038146973,1566200
2018-12-28,6.23980712890625,15.470000267028809,16.030000686645508,15.25,15.84000015258789,1144200
2018-12-31,6.243840217590332,15.479999542236328,15.9399995803833,15.1850004196167,15.710000038146973,1448800
2019-01-02,6.360811710357666,15.770000457763672,16.079999923706055,15.119999885559082,15.170000076293945,1157800
2019-01-03,6.320476531982422,15.670000076293945,16.290000915527344,15.420000076293945,15.529999732971191,991300
2019-01-04,6.901299476623535,17.110000610351562,17.639999389648438,16.1200008392334,16.15999984741211,2690900
2019-01-07,7.461954116821289,18.5,18.709999084472656,17.110000610351562,17.3799991607666,2116800
2019-01-08,7.316747665405273,18.139999389648438,20.0,17.25,18.700000762939453,4326200
2019-01-09,7.84513521194458,19.450000762939453,20.200000762939453,18.141000747680664,18.31999969482422,3802900
2019-01-10,8.050843238830566,19.959999084472656,20.3799991607666,19.049999237060547,19.18000030517578,2663600
2019-01-11,8.1476469039917,20.200000762939453,20.899999618530273,19.6200008392334,19.84000015258789,2355800
2019-01-14,7.506322383880615,18.610000610351562,19.84000015258789,18.260000228881836,19.770000457763672,2423800
2019-01-15,7.6918625831604,19.06999969482422,19.25,18.75,19.1200008392334,1229200
2019-01-16,7.683794975280762,19.049999237060547,19.6200008392334,18.756999969482422,19.0,1221200
2019-01-17,7.950005531311035,19.709999084472656,19.979999542236328,18.75,18.780000686645508,962200
2019-01-18,8.192014694213867,20.309999465942383,20.75,19.770000457763672,19.979999542236328,1816900
2019-01-22,8.018575668334961,19.8799991607666,20.290000915527344,19.207000732421875,20.15999984741211,1864600
2019-01-23,8.046810150146484,19.950000762939453,20.600000381469727,19.809999465942383,20.0,1443000
2019-01-24,8.099245071411133,20.079999923706055,20.43000030517578,19.860000610351562,20.25,1684200
2019-01-25,9.022913932800293,22.3700008392334,22.530000686645508,20.219999313354492,20.559999465942383,4736100
2019-01-28,8.450159072875977,20.950000762939453,21.3799991607666,20.5,21.299999237060547,3544600
2019-01-29,8.103279113769531,20.09000015258789,20.600000381469727,19.18400001525879,20.600000381469727,3291900
2019-01-30,8.022608757019043,19.889999389648438,20.799999237060547,19.760000228881836,20.200000762939453,1873300
2019-01-31,8.462258338928223,20.979999542236328,21.139999389648438,19.899999618530273,20.0,2610300
2019-02-01,7.933871746063232,19.670000076293945,21.43000030517578,19.520000457763672,20.700000762939453,3034700
2019-02-04,7.962106704711914,19.739999771118164,20.09000015258789,19.625999450683594,19.8700008392334,1728300
2019-02-05,8.066977500915527,20.0,20.25,19.809999465942383,19.940000534057617,1248400
2019-02-06,7.8370680809021,19.43000030517578,20.200000762939453,19.420000076293945,20.1200008392334,1433300
2019-02-07,7.599092483520508,18.84000015258789,19.549999237060547,18.450000762939453,19.260000228881836,1982800
2019-02-08,7.744298934936523,19.200000762939453,19.479999542236328,18.299999237060547,18.5,1496700
2019-02-11,7.808833599090576,19.360000610351562,19.829999923706055,19.225000381469727,19.459999084472656,1202300
2019-02-12,8.066977500915527,20.0,20.469999313354492,19.520000457763672,19.520000457763672,2132600
2019-02-13,7.816900253295898,19.3799991607666,20.3439998626709,19.31999969482422,20.200000762939453,2341300
2019-02-14,7.986307144165039,19.799999237060547,19.84000015258789,19.027999877929688,19.229999542236328,1414100
2019-02-15,7.84110164642334,19.440000534057617,19.8700008392334,19.34000015258789,19.700000762939453,1156900
2019-02-19,8.08714485168457,20.049999237060547,20.190000534057617,19.299999237060547,19.34000015258789,2654800
2019-02-20,8.873674392700195,22.0,22.040000915527344,20.15999984741211,20.170000076293945,5376800
2019-02-21,8.575197219848633,21.260000228881836,22.360000610351562,21.013999938964844,22.0,3104100
2019-02-22,9.579535484313965,23.75,24.700000762939453,21.799999237060547,21.8700008392334,6208600
2019-02-25,10.03128719329834,24.8700008392334,26.059999465942383,24.709999084472656,25.8700008392334,6188400
2019-02-26,10.273295402526855,25.469999313354492,26.1200008392334,24.25,24.40999984741211,3165000
2019-02-27,10.402366638183594,25.790000915527344,26.200000762939453,24.860000610351562,25.860000610351562,2411200
2019-02-28,10.422534942626953,25.84000015258789,26.18000030517578,25.0,25.860000610351562,2112700
2019-03-01,10.168424606323242,25.209999084472656,26.5,24.760000228881836,26.40999984741211,3451200
2019-03-04,9.90624713897705,24.559999465942383,25.6299991607666,23.684999465942383,25.5,6706600
2019-03-05,12.084331512451172,29.959999084472656,30.0,24.010000228881836,25.381999969482422,21982800
2019-03-06,11.019490242004395,27.31999969482422,29.440000534057617,26.100000381469727,29.260000228881836,12711100
2019-03-07,10.172457695007324,25.219999313354492,26.899999618530273,25.100000381469727,26.770000457763672,8474500
2019-03-08,9.736841201782227,24.139999389648438,24.479999542236328,22.700000762939453,23.729999542236328,7628900
2019-03-11,10.269261360168457,25.459999084472656,25.739999771118164,24.43000030517578,24.520000457763672,4322700
2019-03-12,10.527405738830566,26.100000381469727,26.280000686645508,24.8799991607666,25.59000015258789,3825400
2019-03-13,10.124055862426758,25.100000381469727,26.450000762939453,24.968000411987305,25.5,3011500
2019-03-14,9.869945526123047,24.469999313354492,24.770000457763672,24.079999923706055,24.600000381469727,3599000
2019-03-15,10.773447036743164,26.709999084472656,27.1200008392334,24.594999313354492,24.75,6388900
2019-03-18,11.225198745727539,27.829999923706055,28.049999237060547,27.0,27.0,4100200
2019-03-19,11.301835060119629,28.020000457763672,28.43899917602539,27.010000228881836,28.049999237060547,3305000
2019-03-20,11.184864044189453,27.729999542236328,27.940000534057617,26.40999984741211,27.360000610351562,2830400
2019-03-21,11.289734840393066,27.989999771118164,28.290000915527344,27.049999237060547,27.170000076293945,1602900
2019-03-22,10.095821380615234,25.030000686645508,27.49799919128418,25.0,27.1299991607666,5474100
2019-03-25,10.434635162353516,25.8700008392334,26.059999465942383,24.530000686645508,24.700000762939453,3336600
2019-03-26,10.410433769226074,25.809999465942383,26.350000381469727,25.299999237060547,26.1200008392334,2186300
2019-03-27,10.531439781188965,26.110000610351562,26.190000534057617,25.059999465942383,25.719999313354492,1601400
2019-03-28,10.874285697937012,26.959999084472656,27.030000686645508,25.649999618530273,25.950000762939453,1838200
2019-03-29,11.346202850341797,28.1299991607666,28.860000610351562,27.420000076293945,27.440000534057617,4365300
2019-04-01,11.818120956420898,29.299999237060547,29.450000762939453,27.920000076293945,28.809999465942383,3550100
2019-04-02,11.17276382446289,27.700000762939453,29.25,27.670000076293945,28.8799991607666,2698200
2019-04-03,10.906553268432617,27.040000915527344,28.3799991607666,26.3700008392334,28.229999542236328,4178100
2019-04-04,10.38219928741455,25.739999771118164,26.959999084472656,24.8799991607666,26.959999084472656,6570900
2019-04-05,10.483036994934082,25.989999771118164,26.558000564575195,25.889999389648438,26.1299991607666,3061000
2019-04-08,10.176491737365723,25.229999542236328,26.08099937438965,24.850000381469727,25.030000686645508,3011800
2019-04-09,9.813477516174316,24.329999923706055,25.209999084472656,24.079999923706055,24.81999969482422,6079400
2019-04-10,9.361726760864258,23.209999084472656,24.049999237060547,22.670000076293945,23.920000076293945,18379200
2019-04-11,9.184253692626953,22.770000457763672,23.190000534057617,22.479999542236328,22.950000762939453,8984400
2019-04-12,9.281057357788086,23.010000228881836,23.770000457763672,22.700000762939453,23.020000457763672,6019700
2019-04-15,8.97451114654541,22.25,23.010000228881836,22.100000381469727,22.8799991607666,4004400
2019-04-16,9.07938289642334,22.510000228881836,23.350000381469727,22.450000762939453,22.850000381469727,4435400
2019-04-17,8.881742477416992,22.020000457763672,22.867000579833984,21.979999542236328,22.809999465942383,3804800
2019-04-18,9.252822875976562,22.940000534057617,23.065000534057617,22.010000228881836,22.049999237060547,3297900
2019-04-22,9.026947021484375,22.3799991607666,23.030000686645508,22.350000381469727,22.5,2982900
2019-04-23,9.139885902404785,22.65999984741211,22.850000381469727,22.40999984741211,22.479999542236328,2463900
2019-04-24,9.256855964660645,22.950000762939453,22.979999542236328,22.200000762939453,22.639999389648438,2578300
2019-04-25,9.260889053344727,22.959999084472656,23.18000030517578,22.722999572753906,22.850000381469727,3355500
2019-04-26,9.23265552520752,22.889999389648438,23.110000610351562,22.280000686645508,22.940000534057617,2917600
2019-04-29,9.301224708557129,23.059999465942383,23.139999389648438,22.600000381469727,22.780000686645508,1908400
2019-04-30,9.636003494262695,23.889999389648438,24.239999771118164,22.8700008392334,22.950000762939453,4163800
2019-05-01,9.240721702575684,22.90999984741211,24.100000381469727,22.709999084472656,24.0,2918900
2019-05-02,9.23265552520752,22.889999389648438,23.229999542236328,22.270000457763672,22.860000610351562,2552800
2019-05-03,9.615837097167969,23.84000015258789,23.899999618530273,22.81999969482422,22.899999618530273,2385900
2019-05-06,9.228621482849121,22.8799991607666,23.18000030517578,22.09000015258789,22.389999389648438,4065000
2019-05-07,8.813172340393066,21.850000381469727,22.709999084472656,21.700000762939453,22.530000686645508,3971200
2019-05-08,8.92611026763916,22.1299991607666,22.3799991607666,21.868000030517578,22.239999771118164,2557900
2019-05-09,9.107617378234863,22.579999923706055,22.739999771118164,20.90999984741211,21.610000610351562,3921600
2019-05-10,8.869641304016113,21.989999771118164,23.079999923706055,21.559999465942383,22.56999969482422,2734200
2019-05-13,8.08714485168457,20.049999237060547,20.979999542236328,19.905000686645508,20.799999237060547,3912700
2019-05-14,8.256550788879395,20.469999313354492,20.739999771118164,19.600000381469727,20.309999465942383,4769700
2019-05-15,8.676033973693848,21.510000228881836,21.690000534057617,20.399999618530273,20.399999618530273,3322300
2019-05-16,8.45822525024414,20.969999313354492,22.049999237060547,20.850000381469727,21.799999237060547,4561400
2019-05-17,8.732501983642578,21.649999618530273,21.68000030517578,20.059999465942383,20.299999237060547,7646100
2019-05-20,7.905637741088867,19.600000381469727,20.767000198364258,19.479999542236328,20.610000610351562,5935900
2019-05-21,8.341255187988281,20.68000030517578,20.770000457763672,19.850000381469727,19.899999618530273,3116600
2019-05-22,8.256550788879395,20.469999313354492,21.270000457763672,20.100000381469727,20.239999771118164,3273600
2019-05-23,8.175881385803223,20.270000457763672,20.65999984741211,19.8700008392334,20.0,2908400
2019-05-24,8.409823417663574,20.850000381469727,21.06999969482422,20.450000762939453,20.450000762939453,1998700
2019-05-28,8.466292381286621,20.989999771118164,21.84000015258789,20.989999771118164,21.709999084472656,2143100
2019-05-29,8.510661125183105,21.100000381469727,21.280000686645508,20.579999923706055,20.739999771118164,1518400
2019-05-30,8.813172340393066,21.850000381469727,22.06999969482422,21.18000030517578,21.299999237060547,2108700
2019-05-31,8.619565963745117,21.3700008392334,21.959999084472656,21.200000762939453,21.290000915527344,1617700
2019-06-03,8.272686004638672,20.510000228881836,21.719999313354492,20.149999618530273,21.290000915527344,2036800
2019-06-04,8.897875785827637,22.059999465942383,22.229999542236328,20.600000381469727,20.84000015258789,2539900
2019-06-05,8.514695167541504,21.110000610351562,22.170000076293945,20.8799991607666,22.100000381469727,2637100
2019-06-06,8.522760391235352,21.1299991607666,21.290000915527344,20.829999923706055,21.290000915527344,1908200
2019-06-07,8.881742477416992,22.020000457763672,22.649999618530273,21.15999984741211,21.200000762939453,2459200
2019-06-10,9.256855964660645,22.950000762939453,23.719999313354492,22.825000762939453,22.829999923706055,2403600
2019-06-11,9.349626541137695,23.18000030517578,23.5,22.799999237060547,23.40999984741211,1585200
2019-06-12,9.220555305480957,22.860000610351562,23.05500030517578,22.360000610351562,22.860000610351562,1093200
2019-06-13,9.398028373718262,23.299999237060547,23.559999465942383,22.690000534057617,23.100000381469727,1754500
2019-06-14,9.398028373718262,23.299999237060547,23.59000015258789,22.700000762939453,22.90999984741211,2114700
2019-06-17,9.627938270568848,23.8700008392334,24.450000762939453,23.25,23.440000534057617,2968600
2019-06-18,10.547572135925293,26.149999618530273,26.19499969482422,24.200000762939453,24.200000762939453,5534700
2019-06-19,10.341864585876465,25.639999389648438,26.299999237060547,25.350000381469727,26.030000686645508,2863300
2019-06-20,10.099855422973633,25.040000915527344,26.209999084472656,24.700000762939453,26.200000762939453,2248300
2019-06-21,10.099855422973633,25.040000915527344,25.540000915527344,24.770000457763672,25.06999969482422,1748200
2019-06-24,10.265228271484375,25.450000762939453,25.850000381469727,24.600000381469727,25.030000686645508,2391700
2019-06-25,9.438363075256348,23.399999618530273,25.06999969482422,23.030000686645508,25.020000457763672,4164900
2019-06-26,9.744908332824707,24.15999984741211,24.450000762939453,23.799999237060547,23.979999542236328,1967300
2019-06-27,10.055487632751465,24.93000030517578,25.0,24.15999984741211,24.190000534057617,1272700
2019-06-28,9.966750144958496,24.709999084472656,25.139999389648438,24.520000457763672,24.6299991607666,1326200
2019-07-01,10.337831497192383,25.6299991607666,26.239999771118164,25.450000762939453,25.959999084472656,3012400
2019-07-02,10.470935821533203,25.959999084472656,26.3799991607666,25.649999618530273,25.780000686645508,2355300
2019-07-03,10.454802513122559,25.920000076293945,25.989999771118164,25.440000534057617,25.700000762939453,1521900
2019-07-05,10.483036994934082,25.989999771118164,26.200000762939453,25.010000228881836,25.520000457763672,1354200
2019-07-08,10.039353370666504,24.889999389648438,25.56999969482422,24.75,25.5,2024400
2019-07-09,10.245060920715332,25.399999618530273,25.530000686645508,24.450000762939453,24.520000457763672,1766200
2019-07-10,9.91834831237793,24.59000015258789,25.790000915527344,24.441999435424805,25.59000015258789,1951900
2019-07-11,9.652138710021973,23.93000030517578,24.549999237060547,23.510000228881836,24.5,1907700
2019-07-12,9.720707893371582,24.100000381469727,24.5,23.850000381469727,24.09000015258789,1205100
2019-07-15,9.793310165405273,24.280000686645508,24.420000076293945,23.93000030517578,24.200000762939453,1233100
2019-07-16,9.708606719970703,24.06999969482422,24.450000762939453,23.520000457763672,24.040000915527344,2168200
2019-07-17,9.224588394165039,22.8700008392334,24.926000595092773,22.69499969482422,24.100000381469727,4086800
2019-07-18,8.970478057861328,22.239999771118164,22.815000534057617,21.8700008392334,22.5,2468000
2019-07-19,8.736536026000977,21.65999984741211,22.479999542236328,21.610000610351562,22.280000686645508,2238800
2019-07-22,8.643766403198242,21.43000030517578,21.950000762939453,21.110000610351562,21.690000534057617,1384500
2019-07-23,9.07131576538086,22.489999771118164,22.610000610351562,21.610000610351562,21.719999313354492,2519400
2019-07-24,9.05921459197998,22.459999084472656,22.670000076293945,22.040000915527344,22.440000534057617,1914400
2019-07-25,8.930144309997559,22.139999389648438,22.559999465942383,22.100000381469727,22.489999771118164,805800
2019-07-26,8.873674392700195,22.0,22.579999923706055,21.889999389648438,22.25,1265000
2019-07-29,9.14391803741455,22.670000076293945,22.80500030517578,21.400999069213867,21.979999542236328,2065000
2019-07-30,9.099550247192383,22.559999465942383,22.670000076293945,21.809999465942383,22.350000381469727,1121900
2019-07-31,9.14391803741455,22.670000076293945,23.179000854492188,22.1200008392334,22.350000381469727,1373000
2019-08-01,8.474359512329102,21.010000228881836,22.940000534057617,20.610000610351562,22.520000457763672,2034700
2019-08-02,8.494526863098145,21.059999465942383,21.579999923706055,20.6299991607666,20.719999313354492,1450500
2019-08-05,8.208148956298828,20.350000381469727,20.469999313354492,19.75,20.399999618530273,2015800
2019-08-06,8.111345291137695,20.110000610351562,20.899999618530273,19.75,20.739999771118164,1292900
2019-08-07,8.127479553222656,20.149999618530273,20.399999618530273,19.299999237060547,19.899999618530273,1606300
2019-08-08,8.308987617492676,20.600000381469727,20.690000534057617,19.850000381469727,20.18000030517578,2210000
2019-08-09,8.224283218383789,20.389999389648438,20.940000534057617,20.200000762939453,20.200000762939453,1278700
2019-08-12,8.228316307067871,20.399999618530273,20.780000686645508,19.93000030517578,20.18000030517578,1381000
2019-08-13,8.603431701660156,21.329999923706055,21.389999389648438,20.579999923706055,21.010000228881836,3773400
2019-08-14,8.627632141113281,21.389999389648438,22.200000762939453,20.420000076293945,20.829999923706055,8769200
2019-08-15,9.349626541137695,23.18000030517578,23.489999771118164,21.610000610351562,21.649999618530273,6188000
2019-08-16,9.797344207763672,24.290000915527344,24.450000762939453,22.93400001525879,23.299999237060547,4853100
2019-08-19,9.684406280517578,24.010000228881836,25.06999969482422,23.700000762939453,24.799999237060547,3150500
2019-08-20,9.398028373718262,23.299999237060547,23.934999465942383,23.209999084472656,23.829999923706055,2317600
2019-08-21,9.579535484313965,23.75,23.989999771118164,23.350000381469727,23.899999618530273,1818700
2019-08-22,9.135851860046387,22.649999618530273,23.68000030517578,22.5,23.479999542236328,2428700
2019-08-23,8.901908874511719,22.06999969482422,22.979999542236328,22.010000228881836,22.270000457763672,1852700
2019-08-26,9.200387954711914,22.809999465942383,23.15999984741211,22.049999237060547,22.3799991607666,1437400
2019-08-27,8.869641304016113,21.989999771118164,23.1299991607666,21.3700008392334,22.940000534057617,1959100
2019-08-28,9.527099609375,23.6200008392334,23.709999084472656,21.610000610351562,21.81999969482422,2738400
2019-08-29,9.886080741882324,24.510000228881836,24.950000762939453,23.8799991607666,23.979999542236328,3056400
2019-08-30,10.16439151763916,25.200000762939453,25.725000381469727,24.219999313354492,24.59000015258789,3111500
2019-09-03,9.720707893371582,24.100000381469727,25.139999389648438,23.950000762939453,24.950000762939453,2097100
2019-09-04,9.92641544342041,24.610000610351562,25.0,24.450000762939453,24.709999084472656,1475400
2019-09-05,10.083721160888672,25.0,25.389999389648438,24.860000610351562,24.899999618530273,2983500
2019-09-06,9.781209945678711,24.25,25.229999542236328,24.25,25.170000076293945,2196900
2019-09-09,9.664237976074219,23.959999084472656,24.75,23.68000030517578,24.5,1810200
2019-09-10,9.353659629821777,23.190000534057617,23.799999237060547,23.110000610351562,23.610000610351562,1798700
2019-09-11,9.47869873046875,23.5,23.899999618530273,23.31999969482422,23.31999969482422,2364200
2019-09-12,9.752975463867188,24.18000030517578,24.280000686645508,22.860000610351562,23.829999923706055,2426100
2019-09-13,9.736841201782227,24.139999389648438,24.81999969482422,23.829999923706055,24.18000030517578,1577800
2019-09-16,9.61987018585205,23.850000381469727,24.639999389648438,23.739999771118164,24.0,1938100
2019-09-17,10.132122993469238,25.1200008392334,25.549999237060547,23.8799991607666,23.899999618530273,2458500
2019-09-18,10.466902732849121,25.950000762939453,26.049999237060547,24.93000030517578,25.010000228881836,3348500
2019-09-19,11.265534400939941,27.93000030517578,27.979999542236328,25.829999923706055,26.15999984741211,5963800
2019-09-20,11.245365142822266,27.8799991607666,28.200000762939453,26.850000381469727,27.93000030517578,6222400
2019-09-23,10.906553268432617,27.040000915527344,28.0,26.94099998474121,27.5,2061800
2019-09-24,10.668577194213867,26.450000762939453,27.399999618530273,25.309999465942383,27.399999618530273,3378300
2019-09-25,10.733113288879395,26.610000610351562,26.75,25.43000030517578,26.270000457763672,3005900
2019-09-26,10.640342712402344,26.3799991607666,27.110000610351562,26.149999618530273,26.610000610351562,1543800
2019-09-27,9.636003494262695,23.889999389648438,26.59000015258789,23.1200008392334,26.459999084472656,4266900
2019-09-30,9.53516674041748,23.639999389648438,24.8799991607666,23.520000457763672,24.860000610351562,3191900
2019-10-01,9.454498291015625,23.440000534057617,23.979999542236328,23.290000915527344,23.65999984741211,1713800
2019-10-02,9.293157577514648,23.040000915527344,23.15999984741211,22.25,23.09000015258789,1888500
2019-10-03,9.486764907836914,23.520000457763672,23.68000030517578,22.6299991607666,23.059999465942383,1868000
2019-10-04,9.168119430541992,22.729999542236328,23.610000610351562,22.690000534057617,23.450000762939453,2066900
2019-10-07,9.14795207977295,22.68000030517578,23.280000686645508,22.5,22.670000076293945,1817100
2019-10-08,8.720402717590332,21.6200008392334,22.450000762939453,21.530000686645508,22.280000686645508,1913400
2019-10-09,8.720402717590332,21.6200008392334,22.100000381469727,21.139999389648438,22.09000015258789,1842600
2019-10-10,8.724434852600098,21.6299991607666,22.09000015258789,20.90999984741211,21.68000030517578,2049300
2019-10-11,9.010812759399414,22.34000015258789,23.200000762939453,22.059999465942383,22.149999618530273,2045500
2019-10-14,9.039047241210938,22.40999984741211,23.010000228881836,22.280000686645508,22.639999389648438,1302900
2019-10-15,9.571467399597168,23.729999542236328,23.979999542236328,22.450000762939453,22.450000762939453,1778700
2019-10-16,9.700539588928223,24.049999237060547,24.1200008392334,23.469999313354492,23.5,1767900
2019-10-17,9.212488174438477,22.84000015258789,24.184999465942383,22.790000915527344,24.149999618530273,2189800
2019-10-18,8.67199993133545,21.5,22.809999465942383,21.3700008392334,22.790000915527344,3160300
2019-10-21,8.877708435058594,22.010000228881836,22.229999542236328,21.440000534057617,21.440000534057617,1750300
2019-10-22,8.365455627441406,20.739999771118164,22.299999237060547,20.639999389648438,22.110000610351562,2016300
2019-10-23,8.688135147094727,21.540000915527344,21.579999923706055,20.700000762939453,20.799999237060547,1280000
2019-10-24,8.805105209350586,21.829999923706055,22.25,21.520000457763672,21.899999618530273,1957800
2019-10-25,8.84947395324707,21.940000534057617,22.649999618530273,21.700000762939453,21.889999389648438,3791100
2019-10-28,8.881742477416992,22.020000457763672,22.639999389648438,21.8799991607666,22.479999542236328,1644800
2019-10-29,8.809139251708984,21.84000015258789,22.139999389648438,21.700000762939453,22.0,1146600
2019-10-30,8.97451114654541,22.25,22.25,21.40999984741211,21.719999313354492,2111200
2019-10-31,8.970478057861328,22.239999771118164,22.489999771118164,21.719999313354492,22.139999389648438,1626000
2019-11-01,9.381895065307617,23.260000228881836,23.68000030517578,22.239999771118164,22.469999313354492,2602700
2019-11-04,10.023219108581543,24.850000381469727,24.950000762939453,23.510000228881836,23.579999923706055,2676800
2019-11-05,9.825578689575195,24.360000610351562,24.969999313354492,24.079999923706055,24.940000534057617,1954000
2019-11-06,9.377861022949219,23.25,24.440000534057617,23.1200008392334,24.360000610351562,1927000
2019-11-07,9.777176856994629,24.239999771118164,24.25,23.610000610351562,23.959999084472656,2195300
2019-11-08,10.184557914733887,25.25,25.299999237060547,23.950000762939453,24.200000762939453,3252500
2019-11-11,10.224893569946289,25.350000381469727,25.579999923706055,24.600000381469727,24.799999237060547,3926400
2019-11-12,9.78524398803711,24.260000228881836,25.899999618530273,24.030000686645508,25.559999465942383,5089500
2019-11-13,9.752975463867188,24.18000030517578,25.139999389648438,23.059999465942383,25.0,5375600
2019-11-14,9.035014152526855,22.399999618530273,24.1200008392334,22.3799991607666,24.0,3418900
2019-11-15,9.051148414611816,22.440000534057617,22.75,21.940000534057617,22.600000381469727,3628600
2019-11-18,9.268956184387207,22.979999542236328,23.31999969482422,21.84000015258789,22.34000015258789,2373900
2019-11-19,9.07131576538086,22.489999771118164,23.174999237060547,22.459999084472656,23.170000076293945,1723600
2019-11-20,8.84140682220459,21.920000076293945,22.290000915527344,21.3799991607666,22.170000076293945,3624800
2019-11-21,8.611498832702637,21.350000381469727,22.030000686645508,21.059999465942383,21.8799991607666,2963900
2019-11-22,8.780904769897461,21.770000457763672,21.860000610351562,21.260000228881836,21.399999618530273,1480300
2019-11-25,8.780904769897461,21.770000457763672,22.190000534057617,21.510000228881836,22.010000228881836,2124200
2019-11-26,8.704267501831055,21.579999923706055,22.0,21.010000228881836,21.6200008392334,8550900
2019-11-27,8.716368675231934,21.610000610351562,21.770000457763672,21.020000457763672,21.600000381469727,2463300
2019-11-29,8.510661125183105,21.100000381469727,21.360000610351562,20.600000381469727,21.360000610351562,2262500
2019-12-02,8.308987617492676,20.600000381469727,20.8700008392334,19.850000381469727,20.690000534057617,4080200
2019-12-03,7.764465808868408,19.25,20.040000915527344,19.139999389648438,19.979999542236328,6085100
2019-12-04,7.53052282333374,18.670000076293945,19.649999618530273,18.358999252319336,19.559999465942383,4847400
2019-12-05,7.546656608581543,18.709999084472656,19.09000015258789,18.5,18.799999237060547,3994000
2019-12-06,7.5345563888549805,18.68000030517578,19.219999313354492,18.610000610351562,18.84000015258789,3260500
2019-12-09,7.292547225952148,18.079999923706055,18.780000686645508,17.969999313354492,18.68000030517578,3602400
2019-12-10,7.0908732414245605,17.579999923706055,18.209999084472656,17.510000228881836,18.209999084472656,5533700
2019-12-11,7.344982147216797,18.209999084472656,18.530000686645508,17.40999984741211,17.729999542236328,4139700
2019-12-12,7.264312744140625,18.010000228881836,18.709999084472656,17.780000686645508,18.389999389648438,4863800
2019-12-13,6.836763381958008,16.950000762939453,18.09000015258789,16.81999969482422,18.020000457763672,7084100
2019-12-16,7.00616979598999,17.3700008392334,17.489999771118164,16.399999618530273,17.030000686645508,4106200
2019-12-17,7.163476467132568,17.760000228881836,17.979999542236328,17.420000076293945,17.450000762939453,3736200
2019-12-18,7.038437366485596,17.450000762939453,17.940000534057617,17.18000030517578,17.799999237060547,4633000
2019-12-19,6.973901748657227,17.290000915527344,17.540000915527344,16.829999923706055,17.3700008392334,3735900
2019-12-20,7.0344038009643555,17.440000534057617,17.65999984741211,17.1200008392334,17.420000076293945,3773300
2019-12-23,7.0908732414245605,17.579999923706055,17.920000076293945,17.299999237060547,17.40999984741211,3284700
2019-12-24,7.135241508483887,17.690000534057617,18.309999465942383,17.549999237060547,17.579999923706055,2397300
2019-12-26,7.223978519439697,17.90999984741211,18.110000610351562,17.709999084472656,17.899999618530273,1953500
2019-12-27,7.268346786499023,18.020000457763672,18.700000762939453,17.81999969482422,18.1200008392334,4697800
2019-12-30,7.324815273284912,18.15999984741211,18.459999084472656,17.860000610351562,17.899999618530273,2290400
2019-12-31,7.240111827850342,17.950000762939453,18.350000381469727,17.920000076293945,18.18000030517578,2943300
2020-01-02,8.075044631958008,20.020000457763672,20.09000015258789,18.309999465942383,18.350000381469727,7344800
2020-01-03,7.76043176651001,19.239999771118164,19.770000457763672,19.110000610351562,19.770000457763672,4500900
2020-01-06,7.998407363891602,19.829999923706055,20.229999542236328,18.950000762939453,19.0,4836900
2020-01-07,8.397723197937012,20.81999969482422,20.979999542236328,19.709999084472656,19.950000762939453,5678900
2020-01-08,8.450159072875977,20.950000762939453,21.118000030517578,20.450000762939453,20.68000030517578,3218900
2020-01-09,8.462258338928223,20.979999542236328,21.729999542236328,20.780000686645508,21.540000915527344,5436900
2020-01-10,8.224283218383789,20.389999389648438,21.18000030517578,20.280000686645508,21.09000015258789,4055200
2020-01-13,8.486459732055664,21.040000915527344,21.280000686645508,20.540000915527344,20.760000228881836,3569600
2020-01-14,8.304953575134277,20.59000015258789,21.06999969482422,20.31999969482422,20.979999542236328,3417500
2020-01-15,8.341255187988281,20.68000030517578,20.815000534057617,20.299999237060547,20.530000686645508,2483900
2020-01-16,8.268651962280273,20.5,21.020000457763672,20.350000381469727,20.600000381469727,2136900
2020-01-17,8.24041748046875,20.43000030517578,20.59000015258789,20.079999923706055,20.459999084472656,1870600
2020-01-21,8.260584831237793,20.479999542236328,20.559999465942383,19.860000610351562,20.299999237060547,2931300
2020-01-22,7.417585372924805,18.389999389648438,20.739999771118164,18.28499984741211,20.700000762939453,8765800
2020-01-23,7.663628101348877,19.0,19.299999237060547,18.030000686645508,18.219999313354492,5904500
2020-01-24,7.320781230926514,18.149999618530273,19.079999923706055,18.059999465942383,19.030000686645508,3463000
2020-01-27,7.2320451736450195,17.93000030517578,18.280000686645508,17.299999237060547,17.299999237060547,3955000
2020-01-28,7.344982147216797,18.209999084472656,18.399999618530273,17.979999542236328,18.239999771118164,3067600
2020-01-29,7.429686069488525,18.420000076293945,18.469999313354492,17.959999084472656,18.40999984741211,1606400
2020-01-30,7.316747665405273,18.139999389648438,18.149999618530273,17.670000076293945,18.100000381469727,2691600
2020-01-31,7.211877346038818,17.8799991607666,18.200000762939453,17.579999923706055,17.940000534057617,2477800
2020-02-03,7.502289295196533,18.600000381469727,18.989999771118164,17.93000030517578,17.979999542236328,2561700
2020-02-04,7.6111931800842285,18.8700008392334,19.3700008392334,18.68000030517578,19.079999923706055,2733200
2020-02-05,7.522456169128418,18.649999618530273,19.219999313354492,18.309999465942383,19.190000534057617,2300600
2020-02-06,7.687828540802002,19.059999465942383,19.440000534057617,18.799999237060547,18.8700008392334,3279600
2020-02-07,7.699929714202881,19.09000015258789,19.19499969482422,18.68000030517578,19.1200008392334,1382900
2020-02-10,8.192014694213867,20.309999465942383,20.389999389648438,19.1200008392334,19.18000030517578,4037900
2020-02-11,8.224283218383789,20.389999389648438,21.479999542236328,20.329999923706055,20.540000915527344,4655700
2020-02-12,8.466292381286621,20.989999771118164,21.239999771118164,20.459999084472656,20.850000381469727,2715900
2020-02-13,8.284786224365234,20.540000915527344,20.809999465942383,19.920000076293945,20.25,2428200
2020-02-14,8.490492820739746,21.049999237060547,21.1200008392334,20.649999618530273,20.979999542236328,2011900
2020-02-18,8.300919532775879,20.579999923706055,21.049999237060547,20.184999465942383,21.0,2375100
2020-02-19,8.313019752502441,20.610000610351562,20.8799991607666,20.43000030517578,20.559999465942383,1736600
2020-02-20,8.442091941833496,20.93000030517578,21.06999969482422,20.40999984741211,20.75,2251600
2020-02-21,8.08714485168457,20.049999237060547,20.770000457763672,19.860000610351562,20.739999771118164,2469000
2020-02-24,7.861268520355225,19.489999771118164,19.81999969482422,18.8700008392334,19.1200008392334,2988700
2020-02-25,7.772532939910889,19.270000457763672,20.170000076293945,19.270000457763672,19.989999771118164,3243100
2020-02-26,7.905637741088867,19.600000381469727,19.84000015258789,18.90999984741211,19.190000534057617,1954900
2020-02-27,7.494222164154053,18.579999923706055,19.31100082397461,17.719999313354492,19.309999465942383,3501100
2020-02-28,7.9903411865234375,19.809999465942383,19.8799991607666,17.920000076293945,17.920000076293945,4588500
2020-03-02,7.820934295654297,19.389999389648438,19.850000381469727,18.93000030517578,19.850000381469727,2438400
2020-03-03,7.748331546783447,19.209999084472656,19.899999618530273,18.700000762939453,19.40999984741211,2025900
2020-03-04,8.22024917602539,20.3799991607666,20.68000030517578,19.290000915527344,19.399999618530273,2696700
2020-03-05,8.107311248779297,20.100000381469727,20.479999542236328,19.5049991607666,20.229999542236328,2460900
2020-03-06,8.026642799377441,19.899999618530273,20.0,19.299999237060547,19.760000228881836,2562200
2020-03-09,7.659594535827637,18.989999771118164,19.59000015258789,17.809999465942383,18.3799991607666,3218600
2020-03-10,7.599092483520508,18.84000015258789,19.549999237060547,18.06999969482422,19.5,2538900
2020-03-11,7.15944242477417,17.75,19.19300079345703,17.559999465942383,18.25,2001700
2020-03-12,6.23577356338501,15.460000038146973,16.739999771118164,14.579999923706055,16.739999771118164,6170000
2020-03-13,6.211572170257568,15.399999618530273,16.3799991607666,14.510000228881836,16.219999313354492,4488200
2020-03-16,5.824357509613037,14.4399995803833,15.130000114440918,13.850000381469727,14.010000228881836,3756000
2020-03-17,5.989730358123779,14.850000381469727,15.149999618530273,13.010000228881836,14.970000267028809,6247000
2020-03-18,4.985392093658447,12.359999656677246,14.359999656677246,11.779999732971191,13.890000343322754,6321000
2020-03-19,5.259669303894043,13.039999961853027,13.869999885559082,12.270000457763672,12.359999656677246,3788100
2020-03-20,5.388740539550781,13.359999656677246,13.989999771118164,13.149999618530273,13.800000190734863,2100400
2020-03-23,5.441175937652588,13.489999771118164,13.59000015258789,12.40999984741211,13.069999694824219,2589100
2020-03-24,5.719486713409424,14.180000305175781,14.710000038146973,13.569999694824219,14.270000457763672,4450800
2020-03-25,6.042165756225586,14.979999542236328,16.3799991607666,14.5,14.520000457763672,4794400
2020-03-26,6.735926151275635,16.700000762939453,17.18000030517578,15.399999618530273,15.5,4052300
2020-03-27,6.6512227058410645,16.489999771118164,17.049999237060547,15.789999961853027,15.970000267028809,2767400
2020-03-30,6.816596031188965,16.899999618530273,16.969999313354492,16.100000381469727,16.600000381469727,2297800
2020-03-31,6.836763381958008,16.950000762939453,17.59000015258789,16.540000915527344,16.93000030517578,2758000
2020-04-01,6.735926151275635,16.700000762939453,17.75,16.459999084472656,16.59000015258789,2486200
2020-04-02,6.852896690368652,16.989999771118164,17.299999237060547,16.100000381469727,16.530000686645508,1930900
2020-04-03,6.441481590270996,15.970000267028809,18.540000915527344,15.699999809265137,18.020000457763672,6420100
2020-04-06,6.506016254425049,16.1299991607666,16.84000015258789,16.059999465942383,16.59000015258789,2577300
2020-04-07,6.08250093460083,15.079999923706055,16.75,14.5,16.610000610351562,5678700
2020-04-08,6.199471950531006,15.369999885559082,15.739999771118164,14.699999809265137,14.710000038146973,3490400
2020-04-09,6.300309181213379,15.619999885559082,15.854999542236328,15.029999732971191,15.5,2344300
2020-04-13,6.433414459228516,15.949999809265137,16.1200008392334,15.329999923706055,15.5600004196167,2235300
2020-04-14,6.687523365020752,16.579999923706055,16.8799991607666,16.049999237060547,16.389999389648438,3209200
2020-04-15,6.671390533447266,16.540000915527344,16.799999237060547,15.65999984741211,16.200000762939453,2586300
2020-04-16,6.473748207092285,16.049999237060547,16.81999969482422,15.819999694824219,16.610000610351562,2421200
2020-04-17,6.6754231452941895,16.549999237060547,16.610000610351562,15.90999984741211,16.459999084472656,2749000
2020-04-20,6.526184558868408,16.18000030517578,16.739999771118164,15.949999809265137,16.299999237060547,2114300
2020-04-21,6.118802547454834,15.170000076293945,15.9399995803833,14.760000228881836,15.819999694824219,3093000
2020-04-22,6.227705955505371,15.4399995803833,15.529999732971191,14.869999885559082,15.489999771118164,2591700
2020-04-23,6.207539081573486,15.390000343322754,15.739999771118164,15.199999809265137,15.279999732971191,2001700
2020-04-24,6.5382843017578125,16.209999084472656,16.31999969482422,15.300000190734863,15.59000015258789,2761300
2020-04-27,6.582653045654297,16.31999969482422,16.719999313354492,16.270000457763672,16.450000762939453,3387400
2020-04-28,6.336610317230225,15.710000038146973,16.600000381469727,15.510000228881836,16.600000381469727,1954700
2020-04-29,6.449548244476318,15.989999771118164,16.09000015258789,15.40999984741211,15.920000076293945,1950400
2020-04-30,6.546351432800293,16.229999542236328,16.979999542236328,15.760000228881836,16.030000686645508,2571000
2020-05-01,6.094601154327393,15.109999656677246,15.850000381469727,14.531000137329102,15.680000305175781,3353700
2020-05-04,6.090567588806152,15.100000381469727,15.25,14.75,14.8100004196167,1893900
2020-05-05,5.92922830581665,14.699999809265137,15.819999694824219,14.640000343322754,15.460000038146973,2265500
2020-05-06,6.066367149353027,15.039999961853027,15.34000015258789,14.869999885559082,15.130000114440918,1337000
2020-05-07,6.2519073486328125,15.5,15.569999694824219,15.020000457763672,15.220000267028809,1527100
2020-05-08,6.39307975769043,15.850000381469727,16.209999084472656,15.420000076293945,15.579999923706055,1734300
2020-05-11,6.493916988372803,16.100000381469727,16.141000747680664,15.640000343322754,15.800000190734863,1934400
2020-05-12,6.3890461921691895,15.84000015258789,16.56999969482422,15.800000190734863,16.399999618530273,1982900
2020-05-13,6.465682506561279,16.030000686645508,16.229999542236328,15.569999694824219,16.0,1719200
2020-05-14,6.5907206535339355,16.34000015258789,16.395000457763672,15.3100004196167,15.800000190734863,1465100
2020-05-15,6.909366130828857,17.1299991607666,17.2450008392334,16.100000381469727,16.1200008392334,2675600
2020-05-18,7.058605194091797,17.5,18.40999984741211,17.329999923706055,17.719999313354492,4152300
2020-05-19,7.562790870666504,18.75,19.18000030517578,17.75,17.959999084472656,4378200
2020-05-20,7.724130153656006,19.149999618530273,20.1200008392334,18.6200008392334,19.139999389648438,7926600
2020-05-21,6.8932318687438965,17.09000015258789,17.979999542236328,16.51300048828125,17.56999969482422,8391700
2020-05-22,6.268041610717773,15.539999961853027,16.520000457763672,15.312999725341797,16.520000457763672,6535200
2020-05-26,6.582653045654297,16.31999969482422,16.8799991607666,16.0,16.0,4010700
2020-05-27,6.574585914611816,16.299999237060547,16.75,15.835000038146973,16.5,2417400
2020-05-28,6.296275615692139,15.609999656677246,16.25,15.520000457763672,16.079999923706055,2261300
2020-05-29,6.259974956512451,15.520000457763672,15.824999809265137,14.979999542236328,15.600000381469727,2890300
2020-06-01,6.473748207092285,16.049999237060547,16.15999984741211,15.359999656677246,15.5,3001500
2020-06-02,6.683490753173828,16.56999969482422,16.899999618530273,15.920000076293945,16.0,3053500
2020-06-03,6.784327030181885,16.81999969482422,16.899999618530273,16.049999237060547,16.5,3752200
2020-06-04,6.828696250915527,16.93000030517578,17.43000030517578,16.719999313354492,16.90999984741211,2912000
2020-06-05,6.727858543395996,16.68000030517578,16.739999771118164,15.880000114440918,16.559999465942383,4624400
2020-06-08,6.691556930541992,16.59000015258789,17.1299991607666,16.510000228881836,16.860000610351562,2197600
2020-06-09,6.417280197143555,15.90999984741211,16.5,15.859999656677246,16.5,2322400
2020-06-10,6.4697160720825195,16.040000915527344,16.329999923706055,15.460000038146973,16.0,2759300
2020-06-11,6.957767963409424,17.25,17.8799991607666,16.049999237060547,16.149999618530273,8338200
2020-06-12,6.647189140319824,16.479999542236328,17.729999542236328,16.386999130249023,17.700000762939453,3655700
2020-06-15,7.0344038009643555,17.440000534057617,17.799999237060547,16.15999984741211,16.350000381469727,3599900
2020-06-16,7.457920551300049,18.489999771118164,18.549999237060547,17.799999237060547,18.200000762939453,3553500
2020-06-17,7.675729274749756,19.030000686645508,19.295000076293945,18.6299991607666,18.8799991607666,3748200
2020-06-18,7.853201866149902,19.469999313354492,19.989999771118164,18.84000015258789,18.989999771118164,2765900
2020-06-19,8.155713081359863,20.219999313354492,20.780000686645508,19.790000915527344,19.8700008392334,4932400
2020-06-22,7.865302085876465,19.5,20.149999618530273,19.079999923706055,20.100000381469727,2864100
2020-06-23,7.470021724700928,18.520000457763672,18.8700008392334,18.170000076293945,18.469999313354492,4315200
2020-06-24,7.252212047576904,17.979999542236328,18.280000686645508,17.719999313354492,18.229999542236328,2268500
2020-06-25,7.478088855743408,18.540000915527344,18.700000762939453,18.049999237060547,18.25,1492800
2020-06-26,7.5143890380859375,18.6299991607666,18.90999984741211,18.219999313354492,18.520000457763672,1769900
2020-06-29,7.595058917999268,18.829999923706055,19.600000381469727,18.610000610351562,18.860000610351562,2173900
2020-06-30,7.53052282333374,18.670000076293945,19.399999618530273,18.579999923706055,18.989999771118164,3123400
2020-07-01,7.861268520355225,19.489999771118164,19.59000015258789,18.80500030517578,18.860000610351562,1565200
2020-07-02,7.857235431671143,19.479999542236328,20.0,19.329999923706055,19.84000015258789,1864500
2020-07-06,9.067282676696777,22.479999542236328,22.5,20.219999313354492,20.399999618530273,5609500
2020-07-07,9.043081283569336,22.420000076293945,22.71500015258789,21.78499984741211,22.420000076293945,2675100
2020-07-08,9.543233871459961,23.65999984741211,23.940000534057617,22.524999618530273,22.799999237060547,3471200
2020-07-09,9.805410385131836,24.309999465942383,24.729999542236328,23.75,24.190000534057617,4491600
2020-07-10,9.841711044311523,24.399999618530273,24.6200008392334,23.809999465942383,24.1200008392334,1935800
2020-07-13,9.575501441955566,23.739999771118164,25.469999313354492,23.709999084472656,25.0,2058700
2020-07-14,9.668272018432617,23.969999313354492,23.989999771118164,22.149999618530273,22.75,2809900
2020-07-15,9.575501441955566,23.739999771118164,24.09000015258789,22.760000228881836,24.0,2444500
2020-07-16,9.498865127563477,23.549999237060547,23.739999771118164,22.31999969482422,22.5,1752000
2020-07-17,9.793310165405273,24.280000686645508,24.510000228881836,23.450000762939453,23.65999984741211,2469300
2020-07-20,10.011117935180664,24.81999969482422,25.3799991607666,24.299999237060547,24.479999542236328,2332600
2020-07-21,10.07162094116211,24.969999313354492,26.440000534057617,24.790000915527344,24.799999237060547,7443200
2020-07-22,9.595669746398926,23.790000915527344,24.829999923706055,23.264999389648438,24.34000015258789,2880100
2020-07-23,9.192320823669434,22.790000915527344,24.200000762939453,22.65999984741211,24.0,2497800
2020-07-24,9.063248634338379,22.469999313354492,22.6200008392334,21.649999618530273,22.049999237060547,2068600
2020-07-27,9.022913932800293,22.3700008392334,22.684999465942383,22.03499984741211,22.540000915527344,1101500
2020-07-28,9.188287734985352,22.780000686645508,23.65999984741211,22.260000228881836,22.520000457763672,1910800
2020-07-29,9.462563514709473,23.459999084472656,23.770000457763672,22.8799991607666,23.1299991607666,1280500
2020-07-30,9.450464248657227,23.43000030517578,23.520000457763672,22.989999771118164,23.139999389648438,1243500
2020-07-31,9.809444427490234,24.31999969482422,24.610000610351562,23.43000030517578,23.709999084472656,3290500
2020-08-03,9.720707893371582,24.100000381469727,24.709999084472656,23.700000762939453,24.549999237060547,2205200
2020-08-04,10.128089904785156,25.110000610351562,25.229999542236328,24.290000915527344,24.290000915527344,2245200
2020-08-05,10.914619445800781,27.059999465942383,28.1299991607666,26.579999923706055,28.010000228881836,6063600
2020-08-06,11.297801971435547,28.010000228881836,28.469999313354492,27.5,27.56999969482422,4706300
2020-08-07,10.753280639648438,26.65999984741211,27.690000534057617,26.079999923706055,26.690000534057617,2473300
2020-08-10,9.696507453918457,24.040000915527344,28.59000015258789,23.31999969482422,27.440000534057617,7051900
2020-08-11,9.704573631286621,24.059999465942383,24.8799991607666,22.34000015258789,24.149999618530273,6224200
2020-08-12,10.378165245056152,25.729999542236328,25.729999542236328,23.920000076293945,24.18000030517578,3038300
2020-08-13,9.970784187316895,24.719999313354492,25.940000534057617,24.280000686645508,25.299999237060547,2731500
2020-08-14,9.728775024414062,24.1200008392334,24.68000030517578,24.0,24.479999542236328,3122700
2020-08-17,10.0030517578125,24.799999237060547,24.989999771118164,24.270000457763672,24.540000915527344,1831900
2020-08-18,10.285396575927734,25.5,26.149999618530273,24.920000076293945,24.989999771118164,1967300
2020-08-19,10.019186019897461,24.84000015258789,25.860000610351562,24.709999084472656,25.5,1812100
2020-08-20,9.91834831237793,24.59000015258789,25.40999984741211,24.538999557495117,24.799999237060547,1288000
2020-08-21,9.958683967590332,24.690000534057617,25.06999969482422,24.549999237060547,24.75,777000
2020-08-24,10.664544105529785,26.440000534057617,26.6299991607666,24.93000030517578,24.969999313354492,3335000
2020-08-25,10.93478775024414,27.110000610351562,27.360000610351562,25.700000762939453,26.440000534057617,2663300
2020-08-26,11.237298965454102,27.860000610351562,28.100000381469727,27.110000610351562,27.18000030517578,3203700
2020-08-27,11.370405197143555,28.190000534057617,28.219999313354492,27.6299991607666,28.0,1783400
2020-08-28,11.616447448730469,28.799999237060547,28.895000457763672,27.920000076293945,28.030000686645508,1875900
2020-08-31,11.584179878234863,28.719999313354492,29.1299991607666,28.420000076293945,28.950000762939453,2728600
2020-09-01,11.931059837341309,29.579999923706055,29.670000076293945,28.700000762939453,28.729999542236328,2858200
2020-09-02,11.886690139770508,29.469999313354492,30.6200008392334,29.139999389648438,29.93000030517578,2672100
2020-09-03,10.809748649597168,26.799999237060547,28.84000015258789,25.510000228881836,28.700000762939453,2989400
2020-09-04,10.9105863571167,27.049999237060547,27.440000534057617,25.030000686645508,26.010000228881836,2141300
2020-09-08,10.56370735168457,26.190000534057617,26.5,25.299999237060547,25.760000228881836,2007000
2020-09-09,10.9105863571167,27.049999237060547,27.21500015258789,26.16699981689453,26.6299991607666,1281800
2020-09-10,10.329764366149902,25.610000610351562,27.450000762939453,25.5,27.43000030517578,1646100
2020-09-11,10.402366638183594,25.790000915527344,26.09000015258789,25.049999237060547,25.920000076293945,1361200
2020-09-14,10.692778587341309,26.510000228881836,26.899999618530273,26.079999923706055,26.170000076293945,1517500
2020-09-15,10.942853927612305,27.1299991607666,27.420000076293945,26.40999984741211,26.93000030517578,1674400
2020-09-16,10.991255760192871,27.25,27.600000381469727,26.860000610351562,27.299999237060547,1172100
2020-09-17,11.116293907165527,27.559999465942383,27.690000534057617,26.40999984741211,26.5,1408700
2020-09-18,10.837984085083008,26.8700008392334,27.600000381469727,26.6200008392334,27.549999237060547,1968000
2020-09-21,10.483036994934082,25.989999771118164,26.5,25.09000015258789,26.450000762939453,1647800
2020-09-22,10.559673309326172,26.18000030517578,26.25,25.510000228881836,26.100000381469727,966800
2020-09-23,10.140190124511719,25.139999389648438,26.274999618530273,25.010000228881836,26.139999389648438,1071200
2020-09-24,10.120022773742676,25.09000015258789,25.420000076293945,24.43000030517578,24.709999084472656,880300
2020-09-25,10.091788291931152,25.020000457763672,25.450000762939453,24.850000381469727,25.329999923706055,619400
2020-09-28,10.0030517578125,24.799999237060547,25.709999084472656,24.209999084472656,25.65999984741211,1255800
2020-09-29,9.559368133544922,23.700000762939453,24.950000762939453,23.549999237060547,24.8799991607666,1602000
2020-09-30,9.660205841064453,23.950000762939453,24.229999542236328,23.34000015258789,23.780000686645508,2069100
2020-10-01,10.07162094116211,24.969999313354492,25.260000228881836,23.959999084472656,23.959999084472656,1617400
2020-10-02,10.305562973022461,25.549999237060547,25.860000610351562,24.329999923706055,24.3799991607666,1814000
2020-10-05,9.825578689575195,24.360000610351562,25.799999237060547,24.139999389648438,25.600000381469727,1283600
2020-10-06,9.825578689575195,24.360000610351562,25.200000762939453,24.141000747680664,24.700000762939453,1056200
2020-10-07,9.922382354736328,24.600000381469727,24.780000686645508,24.309999465942383,24.489999771118164,913600
2020-10-08,9.890113830566406,24.520000457763672,24.899999618530273,24.440000534057617,24.809999465942383,868000
2020-10-09,10.402366638183594,25.790000915527344,25.8700008392334,24.610000610351562,24.790000915527344,1172000
2020-10-12,9.240721702575684,22.90999984741211,24.3700008392334,22.360000610351562,23.739999771118164,19103200
2020-10-13,9.010812759399414,22.34000015258789,23.56999969482422,21.420000076293945,23.530000686645508,10638700
2020-10-14,8.970478057861328,22.239999771118164,22.530000686645508,21.829999923706055,22.399999618530273,4327600
2020-10-15,8.93417739868164,22.149999618530273,22.3799991607666,21.850000381469727,21.93000030517578,2876800
2020-10-16,8.950310707092285,22.190000534057617,22.440000534057617,21.829999923706055,22.389999389648438,2503600
2020-10-19,9.277023315429688,23.0,23.0,21.920000076293945,22.350000381469727,3717900
2020-10-20,8.829305648803711,21.889999389648438,23.110000610351562,21.799999237060547,23.09000015258789,2691400
2020-10-21,8.77283763885498,21.75,22.209999084472656,21.709999084472656,22.15999984741211,1837100
2020-10-22,8.550996780395508,21.200000762939453,22.100000381469727,21.020000457763672,21.850000381469727,2443000
2020-10-23,8.744603157043457,21.68000030517578,21.770000457763672,21.1200008392334,21.239999771118164,1609000
2020-10-26,8.631665229797363,21.399999618530273,21.940000534057617,21.149999618530273,21.450000762939453,1500800
2020-10-27,8.869641304016113,21.989999771118164,22.0310001373291,21.219999313354492,21.270000457763672,1279500
2020-10-28,8.38562297821045,20.790000915527344,21.350000381469727,20.229999542236328,21.329999923706055,3336000
2020-10-29,8.873674392700195,22.0,22.09000015258789,20.950000762939453,20.950000762939453,2599900
2020-10-30,9.035014152526855,22.399999618530273,22.459999084472656,21.489999771118164,21.68000030517578,4833100
2020-11-02,8.893842697143555,22.049999237060547,22.450000762939453,21.6299991607666,22.299999237060547,2762600
2020-11-03,8.93417739868164,22.149999618530273,22.540000915527344,21.469999313354492,21.940000534057617,5051600
2020-11-04,9.131817817687988,22.639999389648438,22.75,22.020000457763672,22.15999984741211,4066100
2020-11-05,9.14391803741455,22.670000076293945,23.149999618530273,21.309999465942383,23.149999618530273,5054000
2020-11-06,8.873674392700195,22.0,22.860000610351562,21.829999923706055,22.43000030517578,2444800
2020-11-09,8.4783935546875,21.020000457763672,22.190000534057617,20.56999969482422,22.1200008392334,5618600
2020-11-10,8.030675888061523,19.90999984741211,21.229999542236328,19.75,21.040000915527344,5943300
2020-11-11,8.308987617492676,20.600000381469727,21.079999923706055,19.15999984741211,20.079999923706055,5082000
2020-11-12,8.615531921386719,21.360000610351562,22.170000076293945,20.979999542236328,21.0,4605800
2020-11-13,8.68006706237793,21.520000457763672,22.06999969482422,21.299999237060547,21.860000610351562,1874600
2020-11-16,8.712335586547852,21.600000381469727,22.139999389648438,21.3700008392334,21.84000015258789,2504000
2020-11-17,8.7647705078125,21.729999542236328,21.81999969482422,21.15999984741211,21.700000762939453,2363200
2020-11-18,8.434024810791016,20.90999984741211,21.600000381469727,20.479999542236328,21.59000015258789,3591200
2020-11-19,8.466292381286621,20.989999771118164,21.479999542236328,20.479999542236328,20.739999771118164,3936500
2020-11-20,8.45822525024414,20.969999313354492,21.489999771118164,20.770000457763672,21.489999771118164,5832400
2020-11-23,8.716368675231934,21.610000610351562,21.610000610351562,20.700000762939453,20.799999237060547,3883900
2020-11-24,8.700234413146973,21.56999969482422,21.600000381469727,20.90999984741211,21.31999969482422,2949900
2020-11-25,8.667966842651367,21.489999771118164,21.559999465942383,21.09000015258789,21.290000915527344,2367800
2020-11-27,8.667966842651367,21.489999771118164,21.6299991607666,21.1200008392334,21.5,1701000
2020-11-30,8.345288276672363,20.690000534057617,21.5,20.530000686645508,21.440000534057617,3263400
2020-12-01,8.115379333496094,20.1200008392334,20.829999923706055,19.93000030517578,20.75,4148500
2020-12-02,7.962106704711914,19.739999771118164,20.0,19.3799991607666,20.0,3341200
2020-12-03,7.820934295654297,19.389999389648438,20.059999465942383,19.25,19.790000915527344,3387500
2020-12-04,7.663628101348877,19.0,19.450000762939453,18.600000381469727,19.450000762939453,3890200
2020-12-07,7.659594535827637,18.989999771118164,19.1299991607666,18.649999618530273,19.0,3727400
2020-12-08,7.881436824798584,19.540000915527344,19.600000381469727,18.719999313354492,19.059999465942383,3784100
2020-12-09,8.099245071411133,20.079999923706055,20.510000228881836,19.610000610351562,19.920000076293945,5807000
2020-12-10,8.066977500915527,20.0,20.200000762939453,19.579999923706055,19.959999084472656,4031300
2020-12-11,8.208148956298828,20.350000381469727,20.350000381469727,19.649999618530273,19.950000762939453,4736600
2020-12-14,8.1476469039917,20.200000762939453,20.520000457763672,19.450000762939453,19.969999313354492,3931900
2020-12-15,8.1476469039917,20.200000762939453,20.299999237060547,19.670000076293945,20.079999923706055,4221100
2020-12-16,8.24041748046875,20.43000030517578,20.5049991607666,20.110000610351562,20.110000610351562,2957700
2020-12-17,8.409823417663574,20.850000381469727,20.899999618530273,20.31999969482422,20.5,2813400
2020-12-18,8.506628036499023,21.09000015258789,21.200000762939453,20.639999389648438,20.850000381469727,2437600
2020-12-21,8.518728256225586,21.1200008392334,21.15999984741211,20.510000228881836,20.670000076293945,3948200
2020-12-22,7.933871746063232,19.670000076293945,21.100000381469727,19.559999465942383,21.040000915527344,2678700
2020-12-23,8.018575668334961,19.8799991607666,20.0049991607666,19.40999984741211,19.700000762939453,1883900
2020-12-24,7.627326488494873,18.90999984741211,19.610000610351562,18.6299991607666,19.489999771118164,2081700
2020-12-28,7.595058917999268,18.829999923706055,18.860000610351562,18.135000228881836,18.6299991607666,2478100
2020-12-29,7.679762840270996,19.040000915527344,19.459999084472656,18.969999313354492,18.969999313354492,2349500
2020-12-30,8.054877281188965,19.969999313354492,20.299999237060547,19.34000015258789,19.34000015258789,2886900
2020-12-31,8.038743019104004,19.93000030517578,20.222000122070312,19.280000686645508,20.200000762939453,2251300
2021-01-04,8.308987617492676,20.600000381469727,20.850000381469727,19.90999984741211,19.979999542236328,3007100
2021-01-05,8.801072120666504,21.81999969482422,21.84000015258789,20.479999542236328,20.600000381469727,3601200
2021-01-06,8.244450569152832,20.440000534057617,21.5,20.3700008392334,21.290000915527344,3473100
2021-01-07,8.434024810791016,20.90999984741211,21.280000686645508,20.549999237060547,20.719999313354492,2540200
2021-01-08,8.506628036499023,21.09000015258789,21.639999389648438,20.559999465942383,21.18000030517578,2894100
2021-01-11,8.37352180480957,20.760000228881836,20.90999984741211,20.06999969482422,20.709999084472656,2095200
2021-01-12,8.438057899475098,20.920000076293945,21.100000381469727,20.59000015258789,20.770000457763672,1513800
2021-01-13,8.780904769897461,21.770000457763672,22.489999771118164,21.010000228881836,21.010000228881836,3209300
2021-01-14,9.035014152526855,22.399999618530273,22.590999603271484,21.610000610351562,22.350000381469727,4756900
2021-01-15,8.85754108428955,21.959999084472656,22.989999771118164,21.559999465942383,22.6299991607666,3765400
2021-01-19,9.277023315429688,23.0,23.299999237060547,22.25,22.59000015258789,3873700
2021-01-20,9.36575984954834,23.219999313354492,23.649999618530273,22.65999984741211,23.5,3937500
2021-01-21,9.563400268554688,23.709999084472656,23.84000015258789,23.049999237060547,23.59000015258789,2700300
2021-01-22,9.692473411560059,24.030000686645508,24.40999984741211,23.270000457763672,23.5,2953300
2021-01-25,10.07968807220459,24.989999771118164,25.099000930786133,23.8700008392334,25.0,3700100
2021-01-26,10.793615341186523,26.760000228881836,26.889999389648438,25.1299991607666,25.1299991607666,5589800
2021-01-27,10.422534942626953,25.84000015258789,27.55900001525879,25.729999542236328,26.25,9192200
2021-01-28,10.378165245056152,25.729999542236328,26.364999771118164,24.93000030517578,25.0,2999900
2021-01-29,10.44270133972168,25.889999389648438,26.65999984741211,25.489999771118164,25.600000381469727,3351300
2021-02-01,10.422534942626953,25.84000015258789,26.549999237060547,25.559999465942383,26.0,2033500
2021-02-02,10.107922554016113,25.059999465942383,26.139999389648438,24.8799991607666,26.06999969482422,3389500
2021-02-03,10.224893569946289,25.350000381469727,25.760000228881836,24.90399932861328,25.3700008392334,1852300
2021-02-04,10.616142272949219,26.31999969482422,27.489999771118164,25.709999084472656,26.860000610351562,3547200
2021-02-05,10.797649383544922,26.770000457763672,28.149999618530273,25.200000762939453,26.110000610351562,4490900
2021-02-08,9.882046699523926,24.5,26.3700008392334,23.899999618530273,26.350000381469727,6353600
2021-02-09,10.091788291931152,25.020000457763672,25.149999618530273,24.384000778198242,24.6299991607666,3186500
2021-02-10,11.22116470336914,27.81999969482422,28.75,25.110000610351562,25.200000762939453,7139000
2021-02-11,13.427484512329102,33.290000915527344,34.34000015258789,27.570999145507812,27.8799991607666,11050800
2021-02-12,13.717893600463867,34.0099983215332,34.869998931884766,32.30500030517578,32.5,3584000
2021-02-16,13.608991622924805,33.7400016784668,36.33000183105469,33.5099983215332,34.72999954223633,4555400
2021-02-17,12.790192604064941,31.709999084472656,33.0099983215332,29.760000228881836,33.0,4441200
2021-02-18,11.955260276794434,29.639999389648438,30.889999389648438,28.959999084472656,30.1200008392334,4366200
2021-02-19,12.197269439697266,30.239999771118164,31.75,30.104999542236328,30.700000762939453,1920600
2021-02-22,11.398638725280762,28.260000228881836,29.5,28.200000762939453,28.690000534057617,4707100
2021-02-23,11.47930908203125,28.459999084472656,28.5,25.3700008392334,26.0,3520300
2021-02-24,11.459141731262207,28.40999984741211,28.899999618530273,27.209999084472656,27.75,3895000
2021-02-25,11.305869102478027,28.030000686645508,29.549999237060547,27.360000610351562,28.450000762939453,2817700
2021-02-26,10.628242492675781,26.350000381469727,28.600000381469727,26.350000381469727,27.93000030517578,3826300
2021-03-01,11.112260818481445,27.549999237060547,28.079999923706055,26.610000610351562,27.100000381469727,1778800
2021-03-02,11.043691635131836,27.3799991607666,28.639999389648438,27.079999923706055,27.3799991607666,1219200
2021-03-03,10.608075141906738,26.299999237060547,28.200000762939453,25.8700008392334,27.969999313354492,1583600
2021-03-04,10.438668251037598,25.8799991607666,26.280000686645508,24.579999923706055,25.68000030517578,3975200
2021-03-05,10.55564022064209,26.170000076293945,26.3799991607666,23.530000686645508,26.309999465942383,2987600
2021-03-08,9.825578689575195,24.360000610351562,26.34000015258789,24.110000610351562,25.93000030517578,1590500
2021-03-09,10.479002952575684,25.979999542236328,26.469999313354492,25.200000762939453,25.200000762939453,1921400
2021-03-10,10.087754249572754,25.010000228881836,26.799999237060547,24.940000534057617,26.790000915527344,1412300
2021-03-11,10.600008964538574,26.280000686645508,26.600000381469727,25.941999435424805,26.100000381469727,1172300
2021-03-12,10.628242492675781,26.350000381469727,26.399999618530273,25.0,25.299999237060547,1507300
2021-03-15,10.31766414642334,25.579999923706055,26.889999389648438,25.489999771118164,26.579999923706055,1543600
2021-03-16,10.571773529052734,26.209999084472656,26.979999542236328,25.915000915527344,25.969999313354492,1883400
2021-03-17,10.305562973022461,25.549999237060547,25.989999771118164,24.719999313354492,25.989999771118164,1841800
2021-03-18,9.68037223815918,24.0,25.170000076293945,23.8700008392334,25.059999465942383,2346300
2021-03-19,10.07968807220459,24.989999771118164,24.989999771118164,23.799999237060547,24.06999969482422,1341400
2021-03-22,9.93448257446289,24.6299991607666,25.670000076293945,24.6299991607666,25.350000381469727,1463800
2021-03-23,9.018880844116211,22.360000610351562,24.520000457763672,22.100000381469727,24.440000534057617,3852800
2021-03-24,8.550996780395508,21.200000762939453,22.860000610351562,21.0,22.860000610351562,3304400
2021-03-25,8.502593994140625,21.079999923706055,21.809999465942383,20.100000381469727,20.329999923706055,2293600
2021-03-26,8.321086883544922,20.6299991607666,21.5,19.295000076293945,21.200000762939453,3502800
2021-03-29,8.046810150146484,19.950000762939453,20.899999618530273,19.600000381469727,20.889999389648438,2649700
2021-03-30,7.824967861175537,19.399999618530273,20.0,19.25,19.75,3427600
2021-03-31,7.857235431671143,19.479999542236328,20.739999771118164,19.40999984741211,19.790000915527344,3342500
2021-04-01,7.881436824798584,19.540000915527344,20.15999984741211,19.43000030517578,20.149999618530273,4995900
2021-04-05,7.558757305145264,18.739999771118164,19.950000762939453,18.68000030517578,19.809999465942383,7959600
2021-04-06,7.865302085876465,19.5,19.65999984741211,18.81999969482422,19.0,5458400
2021-04-07,7.5143890380859375,18.6299991607666,19.389999389648438,18.219999313354492,19.270000457763672,4209100
2021-04-08,7.578925609588623,18.790000915527344,19.0,18.270000457763672,19.0,4403500
2021-04-09,7.433720111846924,18.43000030517578,18.739999771118164,18.170000076293945,18.360000610351562,3009600
2021-04-12,7.131207466125488,17.68000030517578,18.3700008392334,17.514999389648438,18.25,2508000
2021-04-13,7.357082843780518,18.239999771118164,18.635000228881836,17.780000686645508,18.049999237060547,2503400
2021-04-14,7.268346786499023,18.020000457763672,18.549999237060547,17.809999465942383,18.40999984741211,1841900
2021-04-15,7.119107246398926,17.649999618530273,18.5,17.599000930786133,18.229999542236328,2222400
2021-04-16,7.328848838806152,18.170000076293945,18.170000076293945,17.510000228881836,17.850000381469727,1625300
2021-04-19,7.248178958892822,17.969999313354492,19.15999984741211,17.850000381469727,18.5,4345400
2021-04-20,7.1271748542785645,17.670000076293945,18.299999237060547,17.530000686645508,18.0,1596900
2021-04-21,7.195744037628174,17.84000015258789,17.8799991607666,17.209999084472656,17.719999313354492,1732000
2021-04-22,7.163476467132568,17.760000228881836,18.469999313354492,17.59000015258789,18.299999237060547,1883700
2021-04-23,7.461954116821289,18.5,18.510000228881836,17.81999969482422,17.889999389648438,1729300
2021-04-26,7.570858001708984,18.770000457763672,18.90999984741211,18.22599983215332,18.610000610351562,2071400
2021-04-27,7.526489734649658,18.65999984741211,19.020000457763672,18.469999313354492,18.959999084472656,1964200
2021-04-28,7.663628101348877,19.0,19.190000534057617,18.40999984741211,18.899999618530273,1976900
2021-04-29,7.336915969848633,18.190000534057617,19.1200008392334,18.079999923706055,19.100000381469727,2746600
2021-04-30,7.107007026672363,17.6200008392334,18.139999389648438,17.40999984741211,18.0,2302700
2021-05-03,6.889198303222656,17.079999923706055,17.690000534057617,16.989999771118164,17.600000381469727,2781500
2021-05-04,6.792394638061523,16.84000015258789,17.5,16.604999542236328,17.110000610351562,1961200
2021-05-05,6.598787784576416,16.360000610351562,17.09000015258789,16.260000228881836,16.90999984741211,2405900
2021-05-06,6.735926151275635,16.700000762939453,16.739999771118164,15.970000267028809,16.270000457763672,2742200
2021-05-07,6.602821350097656,16.3700008392334,16.989999771118164,16.3700008392334,16.81999969482422,2326700
2021-05-10,6.207539081573486,15.390000343322754,16.459999084472656,15.34000015258789,16.459999084472656,3585800
2021-05-11,6.425347805023193,15.930000305175781,16.18000030517578,14.779999732971191,15.0600004196167,4704600
2021-05-12,6.183338165283203,15.329999923706055,16.040000915527344,15.25,15.600000381469727,2899900
2021-05-13,6.042165756225586,14.979999542236328,15.609999656677246,14.710000038146973,15.420000076293945,4603500
2021-05-14,6.284175395965576,15.579999923706055,15.899999618530273,15.1899995803833,15.1899995803833,3647400
2021-05-17,6.23980712890625,15.470000267028809,15.545000076293945,15.020000457763672,15.289999961853027,2341400
2021-05-18,6.094601154327393,15.109999656677246,15.649999618530273,14.9399995803833,15.449999809265137,4912600
2021-05-19,6.098634719848633,15.119999885559082,15.369999885559082,14.800000190734863,14.850000381469727,3137600
2021-05-20,6.171237468719482,15.300000190734863,15.789999961853027,15.180000305175781,15.270000457763672,2738100
2021-05-21,5.961496353149414,14.779999732971191,15.550000190734863,14.770000457763672,15.5,2868100
2021-05-24,5.860659122467041,14.529999732971191,14.899999618530273,14.319999694824219,14.84000015258789,2211400
2021-05-25,5.8929266929626465,14.609999656677246,15.050000190734863,14.59000015258789,14.699999809265137,3384600
2021-05-26,5.9171271324157715,14.670000076293945,14.789999961853027,14.399999618530273,14.779999732971191,5067500
2021-05-27,6.070400714874268,15.050000190734863,15.079999923706055,14.369999885559082,14.649999618530273,3273000
2021-05-28,6.171237468719482,15.300000190734863,15.720000267028809,14.960000038146973,15.229999542236328,5098900
2021-06-01,6.380978584289551,15.819999694824219,15.979999542236328,15.300000190734863,15.489999771118164,4091500
2021-06-02,6.102668762207031,15.130000114440918,16.030000686645508,14.979999542236328,15.899999618530273,3953200
2021-06-03,6.058299541473389,15.020000457763672,15.510000228881836,14.979999542236328,15.020000457763672,4510800
2021-06-04,5.9937639236450195,14.859999656677246,15.289999961853027,14.729999542236328,15.270000457763672,2486600
2021-06-07,5.961496353149414,14.779999732971191,15.0,14.649999618530273,15.0,3622600
2021-06-08,6.574585914611816,16.299999237060547,16.405000686645508,14.869999885559082,14.949999809265137,7892500
2021-06-09,6.461648941040039,16.020000457763672,17.959999084472656,15.970000267028809,17.649999618530273,8494800
2021-06-10,6.425347805023193,15.930000305175781,16.860000610351562,15.789999961853027,16.290000915527344,3575800
2021-06-11,6.4697160720825195,16.040000915527344,16.18000030517578,15.819999694824219,16.110000610351562,2016300
2021-06-14,6.743992805480957,16.719999313354492,16.975000381469727,16.148000717163086,16.290000915527344,2736800
2021-06-15,6.606854438781738,16.3799991607666,17.06999969482422,15.920000076293945,16.790000915527344,3325500
2021-06-16,6.6754231452941895,16.549999237060547,16.844999313354492,16.1200008392334,16.229999542236328,2219300
2021-06-17,6.84079647064209,16.959999084472656,17.190000534057617,16.59000015258789,16.690000534057617,3113900
2021-06-18,6.768194198608398,16.780000686645508,17.139999389648438,16.68000030517578,16.850000381469727,2377700
2021-06-21,6.639122486114502,16.459999084472656,16.969999313354492,16.010000228881836,16.719999313354492,1907700
2021-06-22,6.574585914611816,16.299999237060547,16.899999618530273,15.819999694824219,16.459999084472656,3311600
2021-06-23,6.796428203582764,16.850000381469727,17.149999618530273,16.389999389648438,16.389999389648438,1559600
2021-06-24,6.945667743682861,17.219999313354492,17.790000915527344,16.8700008392334,16.8700008392334,7052900
2021-06-25,6.957767963409424,17.25,18.1299991607666,17.110000610351562,17.219999313354492,4133800
2021-06-28,7.102973461151123,17.610000610351562,17.670000076293945,17.149999618530273,17.389999389648438,2452800
2021-06-29,7.119107246398926,17.649999618530273,17.729999542236328,17.219999313354492,17.420000076293945,2482600
2021-06-30,7.119107246398926,17.649999618530273,17.799999237060547,17.450000762939453,17.729999542236328,1865200
2021-07-01,6.957767963409424,17.25,17.763999938964844,16.93000030517578,17.6200008392334,2048800
2021-07-02,6.655256271362305,16.5,17.099000930786133,16.489999771118164,17.06999969482422,1987100
2021-07-06,6.518117427825928,16.15999984741211,16.56999969482422,15.630000114440918,16.350000381469727,4724400
2021-07-07,6.223673343658447,15.430000305175781,16.270000457763672,15.369999885559082,16.200000762939453,2658100
2021-07-08,6.058299541473389,15.020000457763672,15.460000038146973,14.600000381469727,14.949999809265137,7297000
2021-07-09,6.102668762207031,15.130000114440918,15.25,14.680000305175781,15.170000076293945,2550800
2021-07-12,6.001831531524658,14.880000114440918,15.119999885559082,14.595000267028809,14.869999885559082,4112700
2021-07-13,6.356778144836426,15.760000228881836,15.944999694824219,14.890000343322754,15.0,4962700
2021-07-14,6.324510097503662,15.680000305175781,16.049999237060547,15.25,15.880000114440918,2683400
2021-07-15,6.376945972442627,15.8100004196167,16.149999618530273,15.399999618530273,15.680000305175781,2763600
2021-07-16,6.203505516052246,15.380000114440918,15.84000015258789,15.260000228881836,15.789999961853027,2044800
2021-07-19,5.812256813049316,14.40999984741211,15.25,14.300000190734863,15.239999771118164,3474200
2021-07-20,5.727553367614746,14.199999809265137,14.399999618530273,13.800000190734863,14.350000381469727,2758000
2021-07-21,5.820323944091797,14.430000305175781,14.59000015258789,14.039999961853027,14.170000076293945,2074600
2021-07-22,5.707386016845703,14.149999618530273,14.588000297546387,14.039999961853027,14.479999542236328,1291600
2021-07-23,5.40084171295166,13.390000343322754,13.817999839782715,13.109999656677246,13.670000076293945,3517800
2021-07-26,5.283870220184326,13.100000381469727,13.800000190734863,12.75,13.020000457763672,4720300
2021-07-27,4.824052333831787,11.960000038146973,12.895000457763672,11.710000038146973,12.390000343322754,7294200
2021-07-28,5.170932292938232,12.819999694824219,13.0649995803833,12.260000228881836,12.430000305175781,4267800
2021-07-29,5.15883207321167,12.789999961853027,13.210000038146973,12.395000457763672,13.149999618530273,2335300
2021-07-30,5.15883207321167,12.789999961853027,13.074999809265137,12.470000267028809,12.5,2339200
2021-08-02,5.219334125518799,12.9399995803833,13.149999618530273,12.40999984741211,12.850000381469727,2926300
2021-08-03,4.783717155456543,11.859999656677246,12.510000228881836,11.625,12.380000114440918,4342600
2021-08-04,4.76758337020874,11.819999694824219,12.390000343322754,11.760000228881836,12.09000015258789,2361700
2021-08-05,4.638511657714844,11.5,11.84000015258789,11.380000114440918,11.699999809265137,2743900
2021-08-06,4.348100185394287,10.779999732971191,11.664999961853027,10.765000343322754,11.470000267028809,5365400
2021-08-09,4.553808689117432,11.289999961853027,11.71500015258789,10.899999618530273,10.979999542236328,4433300
2021-08-10,4.440871238708496,11.010000228881836,11.569999694824219,10.899999618530273,11.420000076293945,3200300
2021-08-11,4.315832614898682,10.699999809265137,11.109999656677246,10.699999809265137,11.100000381469727,2594200
2021-08-12,4.154493808746338,10.300000190734863,10.65999984741211,10.270000457763672,10.59000015258789,3131900
2021-08-13,4.07382345199585,10.100000381469727,10.350000381469727,10.039999961853027,10.329999923706055,1853000
2021-08-16,3.8318140506744385,9.5,10.029999732971191,9.489999771118164,9.899999618530273,4192500
2021-08-17,3.8318140506744385,9.5,9.84000015258789,8.8100004196167,9.100000381469727,5553900
2021-08-18,3.8721494674682617,9.600000381469727,9.8100004196167,9.050000190734863,9.5,3909600
2021-08-19,3.8519816398620605,9.550000190734863,9.65999984741211,9.149999618530273,9.390000343322754,3353600
2021-08-20,3.9165172576904297,9.710000038146973,10.140000343322754,9.5600004196167,9.699999809265137,3603300
2021-08-23,3.997187376022339,9.90999984741211,10.079999923706055,9.515000343322754,9.949999809265137,3626600
2021-08-24,4.400536060333252,10.90999984741211,11.005000114440918,10.265000343322754,10.390000343322754,6521300
2021-08-25,4.331966876983643,10.739999771118164,10.890000343322754,10.300000190734863,10.680000305175781,2595700
2021-08-26,4.307765960693359,10.680000305175781,11.0,10.59000015258789,10.800000190734863,1828200
2021-08-27,4.182727813720703,10.369999885559082,10.770000457763672,10.369999885559082,10.5600004196167,2075400
2021-08-30,4.029455184936523,9.989999771118164,10.0,9.489999771118164,9.869999885559082,3129600
2021-08-31,4.311799049377441,10.6899995803833,10.829999923706055,10.201000213623047,10.279999732971191,3536000
2021-09-01,4.549775123596191,11.279999732971191,11.510000228881836,10.699999809265137,10.699999809265137,4368300
2021-09-02,4.533641338348389,11.239999771118164,11.470000267028809,11.029999732971191,11.1899995803833,2278700
2021-09-03,4.525574207305908,11.220000267028809,11.4399995803833,11.020000457763672,11.020000457763672,2757400
2021-09-07,4.6143107414245605,11.4399995803833,11.75,11.140000343322754,11.140000343322754,2669900
2021-09-08,4.3723015785217285,10.84000015258789,11.229999542236328,10.520000457763672,10.960000038146973,2890500
2021-09-09,4.00525426864624,9.930000305175781,10.289999961853027,9.729999542236328,10.220000267028809,7141700
2021-09-10,4.061722755432129,10.069999694824219,10.420000076293945,9.970000267028809,10.0600004196167,2959800
2021-09-13,4.07382345199585,10.100000381469727,10.4399995803833,9.5600004196167,9.90999984741211,3361300
2021-09-14,3.7753453254699707,9.359999656677246,10.109999656677246,9.300000190734863,9.920000076293945,3099500
2021-09-15,3.7551779747009277,9.3100004196167,9.399999618530273,9.09000015258789,9.239999771118164,3077500
2021-09-16,3.6946754455566406,9.15999984741211,9.329999923706055,9.029999732971191,9.210000038146973,2105800
2021-09-17,3.7148430347442627,9.210000038146973,9.380000114440918,9.069999694824219,9.300000190734863,2812200
2021-09-20,3.5091350078582764,8.699999809265137,9.069999694824219,8.5600004196167,8.90999984741211,2784100
2021-09-21,3.456699848175049,8.569999694824219,8.9399995803833,8.510000228881836,8.850000381469727,1885600
2021-09-22,3.5293025970458984,8.75,8.940999984741211,8.609999656677246,8.609999656677246,2082300
2021-09-23,3.505101203918457,8.6899995803833,8.779999732971191,8.430000305175781,8.75,2273400
2021-09-24,3.363929271697998,8.34000015258789,8.600000381469727,8.229999542236328,8.59000015258789,2324800
2021-09-27,3.3961973190307617,8.420000076293945,8.510000228881836,8.050000190734863,8.270000457763672,4218300
2021-09-28,3.2711589336395264,8.109999656677246,8.649999618530273,8.100000381469727,8.399999618530273,2821000
2021-09-29,3.2146902084350586,7.96999979019165,8.279999732971191,7.960000038146973,8.020000457763672,2373900
2021-09-30,3.363929271697998,8.34000015258789,8.40999984741211,7.929999828338623,8.039999961853027,4376000
2021-10-01,3.1945230960845947,7.920000076293945,8.375,7.909999847412109,8.3100004196167,2780700
2021-10-04,3.0493173599243164,7.559999942779541,7.900000095367432,7.519999980926514,7.900000095367432,3573400
2021-10-05,3.1501545906066895,7.809999942779541,7.90500020980835,7.519999980926514,7.559999942779541,2244600
2021-10-06,3.299393892288208,8.180000305175781,8.229999542236328,7.53000020980835,7.53000020980835,3110700
2021-10-07,3.6583738327026367,9.069999694824219,9.175000190734863,8.399999618530273,8.40999984741211,4871600
2021-10-08,3.8519816398620605,9.550000190734863,9.670000076293945,8.960000038146973,9.039999961853027,3767800
2021-10-11,3.799546241760254,9.420000076293945,9.954999923706055,9.40999984741211,9.720000267028809,3152100
2021-10-12,3.799546241760254,9.420000076293945,9.779999732971191,9.15999984741211,9.300000190734863,2522600
2021-10-13,3.8318140506744385,9.5,9.579999923706055,8.850000381469727,9.199999809265137,3687400
2021-10-14,3.662407636642456,9.079999923706055,9.449999809265137,8.9350004196167,9.430000305175781,2830200
2021-10-15,3.642239809036255,9.029999732971191,9.244999885559082,8.899999618530273,9.180000305175781,2618200
2021-10-18,3.6301395893096924,9.0,9.295000076293945,8.920000076293945,9.020000457763672,1427700
2021-10-19,3.924584150314331,9.729999542236328,9.743000030517578,9.119999885559082,9.210000038146973,2266200
2021-10-20,3.904416799545288,9.680000305175781,10.09000015258789,9.609999656677246,9.979999542236328,2385000
2021-10-21,3.860048294067383,9.569999694824219,9.850000381469727,9.505000114440918,9.59000015258789,1933800
2021-10-22,3.7874460220336914,9.390000343322754,9.729999542236328,9.359999656677246,9.680000305175781,2051500
2021-10-25,3.803579807281494,9.430000305175781,9.489999771118164,9.069999694824219,9.4399995803833,1703700
2021-10-26,3.5938384532928467,8.90999984741211,9.420000076293945,8.699999809265137,9.34000015258789,2538400
2021-10-27,3.5454366207122803,8.789999961853027,9.010000228881836,8.649999618530273,8.899999618530273,1721700
2021-10-28,3.501068115234375,8.680000305175781,8.8100004196167,8.539999961853027,8.680000305175781,1649600
2021-10-29,3.31552791595459,8.220000267028809,8.680000305175781,8.180000305175781,8.630000114440918,2326000
2021-11-01,3.6664412021636963,9.09000015258789,9.09000015258789,8.229000091552734,8.380000114440918,2076000
2021-11-02,3.521235227584839,8.729999542236328,8.84000015258789,8.53499984741211,8.770000457763672,1919400
2021-11-03,3.581738233566284,8.880000114440918,8.949999809265137,8.789999961853027,8.829999923706055,1226300
2021-11-04,3.38006329536438,8.380000114440918,9.0,8.354999542236328,8.930000305175781,2190500
2021-11-05,3.38006329536438,8.380000114440918,8.604999542236328,8.260000228881836,8.430000305175781,2075100
2021-11-08,3.4324989318847656,8.510000228881836,8.6899995803833,8.46500015258789,8.510000228881836,1572900
2021-11-09,3.6099724769592285,8.949999809265137,9.850000381469727,8.829999923706055,9.079999923706055,4330300
2021-11-10,3.739044427871704,9.270000457763672,9.710000038146973,8.75,8.829999923706055,3387500
2021-11-11,3.908450126647949,9.6899995803833,10.010000228881836,9.569999694824219,9.569999694824219,2669800
2021-11-12,4.085923671722412,10.130000114440918,10.229999542236328,9.449999809265137,9.510000228881836,2796500
2021-11-15,3.8519816398620605,9.550000190734863,10.1899995803833,9.289999961853027,10.130000114440918,4098000
2021-11-16,3.8882832527160645,9.640000343322754,9.850000381469727,9.390000343322754,9.609999656677246,2698900
2021-11-17,3.6866087913513184,9.140000343322754,9.6899995803833,8.979999542236328,9.600000381469727,2385600
2021-11-18,3.4768669605255127,8.619999885559082,8.989999771118164,8.569999694824219,8.800000190734863,2442600
2021-11-19,3.460733413696289,8.579999923706055,8.96500015258789,8.539999961853027,8.800000190734863,1447200
2021-11-22,3.343761682510376,8.289999961853027,8.569000244140625,8.03499984741211,8.550000190734863,2867000
2021-11-23,3.31552791595459,8.220000267028809,8.420000076293945,8.0600004196167,8.25,1889600
2021-11-24,3.2671260833740234,8.100000381469727,8.25,7.994999885559082,8.229999542236328,2120500
2021-11-26,3.2066233158111572,7.949999809265137,7.949999809265137,7.71999979019165,7.869999885559082,1891600
2021-11-29,3.1703221797943115,7.860000133514404,7.940000057220459,7.5,7.940000057220459,2961200
2021-11-30,3.4728338718414307,8.609999656677246,8.65999984741211,7.800000190734863,7.809999942779541,12571100
2021-12-01,3.2106568813323975,7.960000038146973,8.59000015258789,7.960000038146973,8.569999694824219,3306600
2021-12-02,2.9767143726348877,7.380000114440918,7.96999979019165,7.190000057220459,7.960000038146973,4108400
2021-12-03,2.5935332775115967,6.429999828338623,7.099999904632568,6.079999923706055,7.079999923706055,5647400
2021-12-06,2.8516764640808105,7.070000171661377,7.110000133514404,6.28000020980835,6.28000020980835,3471500
2021-12-07,3.1098196506500244,7.710000038146973,7.769999980926514,7.269999980926514,7.5,2738900
2021-12-08,3.1904892921447754,7.909999847412109,8.119999885559082,7.329999923706055,7.559999942779541,2233200
2021-12-09,3.000915765762329,7.440000057220459,7.900000095367432,7.429999828338623,7.820000171661377,2134700
2021-12-10,3.08158540725708,7.639999866485596,7.664999961853027,7.289999961853027,7.360000133514404,2553700
2021-12-13,3.017049551010132,7.480000019073486,7.579999923706055,7.269999980926514,7.480000019073486,1401300
2021-12-14,2.960580587387085,7.340000152587891,7.618000030517578,7.150000095367432,7.269999980926514,1656400
2021-12-15,2.8274755477905273,7.010000228881836,7.190000057220459,6.650000095367432,7.190000057220459,2575700
2021-12-16,2.8476428985595703,7.059999942779541,7.449999809265137,7.0,7.119999885559082,2027400
2021-12-17,2.964614152908325,7.349999904632568,7.360000133514404,6.599999904632568,6.809999942779541,3757400
2021-12-20,2.7306718826293945,6.769999980926514,7.059999942779541,6.690000057220459,7.03000020980835,2526200
2021-12-21,2.964614152908325,7.349999904632568,7.429999828338623,6.849999904632568,6.880000114440918,2058800
2021-12-22,2.83957576751709,7.039999961853027,7.204999923706055,6.909999847412109,7.110000133514404,1507000
2021-12-23,2.859743356704712,7.090000152587891,7.179999828338623,6.760000228881836,6.980000019073486,2134400
2021-12-27,2.6742029190063477,6.630000114440918,7.079999923706055,6.630000114440918,6.900000095367432,3137500
2021-12-28,2.658068895339966,6.590000152587891,6.715000152587891,6.440000057220459,6.53000020980835,2010400
2021-12-29,2.516896963119507,6.239999771118164,6.599999904632568,6.179999828338623,6.599999904632568,3966900
2021-12-30,2.7750401496887207,6.880000114440918,7.019999980926514,6.251999855041504,6.28000020980835,6826000
2021-12-31,2.799241065979004,6.940000057220459,7.170000076293945,6.449999809265137,6.769999980926514,3780800
2022-01-03,2.83957576751709,7.039999961853027,7.230000019073486,6.690000057220459,6.920000076293945,2699800
2022-01-04,2.68630313873291,6.659999847412109,7.010000228881836,6.480000019073486,6.949999809265137,2434200
2022-01-05,2.637901544570923,6.539999961853027,7.010000228881836,6.46999979019165,6.53000020980835,2475500
2022-01-06,2.738738536834717,6.789999961853027,6.974999904632568,6.46999979019165,6.739999771118164,2732100
2022-01-07,2.823441743850708,7.0,7.224999904632568,6.659999847412109,6.829999923706055,2300400
2022-01-10,2.783107280731201,6.900000095367432,7.139999866485596,6.710000038146973,7.03000020980835,2348900
2022-01-11,3.0291497707366943,7.510000228881836,7.659999847412109,6.829999923706055,6.929999828338623,2537000
2022-01-12,2.9968819618225098,7.429999828338623,7.940000057220459,7.349999904632568,7.800000190734863,1727100
2022-01-13,2.8194081783294678,6.989999771118164,7.400000095367432,6.940000057220459,7.269999980926514,1930000
2022-01-14,2.883944272994995,7.150000095367432,7.324999809265137,7.03000020980835,7.070000171661377,1249700
2022-01-18,2.8678104877471924,7.110000133514404,7.5,6.940000057220459,7.0,2058800
2022-01-19,2.8758773803710938,7.130000114440918,7.40500020980835,7.039999961853027,7.170000076293945,1380900
2022-01-20,2.8194081783294678,6.989999771118164,7.670000076293945,6.96999979019165,7.489999771118164,3393800
2022-01-21,2.6258010864257812,6.510000228881836,7.039999961853027,6.480000019073486,7.0,2582600
2022-01-24,2.7669732570648193,6.860000133514404,6.880000114440918,6.159999847412109,6.320000171661377,3975900
2022-01-25,2.738738536834717,6.789999961853027,6.940000057220459,6.619999885559082,6.650000095367432,2733200
2022-01-26,2.5088298320770264,6.21999979019165,6.994999885559082,6.190000057220459,6.789999961853027,3229200
2022-01-27,2.520930290222168,6.25,6.505000114440918,6.090000152587891,6.139999866485596,5098900
2022-01-28,2.38379168510437,5.909999847412109,6.329999923706055,5.809999942779541,6.170000076293945,4159800
2022-01-31,2.6701693534851074,6.619999885559082,6.630000114440918,6.0,6.070000171661377,3423300
2022-02-01,2.7266383171081543,6.760000228881836,6.940000057220459,6.59499979019165,6.739999771118164,2142000
2022-02-02,2.524963855743408,6.260000228881836,6.78000020980835,6.21999979019165,6.78000020980835,1971100
2022-02-03,2.399925470352173,5.949999809265137,6.309999942779541,5.929999828338623,6.199999809265137,1724800
2022-02-04,2.399925470352173,5.949999809265137,6.139999866485596,5.829999923706055,6.010000228881836,3000600
2022-02-07,2.319255828857422,5.75,6.110000133514404,5.744999885559082,5.869999885559082,2339800
2022-02-08,2.3474903106689453,5.820000171661377,5.929999828338623,5.619999885559082,5.699999809265137,2425000
2022-02-09,2.4967293739318848,6.190000057220459,6.28000020980835,5.869999885559082,5.929999828338623,3094700
2022-02-10,2.4523611068725586,6.079999923706055,6.440000057220459,6.010000228881836,6.019999980926514,2249200
2022-02-11,2.3636245727539062,5.860000133514404,6.25,5.840000152587891,6.050000190734863,2190600
2022-02-14,2.278921127319336,5.650000095367432,5.951000213623047,5.630000114440918,5.800000190734863,1736100
2022-02-15,2.456394672393799,6.090000152587891,6.107999801635742,5.75,5.775000095367432,1970900
2022-02-16,2.4079926013946533,5.96999979019165,6.090000152587891,5.869999885559082,5.949999809265137,1530500
2022-02-17,2.3273229598999023,5.769999980926514,6.090000152587891,5.730000019073486,6.0,1458600
2022-02-18,2.2466530799865723,5.570000171661377,5.695000171661377,5.46999979019165,5.659999847412109,2987700
2022-02-22,2.1538829803466797,5.340000152587891,5.579999923706055,5.340000152587891,5.380000114440918,3229400
2022-02-23,2.1901841163635254,5.429999828338623,5.670000076293945,5.429999828338623,5.449999809265137,2058800
2022-02-24,2.0853137969970703,5.170000076293945,5.175000190734863,4.800000190734863,5.050000190734863,4690800
2022-02-25,2.1498494148254395,5.329999923706055,5.340000152587891,5.010000228881836,5.119999885559082,1745500
2022-02-28,2.117581605911255,5.25,5.789999961853027,5.159999847412109,5.159999847412109,5002700
2022-03-01,2.097414016723633,5.199999809265137,5.579999923706055,5.065000057220459,5.320000171661377,2449800
2022-03-02,2.044978618621826,5.070000171661377,5.320000171661377,4.90500020980835,5.260000228881836,2126900
2022-03-03,1.9038063287734985,4.71999979019165,5.239999771118164,4.679999828338623,5.239999771118164,1808100
2022-03-04,1.7787684202194214,4.409999847412109,4.820000171661377,4.380000114440918,4.659999847412109,2460000
2022-03-07,1.7384334802627563,4.309999942779541,4.510000228881836,4.289999961853027,4.300000190734863,1801000
2022-03-08,1.7787684202194214,4.409999847412109,4.554999828338623,4.144999980926514,4.309999942779541,2198700
2022-03-09,1.8271702527999878,4.53000020980835,4.650000095367432,4.449999809265137,4.559999942779541,1540200
2022-03-10,1.7465004920959473,4.329999923706055,4.400000095367432,4.139999866485596,4.289999961853027,3132900
2022-03-11,1.4762567281723022,3.6600000858306885,4.440000057220459,3.6600000858306885,4.429999828338623,4280300
2022-03-14,1.3633191585540771,3.380000114440918,3.875,3.380000114440918,3.450000047683716,5293400
2022-03-15,1.4681898355484009,3.640000104904175,3.930000066757202,3.2300000190734863,3.240000009536743,5635300
2022-03-16,2.0530457496643066,5.090000152587891,5.199999809265137,4.15500020980835,4.320000171661377,9229800
2022-03-17,1.9118735790252686,4.739999771118164,5.079999923706055,4.5,4.75,3379300
2022-03-18,2.137749195098877,5.300000190734863,5.300000190734863,4.739999771118164,4.739999771118164,5067200
2022-03-21,2.0046439170837402,4.96999979019165,5.34499979019165,4.880000114440918,5.090000152587891,3893800
2022-03-22,2.1458160877227783,5.320000171661377,5.449999809265137,4.769999980926514,5.139999866485596,6009700
2022-03-23,2.2869880199432373,5.670000076293945,6.054999828338623,5.010000228881836,5.260000228881836,5446100
2022-03-24,2.282954454421997,5.659999847412109,5.664999961853027,5.130000114440918,5.519999980926514,3659600
2022-03-25,2.1095144748687744,5.230000019073486,5.304999828338623,5.081999778747559,5.300000190734863,2553100
2022-03-28,2.117581605911255,5.25,5.389999866485596,5.09499979019165,5.28000020980835,2490800
2022-03-29,2.117581605911255,5.25,5.425000190734863,5.078999996185303,5.329999923706055,5816200
2022-03-30,1.9764094352722168,4.900000095367432,5.289999961853027,4.829999923706055,4.960000038146973,5335300
2022-03-31,1.8029693365097046,4.46999979019165,4.869999885559082,4.460000038146973,4.849999904632568,2350600
2022-04-01,1.9441416263580322,4.820000171661377,4.974999904632568,4.75,4.769999980926514,3039600
2022-04-04,2.121614933013916,5.260000228881836,5.400000095367432,4.980000019073486,5.0,2161400
2022-04-05,2.0570790767669678,5.099999904632568,5.239999771118164,5.005000114440918,5.239999771118164,1344200
2022-04-06,2.061112642288208,5.110000133514404,5.170000076293945,4.900000095367432,5.0,1434200
2022-04-07,1.92800772190094,4.78000020980835,5.052000045776367,4.675000190734863,5.050000190734863,1586700
2022-04-08,1.867505431175232,4.630000114440918,4.909999847412109,4.619999885559082,4.75,1404600
2022-04-11,1.9159070253372192,4.75,5.03000020980835,4.619999885559082,5.03000020980835,2187800
2022-04-12,1.8796056509017944,4.659999847412109,4.889999866485596,4.579999923706055,4.789999961853027,1333300
2022-04-13,1.9078400135040283,4.730000019073486,4.800000190734863,4.650000095367432,4.690000057220459,757000
2022-04-14,1.8271702527999878,4.53000020980835,4.71999979019165,4.510000228881836,4.699999809265137,738300
2022-04-18,1.7061656713485718,4.230000019073486,4.539999961853027,4.204999923706055,4.5,1407000
2022-04-19,1.7384334802627563,4.309999942779541,4.315000057220459,4.045000076293945,4.150000095367432,1038500
2022-04-20,1.6456632614135742,4.079999923706055,4.300000190734863,4.039999961853027,4.300000190734863,902400
2022-04-21,1.5690271854400635,3.890000104904175,4.099999904632568,3.890000104904175,4.03000020980835,1602300
2022-04-22,1.5932279825210571,3.950000047683716,4.239999771118164,3.890000104904175,4.0,1810200
2022-04-25,1.5730606317520142,3.9000000953674316,3.9579999446868896,3.759999990463257,3.9000000953674316,1330500
2022-04-26,1.4399553537368774,3.569999933242798,3.9000000953674316,3.509999990463257,3.890000104904175,1828100
2022-04-27,1.492390751838684,3.700000047683716,3.950000047683716,3.5899999141693115,3.6700000762939453,1336000
2022-04-28,1.5488595962524414,3.8399999141693115,3.930000066757202,3.619999885559082,3.7699999809265137,1412900
2022-04-29,1.6658307313919067,4.130000114440918,4.309999942779541,4.114999771118164,4.21999979019165,2252500
2022-05-02,1.7263332605361938,4.28000020980835,4.340000152587891,4.0,4.050000190734863,1000500
2022-05-03,1.6859982013702393,4.179999828338623,4.380000114440918,4.144999980926514,4.190000057220459,680500
2022-05-04,1.782801866531372,4.420000076293945,4.420000076293945,4.0,4.070000171661377,1537100
2022-05-05,1.601294994354248,3.9700000286102295,4.190000057220459,3.884999990463257,4.190000057220459,974000
2022-05-06,1.4762567281723022,3.6600000858306885,3.9200000762939453,3.6500000953674316,3.890000104904175,971500
2022-05-09,1.3471851348876953,3.3399999141693115,3.5899999141693115,3.319999933242798,3.5299999713897705,1224000
2022-05-10,1.3552520275115967,3.359999895095825,3.5299999713897705,3.2899999618530273,3.4700000286102295,1617100
2022-05-11,1.2947498559951782,3.2100000381469727,3.619999885559082,3.2100000381469727,3.4600000381469727,1572400
2022-05-12,1.2907164096832275,3.200000047683716,3.4100000858306885,3.0399999618530273,3.1500000953674316,3312000
2022-05-13,1.5690271854400635,3.890000104904175,3.890000104904175,3.259999990463257,3.299999952316284,3579500
2022-05-16,1.5770940780639648,3.9100000858306885,4.281000137329102,3.815000057220459,3.8299999237060547,2800200
2022-05-17,1.6133954524993896,4.0,4.119999885559082,3.75,3.759999990463257,2265100
2022-05-18,1.6658307313919067,4.130000114440918,4.199999809265137,3.869999885559082,3.930000066757202,3104100
2022-05-19,1.6738977432250977,4.150000095367432,4.296999931335449,3.9019999504089355,3.940000057220459,1858500
2022-05-20,1.6940652132034302,4.199999809265137,4.309999942779541,4.070000171661377,4.210000038146973,1195700
2022-05-23,1.649696946144104,4.090000152587891,4.195000171661377,4.0,4.159999847412109,743600
2022-05-24,1.4439889192581177,3.5799999237060547,3.9800000190734863,3.505000114440918,3.9700000286102295,1805300
2022-05-25,1.4843237400054932,3.680000066757202,3.759999990463257,3.5999999046325684,3.5999999046325684,761600
2022-05-26,1.609362006187439,3.990000009536743,4.114999771118164,3.690000057220459,3.7100000381469727,1908500
2022-05-27,1.6133954524993896,4.0,4.079999923706055,3.880000114440918,4.039999961853027,4379700
2022-05-31,1.7061656713485718,4.230000019073486,4.473999977111816,4.179999828338623,4.190000057220459,1992600
2022-06-01,1.661797285079956,4.119999885559082,4.349999904632568,4.059999942779541,4.239999771118164,2070000
2022-06-02,1.7505340576171875,4.340000152587891,4.429999828338623,4.150000095367432,4.170000076293945,2037000
2022-06-03,1.6375963687896729,4.059999942779541,4.28000020980835,4.019999980926514,4.25,1131200
2022-06-06,1.7384334802627563,4.309999942779541,4.59499979019165,4.269999980926514,4.349999904632568,1680100
2022-06-07,1.831203818321228,4.539999961853027,4.539999961853027,4.25,4.289999961853027,1313600
2022-06-08,1.9441416263580322,4.820000171661377,4.889999866485596,4.550000190734863,4.599999904632568,1736400
2022-06-09,1.782801866531372,4.420000076293945,5.0,4.324999809265137,4.78000020980835,1490000
2022-06-10,1.762634515762329,4.369999885559082,4.480000019073486,4.175000190734863,4.440000057220459,1806500
2022-06-13,1.6133954524993896,4.0,4.215000152587891,3.890000104904175,4.090000152587891,1934200
2022-06-14,1.6375963687896729,4.059999942779541,4.190000057220459,3.9200000762939453,4.099999904632568,1483400
2022-06-15,1.7303667068481445,4.289999961853027,4.380000114440918,4.105000019073486,4.130000114440918,1346700
2022-06-16,1.552893042564392,3.8499999046325684,4.059999942779541,3.7750000953674316,4.039999961853027,1565200
2022-06-17,1.6859982013702393,4.179999828338623,4.179999828338623,3.944999933242798,4.059999942779541,2145300
2022-06-21,1.762634515762329,4.369999885559082,4.449999809265137,4.199999809265137,4.260000228881836,1350600
2022-06-22,1.718266248703003,4.260000228881836,4.380000114440918,4.170000076293945,4.199999809265137,866500
2022-06-23,1.7545675039291382,4.349999904632568,4.449999809265137,4.244999885559082,4.340000152587891,1344500
2022-06-24,1.7586009502410889,4.360000133514404,4.519999980926514,4.300000190734863,4.420000076293945,933000
2022-06-27,1.7787684202194214,4.409999847412109,4.501999855041504,4.320000171661377,4.489999771118164,1021800
2022-06-28,1.7384334802627563,4.309999942779541,4.514999866485596,4.28000020980835,4.480000019073486,689500
2022-06-29,1.69003164768219,4.190000057220459,4.284999847412109,4.099999904632568,4.25,960400
2022-06-30,1.5649937391281128,3.880000114440918,4.110000133514404,3.809999942779541,4.099999904632568,1219900
2022-07-01,1.649696946144104,4.090000152587891,4.099999904632568,3.869999885559082,3.880000114440918,793500
2022-07-05,1.7545675039291382,4.349999904632568,4.349999904632568,4.019999980926514,4.099999904632568,1164800
2022-07-06,1.5972615480422974,3.9600000381469727,4.300000190734863,3.9100000858306885,4.300000190734863,973800
2022-07-07,1.6174290180206299,4.010000228881836,4.224999904632568,4.0,4.059999942779541,872600
2022-07-08,1.5891945362091064,3.940000057220459,4.079999923706055,3.865000009536743,4.050000190734863,989800
2022-07-11,1.4439889192581177,3.5799999237060547,3.7899999618530273,3.5199999809265137,3.75,1286500
2022-07-12,1.4318883419036865,3.549999952316284,3.619999885559082,3.430000066757202,3.5999999046325684,869100
2022-07-13,1.4076874256134033,3.490000009536743,3.5799999237060547,3.440000057220459,3.4600000381469727,711900
2022-07-14,1.3471851348876953,3.3399999141693115,3.4700000286102295,3.2699999809265137,3.4700000286102295,1478400
2022-07-15,1.3471851348876953,3.3399999141693115,3.369999885559082,3.2090001106262207,3.3299999237060547,1149200
2022-07-18,1.3673526048660278,3.390000104904175,3.5950000286102295,3.390000104904175,3.4700000286102295,1128200
2022-07-19,1.3834866285324097,3.430000066757202,3.490000009536743,3.3299999237060547,3.4600000381469727,793800
2022-07-20,1.3875200748443604,3.440000057220459,3.5299999713897705,3.3350000381469727,3.4000000953674316,933200
2022-07-21,1.4157544374465942,3.509999990463257,3.569000005722046,3.4200000762939453,3.509999990463257,953300
2022-07-22,1.3794530630111694,3.4200000762939453,3.559999942779541,3.380000114440918,3.4700000286102295,886600
2022-07-25,1.3592857122421265,3.369999885559082,3.450000047683716,3.319999933242798,3.450000047683716,345700
2022-07-26,1.331051230430603,3.299999952316284,3.4200000762939453,3.2699999809265137,3.4000000953674316,607100
2022-07-27,1.3834866285324097,3.430000066757202,3.430000066757202,3.2200000286102295,3.359999895095825,818900
2022-07-28,1.371386170387268,3.4000000953674316,3.430000066757202,3.2149999141693115,3.369999885559082,667500
2022-07-29,1.331051230430603,3.299999952316284,3.299999952316284,3.2100000381469727,3.25,1653900
2022-08-01,1.2907164096832275,3.200000047683716,3.2929999828338623,3.140000104904175,3.259999990463257,827400
2022-08-02,1.298783302307129,3.2200000286102295,3.3299999237060547,3.119999885559082,3.1500000953674316,1057200
2022-08-03,1.351218581199646,3.3499999046325684,3.359999895095825,3.200000047683716,3.2100000381469727,1161200
2022-08-04,1.3471851348876953,3.3399999141693115,3.4800000190734863,3.299999952316284,3.450000047683716,711100
2022-08-05,1.2947498559951782,3.2100000381469727,3.315000057220459,3.190000057220459,3.25,739200
2022-08-08,1.2745823860168457,3.1600000858306885,3.240000009536743,3.1600000858306885,3.2200000286102295,932300
2022-08-09,1.270548939704895,3.1500000953674316,3.180000066757202,3.075000047683716,3.1600000858306885,962100
2022-08-10,1.2947498559951782,3.2100000381469727,3.25,3.0999999046325684,3.1500000953674316,724600
2022-08-11,1.3391181230545044,3.319999933242798,3.5,3.25,3.25,1459600
2022-08-12,1.3915536403656006,3.450000047683716,3.450000047683716,3.200000047683716,3.25,874500
2022-08-15,1.4601229429244995,3.619999885559082,3.6500000953674316,3.4600000381469727,3.4600000381469727,1556800
2022-08-16,1.419787883758545,3.5199999809265137,3.619999885559082,3.3299999237060547,3.5899999141693115,1730400
2022-08-17,1.3350846767425537,3.309999942779541,3.4100000858306885,3.1600000858306885,3.380000114440918,1384200
2022-08-18,1.3028168678283691,3.2300000190734863,3.2899999618530273,3.200000047683716,3.2899999618530273,532100
2022-08-19,1.2665153741836548,3.140000104904175,3.200000047683716,3.109999895095825,3.200000047683716,846200
2022-08-22,1.2342474460601807,3.059999942779541,3.0999999046325684,3.0299999713897705,3.0999999046325684,810500
2022-08-23,1.2423144578933716,3.0799999237060547,3.1449999809265137,3.0399999618530273,3.0799999237060547,687400
2022-08-24,1.3068503141403198,3.240000009536743,3.309999942779541,3.0399999618530273,3.0399999618530273,660600
2022-08-25,1.4439889192581177,3.5799999237060547,3.6600000858306885,3.3499999046325684,3.4000000953674316,2151200
2022-08-26,1.399620532989502,3.4700000286102295,3.7799999713897705,3.4700000286102295,3.740000009536743,1295700
2022-08-29,1.371386170387268,3.4000000953674316,3.6500000953674316,3.390000104904175,3.4600000381469727,823600
2022-08-30,1.3028168678283691,3.2300000190734863,3.4600000381469727,3.2200000286102295,3.4200000762939453,731400
2022-08-31,1.3270177841186523,3.2899999618530273,3.4049999713897705,3.2300000190734863,3.3299999237060547,851300
2022-09-01,1.331051230430603,3.299999952316284,3.299999952316284,3.1600000858306885,3.2200000286102295,721400
2022-09-02,1.3108837604522705,3.25,3.309999942779541,3.174999952316284,3.259999990463257,586500
2022-09-06,1.2382808923721313,3.069999933242798,3.190000057220459,3.069999933242798,3.1600000858306885,803400
2022-09-07,1.2382808923721313,3.069999933242798,3.140000104904175,3.0299999713897705,3.069999933242798,948600
2022-09-08,1.1979460716247559,2.9700000286102295,3.130000114440918,2.930000066757202,3.049999952316284,1561900
2022-09-09,1.2100465297698975,3.0,3.0899999141693115,2.9800000190734863,3.049999952316284,931100
2022-09-12,1.2342474460601807,3.059999942779541,3.069999933242798,2.9700000286102295,3.0199999809265137,859500
2022-09-13,1.2100465297698975,3.0,3.009999990463257,2.950000047683716,2.9700000286102295,1308900
2022-09-14,1.2140800952911377,3.009999990463257,3.0350000858306885,2.880000114440918,2.9700000286102295,1394200
2022-09-15,1.1737451553344727,2.9100000858306885,3.065000057220459,2.9100000858306885,3.009999990463257,629000
2022-09-16,1.1576111316680908,2.869999885559082,2.9800000190734863,2.7899999618530273,2.880000114440918,1422200
2022-09-19,1.129376769065857,2.799999952316284,2.8399999141693115,2.75,2.8399999141693115,918400
2022-09-20,1.129376769065857,2.799999952316284,2.930000066757202,2.759000062942505,2.7799999713897705,924500
2022-09-21,1.0930753946304321,2.7100000381469727,2.7950000762939453,2.690000057220459,2.75,886100
2022-09-22,1.0769414901733398,2.6700000762939453,2.75,2.6500000953674316,2.7100000381469727,656900
2022-09-23,1.0729080438613892,2.6600000858306885,2.6600000858306885,2.5899999141693115,2.619999885559082,669100
2022-09-26,0.9882047176361084,2.450000047683716,2.7249999046325684,2.430000066757202,2.5899999141693115,1969500
2022-09-27,1.0325731039047241,2.559999942779541,2.630000114440918,2.490000009536743,2.509999990463257,894900
2022-09-28,0.9841712117195129,2.440000057220459,2.5799999237060547,2.440000057220459,2.490000009536743,1099600
2022-09-29,0.9317358732223511,2.309999942779541,2.4100000858306885,2.259999990463257,2.309999942779541,1088700
2022-09-30,0.895434558391571,2.2200000286102295,2.3499999046325684,2.2100000381469727,2.299999952316284,669700
2022-10-03,0.915601909160614,2.2699999809265137,2.305000066757202,2.2049999237060547,2.2300000190734863,748100
2022-10-04,1.0406399965286255,2.5799999237060547,2.5899999141693115,2.3299999237060547,2.359999895095825,1126800
2022-10-05,0.9922381639480591,2.4600000381469727,2.571000099182129,2.3949999809265137,2.509999990463257,576800
2022-10-06,0.9398028254508972,2.3299999237060547,2.4800000190734863,2.3299999237060547,2.440000057220459,716700
2022-10-07,0.895434558391571,2.2200000286102295,2.3399999141693115,2.2200000286102295,2.299999952316284,527300
2022-10-10,0.8510660529136658,2.109999895095825,2.2100000381469727,2.055999994277954,2.200000047683716,790900
2022-10-11,0.891400933265686,2.2100000381469727,2.2200000286102295,2.065000057220459,2.0799999237060547,1502300
2022-10-12,0.8470326066017151,2.0999999046325684,2.174999952316284,2.069999933242798,2.1500000953674316,731400
2022-10-13,0.8550995588302612,2.119999885559082,2.119999885559082,1.9900000095367432,2.009999990463257,798500
2022-10-14,0.7986307740211487,1.9800000190734863,2.140000104904175,1.9800000190734863,2.119999885559082,915000
2022-10-17,0.8429991006851196,2.0899999141693115,2.130000114440918,2.0399999618530273,2.049999952316284,761900
2022-10-18,0.8389655947685242,2.0799999237060547,2.190000057220459,2.0299999713897705,2.1600000858306885,499600
2022-10-19,0.7623293399810791,1.8899999856948853,2.0250000953674316,1.8899999856948853,2.009999990463257,951100
2022-10-20,0.754262387752533,1.8700000047683716,2.0,1.8700000047683716,1.899999976158142,1355400
2022-10-21,0.746195375919342,1.850000023841858,1.909999966621399,1.7799999713897705,1.8799999952316284,1130400
2022-10-24,0.7098939418792725,1.7599999904632568,1.7999999523162842,1.6399999856948853,1.75,1800000
2022-10-25,0.7219944596290588,1.7899999618530273,1.9179999828338623,1.7699999809265137,1.7699999809265137,1348200
2022-10-26,0.7945972681045532,1.9700000286102295,2.0199999809265137,1.7699999809265137,1.7899999618530273,1717700
2022-10-27,0.7340949177742004,1.8200000524520874,1.9500000476837158,1.8200000524520874,1.9500000476837158,834900
2022-10-28,0.7340949177742004,1.8200000524520874,1.899999976158142,1.7799999713897705,1.8200000524520874,692600
2022-10-31,0.754262387752533,1.8700000047683716,1.8799999952316284,1.7599999904632568,1.7599999904632568,561900
2022-11-01,0.77039635181427,1.909999966621399,2.0399999618530273,1.909999966621399,1.9700000286102295,798700
2022-11-02,0.7663628458976746,1.899999976158142,1.975000023841858,1.8700000047683716,1.9500000476837158,687400
2022-11-03,0.7582958936691284,1.8799999952316284,1.9500000476837158,1.8300000429153442,1.8600000143051147,822900
2022-11-04,0.8631666302680969,2.140000104904175,2.1500000953674316,1.9700000286102295,2.0199999809265137,1312600
2022-11-07,0.8429991006851196,2.0899999141693115,2.25,2.0299999713897705,2.180000066757202,759000
2022-11-08,0.8349320888519287,2.069999933242798,2.069999933242798,1.9900000095367432,2.049999952316284,666200
2022-11-09,0.7744297981262207,1.9199999570846558,2.0190000534057617,1.875,1.9900000095367432,889300
2022-11-10,0.8228316307067871,2.0399999618530273,2.0999999046325684,2.0,2.0,1015200
2022-11-11,0.8793004751205444,2.180000066757202,2.2699999809265137,2.1050000190734863,2.109999895095825,1418300
2022-11-14,0.9277023673057556,2.299999952316284,2.319999933242798,2.1549999713897705,2.240000009536743,2288600
2022-11-15,1.2826493978500366,3.180000066757202,3.2200000286102295,2.5299999713897705,2.559999942779541,8870500
2022-11-16,1.1172763109207153,2.7699999809265137,3.0999999046325684,2.759999990463257,3.059999942779541,2917800
2022-11-17,1.0890419483184814,2.700000047683716,2.765000104904175,2.5799999237060547,2.7200000286102295,2161600
2022-11-18,1.0124056339263916,2.509999990463257,2.6700000762939453,2.430000066757202,2.6500000953674316,1452100
2022-11-21,0.9236688613891602,2.2899999618530273,2.4700000286102295,2.265000104904175,2.4700000286102295,1209600
2022-11-22,0.9035014510154724,2.240000009536743,2.315000057220459,2.190000057220459,2.2699999809265137,1132000
2022-11-23,0.9236688613891602,2.2899999618530273,2.319999933242798,2.240000009536743,2.2699999809265137,967000
2022-11-25,0.8631666302680969,2.140000104904175,2.2699999809265137,2.140000104904175,2.240000009536743,577600
2022-11-28,0.830898642539978,2.059999942779541,2.1649999618530273,2.009999990463257,2.109999895095825,1754400
2022-11-29,0.9196353554725647,2.2799999713897705,2.380000114440918,2.1449999809265137,2.180000066757202,2377700
2022-11-30,1.101142406463623,2.7300000190734863,2.75,2.384999990463257,2.4000000953674316,3790700
2022-12-01,1.0769414901733398,2.6700000762939453,2.690000057220459,2.569999933242798,2.680000066757202,1641400
2022-12-02,1.1818122863769531,2.930000066757202,2.9800000190734863,2.549999952316284,2.5999999046325684,2905400
2022-12-05,1.1051758527755737,2.740000009536743,3.119999885559082,2.7100000381469727,3.0199999809265137,2254700
2022-12-06,1.0850083827972412,2.690000057220459,2.799999952316284,2.6050000190734863,2.7799999713897705,1446400
2022-12-07,1.0285395383834839,2.549999952316284,2.619999885559082,2.4800000190734863,2.5999999046325684,1555200
2022-12-08,1.1334103345870972,2.809999942779541,3.0250000953674316,2.6500000953674316,2.6500000953674316,3818700
2022-12-09,1.399620532989502,3.4700000286102295,3.7899999618530273,2.8299999237060547,2.8499999046325684,14937500
2022-12-12,1.1455107927322388,2.8399999141693115,3.3399999141693115,2.809999942779541,3.2799999713897705,5332200
2022-12-13,1.278615951538086,3.1700000762939453,3.200000047683716,2.9700000286102295,3.069999933242798,3461500
2022-12-14,1.3552520275115967,3.359999895095825,3.390000104904175,3.0,3.1700000762939453,5353500
2022-12-15,1.201979637145996,2.9800000190734863,3.259999990463257,2.9200000762939453,3.140000104904175,3487200
2022-12-16,1.2302138805389404,3.049999952316284,3.1600000858306885,3.0199999809265137,3.0199999809265137,1640800
2022-12-19,1.2665153741836548,3.140000104904175,3.140000104904175,2.9059998989105225,3.0899999141693115,1643800
2022-12-20,1.331051230430603,3.299999952316284,3.299999952316284,2.9800000190734863,3.049999952316284,2580000
2022-12-21,1.5488595962524414,3.8399999141693115,3.890000104904175,3.1649999618530273,3.259999990463257,6241800
2022-12-22,1.5327256917953491,3.799999952316284,3.8399999141693115,3.515000104904175,3.8399999141693115,3065700
2022-12-23,1.4964241981506348,3.7100000381469727,3.9089999198913574,3.5999999046325684,3.799999952316284,2698100
2022-12-27,1.7545675039291382,4.349999904632568,4.360000133514404,3.6500000953674316,3.700000047683716,4803500
2022-12-28,1.4520559310913086,3.5999999046325684,4.369999885559082,3.5799999237060547,4.25,3930800
2022-12-29,1.5488595962524414,3.8399999141693115,3.9200000762939453,3.4100000858306885,3.7300000190734863,3679100
2022-12-30,1.5932279825210571,3.950000047683716,4.09499979019165,3.640000104904175,3.700000047683716,2459600
2023-01-03,1.7384334802627563,4.309999942779541,4.5,4.019999980926514,4.019999980926514,4912300
2023-01-04,1.8473377227783203,4.579999923706055,4.599999904632568,4.328000068664551,4.5,3896700
2023-01-05,2.036911725997925,5.050000190734863,5.070000171661377,4.434999942779541,4.53000020980835,6823300
2023-01-06,1.9723758697509766,4.889999866485596,5.019999980926514,4.659999847412109,4.900000095367432,5612800
2023-01-09,2.0530457496643066,5.090000152587891,5.5,4.960000038146973,5.0,5693100
2023-01-10,2.061112642288208,5.110000133514404,5.170000076293945,4.849999904632568,5.110000133514404,4133700
2023-01-11,1.9643088579177856,4.869999885559082,5.269999980926514,4.809999942779541,5.079999923706055,5441300
2023-01-12,1.952208399772644,4.840000152587891,4.934999942779541,4.559999942779541,4.800000190734863,1560600
2023-01-13,2.1659834384918213,5.369999885559082,5.460000038146973,4.96999979019165,4.96999979019165,2563400
2023-01-17,2.0288448333740234,5.03000020980835,5.25,4.800000190734863,5.210000038146973,1823800
2023-01-18,1.9118735790252686,4.739999771118164,5.239999771118164,4.71999979019165,5.110000133514404,1595700
2023-01-19,2.101447582244873,5.210000038146973,5.320000171661377,4.679999828338623,4.690000057220459,2544900
2023-01-20,2.141782522201538,5.309999942779541,5.445000171661377,5.190000057220459,5.28000020980835,1402700
2023-01-23,2.3152222633361816,5.739999771118164,5.820000171661377,5.309999942779541,5.360000133514404,2078200
2023-01-24,2.299088478088379,5.699999809265137,5.818999767303467,5.599999904632568,5.639999866485596,1101100
2023-01-25,2.282954454421997,5.659999847412109,5.679999828338623,5.449999809265137,5.610000133514404,1031100
2023-01-26,2.4362270832061768,6.039999961853027,6.179999828338623,5.71999979019165,5.800000190734863,2621700
2023-01-27,2.3273229598999023,5.769999980926514,6.014999866485596,5.71999979019165,5.980000019073486,1753800
2023-01-30,2.2748875617980957,5.639999866485596,5.724999904632568,5.309999942779541,5.5,2838800
2023-01-31,2.218418598175049,5.5,5.559999942779541,5.289999961853027,5.5,2336400
2023-02-01,2.516896963119507,6.239999771118164,6.427000045776367,5.659999847412109,5.739999771118164,3720100
2023-02-02,2.5047965049743652,6.210000038146973,6.494999885559082,6.130000114440918,6.28000020980835,2485700
2023-02-03,2.303122043609619,5.710000038146973,6.179999828338623,5.670000076293945,6.099999904632568,1980400
2023-02-06,2.1740500926971436,5.389999866485596,5.534999847412109,5.260000228881836,5.429999828338623,2055400
2023-02-07,2.202284812927246,5.460000038146973,5.614999771118164,5.309999942779541,5.449999809265137,1055500
2023-02-08,2.1538829803466797,5.340000152587891,5.559999942779541,5.340000152587891,5.449999809265137,957600
2023-02-09,2.2143852710723877,5.489999771118164,5.769999980926514,5.460000038146973,5.519999980926514,1257200
2023-02-10,2.0732131004333496,5.139999866485596,5.380000114440918,5.059999942779541,5.309999942779541,1318300
2023-02-13,2.1296820640563965,5.28000020980835,5.460000038146973,5.190000057220459,5.25,971300
2023-02-14,2.0691795349121094,5.130000114440918,5.25,5.074999809265137,5.199999809265137,886300
2023-02-15,2.0651462078094482,5.119999885559082,5.159999847412109,4.940000057220459,5.039999961853027,883700
2023-02-16,2.016744375228882,5.0,5.199999809265137,4.960000038146973,5.190000057220459,931000
2023-02-17,1.9159070253372192,4.75,4.96999979019165,4.71999979019165,4.920000076293945,895500
2023-02-21,1.8554047346115112,4.599999904632568,4.760000228881836,4.541999816894531,4.659999847412109,1052600
2023-02-22,1.8796056509017944,4.659999847412109,4.815000057220459,4.559999942779541,4.650000095367432,936000
2023-02-23,1.8392707109451294,4.559999942779541,4.920000076293945,4.510000228881836,4.829999923706055,961100
2023-02-24,1.7586009502410889,4.360000133514404,4.420000076293945,4.25,4.400000095367432,1197000
2023-02-27,1.7787684202194214,4.409999847412109,4.559999942779541,4.380000114440918,4.480000019073486,635000
2023-02-28,1.7344002723693848,4.300000190734863,4.449999809265137,4.289999961853027,4.300000190734863,705200
2023-03-01,1.7586009502410889,4.360000133514404,4.659999847412109,4.309999942779541,4.590000152587891,1383800
2023-03-02,1.891706109046936,4.690000057220459,4.724999904632568,4.28000020980835,4.349999904632568,1222700
2023-03-03,1.9764094352722168,4.900000095367432,4.945000171661377,4.71999979019165,4.739999771118164,1180100
2023-03-06,1.8352372646331787,4.550000190734863,4.900000095367432,4.525000095367432,4.889999866485596,822100
2023-03-07,1.7344002723693848,4.300000190734863,4.455999851226807,4.210000038146973,4.440000057220459,898900
2023-03-08,1.6658307313919067,4.130000114440918,4.28000020980835,4.114999771118164,4.230000019073486,768700
2023-03-09,1.5972615480422974,3.9600000381469727,4.1020002365112305,3.890000104904175,4.099999904632568,1229100
2023-03-10,1.609362006187439,3.990000009536743,4.179999828338623,3.8299999237060547,3.9100000858306885,1772700
2023-03-13,1.6537302732467651,4.099999904632568,4.150000095367432,3.9100000858306885,3.950000047683716,591100
2023-03-14,1.629529356956482,4.039999961853027,4.110000133514404,3.953000068664551,4.039999961853027,650100
2023-03-15,1.5569264888763428,3.859999895095825,3.950000047683716,3.759999990463257,3.9000000953674316,653200
2023-03-16,1.5811275243759155,3.9200000762939453,3.950000047683716,3.693000078201294,3.7899999618530273,887400
2023-03-17,1.560960054397583,3.869999885559082,4.025000095367432,3.8399999141693115,3.950000047683716,956700
2023-03-20,1.5811275243759155,3.9200000762939453,4.0,3.7850000858306885,3.8299999237060547,1422400
2023-03-21,1.3391181230545044,3.319999933242798,3.630000114440918,3.1700000762939453,3.5299999713897705,3060900
2023-03-22,1.3350846767425537,3.309999942779541,3.430000066757202,3.200000047683716,3.319999933242798,921100
2023-03-23,1.399620532989502,3.4700000286102295,3.640000104904175,3.3499999046325684,3.3499999046325684,1663900
2023-03-24,1.3794530630111694,3.4200000762939453,3.5799999237060547,3.380000114440918,3.430000066757202,596000
2023-03-27,1.3673526048660278,3.390000104904175,3.4149999618530273,3.2899999618530273,3.369999885559082,555400
2023-03-28,1.351218581199646,3.3499999046325684,3.5199999809265137,3.2950000762939453,3.450000047683716,1739700
2023-03-29,1.411720871925354,3.5,3.5199999809265137,3.2799999713897705,3.3450000286102295,1102600
2023-03-30,1.5044913291931152,3.7300000190734863,3.7300000190734863,3.5299999713897705,3.549999952316284,820800
2023-03-31,1.4560893774032593,3.609999895095825,3.7899999618530273,3.565000057220459,3.7899999618530273,1031700
2023-04-03,1.4399553537368774,3.569999933242798,3.619999885559082,3.5299999713897705,3.575000047683716,435100
2023-04-04,1.371386170387268,3.4000000953674316,3.5799999237060547,3.390000104904175,3.5299999713897705,733200
2023-04-05,1.3068503141403198,3.240000009536743,3.4000000953674316,3.2100000381469727,3.390000104904175,488600
2023-04-06,1.3149173259735107,3.259999990463257,3.3399999141693115,3.2100000381469727,3.2699999809265137,804100
2023-04-10,1.2907164096832275,3.200000047683716,3.259999990463257,3.1700000762939453,3.200000047683716,513700
2023-04-11,1.2907164096832275,3.200000047683716,3.3450000286102295,3.190000057220459,3.25,777000
2023-04-12,1.2665153741836548,3.140000104904175,3.2200000286102295,3.049999952316284,3.190000057220459,965300
2023-04-13,1.2584484815597534,3.119999885559082,3.259999990463257,3.0999999046325684,3.2100000381469727,4129100
2023-04-14,1.2463480234146118,3.0899999141693115,3.2799999713897705,3.0899999141693115,3.240000009536743,806700
2023-04-17,1.270548939704895,3.1500000953674316,3.200000047683716,3.069999933242798,3.190000057220459,1054700
2023-04-18,1.278615951538086,3.1700000762939453,3.184999942779541,3.065000057220459,3.180000066757202,731700
2023-04-19,1.2826493978500366,3.180000066757202,3.2100000381469727,3.069999933242798,3.0899999141693115,1031200
2023-04-20,1.2907164096832275,3.200000047683716,3.240000009536743,3.109999895095825,3.1500000953674316,986600
2023-04-21,1.2866828441619873,3.190000057220459,3.190000057220459,3.0799999237060547,3.119999885559082,907100
2023-04-24,1.2060130834579468,2.990000009536743,3.1600000858306885,2.9700000286102295,3.1500000953674316,1282300
2023-04-25,1.169711709022522,2.9000000953674316,2.9800000190734863,2.8350000381469727,2.9800000190734863,1135400
2023-04-26,1.2302138805389404,3.049999952316284,3.0950000286102295,2.950000047683716,2.9800000190734863,751100
2023-04-27,1.262481927871704,3.130000114440918,3.1700000762939453,3.0199999809265137,3.059999942779541,749400
2023-04-28,1.3108837604522705,3.25,3.2799999713897705,3.114000082015991,3.119999885559082,1491200
2023-05-01,1.3028168678283691,3.2300000190734863,3.309999942779541,3.1549999713897705,3.2300000190734863,528400
2023-05-02,1.2544149160385132,3.109999895095825,3.200000047683716,3.049999952316284,3.1700000762939453,571700
2023-05-03,1.2745823860168457,3.1600000858306885,3.2049999237060547,3.069999933242798,3.0999999046325684,386700
2023-05-04,1.2826493978500366,3.180000066757202,3.25,3.119999885559082,3.2100000381469727,904000
2023-05-05,1.278615951538086,3.1700000762939453,3.240000009536743,3.140000104904175,3.240000009536743,646000
2023-05-08,1.2947498559951782,3.2100000381469727,3.240000009536743,3.1600000858306885,3.200000047683716,775100
2023-05-09,1.2382808923721313,3.069999933242798,3.1500000953674316,3.009999990463257,3.0799999237060547,807200
2023-05-10,1.2100465297698975,3.0,3.0899999141693115,2.934999942779541,3.0399999618530273,846800
2023-05-11,1.2866828441619873,3.190000057220459,3.2149999141693115,2.984999895095825,3.0,1000000
2023-05-12,1.2866828441619873,3.190000057220459,3.2899999618530273,3.109999895095825,3.200000047683716,1393800
2023-05-15,1.3875200748443604,3.440000057220459,3.5199999809265137,3.200000047683716,3.2300000190734863,2680700
2023-05-16,1.2947498559951782,3.2100000381469727,3.5199999809265137,3.0940001010894775,3.4800000190734863,3497300
2023-05-17,1.2907164096832275,3.200000047683716,3.2100000381469727,3.069999933242798,3.1600000858306885,2409100
2023-05-18,1.2745823860168457,3.1600000858306885,3.2119998931884766,3.130000114440918,3.200000047683716,1027400
2023-05-19,1.262481927871704,3.130000114440918,3.2079999446868896,3.059999942779541,3.1500000953674316,1852600
2023-05-22,1.3592857122421265,3.369999885559082,3.4200000762939453,3.140000104904175,3.1600000858306885,3427100
2023-05-23,1.3834866285324097,3.430000066757202,3.5199999809265137,3.240000009536743,3.240000009536743,2436900
2023-05-24,1.3673526048660278,3.390000104904175,3.450000047683716,3.3299999237060547,3.4100000858306885,1077500
2023-05-25,1.278615951538086,3.1700000762939453,3.359999895095825,3.1700000762939453,3.3299999237060547,928100
2023-05-26,1.322984218597412,3.2799999713897705,3.305000066757202,3.130000114440918,3.190000057220459,487800
2023-05-30,1.2423144578933716,3.0799999237060547,3.365000009536743,3.0199999809265137,3.2300000190734863,1247100
2023-05-31,1.1737451553344727,2.9100000858306885,3.0799999237060547,2.880000114440918,3.0799999237060547,1463900
2023-06-01,1.2140800952911377,3.009999990463257,3.0399999618530273,2.9000000953674316,2.930000066757202,1178200
2023-06-02,1.2907164096832275,3.200000047683716,3.2100000381469727,3.0899999141693115,3.0999999046325684,1284700
2023-06-05,1.2463480234146118,3.0899999141693115,3.1600000858306885,3.0439999103546143,3.140000104904175,643900
2023-06-06,1.3108837604522705,3.25,3.255000114440918,3.0199999809265137,3.059999942779541,999200
2023-06-07,1.3149173259735107,3.259999990463257,3.380000114440918,3.2100000381469727,3.2200000286102295,1073000
2023-06-08,1.3471851348876953,3.3399999141693115,3.4100000858306885,3.259999990463257,3.2899999618530273,2236200
2023-06-09,1.2947498559951782,3.2100000381469727,3.369999885559082,3.180000066757202,3.3499999046325684,1088200
2023-06-12,1.270548939704895,3.1500000953674316,3.2799999713897705,3.13100004196167,3.2100000381469727,1171100
2023-06-13,1.331051230430603,3.299999952316284,3.369999885559082,3.180000066757202,3.2300000190734863,3164000
2023-06-14,1.4157544374465942,3.509999990463257,3.559999942779541,3.2899999618530273,3.2899999618530273,1124400
2023-06-15,1.5367591381072998,3.809999942779541,3.819999933242798,3.509999990463257,3.559999942779541,1738500
2023-06-16,1.6254960298538208,4.03000020980835,4.230000019073486,3.9149999618530273,3.950000047683716,4008200
2023-06-20,1.5125582218170166,3.75,3.890000104904175,3.5899999141693115,3.869999885559082,1805100
2023-06-21,1.5286922454833984,3.7899999618530273,3.9000000953674316,3.6600000858306885,3.680000066757202,1601400
2023-06-22,1.5448261499404907,3.8299999237060547,3.8499999046325684,3.7100000381469727,3.7899999618530273,1512100
2023-06-23,1.4399553537368774,3.569999933242798,3.740000009536743,3.569999933242798,3.7100000381469727,1804000
2023-06-26,1.4520559310913086,3.5999999046325684,3.6549999713897705,3.5299999713897705,3.559999942779541,1628500
2023-06-27,1.492390751838684,3.700000047683716,3.740000009536743,3.630000114440918,3.640000104904175,2238100
2023-06-28,1.4681898355484009,3.640000104904175,3.6449999809265137,3.5,3.619999885559082,1871500
2023-06-29,1.4520559310913086,3.5999999046325684,3.5999999046325684,3.4709999561309814,3.559999942779541,1567000
2023-06-30,1.4439889192581177,3.5799999237060547,3.6700000762939453,3.552000045776367,3.5899999141693115,1463500
2023-07-03,1.5044913291931152,3.7300000190734863,3.809999942779541,3.6700000762939453,3.700000047683716,1282700
2023-07-05,1.4520559310913086,3.5999999046325684,3.690000057220459,3.569999933242798,3.6700000762939453,1179100
2023-07-06,1.3794530630111694,3.4200000762939453,3.549999952316284,3.4100000858306885,3.509999990463257,1276300
2023-07-07,1.411720871925354,3.5,3.549999952316284,3.4200000762939453,3.4200000762939453,1082100
2023-07-10,1.411720871925354,3.5,3.5399999618530273,3.450000047683716,3.4600000381469727,1056000
2023-07-11,1.3955870866775513,3.4600000381469727,3.559999942779541,3.450000047683716,3.5,1328200
2023-07-12,1.4318883419036865,3.549999952316284,3.700000047683716,3.4700000286102295,3.5799999237060547,5275500
2023-07-13,1.4439889192581177,3.5799999237060547,3.680000066757202,3.5399999618530273,3.6600000858306885,1521700
2023-07-14,1.322984218597412,3.2799999713897705,3.5399999618530273,3.2799999713897705,3.5299999713897705,1412700
2023-07-17,1.2947498559951782,3.2100000381469727,3.2850000858306885,3.0799999237060547,3.25,1142300
2023-07-18,1.2463480234146118,3.0899999141693115,3.2249999046325684,3.069999933242798,3.180000066757202,925300
2023-07-19,1.2745823860168457,3.1600000858306885,3.2149999141693115,3.130000114440918,3.130000114440918,816000
2023-07-20,1.2463480234146118,3.0899999141693115,3.1549999713897705,3.072000026702881,3.1500000953674316,1557500
2023-07-21,1.2584484815597534,3.119999885559082,3.1500000953674316,3.0899999141693115,3.109999895095825,1213600
2023-07-24,1.3028168678283691,3.2300000190734863,3.309999942779541,3.0799999237060547,3.0799999237060547,2042300
2023-07-25,1.2382808923721313,3.069999933242798,3.365000009536743,3.069999933242798,3.3499999046325684,2218200
2023-07-26,1.2866828441619873,3.190000057220459,3.2100000381469727,3.0799999237060547,3.0799999237060547,2755500
2023-07-27,1.2181135416030884,3.0199999809265137,3.2149999141693115,3.0199999809265137,3.200000047683716,2412300
2023-07-28,1.2947498559951782,3.2100000381469727,3.265000104904175,3.140000104904175,3.180000066757202,3660100
2023-07-31,1.3834866285324097,3.430000066757202,3.440000057220459,3.190000057220459,3.240000009536743,2215000
2023-08-01,1.2826493978500366,3.180000066757202,3.299999952316284,3.174999952316284,3.299999952316284,1910100
2023-08-02,1.2060130834579468,2.990000009536743,3.109999895095825,2.9800000190734863,3.059999942779541,1522900
2023-08-03,1.2544149160385132,3.109999895095825,3.180000066757202,3.0409998893737793,3.0899999141693115,997300
2023-08-04,1.262481927871704,3.130000114440918,3.2300000190734863,3.0999999046325684,3.109999895095825,1248900
2023-08-07,1.2060130834579468,2.990000009536743,3.1500000953674316,2.9600000381469727,3.140000104904175,4469400
2023-08-08,1.169711709022522,2.9000000953674316,2.9200000762939453,2.799999952316284,2.880000114440918,1390100
2023-08-09,1.177778720855713,2.9200000762939453,2.9600000381469727,2.890000104904175,2.9600000381469727,766600
2023-08-10,1.177778720855713,2.9200000762939453,3.0199999809265137,2.9200000762939453,3.0,977700
2023-08-11,1.1172763109207153,2.7699999809265137,2.8499999046325684,2.7200000286102295,2.8499999046325684,1569100
2023-08-14,1.0850083827972412,2.690000057220459,2.75,2.6600000858306885,2.7100000381469727,1566000
2023-08-15,1.060807466506958,2.630000114440918,2.809999942779541,2.630000114440918,2.7799999713897705,1370500
2023-08-16,1.0245060920715332,2.5399999618530273,2.615000009536743,2.5299999713897705,2.5899999141693115,1251900
2023-08-17,0.9599703550338745,2.380000114440918,2.5799999237060547,2.369999885559082,2.5799999237060547,2048400
2023-08-18,0.8994680047035217,2.2300000190734863,2.3399999141693115,2.2249999046325684,2.2699999809265137,1464700
2023-08-21,0.8712335228919983,2.1600000858306885,2.265000104904175,2.1549999713897705,2.240000009536743,2216000
2023-08-22,0.9438363313674927,2.3399999141693115,2.3450000286102295,2.184999942779541,2.200000047683716,1484600
2023-08-23,0.9882047176361084,2.450000047683716,2.515000104904175,2.3399999141693115,2.380000114440918,1563500
2023-08-24,1.052740454673767,2.609999895095825,2.6600000858306885,2.484999895095825,2.509999990463257,2783100
2023-08-25,0.9922381639480591,2.4600000381469727,2.5899999141693115,2.4600000381469727,2.5899999141693115,1536500
2023-08-28,1.0930753946304321,2.7100000381469727,2.8499999046325684,2.5299999713897705,2.5399999618530273,2652900
2023-08-29,1.1132428646087646,2.759999990463257,2.8299999237060547,2.630000114440918,2.7100000381469727,2336400
2023-08-30,1.0729080438613892,2.6600000858306885,2.7100000381469727,2.5999999046325684,2.700000047683716,1116100
2023-08-31,1.0809749364852905,2.680000066757202,2.680000066757202,2.569999933242798,2.609999895095825,1242000
2023-09-01,1.0729080438613892,2.6600000858306885,2.7799999713897705,2.6600000858306885,2.7200000286102295,961700
2023-09-05,1.0769414901733398,2.6700000762939453,2.7850000858306885,2.609999895095825,2.640000104904175,1991100
2023-09-06,1.0769414901733398,2.6700000762939453,2.7149999141693115,2.609999895095825,2.6500000953674316,1642600
2023-09-07,1.0446735620498657,2.5899999141693115,2.619999885559082,2.510999917984009,2.5799999237060547,1212600
2023-09-08,1.0164390802383423,2.5199999809265137,2.569999933242798,2.444999933242798,2.569999933242798,871600
2023-09-11,1.0204726457595825,2.5299999713897705,2.559999942779541,2.5,2.559999942779541,1502600
2023-09-12,0.9962716698646545,2.4700000286102295,2.549999952316284,2.430000066757202,2.5199999809265137,1346900
2023-09-13,1.00030517578125,2.4800000190734863,2.5299999713897705,2.4200000762939453,2.4600000381469727,830000
2023-09-14,1.008372187614441,2.5,2.5450000762939453,2.4600000381469727,2.5,803700
2023-09-15,0.9962716698646545,2.4700000286102295,2.5199999809265137,2.450000047683716,2.4800000190734863,3534200
2023-09-18,0.9922381639480591,2.4600000381469727,2.5399999618530273,2.430000066757202,2.440000057220459,936600
2023-09-19,1.008372187614441,2.5,2.5299999713897705,2.450000047683716,2.4600000381469727,727200
2023-09-20,1.0245060920715332,2.5399999618530273,2.609999895095825,2.4800000190734863,2.4800000190734863,913600
2023-09-21,1.0729080438613892,2.6600000858306885,2.690000057220459,2.450000047683716,2.450000047683716,1828700
2023-09-22,1.101142406463623,2.7300000190734863,2.819999933242798,2.7100000381469727,2.759999990463257,1039600
2023-09-25,1.1092092990875244,2.75,2.7699999809265137,2.6519999504089355,2.690000057220459,1227900
2023-09-26,1.2423144578933716,3.0799999237060547,3.130000114440918,2.740000009536743,2.75,2942600
2023-09-27,1.2221471071243286,3.0299999713897705,3.0799999237060547,2.9800000190734863,3.0299999713897705,1941100
2023-09-28,1.1898791790008545,2.950000047683716,3.059999942779541,2.950000047683716,2.9600000381469727,1366700
2023-09-29,1.1455107927322388,2.8399999141693115,3.046999931335449,2.8399999141693115,3.0,794400
2023-10-02,1.1374437808990479,2.819999933242798,2.8550000190734863,2.7699999809265137,2.8499999046325684,870000
2023-10-03,1.129376769065857,2.799999952316284,2.880000114440918,2.7799999713897705,2.7899999618530273,531900
2023-10-04,1.1576111316680908,2.869999885559082,2.880000114440918,2.7750000953674316,2.7799999713897705,781800
2023-10-05,1.177778720855713,2.9200000762939453,2.930000066757202,2.8299999237060547,2.8499999046325684,687300
2023-10-06,1.1818122863769531,2.930000066757202,3.0299999713897705,2.890000104904175,2.890000104904175,775900
2023-10-09,1.169711709022522,2.9000000953674316,2.9100000858306885,2.8499999046325684,2.9000000953674316,477900
2023-10-10,1.2423144578933716,3.0799999237060547,3.1600000858306885,2.940000057220459,2.940000057220459,1199400
2023-10-11,1.2503814697265625,3.0999999046325684,3.125,3.0399999618530273,3.0999999046325684,566700
2023-10-12,1.2221471071243286,3.0299999713897705,3.1600000858306885,2.9700000286102295,3.0999999046325684,981800
2023-10-13,1.2463480234146118,3.0899999141693115,3.119999885559082,2.950000047683716,2.9800000190734863,774100
2023-10-16,1.3350846767425537,3.309999942779541,3.369999885559082,2.9800000190734863,3.0299999713897705,2511200
2023-10-17,1.3350846767425537,3.309999942779541,3.4000000953674316,3.2300000190734863,3.2799999713897705,1320800
2023-10-18,1.2423144578933716,3.0799999237060547,3.2850000858306885,3.0399999618530273,3.2699999809265137,1482300
2023-10-19,1.1858456134796143,2.940000057220459,3.0399999618530273,2.9100000858306885,3.009999990463257,2796800
2023-10-20,1.1939126253128052,2.9600000381469727,2.990000009536743,2.875,2.9100000858306885,759900
2023-10-23,1.1495442390441895,2.8499999046325684,2.9649999141693115,2.815000057220459,2.9200000762939453,1193200
2023-10-24,1.2947498559951782,3.2100000381469727,3.240000009536743,2.8399999141693115,2.8399999141693115,1560700
2023-10-25,1.278615951538086,3.1700000762939453,3.309999942779541,3.0759999752044678,3.0899999141693115,1159000
2023-10-26,1.2423144578933716,3.0799999237060547,3.2100000381469727,3.069999933242798,3.1500000953674316,734800
2023-10-27,1.2302138805389404,3.049999952316284,3.1600000858306885,3.0399999618530273,3.140000104904175,753900
2023-10-30,1.2665153741836548,3.140000104904175,3.140000104904175,2.9700000286102295,3.109999895095825,821800
2023-10-31,1.262481927871704,3.130000114440918,3.140000104904175,3.0450000762939453,3.059999942779541,547200
2023-11-01,1.3149173259735107,3.259999990463257,3.2699999809265137,3.049999952316284,3.0799999237060547,1290800
2023-11-02,1.3471851348876953,3.3399999141693115,3.369999885559082,3.2750000953674316,3.299999952316284,895700
2023-11-03,1.411720871925354,3.5,3.5250000953674316,3.4000000953674316,3.4000000953674316,1137900
2023-11-06,1.3754196166992188,3.4100000858306885,3.559999942779541,3.369999885559082,3.5399999618530273,1694900
2023-11-07,1.322984218597412,3.2799999713897705,3.369999885559082,3.200000047683716,3.369999885559082,1214200
2023-11-08,1.3028168678283691,3.2300000190734863,3.390000104904175,3.200000047683716,3.200000047683716,891100
2023-11-09,1.2745823860168457,3.1600000858306885,3.369999885559082,3.132999897003174,3.2100000381469727,1105900
2023-11-10,1.351218581199646,3.3499999046325684,3.434999942779541,3.140000104904175,3.140000104904175,1946200
2023-11-13,1.3794530630111694,3.4200000762939453,3.509999990463257,3.3350000381469727,3.3499999046325684,1994000
2023-11-14,1.4843237400054932,3.680000066757202,3.819999933242798,3.4100000858306885,3.569999933242798,4192200
2023-11-15,1.5448261499404907,3.8299999237060547,4.059999942779541,3.753999948501587,3.759999990463257,4001000
2023-11-16,1.5649937391281128,3.880000114440918,3.9000000953674316,3.694999933242798,3.7100000381469727,4204400
2023-11-17,1.5448261499404907,3.8299999237060547,3.9719998836517334,3.755000114440918,3.880000114440918,2523800
2023-11-20,1.5649937391281128,3.880000114440918,4.159999847412109,3.8399999141693115,3.8399999141693115,3641400
2023-11-21,1.5730606317520142,3.9000000953674316,3.9600000381469727,3.759999990463257,3.799999952316284,2535300
2023-11-22,1.5488595962524414,3.8399999141693115,4.0,3.819999933242798,3.9000000953674316,1278000
2023-11-24,1.552893042564392,3.8499999046325684,3.880000114440918,3.700000047683716,3.740000009536743,1388600
2023-11-27,1.4359219074249268,3.559999942779541,3.890000104904175,3.430000066757202,3.759999990463257,3304500
2023-11-28,1.3592857122421265,3.369999885559082,3.490000009536743,3.3499999046325684,3.440000057220459,3056700
2023-11-29,1.3592857122421265,3.369999885559082,3.565000057220459,3.3299999237060547,3.3499999046325684,2111000
2023-11-30,1.3673526048660278,3.390000104904175,3.424999952316284,3.309999942779541,3.380000114440918,2182000
2023-12-01,1.3915536403656006,3.450000047683716,3.4649999141693115,3.2699999809265137,3.299999952316284,1380800
2023-12-04,1.3915536403656006,3.450000047683716,3.625,3.3499999046325684,3.4000000953674316,1733800
2023-12-05,1.4399553537368774,3.569999933242798,3.7100000381469727,3.450000047683716,3.450000047683716,1741100
2023-12-06,1.3875200748443604,3.440000057220459,3.7049999237060547,3.430000066757202,3.640000104904175,1702600
2023-12-07,1.3794530630111694,3.4200000762939453,3.5299999713897705,3.3949999809265137,3.490000009536743,1105400
2023-12-08,1.3875200748443604,3.440000057220459,3.513000011444092,3.390000104904175,3.390000104904175,834300
2023-12-11,1.3673526048660278,3.390000104904175,3.4700000286102295,3.3499999046325684,3.4000000953674316,966300
2023-12-12,1.3673526048660278,3.390000104904175,3.5250000953674316,3.3399999141693115,3.4000000953674316,1344600
2023-12-13,1.4883571863174438,3.690000057220459,3.7100000381469727,3.4100000858306885,3.4100000858306885,2621400
2023-12-14,1.5165917873382568,3.759999990463257,3.859999895095825,3.690000057220459,3.700000047683716,1811300
2023-12-15,1.4318883419036865,3.549999952316284,3.8299999237060547,3.549999952316284,3.809999942779541,1505600
2023-12-18,1.3633191585540771,3.380000114440918,3.6050000190734863,3.380000114440918,3.559999942779541,1991000
2023-12-19,1.4076874256134033,3.490000009536743,3.575000047683716,3.4100000858306885,3.4100000858306885,1884300
2023-12-20,1.411720871925354,3.5,3.6600000858306885,3.4000000953674316,3.4000000953674316,1563400
2023-12-21,1.4641563892364502,3.630000114440918,3.6600000858306885,3.5510001182556152,3.5899999141693115,1425600
2023-12-22,1.3068503141403198,3.240000009536743,3.319999933242798,3.109999895095825,3.190000057220459,3299900
2023-12-26,1.3552520275115967,3.359999895095825,3.440000057220459,3.255000114440918,3.2899999618530273,2077600
2023-12-27,1.3673526048660278,3.390000104904175,3.3949999809265137,3.2899999618530273,3.3499999046325684,1835300
2023-12-28,1.4238214492797852,3.5299999713897705,3.700000047683716,3.430000066757202,3.450000047683716,2191400
2023-12-29,1.4762567281723022,3.6600000858306885,3.740000009536743,3.509999990463257,3.5299999713897705,1255500
2024-01-02,1.419787883758545,3.5199999809265137,3.615000009536743,3.4630000591278076,3.559999942779541,989600
2024-01-03,1.4278548955917358,3.5399999618530273,3.5899999141693115,3.440000057220459,3.4800000190734863,1068400
2024-01-04,1.4036539793014526,3.4800000190734863,3.559999942779541,3.4800000190734863,3.509999990463257,645800
2024-01-05,1.351218581199646,3.3499999046325684,3.509999990463257,3.3499999046325684,3.4700000286102295,857400
2024-01-08,1.3633191585540771,3.380000114440918,3.434999942779541,3.265000104904175,3.299999952316284,1800200
2024-01-09,1.3108837604522705,3.25,3.369999885559082,3.25,3.319999933242798,964400
2024-01-10,1.3068503141403198,3.240000009536743,3.2799999713897705,3.1600000858306885,3.240000009536743,2720800
2024-01-11,1.411720871925354,3.5,3.5399999618530273,3.2799999713897705,3.2799999713897705,2666000
2024-01-12,1.3834866285324097,3.430000066757202,3.5399999618530273,3.3949999809265137,3.5199999809265137,2004400
2024-01-16,1.3552520275115967,3.359999895095825,3.4600000381469727,3.299999952316284,3.319999933242798,2185400
2024-01-17,1.3149173259735107,3.259999990463257,3.3399999141693115,3.130000114440918,3.2100000381469727,2899900
2024-01-18,1.3189507722854614,3.2699999809265137,3.4600000381469727,3.259999990463257,3.299999952316284,1965100
2024-01-19,1.371386170387268,3.4000000953674316,3.4800000190734863,3.234999895095825,3.25,2371800
2024-01-22,1.2060130834579468,2.990000009536743,3.259999990463257,2.924999952316284,3.2300000190734863,2982800
2024-01-23,1.2544149160385132,3.109999895095825,3.25,3.069999933242798,3.130000114440918,1617400
2024-01-24,1.2866828441619873,3.190000057220459,3.319999933242798,3.069000005722046,3.180000066757202,1563000
2024-01-25,1.2826493978500366,3.180000066757202,3.2899999618530273,3.180000066757202,3.2200000286102295,722900
2024-01-26,1.2866828441619873,3.190000057220459,3.2699999809265137,3.1500000953674316,3.1700000762939453,755800
2024-01-29,1.2463480234146118,3.0899999141693115,3.2100000381469727,3.069999933242798,3.190000057220459,825400
2024-01-30,1.2140800952911377,3.009999990463257,3.069999933242798,2.990000009536743,3.0399999618530273,810200
2024-01-31,1.2382808923721313,3.069999933242798,3.1500000953674316,2.930000066757202,2.9600000381469727,1116700
2024-02-01,1.298783302307129,3.2200000286102295,3.319999933242798,3.0999999046325684,3.0999999046325684,1154100
2024-02-02,1.2907164096832275,3.200000047683716,3.255000114440918,3.119999885559082,3.1700000762939453,806100
2024-02-05,1.3189507722854614,3.2699999809265137,3.3499999046325684,3.1500000953674316,3.200000047683716,1218800
2024-02-06,1.3552520275115967,3.359999895095825,3.5,3.319999933242798,3.390000104904175,1518500
2024-02-07,1.2544149160385132,3.109999895095825,3.3499999046325684,3.065000057220459,3.299999952316284,1467000
2024-02-08,1.2060130834579468,2.990000009536743,3.115000009536743,2.9800000190734863,3.069999933242798,1466000
2024-02-09,1.201979637145996,2.9800000190734863,3.0250000953674316,2.930000066757202,3.009999990463257,1815900
2024-02-12,1.2503814697265625,3.0999999046325684,3.1700000762939453,2.990000009536743,3.009999990463257,1258900
2024-02-13,1.2060130834579468,2.990000009536743,3.049999952316284,2.9700000286102295,3.0199999809265137,911300
2024-02-14,1.2544149160385132,3.109999895095825,3.200000047683716,3.0299999713897705,3.0399999618530273,887000
2024-02-15,1.298783302307129,3.2200000286102295,3.259999990463257,3.0999999046325684,3.130000114440918,872500
2024-02-16,1.3149173259735107,3.259999990463257,3.430000066757202,3.2300000190734863,3.2300000190734863,999700
2024-02-20,1.2745823860168457,3.1600000858306885,3.2899999618530273,3.1500000953674316,3.2799999713897705,947400
2024-02-21,1.2826493978500366,3.180000066757202,3.3299999237060547,3.1549999713897705,3.2200000286102295,790200
2024-02-22,1.3552520275115967,3.359999895095825,3.384999990463257,3.2100000381469727,3.2100000381469727,809800
2024-02-23,1.3955870866775513,3.4600000381469727,3.5299999713897705,3.3299999237060547,3.3499999046325684,1224300
2024-02-26,1.4439889192581177,3.5799999237060547,3.5799999237060547,3.369999885559082,3.4200000762939453,633400
2024-02-27,1.448022484779358,3.5899999141693115,3.700000047683716,3.5399999618530273,3.569999933242798,566700
2024-02-28,1.4076874256134033,3.490000009536743,3.5450000762939453,3.4600000381469727,3.5199999809265137,729700
2024-02-29,1.411720871925354,3.5,3.630000114440918,3.4700000286102295,3.490000009536743,897000
2024-03-01,1.5125582218170166,3.75,3.815000057220459,3.5899999141693115,3.619999885559082,1559700
2024-03-04,1.5448261499404907,3.8299999237060547,3.9000000953674316,3.700000047683716,3.759999990463257,1367600
2024-03-05,1.5730606317520142,3.9000000953674316,3.9800000190734863,3.740000009536743,3.799999952316284,1373300
2024-03-06,1.649696946144104,4.090000152587891,4.139999866485596,3.9649999141693115,4.010000228881836,1490900
2024-03-07,1.54079270362854,3.819999933242798,4.059999942779541,3.7799999713897705,4.050000190734863,1660100
2024-03-08,1.5891945362091064,3.940000057220459,3.9800000190734863,3.8299999237060547,3.8299999237060547,877300
2024-03-11,1.8070029020309448,4.480000019073486,4.75,4.090000152587891,4.099999904632568,4297600
2024-03-12,1.8796056509017944,4.659999847412109,4.900000095367432,4.449999809265137,4.559999942779541,3179100
2024-03-13,1.9038063287734985,4.71999979019165,4.820000171661377,4.514999866485596,4.699999809265137,2390500
2024-03-14,1.823136806488037,4.519999980926514,4.690000057220459,4.409999847412109,4.690000057220459,1529200
2024-03-15,1.790869116783142,4.440000057220459,4.570000171661377,4.380000114440918,4.519999980926514,1042400
2024-03-18,1.9038063287734985,4.71999979019165,4.744999885559082,4.489999771118164,4.559999942779541,1870500
2024-03-19,1.7747349739074707,4.400000095367432,4.479000091552734,3.869999885559082,4.300000190734863,3938300
2024-03-20,1.9360747337341309,4.800000190734863,4.800000190734863,4.239999771118164,4.429999828338623,3013900
2024-03-21,1.790869116783142,4.440000057220459,4.730000019073486,4.230000019073486,4.699999809265137,2911000
2024-03-22,1.7949023246765137,4.449999809265137,4.559999942779541,4.429999828338623,4.449999809265137,1025000
2024-03-25,1.7989360094070435,4.460000038146973,4.735000133514404,4.414999961853027,4.579999923706055,1952400
2024-03-26,1.7666679620742798,4.380000114440918,4.494999885559082,4.380000114440918,4.460000038146973,1144800
2024-03-27,1.7949023246765137,4.449999809265137,4.510000228881836,4.349999904632568,4.360000133514404,1382800
2024-03-28,1.8352372646331787,4.550000190734863,4.635000228881836,4.46999979019165,4.46999979019165,1321500
2024-04-01,1.8634717464447021,4.619999885559082,4.670000076293945,4.514999866485596,4.599999904632568,1050000
2024-04-02,1.8433043956756592,4.570000171661377,4.670000076293945,4.5,4.570000171661377,934900
2024-04-03,1.891706109046936,4.690000057220459,4.8470001220703125,4.585000038146973,4.610000133514404,2336200
2024-04-04,1.8796056509017944,4.659999847412109,4.829999923706055,4.570000171661377,4.739999771118164,1154900
2024-04-05,2.016744375228882,5.0,5.070000171661377,4.639999866485596,4.679999828338623,2797900
2024-04-08,2.0570790767669678,5.099999904632568,5.300000190734863,4.940000057220459,5.050000190734863,2926500
2024-04-09,2.0127108097076416,4.989999771118164,5.190000057220459,4.889999866485596,5.099999904632568,1526500
2024-04-10,1.952208399772644,4.840000152587891,5.099999904632568,4.824999809265137,4.920000076293945,1015200
2024-04-11,1.9562419652938843,4.849999904632568,4.985000133514404,4.760000228881836,4.869999885559082,916100
2024-04-12,1.8433043956756592,4.570000171661377,4.800000190734863,4.559999942779541,4.800000190734863,1092000
2024-04-15,1.8029693365097046,4.46999979019165,4.699999809265137,4.460000038146973,4.650000095367432,954200
2024-04-16,1.8029693365097046,4.46999979019165,4.53000020980835,4.309999942779541,4.489999771118164,899400
2024-04-17,1.790869116783142,4.440000057220459,4.5,4.369999885559082,4.5,600600
2024-04-18,1.8191033601760864,4.510000228881836,4.610000133514404,4.400000095367432,4.5,527100
2024-04-19,1.7787684202194214,4.409999847412109,4.5,4.329999923706055,4.460000038146973,871200
2024-04-22,1.7787684202194214,4.409999847412109,4.46999979019165,4.349999904632568,4.440000057220459,977700
2024-04-23,1.7868354320526123,4.429999828338623,4.519000053405762,4.380000114440918,4.46999979019165,969100
2024-04-24,1.859438419342041,4.610000133514404,4.675000190734863,4.449999809265137,4.539999961853027,1001400
2024-04-25,1.7787684202194214,4.409999847412109,4.590000152587891,4.389999866485596,4.53000020980835,789400
2024-04-26,1.7666679620742798,4.380000114440918,4.699999809265137,4.355000019073486,4.489999771118164,1460600
2024-04-29,1.7949023246765137,4.449999809265137,4.46999979019165,4.329999923706055,4.400000095367432,675200
2024-04-30,1.8110363483428955,4.489999771118164,4.539999961853027,4.360000133514404,4.360000133514404,1138900
2024-05-01,1.85137140750885,4.590000152587891,4.739999771118164,4.5,4.5,1003700
2024-05-02,1.9159070253372192,4.75,4.929999828338623,4.690000057220459,4.789999961853027,1289200
2024-05-03,1.9239740371704102,4.769999980926514,4.820000171661377,4.614999771118164,4.800000190734863,962900
2024-05-06,1.9401079416275024,4.809999942779541,4.880000114440918,4.760000228881836,4.829999923706055,662200
2024-05-07,1.8836390972137451,4.670000076293945,4.789999961853027,4.610000133514404,4.789999961853027,673400
2024-05-08,1.8473377227783203,4.579999923706055,4.625,4.519999980926514,4.610000133514404,1189800
2024-05-09,1.97929048538208,4.199999809265137,4.295000076293945,3.941999912261963,4.019999980926514,1839200
2024-05-10,2.082967519760132,4.420000076293945,4.448999881744385,4.190000057220459,4.190000057220459,1831100
2024-05-13,2.229058265686035,4.730000019073486,4.807000160217285,4.230000019073486,4.28000020980835,2429300
2024-05-14,2.601353168487549,5.519999980926514,5.519999980926514,4.650000095367432,4.699999809265137,2902900
2024-05-15,2.629628896713257,5.579999923706055,5.590000152587891,5.099999904632568,5.449999809265137,2252100
2024-05-16,2.888821840286255,6.130000114440918,6.244999885559082,5.5,5.5,3332600
2024-05-17,2.8275580406188965,6.0,6.25,5.96999979019165,6.159999847412109,1952200
2024-05-20,2.8087074756622314,5.960000038146973,6.840000152587891,5.920000076293945,6.28000020980835,4616500
2024-05-21,2.7710068225860596,5.880000114440918,6.057000160217285,5.860000133514404,5.920000076293945,2244200
2024-05-22,2.747443675994873,5.829999923706055,6.085000038146973,5.800000190734863,5.869999885559082,1150800
2024-05-23,2.6531918048858643,5.630000114440918,5.880000114440918,5.550000190734863,5.829999923706055,1423200
2024-05-24,2.554227352142334,5.420000076293945,5.670000076293945,5.389999866485596,5.659999847412109,1377600
2024-05-28,2.525951862335205,5.360000133514404,5.619999885559082,5.320000171661377,5.489999771118164,2516100
2024-05-29,2.469400405883789,5.239999771118164,5.380000114440918,5.190000057220459,5.21999979019165,1648600
2024-05-30,2.4741132259368896,5.25,5.380000114440918,5.119999885559082,5.159999847412109,2749300
2024-05-31,2.3939990997314453,5.079999923706055,5.190000057220459,4.920000076293945,5.150000095367432,1697600
2024-06-03,2.27618408203125,4.829999923706055,5.21999979019165,4.804999828338623,5.190000057220459,1300900
2024-06-04,2.1725070476531982,4.610000133514404,4.849999904632568,4.574999809265137,4.829999923706055,1411800
2024-06-05,2.191357374191284,4.650000095367432,4.724999904632568,4.519999980926514,4.659999847412109,1551000
2024-06-06,2.1583690643310547,4.579999923706055,4.656000137329102,4.485000133514404,4.570000171661377,1622400
2024-06-07,2.0971052646636963,4.449999809265137,4.53000020980835,4.40500020980835,4.489999771118164,2160300
2024-06-10,2.0876801013946533,4.429999828338623,4.539999961853027,4.369999885559082,4.389999866485596,1305500
2024-06-11,2.0405542850494385,4.329999923706055,4.429999828338623,4.329999923706055,4.400000095367432,1127100
2024-06-12,1.9934282302856445,4.230000019073486,4.380000114440918,4.190000057220459,4.340000152587891,1480700
2024-06-13,2.0594046115875244,4.369999885559082,4.494999885559082,4.230000019073486,4.230000019073486,2207900
2024-06-14,1.9934282302856445,4.230000019073486,4.380000114440918,4.21999979019165,4.320000171661377,2055500
2024-06-17,2.0028533935546875,4.25,4.28000020980835,4.170000076293945,4.25,697500
2024-06-18,1.9368772506713867,4.110000133514404,4.25,4.099999904632568,4.25,610400
2024-06-20,1.9180269241333008,4.070000171661377,4.139999866485596,3.990000009536743,4.119999885559082,1166500
2024-06-21,1.9038889408111572,4.039999961853027,4.090000152587891,3.990000009536743,4.039999961853027,885900
2024-06-24,1.9133141040802002,4.059999942779541,4.110000133514404,4.010000228881836,4.039999961853027,674800
2024-06-25,1.8284876346588135,3.880000114440918,4.039999961853027,3.880000114440918,4.010000228881836,1051900
2024-06-26,1.804924488067627,3.8299999237060547,3.9000000953674316,3.799999952316284,3.9000000953674316,975900
2024-06-27,1.8096370697021484,3.8399999141693115,3.865000009536743,3.750999927520752,3.7899999618530273,1242900
2024-06-28,1.8614757061004639,3.950000047683716,4.039999961853027,3.8399999141693115,3.880000114440918,1501700
2024-07-01,1.941589593887329,4.119999885559082,4.170000076293945,3.9600000381469727,3.9600000381469727,1294900
2024-07-02,1.988715648651123,4.21999979019165,4.264999866485596,4.079999923706055,4.150000095367432,1272500
2024-07-03,2.2337708473205566,4.739999771118164,4.78000020980835,4.440000057220459,4.480000019073486,1562300
2024-07-05,2.1489439010620117,4.559999942779541,4.699999809265137,4.409999847412109,4.670000076293945,2678300
2024-07-08,2.1348061561584473,4.53000020980835,4.610000133514404,4.414000034332275,4.510000228881836,782400
2024-07-09,2.229058265686035,4.730000019073486,4.75,4.539999961853027,4.559999942779541,1130400
2024-07-10,2.2054951190948486,4.679999828338623,4.929999828338623,4.619999885559082,4.75,1175900
2024-07-11,2.0782549381256104,4.409999847412109,4.840000152587891,4.385000228881836,4.789999961853027,1237800
2024-07-12,2.073542356491089,4.400000095367432,4.539999961853027,4.340000152587891,4.510000228881836,1348200
2024-07-15,2.007566213607788,4.260000228881836,4.330999851226807,4.239999771118164,4.320000171661377,486200
2024-07-16,1.9745779037475586,4.190000057220459,4.260000228881836,4.114999771118164,4.260000228881836,998500
2024-07-17,1.9604401588439941,4.159999847412109,4.335000038146973,4.159999847412109,4.239999771118164,952000
2024-07-18,1.9463024139404297,4.130000114440918,4.400000095367432,4.105000019073486,4.199999809265137,1330600
2024-07-19,1.9038889408111572,4.039999961853027,4.119999885559082,4.010000228881836,4.119999885559082,779100
2024-07-22,2.0499794483184814,4.349999904632568,4.385000228881836,4.110000133514404,4.119999885559082,1106200
2024-07-23,2.0028533935546875,4.25,4.389999866485596,4.25,4.269999980926514,493100
2024-07-24,1.9651527404785156,4.170000076293945,4.329999923706055,4.150000095367432,4.199999809265137,522500
2024-07-25,1.998140811920166,4.239999771118164,4.360000133514404,4.159999847412109,4.170000076293945,458000
2024-07-26,2.054692029953003,4.360000133514404,4.434999942779541,4.260000228881836,4.269999980926514,665100
2024-07-29,2.0311291217803955,4.309999942779541,4.420000076293945,4.255000114440918,4.400000095367432,1721900
2024-07-30,1.97929048538208,4.199999809265137,4.360000133514404,4.184999942779541,4.300000190734863,1026300
2024-07-31,2.007566213607788,4.260000228881836,4.340000152587891,4.230000019073486,4.300000190734863,782500
2024-08-01,1.941589593887329,4.119999885559082,4.335000038146973,4.119999885559082,4.300000190734863,982100
2024-08-02,1.9227392673492432,4.079999923706055,4.190000057220459,4.039999961853027,4.099999904632568,1180900
2024-08-05,1.9133141040802002,4.059999942779541,4.114999771118164,3.859999895095825,3.859999895095825,737300
2024-08-06,1.9557275772094727,4.150000095367432,4.190000057220459,4.019999980926514,4.019999980926514,552700
2024-08-07,1.9227392673492432,4.079999923706055,4.25,4.070000171661377,4.190000057220459,856400
2024-08-08,2.0499794483184814,4.349999904632568,4.409999847412109,4.150000095367432,4.150000095367432,828000
2024-08-09,2.0594046115875244,4.369999885559082,4.460000038146973,4.315000057220459,4.349999904632568,718800
2024-08-12,2.101818084716797,4.460000038146973,4.625,4.389999866485596,4.420000076293945,1957700
2024-08-13,2.398711681365967,5.090000152587891,5.389999866485596,4.849999904632568,4.849999904632568,5347100
2024-08-14,2.2431960105895996,4.760000228881836,5.099999904632568,4.679999828338623,5.099999904632568,2252000
2024-08-15,2.1348061561584473,4.53000020980835,4.639999866485596,4.349999904632568,4.599999904632568,2559100
2024-08-16,2.073542356491089,4.400000095367432,4.53000020980835,4.320000171661377,4.53000020980835,2178100
2024-08-19,2.0594046115875244,4.369999885559082,4.480000019073486,4.289999961853027,4.320000171661377,2230700
2024-08-20,1.9934282302856445,4.230000019073486,4.449999809265137,4.199999809265137,4.409999847412109,2013500
2024-08-21,2.007566213607788,4.260000228881836,4.380000114440918,4.195000171661377,4.25,1491000
2024-08-22,1.941589593887329,4.119999885559082,4.28000020980835,4.070000171661377,4.269999980926514,1970500
2024-08-23,1.9604401588439941,4.159999847412109,4.179999828338623,4.079999923706055,4.099999904632568,1117200
2024-08-26,1.988715648651123,4.21999979019165,4.230000019073486,4.099999904632568,4.099999904632568,1096500
2024-08-27,1.969865322113037,4.179999828338623,4.28000020980835,4.150000095367432,4.21999979019165,1051800
2024-08-28,1.9368772506713867,4.110000133514404,4.208000183105469,4.090000152587891,4.190000057220459,1185800
2024-08-29,1.9368772506713867,4.110000133514404,4.170000076293945,4.099999904632568,4.139999866485596,800700
2024-08-30,1.9651527404785156,4.170000076293945,4.199999809265137,4.110000133514404,4.190000057220459,808900
2024-09-03,1.9368772506713867,4.110000133514404,4.195000171661377,4.099999904632568,4.119999885559082,816500
2024-09-04,1.9321644306182861,4.099999904632568,4.150000095367432,4.079999923706055,4.099999904632568,829300
2024-09-05,1.9086017608642578,4.050000190734863,4.125,4.050000190734863,4.099999904632568,1168800
2024-09-06,1.9133141040802002,4.059999942779541,4.119999885559082,4.0,4.059999942779541,885500
2024-09-09,1.9038889408111572,4.039999961853027,4.090000152587891,4.014999866485596,4.050000190734863,622500
2024-09-10,1.8661882877349854,3.9600000381469727,4.119999885559082,3.9200000762939453,4.070000171661377,789500
2024-09-11,1.8756134510040283,3.9800000190734863,4.039999961853027,3.9600000381469727,3.9800000190734863,780000
2024-09-12,1.8614757061004639,3.950000047683716,4.010000228881836,3.859999895095825,3.9800000190734863,1185500
2024-09-13,1.8709008693695068,3.9700000286102295,4.014999866485596,3.930000066757202,3.9800000190734863,879300
2024-09-16,1.8709008693695068,3.9700000286102295,4.019999980926514,3.9000000953674316,3.9800000190734863,1291400
2024-09-17,1.9133141040802002,4.059999942779541,4.129000186920166,4.0,4.0,1401700
2024-09-18,1.8944637775421143,4.019999980926514,4.099999904632568,4.0,4.070000171661377,503300
2024-09-19,2.016991376876831,4.28000020980835,4.300000190734863,4.110000133514404,4.110000133514404,1740900
2024-09-20,2.016991376876831,4.28000020980835,4.440000057220459,4.28000020980835,4.320000171661377,1430400
2024-09-23,2.0971052646636963,4.449999809265137,4.53000020980835,4.289999961853027,4.309999942779541,1607200
2024-09-24,2.191357374191284,4.650000095367432,4.769000053405762,4.46999979019165,4.690000057220459,2112800
2024-09-25,2.130093574523926,4.519999980926514,4.639999866485596,4.5,4.539999961853027,1027500
2024-09-26,2.257333755493164,4.789999961853027,4.940000057220459,4.619999885559082,4.800000190734863,2371600
2024-09-27,2.389286518096924,5.070000171661377,5.139999866485596,4.849999904632568,4.900000095367432,2529700
2024-09-30,2.4034242630004883,5.099999904632568,5.420000076293945,5.0,5.309999942779541,3152900
2024-10-01,2.4929635524749756,5.289999961853027,5.335000038146973,5.074999809265137,5.099999904632568,2135600
2024-10-02,2.6060659885406494,5.53000020980835,5.730000019073486,5.369999885559082,5.610000133514404,3120300
2024-10-03,2.6626169681549072,5.650000095367432,5.659999847412109,5.239999771118164,5.300000190734863,1797900
2024-10-04,2.9359476566314697,6.230000019073486,6.260000228881836,5.699999809265137,5.75,4102900
2024-10-07,2.8369832038879395,6.019999980926514,6.429999828338623,5.880000114440918,6.425000190734863,4281000
2024-10-08,2.6673295497894287,5.659999847412109,5.789999961853027,5.400000095367432,5.690000057220459,2425700
2024-10-09,2.6323864459991455,4.519999980926514,4.590000152587891,4.28000020980835,4.320000171661377,3104400
2024-10-10,2.480966091156006,4.260000228881836,4.539999961853027,4.210000038146973,4.460000038146973,2923600
2024-10-11,2.5042614936828613,4.300000190734863,4.324999809265137,4.144999980926514,4.170000076293945,2513300
2024-10-14,2.4052557945251465,4.130000114440918,4.300000190734863,4.079999923706055,4.179999828338623,1751900
2024-10-15,2.2188920974731445,3.809999942779541,4.019999980926514,3.799999952316284,4.019999980926514,2097800
2024-10-16,2.2538352012634277,3.869999885559082,3.940000057220459,3.759999990463257,3.890000104904175,1774200
2024-10-17,2.009232997894287,3.450000047683716,3.799999952316284,3.434999942779541,3.799999952316284,3407000
2024-10-18,2.009232997894287,3.450000047683716,3.690000057220459,3.450000047683716,3.640000104904175,2043500
2024-10-21,2.009232997894287,3.450000047683716,3.490000009536743,3.4000000953674316,3.4200000762939453,1599000
2024-10-22,2.049999952316284,3.5199999809265137,3.5360000133514404,3.450000047683716,3.490000009536743,1647400
2024-10-23,2.015056848526001,3.4600000381469727,3.5899999141693115,3.440000057220459,3.549999952316284,1457200
2024-10-24,2.0034091472625732,3.440000057220459,3.4800000190734863,3.390000104904175,3.440000057220459,1238800
2024-10-25,1.9801137447357178,3.4000000953674316,3.509999990463257,3.4000000953674316,3.4700000286102295,1709800
2024-10-28,2.2247159481048584,3.819999933242798,3.9200000762939453,3.4700000286102295,3.5,4246900
2024-10-29,2.1723012924194336,3.7300000190734863,3.9000000953674316,3.7100000381469727,3.890000104904175,2164400
2024-10-30,2.0732953548431396,3.559999942779541,3.680000066757202,3.5199999809265137,3.680000066757202,1955600
2024-10-31,2.015056848526001,3.4600000381469727,3.575000047683716,3.440000057220459,3.559999942779541,1857800
2024-11-01,1.9917614459991455,3.4200000762939453,3.5450000762939453,3.3949999809265137,3.5299999713897705,1786500
2024-11-04,1.9917614459991455,3.4200000762939453,3.509999990463257,3.4000000953674316,3.4100000858306885,1521800
2024-11-05,2.0267045497894287,3.4800000190734863,3.569999933242798,3.4200000762939453,3.5199999809265137,1623400
2024-11-06,1.8985795974731445,3.259999990463257,3.434999942779541,3.1600000858306885,3.4000000953674316,3151500
2024-11-07,1.921875,3.299999952316284,3.4600000381469727,3.25,3.4000000953674316,2107500
2024-11-08,1.875284194946289,3.2200000286102295,3.2300000190734863,3.0999999046325684,3.2200000286102295,1764200
2024-11-11,1.881108045578003,3.2300000190734863,3.2699999809265137,3.115000009536743,3.259999990463257,1326700
2024-11-12,1.764630675315857,3.0299999713897705,3.25,3.0,3.190000057220459,2937300
2024-11-13,1.7762783765792847,3.049999952316284,3.130000114440918,3.0,3.130000114440918,1566300
2024-11-14,1.7937500476837158,3.0799999237060547,3.0999999046325684,3.0,3.049999952316284,1333800
2024-11-15,1.7821022272109985,3.059999942779541,3.1689999103546143,3.0450000762939453,3.0899999141693115,623100
2024-11-18,1.8345171213150024,3.1500000953674316,3.188999891281128,3.009999990463257,3.0399999618530273,3363900
2024-11-19,1.7995738983154297,3.0899999141693115,3.130000114440918,3.0299999713897705,3.0999999046325684,1081700
2024-11-20,1.7762783765792847,3.049999952316284,3.119999885559082,3.0399999618530273,3.0899999141693115,830500
2024-11-21,1.758806824684143,3.0199999809265137,3.075000047683716,2.984999895095825,3.0399999618530273,875900
2024-11-22,1.7413352727890015,2.990000009536743,3.0,2.890000104904175,3.0,1963000
2024-11-25,1.7355114221572876,2.9800000190734863,3.009999990463257,2.930000066757202,2.9800000190734863,1241700
2024-11-26,1.718039870262146,2.950000047683716,3.0,2.940000057220459,3.0,977400
2024-11-27,1.7879260778427124,3.069999933242798,3.0989999771118164,2.990000009536743,3.0199999809265137,1153700
2024-11-29,1.875284194946289,3.2200000286102295,3.25,3.0899999141693115,3.0899999141693115,992700
2024-12-02,1.9509942531585693,3.3499999046325684,3.3550000190734863,3.2200000286102295,3.2300000190734863,1908900
2024-12-03,1.9102272987365723,3.2799999713897705,3.3949999809265137,3.184999942779541,3.309999942779541,1545800
2024-12-04,1.9102272987365723,3.2799999713897705,3.3399999141693115,3.203000068664551,3.259999990463257,979900
2024-12-05,1.857812523841858,3.190000057220459,3.319999933242798,3.1600000858306885,3.2799999713897705,580100
2024-12-06,1.921875,3.299999952316284,3.319999933242798,3.190000057220459,3.2300000190734863,1073600
2024-12-09,2.0325284004211426,3.490000009536743,3.6500000953674316,3.4649999141693115,3.5,2089300
2024-12-10,1.9626420736312866,3.369999885559082,3.440000057220459,3.309999942779541,3.4100000858306885,1471500
2024-12-11,1.8403409719467163,3.1600000858306885,3.3499999046325684,3.0399999618530273,3.319999933242798,2193100
2024-12-12,1.8345171213150024,3.1500000953674316,3.2249999046325684,3.119999885559082,3.1600000858306885,621100
2024-12-13,1.8112215995788574,3.109999895095825,3.119999885559082,3.0299999713897705,3.0899999141693115,439700
2024-12-16,1.7821022272109985,3.059999942779541,3.130000114440918,3.049999952316284,3.0799999237060547,779000
2024-12-17,1.8170454502105713,3.119999885559082,3.1700000762939453,3.0399999618530273,3.059999942779541,634700
2024-12-18,1.7471591234207153,3.0,3.1500000953674316,2.9749999046325684,3.0999999046325684,961600
2024-12-19,1.7471591234207153,3.0,3.055999994277954,2.9800000190734863,3.0299999713897705,731600
2024-12-20,1.7529829740524292,3.009999990463257,3.049999952316284,2.9600000381469727,2.9800000190734863,486600
2024-12-23,1.7704545259475708,3.0399999618530273,3.0399999618530273,2.990000009536743,3.0,558500
2024-12-24,1.8053977489471436,3.0999999046325684,3.180000066757202,3.0199999809265137,3.0399999618530273,1383400
2024-12-26,1.7995738983154297,3.0899999141693115,3.119999885559082,3.069999933242798,3.0999999046325684,388100
2024-12-27,1.7762783765792847,3.049999952316284,3.0799999237060547,3.009999990463257,3.0799999237060547,652700
2024-12-30,1.7355114221572876,2.9800000190734863,3.0299999713897705,2.9800000190734863,3.0299999713897705,868200
2024-12-31,1.7879260778427124,3.069999933242798,3.0799999237060547,2.9800000190734863,3.009999990463257,646400
2025-01-02,1.718039870262146,2.950000047683716,3.125,2.9200000762939453,3.0799999237060547,1290900
2025-01-03,1.7704545259475708,3.0399999618530273,3.049999952316284,2.9579999446868896,2.990000009536743,717200
2025-01-06,1.7821022272109985,3.059999942779541,3.130000114440918,3.0399999618530273,3.0399999618530273,1449400
2025-01-07,1.7529829740524292,3.009999990463257,3.075000047683716,3.0,3.0199999809265137,509600
2025-01-08,1.758806824684143,3.0199999809265137,3.049999952316284,2.9600000381469727,2.9600000381469727,1035000
2025-01-10,1.671448826789856,2.869999885559082,3.0,2.8499999046325684,2.9800000190734863,1738000
2025-01-13,1.6598011255264282,2.8499999046325684,2.9100000858306885,2.819999933242798,2.869999885559082,819400
2025-01-14,1.7296875715255737,2.9700000286102295,3.0199999809265137,2.944999933242798,2.950000047683716,952300
2025-01-15,1.764630675315857,3.0299999713897705,3.069999933242798,2.9700000286102295,2.9700000286102295,852800
2025-01-16,1.875284194946289,3.2200000286102295,3.5,3.059999942779541,3.5,6641500
2025-01-17,1.921875,3.299999952316284,3.390000104904175,3.234999895095825,3.240000009536743,1837600
2025-01-21,2.0325284004211426,3.490000009536743,3.569999933242798,3.299999952316284,3.299999952316284,1694000
2025-01-22,2.0325284004211426,3.490000009536743,3.559999942779541,3.440000057220459,3.450000047683716,896000
2025-01-23,2.0034091472625732,3.440000057220459,3.5250000953674316,3.430000066757202,3.440000057220459,928300
2025-01-24,2.207244396209717,3.7899999618530273,3.809999942779541,3.4600000381469727,3.4800000190734863,3072400
2025-01-27,2.055823802947998,3.5299999713897705,3.7699999809265137,3.484999895095825,3.700000047683716,1365300
2025-01-28,2.1373579502105713,3.6700000762939453,3.6700000762939453,3.4600000381469727,3.5299999713897705,677800
2025-01-29,2.0732953548431396,3.559999942779541,3.6659998893737793,3.5199999809265137,3.6500000953674316,834700
2025-01-30,2.1723012924194336,3.7300000190734863,3.7950000762939453,3.5299999713897705,3.5299999713897705,1472600
2025-01-31,2.0383522510528564,3.5,3.7149999141693115,3.4800000190734863,3.700000047683716,879100
2025-02-03,2.0732953548431396,3.559999942779541,3.640000104904175,3.390000104904175,3.4200000762939453,754800
2025-02-04,2.1315340995788574,3.6600000858306885,3.7200000286102295,3.630000114440918,3.640000104904175,566200
2025-02-05,2.1664774417877197,3.7200000286102295,3.740000009536743,3.640000104904175,3.6600000858306885,556600
2025-02-06,2.149005651473999,3.690000057220459,3.825000047683716,3.6600000858306885,3.75,949300
2025-02-07,2.1781251430511475,3.740000009536743,3.9100000858306885,3.7049999237060547,3.7699999809265137,1586500
2025-02-10,2.1664774417877197,3.7200000286102295,3.8550000190734863,3.690000057220459,3.759999990463257,793400
2025-02-11,2.143181800842285,3.680000066757202,3.75,3.5799999237060547,3.690000057220459,942000
2025-02-12,2.207244396209717,3.7899999618530273,3.880000114440918,3.700000047683716,3.700000047683716,789600
2025-02-13,2.1723012924194336,3.7300000190734863,3.7899999618530273,3.5899999141693115,3.7899999618530273,1298800
2025-02-14,2.2596592903137207,3.880000114440918,3.940000057220459,3.7750000953674316,3.9000000953674316,1379900
2025-02-18,2.294602394104004,3.940000057220459,4.050000190734863,3.740999937057495,3.9000000953674316,1415000
2025-02-19,2.28877854347229,3.930000066757202,3.9600000381469727,3.821000099182129,3.940000057220459,1280500
2025-02-20,2.248011350631714,3.859999895095825,4.110000133514404,3.819999933242798,4.050000190734863,1694900
2025-02-21,2.294602394104004,3.940000057220459,4.065000057220459,3.9100000858306885,3.950000047683716,1299400
2025-02-24,2.1373579502105713,3.6700000762939453,3.865000009536743,3.640000104904175,3.859999895095825,1895000
2025-02-25,2.1839489936828613,3.75,3.869999885559082,3.5899999141693115,3.799999952316284,1695800
2025-02-26,2.3237216472625732,3.990000009536743,4.070000171661377,3.8519999980926514,3.880000114440918,1660200
2025-02-27,2.248011350631714,3.859999895095825,3.950000047683716,3.8550000190734863,3.940000057220459,735500
2025-02-28,2.2188920974731445,3.809999942779541,3.8399999141693115,3.7300000190734863,3.759999990463257,923200
2025-03-03,2.1606533527374268,3.7100000381469727,3.880000114440918,3.700000047683716,3.8399999141693115,764200
2025-03-04,2.2305397987365723,3.8299999237060547,3.869999885559082,3.740000009536743,3.75,856900
2025-03-05,2.3994317054748535,4.119999885559082,4.150000095367432,3.859999895095825,3.890000104904175,1718200
2025-03-06,2.3936080932617188,4.110000133514404,4.179999828338623,4.039999961853027,4.179999828338623,1881400
2025-03-07,2.3703126907348633,4.070000171661377,4.300000190734863,4.005000114440918,4.110000133514404,1468900
2025-03-10,2.2654831409454346,3.890000104904175,4.045000076293945,3.8499999046325684,3.940000057220459,1216900
2025-03-11,2.469318151473999,4.239999771118164,4.25,3.9800000190734863,4.0,1581100
2025-03-12,2.510085344314575,4.309999942779541,4.429999828338623,4.170000076293945,4.25,1848500
2025-03-13,2.4576704502105713,4.21999979019165,4.394999980926514,4.204999923706055,4.309999942779541,1301800
2025-03-14,2.5799715518951416,4.429999828338623,4.590000152587891,4.269999980926514,4.360000133514404,2091200
2025-03-17,2.6440341472625732,4.539999961853027,4.579999923706055,4.420000076293945,4.480000019073486,3154700
2025-03-18,2.1606533527374268,3.7100000381469727,4.320000171661377,3.6600000858306885,4.300000190734863,9195500
2025-03-19,2.015056848526001,3.4600000381469727,3.7699999809265137,3.3399999141693115,3.75,14263400
2025-03-20,1.8694602251052856,3.2100000381469727,3.440000057220459,3.1500000953674316,3.369999885559082,6822800
2025-03-21,1.8694602251052856,3.2100000381469727,3.309999942779541,3.1700000762939453,3.309999942779541,5266000
2025-03-24,1.9568181037902832,3.359999895095825,3.369999885559082,3.180000066757202,3.25,3669900
2025-03-25,1.9393465518951416,3.3299999237060547,3.359999895095825,3.25,3.3499999046325684,1950900
2025-03-26,1.921875,3.299999952316284,3.380000114440918,3.2300000190734863,3.3299999237060547,3267500
2025-03-27,1.9801137447357178,3.4000000953674316,3.450000047683716,3.259999990463257,3.259999990463257,3033100
2025-03-28,1.8927557468414307,3.25,3.390000104904175,3.184999942779541,3.3499999046325684,3633700
2025-03-31,1.8694602251052856,3.2100000381469727,3.2899999618530273,3.1700000762939453,3.2100000381469727,2918200
2025-04-01,1.921875,3.299999952316284,3.325000047683716,3.200000047683716,3.2300000190734863,1441200
2025-04-02,1.9276988506317139,3.309999942779541,3.384999990463257,3.240000009536743,3.259999990463257,1516200
2025-04-03,1.9160511493682861,3.2899999618530273,3.3350000381469727,3.1700000762939453,3.1700000762939453,1195600
2025-04-04,1.8345171213150024,3.1500000953674316,3.259999990463257,3.0399999618530273,3.1600000858306885,3478800
2025-04-07,1.8112215995788574,3.109999895095825,3.315000057220459,2.990000009536743,3.0,3258000
2025-04-08,1.7005681991577148,2.9200000762939453,3.2300000190734863,2.8499999046325684,3.2300000190734863,4360400
2025-04-09,1.7762783765792847,3.049999952316284,3.1050000190734863,2.880000114440918,2.940000057220459,4344500
2025-04-10,1.7879260778427124,3.069999933242798,3.194999933242798,3.0299999713897705,3.0399999618530273,2578700
2025-04-11,1.8286932706832886,3.140000104904175,3.2249999046325684,3.049999952316284,3.0799999237060547,2626000
2025-04-14,1.9509942531585693,3.3499999046325684,3.375,3.200000047683716,3.2200000286102295,2586500
2025-04-15,1.9626420736312866,3.369999885559082,3.380000114440918,3.240000009536743,3.3499999046325684,1610300
2025-04-16,1.9451704025268555,3.3399999141693115,3.3399999141693115,3.25,3.2850000858306885,1222800
2025-04-17,1.9451704025268555,3.3399999141693115,3.380000114440918,3.299999952316284,3.359999895095825,958300
2025-04-21,1.9509942531585693,3.3499999046325684,3.36899995803833,3.234999895095825,3.3499999046325684,915700
2025-04-22,1.9626420736312866,3.369999885559082,3.4700000286102295,3.3610000610351562,3.4000000953674316,1052200
2025-04-23,2.009232997894287,3.450000047683716,3.559999942779541,3.4149999618530273,3.434999942779541,1213900
2025-04-24,2.015056848526001,3.4600000381469727,3.505000114440918,3.4000000953674316,3.450000047683716,617100
2025-04-25,2.0267045497894287,3.4800000190734863,3.4800000190734863,3.430000066757202,3.4600000381469727,550500
2025-04-28,2.061647653579712,3.5399999618530273,3.569999933242798,3.430000066757202,3.4800000190734863,992400
2025-04-29,2.0907671451568604,3.5899999141693115,3.5999999046325684,3.509999990463257,3.5199999809265137,959600
2025-04-30,2.189772844314575,3.759999990463257,3.799999952316284,3.549999952316284,3.549999952316284,2049900
2025-05-01,2.2247159481048584,3.819999933242798,3.8399999141693115,3.759999990463257,3.809999942779541,1423800
2025-05-02,2.2188920974731445,3.809999942779541,3.884999990463257,3.799999952316284,3.859999895095825,971900
2025-05-05,2.2188920974731445,3.809999942779541,3.8499999046325684,3.75,3.809999942779541,1429500
2025-05-06,2.1723012924194336,3.7300000190734863,3.8299999237060547,3.7049999237060547,3.809999942779541,979100
2025-05-07,2.143181800842285,3.680000066757202,3.7300000190734863,3.5450000762939453,3.7300000190734863,1007100
2025-05-08,2.1373579502105713,3.6700000762939453,3.7190001010894775,3.640000104904175,3.7100000381469727,586200
2025-05-09,2.108238697052002,3.619999885559082,3.7190001010894775,3.5799999237060547,3.690000057220459,452000
2025-05-12,2.1373579502105713,3.6700000762939453,3.7899999618530273,3.6500000953674316,3.7899999618530273,1262500
2025-05-13,2.1781251430511475,3.740000009536743,3.755000114440918,3.5899999141693115,3.6500000953674316,1129500
2025-05-14,2.189772844314575,3.759999990463257,3.8399999141693115,3.7200000286102295,3.759999990463257,1134200
2025-05-15,2.154829502105713,3.700000047683716,3.7300000190734863,3.6649999618530273,3.7200000286102295,1015900
2025-05-16,2.1373579502105713,3.6700000762939453,3.7100000381469727,3.6500000953674316,3.690000057220459,478100
2025-05-19,2.1257102489471436,3.6500000953674316,3.680000066757202,3.5799999237060547,3.640000104904175,608400
2025-05-20,2.149005651473999,3.690000057220459,3.7100000381469727,3.621000051498413,3.6700000762939453,877400
2025-05-21,2.102414846420288,3.609999895095825,3.739000082015991,3.5999999046325684,3.7100000381469727,834600
2025-05-22,2.1198863983154297,3.640000104904175,3.674999952316284,3.549999952316284,3.630000114440918,683400
2025-05-23,2.1257102489471436,3.6500000953674316,3.680000066757202,3.575000047683716,3.5999999046325684,713300
2025-05-27,2.1257102489471436,3.6500000953674316,3.6700000762939453,3.5999999046325684,3.630000114440918,599100
2025-05-28,2.248011350631714,3.859999895095825,3.9000000953674316,3.6449999809265137,3.6500000953674316,1840000
2025-05-29,2.201420545578003,3.7799999713897705,3.880000114440918,3.7699999809265137,3.880000114440918,788600
2025-05-30,2.207244396209717,3.7899999618530273,3.809999942779541,3.6700000762939453,3.7699999809265137,1083700
2025-06-02,2.2305397987365723,3.8299999237060547,3.859999895095825,3.755000114440918,3.7699999809265137,452800
2025-06-03,2.2188920974731445,3.809999942779541,3.880000114440918,3.799999952316284,3.880000114440918,483500
2025-06-04,2.282954692840576,3.9200000762939453,3.940000057220459,3.809999942779541,3.8499999046325684,822500
2025-06-05,2.3062500953674316,3.9600000381469727,4.0,3.9149999618530273,3.940000057220459,789600
2025-06-06,2.3178977966308594,3.9800000190734863,3.994999885559082,3.940000057220459,3.940000057220459,616500
2025-06-09,2.387784004211426,4.099999904632568,4.13100004196167,3.990000009536743,4.0,1258200
2025-06-10,2.376136302947998,4.079999923706055,4.114999771118164,4.0,4.099999904632568,843900
2025-06-11,2.381960391998291,4.090000152587891,4.125,4.059999942779541,4.099999904632568,978600
2025-06-12,2.3237216472625732,3.990000009536743,4.039999961853027,3.950000047683716,4.039999961853027,1105100
2025-06-13,2.2713069915771484,3.9000000953674316,3.9800000190734863,3.859999895095825,3.950000047683716,1342800
2025-06-16,2.3237216472625732,3.990000009536743,4.0,3.9100000858306885,3.990000009536743,1621200
2025-06-17,2.1839489936828613,3.75,3.950000047683716,3.734999895095825,3.9000000953674316,2665600
2025-06-18,2.2538352012634277,3.869999885559082,4.144999980926514,3.6700000762939453,3.7100000381469727,8324700
2025-06-20,2.154829502105713,3.700000047683716,3.880000114440918,3.5299999713897705,3.880000114440918,4490100
2025-06-23,2.1664774417877197,3.7200000286102295,3.7300000190734863,3.630000114440918,3.7100000381469727,985100
2025-06-24,2.189772844314575,3.759999990463257,3.799999952316284,3.7100000381469727,3.7200000286102295,1117200
2025-06-25,2.154829502105713,3.700000047683716,3.7899999618530273,3.700000047683716,3.7699999809265137,874500
2025-06-26,2.1664774417877197,3.7200000286102295,3.759999990463257,3.6449999809265137,3.700000047683716,1247000
2025-06-27,2.096590995788574,3.5999999046325684,3.680000066757202,3.559999942779541,3.6500000953674316,2147300
2025-06-30,2.049999952316284,3.5199999809265137,3.630000114440918,3.4800000190734863,3.549999952316284,5283300
2025-07-01,2.319999933242798,2.319999933242798,2.4200000762939453,2.2100000381469727,2.2200000286102295,9759900
2025-07-02,2.440000057220459,2.440000057220459,2.6449999809265137,2.299999952316284,2.369999885559082,5783700
2025-07-03,2.4700000286102295,2.4700000286102295,2.5799999237060547,2.4600000381469727,2.4600000381469727,3703500
2025-07-07,2.430000066757202,2.430000066757202,2.5,2.4100000858306885,2.5,1237300
2025-07-08,2.4700000286102295,2.4700000286102295,2.5399999618530273,2.440000057220459,2.440000057220459,1238300
2025-07-09,2.490000009536743,2.490000009536743,2.5,2.4509999752044678,2.490000009536743,802700
2025-07-10,2.549999952316284,2.549999952316284,2.5950000286102295,2.4700000286102295,2.490000009536743,1767800
2025-07-11,2.549999952316284,2.549999952316284,2.5799999237060547,2.5299999713897705,2.549999952316284,476900
2025-07-14,2.640000104904175,2.640000104904175,2.640000104904175,2.559999942779541,2.559999942779541,2196200
2025-07-15,2.9100000858306885,2.9100000858306885,2.940000057220459,2.755000114440918,2.8399999141693115,5826600
2025-07-16,3.059999942779541,3.059999942779541,3.119999885559082,2.9100000858306885,3.109999895095825,4211900
2025-07-17,3.25,3.25,3.3299999237060547,3.049999952316284,3.109999895095825,4974300
2025-07-18,3.3399999141693115,3.3399999141693115,3.549999952316284,3.299999952316284,3.299999952316284,5534200
2025-07-21,3.890000104904175,3.890000104904175,4.0,3.3499999046325684,3.4000000953674316,12123900
2025-07-22,3.700000047683716,3.700000047683716,3.799999952316284,3.490000009536743,3.759999990463257,5436500
2025-07-23,3.640000104904175,3.640000104904175,3.930000066757202,3.609999895095825,3.759999990463257,2386500
2025-07-24,3.6700000762939453,3.6700000762939453,3.7200000286102295,3.5,3.6600000858306885,2476200
2025-07-25,3.5399999618530273,3.5399999618530273,3.6600000858306885,3.509999990463257,3.6600000858306885,1361300
2025-07-28,3.640000104904175,3.640000104904175,3.700000047683716,3.559999942779541,3.559999942779541,1600200
2025-07-29,3.6600000858306885,3.6600000858306885,3.880000114440918,3.630000114440918,3.630000114440918,2304100
2025-07-30,3.3299999237060547,3.3299999237060547,3.5999999046325684,3.2899999618530273,3.5899999141693115,2044000
2025-07-31,3.359999895095825,3.359999895095825,3.434999942779541,3.2300000190734863,3.2899999618530273,1904200
2025-08-01,3.440000057220459,3.440000057220459,3.4649999141693115,3.190000057220459,3.200000047683716,1518400
2025-08-04,3.5199999809265137,3.5199999809265137,3.5299999713897705,3.433000087738037,3.4700000286102295,1036300
2025-08-05,3.4000000953674316,3.4000000953674316,3.559999942779541,3.380000114440918,3.559999942779541,1604800
2025-08-06,3.4200000762939453,3.4200000762939453,3.4200000762939453,3.3399999141693115,3.4000000953674316,623000
2025-08-07,3.2799999713897705,3.2799999713897705,3.4749999046325684,3.259999990463257,3.450000047683716,1305100
2025-08-08,3.2200000286102295,3.2200000286102295,3.359999895095825,3.1700000762939453,3.309999942779541,1245200
2025-08-11,3.309999942779541,3.309999942779541,3.3350000381469727,3.140000104904175,3.2100000381469727,1754700
2025-08-12,3.4600000381469727,3.4600000381469727,3.630000114440918,3.2750000953674316,3.309999942779541,2922600
2025-08-13,3.4600000381469727,3.4600000381469727,3.640000104904175,3.4149999618530273,3.5999999046325684,1220700
2025-08-14,3.299999952316284,3.299999952316284,3.4700000286102295,3.299999952316284,3.430000066757202,1298200
2025-08-15,3.309999942779541,3.309999942779541,3.430000066757202,3.2799999713897705,3.299999952316284,784000
2025-08-18,3.25,3.25,3.3450000286102295,3.2300000190734863,3.299999952316284,960900
2025-08-19,3.2100000381469727,3.2100000381469727,3.259999990463257,3.1600000858306885,3.240000009536743,685300
2025-08-20,3.190000057220459,3.190000057220459,3.265000104904175,3.1500000953674316,3.1700000762939453,814100
2025-08-21,3.319999933242798,3.319999933242798,3.4000000953674316,3.1600000858306885,3.1600000858306885,1550400
2025-08-22,3.2799999713897705,3.2799999713897705,3.384999990463257,3.259999990463257,3.319999933242798,1020500
2025-08-25,3.309999942779541,3.309999942779541,3.4549999237060547,3.2799999713897705,3.380000114440918,862700
2025-08-26,3.2899999618530273,3.2899999618530273,3.390000104904175,3.2899999618530273,3.3299999237060547,759500
2025-08-27,3.3499999046325684,3.3499999046325684,3.380000114440918,3.2209999561309814,3.25,742800
2025-08-28,3.4000000953674316,3.4000000953674316,3.4600000381469727,3.3299999237060547,3.369999885559082,1098400
2025-08-29,3.5799999237060547,3.5799999237060547,3.8299999237060547,3.4100000858306885,3.4200000762939453,4921700
2025-09-02,3.5299999713897705,3.5299999713897705,3.6489999294281006,3.4000000953674316,3.569999933242798,2879300
2025-09-03,3.7799999713897705,3.7799999713897705,3.799999952316284,3.5199999809265137,3.5199999809265137,2928200
2025-09-04,3.630000114440918,3.630000114440918,3.755000114440918,3.6050000190734863,3.690000057220459,1442900
2025-09-05,3.5799999237060547,3.5799999237060547,3.7790000438690186,3.555000066757202,3.740000009536743,1144100
2025-09-08,3.4800000190734863,3.4800000190734863,3.609999895095825,3.390000104904175,3.5899999141693115,1325400
2025-09-09,3.5199999809265137,3.5199999809265137,3.559999942779541,3.4600000381469727,3.490000009536743,807500
2025-09-10,3.3299999237060547,3.3299999237060547,3.615999937057495,3.299999952316284,3.549999952316284,2802700
2025-09-11,3.440000057220459,3.440000057220459,3.444999933242798,3.299999952316284,3.3299999237060547,1549900
2025-09-12,3.509999990463257,3.509999990463257,3.549999952316284,3.4100000858306885,3.450000047683716,1571800
2025-09-15,3.509999990463257,3.509999990463257,3.5299999713897705,3.450000047683716,3.4800000190734863,982900
2025-09-16,3.369999885559082,3.369999885559082,3.4800000190734863,3.305000066757202,3.450000047683716,2333200
2025-09-17,3.5399999618530273,3.5399999618530273,3.549999952316284,3.4100000858306885,3.4100000858306885,1758300
2025-09-18,3.509999990463257,3.509999990463257,3.5199999809265137,3.450000047683716,3.5199999809265137,1051500
2025-09-19,3.4600000381469727,3.4600000381469727,3.565000057220459,3.430000066757202,3.5299999713897705,1522500
2025-09-22,3.4000000953674316,3.4000000953674316,3.4749999046325684,3.359999895095825,3.430000066757202,1774400
2025-09-23,3.3499999046325684,3.3499999046325684,3.4189999103546143,3.319999933242798,3.390000104904175,1271700
2025-09-24,3.380000114440918,3.380000114440918,3.440000057220459,3.3399999141693115,3.440000057220459,963700
2025-09-25,3.4700000286102295,3.4700000286102295,3.4700000286102295,3.3499999046325684,3.430000066757202,864500
2025-09-26,3.369999885559082,3.369999885559082,3.430000066757202,3.3299999237060547,3.430000066757202,972900
2025-09-29,3.3299999237060547,3.3299999237060547,3.390000104904175,3.259999990463257,3.369999885559082,1096700
2025-09-30,3.3299999237060547,3.3299999237060547,3.4049999713897705,3.299999952316284,3.319999933242798,932100
2025-10-01,3.2300000190734863,3.2300000190734863,3.299999952316284,3.2100000381469727,3.2699999809265137,1273800
2025-10-02,3.2799999713897705,3.2799999713897705,3.2899999618530273,3.240000009536743,3.25,597700
2025-10-03,3.2799999713897705,3.2799999713897705,3.3949999809265137,3.2799999713897705,3.319999933242798,1307700
2025-10-06,3.259999990463257,3.259999990463257,3.299999952316284,3.240000009536743,3.2699999809265137,564500
2025-10-07,3.240000009536743,3.240000009536743,3.2699999809265137,3.2100000381469727,3.2699999809265137,888400
2025-10-08,3.2100000381469727,3.2100000381469727,3.2699999809265137,3.180000066757202,3.25,1693800
2025-10-09,3.190000057220459,3.190000057220459,3.2249999046325684,3.140000104904175,3.200000047683716,1076200
2025-10-10,3.0399999618530273,3.0399999618530273,3.2019999027252197,3.0329999923706055,3.180000066757202,1762000
2025-10-13,3.0999999046325684,3.0999999046325684,3.1500000953674316,3.0799999237060547,3.0799999237060547,874100
2025-10-14,2.990000009536743,2.990000009536743,3.059999942779541,2.940000057220459,3.0399999618530273,1125300
2025-10-15,2.9600000381469727,2.9600000381469727,3.0199999809265137,2.934999942779541,3.009999990463257,696500
2025-10-16,2.9100000858306885,2.9100000858306885,2.9800000190734863,2.9049999713897705,2.9800000190734863,717900
2025-10-17,2.9000000953674316,2.9000000953674316,2.9200000762939453,2.8529999256134033,2.880000114440918,847500
2025-10-20,2.950000047683716,2.950000047683716,2.999000072479248,2.9100000858306885,2.9100000858306885,494700
2025-10-21,2.990000009536743,2.990000009536743,3.0299999713897705,2.9600000381469727,2.9700000286102295,486700
2025-10-22,3.0299999713897705,3.0299999713897705,3.130000114440918,2.990000009536743,2.990000009536743,1146700
2025-10-23,3.049999952316284,3.049999952316284,3.0799999237060547,3.0299999713897705,3.0299999713897705,364700
2025-10-24,3.049999952316284,3.049999952316284,3.0899999141693115,3.0399999618530273,3.059999942779541,466900
2025-10-27,2.950000047683716,2.950000047683716,3.069999933242798,2.9100000858306885,3.069999933242798,1946300
2025-10-28,2.8499999046325684,2.8499999046325684,2.940000057220459,2.809999942779541,2.940000057220459,2179900
2025-10-29,2.809999942779541,2.809999942779541,2.8299999237060547,2.75,2.819999933242798,2044100
2025-10-30,2.7100000381469727,2.7100000381469727,2.799999952316284,2.680000066757202,2.7799999713897705,1239600
2025-10-31,2.75,2.75,2.7750000953674316,2.7149999141693115,2.740000009536743,410500
2025-11-03,2.7899999618530273,2.7899999618530273,2.8499999046325684,2.75,2.7699999809265137,673800
2025-11-04,2.6700000762939453,2.6700000762939453,2.75,2.6500000953674316,2.75,619300
2025-11-05,2.740000009536743,2.740000009536743,2.799999952316284,2.7300000190734863,2.799999952316284,632600
2025-11-06,2.7200000286102295,2.7200000286102295,2.7799999713897705,2.7049999237060547,2.7799999713897705,407200
2025-11-07,2.7100000381469727,2.7100000381469727,2.7200000286102295,2.5899999141693115,2.680000066757202,881800
2025-11-10,2.7799999713897705,2.7799999713897705,2.8299999237060547,2.7300000190734863,2.7300000190734863,670000
2025-11-11,2.799999952316284,2.799999952316284,2.8399999141693115,2.75,2.7899999618530273,1027600
2025-11-12,2.680000066757202,2.680000066757202,2.930000066757202,2.6500000953674316,2.880000114440918,1258400
2025-11-13,2.75,2.75,2.7799999713897705,2.700000047683716,2.7200000286102295,1233700
2025-11-14,2.690000057220459,2.690000057220459,2.755000114440918,2.6500000953674316,2.700000047683716,747100
2025-11-17,2.690000057220459,2.690000057220459,2.75,2.640000104904175,2.640000104904175,1059100
2025-11-18,2.759999990463257,2.759999990463257,2.7950000762939453,2.6649999618530273,2.690000057220459,1116900
2025-11-19,2.690000057220459,2.690000057220459,2.819999933242798,2.6600000858306885,2.690000057220459,967000
2025-11-20,2.630000114440918,2.630000114440918,2.7850000858306885,2.630000114440918,2.690000057220459,808400
2025-11-21,2.640000104904175,2.640000104904175,2.6700000762939453,2.609999895095825,2.609999895095825,753000
2025-11-24,2.75,2.75,2.7750000953674316,2.619999885559082,2.619999885559082,926200
2025-11-25,2.799999952316284,2.799999952316284,2.8299999237060547,2.734999895095825,2.75,690900
2025-11-26,2.8499999046325684,2.8499999046325684,2.9149999618530273,2.8299999237060547,2.8299999237060547,1463100
2025-11-28,2.8499999046325684,2.8499999046325684,2.950000047683716,2.8499999046325684,2.859999895095825,722200
2025-12-01,2.809999942779541,2.809999942779541,2.9200000762939453,2.799999952316284,2.880000114440918,762500
2025-12-02,2.7699999809265137,2.7699999809265137,2.8259999752044678,2.7699999809265137,2.819999933242798,499600
2025-12-03,2.7699999809265137,2.7699999809265137,2.7899999618530273,2.75,2.75,493200
2025-12-04,2.799999952316284,2.799999952316284,2.809999942779541,2.7699999809265137,2.7699999809265137,758800
2025-12-05,2.9700000286102295,2.9700000286102295,3.049999952316284,2.819999933242798,2.8499999046325684,3006500
2025-12-08,3.180000066757202,3.180000066757202,3.2899999618530273,3.0,3.0,2712200
2025-12-09,3.109999895095825,3.109999895095825,3.234999895095825,3.0899999141693115,3.140000104904175,762900
2025-12-10,3.319999933242798,3.319999933242798,3.380000114440918,3.119999885559082,3.130000114440918,2569700
2025-12-11,3.2300000190734863,3.2300000190734863,3.319999933242798,3.200000047683716,3.309999942779541,722300
2025-12-12,3.119999885559082,3.119999885559082,3.2300000190734863,3.119999885559082,3.2300000190734863,632200
2025-12-15,3.119999885559082,3.119999885559082,3.130000114440918,3.0,3.0999999046325684,822600
2025-12-16,3.0999999046325684,3.0999999046325684,3.1549999713897705,3.059999942779541,3.069999933242798,420400
2025-12-17,2.9800000190734863,2.9800000190734863,3.1649999618530273,2.9600000381469727,3.0799999237060547,558300
2025-12-18,3.0199999809265137,3.0199999809265137,3.049999952316284,2.9800000190734863,2.9800000190734863,424100
2025-12-19,3.0399999618530273,3.0399999618530273,3.0799999237060547,3.009999990463257,3.009999990463257,481200
2025-12-22,2.990000009536743,2.990000009536743,3.0299999713897705,2.930000066757202,3.0299999713897705,707500
2025-12-23,2.9800000190734863,2.9800000190734863,2.990000009536743,2.940000057220459,2.9600000381469727,341000
2025-12-24,2.950000047683716,2.950000047683716,2.9700000286102295,2.940000057220459,2.9600000381469727,202500
2025-12-26,2.9700000286102295,2.9700000286102295,2.9700000286102295,2.9100000858306885,2.950000047683716,253700
2025-12-29,2.809999942779541,2.809999942779541,2.944999933242798,2.799999952316284,2.930000066757202,1059600
2025-12-30,2.9000000953674316,2.9000000953674316,2.950000047683716,2.819999933242798,2.8399999141693115,1316200
2025-12-31,2.880000114440918,2.880000114440918,2.950000047683716,2.869999885559082,2.869999885559082,987000
2026-01-02,3.0299999713897705,3.0299999713897705,3.0999999046325684,2.940000057220459,2.950000047683716,1019300
2026-01-05,3.1700000762939453,3.1700000762939453,3.2799999713897705,3.0799999237060547,3.130000114440918,1199500
2026-01-06,3.0199999809265137,3.0199999809265137,3.1500000953674316,3.015000104904175,3.1500000953674316,1251300
2026-01-07,3.109999895095825,3.109999895095825,3.200000047683716,3.0999999046325684,3.140000104904175,1438500
2026-01-08,3.559999942779541,3.559999942779541,3.8499999046325684,3.359999895095825,3.369999885559082,7244100
2026-01-09,3.5,3.5,3.930000066757202,3.5,3.6700000762939453,2796400
2026-01-12,3.6500000953674316,3.6500000953674316,3.875,3.559999942779541,3.5999999046325684,3596300
2026-01-13,3.490000009536743,3.490000009536743,3.619999885559082,3.434999942779541,3.5999999046325684,2134800
2026-01-14,3.7100000381469727,3.7100000381469727,3.7899999618530273,3.4700000286102295,3.4700000286102295,3269500
2026-01-15,3.75,3.75,3.819999933242798,3.6500000953674316,3.6600000858306885,1920800
2026-01-16,3.7100000381469727,3.7100000381469727,3.759999990463257,3.690000057220459,3.740000009536743,1835300
2026-01-20,3.5299999713897705,3.5299999713897705,3.700000047683716,3.5299999713897705,3.5999999046325684,1568100
2026-01-21,3.4700000286102295,3.4700000286102295,3.5899999141693115,3.3949999809265137,3.5399999618530273,1633000
2026-01-22,3.4600000381469727,3.4600000381469727,3.569999933242798,3.4600000381469727,3.5,886300
2026-01-23,3.3399999141693115,3.3399999141693115,3.4800000190734863,3.2300000190734863,3.4600000381469727,2174100
2026-01-26,3.569999933242798,3.569999933242798,3.950000047683716,3.4100000858306885,3.4100000858306885,5434400
2026-01-27,4.260000228881836,4.260000228881836,4.635000228881836,3.630000114440918,3.640000104904175,13111900
2026-01-28,4.309999942779541,4.309999942779541,4.625,4.179999828338623,4.320000171661377,7609300
2026-01-29,4.179999828338623,4.179999828338623,4.309999942779541,3.984999895095825,4.25,6014400
2026-01-30,4.239999771118164,4.239999771118164,4.375,4.080999851226807,4.090000152587891,3235500
2026-02-02,4.429999828338623,4.429999828338623,4.5,3.990000009536743,4.070000171661377,2581900
2026-02-03,4.429999828338623,4.429999828338623,4.5,4.260000228881836,4.380000114440918,2351800
2026-02-04,4.360000133514404,4.360000133514404,4.454999923706055,4.199999809265137,4.380000114440918,2962000
2026-02-05,4.340000152587891,4.340000152587891,4.46999979019165,4.329999923706055,4.329999923706055,1913800
2026-02-06,4.659999847412109,4.659999847412109,4.690000057220459,4.429999828338623,4.46999979019165,1991700
2026-02-09,4.75,4.75,4.864999771118164,4.449999809265137,4.510000228881836,2551800
2026-02-10,4.880000114440918,4.880000114440918,4.929999828338623,4.670000076293945,4.75,2387000
2026-02-11,4.610000133514404,4.610000133514404,4.900000095367432,4.554999828338623,4.880000114440918,2164500
2026-02-12,4.130000114440918,4.130000114440918,4.590000152587891,4.119999885559082,4.590000152587891,2257500
2026-02-13,4.28000020980835,4.28000020980835,4.420000076293945,4.010000228881836,4.110000133514404,1829300
2026-02-17,4.269999980926514,4.269999980926514,4.449999809265137,4.239999771118164,4.260000228881836,1319100
2026-02-18,4.059999942779541,4.059999942779541,4.320000171661377,4.019999980926514,4.300000190734863,930800
2026-02-19,3.990000009536743,3.990000009536743,4.099999904632568,3.924999952316284,4.059999942779541,855800
2026-02-20,3.7799999713897705,3.7799999713897705,3.9649999141693115,3.755000114440918,3.950000047683716,1130100
2026-02-23,3.940000057220459,3.940000057220459,3.9600000381469727,3.7149999141693115,3.8399999141693115,1632400
2026-02-24,3.8299999237060547,3.8299999237060547,3.8949999809265137,3.640000104904175,3.8399999141693115,1575300
2026-02-25,3.9800000190734863,3.9800000190734863,3.990000009536743,3.7899999618530273,3.859999895095825,2687400
2026-02-26,3.7799999713897705,3.7799999713897705,4.010000228881836,3.744999885559082,3.9600000381469727,1475300
2026-02-27,3.7300000190734863,3.7300000190734863,3.8399999141693115,3.6700000762939453,3.759999990463257,1156700
2026-03-02,3.5999999046325684,3.5999999046325684,3.690000057220459,3.5899999141693115,3.6700000762939453,774800
2026-03-03,3.4600000381469727,3.4600000381469727,3.5199999809265137,3.375,3.509999990463257,1077200
2026-03-04,3.4800000190734863,3.4800000190734863,3.609999895095825,3.4700000286102295,3.4700000286102295,907000
2026-03-05,3.4700000286102295,3.4700000286102295,3.5399999618530273,3.4100000858306885,3.5,750400
2026-03-06,3.4600000381469727,3.4600000381469727,3.569999933242798,3.4100000858306885,3.4700000286102295,766000
2026-03-09,3.490000009536743,3.490000009536743,3.5199999809265137,3.390000104904175,3.450000047683716,887800
2026-03-10,3.450000047683716,3.450000047683716,3.5299999713897705,3.4200000762939453,3.4800000190734863,1105500
2026-03-11,3.309999942779541,3.309999942779541,3.4700000286102295,3.259999990463257,3.4600000381469727,1544000
2026-03-12,3.2300000190734863,3.2300000190734863,3.2899999618530273,3.190000057220459,3.2799999713897705,1386100
2026-03-13,3.369999885559082,3.369999885559082,3.5,3.3299999237060547,3.3299999237060547,1460700
2026-03-16,3.4600000381469727,3.4600000381469727,3.5399999618530273,3.380000114440918,3.4600000381469727,1934200
2026-03-17,3.1500000953674316,3.1500000953674316,3.1500000953674316,2.930000066757202,3.0999999046325684,4736700
2026-03-18,3.4600000381469727,3.4600000381469727,3.690000057220459,3.25,3.25,4855600
2026-03-19,3.2899999618530273,3.2899999618530273,3.309999942779541,3.1500000953674316,3.299999952316284,2193300
2026-03-20,3.0399999618530273,3.0399999618530273,3.2209999561309814,3.0399999618530273,3.1600000858306885,1627800
2026-03-23,3.069999933242798,3.069999933242798,3.140000104904175,2.9549999237060547,3.140000104904175,1380200
2026-03-24,3.0399999618530273,3.0399999618530273,3.0799999237060547,2.994999885559082,3.0,1327801
