Date,Adj Close,Close,High,Low,Open,Volume
2016-01-04,84.52021026611328,129.9713134765625,129.9904327392578,128.33651733398438,129.63670349121094,5469952
2016-01-05,84.45804595947266,129.87571716308594,130.86997985839844,128.91969299316406,130.74569702148438,4105341
2016-01-06,84.03529357910156,129.22561645507812,129.61758422851562,127.74378967285156,128.47036743164062,4509201
2016-01-07,82.59916687011719,127.01720428466797,129.08221435546875,126.60611724853516,127.82026672363281,7348987
2016-01-08,81.83448028564453,125.84130096435547,127.93498992919922,125.54492950439453,127.32313537597656,4981784
2016-01-11,82.82919311523438,127.37093353271484,127.93498992919922,125.96558380126953,126.01338195800781,5203222
2016-01-12,82.62403869628906,127.05545043945312,127.8967514038086,125.36328887939453,127.77246856689453,5312320
2016-01-13,81.54849243164062,125.40152740478516,128.374755859375,125.33460998535156,127.62906646728516,4916305
2016-01-14,82.63025665283203,127.06501007080078,127.90631103515625,125.44933319091797,126.12810516357422,5972242
2016-01-15,80.8397445678711,124.31166076660156,125.12428283691406,123.20267486572266,124.29254150390625,9422891
2016-01-19,79.64607238769531,122.4760971069336,126.29063415527344,122.42829895019531,124.38814544677734,10438662
2016-01-20,75.76044464111328,116.5009536743164,118.53728485107422,112.81070709228516,113.25048065185547,16901059
2016-01-21,76.41324615478516,117.5047836303711,119.59847259521484,115.2772445678711,115.96558380126953,9258774
2016-01-22,76.15836334228516,117.11280822753906,119.25430297851562,116.4149169921875,119.1873779296875,9663366
2016-01-25,75.89724731445312,116.7112808227539,118.76673126220703,116.29063415527344,116.73040008544922,5696516
2016-01-26,76.21430206298828,117.1988525390625,118.17399597167969,116.86424255371094,116.8738021850586,4830219
2016-01-27,75.20092010498047,115.64053344726562,117.94454956054688,115.34416961669922,117.33269500732422,5257614
2016-01-28,75.9842758178711,116.84512329101562,117.42829895019531,115.68833923339844,115.9273452758789,4123855
2016-01-29,77.58204650878906,119.3021011352539,119.3021011352539,117.55258178710938,117.85850524902344,8627513
2016-02-01,77.6069107055664,119.34034729003906,119.78011322021484,118.26959991455078,118.92925262451172,3739345
2016-02-02,76.43190002441406,117.53346252441406,118.6806869506836,117.24665069580078,118.23136138916016,3438516
2016-02-03,77.53851318359375,119.23518371582031,119.93307495117188,116.91204833984375,118.53728485107422,6509781
2016-02-04,79.3601303100586,122.03633117675781,122.84894561767578,119.50286865234375,119.57935333251953,5508759
2016-02-05,79.93206024169922,122.9158706665039,122.98279571533203,120.31549072265625,121.62523651123047,7507874
2016-02-08,79.7499008178711,121.39579010009766,121.9024887084961,118.67112731933594,120.45889282226562,7702744
2016-02-09,77.92230987548828,118.61376953125,121.34799194335938,118.32695770263672,120.57361602783203,6231231
2016-02-10,75.48548126220703,114.9043960571289,119.78011322021484,114.56979370117188,119.50286865234375,6766679
2016-02-11,74.0158462524414,112.66730499267578,114.397705078125,111.75907897949219,113.55640411376953,7643750
2016-02-12,76.01930236816406,115.7170181274414,115.72657775878906,113.14531707763672,114.01529693603516,5163579
2016-02-16,77.08700561523438,117.34225463867188,117.67686462402344,116.00382232666016,116.47227478027344,4248224
2016-02-17,79.19723510742188,120.55449676513672,121.00382232666016,117.82982635498047,118.26959991455078,5042766
2016-02-18,83.18537902832031,126.62523651123047,128.10707092285156,124.04397583007812,124.2829818725586,10409374
2016-02-19,83.58101654052734,127.22753143310547,127.77246856689453,125.08604431152344,126.53919982910156,5361064
2016-02-22,84.01439666748047,127.88719177246094,128.4034423828125,126.58699798583984,127.22753143310547,4662440
2016-02-23,83.15397644042969,126.57743835449219,127.54302215576172,126.20458984375,127.28489685058594,3597926
2016-02-24,83.40520477294922,126.95984649658203,127.61949920654297,123.97705841064453,125.76481628417969,4312240
2016-02-25,84.47285461425781,128.5850830078125,128.5946502685547,125.12428283691406,127.42829895019531,4558782
2016-02-26,82.92161560058594,126.22370910644531,128.9866180419922,126.14722442626953,128.5946502685547,4587965
2016-02-29,82.29352569580078,125.26768493652344,127.4952163696289,125.14340209960938,126.19503021240234,4631688
2016-03-01,84.39124298095703,128.46080017089844,128.71893310546875,126.22370910644531,126.42447662353516,3962771
2016-03-02,85.6033706665039,130.30592346191406,131.3957977294922,127.36137390136719,127.82026672363281,5457191
2016-03-03,86.54546356201172,131.73995971679688,131.89292907714844,130.08604431152344,131.1854705810547,5393594
2016-03-04,86.54546356201172,131.73995971679688,133.28871154785156,130.9942626953125,131.49139404296875,4150946
2016-03-07,88.0213623046875,133.9866180419922,134.33078002929688,130.85086059570312,131.24282836914062,5408866
2016-03-08,87.34307861328125,132.95411682128906,134.17782592773438,131.37667846679688,133.5659637451172,5835739
2016-03-09,88.18467712402344,134.2351837158203,135.91778564453125,133.10707092285156,133.18356323242188,4609199
2016-03-10,88.0464859008789,134.0248565673828,135.24856567382812,132.0172119140625,135.0286865234375,4205548
2016-03-11,89.40935516357422,136.09942626953125,136.63479614257812,134.33078002929688,135.49713134765625,4625307
2016-03-14,89.67315673828125,136.50096130371094,136.89292907714844,134.8374786376953,135.7648162841797,4235045
2016-03-15,89.78620147705078,136.67303466796875,137.02676391601562,135.31549072265625,135.50669860839844,3878045
2016-03-16,90.93550872802734,138.4225616455078,138.50860595703125,135.8604278564453,136.34799194335938,4416107
2016-03-17,92.34862518310547,140.5736083984375,140.84129333496094,138.09751892089844,138.41299438476562,6089394
2016-03-18,92.38004302978516,140.6214141845703,141.02294921875,139.11090087890625,140.91778564453125,12645826
2016-03-21,93.34723663330078,142.09368896484375,142.170166015625,140.26768493652344,140.82217407226562,3892794
2016-03-22,93.0143814086914,141.58700561523438,142.71510314941406,141.3384246826172,141.5487518310547,4269667
2016-03-23,91.31864929199219,139.0057373046875,141.52008056640625,138.7476043701172,141.49139404296875,4983353
2016-03-24,92.92017364501953,141.44358825683594,141.70172119140625,138.13575744628906,138.6042022705078,5276547
2016-03-28,93.20278930664062,141.87380981445312,142.11280822753906,140.75526428222656,141.2523956298828,3415295
2016-03-29,93.78687286376953,142.76290893554688,143.1739959716797,141.0133819580078,141.09942626953125,3282871
2016-03-30,93.20907592773438,141.88336181640625,143.79541015625,141.7973175048828,143.3556365966797,3484435
2016-03-31,95.11836242675781,144.7896728515625,146.3671112060547,142.7915802001953,143.2026824951172,7092508
2016-04-01,95.7903823852539,145.8126220703125,146.2332763671875,143.64244079589844,143.89100646972656,4106073
2016-04-04,95.50772857666016,145.38241577148438,146.76864624023438,145.2294464111328,145.64053344726562,4112035
2016-04-05,94.20767974853516,143.4034423828125,144.93307495117188,143.06883239746094,144.7705535888672,3490502
2016-04-06,94.22024536132812,143.4225616455078,143.54684448242188,141.30975341796875,143.30784606933594,4387552
2016-04-07,93.10855102539062,141.73040771484375,143.02102661132812,141.49139404296875,142.51434326171875,3831498
2016-04-08,93.79945373535156,142.7820281982422,143.3938751220703,141.6061248779297,142.50477600097656,3445315
2016-04-11,93.73663330078125,142.68641662597656,145.26768493652344,142.65774536132812,143.65200805664062,4023021
2016-04-12,93.97528839111328,143.04971313476562,143.50860595703125,142.04588317871094,143.0305938720703,3761207
2016-04-13,94.98018646240234,144.579345703125,144.579345703125,143.04971313476562,144.12045288085938,3314146
2016-04-14,94.93619537353516,144.51242065429688,146.0420684814453,143.7667236328125,144.8374786376953,3322619
2016-04-15,95.28791809082031,145.0478057861328,145.4110870361328,144.32122802734375,144.397705078125,3825850
2016-04-18,95.796630859375,145.82217407226562,146.4053497314453,144.82791137695312,145.0478057861328,6884458
2016-04-19,90.43937683105469,137.66729736328125,140.48757934570312,136.3384246826172,140.0286865234375,13796949
2016-04-20,91.76457977294922,139.68450927734375,140.72657775878906,137.66729736328125,137.89674377441406,7064998
2016-04-21,93.7680435180664,142.73422241210938,143.51815795898438,140.0191192626953,140.13385009765625,6294514
2016-04-22,93.26557922363281,141.9694061279297,144.35946655273438,141.0133819580078,142.86807250976562,5430727
2016-04-25,93.46029663085938,142.26577758789062,142.35182189941406,140.64053344726562,141.6443634033203,2979949
2016-04-26,93.62985229492188,142.52389526367188,143.2026824951172,141.3957977294922,142.11280822753906,3116871
2016-04-27,94.50286865234375,143.85276794433594,144.14913940429688,142.41873168945312,142.7820281982422,3254315
2016-04-28,92.36750030517578,140.602294921875,143.57553100585938,140.27725219726562,143.1644287109375,3965909
2016-04-29,91.65779113769531,139.52198791503906,140.8604278564453,137.8489532470703,140.0478057861328,4420187
2016-05-02,91.23699951171875,138.88145446777344,140.53536987304688,138.07839965820312,140.11471557617188,3663510
2016-05-03,90.52099609375,137.7915802001953,138.52772521972656,136.6156768798828,138.28871154785156,3749178
2016-05-04,90.59639739990234,137.90631103515625,138.62332153320312,137.0076446533203,137.05545043945312,2695647
2016-05-05,91.99066162109375,140.0286865234375,140.82217407226562,139.0535430908203,139.53155517578125,6800255
2016-05-06,93.39836120605469,140.8126220703125,141.46270751953125,138.11663818359375,138.48948669433594,5121007
2016-05-09,93.43011474609375,140.8604278564453,141.68260192871094,140.54493713378906,141.20458984375,4500310
2016-05-10,95.09779357910156,143.374755859375,143.44168090820312,141.24282836914062,141.72084045410156,4176364
2016-05-11,94.45098876953125,142.3996124267578,144.4455108642578,142.1988525390625,143.12619018554688,3235278
2016-05-12,94.38125610351562,142.29444885253906,142.8202667236328,140.64053344726562,142.64817810058594,3398663
2016-05-13,93.67106628417969,141.2237091064453,143.26959228515625,140.93690490722656,142.2466583251953,2508308
2016-05-16,94.77442932128906,142.88719177246094,143.3938751220703,140.95602416992188,141.1567840576172,3210279
2016-05-17,93.8486099243164,141.49139404296875,142.92543029785156,140.8126220703125,142.64817810058594,3651168
2016-05-18,93.43011474609375,140.8604278564453,141.988525390625,139.92352294921875,141.48184204101562,2605691
2016-05-19,91.90186309814453,138.55641174316406,140.46844482421875,137.62905883789062,140.03823852539062,3855138
2016-05-20,93.37300109863281,140.77438354492188,141.02294921875,139.14913940429688,139.30210876464844,3840389
2016-05-23,93.06864166259766,140.31549072265625,141.44358825683594,140.2103271484375,141.11854553222656,2200575
2016-05-24,94.0451889038086,141.7877655029297,142.2084197998047,140.420654296875,140.420654296875,3064048
2016-05-25,96.18846130371094,145.0191192626953,145.4015350341797,141.9694061279297,142.3804931640625,4555644
2016-05-26,96.66409301757812,145.73614501953125,145.8030548095703,144.4072723388672,144.88528442382812,3203793
2016-05-27,96.91773223876953,146.11854553222656,146.20458984375,145.45889282226562,145.6501007080078,2570127
2016-05-31,97.48839569091797,146.97897338867188,147.04588317871094,145.5736083984375,145.85086059570312,6105084
2016-06-01,96.70844268798828,145.8030548095703,146.52963256835938,144.87571716308594,146.27151489257812,2785916
2016-06-02,97.33621215820312,146.74952697753906,146.74952697753906,145.43020629882812,145.87954711914062,2764160
2016-06-03,96.94941711425781,146.16635131835938,146.30975341796875,145.0286865234375,145.69789123535156,2435402
2016-06-06,96.84795379638672,146.0133819580078,147.1797332763672,145.64053344726562,146.35755920410156,2488120
2016-06-07,97.22840881347656,146.58700561523438,147.16061401367188,145.9464569091797,146.56787109375,4670390
2016-06-08,97.65328979492188,147.2275390625,147.31358337402344,146.30975341796875,146.7781982421875,3070010
2016-06-09,97.2854995727539,146.67303466796875,146.9980926513672,146.0133819580078,146.1950225830078,2114803
2016-06-10,96.61966705322266,145.66921997070312,146.58700561523438,145.181640625,146.07073974609375,3264148
2016-06-13,95.92845916748047,144.6271514892578,145.7935028076172,143.67112731933594,144.96176147460938,3776478
2016-06-14,95.78897857666016,144.4168243408203,145.11471557617188,143.78585815429688,144.6271514892578,2997627
2016-06-15,95.54802703857422,144.0535430908203,145.11471557617188,143.97705078125,144.7992401123047,2364378
2016-06-16,95.78897857666016,144.4168243408203,144.63670349121094,142.44741821289062,143.5850830078125,2561759
2016-06-17,96.37870025634766,145.30592346191406,146.0038299560547,143.97705078125,144.32122802734375,4878439
2016-06-20,97.40596771240234,146.8546905517578,147.86807250976562,145.8126220703125,145.88909912109375,3736417
2016-06-21,97.6849594116211,147.27532958984375,147.7724609375,146.93116760253906,147.3804931640625,2887274
2016-06-22,96.96845245361328,146.1950225830078,147.90631103515625,145.5736083984375,146.988525390625,2964050
2016-06-23,98.50932312011719,148.51815795898438,148.64244079589844,145.88909912109375,146.70172119140625,4151992
2016-06-24,92.95449829101562,140.14340209960938,143.9866180419922,139.75143432617188,143.374755859375,9500609
2016-06-27,90.9950942993164,137.18930053710938,140.15296936035156,136.2332763671875,139.75143432617188,5248723
2016-06-28,92.39015197753906,139.29254150390625,139.32122802734375,137.87762451171875,138.41299438476562,4181594
2016-06-29,94.1402816772461,141.93116760253906,141.95028686523438,140.0095672607422,140.05735778808594,3522614
2016-06-30,96.24555969238281,145.10516357421875,145.2294464111328,142.13192749023438,142.31358337402344,4149587
2016-07-01,96.60699462890625,145.6501007080078,146.24282836914062,144.7418670654297,145.10516357421875,2780582
2016-07-05,96.1821060180664,145.0095672607422,145.31549072265625,144.13002014160156,144.54110717773438,2578599
2016-07-06,96.61966705322266,145.66921997070312,145.70745849609375,143.32696533203125,145.17208862304688,2687592
2016-07-07,96.76551818847656,145.88909912109375,146.93116760253906,145.2103271484375,146.03250122070312,2236766
2016-07-08,97.9449691772461,147.66729736328125,147.8011474609375,146.34799194335938,147.2275390625,3180468
2016-07-11,98.49663543701172,148.49903869628906,149.17782592773438,147.70555114746094,147.8011474609375,2964050
2016-07-12,99.58098602294922,150.13385009765625,150.2103271484375,148.68069458007812,149.1395721435547,4020615
2016-07-13,100.202392578125,151.07073974609375,151.37667846679688,150.15296936035156,150.8126220703125,2872734
2016-07-14,101.635498046875,153.23135375976562,154.30210876464844,151.6061248779297,151.8260040283203,4850930
2016-07-15,101.31841278076172,152.7533416748047,152.94454956054688,151.52963256835938,152.86807250976562,4682733
2016-07-18,101.36915588378906,152.829833984375,153.68069458007812,151.74952697753906,152.29444885253906,7039266
2016-07-19,101.19161987304688,152.5621337890625,155.0095672607422,150.9464569091797,154.66539001464844,7447520
2016-07-20,102.32032775878906,154.26385498046875,154.5984649658203,152.58126831054688,152.93499755859375,4577610
2016-07-21,101.74329376220703,153.3938751220703,154.73231506347656,152.85850524902344,153.68069458007812,3680769
2016-07-22,102.77054595947266,154.94264221191406,155.03823852539062,153.4225616455078,153.70936584472656,2636025
2016-07-25,103.1383056640625,155.49713134765625,155.71701049804688,154.63670349121094,154.87571716308594,2933612
2016-07-26,102.80228424072266,154.9904327392578,156.4053497314453,154.27342224121094,155.49713134765625,3027752
2016-07-27,102.61836242675781,154.71319580078125,155.420654296875,154.09178161621094,154.9904327392578,2262184
2016-07-28,102.32666015625,154.27342224121094,154.69407653808594,153.64244079589844,154.28298950195312,2448058
2016-07-29,101.85110473632812,153.55641174316406,154.5602264404297,152.9923553466797,154.26385498046875,3710685
2016-08-01,102.3774185180664,154.3498992919922,154.54110717773438,152.81069946289062,153.5850830078125,2953486
2016-08-02,101.82573699951172,153.51815795898438,154.3498992919922,153.30784606933594,154.17782592773438,3222621
2016-08-03,101.88277435302734,153.6042022705078,153.78585815429688,152.7724609375,153.08795166015625,2993338
2016-08-04,102.44078063964844,154.4455108642578,154.5889129638672,153.07839965820312,153.78585815429688,2603599
2016-08-05,103.67735290527344,156.30975341796875,156.31930541992188,154.46463012695312,154.87571716308594,3987770
2016-08-08,103.63896942138672,154.91395568847656,156.08985900878906,154.47418212890625,155.5736083984375,3179108
2016-08-09,103.46626281738281,154.6558380126953,155.6118621826172,154.54110717773438,155.08604431152344,2863425
2016-08-10,103.66454315185547,154.9521942138672,155.50669860839844,154.8374786376953,155.05735778808594,2580168
2016-08-11,104.59197235107422,156.3384246826172,157.69598388671875,155.0478057861328,155.11471557617188,9171956
2016-08-12,103.5813980102539,154.82791137695312,156.27151489257812,154.4168243408203,156.0133819580078,2660083
2016-08-15,103.53665161132812,154.76100158691406,155.8030548095703,154.66539001464844,155.2581329345703,3107038
2016-08-16,102.7818832397461,153.6328887939453,154.8087921142578,153.62332153320312,154.0248565673828,2311869
2016-08-17,102.61561584472656,153.3843231201172,154.07266235351562,152.81069946289062,153.89100646972656,3374291
2016-08-18,103.20403289794922,154.26385498046875,154.87571716308594,153.3843231201172,153.8145294189453,3819992
2016-08-19,102.35980224609375,153.0019073486328,153.83364868164062,152.50477600097656,153.7667236328125,2944699
2016-08-22,102.33419799804688,152.9636688232422,153.50860595703125,152.13192749023438,152.9636688232422,2133108
2016-08-23,102.50050354003906,153.2122344970703,154.24473571777344,153.18356323242188,153.27915954589844,2968653
2016-08-24,101.72660064697266,152.05545043945312,153.13575744628906,151.35755920410156,152.85850524902344,3813507
2016-08-25,101.45797729492188,151.65391540527344,152.52389526367188,151.45315551757812,152.0076446533203,2693450
2016-08-26,101.25970458984375,151.35755920410156,153.3843231201172,150.90821838378906,151.89292907714844,2613849
2016-08-29,102.15510559082031,152.69598388671875,153.1644287109375,151.52963256835938,151.84512329101562,2589791
2016-08-30,101.95040893554688,152.3900604248047,153.10707092285156,151.8260040283203,152.73422241210938,1896712
2016-08-31,101.61785888671875,151.89292907714844,152.6386260986328,151.30018615722656,152.6386260986328,2430486
2016-09-01,102.03998565673828,152.52389526367188,152.6003875732422,151.14723205566406,151.35755920410156,2466886
2016-09-02,102.04637908935547,152.53346252441406,153.50860595703125,152.1510467529297,152.8489532470703,2421908
2016-09-06,102.55805206298828,153.29827880859375,153.78585815429688,152.11280822753906,152.8489532470703,3131829
2016-09-07,103.38311767578125,154.53155517578125,154.64627075195312,152.9636688232422,153.1453094482422,2999196
2016-09-08,101.69463348388672,152.0076446533203,154.12045288085938,151.7781982421875,153.48948669433594,4145507
2016-09-09,99.57754516601562,148.8432159423828,151.4340362548828,148.8049774169922,151.08030700683594,5424556
2016-09-12,101.240478515625,151.32887268066406,151.55831909179688,148.0305938720703,148.43212890625,4568405
2016-09-13,99.65431213378906,148.9579315185547,150.98471069335938,148.6615753173828,150.69789123535156,3803988
2016-09-14,98.52861785888672,147.27532958984375,149.01528930664062,146.6443634033203,148.85276794433594,4038188
2016-09-15,99.55838775634766,148.8145294189453,149.45506286621094,146.47227478027344,147.51434326171875,3813298
2016-09-16,98.39433288574219,147.07456970214844,148.5659637451172,146.72084045410156,148.2218017578125,6760926
2016-09-19,99.0531005859375,148.0592803955078,149.32122802734375,147.7533416748047,148.0592803955078,2562805
2016-09-20,98.78447723388672,147.65774536132812,149.68450927734375,147.65774536132812,149.01528930664062,2258419
2016-09-21,99.47526550292969,148.69024658203125,148.83364868164062,147.10325622558594,148.09751892089844,2587699
2016-09-22,99.84620666503906,149.24473571777344,150.30592346191406,148.8432159423828,149.28298950195312,2814891
2016-09-23,99.12345123291016,148.1644287109375,149.17782592773438,147.90631103515625,148.7762908935547,2826501
2016-09-26,98.48387908935547,147.2084197998047,147.66729736328125,146.71128845214844,147.66729736328125,2649832
2016-09-27,100.26834106445312,149.87571716308594,149.87571716308594,147.04588317871094,147.53346252441406,3124611
2016-09-28,101.240478515625,151.32887268066406,151.65391540527344,149.35946655273438,150.08604431152344,3462260
2016-09-29,101.12535858154297,151.1567840576172,157.74378967285156,150.53536987304688,151.65391540527344,3530041
2016-09-30,101.59866333007812,151.86424255371094,152.81069946289062,151.10899353027344,151.91204833984375,3762357
2016-10-03,100.80558776855469,150.67877197265625,151.4053497314453,150.11471557617188,151.10899353027344,2330279
2016-10-04,100.070068359375,149.579345703125,151.55831909179688,148.96749877929688,150.73614501953125,3016769
2016-10-05,100.46659851074219,150.17208862304688,150.88909912109375,149.82791137695312,150.1625213623047,1761987
2016-10-06,100.33867645263672,149.9808807373047,150.50669860839844,149.034423828125,149.94264221191406,2039805
2016-10-07,99.56478881835938,148.8240966796875,150.7648162841797,148.04971313476562,150.2294464111328,2794807
2016-10-10,100.42823028564453,150.11471557617188,151.52008056640625,149.7705535888672,149.818359375,2595440
2016-10-11,99.0019302368164,147.9827880859375,150.0478057861328,147.12237548828125,149.8374786376953,3034760
2016-10-12,98.6821517944336,147.50477600097656,148.15487670898438,146.34799194335938,148.15487670898438,3100344
2016-10-13,98.31759643554688,146.95985412597656,147.4378662109375,145.5736083984375,146.9407196044922,3043755
2016-10-14,98.78447723388672,147.65774536132812,148.69024658203125,147.31358337402344,147.67686462402344,4558677
2016-10-17,98.9891357421875,147.9636688232422,149.034423828125,147.55258178710938,147.65774536132812,6161358
2016-10-18,96.3988265991211,144.09178161621094,144.35946655273438,141.29063415527344,143.4225616455078,13358048
2016-10-19,96.74422454833984,144.6080322265625,145.74569702148438,144.1969451904297,144.61758422851562,4846013
2016-10-20,96.91050720214844,144.85659790039062,146.1759033203125,144.3785858154297,144.6271514892578,4208163
2016-10-21,95.70166778564453,143.04971313476562,144.50286865234375,142.9827880859375,143.9579315185547,4617253
2016-10-24,96.3028793334961,143.94837951660156,144.85659790039062,143.78585815429688,143.78585815429688,2789368
2016-10-25,96.50115203857422,144.24473571777344,144.51242065429688,143.2409210205078,143.94837951660156,2769285
2016-10-26,97.09596252441406,145.13385009765625,146.21414184570312,143.65200805664062,144.08221435546875,2941038
2016-10-27,98.08092498779297,146.6061248779297,147.28489685058594,145.33460998535156,146.09942626953125,4423848
2016-10-28,97.6076431274414,145.89866638183594,147.64817810058594,145.48757934570312,147.27532958984375,3822607
2016-10-31,98.29840087890625,146.93116760253906,147.5430145263672,146.0420684814453,146.0420684814453,3716647
2016-11-01,97.72276306152344,146.07073974609375,147.14149475097656,145.06692504882812,146.74952697753906,3338727
2016-11-02,97.18550109863281,145.26768493652344,146.6061248779297,145.0,145.77438354492188,3215822
2016-11-03,97.45413970947266,145.66921997070312,146.97897338867188,145.12428283691406,145.8030548095703,3011225
2016-11-04,97.49250030517578,145.72657775878906,146.88336181640625,145.1912078857422,145.69789123535156,2584038
2016-11-07,99.59678649902344,148.87188720703125,149.24473571777344,147.07456970214844,147.2179718017578,3979925
2016-11-08,100.1453628540039,148.34608459472656,149.07266235351562,146.32887268066406,147.76290893554688,4102307
2016-11-09,99.91299438476562,148.0019073486328,148.71893310546875,144.35946655273438,146.2332763671875,5652270
2016-11-10,103.40455627441406,153.1739959716797,154.07266235351562,150.65965270996094,150.72657775878906,8070727
2016-11-11,104.0822525024414,154.17782592773438,154.24473571777344,152.32313537597656,152.93499755859375,4651144
2016-11-14,102.10731506347656,151.2523956298828,154.7418670654297,150.6501007080078,154.15870666503906,5435539
2016-11-15,102.40420532226562,151.69215393066406,152.1510467529297,150.6214141845703,151.45315551757812,3636942
2016-11-16,102.80436706542969,152.28489685058594,152.53346252441406,151.08030700683594,151.49139404296875,2356429
2016-11-17,103.13347625732422,152.7724609375,152.89674377441406,151.86424255371094,152.2179718017578,2365215
2016-11-18,103.51429748535156,153.33651733398438,153.65200805664062,152.2084197998047,152.7724609375,3118754
2016-11-21,105.0503158569336,155.6118621826172,155.8317413330078,153.31739807128906,153.62332153320312,4850407
2016-11-22,104.98577880859375,155.51625061035156,155.8317413330078,154.82791137695312,155.8317413330078,2898257
2016-11-23,104.54048919677734,154.85659790039062,155.23899841308594,154.26385498046875,154.818359375,2356324
2016-11-25,105.28909301757812,155.965576171875,156.0133819580078,154.71319580078125,154.71319580078125,1679144
2016-11-28,106.17974853515625,157.28489685058594,157.41873168945312,155.54493713378906,156.02294921875,4654072
2016-11-29,105.54082489013672,156.3384246826172,157.1797332763672,155.8604278564453,156.7877655029297,3293017
2016-11-30,104.6953353881836,155.08604431152344,156.5965576171875,155.07647705078125,156.16635131835938,4600099
2016-12-01,103.14640808105469,152.7915802001953,155.06692504882812,151.3384246826172,154.82791137695312,4848942
2016-12-02,103.27546691894531,152.9827880859375,153.2409210205078,151.44358825683594,152.0076446533203,2866981
2016-12-05,103.1593017578125,152.81069946289062,154.06309509277344,152.5717010498047,153.7762908935547,3605667
2016-12-06,103.48844909667969,153.29827880859375,153.71893310546875,151.9407196044922,153.08795166015625,2990514
2016-12-07,106.3539810180664,157.5430145263672,157.91586303710938,153.33651733398438,153.53729248046875,4639115
2016-12-08,106.72188568115234,158.08795166015625,158.69981384277344,156.9980926513672,157.6195068359375,3416654
2016-12-09,107.47051239013672,159.1969451904297,159.3881378173828,157.3613739013672,157.91586303710938,3291657
2016-12-12,106.8122329711914,158.2218017578125,159.45506286621094,157.81069946289062,159.3881378173828,3548346
2016-12-13,108.61286926269531,160.88909912109375,162.47610473632812,158.3938751220703,158.3938751220703,6205186
2016-12-14,108.75486755371094,161.09942626953125,162.41873168945312,160.08604431152344,160.965576171875,4313913
2016-12-15,108.43861389160156,160.6309814453125,162.3804931640625,160.4015350341797,160.6214141845703,3544476
2016-12-16,107.60608673095703,159.397705078125,161.67303466796875,158.75717163085938,161.53919982910156,7448148
2016-12-19,107.57379913330078,159.3498992919922,159.90440368652344,158.69981384277344,159.49330139160156,3091871
2016-12-20,108.16754913330078,160.2294464111328,160.85086059570312,159.13002014160156,160.12428283691406,2274632
2016-12-21,107.99329376220703,159.9713134765625,160.5544891357422,157.9827880859375,158.93881225585938,3740182
2016-12-22,107.81905364990234,159.71319580078125,160.8317413330078,159.25430297851562,160.0,2931520
2016-12-23,107.59314727783203,159.3785858154297,160.12428283691406,159.13002014160156,159.6558380126953,1779455
2016-12-27,107.87068176269531,159.7896728515625,160.5927276611328,159.51242065429688,159.63670349121094,1461785
2016-12-28,107.2575454711914,158.88145446777344,160.36329650878906,158.69981384277344,159.93307495117188,1838345
2016-12-29,107.52215576171875,159.27342224121094,159.64627075195312,158.69981384277344,158.71893310546875,1740021
2016-12-30,107.12847137451172,158.69024658203125,159.3690185546875,158.2218017578125,159.12045288085938,3088629
2017-01-03,107.9029312133789,159.8374786376953,160.48757934570312,158.70936584472656,159.6558380126953,3069278
2017-01-04,109.2388916015625,161.81643676757812,162.3996124267578,160.0,160.3919677734375,3536944
2017-01-05,108.87750244140625,161.28106689453125,161.9407196044922,159.90440368652344,161.806884765625,2805686
2017-01-06,109.41314697265625,162.07456970214844,162.44741821289062,160.15296936035156,161.27151489257812,3080993
2017-01-09,108.19984436035156,160.27725219726562,162.33270263671875,160.24856567382812,162.0172119140625,3336635
2017-01-10,106.8250961303711,158.2409210205078,160.69789123535156,158.06883239746094,160.5927276611328,4308160
2017-01-11,108.26435852050781,160.3728485107422,160.38241577148438,158.31739807128906,158.7476043701172,3765077
2017-01-12,108.39346313476562,160.56405639648438,160.6214141845703,158.27915954589844,160.3919677734375,3062165
2017-01-13,107.99974822998047,159.9808807373047,161.07073974609375,159.54110717773438,160.5831756591797,3007668
2017-01-17,108.35472106933594,160.50669860839844,160.783935546875,158.8145294189453,159.35946655273438,3468222
2017-01-18,107.65126037597656,159.46463012695312,161.1759033203125,159.35946655273438,160.08604431152344,4192159
2017-01-19,107.65768432617188,159.47418212890625,160.08604431152344,158.50860595703125,159.61758422851562,7283716
2017-01-20,110.07148742675781,163.04971313476562,163.13575744628906,158.69981384277344,160.43020629882812,13273740
2017-01-23,110.38123321533203,163.50860595703125,163.71893310546875,162.53346252441406,162.6003875732422,5730197
2017-01-24,113.52426147460938,168.1644287109375,168.26004028320312,163.6328887939453,163.8240966796875,7272210
2017-01-25,115.06678771972656,170.44932556152344,171.3671112060547,168.3843231201172,168.50860595703125,6194935
2017-01-26,115.30558013916016,170.8030548095703,171.0133819580078,169.70362854003906,170.2294464111328,3204839
2017-01-27,114.42784881591797,169.50286865234375,171.31930541992188,169.50286865234375,170.6214141845703,3642486
2017-01-30,113.45977783203125,168.06883239746094,169.28298950195312,166.90248107910156,169.1969451904297,4283161
2017-01-31,112.63365173339844,166.84512329101562,167.85850524902344,165.9751434326172,167.35182189941406,4329394
2017-02-01,112.48518371582031,166.625244140625,167.97323608398438,165.28680419921875,167.30401611328125,2924302
2017-02-02,112.6723861694336,166.90248107910156,167.27532958984375,165.91778564453125,166.56787109375,2741043
2017-02-03,113.4726791381836,168.08795166015625,168.5850830078125,167.1988525390625,167.30401611328125,3461528
2017-02-06,113.49848175048828,168.12619018554688,168.2409210205078,166.71128845214844,167.6003875732422,2772737
2017-02-07,115.17652130126953,170.6118621826172,170.7648162841797,168.1644287109375,168.26004028320312,4051681
2017-02-08,114.59756469726562,168.4225616455078,169.69407653808594,168.1453094482422,169.69407653808594,3047103
2017-02-09,115.27406311035156,169.4168243408203,169.9808807373047,168.1739959716797,168.4225616455078,3232872
2017-02-10,116.23028564453125,170.82217407226562,171.0038299560547,168.9866180419922,169.56979370117188,3065512
2017-02-13,116.67265319824219,171.47227478027344,171.988525390625,170.9751434326172,171.35755920410156,3235696
2017-02-14,117.17349243164062,172.2084197998047,172.2084197998047,170.50669860839844,170.71701049804688,2904219
2017-02-15,118.1817626953125,173.69024658203125,173.91969299316406,171.90248107910156,172.27532958984375,3048358
2017-02-16,118.0191421508789,173.4512481689453,174.75143432617188,172.91586303710938,173.47036743164062,3401069
2017-02-17,117.5247802734375,172.72467041015625,173.5850830078125,172.08413696289062,173.27915954589844,3715915
2017-02-21,117.25804901123047,172.33270263671875,172.83938598632812,171.24282836914062,172.65774536132812,4686394
2017-02-22,117.83702850341797,173.18356323242188,173.36520385742188,172.170166015625,172.170166015625,3159443
2017-02-23,118.16228485107422,173.6615753173828,174.47418212890625,172.9636688232422,173.9961700439453,2387495
2017-02-24,117.96708679199219,173.374755859375,173.50860595703125,171.97897338867188,172.28489685058594,3451905
2017-02-27,116.69863891601562,171.51051330566406,173.27915954589844,171.3957977294922,173.2218017578125,3861100
2017-02-28,116.97179412841797,171.91204833984375,172.68641662597656,171.46270751953125,171.49139404296875,3423976
2017-03-01,118.35739135742188,173.94837951660156,174.52198791503906,172.11280822753906,172.5430145263672,3143858
2017-03-02,117.43374633789062,172.5908203125,173.88145446777344,172.49522399902344,173.88145446777344,3052437
2017-03-03,117.1214599609375,172.13192749023438,173.34608459472656,171.8546905517578,172.5908203125,1905812
2017-03-06,117.3946762084961,172.53346252441406,173.0305938720703,171.67303466796875,171.81643676757812,3351802
2017-03-07,117.33613586425781,172.44741821289062,173.31739807128906,172.27532958984375,172.76290893554688,3117603
2017-03-08,116.73117065429688,171.55831909179688,172.9923553466797,171.4149169921875,172.8011474609375,3721040
2017-03-09,115.25452423095703,169.3881378173828,171.3671112060547,168.1453094482422,171.27151489257812,5694529
2017-03-10,115.6773681640625,170.0095672607422,171.5965576171875,169.61758422851562,170.3728485107422,3242914
2017-03-13,114.78621673583984,168.69981384277344,170.2294464111328,168.6615753173828,170.0286865234375,3642381
2017-03-14,114.30482482910156,167.9923553466797,169.04397583007812,167.50477600097656,168.43212890625,3292285
2017-03-15,114.36338806152344,168.07839965820312,168.52772521972656,167.06500244140625,167.9827880859375,3991013
2017-03-16,115.29358673095703,169.4455108642578,171.12811279296875,169.04397583007812,170.6118621826172,4510143
2017-03-17,114.25928497314453,167.92543029785156,169.01528930664062,167.92543029785156,168.53729248046875,6193366
2017-03-20,114.29180908203125,167.97323608398438,168.43212890625,167.4378662109375,167.92543029785156,2590001
2017-03-21,113.1078872680664,166.2332763671875,168.47991943359375,166.1950225830078,168.26959228515625,4108374
2017-03-22,113.69336700439453,167.09368896484375,167.3613739013672,165.2007598876953,166.38623046875,3609223
2017-03-23,113.71939849853516,167.13192749023438,167.94454956054688,165.92733764648438,166.7590789794922,3912040
2017-03-24,113.07539367675781,166.1854705810547,167.7820281982422,165.7648162841797,167.41873168945312,3369898
2017-03-27,113.036376953125,166.12811279296875,166.50096130371094,164.52198791503906,165.09559631347656,3408914
2017-03-28,113.51774597167969,166.8355712890625,167.30401611328125,165.3919677734375,166.29063415527344,3685999
2017-03-29,113.14695739746094,166.29063415527344,166.81643676757812,165.8317413330078,166.63479614257812,3227538
2017-03-30,113.09494018554688,166.21414184570312,166.91204833984375,166.05162048339844,166.21414184570312,3314042
2017-03-31,113.27705383300781,166.48184204101562,167.25621032714844,166.05162048339844,166.32887268066406,3047730
2017-04-03,113.51123809814453,166.8260040283203,167.1797332763672,165.75526428222656,166.1759033203125,4483679
2017-04-04,113.52422332763672,166.84512329101562,167.26577758789062,165.64053344726562,165.88909912109375,3251909
2017-04-05,112.45744323730469,165.27725219726562,168.57553100585938,165.2103271484375,167.0172119140625,6525889
2017-04-06,112.17770385742188,164.86614990234375,165.84129333496094,164.67495727539062,165.84129333496094,3593428
2017-04-07,111.97607421875,164.56979370117188,165.32504272460938,163.7476043701172,164.51242065429688,3753362
2017-04-10,111.36457061767578,163.67112731933594,164.9713134765625,163.47991943359375,164.94264221191406,3964235
2017-04-11,110.96131896972656,163.07839965820312,163.69981384277344,161.5487518310547,163.1453094482422,5116927
2017-04-12,111.01333618164062,163.15487670898438,163.67112731933594,162.5430145263672,163.51815795898438,3427637
2017-04-13,110.27825927734375,162.07456970214844,163.8240966796875,162.07456970214844,162.44741821289062,3352953
2017-04-17,111.29952239990234,163.57553100585938,163.7667236328125,162.16061401367188,162.28489685058594,3891329
2017-04-18,110.61656951904297,162.5717010498047,164.1395721435547,162.3613739013672,163.27915954589844,6637393
2017-04-19,105.17839813232422,154.579345703125,155.48757934570312,152.58126831054688,154.64627075195312,20171378
2017-04-20,105.5752182006836,155.1625213623047,155.2581329345703,153.44168090820312,154.22561645507812,6785193
2017-04-21,104.32626342773438,153.32696533203125,154.9808807373047,153.32696533203125,154.92352294921875,5865759
2017-04-24,104.56693267822266,153.68069458007812,154.46463012695312,153.36520385742188,154.1969451904297,5565348
2017-04-25,104.33277893066406,153.33651733398438,154.91395568847656,153.32696533203125,154.66539001464844,5083978
2017-04-26,104.11809539794922,153.02102661132812,154.01528930664062,152.85850524902344,153.47036743164062,4526879
2017-04-27,104.28723907470703,153.26959228515625,153.4225616455078,152.6099395751953,153.2409210205078,4312240
2017-04-28,104.2677001953125,153.2409210205078,153.52772521972656,152.67686462402344,153.44168090820312,4345189
2017-05-01,103.32451629638672,151.8546905517578,153.36520385742188,151.72084045410156,153.011474609375,5162324
2017-05-02,103.49363708496094,152.10325622558594,152.47610473632812,151.66348266601562,152.4282989501953,3355777
2017-05-03,103.18787384033203,151.65391540527344,152.4378662109375,151.5487518310547,151.7590789794922,4176992
2017-05-04,103.46111297607422,152.05545043945312,152.14149475097656,151.3957977294922,151.90248107910156,4477508
2017-05-05,100.859130859375,148.23135375976562,148.92926025390625,146.27151489257812,146.76864624023438,13097280
2017-05-08,100.51754760742188,146.30018615722656,146.72084045410156,145.50669860839844,146.08030700683594,7836632
2017-05-09,99.91326141357422,145.420654296875,146.3671112060547,144.89483642578125,145.88909912109375,7168238
2017-05-10,99.348388671875,144.5984649658203,145.66921997070312,144.48374938964844,144.9808807373047,5229895
2017-05-11,98.9542465209961,144.0248565673828,144.50286865234375,143.2026824951172,144.4072723388672,5886783
2017-05-12,98.7703628540039,143.75717163085938,144.6080322265625,143.4034423828125,143.69024658203125,3886204
2017-05-15,99.51912689208984,144.84703063964844,145.15296936035156,143.83364868164062,143.9961700439453,4440793
2017-05-16,100.94449615478516,146.92160034179688,147.2179718017578,144.9904327392578,144.9904327392578,5767330
2017-05-17,99.13817596435547,144.29254150390625,147.3613739013672,144.25430297851562,146.55831909179688,5430309
2017-05-18,99.03966522216797,144.14913940429688,144.67495727539062,143.50860595703125,144.22561645507812,3424813
2017-05-19,99.82787322998047,145.29637145996094,145.75526428222656,144.25430297851562,144.3690185546875,5902578
2017-05-22,100.26138305664062,145.92733764648438,146.11854553222656,144.93307495117188,145.4110870361328,3453997
2017-05-23,99.86072540283203,145.3441619873047,146.92160034179688,145.23899841308594,145.8604278564453,2682467
2017-05-24,100.17598724365234,145.8030548095703,146.0420684814453,144.579345703125,145.51625061035156,3904090
2017-05-25,100.62923431396484,146.46270751953125,146.9694061279297,146.2237091064453,146.51051330566406,2701504
2017-05-26,100.1628646850586,145.783935546875,146.27151489257812,145.3728485107422,146.12811279296875,2555692
2017-05-30,99.66365814208984,145.05735778808594,145.95602416992188,144.92352294921875,145.26768493652344,3834636
2017-05-31,100.25482177734375,145.91778564453125,146.08030700683594,144.9808807373047,145.3441619873047,3706396
2017-06-01,100.28107452392578,145.95602416992188,146.14723205566406,144.96176147460938,146.08030700683594,3052333
2017-06-02,99.87385559082031,145.36329650878906,146.46270751953125,145.12428283691406,146.3384246826172,3750642
2017-06-05,100.11029052734375,145.70745849609375,146.20458984375,145.0095672607422,145.14340209960938,4157955
2017-06-06,100.08404541015625,145.66921997070312,146.16635131835938,145.31549072265625,145.31549072265625,3971871
2017-06-07,99.17101287841797,144.34034729003906,147.41873168945312,144.1682586669922,146.31930541992188,5089522
2017-06-08,99.90669250488281,145.4110870361328,146.09942626953125,144.28298950195312,144.35946655273438,3879614
2017-06-09,101.22036743164062,147.32313537597656,147.47610473632812,145.2007598876953,145.31549072265625,4562129
2017-06-12,101.92976379394531,148.3556365966797,150.28680419921875,147.2466583251953,147.4091796875,6769189
2017-06-13,101.31890106201172,147.46653747558594,148.64244079589844,147.37094116210938,148.6042022705078,3685581
2017-06-14,101.02987670898438,147.04588317871094,148.12619018554688,146.21414184570312,147.1988525390625,3189359
2017-06-15,101.2992172241211,147.4378662109375,147.88719177246094,146.5487518310547,146.5487518310547,4868398
2017-06-16,102.06114196777344,148.54684448242188,148.5850830078125,146.24282836914062,147.44741821289062,7052132
2017-06-19,101.70643615722656,148.0305938720703,149.0057373046875,147.74378967285156,148.67112731933594,4842457
2017-06-20,101.77869415283203,148.13575744628906,148.55641174316406,147.46653747558594,147.68641662597656,4687858
2017-06-21,101.01676177978516,147.02676391601562,148.93881225585938,146.6443634033203,148.93881225585938,4141846
2017-06-22,101.41744995117188,147.6099395751953,148.1739959716797,146.93116760253906,147.7533416748047,2485819
2017-06-23,101.22697448730469,147.33270263671875,147.87762451171875,147.0363311767578,147.55258178710938,3433181
2017-06-26,101.9626235961914,148.4034423828125,148.90057373046875,147.829833984375,147.90631103515625,2252561
2017-06-27,101.6473159790039,147.94454956054688,148.50860595703125,147.70555114746094,148.18356323242188,2496279
2017-06-28,102.02169799804688,148.48948669433594,148.70936584472656,147.97323608398438,148.32696533203125,2323166
2017-06-29,101.24011993408203,147.35182189941406,148.89100646972656,146.86424255371094,148.51815795898438,3412261
2017-06-30,101.04300689697266,147.06500244140625,147.70555114746094,146.4053497314453,147.49522399902344,3735789
2017-07-03,102.19253540039062,148.73805236816406,149.1682586669922,146.76864624023438,146.8260040283203,2952335
2017-07-05,100.9379653930664,146.91204833984375,149.034423828125,146.87380981445312,148.91969299316406,3728362
2017-07-06,100.07748413085938,145.65965270996094,147.06500244140625,145.53536987304688,146.6156768798828,2884345
2017-07-07,100.45845031738281,146.21414184570312,146.73995971679688,145.44932556152344,145.90821838378906,2573265
2017-07-10,100.77375793457031,146.67303466796875,147.12237548828125,145.91778564453125,146.1854705810547,3353685
2017-07-11,100.62265014648438,146.45315551757812,146.89292907714844,145.36329650878906,146.52008056640625,3606085
2017-07-12,100.95762634277344,146.9407196044922,147.4569854736328,146.31930541992188,146.73040771484375,3240403
2017-07-13,100.91166687011719,146.87380981445312,147.4091796875,146.45315551757812,146.9407196044922,2590001
2017-07-14,101.31234741210938,147.4569854736328,147.8202667236328,146.65391540527344,147.23709106445312,3406194
2017-07-17,100.50444030761719,146.28106689453125,147.11280822753906,145.54493713378906,146.8355712890625,4981680
2017-07-18,101.15469360351562,147.2275390625,147.50477600097656,145.31549072265625,145.65965270996094,7914873
2017-07-19,96.90487670898438,141.0420684814453,143.64244079589844,140.2581329345703,143.4225616455078,14951106
2017-07-20,96.99029541015625,141.16635131835938,142.28489685058594,140.56405639648438,141.0420684814453,7543961
2017-07-21,96.60929107666016,140.6118621826172,141.3671112060547,140.06692504882812,141.09942626953125,6808937
2017-07-24,95.89334106445312,139.56979370117188,140.5736083984375,139.3881378173828,140.53536987304688,4055970
2017-07-25,96.02471160888672,139.76100158691406,141.0038299560547,139.6080322265625,140.12428283691406,4402509
2017-07-26,95.47953033447266,138.96749877929688,140.0191192626953,138.11663818359375,139.8374786376953,4113290
2017-07-27,95.28903198242188,138.69024658203125,139.0057373046875,137.32313537597656,138.62332153320312,6726617
2017-07-28,94.77669525146484,137.94454956054688,138.6615753173828,137.51434326171875,138.44168090820312,3195321
2017-07-31,95.02631378173828,138.30784606933594,138.55641174316406,137.829833984375,138.0305938720703,4556062
2017-08-01,95.44010162353516,138.91014099121094,139.26385498046875,138.3556365966797,138.62332153320312,3367597
2017-08-02,94.88177490234375,138.09751892089844,138.90057373046875,137.87762451171875,138.73805236816406,3703781
2017-08-03,95.20366668701172,138.5659637451172,138.94837951660156,138.07839965820312,138.07839965820312,3175028
2017-08-04,95.34815979003906,138.7762908935547,138.9961700439453,138.04971313476562,138.62332153320312,2666672
2017-08-07,94.23808288574219,137.16061401367188,138.70936584472656,136.47227478027344,138.62332153320312,4830742
2017-08-08,94.33101654052734,135.8604278564453,136.48184204101562,135.75526428222656,135.75526428222656,3450440
2017-08-09,94.10533142089844,135.53536987304688,135.783935546875,134.9808807373047,135.51625061035156,3060387
2017-08-10,94.15178680419922,135.602294921875,136.1567840576172,135.0191192626953,135.4110870361328,4733568
2017-08-11,94.15178680419922,135.602294921875,136.31930541992188,135.29637145996094,136.1854705810547,3142184
2017-08-14,94.47040557861328,136.06118774414062,136.48184204101562,135.69789123535156,135.75526428222656,2352036
2017-08-15,94.3044662475586,135.82217407226562,137.0363311767578,134.397705078125,136.28106689453125,4896849
2017-08-16,94.58989715576172,136.2332763671875,136.625244140625,135.38241577148438,135.5544891357422,3439039
2017-08-17,93.39507293701172,134.51242065429688,136.6061248779297,134.51242065429688,136.2523956298828,4625517
2017-08-18,92.73130798339844,133.55641174316406,134.94264221191406,133.44168090820312,134.67495727539062,4343724
2017-08-21,93.14946746826172,134.15870666503906,134.24473571777344,133.011474609375,133.4512481689453,3337472
2017-08-22,93.60084533691406,134.8087921142578,134.94264221191406,134.2064971923828,134.45506286621094,2661442
2017-08-23,94.35092163085938,135.88909912109375,136.7590789794922,134.49330139160156,134.51242065429688,4234522
2017-08-24,94.88196563720703,136.65391540527344,137.3613739013672,135.9942626953125,136.2332763671875,3757441
2017-08-25,95.41300201416016,137.41873168945312,137.8489532470703,136.95028686523438,136.9980926513672,3005053
2017-08-28,94.5965347290039,136.24282836914062,138.2026824951172,136.12811279296875,137.7724609375,5319956
2017-08-29,95.01471710205078,136.84512329101562,137.12237548828125,135.65965270996094,135.85086059570312,3147937
2017-08-30,94.62973022460938,136.29063415527344,136.97897338867188,136.14723205566406,136.95985412597656,2861856
2017-08-31,94.94170379638672,136.73995971679688,137.34225463867188,136.35755920410156,136.73040771484375,3824594
2017-09-01,95.638671875,137.74378967285156,138.1453094482422,136.69215393066406,136.69215393066406,3505878
2017-09-05,94.94833374023438,136.74952697753906,138.011474609375,136.42446899414062,137.18930053710938,3239985
2017-09-06,95.4660873413086,137.49522399902344,138.11663818359375,137.18930053710938,137.55258178710938,3423872
2017-09-07,94.85540008544922,136.6156768798828,138.27915954589844,136.14723205566406,137.76290893554688,4380857
2017-09-08,94.55668640136719,136.1854705810547,136.8546905517578,135.4110870361328,136.8546905517578,3521045
2017-09-11,96.15641784667969,138.48948669433594,138.7476043701172,136.72084045410156,137.2275390625,4825616
2017-09-12,96.75382995605469,139.3498992919922,139.93307495117188,138.15487670898438,138.72848510742188,5479053
2017-09-13,96.9065170288086,139.56979370117188,139.85659790039062,138.94837951660156,138.9579315185547,4289646
2017-09-14,96.60780334472656,139.1395721435547,139.94264221191406,139.11090087890625,139.4455108642578,3929717
2017-09-15,96.12986755371094,138.4512481689453,138.78585815429688,137.74378967285156,138.4512481689453,7737471
2017-09-18,95.95065307617188,138.193115234375,139.08221435546875,137.92543029785156,138.44168090820312,3158397
2017-09-19,95.84444427490234,138.04014587402344,138.6042022705078,137.87762451171875,138.4225616455078,3623762
2017-09-20,96.83348846435547,139.46463012695312,139.46463012695312,138.06883239746094,138.55641174316406,5698085
2017-09-21,96.42195892333984,138.87188720703125,139.47418212890625,138.71893310546875,139.24473571777344,2673158
2017-09-22,96.33564758300781,138.7476043701172,139.1873779296875,138.23135375976562,139.1873779296875,2920746
2017-09-25,96.82687377929688,139.45506286621094,139.6080322265625,138.53729248046875,138.73805236816406,5452903
2017-09-26,97.28485870361328,140.11471557617188,140.93690490722656,139.52198791503906,139.92352294921875,4695076
2017-09-27,96.68746948242188,139.25430297851562,140.4397735595703,138.65200805664062,140.2294464111328,3663824
2017-09-28,96.68746948242188,139.25430297851562,139.4455108642578,137.86807250976562,139.25430297851562,2902441
2017-09-29,96.30245971679688,138.69981384277344,139.28298950195312,138.54684448242188,139.0535430908203,2776816
2017-10-02,97.35124969482422,140.2103271484375,140.4110870361328,138.8240966796875,138.9579315185547,3109967
2017-10-03,97.430908203125,140.32504272460938,140.72657775878906,139.90440368652344,140.23899841308594,2408624
2017-10-04,97.23177337646484,140.03823852539062,140.5544891357422,139.68450927734375,140.53536987304688,2347642
2017-10-05,97.39110565185547,140.26768493652344,141.05162048339844,140.03823852539062,140.2294464111328,2810079
2017-10-06,97.23177337646484,140.03823852539062,140.3919677734375,139.88528442382812,140.1912078857422,2743867
2017-10-09,97.83580780029297,140.90821838378906,141.29063415527344,139.91395568847656,140.05735778808594,2806000
2017-10-10,98.57263946533203,141.9694061279297,142.3996124267578,141.1567840576172,141.21414184570312,4218100
2017-10-11,97.98849487304688,141.12811279296875,141.9407196044922,140.8030548095703,141.87380981445312,3872501
2017-10-12,97.59685516357422,140.56405639648438,141.38623046875,140.31549072265625,141.07073974609375,3414458
2017-10-13,97.64331817626953,140.6309814453125,141.34799194335938,140.47801208496094,140.9942626953125,2621904
2017-10-16,97.464111328125,140.3728485107422,141.1759033203125,140.06692504882812,140.74569702148438,3192497
2017-10-17,97.2716064453125,140.09559631347656,140.6501007080078,139.75143432617188,140.181640625,6665530
2017-10-18,105.89422607421875,152.51434326171875,154.1395721435547,150.0478057861328,150.2103271484375,31892749
2017-10-19,106.8035888671875,153.8240966796875,153.88145446777344,152.09368896484375,152.7724609375,10370253
2017-10-20,107.58023834228516,154.94264221191406,155.33460998535156,152.74378967285156,153.9866180419922,8230765
2017-10-23,105.9074935913086,152.53346252441406,155.36329650878906,152.52389526367188,154.92352294921875,6045252
2017-10-24,103.47138214111328,149.0248565673828,152.67686462402344,148.34608459472656,152.62905883789062,8571656
2017-10-25,101.89158630371094,146.74952697753906,149.49330139160156,146.32887268066406,149.14913940429688,7239471
2017-10-26,101.95794677734375,146.84512329101562,148.29827880859375,146.7877655029297,147.52389526367188,4498323
2017-10-27,102.0110092163086,146.92160034179688,147.829833984375,146.1854705810547,147.74378967285156,5120379
2017-10-30,102.46241760253906,147.5717010498047,147.7915802001953,145.9942626953125,146.9980926513672,4404078
2017-10-31,102.26326751708984,147.28489685058594,148.11663818359375,146.20458984375,147.5430145263672,4527402
2017-11-01,102.2433853149414,147.25621032714844,148.08795166015625,147.06500244140625,147.32313537597656,3389249
2017-11-02,101.79199981689453,146.6061248779297,147.69598388671875,146.1854705810547,147.3996124267578,3553890
2017-11-03,100.6170883178711,144.91395568847656,146.72084045410156,144.82791137695312,146.67303466796875,4635663
2017-11-06,100.12589263916016,144.2064971923828,145.14340209960938,143.67112731933594,145.09559631347656,4705326
2017-11-07,100.46441650390625,144.69407653808594,144.84703063964844,143.88145446777344,144.71319580078125,3871351
2017-11-08,100.6104507446289,144.90440368652344,145.11471557617188,143.67112731933594,144.93307495117188,4847582
2017-11-09,100.7646484375,143.69024658203125,145.12428283691406,143.26959228515625,143.33651733398438,4996219
2017-11-10,100.0003890991211,142.6003875732422,144.25430297851562,142.58126831054688,144.0248565673828,4505436
2017-11-13,99.4908447265625,141.87380981445312,142.44741821289062,141.4149169921875,142.33270263671875,5342445
2017-11-14,99.8193588256836,142.34225463867188,142.41873168945312,141.0038299560547,141.44358825683594,3930868
2017-11-15,98.61929321289062,140.6309814453125,142.170166015625,139.78012084960938,141.49139404296875,4992872
2017-11-16,99.97355651855469,142.5621337890625,143.06883239746094,141.0133819580078,141.2332763671875,5697039
2017-11-17,99.87300109863281,142.41873168945312,143.54684448242188,142.28489685058594,142.7724609375,5142659
2017-11-20,100.90544128417969,143.89100646972656,145.26768493652344,143.30784606933594,144.01528930664062,5937619
2017-11-21,101.87085723876953,145.26768493652344,145.74569702148438,144.55067443847656,144.64627075195312,3928985
2017-11-22,101.75016021728516,145.09559631347656,145.68833923339844,144.67495727539062,145.31549072265625,3361426
2017-11-24,101.7970962524414,145.1625213623047,145.50669860839844,144.67495727539062,145.26768493652344,1247878
2017-11-27,101.89097595214844,145.29637145996094,145.783935546875,144.9521942138672,145.3728485107422,3529204
2017-11-28,102.21945190429688,145.7648162841797,146.20458984375,145.0286865234375,145.6501007080078,4156490
2017-11-29,102.94352722167969,146.7973175048828,146.8546905517578,145.47801208496094,146.08985900878906,5333240
2017-11-30,103.22509002685547,147.1988525390625,147.6195068359375,146.34799194335938,146.89292907714844,6799837
2017-12-01,103.7547378540039,147.95411682128906,148.2026824951172,146.1854705810547,147.6099395751953,5824023
2017-12-04,104.8944320678711,149.579345703125,149.90440368652344,148.25047302246094,149.10133361816406,4878858
2017-12-05,104.15028381347656,148.51815795898438,149.84703063964844,147.87762451171875,149.56979370117188,5301128
2017-12-06,103.312255859375,147.32313537597656,149.3498992919922,147.31358337402344,147.32313537597656,3567592
2017-12-07,102.95692443847656,146.81643676757812,147.65774536132812,146.52008056640625,146.8355712890625,3944571
2017-12-08,103.78826904296875,148.0019073486328,148.2122344970703,146.7973175048828,148.1644287109375,3682234
2017-12-11,104.19049835205078,148.57553100585938,149.034423828125,147.7724609375,148.62332153320312,4291424
2017-12-12,105.08216094970703,149.84703063964844,150.90821838378906,148.33651733398438,150.38241577148438,6612603
2017-12-13,103.18488311767578,147.14149475097656,149.8374786376953,147.12237548828125,149.71319580078125,5922034
2017-12-14,103.24522399902344,147.2275390625,148.28871154785156,146.9407196044922,147.8011474609375,4850720
2017-12-15,102.23957061767578,145.7935028076172,147.0363311767578,145.3441619873047,146.8546905517578,11798775
2017-12-18,102.79602813720703,146.58700561523438,147.3996124267578,146.47227478027344,146.8355712890625,5327069
2017-12-19,102.72901916503906,146.49139404296875,147.3900604248047,146.35755920410156,147.27532958984375,4305754
2017-12-20,102.54127502441406,146.2237091064453,147.12237548828125,146.06118774414062,146.89292907714844,3959842
2017-12-21,101.56918334960938,144.8374786376953,146.71128845214844,144.82791137695312,146.4340362548828,4344979
2017-12-22,102.23957061767578,145.7935028076172,146.27151489257812,144.8374786376953,145.14340209960938,3128168
2017-12-26,102.4608383178711,146.10899353027344,147.09368896484375,145.7935028076172,145.8030548095703,2593034
2017-12-27,102.66194915771484,146.3957977294922,146.44358825683594,145.89866638183594,146.2237091064453,2248168
2017-12-28,103.27205657958984,147.26577758789062,147.34225463867188,146.46270751953125,146.46270751953125,2811230
2017-12-29,102.85637664794922,146.67303466796875,147.91586303710938,146.67303466796875,147.3900604248047,3480147
2018-01-02,103.41278839111328,147.46653747558594,148.0019073486328,146.7877655029297,147.70555114746094,4395815
2018-01-03,106.25543212890625,151.52008056640625,152.7820281982422,149.45506286621094,150.420654296875,9875914
2018-01-04,108.4074935913086,154.5889129638672,155.181640625,152.3613739013672,152.62905883789062,7903785
2018-01-05,108.9371109008789,155.3441619873047,155.73614501953125,154.01528930664062,155.29637145996094,5434807
2018-01-08,109.5941390991211,156.28106689453125,156.70172119140625,154.5889129638672,155.50669860839844,5478425
2018-01-09,109.83547973632812,156.625244140625,157.29444885253906,155.88909912109375,156.69215393066406,4541523
2018-01-10,110.07012176513672,156.95985412597656,157.10325622558594,155.35372924804688,155.74569702148438,4366109
2018-01-11,110.08352661132812,156.97897338867188,157.68641662597656,156.11854553222656,157.55258178710938,3969047
2018-01-12,109.37288665771484,155.965576171875,157.49522399902344,155.8604278564453,156.806884765625,5263367
2018-01-16,109.8488998413086,156.6443634033203,158.02102661132812,156.16635131835938,157.83938598632812,8152733
2018-01-17,113.06694793701172,161.2332763671875,161.69215393066406,159.90440368652344,160.6214141845703,12248660
2018-01-18,113.38198852539062,161.68260192871094,163.6042022705078,160.75526428222656,162.52389526367188,14915228
2018-01-19,108.85665893554688,155.2294464111328,158.12619018554688,154.2064971923828,157.2275390625,22146435
2018-01-22,109.01087188720703,155.44932556152344,156.76864624023438,154.0248565673828,154.4072723388672,8870917
2018-01-23,111.45790100097656,158.93881225585938,158.94837951660156,155.36329650878906,155.65965270996094,7809645
2018-01-24,110.86792755126953,158.09751892089844,161.30018615722656,157.5717010498047,159.4168243408203,5904670
2018-01-25,110.93495178222656,158.193115234375,159.4455108642578,157.92543029785156,158.61376953125,3454415
2018-01-26,112.18865966796875,159.9808807373047,160.0478057861328,158.49903869628906,158.8145294189453,3962143
2018-01-29,111.8266372680664,159.46463012695312,160.98471069335938,158.70936584472656,160.08604431152344,3678782
2018-01-30,109.6947021484375,156.42446899414062,159.43594360351562,155.98471069335938,158.90057373046875,5127806
2018-01-31,109.74832916259766,156.50096130371094,157.73422241210938,155.602294921875,156.5487518310547,4260149
2018-02-01,108.8768081665039,155.2581329345703,156.91204833984375,154.78012084960938,156.0133819580078,4638173
2018-02-02,106.6174545288086,152.0363311767578,154.87571716308594,151.88336181640625,154.5889129638672,5493487
2018-02-05,102.25968170166016,145.82217407226562,151.52963256835938,143.4034423828125,150.9464569091797,9148944
2018-02-06,104.14356231689453,148.50860595703125,148.65200805664062,142.55258178710938,143.68069458007812,10321614
2018-02-07,103.14466094970703,147.08413696289062,148.50860595703125,146.53919982910156,147.3900604248047,6432063
2018-02-08,99.92203521728516,141.09942626953125,146.42446899414062,141.0133819580078,145.77438354492188,7090939
2018-02-09,101.221923828125,142.93499755859375,143.91969299316406,138.04971313476562,142.06500244140625,8188402
2018-02-12,102.50147247314453,144.7418670654297,145.69789123535156,143.69024658203125,144.26385498046875,6151944
2018-02-13,102.0614013671875,144.12045288085938,144.53155517578125,143.0592803955078,144.26385498046875,5115986
2018-02-14,104.77628326416016,147.95411682128906,148.18356323242188,143.4034423828125,143.5850830078125,5731034
2018-02-15,105.62255859375,149.14913940429688,149.96176147460938,146.9407196044922,148.6615753173828,5882286
2018-02-16,105.73765563964844,149.31166076660156,150.85086059570312,148.8432159423828,148.86233520507812,4479913
2018-02-20,105.04708862304688,148.33651733398438,149.10133361816406,147.10325622558594,148.93881225585938,4696122
2018-02-21,104.23468017578125,147.18930053710938,149.89483642578125,147.13192749023438,148.5946502685547,3900116
2018-02-22,103.70660400390625,146.44358825683594,148.2218017578125,146.07073974609375,147.70555114746094,4209732
2018-02-23,105.29084014892578,148.68069458007812,148.9961700439453,147.29444885253906,147.51434326171875,3405881
2018-02-26,107.36251831054688,151.6061248779297,151.89292907714844,148.67112731933594,148.9579315185547,3776374
2018-02-27,105.98814392089844,149.66539001464844,152.7533416748047,149.64627075195312,151.49139404296875,4432216
2018-02-28,105.50069427490234,148.97705078125,151.1854705810547,148.94837951660156,150.5736083984375,3978461
2018-03-01,104.13308715820312,147.04588317871094,150.06692504882812,146.07073974609375,148.69024658203125,4225108
2018-03-02,104.59346771240234,147.69598388671875,147.95411682128906,145.2007598876953,146.07073974609375,3411111
2018-03-05,106.25895690917969,150.0478057861328,150.56405639648438,146.988525390625,147.34225463867188,3839448
2018-03-06,105.42621612548828,148.87188720703125,150.9464569091797,148.33651733398438,150.36329650878906,3855242
2018-03-07,107.18649291992188,151.35755920410156,151.84512329101562,147.92543029785156,148.18356323242188,4819654
2018-03-08,105.75799560546875,149.34034729003906,152.55258178710938,148.25047302246094,152.0076446533203,6752558
2018-03-09,107.85673522949219,152.30401611328125,152.5621337890625,150.38241577148438,150.54493713378906,5253221
2018-03-12,108.49994659423828,153.2122344970703,153.93881225585938,151.88336181640625,152.6195068359375,5296421
2018-03-13,107.863525390625,152.31358337402344,154.9808807373047,151.8260040283203,153.04971313476562,4378138
2018-03-14,107.05110168457031,151.16635131835938,153.61376953125,150.8030548095703,153.12619018554688,3798863
2018-03-15,108.05982971191406,152.5908203125,154.15870666503906,151.5487518310547,151.73040771484375,4048648
2018-03-16,108.49994659423828,153.2122344970703,154.85659790039062,152.6195068359375,153.02102661132812,9688784
2018-03-19,106.52975463867188,150.43020629882812,152.85850524902344,149.56979370117188,152.68641662597656,5734172
2018-03-20,105.75119018554688,149.33078002929688,150.98471069335938,148.46080017089844,150.5927276611328,4536188
2018-03-21,106.08296203613281,149.7992401123047,151.24282836914062,149.06309509277344,149.68450927734375,3642381
2018-03-22,102.96863555908203,145.4015350341797,148.4225616455078,145.31549072265625,148.18356323242188,4964630
2018-03-23,100.80216979980469,142.34225463867188,145.86997985839844,142.0076446533203,145.5544891357422,4645181
2018-03-26,103.83522033691406,146.625244140625,146.90248107910156,143.67112731933594,144.5602264404297,4292679
2018-03-27,102.8467788696289,145.2294464111328,148.0592803955078,144.51242065429688,147.1797332763672,4062350
2018-03-28,103.2597427368164,145.8126220703125,147.09368896484375,145.2103271484375,145.38241577148438,3833381
2018-03-29,103.87584686279297,146.68260192871094,147.12237548828125,144.43594360351562,146.3384246826172,3577320
2018-04-02,101.60104370117188,143.47036743164062,146.63479614257812,141.90248107910156,146.5965576171875,5387318
2018-04-03,101.4521255493164,143.26004028320312,144.35946655273438,141.7781982421875,144.1682586669922,4325942
2018-04-04,104.34298706054688,147.34225463867188,147.67686462402344,140.965576171875,141.38623046875,5026344
2018-04-05,104.28205871582031,147.25621032714844,148.10707092285156,146.5965576171875,147.64817810058594,3331928
2018-04-06,101.93953704833984,143.94837951660156,147.1797332763672,142.9636688232422,146.71128845214844,3841853
2018-04-09,103.37484741210938,145.9751434326172,147.85850524902344,145.06692504882812,145.12428283691406,4616207
2018-04-10,105.20280456542969,148.55641174316406,149.71319580078125,147.94454956054688,148.2122344970703,3981494
2018-04-11,105.18246459960938,148.52772521972656,148.92926025390625,147.11280822753906,147.58126831054688,3458599
2018-04-12,107.0172119140625,151.11854553222656,151.988525390625,149.78012084960938,149.85659790039062,5898812
2018-04-13,106.09648132324219,149.818359375,152.2179718017578,149.0535430908203,151.69215393066406,4243727
2018-04-16,106.89533996582031,150.9464569091797,152.14149475097656,150.73614501953125,151.0420684814453,4379393
2018-04-17,108.93994903564453,153.83364868164062,154.87571716308594,151.53919982910156,151.8355712890625,10677045
2018-04-18,100.73446655273438,142.2466583251953,145.91778564453125,141.73995971679688,145.44932556152344,21319258
2018-04-19,99.99649047851562,141.20458984375,142.64817810058594,140.17208862304688,142.62905883789062,8458061
2018-04-20,98.10081481933594,138.52772521972656,141.46270751953125,138.15487670898438,141.3957977294922,8645818
2018-04-23,98.75077819824219,139.4455108642578,139.54110717773438,137.9827880859375,138.65200805664062,5560118
2018-04-24,98.54765319824219,139.15870666503906,140.82217407226562,138.1739959716797,140.06692504882812,5142659
2018-04-25,98.804931640625,139.52198791503906,139.96176147460938,137.7724609375,139.3785858154297,7663414
2018-04-26,99.33302307128906,140.26768493652344,140.87954711914062,139.7705535888672,140.15296936035156,4462027
2018-04-27,99.17051696777344,140.03823852539062,140.77438354492188,139.25430297851562,140.38241577148438,3352953
2018-04-30,98.14144897460938,138.5850830078125,140.89866638183594,138.5850830078125,140.4015350341797,4618613
2018-05-01,98.16853332519531,138.62332153320312,138.64244079589844,137.16061401367188,138.28871154785156,4637336
2018-05-02,96.44210052490234,136.1854705810547,138.4512481689453,135.82217407226562,138.10707092285156,5433865
2018-05-03,96.13065338134766,135.74569702148438,135.9751434326172,133.7476043701172,135.87954711914062,5249456
2018-05-04,97.43058013916016,137.58126831054688,138.0019073486328,134.11090087890625,134.89483642578125,4604701
2018-05-07,96.9634017944336,136.92160034179688,137.97323608398438,136.3671112060547,137.66729736328125,3825222
2018-05-08,96.8144760131836,136.71128845214844,137.1988525390625,135.8126220703125,136.71128845214844,5616079
2018-05-09,97.62224578857422,136.3384246826172,136.73040771484375,135.06692504882812,135.65965270996094,4389016
2018-05-10,98.73802185058594,137.89674377441406,137.9827880859375,136.72084045410156,136.8546905517578,3898024
2018-05-11,98.6695785522461,137.8011474609375,138.47991943359375,137.26577758789062,137.7724609375,3214567
2018-05-14,98.77912902832031,137.95411682128906,138.73805236816406,137.8011474609375,138.11663818359375,3364041
2018-05-15,98.39576721191406,137.41873168945312,137.65774536132812,136.63479614257812,137.18930053710938,4277512
2018-05-16,99.00498962402344,138.26959228515625,138.65200805664062,136.9694061279297,137.3804931640625,3314460
2018-05-17,98.91600799560547,138.1453094482422,138.8049774169922,137.44741821289062,138.1453094482422,3292494
2018-05-18,98.62850952148438,137.74378967285156,138.5659637451172,137.65774536132812,138.11663818359375,2805581
2018-05-21,99.59369659423828,139.09178161621094,139.61758422851562,138.31739807128906,138.57553100585938,3027856
2018-05-22,99.31986236572266,138.70936584472656,139.7705535888672,138.62332153320312,139.12045288085938,2389064
2018-05-23,99.03238677978516,138.30784606933594,138.33651733398438,137.170166015625,138.0019073486328,3618846
2018-05-24,98.62164306640625,137.73422241210938,138.12619018554688,136.66348266601562,138.04014587402344,3555040
2018-05-25,98.32730865478516,137.32313537597656,138.2122344970703,137.1510467529297,137.5717010498047,5140358
2018-05-29,96.67073059082031,135.0095672607422,136.6061248779297,134.04397583007812,136.26194763183594,4746330
2018-05-30,97.62907409667969,136.34799194335938,136.806884765625,135.5831756591797,135.65965270996094,5353951
2018-05-31,96.73231506347656,135.09559631347656,136.52963256835938,134.84703063964844,136.52963256835938,7144494
2018-06-01,97.17041778564453,135.70745849609375,136.55831909179688,135.3919677734375,136.16635131835938,4034945
2018-06-04,97.91658782958984,136.74952697753906,136.87380981445312,135.92733764648438,136.0420684814453,3174924
2018-06-05,98.36839294433594,137.3804931640625,137.74378967285156,136.74952697753906,136.7590789794922,2966456
2018-06-06,99.05977630615234,138.34608459472656,138.3556365966797,137.2275390625,137.9923553466797,3368225
2018-06-07,99.50473022460938,138.96749877929688,140.24856567382812,138.55641174316406,138.62332153320312,4515059
2018-06-08,100.0386734008789,139.71319580078125,139.9904327392578,138.02102661132812,138.62332153320312,5450183
2018-06-11,100.33984375,140.13385009765625,140.92733764648438,139.71319580078125,140.17208862304688,3409960
2018-06-12,100.53838348388672,140.4110870361328,141.03250122070312,140.17208862304688,140.6309814453125,2761963
2018-06-13,100.1823959350586,139.91395568847656,140.98471069335938,139.7705535888672,140.33460998535156,3104737
2018-06-14,99.39517974853516,138.8145294189453,140.51625061035156,138.70936584472656,140.2007598876953,3479310
2018-06-15,99.52525329589844,138.9961700439453,139.07266235351562,137.3804931640625,138.52772521972656,9535336
2018-06-18,98.90230560302734,138.12619018554688,138.1644287109375,136.84512329101562,137.83938598632812,4483574
2018-06-19,98.50529479980469,137.5717010498047,137.87762451171875,136.66348266601562,136.8260040283203,3647402
2018-06-20,97.63593292236328,136.35755920410156,138.1644287109375,136.14723205566406,137.87762451171875,3483075
2018-06-21,96.69123840332031,135.03823852539062,136.84512329101562,134.63670349121094,136.31930541992188,4066534
2018-06-22,96.7117919921875,135.06692504882812,135.5736083984375,134.5889129638672,135.4110870361328,5869420
2018-06-25,95.00728607177734,132.68641662597656,134.22561645507812,132.1988525390625,134.22561645507812,9348207
2018-06-26,95.205810546875,132.9636688232422,133.69981384277344,132.2466583251953,133.23135375976562,4329917
2018-06-27,94.11053466796875,131.4340362548828,133.6328887939453,131.4053497314453,132.9923553466797,4290483
2018-06-28,95.86295318603516,133.88145446777344,134.35946655273438,131.88336181640625,132.02676391601562,4731790
2018-06-29,95.6302490234375,133.55641174316406,135.14340209960938,133.47036743164062,134.14913940429688,3880765
2018-07-02,95.73974609375,133.70936584472656,134.0535430908203,132.12237548828125,132.1988525390625,3562048
2018-07-03,95.5412368774414,133.43212890625,134.7418670654297,133.2409210205078,134.46463012695312,2053507
2018-07-05,96.81449127197266,135.2103271484375,135.2103271484375,133.7762908935547,134.30210876464844,3916956
2018-07-06,97.53321838378906,136.21414184570312,136.65391540527344,134.96176147460938,135.30592346191406,2980054
2018-07-09,98.84071350097656,138.04014587402344,138.3556365966797,136.20458984375,136.31930541992188,4084316
2018-07-10,99.05977630615234,138.34608459472656,139.1873779296875,137.91586303710938,138.15487670898438,3950742
2018-07-11,99.21720123291016,138.5659637451172,139.76100158691406,137.66729736328125,137.66729736328125,3688824
2018-07-12,100.25086975097656,140.0095672607422,140.3728485107422,139.33078002929688,139.43594360351562,3262997
2018-07-13,99.87437438964844,139.48374938964844,140.51625061035156,139.3881378173828,140.0095672607422,3203480
2018-07-16,99.57317352294922,139.06309509277344,139.3785858154297,137.86807250976562,139.26385498046875,3628365
2018-07-17,98.22465515136719,137.1797332763672,138.62332153320312,137.0363311767578,138.3843231201172,5331148
2018-07-18,98.92967224121094,138.1644287109375,138.43212890625,136.46270751953125,137.1988525390625,7254324
2018-07-19,102.16072845458984,142.67686462402344,143.91969299316406,140.77438354492188,141.34799194335938,15329967
2018-07-20,100.1823959350586,139.91395568847656,142.31358337402344,139.82791137695312,142.04588317871094,6709672
2018-07-23,99.73748779296875,139.29254150390625,140.24856567382812,138.6328887939453,139.91395568847656,4077203
2018-07-24,100.20295715332031,139.94264221191406,140.5736083984375,139.50286865234375,140.24856567382812,4070614
2018-07-25,100.36723327636719,140.17208862304688,140.2007598876953,139.10133361816406,139.5889129638672,3797921
2018-07-26,100.42887115478516,140.2581329345703,142.70555114746094,140.181640625,140.9464569091797,4997788
2018-07-27,99.36097717285156,138.7667236328125,140.66921997070312,138.29827880859375,140.43020629882812,3921768
2018-07-30,99.59369659423828,139.09178161621094,139.8087921142578,138.32696533203125,138.43212890625,3774177
2018-07-31,99.21035766601562,138.55641174316406,139.3881378173828,137.8202667236328,139.33078002929688,5726013
2018-08-01,98.23146057128906,137.18930053710938,138.8049774169922,137.0363311767578,138.3938751220703,3544266
2018-08-02,97.86180877685547,136.67303466796875,137.05545043945312,136.07073974609375,136.5774383544922,4018104
2018-08-03,101.10651397705078,141.20458984375,141.4149169921875,136.71128845214844,136.9407196044922,8424066
2018-08-06,99.96336364746094,139.6080322265625,140.72657775878906,139.1682586669922,140.48757934570312,4093730
2018-08-07,100.63420867919922,140.54493713378906,141.14723205566406,139.91395568847656,140.2007598876953,3670205
2018-08-08,100.55207061767578,140.43020629882812,140.9464569091797,139.8087921142578,140.85086059570312,3745831
2018-08-09,100.1714859008789,138.4034423828125,139.52198791503906,138.36520385742188,139.13002014160156,3235801
2018-08-10,99.97080993652344,138.12619018554688,138.69024658203125,137.55258178710938,138.1453094482422,3141243
2018-08-13,98.7461166381836,136.4340362548828,137.95411682128906,136.26194763183594,137.81069946289062,2989991
2018-08-14,99.19586181640625,137.05545043945312,137.49522399902344,136.6443634033203,136.71128845214844,2991560
2018-08-15,99.57645416259766,137.58126831054688,137.66729736328125,135.75526428222656,136.28106689453125,4436609
2018-08-16,100.56588745117188,138.94837951660156,139.27342224121094,138.02102661132812,138.02102661132812,5492232
2018-08-17,101.06410217285156,139.63670349121094,139.9521942138672,138.32696533203125,138.4225616455078,2801816
2018-08-20,101.37547302246094,140.06692504882812,140.68833923339844,139.72274780273438,139.93307495117188,2614686
2018-08-21,101.00180053710938,139.55067443847656,140.6501007080078,139.47418212890625,140.53536987304688,3249817
2018-08-22,100.49669647216797,138.85276794433594,139.73231506347656,138.8049774169922,139.5889129638672,2498894
2018-08-23,100.58663177490234,138.97705078125,139.12045288085938,138.3843231201172,138.6615753173828,2322538
2018-08-24,101.05024719238281,139.61758422851562,139.66539001464844,138.49903869628906,139.06309509277344,2904324
2018-08-27,101.49999237060547,140.23899841308594,141.12811279296875,140.07647705078125,140.47801208496094,3652214
2018-08-28,101.43081665039062,140.14340209960938,140.52581787109375,139.76100158691406,140.48757934570312,2568244
2018-08-29,102.0881576538086,141.05162048339844,141.42446899414062,140.15296936035156,140.4110870361328,3298875
2018-08-30,100.97415161132812,139.51242065429688,140.82217407226562,138.86233520507812,140.56405639648438,3494058
2018-08-31,101.35469818115234,140.03823852539062,140.32504272460938,139.1395721435547,139.31166076660156,3648971
2018-09-04,100.8011703491211,139.27342224121094,139.76100158691406,138.44168090820312,139.5602264404297,3479205
2018-09-05,101.4792251586914,140.2103271484375,140.29637145996094,138.67112731933594,138.8049774169922,3270319
2018-09-06,101.29242706298828,139.9521942138672,141.16635131835938,139.1395721435547,140.420654296875,4444245
2018-09-07,100.64201354980469,139.0535430908203,140.05735778808594,138.73805236816406,139.52198791503906,4908983
2018-09-10,100.7803726196289,139.24473571777344,140.82217407226562,139.15870666503906,140.15296936035156,3784742
2018-09-11,101.36161041259766,140.0478057861328,140.52581787109375,138.86233520507812,139.579345703125,3529936
2018-09-12,101.41698455810547,140.12428283691406,141.47227478027344,139.6080322265625,139.93307495117188,4714008
2018-09-13,103.06378936767578,142.3996124267578,142.44741821289062,140.6501007080078,140.86997985839844,5592439
2018-09-14,102.63477325439453,141.806884765625,142.73422241210938,141.28106689453125,142.30401611328125,3610897
2018-09-17,102.36492919921875,141.4340362548828,142.51434326171875,141.27151489257812,141.91204833984375,3715287
2018-09-18,102.7939224243164,142.02676391601562,142.4378662109375,140.98471069335938,141.26194763183594,3796352
2018-09-19,103.1399154663086,142.50477600097656,143.36520385742188,141.71128845214844,142.09368896484375,4441525
2018-09-20,104.58604431152344,144.50286865234375,144.72274780273438,142.86807250976562,143.0019073486328,6226001
2018-09-21,104.72443389892578,144.69407653808594,145.88909912109375,144.11090087890625,144.818359375,20865085
2018-09-24,103.81108093261719,143.43212890625,144.55067443847656,142.88719177246094,144.45506286621094,4461190
2018-09-25,103.03608703613281,142.3613739013672,143.79541015625,141.8355712890625,143.31739807128906,4599785
2018-09-26,104.90431213378906,144.94264221191406,146.6061248779297,144.68450927734375,145.69789123535156,7742387
2018-09-27,104.82821655273438,144.8374786376953,145.68833923339844,144.51242065429688,145.32504272460938,3637570
2018-09-28,104.6275634765625,144.5602264404297,144.96176147460938,144.15870666503906,144.51242065429688,3457867
2018-10-01,105.86611938476562,146.27151489257812,146.67303466796875,145.03823852539062,145.03823852539062,3930240
2018-10-02,106.38507080078125,146.988525390625,147.07456970214844,145.7935028076172,146.26194763183594,3169275
2018-10-03,106.01835632324219,146.48184204101562,147.5717010498047,146.08030700683594,147.2275390625,3467804
2018-10-04,104.69674682617188,144.6558380126953,146.08030700683594,143.7476043701172,145.0191192626953,4432843
2018-10-05,103.11914825439453,142.47610473632812,145.11471557617188,141.3671112060547,144.26385498046875,4813901
2018-10-08,102.67630767822266,141.86424255371094,142.51434326171875,140.70745849609375,141.9694061279297,3388308
2018-10-09,101.88058471679688,140.7648162841797,141.8355712890625,140.46844482421875,141.56787109375,3809950
2018-10-10,98.73226928710938,136.4149169921875,141.1950225830078,136.2332763671875,141.0133819580078,5802894
2018-10-11,96.19286346435547,132.90631103515625,137.8489532470703,132.67686462402344,136.34799194335938,9111183
2018-10-12,97.4591064453125,134.6558380126953,135.31549072265625,132.9636688232422,134.91395568847656,6865316
2018-10-15,97.65284729003906,134.92352294921875,136.0038299560547,133.97705078125,134.2064971923828,5193913
2018-10-16,100.4136734008789,138.73805236816406,139.0535430908203,135.35372924804688,136.6443634033203,9095493
2018-10-17,92.75395202636719,128.15487670898438,131.11854553222656,127.55258178710938,129.91395568847656,20359344
2018-10-18,90.33216857910156,124.80879211425781,127.53346252441406,124.32122039794922,126.8929214477539,10472238
2018-10-19,89.328857421875,123.42256164550781,126.0898666381836,122.33269500732422,124.9043960571289,8150014
2018-10-22,89.96543884277344,124.3021011352539,124.7036361694336,122.75334930419922,123.88145446777344,5982597
2018-10-23,90.7888412475586,125.43977355957031,126.09942626953125,122.76290893554688,123.34607696533203,6760926
2018-10-24,88.02112579345703,121.61567687988281,125.8986587524414,121.4149169921875,125.40152740478516,5972974
2018-10-25,87.4952392578125,120.88909912109375,122.17017364501953,119.63671112060547,121.65392303466797,10778298
2018-10-26,86.34662628173828,119.3021011352539,120.24856567382812,118.26959991455078,119.7036361694336,9170282
2018-10-29,82.78314208984375,114.37858581542969,118.4990463256836,113.0975112915039,114.09178161621094,21391118
2018-10-30,79.84934997558594,110.3250503540039,116.15679168701172,110.08604431152344,115.181640625,22445696
2018-10-31,79.8701171875,110.35372924804688,111.37667083740234,109.0726547241211,111.36711120605469,22640670
2018-11-01,80.83880615234375,111.6921615600586,111.85468292236328,110.04779815673828,110.42064666748047,14253528
2018-11-02,80.03617095947266,110.58317565917969,112.57170104980469,109.50286865234375,112.34225463867188,11079964
2018-11-05,83.07378387451172,114.78011322021484,115.45889282226562,110.8986587524414,110.9942626953125,9565252
2018-11-06,85.19110107421875,117.7055435180664,118.36520385742188,115.01911926269531,115.3919677734375,10038880
2018-11-07,86.3812255859375,119.34990692138672,119.56022644042969,116.95028686523438,118.34607696533203,12952304
2018-11-08,86.45830535888672,117.95410919189453,118.92925262451172,117.23709106445312,117.26577758789062,10874634
2018-11-09,86.5704345703125,118.1070785522461,119.09178161621094,116.5965576171875,118.17399597167969,7282043
2018-11-12,84.720458984375,115.58317565917969,118.13575744628906,115.34416961669922,118.06883239746094,5626539
2018-11-13,84.67842102050781,115.52581024169922,116.8738021850586,114.62715148925781,115.86042022705078,4272282
2018-11-14,84.22993469238281,114.91395568847656,116.56787872314453,114.50286865234375,115.783935546875,4981366
2018-11-15,85.09884643554688,116.09942626953125,116.09942626953125,114.25430297851562,114.397705078125,5447463
2018-11-16,85.18994903564453,116.22370910644531,116.49139404296875,115.23900604248047,115.57361602783203,4263810
2018-11-19,84.30699920654297,115.01911926269531,116.806884765625,114.50286865234375,116.28107452392578,4321235
2018-11-20,82.12767028808594,112.04589080810547,114.23518371582031,111.56787872314453,113.27915954589844,6520555
2018-11-21,83.08773040771484,113.35564422607422,114.25430297851562,112.22753143310547,112.43785858154297,5581247
2018-11-23,82.12066650390625,112.03633117675781,113.13575744628906,111.76863861083984,112.8967514038086,2442096
2018-11-26,83.78144836425781,114.3021011352539,114.96176147460938,112.86807250976562,113.16443634033203,5241611
2018-11-27,84.11080169677734,114.75143432617188,114.76099395751953,113.16443634033203,113.17399597167969,5129375
2018-11-28,86.19200897216797,117.5908203125,117.67686462402344,114.93307495117188,115.68833923339844,5339307
2018-11-29,85.12688446044922,116.13766479492188,117.7055435180664,116.06118774414062,117.05545043945312,5439305
2018-11-30,87.08197784423828,118.80496978759766,119.20649719238281,116.13766479492188,116.30975341796875,7585174
2018-12-03,87.8107681274414,119.79923248291016,121.02294158935547,118.8910140991211,120.14340209960938,6115334
2018-12-04,85.21097564697266,116.25238800048828,119.42638397216797,115.9942626953125,119.01529693603516,6276732
2018-12-06,86.82969665527344,118.46080017089844,118.46080017089844,114.05353546142578,114.45507049560547,7257148
2018-12-07,83.6272964477539,114.09178161621094,118.59464263916016,113.64244842529297,118.45124053955078,7342502
2018-12-10,84.88162231445312,115.80306243896484,116.32887268066406,113.3078384399414,114.47418975830078,6850777
2018-12-11,84.71343231201172,115.57361602783203,118.36520385742188,114.7227554321289,117.82982635498047,5275083
2018-12-12,84.90264129638672,115.83174133300781,117.4760971069336,115.67877960205078,117.12236785888672,3724283
2018-12-13,84.60132598876953,115.42064666748047,116.43403625488281,114.8852767944336,115.9273452758789,4177306
2018-12-14,84.01969909667969,114.62715148925781,115.783935546875,114.1873779296875,114.24474334716797,4763693
2018-12-17,81.35686492919922,110.9942626953125,114.5124282836914,110.00955963134766,113.83364868164062,7713727
2018-12-18,81.74227142333984,111.52007293701172,113.03059387207031,110.91778564453125,111.75907897949219,6579549
2018-12-19,81.58809661865234,111.30975341796875,114.98088073730469,110.86997985839844,111.99808502197266,7300871
2018-12-20,79.19854736328125,108.04971313476562,111.32887268066406,106.78776550292969,110.61185455322266,8843302
2018-12-21,77.74101257324219,106.06118774414062,110.2103271484375,105.58317565917969,107.55258178710938,10864279
2018-12-24,75.37948608398438,102.83938598632812,106.11854553222656,102.77246856689453,105.06692504882812,3997184
2018-12-26,78.05632781982422,106.49139404296875,106.49139404296875,101.28107452392578,103.25048065185547,6951507
2018-12-27,79.73114013671875,108.77629089355469,108.77629089355469,104.65583038330078,105.15296173095703,6323698
2018-12-28,79.20555114746094,108.05927276611328,109.75143432617188,107.55258178710938,109.19693756103516,5352905
2018-12-31,79.65404510498047,108.67112731933594,109.32122039794922,107.4760971069336,108.34607696533203,5212009
2019-01-02,80.73320007324219,110.14340209960938,110.8795394897461,106.77820587158203,107.0841293334961,4434935
2019-01-03,79.12146759033203,107.94454956054688,109.82791900634766,107.73422241210938,109.4933090209961,4546648
2019-01-04,82.21177673339844,112.16061401367188,112.32313537597656,109.40726470947266,109.85659790039062,4683779
2019-01-07,82.79341125488281,112.95410919189453,113.60420989990234,111.53919982910156,112.33269500732422,3923755
2019-01-08,83.97064971923828,114.56022644042969,115.26768493652344,113.74761199951172,114.397705078125,4982726
2019-01-09,84.57329559326172,115.38240814208984,116.06118774414062,114.59847259521484,115.59273529052734,3800850
2019-01-10,85.3441162109375,116.43403625488281,116.5009536743164,114.6749496459961,114.79923248291016,4089860
2019-01-11,85.11283874511719,116.11854553222656,116.2715072631836,114.91395568847656,116.23326873779297,3893630
2019-01-14,84.36308288574219,115.0956039428711,115.34416961669922,114.4933090209961,115.2103271484375,5469220
2019-01-15,85.30206298828125,116.37667083740234,116.56787872314453,115.5066909790039,115.64053344726562,3668845
2019-01-16,85.2249984741211,116.2715072631836,116.63479614257812,115.51625061035156,116.23326873779297,4017791
2019-01-17,85.6243896484375,116.81644439697266,117.02677154541016,115.24856567382812,115.25812530517578,5261275
2019-01-18,86.76663970947266,118.37476348876953,119.23518371582031,117.3135757446289,117.84894561767578,6284891
2019-01-22,85.85563659667969,117.13192749023438,118.35564422607422,116.19503021240234,117.87763214111328,10514810
2019-01-23,93.12240600585938,127.04589080810547,129.06309509277344,124.57935333251953,125.59273529052734,23078630
2019-01-24,92.87015533447266,126.70172119140625,127.35181427001953,125.65009307861328,126.79732513427734,6613753
2019-01-25,93.87921142578125,128.07839965820312,128.52772521972656,126.60611724853516,127.02677154541016,5969940
2019-01-28,94.0894546508789,128.36520385742188,128.88145446777344,126.74951934814453,127.24665069580078,5604154
2019-01-29,94.1314926147461,128.4225616455078,129.45506286621094,127.72466278076172,128.3843231201172,5268807
2019-01-30,94.16651916503906,128.47036743164062,129.09178161621094,127.39006042480469,128.10707092285156,4707941
2019-01-31,94.19456481933594,128.50860595703125,128.79541015625,127.85850524902344,128.53729248046875,5108664
2019-02-01,93.97032165527344,128.2026824951172,129.25430297851562,127.48565673828125,129.034423828125,3981076
2019-02-04,94.73414611816406,129.24473571777344,129.25430297851562,127.14149475097656,128.12619018554688,4149064
2019-02-05,94.98641204833984,129.5889129638672,129.84703063964844,128.9866180419922,129.33078002929688,5647249
2019-02-06,95.5259780883789,130.32504272460938,130.64053344726562,129.22561645507812,129.27342224121094,5104166
2019-02-07,94.42007446289062,127.33269500732422,128.55641174316406,126.30975341796875,127.67686462402344,4580852
2019-02-08,94.7887191772461,127.82982635498047,127.82982635498047,126.37667083740234,126.52007293701172,3399291
2019-02-11,94.9872055053711,128.09751892089844,129.2064971923828,128.02102661132812,128.3843231201172,3237475
2019-02-12,96.44757080078125,130.06692504882812,130.2103271484375,128.92926025390625,129.2064971923828,3469791
2019-02-13,97.48968505859375,131.47227478027344,131.8546905517578,130.4110870361328,130.89866638183594,4448638
2019-02-14,96.75240325927734,130.47801208496094,131.5487518310547,130.21987915039062,131.13766479492188,2917712
2019-02-15,97.8512191772461,131.95985412597656,132.11280822753906,131.34799194335938,131.52963256835938,4020929
2019-02-19,98.3261947631836,132.6003875732422,132.6003875732422,131.31930541992188,131.74952697753906,3541442
2019-02-20,97.82994842529297,131.93116760253906,133.11663818359375,131.1854705810547,132.65774536132812,3976892
2019-02-21,97.7165298461914,131.7781982421875,132.26577758789062,131.30975341796875,131.7590789794922,3072416
2019-02-22,98.71609497070312,133.12619018554688,133.25047302246094,132.34225463867188,132.62905883789062,3256930
2019-02-25,98.8649673461914,133.32696533203125,134.29254150390625,133.193115234375,133.8432159423828,3341133
2019-02-26,99.0492935180664,133.57553100585938,134.31166076660156,133.33651733398438,133.52772521972656,3201178
2019-02-27,98.65937805175781,133.04971313476562,133.43212890625,132.31358337402344,133.12619018554688,2647321
2019-02-28,97.92211151123047,132.05545043945312,132.94454956054688,131.66348266601562,132.66729736328125,3616859
2019-03-01,98.68063354492188,133.07839965820312,133.88145446777344,132.5430145263672,133.18356323242188,3169380
2019-03-04,98.13481903076172,132.34225463867188,133.91969299316406,131.13766479492188,133.83364868164062,3563617
2019-03-05,97.74488830566406,131.81643676757812,132.6386260986328,131.51051330566406,132.28489685058594,4445814
2019-03-06,97.10688781738281,130.95602416992188,132.30401611328125,130.70745849609375,132.04588317871094,2895642
2019-03-07,95.95841979980469,129.4072723388672,130.86997985839844,128.70936584472656,130.602294921875,4559305
2019-03-08,95.76703643798828,129.14913940429688,129.29254150390625,127.7055435180664,128.30784606933594,3947186
2019-03-11,97.6243667602539,131.65391540527344,131.67303466796875,129.86614990234375,130.0478057861328,4120508
2019-03-12,98.0284423828125,132.1988525390625,133.55641174316406,131.7973175048828,132.4282989501953,4136616
2019-03-13,98.2269515991211,132.46653747558594,133.193115234375,131.7877655029297,131.97897338867188,3319167
2019-03-14,98.38999938964844,132.68641662597656,132.829833984375,131.988525390625,132.41873168945312,2864576
2019-03-15,98.84368133544922,133.29827880859375,134.15870666503906,133.10707092285156,133.2409210205078,7482770
2019-03-18,99.39665222167969,134.04397583007812,134.1969451904297,132.6195068359375,133.68069458007812,3418851
2019-03-19,99.59514617919922,134.31166076660156,135.46844482421875,133.8432159423828,134.76100158691406,3642486
2019-03-20,98.9642105102539,133.46080017089844,134.51242065429688,132.86807250976562,134.3498992919922,3817377
2019-03-21,100.26860809326172,135.21987915039062,135.86997985839844,132.7724609375,132.9827880859375,3771248
2019-03-22,98.85790252685547,133.31739807128906,135.21987915039062,132.7915802001953,134.7705535888672,4055551
2019-03-25,98.66648864746094,133.0592803955078,133.75717163085938,132.26577758789062,132.94454956054688,2970431
2019-03-26,99.40373229980469,134.0535430908203,134.818359375,133.28871154785156,133.7762908935547,2671170
2019-03-27,98.70902252197266,133.11663818359375,134.31166076660156,132.31358337402344,134.2351837158203,3240717
2019-03-28,99.19105529785156,133.7667236328125,134.26385498046875,132.9827880859375,133.75717163085938,2786439
2019-03-29,100.02759552001953,134.89483642578125,135.0095672607422,133.9866180419922,134.32122802734375,3244064
2019-04-01,101.58718872070312,136.9980926513672,137.10325622558594,135.28680419921875,135.28680419921875,4167578
2019-04-02,101.37451934814453,136.71128845214844,137.6195068359375,136.32887268066406,137.04588317871094,2515421
2019-04-03,101.82113647460938,137.31358337402344,137.87762451171875,136.72084045410156,137.33270263671875,2804535
2019-04-04,101.21856689453125,136.50096130371094,137.8011474609375,136.27151489257812,137.30401611328125,2898571
2019-04-05,101.57302856445312,136.97897338867188,137.18930053710938,136.1950225830078,136.988525390625,2857463
2019-04-08,101.65097045898438,137.08413696289062,137.11280822753906,136.58700561523438,136.73040771484375,2215637
2019-04-09,100.74360656738281,135.8604278564453,136.66348266601562,135.602294921875,136.38623046875,3178271
2019-04-10,101.38871002197266,136.73040771484375,137.18930053710938,135.73614501953125,135.9464569091797,2801188
2019-04-11,101.92747497558594,137.4569854736328,137.7724609375,136.73995971679688,137.47610473632812,3077332
2019-04-12,102.33155822753906,138.0019073486328,138.08795166015625,137.3804931640625,137.91586303710938,3032249
2019-04-15,102.01253509521484,137.5717010498047,138.10707092285156,136.9694061279297,138.04971313476562,3768947
2019-04-16,102.8915786743164,138.75717163085938,138.9961700439453,137.68641662597656,138.04971313476562,6591578
2019-04-17,98.61683654785156,132.9923553466797,135.73614501953125,130.26768493652344,131.32887268066406,13101882
2019-04-18,99.48171997070312,134.15870666503906,134.31166076660156,132.6003875732422,132.88719177246094,5188160
2019-04-22,98.46088409423828,132.7820281982422,134.3785858154297,132.3900604248047,133.28871154785156,4700724
2019-04-23,99.55968475341797,134.26385498046875,134.72274780273438,132.829833984375,133.0305938720703,4667461
2019-04-24,99.21232604980469,133.79541015625,135.09559631347656,133.6328887939453,134.4168243408203,2902545
2019-04-25,98.27657318115234,132.53346252441406,133.6042022705078,131.65391540527344,133.55641174316406,3043965
2019-04-26,98.85078430175781,133.30784606933594,133.73805236816406,132.70555114746094,133.2122344970703,2426511
2019-04-29,98.57430267333984,132.93499755859375,133.48948669433594,132.70555114746094,133.0305938720703,3094382
2019-04-30,99.43919372558594,134.10133361816406,134.26385498046875,132.58126831054688,132.9923553466797,4852185
2019-05-01,99.644775390625,134.3785858154297,135.5736083984375,134.0057373046875,134.3690185546875,3194170
2019-05-02,98.9571304321289,133.4512481689453,135.06692504882812,133.27915954589844,134.32122802734375,3704304
2019-05-03,99.42501068115234,134.08221435546875,134.7992401123047,133.48948669433594,133.55641174316406,2698575
2019-05-06,99.51715850830078,134.2064971923828,134.50286865234375,131.8355712890625,132.2179718017578,2921792
2019-05-07,97.57474517822266,131.58700561523438,133.374755859375,130.2007598876953,133.0305938720703,4944233
2019-05-08,97.82994842529297,131.93116760253906,132.6003875732422,131.09942626953125,131.71128845214844,3994569
2019-05-09,97.08390808105469,129.3881378173828,129.61758422851562,127.17973327636719,128.9579315185547,4385564
2019-05-10,97.069580078125,129.3690185546875,129.78012084960938,126.5965576171875,128.94837951660156,4160570
2019-05-13,94.27196502685547,125.64053344726562,127.69598388671875,125.20076751708984,127.41873931884766,5186068
2019-05-14,95.62774658203125,127.44741821289062,128.41299438476562,125.88909912109375,126.02294158935547,3431298
2019-05-15,96.4096450805664,128.48948669433594,128.67112731933594,126.54875946044922,126.75907897949219,2668346
2019-05-16,97.47127532958984,129.90440368652344,130.12428283691406,128.71893310546875,128.8145294189453,3156096
2019-05-17,96.35222625732422,128.41299438476562,129.45506286621094,128.04971313476562,128.75717163085938,2739579
2019-05-20,96.92613220214844,129.17782592773438,129.47418212890625,127.0841293334961,127.65774536132812,3414667
2019-05-21,97.88015747070312,130.44932556152344,131.03250122070312,129.818359375,130.13385009765625,2618661
2019-05-22,97.80842590332031,130.35372924804688,130.73614501953125,129.7418670654297,130.0191192626953,1934891
2019-05-23,94.96780395507812,126.56787872314453,129.1873779296875,124.7036361694336,129.1873779296875,5589196
2019-05-24,94.8888931274414,126.46271514892578,128.34608459472656,125.80306243896484,127.65774536132812,2715521
2019-05-28,93.58335876464844,124.7227554321289,126.806884765625,124.54110717773438,126.3193130493164,5134605
2019-05-29,93.0309829711914,123.98661804199219,124.55066680908203,122.67686462402344,124.2829818725586,3848234
2019-05-30,92.94491577148438,123.87189483642578,124.25430297851562,123.26004028320312,124.03441619873047,2868027
2019-05-31,91.09418487548828,121.40535736083984,122.79158782958984,121.2715072631836,122.79158782958984,3702108
2019-06-03,92.01237487792969,122.62906646728516,122.90631103515625,121.47227478027344,121.51051330566406,4463177
2019-06-04,95.18299102783203,126.85468292236328,126.9024887084961,123.41300201416016,123.86233520507812,4093521
2019-06-05,94.32221984863281,125.70745849609375,127.73422241210938,124.73231506347656,127.51434326171875,3306720
2019-06-06,94.8458480834961,126.40535736083984,126.81644439697266,125.14340209960938,126.37667083740234,2403917
2019-06-07,95.62774658203125,127.44741821289062,128.79541015625,126.39579010009766,126.64435577392578,2670856
2019-06-10,96.65352630615234,128.8145294189453,129.397705078125,128.02102661132812,128.47036743164062,3045220
2019-06-11,97.52149200439453,129.9713134765625,130.45889282226562,129.11090087890625,129.3690185546875,3564036
2019-06-12,96.74678039550781,128.93881225585938,129.96176147460938,128.49903869628906,129.5984649658203,2358416
2019-06-13,97.38520050048828,129.7896728515625,130.27725219726562,129.14913940429688,129.1873779296875,3091244
2019-06-14,96.94764709472656,129.2064971923828,129.90440368652344,128.51815795898438,129.48374938964844,2294192
2019-06-17,96.80416107177734,129.01528930664062,130.0478057861328,128.7762908935547,129.43594360351562,2295029
2019-06-18,97.8299560546875,130.38241577148438,131.1567840576172,129.25430297851562,129.25430297851562,3048776
2019-06-19,98.33208465576172,131.05162048339844,132.27532958984375,130.24856567382812,130.43020629882812,2491990
2019-06-20,99.60176849365234,132.74378967285156,133.4034423828125,132.12237548828125,132.8202667236328,3212266
2019-06-21,99.85282897949219,133.07839965820312,133.4034423828125,132.30401611328125,132.35182189941406,5531980
2019-06-24,99.96044158935547,133.2218017578125,133.9866180419922,132.93499755859375,133.07839965820312,2286556
2019-06-25,99.25025939941406,132.27532958984375,133.41299438476562,132.05545043945312,133.32696533203125,2930055
2019-06-26,99.36505889892578,132.4282989501953,133.53729248046875,132.32313537597656,132.76290893554688,2389692
2019-06-27,99.36505889892578,132.4282989501953,133.1739959716797,131.88336181640625,132.6195068359375,2248691
2019-06-28,98.92030334472656,131.8355712890625,133.02102661132812,131.7781982421875,132.47610473632812,6436979
2019-07-01,100.34062194824219,133.72848510742188,135.26768493652344,133.15487670898438,133.46080017089844,3533074
2019-07-02,100.58448791503906,134.0535430908203,134.25430297851562,133.33651733398438,133.6042022705078,2520546
2019-07-03,101.5313949584961,135.31549072265625,135.5831756591797,134.25430297851562,134.53155517578125,2019198
2019-07-05,101.41661834716797,135.1625213623047,135.26768493652344,133.75717163085938,134.67495727539062,2232896
2019-07-08,100.83558654785156,134.3881378173828,135.07647705078125,134.10133361816406,134.84703063964844,2505484
2019-07-09,99.94606018066406,133.2026824951172,134.7896728515625,133.011474609375,134.4263916015625,3519999
2019-07-10,100.76384735107422,134.29254150390625,135.66921997070312,133.64244079589844,133.8432159423828,2629539
2019-07-11,101.31620788574219,135.0286865234375,135.35372924804688,134.13002014160156,134.5984649658203,2231013
2019-07-12,102.39219665527344,136.46270751953125,136.63479614257812,135.43020629882812,135.67877197265625,2914365
2019-07-15,102.8082504272461,137.0172119140625,137.1988525390625,135.86997985839844,136.6061248779297,2477242
2019-07-16,102.9588851928711,137.2179718017578,137.70555114746094,136.73040771484375,136.87380981445312,3634536
2019-07-17,102.6288833618164,136.7781982421875,137.47610473632812,135.70745849609375,137.29444885253906,6343258
2019-07-18,107.3346176147461,143.04971313476562,143.69981384277344,135.9464569091797,136.2332763671875,13276460
2019-07-19,107.3705062866211,143.09751892089844,144.91395568847656,142.97323608398438,143.36520385742188,7626072
2019-07-22,107.41351318359375,143.15487670898438,145.2581329345703,143.11663818359375,143.55641174316406,4280860
2019-07-23,107.87264251708984,143.7667236328125,144.09178161621094,141.8546905517578,143.94837951660156,3914341
2019-07-24,107.62155151367188,143.43212890625,144.7896728515625,142.6386260986328,143.51815795898438,3088210
2019-07-25,107.87979125976562,143.7762908935547,143.9961700439453,142.07456970214844,143.23135375976562,3244797
2019-07-26,108.57559967041016,144.70362854003906,144.75143432617188,143.49903869628906,144.35946655273438,3037898
2019-07-29,108.23129272460938,144.24473571777344,144.818359375,143.70936584472656,144.46463012695312,2170973
2019-07-30,107.43505096435547,143.18356323242188,143.78585815429688,142.65774536132812,143.4034423828125,2753804
2019-07-31,106.33753967285156,141.72084045410156,143.57553100585938,139.9521942138672,143.11663818359375,3894153
2019-08-01,107.82958221435547,143.70936584472656,146.09942626953125,141.9694061279297,142.35182189941406,6635824
2019-08-02,105.62738037109375,140.77438354492188,146.2237091064453,139.1873779296875,142.47610473632812,8474378
2019-08-05,100.97189331054688,134.56979370117188,138.71893310546875,133.0305938720703,138.6042022705078,7442185
2019-08-06,100.95035552978516,134.54110717773438,136.20458984375,133.18356323242188,135.783935546875,5303952
2019-08-07,99.78826141357422,132.9923553466797,133.44168090820312,130.4110870361328,132.6386260986328,6204767
2019-08-08,101.68257904052734,133.93881225585938,134.24473571777344,131.70172119140625,132.3613739013672,5503111
2019-08-09,98.80121612548828,130.14340209960938,133.18356323242188,129.397705078125,133.1453094482422,5485852
2019-08-12,97.01577758789062,127.79158782958984,129.89483642578125,127.32313537597656,129.69407653808594,4271759
2019-08-13,98.55442810058594,129.818359375,130.56405639648438,126.96940612792969,127.9158706665039,4730117
2019-08-14,95.25936889648438,125.47801208496094,128.26004028320312,125.21988677978516,128.02102661132812,5349453
2019-08-15,95.74565124511719,126.11854553222656,126.54875946044922,124.52198791503906,125.44933319091797,3910889
2019-08-16,97.08110046386719,127.87763214111328,128.67112731933594,127.1032485961914,127.18929290771484,3150552
2019-08-19,98.01009368896484,129.10133361816406,130.33460998535156,128.94837951660156,128.94837951660156,3310695
2019-08-20,96.52948760986328,127.15105438232422,129.33078002929688,126.96940612792969,129.29254150390625,3157456
2019-08-21,97.43673706054688,128.34608459472656,129.96176147460938,127.9158706665039,129.0248565673828,2934762
2019-08-22,97.48751831054688,128.41299438476562,129.71319580078125,127.92543029785156,128.7667236328125,2818865
2019-08-23,94.04005432128906,123.87189483642578,128.3556365966797,123.16443634033203,127.75334930419922,5040046
2019-08-26,94.34489440917969,124.27342224121094,125.52581024169922,123.47992706298828,125.28680419921875,2964259
2019-08-27,95.2013168334961,125.40152740478516,125.90821838378906,124.57935333251953,125.43020629882812,4945488
2019-08-28,96.35530853271484,126.9216079711914,127.04589080810547,124.32122039794922,124.7036361694336,2838426
2019-08-29,97.89398193359375,128.94837951660156,129.72274780273438,128.1453094482422,128.27915954589844,3108503
2019-08-30,98.36571502685547,129.56979370117188,130.08604431152344,128.4512481689453,129.61758422851562,3096788
2019-09-03,97.32785034179688,128.2026824951172,128.96749877929688,127.46653747558594,128.91969299316406,2957983
2019-09-04,98.93910217285156,130.32504272460938,130.43020629882812,129.2064971923828,129.7418670654297,2351303
2019-09-05,102.31400299072266,134.7705535888672,135.46844482421875,131.97897338867188,132.2179718017578,5242134
2019-09-06,102.02368927001953,134.3881378173828,135.30592346191406,134.28298950195312,135.29637145996094,2695333
2019-09-09,103.4970474243164,136.32887268066406,136.73040771484375,134.28298950195312,134.4072723388672,4421024
2019-09-10,105.27521514892578,138.67112731933594,139.06309509277344,136.67303466796875,136.71128845214844,5208766
2019-09-11,104.22283172607422,137.28489685058594,138.73805236816406,136.4340362548828,138.47991943359375,4047706
2019-09-12,104.23734283447266,137.30401611328125,137.70555114746094,135.64053344726562,137.69598388671875,2620648
2019-09-13,104.27364349365234,137.35182189941406,138.28871154785156,136.95985412597656,137.97323608398438,2308104
2019-09-16,103.40991973876953,136.21414184570312,137.32313537597656,136.0133819580078,136.29063415527344,2017211
2019-09-17,103.20671844482422,135.9464569091797,136.21414184570312,134.47418212890625,136.21414184570312,3068127
2019-09-18,103.2212142944336,135.965576171875,136.0420684814453,134.33078002929688,135.8030548095703,2074846
2019-09-19,103.76558685302734,136.68260192871094,138.65200805664062,136.1854705810547,136.1950225830078,3232035
2019-09-20,102.97447204589844,135.64053344726562,137.50477600097656,135.5831756591797,136.95028686523438,5432296
2019-09-23,103.11237335205078,135.82217407226562,135.965576171875,134.3785858154297,134.9808807373047,1901523
2019-09-24,102.82931518554688,135.44932556152344,136.6061248779297,134.86614990234375,136.2332763671875,3380254
2019-09-25,103.90347290039062,136.86424255371094,137.31358337402344,134.66539001464844,135.50669860839844,2642928
2019-09-26,104.18650817871094,137.23709106445312,137.55258178710938,135.1912078857422,136.87380981445312,2416051
2019-09-27,103.96155548095703,136.9407196044922,138.70936584472656,136.11854553222656,138.0592803955078,2465213
2019-09-30,105.54375457763672,139.0248565673828,140.12428283691406,137.4091796875,137.4091796875,4171866
2019-10-01,104.26637268066406,137.34225463867188,140.86997985839844,137.2275390625,139.1873779296875,3096997
2019-10-02,102.83658599853516,135.45889282226562,136.0133819580078,134.3881378173828,135.93690490722656,3494477
2019-10-03,103.0760726928711,135.77438354492188,135.82217407226562,133.0592803955078,135.3919677734375,3063525
2019-10-04,103.78010559082031,136.70172119140625,136.76864624023438,134.82791137695312,135.8126220703125,2524626
2019-10-07,102.53898620605469,135.06692504882812,136.42446899414062,135.0095672607422,136.0038299560547,2538119
2019-10-08,100.4342041015625,132.29444885253906,134.29254150390625,132.170166015625,134.07266235351562,3373768
2019-10-09,101.37047576904297,133.52772521972656,134.15870666503906,132.68641662597656,133.62332153320312,2741357
2019-10-10,102.43013000488281,134.92352294921875,135.54493713378906,133.4225616455078,133.62332153320312,2713010
2019-10-11,103.6131820678711,136.48184204101562,138.1453094482422,136.3384246826172,136.49139404296875,3134653
2019-10-14,103.09059143066406,135.7935028076172,136.16635131835938,135.10516357421875,136.05162048339844,2415737
2019-10-15,103.78736114501953,136.71128845214844,137.3996124267578,135.5736083984375,136.27151489257812,3164673
2019-10-16,103.14141082763672,135.8604278564453,136.66348266601562,135.17208862304688,136.2237091064453,5577900
2019-10-17,97.44401550292969,128.3556365966797,130.0191192626953,127.06501007080078,129.06309509277344,16484751
2019-10-18,97.32060241699219,128.193115234375,128.57553100585938,126.43403625488281,128.31739807128906,7507665
2019-10-21,96.22466278076172,126.74951934814453,127.24665069580078,125.14340209960938,126.77820587158203,6596181
2019-10-22,97.22625732421875,128.06883239746094,128.15487670898438,125.82218170166016,126.72084045410156,4353034
2019-10-23,97.53105926513672,128.47036743164062,128.65200805664062,126.86424255371094,127.64818572998047,3777001
2019-10-24,97.30609130859375,128.1739959716797,129.13002014160156,127.43785858154297,128.90057373046875,2718031
2019-10-25,98.30039978027344,129.48374938964844,129.9521942138672,128.2026824951172,128.2218017578125,2697739
2019-10-28,98.68506622314453,129.9904327392578,130.6214141845703,129.49330139160156,130.0191192626953,3374501
2019-10-29,97.12464141845703,127.93498992919922,129.6080322265625,127.57170104980469,129.46463012695312,4352092
2019-10-30,98.1624984741211,129.30210876464844,129.33078002929688,127.34225463867188,127.94454956054688,2356638
2019-10-31,97.05931854248047,127.84894561767578,129.30210876464844,127.37093353271484,129.1682586669922,3569057
2019-11-01,98.36571502685547,129.56979370117188,129.5984649658203,128.193115234375,128.5850830078125,3231931
2019-11-04,99.91890716552734,131.6156768798828,131.68260192871094,130.23899841308594,130.24856567382812,3488828
2019-11-05,100.07857513427734,131.8260040283203,132.65774536132812,131.5774383544922,131.73995971679688,3153690
2019-11-06,100.72452545166016,132.67686462402344,132.67686462402344,131.50096130371094,131.93116760253906,4683256
2019-11-07,101.1137466430664,131.63479614257812,133.02102661132812,131.52963256835938,131.806884765625,4261195
2019-11-08,101.05500030517578,131.55831909179688,131.55831909179688,130.17208862304688,131.52963256835938,2383206
2019-11-11,99.48348236083984,129.51242065429688,131.16635131835938,129.06309509277344,131.16635131835938,2686128
2019-11-12,99.57159423828125,129.6271514892578,130.6501007080078,129.08221435546875,129.89483642578125,3186639
2019-11-13,98.75643920898438,128.5659637451172,129.61758422851562,127.96366882324219,129.43594360351562,3052646
2019-11-14,98.40396118164062,128.10707092285156,128.4225616455078,127.46653747558594,128.23135375976562,4425940
2019-11-15,98.69772338867188,128.48948669433594,129.17782592773438,128.13575744628906,128.47991943359375,3412575
2019-11-18,98.6316146850586,128.4034423828125,128.5659637451172,127.37093353271484,128.3938751220703,3358078
2019-11-19,98.78582763671875,128.6042022705078,129.4263916015625,128.54684448242188,128.94837951660156,3132770
2019-11-20,97.81647491455078,127.34225463867188,128.54684448242188,126.91204833984375,128.1644287109375,4328557
2019-11-21,98.28649139404297,127.95410919189453,128.26959228515625,127.13192749023438,127.53346252441406,3499184
2019-11-22,98.65364074707031,128.43212890625,128.72848510742188,127.71510314941406,128.28871154785156,3449185
2019-11-25,99.85063934326172,129.9904327392578,130.0191192626953,128.44168090820312,128.55641174316406,2709245
2019-11-26,99.20442199707031,129.14913940429688,130.1625213623047,128.8432159423828,130.1625213623047,3967687
2019-11-27,98.23506927490234,127.88719177246094,129.7418670654297,127.74378967285156,129.397705078125,3431821
2019-11-29,98.73442840576172,128.53729248046875,128.6042022705078,127.17973327636719,127.72466278076172,1909264
2019-12-02,97.60350036621094,127.06501007080078,128.5850830078125,126.65392303466797,128.53729248046875,3208187
2019-12-03,97.02337646484375,126.30975341796875,126.61567687988281,124.94264221191406,126.19503021240234,3810055
2019-12-04,96.92789459228516,126.18547058105469,127.8011474609375,126.15679168701172,127.01720428466797,3692380
2019-12-05,96.86914825439453,126.1089859008789,127.38050079345703,125.84130096435547,127.14149475097656,3760788
2019-12-06,97.83116912841797,127.36137390136719,128.0019073486328,126.86424255371094,126.91204833984375,3595625
2019-12-09,98.34523010253906,128.0305938720703,128.67112731933594,127.39962005615234,127.48565673828125,3105051
2019-12-10,98.33786010742188,128.02102661132812,128.91014099121094,127.6864242553711,128.0305938720703,3640498
2019-12-11,98.22770690917969,127.87763214111328,128.5946502685547,127.79158782958984,128.2122344970703,4135152
2019-12-12,99.37330627441406,129.3690185546875,129.69407653808594,127.78202819824219,127.82026672363281,5046009
2019-12-13,98.55818939208984,128.30784606933594,129.54110717773438,128.11663818359375,128.8240966796875,2651610
2019-12-16,98.49944305419922,128.23135375976562,129.49330139160156,127.96366882324219,129.0057373046875,3189463
2019-12-17,98.5655288696289,128.31739807128906,128.7667236328125,127.5908203125,128.374755859375,3040931
2019-12-18,98.70503997802734,128.49903869628906,129.06309509277344,128.25047302246094,128.6328887939453,3244483
2019-12-19,98.81517791748047,128.64244079589844,128.8049774169922,128.28871154785156,128.54684448242188,4044359
2019-12-20,99.57159423828125,129.6271514892578,130.420654296875,129.01528930664062,129.7705535888672,7438943
2019-12-23,99.54222106933594,129.5889129638672,130.1625213623047,129.06309509277344,129.8087921142578,2932147
2019-12-24,99.12364196777344,129.04397583007812,129.6558380126953,128.69024658203125,129.64627075195312,1257397
2019-12-26,99.07223510742188,128.97705078125,129.35946655273438,128.72848510742188,129.04397583007812,2227666
2019-12-27,99.33660888671875,129.32122802734375,129.78012084960938,128.93881225585938,129.06309509277344,2878801
2019-12-30,97.53008270263672,126.96940612792969,129.3498992919922,126.67304229736328,129.25430297851562,4308369
2019-12-31,98.43334197998047,128.1453094482422,128.2218017578125,126.57743835449219,126.70172119140625,3951265
2020-01-02,99.44674682617188,129.46463012695312,129.94264221191406,128.8432159423828,129.06309509277344,3293436
2020-01-03,98.65364074707031,128.43212890625,128.92926025390625,127.6864242553711,127.69598388671875,2482890
2020-01-06,98.47740173339844,128.2026824951172,128.33651733398438,127.34225463867188,127.55258178710938,2537073
2020-01-07,98.5434799194336,128.28871154785156,129.0248565673828,127.53346252441406,127.81070709228516,3232977
2020-01-08,99.365966796875,129.35946655273438,129.88528442382812,128.0305938720703,128.5946502685547,4545916
2020-01-09,100.4161148071289,130.72657775878906,130.77438354492188,129.35946655273438,129.7705535888672,3902208
2020-01-10,100.37938690185547,130.67877197265625,131.806884765625,130.31549072265625,130.9751434326172,3405148
2020-01-13,100.31330871582031,130.5927276611328,130.6309814453125,129.13002014160156,129.52198791503906,3693426
2020-01-14,99.74049377441406,129.84703063964844,131.10899353027344,129.5889129638672,130.28680419921875,3850326
2020-01-15,100.32798767089844,130.6118621826172,131.988525390625,129.7418670654297,130.0191192626953,4232011
2020-01-16,101.32670593261719,131.91204833984375,132.11280822753906,130.98471069335938,131.28106689453125,4519661
2020-01-17,101.56904602050781,132.2275390625,132.2466583251953,130.17208862304688,130.53536987304688,5881972
2020-01-21,102.20060729980469,133.04971313476562,133.2218017578125,131.5487518310547,131.74952697753906,7577329
2020-01-22,105.66674041748047,137.5621337890625,139.3785858154297,136.28106689453125,137.0172119140625,17228038
2020-01-23,104.91771697998047,136.58700561523438,138.0592803955078,135.89866638183594,137.85850524902344,5918059
2020-01-24,103.22136688232422,134.3785858154297,137.5908203125,134.28298950195312,137.08413696289062,5836889
2020-01-27,101.79668426513672,132.52389526367188,133.91014099121094,132.02676391601562,132.4091796875,4358264
2020-01-28,102.47966003417969,133.41299438476562,134.29254150390625,132.64817810058594,133.36520385742188,3610374
2020-01-29,101.1137466430664,131.63479614257812,133.44168090820312,131.5487518310547,133.04971313476562,3194275
2020-01-30,100.43814849853516,130.75526428222656,130.9464569091797,129.034423828125,130.74569702148438,5290563
2020-01-31,105.54927062988281,137.4091796875,137.71510314941406,134.5984649658203,136.6156768798828,19868352
2020-02-03,107.41453552246094,139.8374786376953,140.8030548095703,137.5717010498047,137.90631103515625,9295488
2020-02-04,109.5001220703125,142.55258178710938,142.81069946289062,140.420654296875,141.28106689453125,5879566
2020-02-05,114.80220031738281,149.45506286621094,150.51625061035156,143.54684448242188,143.6042022705078,15048593
2020-02-06,115.11792755126953,149.86614990234375,151.76864624023438,148.5850830078125,149.92352294921875,8786923
2020-02-07,113.83424377441406,146.66348266601562,148.69981384277344,146.1950225830078,147.7533416748047,6718876
2020-02-10,114.59111785888672,147.6386260986328,147.64817810058594,144.91395568847656,146.24282836914062,5480831
2020-02-11,113.88619995117188,146.73040771484375,148.3938751220703,146.0133819580078,148.29827880859375,4011515
2020-02-12,115.24411010742188,148.47991943359375,148.75717163085938,146.76864624023438,146.988525390625,4641939
2020-02-13,114.50206756591797,147.52389526367188,148.02102661132812,146.66348266601562,147.58126831054688,3996452
2020-02-14,111.82334899902344,144.07266235351562,147.76290893554688,143.18356323242188,147.62905883789062,6379763
2020-02-18,112.12013244628906,144.45506286621094,144.72274780273438,143.0592803955078,143.2026824951172,3496778
2020-02-19,111.94208526611328,144.22561645507812,145.2103271484375,143.69981384277344,144.87571716308594,2858613
2020-02-20,112.20921325683594,144.56979370117188,144.9521942138672,142.93499755859375,144.17782592773438,3013003
2020-02-21,111.18518829345703,143.25047302246094,144.397705078125,142.29444885253906,144.397705078125,3699597
2020-02-24,108.6549072265625,139.9904327392578,141.53919982910156,138.9866180419922,139.11090087890625,5703210
2020-02-25,105.15254974365234,135.47801208496094,140.602294921875,135.0478057861328,140.06692504882812,6497229
2020-02-26,103.69816589355469,133.6042022705078,137.72467041015625,133.46080017089844,136.6156768798828,5656663
2020-02-27,98.7711181640625,127.25621032714844,132.5908203125,127.16061401367188,131.20458984375,8808471
2020-02-28,96.57472229003906,124.42638397216797,125.3250503540039,120.80306243896484,124.26386260986328,13607832
2020-03-02,99.65413665771484,128.3938751220703,128.52772521972656,122.32313537597656,125.0,8923844
2020-03-03,95.64718627929688,123.23136138916016,130.11471557617188,122.17973327636719,128.5659637451172,8259321
2020-03-04,99.59475708007812,128.31739807128906,128.374755859375,123.32695770263672,125.79350280761719,5226234
2020-03-05,96.12950134277344,123.85277557373047,126.47227478027344,122.8011474609375,124.76099395751953,5696725
2020-03-06,94.77899932861328,122.11280822753906,122.6864242553711,119.04397583007812,121.12810516357422,8570192
2020-03-09,87.41810607910156,112.62906646728516,117.02677154541016,112.12236785888672,114.87571716308594,11252345
2020-03-10,92.58262634277344,119.2829818725586,119.38814544677734,110.6692123413086,117.38050079345703,11935592
2020-03-11,87.5368423461914,112.78202819824219,117.18929290771484,111.26194763183594,115.68833923339844,8835039
2020-03-12,76.2877197265625,98.2887191772461,104.97132110595703,97.78202819824219,104.82791900634766,13088284
2020-03-13,80.10173797607422,103.20267486572266,104.35946655273438,96.37667083740234,103.90057373046875,13077197
2020-03-16,73.51995849609375,94.7227554321289,102.6864242553711,90.82218170166016,93.69024658203125,11054128
2020-03-17,79.13709259033203,101.95984649658203,102.67686462402344,92.82982635498047,96.18547058105469,9684182
2020-03-18,76.83682250976562,98.99617767333984,102.22753143310547,95.02867889404297,95.03823852539062,9176035
2020-03-19,74.45489501953125,95.9273452758789,99.13002014160156,93.91969299316406,97.82982635498047,8782739
2020-03-20,70.78189086914062,91.19503021240234,96.54875946044922,90.54492950439453,96.4818344116211,11031639
2020-03-23,70.32180786132812,90.602294921875,93.44168090820312,86.57743835449219,90.43977355957031,10176952
2020-03-24,78.26893615722656,100.84130096435547,101.37667083740234,94.89483642578125,95.59273529052734,8340699
2020-03-25,78.54347229003906,101.19503021240234,107.53346252441406,98.3078384399414,100.84130096435547,9052084
2020-03-26,83.76734161376953,107.92543029785156,108.17399597167969,100.9273452758789,102.20841217041016,7482561
2020-03-27,80.16108703613281,103.27915954589844,106.5965576171875,102.9158706665039,103.80496978759766,6718458
2020-03-30,83.79701232910156,107.96366882324219,108.4703598022461,103.06883239746094,103.33651733398438,5820467
2020-03-31,82.31298828125,106.05162811279297,108.80496978759766,105.3250503540039,107.07456970214844,6635092
2020-04-01,78.01663208007812,100.51625061035156,105.08604431152344,99.92351531982422,101.68260192871094,6394093
2020-04-02,81.62288665771484,105.16252136230469,105.46845245361328,100.51625061035156,100.73613739013672,6619820
2020-04-03,78.90707397460938,101.66348266601562,105.22944641113281,100.30592346191406,104.13002014160156,4747585
2020-04-06,85.199462890625,109.77055358886719,110.54492950439453,105.28680419921875,105.49713134765625,7357773
2020-04-07,85.28850555419922,109.8852767944336,114.31166076660156,109.818359375,113.57552337646484,5852684
2020-04-08,88.51630401611328,114.04397583007812,114.68450927734375,110.00955963134766,111.19503021240234,5395896
2020-04-09,90.15616607666016,116.15679168701172,117.51434326171875,114.8852767944336,115.181640625,5832705
2020-04-13,89.896484375,115.82218170166016,116.44359588623047,112.84894561767578,116.28107452392578,5355206
2020-04-14,91.9444808959961,118.46080017089844,119.6749496459961,117.22753143310547,118.03059387207031,5322780
2020-04-15,88.07109069824219,113.4703598022461,114.9043960571289,111.62523651123047,113.88145446777344,5896616
2020-04-16,85.87468719482422,110.64053344726562,114.48374938964844,109.38814544677734,113.77629089355469,6754650
2020-04-17,89.13219451904297,114.83747863769531,115.0956039428711,112.73422241210938,114.05353546142578,5194436
2020-04-20,89.34739685058594,115.1147232055664,117.45697784423828,112.94454956054688,113.9101333618164,8558058
2020-04-21,86.63896942138672,111.62523651123047,111.99808502197266,107.13192749023438,108.98661804199219,15009054
2020-04-22,88.5311508178711,114.06309509277344,115.03823852539062,112.38050079345703,114.59847259521484,7412479
2020-04-23,90.04488372802734,116.01338195800781,117.61949920654297,113.88145446777344,114.31166076660156,7198154
2020-04-24,92.54552459716797,119.23518371582031,119.50286865234375,115.44933319091797,117.02677154541016,5215251
2020-04-27,93.43594360351562,120.38240814208984,121.40535736083984,119.95220184326172,120.03823852539062,5150295
2020-04-28,93.69564819335938,120.7170181274414,122.56214141845703,119.86615753173828,122.39962005615234,4997893
2020-04-29,95.49136352539062,123.03059387207031,123.62332916259766,121.9216079711914,123.21223449707031,5499450
2020-04-30,93.1688003540039,120.03823852539062,121.67304229736328,119.71319580078125,120.95602416992188,6941047
2020-05-01,90.43073272705078,116.51051330566406,118.04015350341797,116.05162811279297,117.77246856689453,5152073
2020-05-04,90.28974914550781,116.32887268066406,116.60611724853516,114.13957977294922,115.5066909790039,4202723
2020-05-05,90.95755767822266,117.18929290771484,118.85277557373047,117.0841293334961,117.96366882324219,4078772
2020-05-06,91.39539337158203,117.75334930419922,118.59464263916016,117.02677154541016,117.82026672363281,4042372
2020-05-07,91.16226196289062,115.8986587524414,117.83938598632812,115.53536987304688,117.57170104980469,4615580
2020-05-08,92.48575592041016,117.58126068115234,117.81070709228516,115.73613739013672,117.27533721923828,5232615
2020-05-11,92.18494415283203,117.1988525390625,118.02103424072266,115.36328887939453,116.45315551757812,3697924
2020-05-12,90.4328384399414,114.97132110595703,118.85277557373047,114.97132110595703,117.60037994384766,5004587
2020-05-13,87.0263900756836,110.64053344726562,114.71319580078125,109.79923248291016,114.6749496459961,6153409
2020-05-14,87.94378662109375,111.806884765625,111.94072723388672,106.8929214477539,109.53154754638672,5501332
2020-05-15,87.96636199951172,111.83556365966797,112.22753143310547,110.181640625,110.83174133300781,5006470
2020-05-18,91.4104232788086,116.21414947509766,116.97896575927734,114.48374938964844,114.6080322265625,4399162
2020-05-19,90.45539855957031,115.0,116.79732513427734,114.85659790039062,115.86042022705078,3390191
2020-05-20,91.2750473022461,116.04206848144531,117.0841293334961,115.2963638305664,115.61185455322266,4017372
2020-05-21,89.57559204101562,113.88145446777344,116.36711120605469,113.73805236816406,115.6692123413086,4184941
2020-05-22,89.02662658691406,113.18355560302734,114.216064453125,112.41873931884766,114.1204605102539,4373117
2020-05-26,91.56082916259766,116.40535736083984,117.22753143310547,115.68833923339844,115.96558380126953,5720888
2020-05-27,94.40328979492188,120.01911926269531,120.2963638305664,118.04015350341797,118.48948669433594,5990965
2020-05-28,93.64378356933594,119.05353546142578,121.38623046875,118.75717163085938,121.29063415527344,4095404
2020-05-29,93.92202758789062,119.40726470947266,119.62715148925781,116.86424255371094,118.23136138916016,8294675
2020-06-01,93.91449737548828,119.397705078125,120.21988677978516,118.57552337646484,119.15869903564453,3003798
2020-06-02,94.74918365478516,120.45889282226562,120.45889282226562,119.17781829833984,120.14340209960938,3115093
2020-06-03,97.04273223876953,123.37476348876953,123.90057373046875,121.4149169921875,121.55831909179688,4097914
2020-06-04,96.9223861694336,123.22179412841797,123.27915954589844,121.43403625488281,122.16061401367188,4042581
2020-06-05,99.30615997314453,126.25238800048828,128.32696533203125,125.95602416992188,128.0019073486328,6163764
2020-06-08,102.08097076416016,129.78012084960938,129.90440368652344,126.45315551757812,126.45315551757812,5617543
2020-06-09,99.16329193115234,126.07074737548828,127.72466278076172,125.25812530517578,127.64818572998047,5641706
2020-06-10,97.65933227539062,124.15869903564453,126.4149169921875,124.09178161621094,126.33843231201172,4952601
2020-06-11,88.74089813232422,112.82026672363281,120.55449676513672,112.65774536132812,120.4875717163086,12304726
2020-06-12,91.6736068725586,116.54875946044922,117.7055435180664,114.03441619873047,115.91778564453125,6506434
2020-06-15,91.47809600830078,116.3001937866211,116.988525390625,113.08795166015625,113.94837188720703,5385959
2020-06-16,94.10999298095703,119.64627075195312,121.8929214477539,117.74378967285156,119.50286865234375,5864608
2020-06-17,93.35801696777344,118.69024658203125,120.6978988647461,117.97322845458984,120.2963638305664,3302013
2020-06-18,93.36553955078125,118.6998062133789,118.92925262451172,116.95028686523438,117.5908203125,2997208
2020-06-19,92.09471130371094,117.0841293334961,121.24282836914062,116.8738021850586,120.62141418457031,8471554
2020-06-22,91.04193878173828,115.74569702148438,117.11280822753906,115.22944641113281,116.74951934814453,4993081
2020-06-23,89.79364776611328,114.15869903564453,117.4952163696289,113.98661804199219,116.64435577392578,6937700
2020-06-24,87.54524230957031,111.3001937866211,113.11663818359375,110.783935546875,113.11663818359375,7061546
2020-06-25,89.50790405273438,113.79541015625,113.96749877929688,110.9942626953125,111.62523651123047,6412608
2020-06-26,88.124267578125,112.03633117675781,113.75717163085938,111.14722442626953,113.05927276611328,11244605
2020-06-29,90.04933166503906,114.48374938964844,114.5124282836914,112.20841217041016,112.79158782958984,4350837
2020-06-30,90.81637573242188,115.45889282226562,115.86997985839844,113.76673126220703,113.94837188720703,4099797
2020-07-01,89.13944244384766,113.32695770263672,115.8986587524414,113.16443634033203,114.98088073730469,4869967
2020-07-02,90.01173400878906,114.43594360351562,116.08030700683594,114.01529693603516,114.42638397216797,3919362
2020-07-06,90.38018798828125,114.9043960571289,116.49139404296875,114.20649719238281,115.91778564453125,4231488
2020-07-07,88.41755676269531,112.4091796875,114.25430297851562,112.17017364501953,113.76673126220703,4474893
2020-07-08,88.51530456542969,112.53346252441406,113.42256164550781,111.35755157470703,112.86807250976562,5431669
2020-07-09,87.01133728027344,110.62141418457031,112.81070709228516,110.13384246826172,112.81070709228516,4982098
2020-07-10,88.99657440185547,113.14531707763672,113.35564422607422,110.21988677978516,110.42064666748047,4482842
2020-07-13,89.6357421875,113.95793151855469,115.6692123413086,113.44168090820312,114.5124282836914,4864632
2020-07-14,90.68852233886719,115.2963638305664,115.57361602783203,112.73422241210938,113.4034423828125,4742982
2020-07-15,92.49324798583984,117.5908203125,118.50860595703125,116.77820587158203,117.01720428466797,4679176
2020-07-16,93.25273895263672,118.55640411376953,119.0057373046875,116.78776550292969,117.28489685058594,4530121
2020-07-17,94.07992553710938,119.6080322265625,120.10516357421875,117.78202819824219,118.91969299316406,4167892
2020-07-20,95.02741241455078,120.8126220703125,121.4818344116211,119.63671112060547,120.52581024169922,10384374
2020-07-21,94.79431915283203,120.51625061035156,126.35755157470703,120.26768493652344,125.3919677734375,16063004
2020-07-22,96.75696563720703,123.011474609375,123.77629089355469,120.26768493652344,120.36328887939453,8572388
2020-07-23,95.74931335449219,121.73040008544922,123.6806869506836,121.55831909179688,123.42256164550781,4414225
2020-07-24,94.5912857055664,120.25812530517578,122.03633117675781,119.98088073730469,120.91778564453125,3693531
2020-07-27,94.9071044921875,120.65965270996094,120.76481628417969,119.22562408447266,119.36902618408203,3905136
2020-07-28,93.5986557006836,118.99617767333984,120.783935546875,118.69024658203125,120.28680419921875,4370397
2020-07-29,94.23783874511719,119.80879211425781,120.44933319091797,118.61376953125,119.08221435546875,2963109
2020-07-30,92.41805267333984,117.4952163696289,118.45124053955078,116.29063415527344,118.26959991455078,4171553
2020-07-31,92.44815063476562,117.53346252441406,117.58126068115234,115.76481628417969,117.3135757446289,5519847
2020-08-03,93.47835540771484,118.84320831298828,118.93881225585938,116.77820587158203,118.06883239746094,3688301
2020-08-04,94.62886810302734,120.30592346191406,120.3250503540039,118.37476348876953,118.37476348876953,3625541
2020-08-05,94.33560943603516,119.93307495117188,121.17591094970703,119.13002014160156,121.15679168701172,3786102
2020-08-06,94.83943176269531,120.57361602783203,120.70745849609375,119.50286865234375,119.50286865234375,3574287
2020-08-07,95.19747924804688,119.46463012695312,119.56979370117188,117.79158782958984,118.06883239746094,3818946
2020-08-10,96.83541870117188,121.52007293701172,121.64435577392578,119.6749496459961,119.9043960571289,4150842
2020-08-11,96.5611343383789,121.17591094970703,124.73231506347656,121.04206848144531,123.0975112915039,5231255
2020-08-12,96.52307891845703,121.12810516357422,122.17017364501953,120.34416961669922,121.99808502197266,3692066
2020-08-13,95.25081634521484,119.53154754638672,120.83174133300781,119.2829818725586,120.42064666748047,3317180
2020-08-14,95.43365478515625,119.76099395751953,120.03823852539062,118.46080017089844,118.73805236816406,3099716
2020-08-17,94.80134582519531,118.96749877929688,120.06692504882812,118.93881225585938,119.74187469482422,3514665
2020-08-18,95.16702270507812,119.42638397216797,119.98088073730469,118.77629089355469,119.50286865234375,3014990
2020-08-19,94.34423828125,118.39388275146484,119.98088073730469,118.06883239746094,119.34034729003906,3916119
2020-08-20,93.81859588623047,117.73422241210938,118.5850830078125,117.4091796875,117.78202819824219,2679015
2020-08-21,93.82620239257812,117.74378967285156,118.04971313476562,116.93116760253906,117.60037994384766,3540815
2020-08-24,95.7459945678711,120.15296173095703,120.51625061035156,117.93498992919922,118.34607696533203,4258057
2020-08-25,94.95369720458984,119.15869903564453,121.24282836914062,119.01529693603516,120.45889282226562,3114674
2020-08-26,94.59563446044922,118.70936584472656,119.61759185791016,118.4990463256836,119.45507049560547,3544162
2020-08-27,94.96131134033203,119.16825866699219,119.59847259521484,118.52772521972656,119.1204605102539,3580144
2020-08-28,95.28129577636719,119.56979370117188,119.7896728515625,118.75717163085938,119.46463012695312,3242182
2020-08-31,93.94046783447266,117.88719177246094,119.74187469482422,117.61949920654297,119.74187469482422,5049983
2020-09-01,94.009033203125,117.97322845458984,118.4990463256836,116.77820587158203,117.44741821289062,3300444
2020-09-02,97.65055084228516,122.54302215576172,123.04015350341797,118.14531707763672,118.27915954589844,6895650
2020-09-03,94.8089599609375,118.97705841064453,124.23518371582031,118.21223449707031,122.55258178710938,5979773
2020-09-04,93.17103576660156,116.9216079711914,119.83747863769531,115.90821838378906,118.88145446777344,6295037
2020-09-08,92.34062957763672,115.8795394897461,117.46653747558594,115.40152740478516,116.78776550292969,5449974
2020-09-09,93.14056396484375,116.88336181640625,118.26004028320312,115.95602416992188,116.75907897949219,3944152
2020-09-10,91.845458984375,115.25812530517578,118.14531707763672,114.95220184326172,117.14149475097656,4161406
2020-09-11,92.53111267089844,116.11854553222656,117.30401611328125,115.42064666748047,116.05162811279297,3711313
2020-09-14,93.01105499267578,116.72084045410156,117.95410919189453,116.40535736083984,116.97896575927734,3809009
2020-09-15,93.27767944335938,117.05545043945312,117.97322845458984,116.86424255371094,117.41873931884766,3049299
2020-09-16,94.63375091552734,118.75717163085938,120.28680419921875,117.3135757446289,117.3135757446289,3962666
2020-09-17,95.16702270507812,119.42638397216797,120.02867889404297,116.60611724853516,117.22753143310547,3317180
2020-09-18,93.52146911621094,117.36137390136719,119.42638397216797,117.25621032714844,118.79541015625,5639614
2020-09-21,91.60929107666016,114.96176147460938,115.3919677734375,113.36520385742188,115.181640625,5555724
2020-09-22,91.80735778808594,115.2103271484375,116.1089859008789,114.27342224121094,115.03823852539062,3093859
2020-09-23,90.52751159667969,113.60420989990234,116.24282836914062,113.22179412841797,115.4875717163086,4120612
2020-09-24,89.96375274658203,112.8967514038086,114.26386260986328,111.35755157470703,112.90631103515625,3709325
2020-09-25,90.61892700195312,113.71892547607422,114.15869903564453,111.79732513427734,112.42829895019531,3089570
2020-09-28,92.7367935180664,116.37667083740234,116.95028686523438,115.1147232055664,115.26768493652344,3670623
2020-09-29,92.13495635986328,115.62141418457031,116.81644439697266,114.92351531982422,116.07074737548828,2203504
2020-09-30,92.69107055664062,116.3193130493164,117.5047836303711,115.4875717163086,116.04206848144531,3411111
2020-10-01,92.24921417236328,115.76481628417969,117.87763214111328,115.06692504882812,116.97896575927734,3359438
2020-10-02,91.85307312011719,115.26768493652344,116.39579010009766,113.59464263916016,113.80496978759766,3059759
2020-10-05,92.95010375976562,116.64435577392578,117.35181427001953,115.72657775878906,116.4818344116211,3190823
2020-10-06,92.91961669921875,116.60611724853516,119.34034729003906,116.24282836914062,117.18929290771484,4050426
2020-10-07,94.51947021484375,118.61376953125,118.91969299316406,116.94072723388672,117.27533721923828,2944908
2020-10-08,100.17218780517578,125.70745849609375,129.54110717773438,124.06309509277344,125.10516357421875,26452189
2020-10-09,97.35345458984375,122.17017364501953,126.19503021240234,121.988525390625,126.19503021240234,8737970
2020-10-12,96.91157531738281,121.61567687988281,122.60993957519531,120.8795394897461,122.43785858154297,4848315
2020-10-13,95.30411529541016,119.59847259521484,121.55831909179688,118.98661804199219,121.00382232666016,5654781
2020-10-14,95.94407653808594,120.40152740478516,121.35755157470703,119.62715148925781,119.62715148925781,3899593
2020-10-15,95.14415740966797,119.397705078125,119.71319580078125,118.4034423828125,118.62332916259766,3541024
2020-10-16,95.93646240234375,120.3919677734375,120.86997985839844,119.17781829833984,119.66539001464844,4927078
2020-10-19,95.62409973144531,120.0,121.74951934814453,119.57935333251953,121.22370910644531,7822720
2020-10-20,89.41523742675781,112.20841217041016,114.86615753173828,111.70172119140625,114.53154754638672,22490151
2020-10-21,87.65544891357422,110.0,112.51434326171875,109.74187469482422,111.5296401977539,10204044
2020-10-22,88.18871307373047,110.6692123413086,110.95602416992188,108.011474609375,109.94264221191406,8217167
2020-10-23,88.37153625488281,110.8986587524414,111.49139404296875,110.44933319091797,111.37667083740234,4072496
2020-10-26,85.4918441772461,107.28489685058594,109.84703826904297,106.9216079711914,109.41682434082031,7534756
2020-10-27,84.22721862792969,105.6978988647461,107.28489685058594,105.19120788574219,107.21797180175781,6209161
2020-10-28,81.24848937988281,101.95984649658203,104.9043960571289,101.26194763183594,103.88145446777344,9860956
2020-10-29,82.97022247314453,104.1204605102539,104.818359375,101.86424255371094,102.53346252441406,7071169
2020-10-30,85.06523132324219,106.74951934814453,106.88336181640625,103.011474609375,103.15487670898438,8285889
2020-11-02,86.01750946044922,107.94454956054688,108.82408905029297,107.3135757446289,107.69598388671875,5555829
2020-11-03,86.96979522705078,109.13957977294922,110.56405639648438,108.63288879394531,108.98661804199219,4397698
2020-11-04,85.24806213378906,106.97896575927734,108.90057373046875,106.2715072631836,107.39006042480469,6066905
2020-11-05,87.43451690673828,109.7227554321289,110.21988677978516,108.04015350341797,108.31739807128906,5127701
2020-11-06,86.87836456298828,109.02485656738281,110.03823852539062,108.4034423828125,110.01911926269531,5490663
2020-11-09,89.28972625732422,110.44933319091797,114.47418975830078,110.20076751708984,112.69598388671875,9405841
2020-11-10,91.12915802001953,112.72466278076172,112.97322845458984,111.13766479492188,111.55831909179688,5881449
2020-11-11,90.58043670654297,112.04589080810547,113.14531707763672,111.1089859008789,112.92543029785156,4486922
2020-11-12,88.49366760253906,109.46463012695312,111.25238800048828,108.48948669433594,110.54492950439453,6797117
2020-11-13,90.3099136352539,111.7112808227539,112.20841217041016,109.95220184326172,110.12428283691406,4898000
2020-11-16,91.4769515991211,113.15487670898438,113.33651733398438,111.96940612792969,113.0975112915039,5536896
2020-11-17,90.96685791015625,112.5239028930664,113.32695770263672,111.9216079711914,112.42829895019531,4324687
2020-11-18,90.24810028076172,111.63479614257812,113.65200805664062,111.61567687988281,112.54302215576172,4818713
2020-11-19,90.56497192382812,112.02677154541016,112.28489685058594,110.79350280761719,111.4149169921875,3597822
2020-11-20,90.37947845458984,111.79732513427734,112.84894561767578,111.55831909179688,112.42829895019531,5255418
2020-11-23,92.81403350830078,114.80879211425781,115.21988677978516,112.11280822753906,112.26577758789062,5910318
2020-11-24,96.1605224609375,118.94837188720703,119.24474334716797,115.49713134765625,115.54492950439453,8109115
2020-11-25,95.99052429199219,118.73805236816406,118.86233520507812,116.73995971679688,117.5239028930664,4326151
2020-11-27,96.10645294189453,118.88145446777344,119.79923248291016,118.46080017089844,118.73805236816406,2187395
2020-11-30,95.46497344970703,118.08795166015625,119.50286865234375,117.67686462402344,118.64244842529297,6263448
2020-12-01,95.18672943115234,117.74378967285156,120.2963638305664,117.66730499267578,118.45124053955078,5553319
2020-12-02,96.31510162353516,119.13957977294922,119.15869903564453,117.02677154541016,117.44741821289062,3860472
2020-12-03,95.5345230102539,118.17399597167969,119.36902618408203,117.86807250976562,118.6998062133789,4757417
2020-12-04,98.30912780761719,121.60611724853516,121.77820587158203,118.20267486572266,118.5181655883789,5776849
2020-12-07,96.37696075439453,119.216064453125,121.38623046875,119.09178161621094,120.9273452758789,8701151
2020-12-08,97.1575698852539,120.181640625,120.77437591552734,119.15869903564453,119.80879211425781,5643170
2020-12-09,97.99224853515625,121.21414947509766,122.07456970214844,120.17208099365234,120.26768493652344,6813121
2020-12-10,96.57791900634766,119.46463012695312,121.34799194335938,119.44550323486328,120.79350280761719,5024147
2020-12-11,96.04460906982422,118.80496978759766,119.99044036865234,118.17399597167969,118.62332916259766,4687544
2020-12-14,95.47268676757812,118.0975112915039,120.68833923339844,118.04015350341797,119.80879211425781,5282300
2020-12-15,97.32758331298828,120.3919677734375,120.3919677734375,118.011474609375,118.91969299316406,4556585
2020-12-16,97.03389739990234,120.02867889404297,121.00382232666016,119.78011322021484,120.3919677734375,4738485
2020-12-17,97.03389739990234,120.02867889404297,120.54492950439453,119.41682434082031,120.53536987304688,3962248
2020-12-18,97.2657699584961,120.31549072265625,120.84130096435547,119.47418975830078,120.06692504882812,7900229
2020-12-21,95.3644790649414,117.96366882324219,118.71892547607422,116.36711120605469,118.5181655883789,6397022
2020-12-22,95.5345230102539,118.17399597167969,118.75717163085938,117.02677154541016,117.88719177246094,4535561
2020-12-23,95.7586441040039,118.45124053955078,119.7036361694336,118.29827880859375,118.43212127685547,2817819
2020-12-24,96.36922454833984,119.20649719238281,119.59847259521484,118.74761199951172,119.50286865234375,1842111
2020-12-28,96.46969604492188,119.3307876586914,121.03250122070312,118.98661804199219,119.59847259521484,3781499
2020-12-29,95.68138885498047,118.35564422607422,119.96176147460938,117.82026672363281,119.83747863769531,3647402
2020-12-30,96.09870910644531,118.87189483642578,119.35946655273438,118.193115234375,118.35564422607422,3535794
2020-12-31,97.2889404296875,120.34416961669922,120.4875717163086,118.53728485107422,118.75717163085938,3738822
2021-01-04,95.7895736694336,118.48948669433594,120.38240814208984,117.62906646728516,120.31549072265625,5417443
2021-01-05,97.48988342285156,120.59273529052734,121.1089859008789,119.13002014160156,119.5124282836914,6395872
2021-01-06,99.92443084716797,123.60420989990234,126.08030700683594,121.14722442626953,121.3193130493164,8322708
2021-01-07,99.69256591796875,123.31739807128906,124.7227554321289,122.61949920654297,124.32122039794922,4714740
2021-01-08,99.3370361328125,122.87763214111328,123.63288879394531,121.39579010009766,122.9158706665039,4891305
2021-01-11,99.37567901611328,122.92543029785156,123.97705841064453,122.04589080810547,122.32313537597656,5859587
2021-01-12,99.86260986328125,123.52772521972656,124.13957977294922,122.3135757446289,123.41300201416016,3921663
2021-01-13,98.09271240234375,121.33843231201172,124.04397583007812,120.8986587524414,123.4703598022461,8030874
2021-01-14,99.67711639404297,123.29827880859375,124.43594360351562,121.94072723388672,122.39006042480469,7848347
2021-01-15,99.22885131835938,122.74378967285156,123.55640411376953,122.05545043945312,122.63862609863281,5131153
2021-01-19,99.71575164794922,123.34607696533203,123.8910140991211,122.45697784423828,123.59464263916016,5646308
2021-01-20,100.53499603271484,124.35946655273438,125.2963638305664,122.90631103515625,123.99617767333984,5856240
2021-01-21,101.74839782714844,125.86042022705078,126.42447662353516,124.3307876586914,124.397705078125,13116003
2021-01-22,91.670166015625,113.39388275146484,115.3919677734375,112.1988525390625,115.3919677734375,39814421
2021-01-25,91.64698791503906,113.36520385742188,114.2829818725586,112.28489685058594,113.53728485107422,14315974
2021-01-26,94.66891479492188,117.1032485961914,117.1988525390625,113.21223449707031,113.93881225585938,11186656
2021-01-27,94.6534652709961,117.0841293334961,119.3021011352539,116.2715072631836,116.7112808227539,12705239
2021-01-28,92.80628967285156,114.79923248291016,117.78202819824219,114.7896728515625,117.39962005615234,8455969
2021-01-29,92.05659484863281,113.87189483642578,115.96558380126953,113.67112731933594,114.93307495117188,12369473
2021-02-01,93.16180419921875,115.23900604248047,115.63097381591797,113.50860595703125,114.62715148925781,6538023
2021-02-02,92.3116455078125,114.1873779296875,115.67877960205078,114.03441619873047,114.11090087890625,6633627
2021-02-03,92.06432342529297,113.88145446777344,114.53154754638672,112.92543029785156,113.80496978759766,7024308
2021-02-04,93.53277587890625,115.6978988647461,115.77437591552734,113.64244842529297,114.63671112060547,4771957
2021-02-05,94.12789154052734,116.43403625488281,116.45315551757812,115.21988677978516,115.67877960205078,4775722
2021-02-08,95.5345230102539,118.17399597167969,118.52772521972656,117.01720428466797,117.22753143310547,6158848
2021-02-09,95.6285171508789,116.73040008544922,117.20841217041016,115.72657775878906,116.53919982910156,4933982
2021-02-10,95.73814392089844,116.86424255371094,117.98279571533203,115.8795394897461,117.61949920654297,5090673
2021-02-11,94.69651794433594,115.59273529052734,116.83556365966797,115.3250503540039,116.63479614257812,5629154
2021-02-12,94.61034393310547,115.4875717163086,116.02294158935547,114.80879211425781,115.67877960205078,4049275
2021-02-16,94.03862762451172,114.7896728515625,115.2963638305664,114.11090087890625,114.86615753173828,6945231
2021-02-17,93.96028900146484,114.69407653808594,115.25812530517578,113.78585052490234,114.02485656738281,4141219
2021-02-18,94.55552673339844,115.42064666748047,115.62141418457031,114.43594360351562,115.20076751708984,5646413
2021-02-19,93.1927490234375,113.75717163085938,115.44933319091797,113.17399597167969,115.43977355957031,6881320
2021-02-22,94.65733337402344,115.54492950439453,115.80306243896484,113.23136138916016,113.2887191772461,6149643
2021-02-23,94.53985595703125,115.40152740478516,116.01338195800781,114.53154754638672,115.602294921875,4739740
2021-02-24,96.49784851074219,117.79158782958984,118.05927276611328,115.21988677978516,115.4875717163086,6087720
2021-02-25,95.91828918457031,117.0841293334961,118.88145446777344,116.95984649658203,117.94454956054688,5953623
2021-02-26,93.14576721191406,113.6998062133789,116.8738021850586,113.65200805664062,116.8738021850586,9467346
2021-03-01,94.56336212158203,115.43020629882812,116.94072723388672,114.58891296386719,115.05735778808594,5977367
2021-03-02,94.24224090576172,115.03823852539062,116.53919982910156,114.97132110595703,115.43020629882812,4732418
2021-03-03,95.83214569091797,116.97896575927734,117.23709106445312,114.7036361694336,115.20076751708984,7744898
2021-03-04,94.06995391845703,114.82791900634766,117.8011474609375,113.53728485107422,116.63479614257812,8439651
2021-03-05,96.20024108886719,117.42829895019531,118.3078384399414,114.96176147460938,115.33460998535156,7268968
2021-03-08,97.7509765625,119.32122039794922,121.2715072631836,117.4760971069336,117.58126068115234,7572203
2021-03-09,97.2575454711914,118.71892547607422,120.86997985839844,118.6998062133789,119.8852767944336,5867014
2021-03-10,100.14754486083984,122.24665069580078,122.60037994384766,119.13002014160156,119.55066680908203,7581199
2021-03-11,99.5758285522461,121.54875946044922,122.98279571533203,121.20458984375,122.45697784423828,5383657
2021-03-12,99.94393157958984,121.99808502197266,122.06501007080078,121.04206848144531,121.5965576171875,4194565
2021-03-15,100.7036361694336,122.92543029785156,123.08795166015625,121.93116760253906,122.15105438232422,3577948
2021-03-16,100.43734741210938,122.60037994384766,122.86807250976562,121.73995971679688,122.63862609863281,4867247
2021-03-17,101.05607604980469,123.35564422607422,123.79541015625,121.88336181640625,122.81070709228516,4488804
2021-03-18,101.86275482177734,124.34034729003906,125.23900604248047,122.17017364501953,123.26959991455078,6104142
2021-03-19,100.9542465209961,123.23136138916016,124.7036361694336,122.87763214111328,124.3021011352539,10297870
2021-03-22,102.24652862548828,124.80879211425781,124.97132110595703,122.26577758789062,122.84894561767578,4356485
2021-03-23,102.17604064941406,124.7227554321289,125.77437591552734,124.09178161621094,124.7036361694336,4556794
2021-03-24,102.30136108398438,124.87571716308594,126.3001937866211,124.82791900634766,125.19120788574219,4189230
2021-03-25,104.2201919555664,127.21797180175781,127.38050079345703,124.06309509277344,124.59847259521484,5809484
2021-03-26,106.81259155273438,130.38241577148438,130.47801208496094,127.26577758789062,127.42829895019531,5823710
2021-03-29,106.40532684326172,129.88528442382812,131.0420684814453,129.55067443847656,130.0,4835344
2021-03-30,105.51245880126953,128.79541015625,130.27725219726562,128.12619018554688,129.88528442382812,5010758
2021-03-31,104.3689956665039,127.39962005615234,128.78585815429688,126.8738021850586,128.62332153320312,5172575
2021-04-01,104.34551239013672,127.37093353271484,128.04014587402344,126.45315551757812,127.87763214111328,4261404
2021-04-05,106.46013641357422,129.9521942138672,130.67877197265625,127.53346252441406,127.76290893554688,5722980
2021-04-06,105.1208724975586,128.31739807128906,129.67495727539062,128.193115234375,129.61758422851562,3787566
2021-04-07,105.67692565917969,128.9961700439453,129.0057373046875,127.8967514038086,127.95410919189453,3112896
2021-04-08,105.82574462890625,129.17782592773438,129.66539001464844,128.26004028320312,128.65200805664062,4275211
2021-04-09,106.30350494384766,129.76100158691406,129.7705535888672,128.78585815429688,128.93881225585938,3162999
2021-04-12,105.41065216064453,128.67112731933594,129.4168243408203,127.96366882324219,129.08221435546875,3926684
2021-04-13,102.73995208740234,125.41108703613281,127.74378967285156,124.64627075195312,127.15105438232422,8403041
2021-04-14,103.87559509277344,126.79732513427734,126.94072723388672,124.78011322021484,125.53536987304688,6137928
2021-04-15,103.83641815185547,126.74951934814453,127.98279571533203,126.40535736083984,127.41873931884766,4062664
2021-04-16,104.62745666503906,127.71510314941406,128.2026824951172,127.1032485961914,127.15105438232422,5535223
2021-04-19,104.25933074951172,127.26577758789062,127.93498992919922,126.74951934814453,127.72466278076172,8575736
2021-04-20,108.20668029785156,132.08413696289062,133.62332153320312,130.68833923339844,131.0420684814453,16192708
2021-04-21,112.42811584472656,137.23709106445312,137.4091796875,131.65391540527344,131.988525390625,12456814
2021-04-22,110.6502456665039,135.06692504882812,138.374755859375,134.7992401123047,137.3804931640625,7428064
2021-04-23,111.5509262084961,136.16635131835938,137.29444885253906,134.75143432617188,135.09559631347656,4765576
2021-04-26,110.87735748291016,135.3441619873047,137.31358337402344,135.2581329345703,136.1567840576172,4927497
2021-04-27,111.22197723388672,135.7648162841797,136.29063415527344,134.5602264404297,135.45889282226562,4062664
2021-04-28,111.99735260009766,136.71128845214844,137.09368896484375,135.85086059570312,136.63479614257812,3941433
2021-04-29,112.968505859375,137.89674377441406,142.1988525390625,136.69215393066406,137.7915802001953,4554179
2021-04-30,111.12015533447266,135.64053344726562,137.50477600097656,134.3690185546875,137.3804931640625,9280321
2021-05-03,113.3679428100586,138.3843231201172,139.34034729003906,137.23709106445312,137.48565673828125,5997241
2021-05-04,114.15113830566406,139.34034729003906,140.14340209960938,137.9827880859375,138.0592803955078,6642623
2021-05-05,113.73605346679688,138.83364868164062,139.52198791503906,138.5946502685547,139.52198791503906,5229895
2021-05-06,116.2422866821289,141.89292907714844,141.97897338867188,138.79541015625,138.87188720703125,7848661
2021-05-07,115.19690704345703,139.06309509277344,139.71319580078125,138.2122344970703,139.50286865234375,7325661
2021-05-10,115.75918579101562,139.7418670654297,141.8546905517578,139.3881378173828,139.3881378173828,7304636
2021-05-11,114.21491241455078,137.87762451171875,138.8049774169922,136.6156768798828,138.61376953125,7454214
2021-05-12,111.90242004394531,135.08604431152344,137.81069946289062,134.93307495117188,137.51434326171875,6233742
2021-05-13,114.1753158569336,137.829833984375,138.52772521972656,135.06692504882812,135.2294464111328,4807207
2021-05-14,114.57919311523438,138.31739807128906,139.28298950195312,137.62905883789062,138.72848510742188,2873780
2021-05-17,114.91973114013672,138.72848510742188,139.3881378173828,137.9827880859375,138.08795166015625,4471755
2021-05-18,113.96939086914062,137.58126831054688,138.91014099121094,136.93116760253906,138.41299438476562,4000009
2021-05-19,113.39917755126953,136.89292907714844,136.90248107910156,134.72274780273438,136.06118774414062,4498532
2021-05-20,113.94563293457031,137.55258178710938,138.53729248046875,135.90821838378906,136.8260040283203,4301675
2021-05-21,114.62671661376953,138.374755859375,139.29254150390625,137.93499755859375,137.93499755859375,4219041
2021-05-24,114.61087036132812,138.3556365966797,138.9961700439453,137.83938598632812,138.68069458007812,3449290
2021-05-25,113.87435913085938,137.46653747558594,138.62332153320312,136.90248107910156,138.54684448242188,4118311
2021-05-26,113.54965209960938,137.07456970214844,137.65774536132812,136.74952697753906,137.18930053710938,3225655
2021-05-27,113.89813232421875,137.49522399902344,138.4034423828125,137.31358337402344,137.49522399902344,5889294
2021-05-28,113.83474731445312,137.41873168945312,137.9827880859375,137.1797332763672,137.86807250976562,2651192
2021-06-01,114.19115447998047,137.8489532470703,139.4168243408203,137.4282989501953,138.62332153320312,2528705
2021-06-02,115.4028091430664,139.31166076660156,139.34034729003906,137.7724609375,138.26004028320312,2915097
2021-06-03,115.2681884765625,139.14913940429688,139.46463012695312,137.70555114746094,138.53729248046875,4320608
2021-06-04,116.74913024902344,140.93690490722656,141.06118774414062,139.3498992919922,139.579345703125,3261323
2021-06-07,117.22431945800781,141.51051330566406,142.1988525390625,140.69789123535156,141.06118774414062,3621984
2021-06-08,118.05583190917969,142.51434326171875,143.5946502685547,141.6061248779297,141.6061248779297,5313785
2021-06-09,119.32298278808594,144.04397583007812,144.4263916015625,142.27532958984375,142.47610473632812,5547252
2021-06-10,119.22001647949219,143.91969299316406,146.11854553222656,143.1739959716797,144.8087921142578,4977391
2021-06-11,119.80606842041016,144.6271514892578,145.17208862304688,143.75717163085938,143.8145294189453,3596462
2021-06-14,118.81614685058594,143.43212890625,144.3881378173828,142.12237548828125,144.08221435546875,3498661
2021-06-15,118.28551483154297,142.7915802001953,143.31739807128906,142.06500244140625,143.26004028320312,2628912
2021-06-16,117.07384490966797,141.32887268066406,143.1739959716797,140.74569702148438,143.1739959716797,4057329
2021-06-17,115.30778503417969,139.1969451904297,141.5487518310547,138.89100646972656,141.06118774414062,4568300
2021-06-18,113.34375,136.8260040283203,138.31739807128906,136.74952697753906,138.12619018554688,9577699
2021-06-21,116.13934326171875,140.2007598876953,140.602294921875,137.72467041015625,137.7724609375,4482633
2021-06-22,115.90967559814453,139.92352294921875,140.35372924804688,138.9579315185547,140.07647705078125,2549102
2021-06-23,114.52374267578125,138.25047302246094,140.05735778808594,138.2122344970703,139.9904327392578,3349920
2021-06-24,115.1810531616211,139.04397583007812,139.76100158691406,138.32696533203125,139.3881378173828,3775746
2021-06-25,116.28982543945312,140.38241577148438,140.46844482421875,138.57553100585938,138.9866180419922,3759533
2021-06-28,115.06228637695312,138.90057373046875,140.82217407226562,138.53729248046875,140.54493713378906,4067789
2021-06-29,115.2681884765625,139.14913940429688,140.28680419921875,138.71893310546875,138.87188720703125,2540211
2021-06-30,116.09180450439453,140.14340209960938,140.46844482421875,138.34608459472656,138.7476043701172,3394375
2021-07-01,116.28982543945312,140.38241577148438,141.0133819580078,140.12428283691406,140.49713134765625,2809661
2021-07-02,110.88867950439453,133.86233520507812,140.48757934570312,133.32696533203125,140.44932556152344,17584515
2021-07-06,109.90670013427734,132.67686462402344,134.24473571777344,131.07073974609375,133.83364868164062,8466010
2021-07-07,110.73033142089844,133.67112731933594,134.15870666503906,132.65774536132812,132.65774536132812,4246446
2021-07-08,111.45891571044922,134.55067443847656,135.09559631347656,131.6061248779297,131.72084045410156,5739820
2021-07-09,112.0766372680664,135.29637145996094,135.73614501953125,134.64627075195312,135.2294464111328,4083689
2021-07-12,111.60145568847656,134.72274780273438,135.71701049804688,133.9579315185547,135.2103271484375,3496360
2021-07-13,111.09461975097656,134.11090087890625,134.72274780273438,133.48948669433594,134.72274780273438,3309858
2021-07-14,110.73033142089844,133.67112731933594,134.5602264404297,132.8202667236328,134.53155517578125,4606061
2021-07-15,111.22925567626953,134.27342224121094,134.28298950195312,132.69598388671875,133.193115234375,3807126
2021-07-16,110.00172424316406,132.7915802001953,134.7992401123047,132.49522399902344,134.7992401123047,4298328
2021-07-19,109.22561645507812,131.8546905517578,132.3996124267578,130.21987915039062,130.44932556152344,8977086
2021-07-20,110.84909057617188,133.8145294189453,138.54684448242188,132.6003875732422,136.71128845214844,14237838
2021-07-21,111.90242004394531,135.08604431152344,135.17208862304688,133.50860595703125,133.8145294189453,5024984
2021-07-22,111.43516540527344,134.52198791503906,135.5736083984375,134.2351837158203,135.43020629882812,3466653
2021-07-23,111.93407440185547,135.12428283691406,135.46844482421875,134.15870666503906,134.76100158691406,4680013
2021-07-26,113.06658172607422,136.49139404296875,136.71128845214844,134.92352294921875,135.17208862304688,4441630
2021-07-27,113.05072021484375,136.47227478027344,137.32313537597656,135.3728485107422,136.26194763183594,3281302
2021-07-28,112.2746353149414,135.53536987304688,136.806884765625,135.4110870361328,136.72084045410156,2660815
2021-07-29,112.40132141113281,135.68833923339844,136.67303466796875,135.3728485107422,136.07073974609375,2793761
2021-07-30,111.63316345214844,134.76100158691406,135.6118621826172,134.5984649658203,135.29637145996094,3698238
2021-08-02,111.9974365234375,135.2007598876953,136.76864624023438,134.82791137695312,135.2294464111328,3064257
2021-08-03,114.09609985351562,137.73422241210938,138.33651733398438,135.420654296875,135.65965270996094,4272596
2021-08-04,113.05866241455078,136.48184204101562,137.83938598632812,136.20458984375,137.47610473632812,2960285
2021-08-05,113.06658172607422,136.49139404296875,137.10325622558594,135.965576171875,136.73995971679688,2884240
2021-08-06,114.1119384765625,137.7533416748047,138.04014587402344,136.6061248779297,136.71128845214844,4002833
2021-08-09,113.15067291259766,135.03823852539062,136.2332763671875,134.7705535888672,135.9464569091797,5129689
2021-08-10,113.25479125976562,135.1625213623047,135.5736083984375,134.1682586669922,135.0,5543695
2021-08-11,113.8556137084961,135.87954711914062,136.49139404296875,135.27725219726562,135.54493713378906,4455960
2021-08-12,114.60860443115234,136.7781982421875,136.8546905517578,135.8317413330078,136.0038299560547,2184780
2021-08-13,114.69673919677734,136.88336181640625,137.26577758789062,136.1759033203125,136.3671112060547,1997965
2021-08-16,115.0251693725586,137.27532958984375,137.41873168945312,135.9751434326172,136.93116760253906,2913319
2021-08-17,114.08790588378906,136.1567840576172,136.86424255371094,134.88528442382812,136.71128845214844,3215195
2021-08-18,111.7247543334961,133.33651733398438,135.67877197265625,133.26004028320312,135.4397735595703,3672192
2021-08-19,110.5632095336914,131.95028686523438,133.31739807128906,131.1759033203125,132.5908203125,4351465
2021-08-20,111.43638610839844,132.9923553466797,133.25047302246094,131.2332763671875,131.68260192871094,2780059
2021-08-23,111.84492492675781,133.47991943359375,133.9866180419922,132.69598388671875,133.47991943359375,3179422
2021-08-24,112.02114868164062,133.69024658203125,134.06309509277344,133.193115234375,133.6328887939453,2474418
2021-08-25,112.03717803955078,133.70936584472656,134.6080322265625,133.32696533203125,133.7667236328125,2105389
2021-08-26,111.17204284667969,132.67686462402344,134.6080322265625,132.6099395751953,133.8145294189453,2613640
2021-08-27,111.67671966552734,133.27915954589844,133.4512481689453,132.31358337402344,132.6099395751953,2572637
2021-08-30,111.32421875,132.85850524902344,133.72848510742188,132.71510314941406,133.36520385742188,2087293
2021-08-31,112.42168426513672,134.1682586669922,134.7418670654297,132.83938598632812,133.4034423828125,4429915
2021-09-01,111.58859252929688,133.1739959716797,133.91014099121094,133.06883239746094,133.8240966796875,2588327
2021-09-02,112.1573486328125,133.85276794433594,133.89100646972656,132.91586303710938,133.57553100585938,2840413
2021-09-03,111.8128662109375,133.44168090820312,134.29254150390625,133.1739959716797,133.53729248046875,2009575
2021-09-07,110.59526824951172,131.988525390625,133.64244079589844,131.70172119140625,133.50860595703125,3436110
2021-09-08,111.08391571044922,132.5717010498047,132.97323608398438,131.5487518310547,132.06500244140625,3122728
2021-09-09,110.33892822265625,131.68260192871094,132.8489532470703,131.51051330566406,131.7877655029297,3669682
2021-09-10,109.76215362548828,130.9942626953125,133.2409210205078,130.9751434326172,132.71510314941406,4157955
2021-09-13,110.6673583984375,132.07456970214844,132.87762451171875,131.46270751953125,132.31358337402344,4334729
2021-09-14,109.1213150024414,130.2294464111328,132.47610473632812,129.3881378173828,132.31358337402344,4659198
2021-09-15,109.90636444091797,131.16635131835938,131.73995971679688,129.70362854003906,130.2294464111328,3403579
2021-09-16,109.28953552246094,130.43020629882812,131.88336181640625,129.7418670654297,131.24282836914062,2765624
2021-09-17,108.32825469970703,129.28298950195312,129.94264221191406,129.11090087890625,129.78012084960938,5890340
2021-09-20,107.59127807617188,128.4034423828125,129.2351837158203,126.94072723388672,128.011474609375,4990152
2021-09-21,106.517822265625,127.12236785888672,129.68450927734375,127.09368896484375,129.1682586669922,4261927
2021-09-22,107.84761810302734,128.70936584472656,129.4168243408203,127.60037994384766,127.83938598632812,3767901
2021-09-23,109.52984619140625,130.71701049804688,131.37667846679688,129.09178161621094,129.30210876464844,3151807
2021-09-24,110.13865661621094,131.44358825683594,132.3900604248047,130.73614501953125,131.0038299560547,3100762
2021-09-27,110.99579620361328,132.46653747558594,132.95411682128906,131.4340362548828,131.89292907714844,3459017
2021-09-28,110.12262725830078,131.42446899414062,133.54684448242188,131.1759033203125,133.04971313476562,4513072
2021-09-29,111.49246215820312,133.0592803955078,133.7762908935547,130.4397735595703,131.67303466796875,3947499
2021-09-30,111.29217529296875,132.8202667236328,134.3881378173828,132.4091796875,133.8432159423828,6090230
2021-10-01,114.80888366699219,137.0172119140625,137.6386260986328,134.1969451904297,134.7992401123047,6907889
2021-10-04,115.44170379638672,137.7724609375,139.579345703125,136.08985900878906,136.46270751953125,7689251
2021-10-05,114.6727066040039,136.8546905517578,138.62332153320312,136.3671112060547,138.3843231201172,7297524
2021-10-06,114.03984069824219,136.09942626953125,137.06500244140625,134.69407653808594,136.21414184570312,5573506
2021-10-07,113.59923553466797,135.5736083984375,137.09368896484375,135.30592346191406,136.45315551757812,3999695
2021-10-08,114.7287826538086,136.92160034179688,137.33270263671875,134.84703063964844,135.5736083984375,3902940
2021-10-11,114.09593200683594,136.16635131835938,137.74378967285156,136.13766479492188,137.18930053710938,2921792
2021-10-12,112.52583312988281,134.29254150390625,136.0420684814453,134.13002014160156,135.95602416992188,3293436
2021-10-13,112.75814819335938,134.56979370117188,135.1912078857422,133.51815795898438,134.34034729003906,3013003
2021-10-14,114.86495208740234,137.08413696289062,137.5908203125,134.8087921142578,134.8374786376953,4410668
2021-10-15,115.84223175048828,138.25047302246094,138.47991943359375,136.51051330566406,137.08413696289062,3371049
2021-10-18,114.00779724121094,136.06118774414062,138.5659637451172,135.52581787109375,137.66729736328125,6437189
2021-10-19,113.73544311523438,135.73614501953125,136.65391540527344,134.34034729003906,134.87571716308594,4539117
2021-10-20,113.67134094238281,135.65965270996094,135.9464569091797,134.51242065429688,135.44932556152344,6474008
2021-10-21,102.8009033203125,122.6864242553711,127.83938598632812,122.46653747558594,127.63862609863281,32913959
2021-10-22,102.44039916992188,122.25621032714844,124.52198791503906,121.04206848144531,122.41873931884766,12114981
2021-10-25,102.2481460571289,122.02677154541016,122.99235534667969,121.35755157470703,121.9216079711914,6667204
2021-10-26,101.83961486816406,121.53919982910156,122.65774536132812,121.18547058105469,121.91204833984375,8912861
2021-10-27,100.26950073242188,119.66539001464844,122.25621032714844,119.5124282836914,121.83556365966797,7294176
2021-10-28,100.80621337890625,120.30592346191406,120.75525665283203,119.13957977294922,119.66539001464844,6802138
2021-10-29,100.21343231201172,119.59847259521484,120.76481628417969,119.41682434082031,119.91395568847656,6188973
2021-11-01,101.15870666503906,120.72657775878906,120.75525665283203,118.39388275146484,119.55066680908203,6177153
2021-11-02,101.0785903930664,120.63097381591797,121.57743835449219,119.41682434082031,120.74569702148438,4722062
2021-11-03,101.83961486816406,121.53919982910156,121.6921615600586,120.15296173095703,120.67877960205078,5670784
2021-11-04,101.26211547851562,120.8499984741211,123.33999633789062,119.9000015258789,123.05000305175781,7208700
2021-11-05,103.57476043701172,123.61000061035156,123.7699966430664,121.43000030517578,121.43000030517578,6790500
2021-11-08,104.35403442382812,124.54000091552734,124.77999877929688,123.52999877929688,123.98999786376953,5625300
2021-11-09,102.61337280273438,120.8499984741211,122.9000015258789,120.26000213623047,122.55999755859375,7236600
2021-11-10,102.07844543457031,120.22000122070312,122.43000030517578,119.93000030517578,121.0,6270300
2021-11-11,102.12089538574219,120.2699966430664,121.79000091552734,120.08000183105469,120.9000015258789,4643300
2021-11-12,101.00857543945312,118.95999908447266,120.63999938964844,118.77999877929688,120.0,5418300
2021-11-15,100.93217468261719,118.87000274658203,120.16000366210938,118.30999755859375,119.54000091552734,5046300
2021-11-16,100.58404541015625,118.45999908447266,119.9000015258789,118.41999816894531,118.91999816894531,4750800
2021-11-17,100.24439239501953,118.05999755859375,119.33000183105469,117.77999877929688,118.37999725341797,4043300
2021-11-18,99.0556640625,116.66000366210938,118.36000061035156,116.30999755859375,118.36000061035156,5046900
2021-11-19,98.5377197265625,116.05000305175781,116.55999755859375,115.2699966430664,116.48999786376953,5380200
2021-11-22,98.89434814453125,116.47000122070312,118.80999755859375,115.19000244140625,116.0,6416200
2021-11-23,99.16604614257812,116.79000091552734,117.94000244140625,116.04000091552734,116.79000091552734,4912800
2021-11-24,99.1150894165039,116.7300033569336,117.2699966430664,116.08000183105469,116.16000366210938,3220800
2021-11-26,98.33393859863281,115.80999755859375,116.33999633789062,114.55999755859375,115.0,3322000
2021-11-29,100.61800384521484,118.5,119.61000061035156,117.52999877929688,118.62000274658203,8949800
2021-11-30,99.42925262451172,117.0999984741211,119.23999786376953,116.44999694824219,117.5,9252700
2021-12-01,99.27641296386719,116.91999816894531,118.93000030517578,116.8499984741211,118.25,5958300
2021-12-02,99.25944519042969,116.9000015258789,117.9800033569336,116.55999755859375,117.37000274658203,5267100
2021-12-03,100.90668487548828,118.83999633789062,119.36000061035156,117.36000061035156,117.36000061035156,6630100
2021-12-06,101.81522369384766,119.91000366210938,121.1500015258789,119.4000015258789,119.4000015258789,4785600
2021-12-07,103.23320770263672,121.58000183105469,122.08000183105469,120.06999969482422,120.4800033569336,5194000
2021-12-08,104.45592498779297,123.0199966430664,123.37999725341797,121.5199966430664,122.0,5483900
2021-12-09,104.92292022705078,123.56999969482422,123.94999694824219,121.79000091552734,122.1500015258789,4601100
2021-12-10,105.36445617675781,124.08999633789062,125.33000183105469,123.36000061035156,124.30000305175781,4966900
2021-12-13,104.08232116699219,122.58000183105469,124.36000061035156,120.79000091552734,123.76000213623047,6847500
2021-12-14,105.08425903320312,123.76000213623047,125.02999877929688,122.30000305175781,122.3499984741211,5716100
2021-12-15,104.53234100341797,123.11000061035156,124.81999969482422,122.18000030517578,123.80000305175781,4990000
2021-12-16,106.92678833007812,125.93000030517578,126.63999938964844,123.4800033569336,123.51000213623047,7280500
2021-12-17,108.17495727539062,127.4000015258789,128.63999938964844,125.20999908447266,125.87000274658203,10379000
2021-12-20,107.88626098632812,127.05999755859375,127.19999694824219,124.69999694824219,125.72000122070312,4941400
2021-12-21,109.50804138183594,128.97000122070312,129.33999633789062,127.66000366210938,127.66000366210938,4856000
2021-12-22,110.17033386230469,129.75,129.7899932861328,127.5999984741211,129.05999755859375,3923200
2021-12-23,110.91754150390625,130.6300048828125,130.9600067138672,129.52000427246094,130.0,3649000
2021-12-27,111.75814056396484,131.6199951171875,131.64999389648438,129.9499969482422,130.6300048828125,4293900
2021-12-28,112.61573791503906,132.6300048828125,133.22000122070312,131.58999633789062,131.60000610351562,3445200
2021-12-29,113.22710418701172,133.35000610351562,134.2100067138672,132.3000030517578,132.39999389648438,4239900
2021-12-30,113.70257568359375,133.91000366210938,134.3699951171875,133.3300018310547,133.75,3158100
2021-12-31,113.49031066894531,133.66000366210938,134.99000549316406,133.61000061035156,134.0,3362100
2022-01-03,115.51116180419922,136.0399932861328,136.2899932861328,133.6300048828125,134.07000732421875,4605900
2022-01-04,117.19237518310547,138.02000427246094,139.9499969482422,135.89999389648438,136.10000610351562,7300000
2022-01-05,117.36217498779297,138.22000122070312,142.1999969482422,137.8800048828125,138.30999755859375,8956900
2022-01-06,114.91678619384766,135.33999633789062,138.41000366210938,132.50999450683594,138.1999969482422,9908100
2022-01-07,114.48377227783203,134.8300018310547,135.66000366210938,133.50999450683594,134.89999389648438,5238100
2022-01-10,114.65357971191406,135.02999877929688,136.1999969482422,133.3800048828125,134.47000122070312,5432800
2022-01-11,112.81951904296875,132.8699951171875,133.25,127.97000122070312,130.52000427246094,11105300
2022-01-12,113.43087005615234,133.58999633789062,134.47000122070312,131.3699951171875,133.25,5352000
2022-01-13,114.42430877685547,134.75999450683594,136.0500030517578,133.55999755859375,133.89999389648438,4868300
2022-01-14,113.95731353759766,134.2100067138672,135.13999938964844,133.3000030517578,134.5500030517578,5310300
2022-01-18,112.87897491455078,132.94000244140625,133.88999938964844,131.77999877929688,132.9499969482422,5246700
2022-01-19,111.72418212890625,131.5800018310547,133.89999389648438,131.5,132.89999389648438,4103700
2022-01-20,111.07887268066406,130.82000732421875,132.8800048828125,130.57000732421875,131.25999450683594,5278200
2022-01-21,109.83070373535156,129.35000610351562,131.8699951171875,129.27000427246094,131.64999389648438,5907000
2022-01-24,109.38068389892578,128.82000732421875,129.14999389648438,124.19000244140625,127.98999786376953,13484000
2022-01-25,115.56212615966797,136.10000610351562,137.33999633789062,128.3000030517578,129.13999938964844,19715700
2022-01-26,113.99976348876953,134.25999450683594,137.07000732421875,133.1300048828125,136.47000122070312,8336000
2022-01-27,112.5223617553711,132.52000427246094,134.75,132.0800018310547,133.66000366210938,5497300
2022-01-28,114.20355224609375,134.5,134.52999877929688,131.7899932861328,133.19000244140625,5471500
2022-01-31,113.41389465332031,133.57000732421875,134.08999633789062,132.3000030517578,134.08999633789062,5859000
2022-02-01,115.07810974121094,135.52999877929688,135.9600067138672,132.5,133.75999450683594,6206400
2022-02-02,116.53858947753906,137.25,137.55999755859375,135.25999450683594,135.6999969482422,5357200
2022-02-03,116.98858642578125,137.77999877929688,138.75999450683594,135.8300018310547,137.0,6100800
2022-02-04,116.45365142822266,137.14999389648438,138.82000732421875,136.22000122070312,137.86000061035156,4142000
2022-02-07,116.53007507324219,137.24000549316406,137.82000732421875,136.27000427246094,137.4499969482422,3759000
2022-02-08,116.34327697753906,137.02000427246094,137.52000427246094,135.77999877929688,137.22999572753906,4181800
2022-02-09,116.99706268310547,137.7899932861328,138.35000610351562,136.8300018310547,137.83999633789062,5393500
2022-02-10,114.73704528808594,133.52000427246094,136.55999755859375,133.1699981689453,135.47000122070312,5978600
2022-02-11,114.02381896972656,132.69000244140625,134.7100067138672,132.3800048828125,133.89999389648438,4176200
2022-02-14,111.84112548828125,130.14999389648438,132.64999389648438,129.07000732421875,132.58999633789062,5345300
2022-02-15,111.66067504882812,129.94000244140625,131.67999267578125,129.61000061035156,130.63999938964844,4394000
2022-02-16,111.00757598876953,129.17999267578125,130.44000244140625,128.25999450683594,129.4499969482422,4875600
2022-02-17,107.38983917236328,124.97000122070312,128.5,124.8499984741211,128.0500030517578,6797000
2022-02-18,106.85704040527344,124.3499984741211,125.44000244140625,123.61000061035156,124.94000244140625,4609200
2022-02-22,106.4875259399414,123.91999816894531,125.0,122.68000030517578,124.19999694824219,5349700
2022-02-23,104.89778900146484,122.06999969482422,124.69999694824219,121.87000274658203,124.37999725341797,4086400
2022-02-24,104.81185150146484,121.97000122070312,122.0999984741211,118.80999755859375,120.0,6563200
2022-02-25,106.71096801757812,124.18000030517578,124.26000213623047,121.44999694824219,122.05000305175781,4460900
2022-02-28,105.27589416503906,122.51000213623047,123.38999938964844,121.04000091552734,122.20999908447266,6757300
2022-03-01,104.27908325195312,121.3499984741211,123.38999938964844,120.69999694824219,122.66999816894531,4873300
2022-03-02,106.43598175048828,123.86000061035156,124.63999938964844,121.80000305175781,122.58999633789062,4891400
2022-03-03,108.21478271484375,125.93000030517578,126.66999816894531,124.23999786376953,124.95999908447266,5206600
2022-03-04,108.8077163696289,126.62000274658203,127.3499984741211,124.20999908447266,124.4000015258789,4402400
2022-03-07,108.3350830078125,126.06999969482422,127.91000366210938,125.62000274658203,126.47000122070312,5047400
2022-03-08,107.99995422363281,125.68000030517578,128.35000610351562,124.81999969482422,126.62000274658203,4887600
2022-03-09,108.46398162841797,126.22000122070312,128.10000610351562,125.91000366210938,127.41000366210938,4403500
2022-03-10,106.85704040527344,124.3499984741211,126.02999877929688,123.12999725341797,125.75,5326800
2022-03-11,106.52190399169922,123.95999908447266,126.7699966430664,123.91000366210938,125.0,4119600
2022-03-14,106.50473022460938,123.94000244140625,125.16000366210938,122.69000244140625,124.44999694824219,3289200
2022-03-15,107.965576171875,125.63999938964844,125.94000244140625,123.22000122070312,124.0,4021200
2022-03-16,109.16862487792969,127.04000091552734,127.27999877929688,124.70999908447266,126.5,4292800
2022-03-17,109.9592056274414,127.95999908447266,128.2899932861328,126.52999877929688,127.0999984741211,3671900
2022-03-18,110.64665985107422,128.75999450683594,128.92999267578125,126.37000274658203,127.37999725341797,7466000
2022-03-21,110.07951354980469,128.10000610351562,129.74000549316406,127.4000015258789,129.0,3384600
2022-03-22,110.90447998046875,129.05999755859375,129.3000030517578,127.8499984741211,128.5,2690200
2022-03-23,110.25138854980469,128.3000030517578,129.32000732421875,128.25,129.0800018310547,2924500
2022-03-24,111.06773376464844,129.25,129.3699951171875,127.80000305175781,128.3300018310547,2971100
2022-03-25,112.87232208251953,131.35000610351562,131.39999389648438,129.30999755859375,129.5,3530200
2022-03-28,112.97543334960938,131.47000122070312,131.5,129.60000610351562,130.82000732421875,2483500
2022-03-29,113.37934112548828,131.94000244140625,132.83999633789062,130.42999267578125,132.0399932861328,5791000
2022-03-30,113.54258728027344,132.1300048828125,133.0800018310547,131.38999938964844,132.00999450683594,2622900
2022-03-31,111.72941589355469,130.02000427246094,131.8800048828125,130.0,130.72000122070312,4274000
2022-04-01,111.84112548828125,130.14999389648438,130.27000427246094,128.05999755859375,129.66000366210938,4012400
2022-04-04,111.94425201416016,130.27000427246094,130.4499969482422,128.92999267578125,130.25999450683594,2809800
2022-04-05,110.75838470458984,128.88999938964844,131.22999572753906,128.66000366210938,129.85000610351562,3107200
2022-04-06,111.18805694580078,129.38999938964844,129.50999450683594,127.25,127.77999877929688,3958100
2022-04-07,110.46619415283203,128.5500030517578,129.25,126.7300033569336,128.8699951171875,3538300
2022-04-08,109.76158142089844,127.7300033569336,128.77999877929688,127.2699966430664,128.00999450683594,3143300
2022-04-11,108.5928726196289,126.37000274658203,128.17999267578125,126.18000030517578,127.94999694824219,3202500
2022-04-12,108.25775146484375,125.9800033569336,127.33999633789062,125.58000183105469,126.41999816894531,2691000
2022-04-13,108.3952407836914,126.13999938964844,126.66999816894531,124.91000366210938,125.63999938964844,3064900
2022-04-14,108.75614929199219,126.55999755859375,130.5800018310547,126.37999725341797,128.92999267578125,6384200
2022-04-18,108.4210205078125,126.16999816894531,127.38999938964844,125.52999877929688,126.5999984741211,4884200
2022-04-19,110.98180389404297,129.14999389648438,129.39999389648438,126.0,126.08000183105469,7971400
2022-04-20,118.86180877685547,138.32000732421875,139.55999755859375,133.3800048828125,135.0,17859200
2022-04-21,120.17658233642578,139.85000610351562,141.8800048828125,137.35000610351562,138.22999572753906,9922300
2022-04-22,118.8016586303711,138.25,140.44000244140625,137.35000610351562,139.6999969482422,6508600
2022-04-25,119.53211212158203,139.10000610351562,139.64999389648438,135.19000244140625,137.58999633789062,5748300
2022-04-26,117.03144836425781,136.19000244140625,139.8699951171875,136.1699981689453,139.0,4956200
2022-04-27,116.06040954589844,135.05999755859375,137.1199951171875,134.6300048828125,135.77999877929688,4369100
2022-04-28,116.64476776123047,135.74000549316406,136.99000549316406,134.80999755859375,136.85000610351562,4474300
2022-04-29,113.6113510131836,132.2100067138672,135.5500030517578,132.0,135.1300048828125,5078700
2022-05-02,114.32457733154297,133.0399932861328,133.77000427246094,130.88999938964844,133.0,4213500
2022-05-03,113.87774658203125,132.52000427246094,133.60000610351562,131.99000549316406,133.0,3688600
2022-05-04,118.07122802734375,137.39999389648438,137.8699951171875,132.13999938964844,132.8699951171875,5932600
2022-05-05,116.79944610595703,135.9199981689453,137.25999450683594,134.75999450683594,136.4600067138672,5957400
2022-05-06,118.30325317382812,137.6699981689453,137.99000549316406,135.47000122070312,135.47000122070312,7306400
2022-05-09,116.9290542602539,134.44000244140625,136.35000610351562,133.32000732421875,134.41000366210938,7647900
2022-05-10,112.31068420410156,129.1300048828125,135.41000366210938,128.42999267578125,135.0,8642400
2022-05-11,113.71967315673828,130.75,132.9600067138672,129.86000061035156,129.86000061035156,5301100
2022-05-12,115.5896224975586,132.89999389648438,133.6199951171875,130.41000366210938,131.27000427246094,5384800
2022-05-13,116.19847869873047,133.60000610351562,133.8000030517578,131.0500030517578,133.0,4195100
2022-05-16,117.44219970703125,135.02999877929688,136.50999450683594,132.41000366210938,133.10000610351562,4250400
2022-05-17,120.34712982177734,138.3699951171875,138.3699951171875,135.63999938964844,137.19000244140625,4372900
2022-05-18,115.62443542480469,132.94000244140625,137.6199951171875,132.1699981689453,137.10000610351562,6003000
2022-05-19,112.77165222167969,129.66000366210938,132.32000732421875,128.7100067138672,132.0,5819700
2022-05-20,111.7453384399414,128.47999572753906,130.3699951171875,125.80000305175781,130.17999267578125,6914500
2022-05-23,114.08497619628906,131.1699981689453,131.9499969482422,129.4199981689453,129.5,3591500
2022-05-24,116.37242889404297,133.8000030517578,134.3699951171875,130.4199981689453,130.57000732421875,4189700
2022-05-25,116.88555908203125,134.38999938964844,134.82000732421875,132.86000061035156,132.86000061035156,3299300
2022-05-26,119.05994415283203,136.88999938964844,137.5500030517578,134.52000427246094,135.0,3929300
2022-05-27,121.12993621826172,139.27000427246094,139.74000549316406,137.24000549316406,137.38999938964844,4608000
2022-05-31,120.7559585571289,138.83999633789062,139.8300018310547,136.80999755859375,138.1999969482422,7978100
2022-06-01,121.26908874511719,139.42999267578125,140.47000122070312,138.52000427246094,139.6699981689453,3796500
2022-06-02,121.89531707763672,140.14999389648438,140.2899932861328,136.85000610351562,139.4499969482422,3734800
2022-06-03,122.7911605834961,141.17999267578125,142.5800018310547,139.74000549316406,140.25999450683594,4352200
2022-06-06,124.26972198486328,142.8800048828125,144.72999572753906,142.0,142.97999572753906,4766900
2022-06-07,124.18277740478516,142.77999877929688,142.97999572753906,140.9600067138672,142.60000610351562,2887100
2022-06-08,122.48674011230469,140.8300018310547,142.8000030517578,140.14999389648438,142.07000732421875,3005700
2022-06-09,119.9905776977539,137.9600067138672,141.0399932861328,137.92999267578125,140.14999389648438,3591000
2022-06-10,118.45111083984375,136.19000244140625,137.8000030517578,135.25,137.8000030517578,4659500
2022-06-13,117.51180267333984,135.11000061035156,137.57000732421875,133.75999450683594,133.97000122070312,6486000
2022-06-14,118.04232788085938,135.72000122070312,136.9499969482422,134.86000061035156,135.0,4607800
2022-06-15,119.20777893066406,137.05999755859375,138.4499969482422,135.5800018310547,136.00999450683594,4606900
2022-06-16,117.99884796142578,135.6699981689453,136.24000549316406,134.38999938964844,135.3000030517578,5386400
2022-06-17,117.43352508544922,135.02000427246094,136.97999572753906,132.85000610351562,135.99000549316406,12968500
2022-06-21,119.89488983154297,137.85000610351562,138.5,135.89999389648438,135.89999389648438,4089300
2022-06-22,119.22518920898438,137.0800018310547,138.17999267578125,136.02999877929688,136.10000610351562,3791500
2022-06-23,120.40804290771484,138.44000244140625,138.6199951171875,136.5,137.13999938964844,4547900
2022-06-24,123.55653381347656,142.05999755859375,142.3699951171875,139.1300048828125,139.1999969482422,11493000
2022-06-27,124.20014190673828,142.8000030517578,143.8300018310547,141.9499969482422,142.25999450683594,3936000
2022-06-28,123.38258361816406,141.86000061035156,144.16000366210938,141.32000732421875,142.9199981689453,4064800
2022-06-29,122.38238525390625,140.7100067138672,143.52000427246094,139.5,142.74000549316406,4161500
2022-06-30,122.79985809326172,141.19000244140625,142.4600067138672,139.27999877929688,139.5800018310547,4878000
2022-07-01,122.73897552490234,141.1199951171875,141.6699981689453,139.25999450683594,141.0,4011900
2022-07-05,119.6948471069336,137.6199951171875,139.97000122070312,135.27000427246094,139.97000122070312,6273400
2022-07-06,120.0949478149414,138.0800018310547,139.13999938964844,137.1300048828125,138.0,3237000
2022-07-07,122.48674011230469,140.8300018310547,141.32000732421875,138.8300018310547,138.91000366210938,3897100
2022-07-08,122.17364501953125,140.47000122070312,141.32000732421875,139.82000732421875,140.75999450683594,2820800
2022-07-11,122.63458251953125,141.0,141.8699951171875,140.1300048828125,140.6199951171875,3904700
2022-07-12,121.05165100097656,139.17999267578125,141.5500030517578,138.57000732421875,140.83999633789062,3235400
2022-07-13,119.31214904785156,137.17999267578125,138.89999389648438,136.8000030517578,137.17999267578125,4123200
2022-07-14,120.94728088378906,139.05999755859375,139.42999267578125,135.02000427246094,135.60000610351562,5298400
2022-07-15,121.69526672363281,139.9199981689453,140.67999267578125,138.61000061035156,140.67999267578125,4519300
2022-07-18,120.13843536376953,138.1300048828125,140.30999755859375,137.77999877929688,140.14999389648438,8231700
2022-07-19,113.8327407836914,130.8800048828125,132.55999755859375,127.72000122070312,131.5800018310547,29690500
2022-07-20,112.35417938232422,129.17999267578125,130.72000122070312,128.05999755859375,130.6999969482422,9882000
2022-07-21,110.58858489990234,127.1500015258789,128.80999755859375,125.12999725341797,128.75,11975400
2022-07-22,111.54530334472656,128.25,128.32000732421875,125.70999908447266,127.02999877929688,6467200
2022-07-25,111.79753875732422,128.5399932861328,129.1300048828125,127.9000015258789,128.44000244140625,4702400
2022-07-26,111.39744567871094,128.0800018310547,129.3000030517578,127.62999725341797,128.25999450683594,3645300
2022-07-27,112.30199432373047,129.1199951171875,129.42999267578125,127.58000183105469,127.97000122070312,4175600
2022-07-28,112.38896942138672,129.22000122070312,129.80999755859375,128.61000061035156,128.75,3913700
2022-07-29,113.75444793701172,130.7899932861328,131.0,129.30999755859375,129.52000427246094,5786800
2022-08-01,114.84162902832031,132.0399932861328,132.6999969482422,130.6999969482422,130.75,4142100
2022-08-02,114.64159393310547,131.80999755859375,132.77999877929688,130.50999450683594,132.1999969482422,4403600
2022-08-03,115.10256958007812,132.33999633789062,132.86000061035156,131.32000732421875,131.82000732421875,3088500
2022-08-04,114.49374389648438,131.63999938964844,132.2899932861328,131.02000427246094,132.14999389648438,3179800
2022-08-05,115.22432708740234,132.47999572753906,132.6699981689453,131.07000732421875,131.25,2586500
2022-08-08,115.33740997314453,132.61000061035156,133.35000610351562,132.02000427246094,133.10000610351562,3821200
2022-08-09,114.02515411376953,129.47000122070312,130.7899932861328,129.1199951171875,129.9199981689453,3496000
2022-08-10,115.81299591064453,131.5,131.77999877929688,130.33999633789062,130.75,3664000
2022-08-11,116.72892761230469,132.5399932861328,133.22999572753906,132.0,132.36000061035156,3501900
2022-08-12,118.02357482910156,134.00999450683594,134.08999633789062,131.97999572753906,132.6199951171875,2766900
2022-08-15,118.83380889892578,134.92999267578125,135.19000244140625,132.24000549316406,132.9600067138672,2791200
2022-08-16,120.26937103271484,136.55999755859375,137.3699951171875,134.4499969482422,134.60000610351562,4313600
2022-08-17,121.35263061523438,137.7899932861328,138.4199981689453,136.3000030517578,136.4600067138672,3667600
2022-08-18,122.47997283935547,139.07000732421875,139.1199951171875,137.75,137.7899932861328,3177700
2022-08-19,121.86341857910156,138.3699951171875,139.33999633789062,137.66000366210938,138.75,3155800
2022-08-22,119.37987518310547,135.5500030517578,137.85000610351562,135.47000122070312,137.64999389648438,3093600
2022-08-23,118.66649627685547,134.74000549316406,136.10000610351562,134.72000122070312,135.3699951171875,4141800
2022-08-24,117.33662414550781,133.22999572753906,135.11000061035156,133.11000061035156,134.88999938964844,2855400
2022-08-25,117.99713897705078,133.97999572753906,134.42999267578125,133.07000732421875,133.64999389648438,2706000
2022-08-26,114.82660675048828,130.3800048828125,134.17999267578125,130.33999633789062,134.10000610351562,4185300
2022-08-29,114.76494598388672,130.30999755859375,131.4199981689453,129.57000732421875,129.99000549316406,2783000
2022-08-30,114.12203216552734,129.5800018310547,130.77000427246094,129.2899932861328,130.55999755859375,2407900
2022-08-31,113.1268310546875,128.4499969482422,130.0,128.39999389648438,129.9199981689453,3490400
2022-09-01,114.19249725341797,129.66000366210938,129.82000732421875,127.73999786376953,128.39999389648438,3396200
2022-09-02,112.54556274414062,127.79000091552734,130.55999755859375,127.23999786376953,130.3000030517578,3040600
2022-09-06,111.60322570800781,126.72000122070312,128.05999755859375,126.30000305175781,127.80000305175781,3347100
2022-09-07,112.47511291503906,127.70999908447266,127.87000274658203,126.27999877929688,126.69000244140625,2401500
2022-09-08,113.14445495605469,128.47000122070312,128.5399932861328,126.58999633789062,127.19999694824219,2964600
2022-09-09,113.77854919433594,129.19000244140625,129.49000549316406,128.05999755859375,128.89999389648438,3291900
2022-09-12,115.07318878173828,130.66000366210938,130.99000549316406,129.88999938964844,130.3300018310547,3741100
2022-09-13,112.06999206542969,127.25,129.91000366210938,126.7699966430664,129.13999938964844,4565600
2022-09-14,112.4574966430664,127.69000244140625,129.0,126.8499984741211,127.5,3819100
2022-09-15,110.51993560791016,125.48999786376953,127.47000122070312,124.9000015258789,127.38999938964844,5141700
2022-09-16,112.08760070800781,127.2699966430664,127.52999877929688,123.83000183105469,124.36000061035156,9839700
2022-09-19,112.49274444580078,127.7300033569336,128.05999755859375,126.27999877929688,126.48999786376953,3981600
2022-09-20,111.23332214355469,126.30000305175781,126.98999786376953,125.5199966430664,126.9000015258789,2837500
2022-09-21,110.0267333984375,124.93000030517578,127.83999633789062,124.91999816894531,126.88999938964844,3389500
2022-09-22,110.36141204833984,125.30999755859375,126.51000213623047,124.41000366210938,124.76000213623047,4046600
2022-09-23,108.07158660888672,122.70999908447266,125.0,121.73999786376953,124.52999877929688,5195600
2022-09-26,107.45508575439453,122.01000213623047,124.26000213623047,121.75,122.30000305175781,3987800
2022-09-27,107.21728515625,121.73999786376953,123.94999694824219,121.08000183105469,122.5999984741211,4117200
2022-09-28,108.11561584472656,122.76000213623047,123.2300033569336,119.80999755859375,121.6500015258789,4996400
2022-09-29,107.12040710449219,121.62999725341797,122.62000274658203,120.56999969482422,121.8499984741211,3817700
2022-09-30,104.63681030273438,118.80999755859375,122.43000030517578,118.61000061035156,121.66000366210938,5346100
2022-10-03,107.01471710205078,121.51000213623047,122.20999908447266,119.5999984741211,120.16000366210938,4261700
2022-10-04,110.52874755859375,125.5,125.6500015258789,122.5199966430664,122.80000305175781,4566100
2022-10-05,110.74012756347656,125.73999786376953,126.45999908447266,124.2300033569336,124.70999908447266,3212900
2022-10-06,107.64883422851562,122.2300033569336,125.30000305175781,121.7699966430664,124.87999725341797,5074600
2022-10-07,104.6456298828125,118.81999969482422,121.80000305175781,118.06999969482422,121.5,4499700
2022-10-10,103.70326232910156,117.75,119.95999908447266,117.04000091552734,119.79000091552734,5990000
2022-10-11,103.747314453125,117.80000305175781,119.2300033569336,116.94000244140625,117.45999908447266,4043100
2022-10-12,103.54474639892578,117.56999969482422,118.80999755859375,117.19999694824219,118.0,3338800
2022-10-13,107.2613296508789,121.79000091552734,122.1500015258789,115.55000305175781,116.0999984741211,5837500
2022-10-14,105.7200927734375,120.04000091552734,122.54000091552734,119.83999633789062,121.80000305175781,3762400
2022-10-17,107.02352142333984,121.5199966430664,122.87999725341797,121.43000030517578,121.80000305175781,5458600
2022-10-18,108.27413940429688,122.94000244140625,123.94000244140625,121.81999969482422,123.0,5120300
2022-10-19,107.89543914794922,122.51000213623047,123.94000244140625,121.98999786376953,122.36000061035156,5906600
2022-10-20,112.9947280883789,128.3000030517578,128.9600067138672,125.1500015258789,126.25,13623100
2022-10-21,114.40384674072266,129.89999389648438,130.85000610351562,127.58999633789062,128.38999938964844,7201300
2022-10-24,116.86103057861328,132.69000244140625,133.11000061035156,129.85000610351562,130.89999389648438,5610900
2022-10-25,117.07240295410156,132.92999267578125,133.3000030517578,131.3000030517578,132.0,5957600
2022-10-26,118.90428161621094,135.00999450683594,135.86000061035156,132.80999755859375,133.72000122070312,5139000
2022-10-27,118.69291687011719,134.77000427246094,136.39999389648438,134.4499969482422,135.5500030517578,3993200
2022-10-28,121.98674774169922,138.50999450683594,138.86000061035156,135.22000122070312,135.55999755859375,5965500
2022-10-31,121.7929916381836,138.2899932861328,138.77000427246094,136.60000610351562,138.05999755859375,4915300
2022-11-01,121.71372985839844,138.1999969482422,138.64999389648438,136.6999969482422,138.25,3590600
2022-11-02,120.50715637207031,136.8300018310547,140.1699981689453,136.8000030517578,137.75,5360500
2022-11-03,118.4287109375,134.47000122070312,136.47999572753906,133.97000122070312,136.4199981689453,4442400
2022-11-04,120.62165832519531,136.9600067138672,137.72999572753906,134.94000244140625,135.64999389648438,4178000
2022-11-07,121.8370132446289,138.33999633789062,138.6999969482422,136.50999450683594,136.63999938964844,4043100
2022-11-08,123.33422088623047,140.0399932861328,140.92999267578125,138.72000122070312,139.0,5042800
2022-11-09,122.4430160522461,137.38999938964844,138.89999389648438,136.94000244140625,137.9499969482422,4720000
2022-11-10,125.86528015136719,141.22999572753906,141.3699951171875,138.2899932861328,140.25999450683594,5389000
2022-11-11,127.59420776367188,143.1699981689453,144.1300048828125,140.9600067138672,141.5,5871300
2022-11-14,128.51211547851562,144.1999969482422,146.0800018310547,142.17999267578125,142.6300048828125,5293500
2022-11-15,128.6369171142578,144.33999633789062,146.16000366210938,142.0,144.0800018310547,4727100
2022-11-16,128.79734802246094,144.52000427246094,144.9499969482422,144.00999450683594,144.1300048828125,3445200
2022-11-17,130.196533203125,146.08999633789062,146.17999267578125,143.25,143.41000366210938,3954000
2022-11-18,131.57786560058594,147.63999938964844,148.30999755859375,145.94000244140625,146.55999755859375,4661700
2022-11-21,130.7223358154297,146.67999267578125,147.92999267578125,146.4499969482422,147.5500030517578,3476200
2022-11-22,132.87908935546875,149.10000610351562,149.35000610351562,147.02000427246094,147.60000610351562,7062100
2022-11-23,132.56715393066406,148.75,150.4600067138672,148.3000030517578,149.10000610351562,3658200
2022-11-25,132.2284698486328,148.3699951171875,149.49000549316406,148.10000610351562,148.27000427246094,2075200
2022-11-28,130.2767333984375,146.17999267578125,148.24000549316406,145.94000244140625,147.97999572753906,3538100
2022-11-29,130.5530242919922,146.49000549316406,147.1699981689453,145.6999969482422,145.91000366210938,2754700
2022-11-30,132.7008056640625,148.89999389648438,149.63999938964844,145.6699981689453,146.19000244140625,6377600
2022-12-01,132.93255615234375,149.16000366210938,150.00999450683594,147.33999633789062,149.97999572753906,4495900
2022-12-02,132.49586486816406,148.6699981689453,149.16000366210938,147.72999572753906,148.1300048828125,2900000
2022-12-05,131.37294006347656,147.41000366210938,148.92999267578125,146.8000030517578,147.94000244140625,2784600
2022-12-06,131.45314025878906,147.5,147.8000030517578,146.6999969482422,147.3000030517578,2847600
2022-12-07,131.24815368652344,147.27000427246094,148.10000610351562,146.2899932861328,147.3300018310547,3971300
2022-12-08,131.70266723632812,147.77999877929688,149.14999389648438,147.3699951171875,147.89999389648438,2665700
2022-12-09,131.05209350585938,147.0500030517578,148.33999633789062,146.97000122070312,147.39999389648438,3047600
2022-12-12,132.97711181640625,149.2100067138672,149.2100067138672,146.94000244140625,147.82000732421875,4032800
2022-12-13,134.18914794921875,150.57000732421875,153.2100067138672,149.9499969482422,150.3699951171875,8811500
2022-12-14,133.556396484375,149.86000061035156,151.91000366210938,148.4499969482422,150.47000122070312,4205900
2022-12-15,126.87232971191406,142.36000061035156,148.97999572753906,141.5800018310547,148.52000427246094,6687000
2022-12-16,124.91165924072266,140.16000366210938,141.9199981689453,138.97000122070312,141.25,9834400
2022-12-19,123.76200866699219,138.8699951171875,140.44000244140625,137.1999969482422,140.16000366210938,5282900
2022-12-20,125.90982818603516,141.27999877929688,141.42999267578125,138.33999633789062,138.83999633789062,5156500
2022-12-21,126.67626190185547,142.13999938964844,143.08999633789062,140.97999572753906,141.83999633789062,3793700
2022-12-22,125.5533218383789,140.8800048828125,141.44000244140625,138.6199951171875,140.9499969482422,3337100
2022-12-23,126.23957061767578,141.64999389648438,141.86000061035156,139.60000610351562,140.58999633789062,2092500
2022-12-27,126.92578125,142.4199981689453,142.72000122070312,141.22999572753906,141.72999572753906,2742400
2022-12-28,124.78690338134766,140.02000427246094,142.80999755859375,139.9499969482422,142.39999389648438,2539500
2022-12-29,125.71375274658203,141.05999755859375,142.25999450683594,140.4499969482422,140.5800018310547,2337200
2022-12-30,125.562255859375,140.88999938964844,140.89999389648438,139.4499969482422,140.5399932861328,2858000
2023-01-03,126.15043640136719,141.5500030517578,141.89999389648438,140.47999572753906,141.10000610351562,3338600
2023-01-04,127.08623504638672,142.60000610351562,143.6199951171875,141.3699951171875,142.07000732421875,3869200
2023-01-05,125.7583236694336,141.11000061035156,142.5,140.00999450683594,142.44000244140625,2866600
2023-01-06,128.06655883789062,143.6999969482422,144.25,141.5800018310547,142.3800048828125,3574000
2023-01-09,127.93287658691406,143.5500030517578,145.47000122070312,143.39999389648438,144.0800018310547,3987700
2023-01-10,129.04689025878906,144.8000030517578,144.85000610351562,142.89999389648438,143.61000061035156,2152100
2023-01-11,129.4568328857422,145.25999450683594,145.52999877929688,143.4499969482422,145.0,3268700
2023-01-12,129.7152862548828,145.5500030517578,146.66000366210938,144.52000427246094,144.8800048828125,2715900
2023-01-13,130.01828002929688,145.88999938964844,146.10000610351562,144.00999450683594,144.05999755859375,2455700
2023-01-17,129.39443969726562,145.19000244140625,147.17999267578125,145.00999450683594,146.4199981689453,2986500
2023-01-18,125.13449096679688,140.41000366210938,144.67999267578125,140.22999572753906,144.39999389648438,6445600
2023-01-19,125.32161712646484,140.6199951171875,142.22999572753906,139.75,140.0,4833900
2023-01-20,125.83853149414062,141.1999969482422,141.86000061035156,140.50999450683594,141.6699981689453,7153300
2023-01-23,126.42671966552734,141.86000061035156,142.99000549316406,141.05999755859375,141.39999389648438,5898400
2023-01-24,126.09697723388672,141.49000549316406,142.75,140.0,141.25,4407600
2023-01-25,125.4464111328125,140.75999450683594,141.02999877929688,139.36000061035156,140.47000122070312,7347500
2023-01-26,119.8228759765625,134.4499969482422,138.27000427246094,132.97999572753906,137.52999877929688,17548500
2023-01-27,119.76939392089844,134.38999938964844,135.49000549316406,133.77000427246094,134.44000244140625,8143100
2023-01-30,120.58041381835938,135.3000030517578,136.11000061035156,133.97999572753906,134.32000732421875,5375700
2023-01-31,120.07242584228516,134.72999572753906,135.64999389648438,133.75999450683594,135.5,7206400
2023-02-01,120.39324951171875,135.08999633789062,135.7899932861328,132.8000030517578,134.49000549316406,5428900
2023-02-02,121.55181121826172,136.38999938964844,136.72000122070312,134.85000610351562,135.9600067138672,6107800
2023-02-03,122.0419921875,136.94000244140625,136.9499969482422,135.52999877929688,136.35000610351562,3755700
2023-02-06,121.3646240234375,136.17999267578125,136.32000732421875,134.9499969482422,135.8300018310547,4841300
2023-02-07,121.06163024902344,135.83999633789062,136.39999389648438,134.4499969482422,135.6699981689453,3737600
2023-02-08,121.18643951416016,135.97999572753906,136.74000549316406,135.16000366210938,135.7100067138672,4593700
2023-02-09,120.6631851196289,133.75,135.72999572753906,133.33999633789062,134.99000549316406,3918800
2023-02-10,122.33216857910156,135.60000610351562,135.77000427246094,133.5,133.77999877929688,5049600
2023-02-13,123.91094207763672,137.35000610351562,137.38999938964844,135.85000610351562,136.0,4403000
2023-02-14,122.70203399658203,136.00999450683594,137.24000549316406,135.0500030517578,137.0500030517578,3202200
2023-02-15,123.05387115478516,136.39999389648438,136.4499969482422,135.07000732421875,135.1999969482422,2506700
2023-02-16,121.79085540771484,135.0,135.97000122070312,134.58999633789062,135.57000732421875,2965500
2023-02-17,121.80889892578125,135.02000427246094,135.5800018310547,133.88999938964844,134.5,3466200
2023-02-21,118.82279205322266,131.7100067138672,134.38999938964844,131.66000366210938,134.0,4257200
2023-02-22,118.15518188476562,130.97000122070312,131.99000549316406,130.2899932861328,131.89999389648438,3200200
2023-02-23,117.99279022216797,130.7899932861328,131.6999969482422,128.86000061035156,131.5,3725600
2023-02-24,117.79434204101562,130.57000732421875,130.6699981689453,129.22000122070312,129.6199951171875,3015800
2023-02-27,117.7221450805664,130.49000549316406,131.8699951171875,130.1300048828125,131.4199981689453,2761300
2023-02-28,116.64860534667969,129.3000030517578,130.61000061035156,129.13999938964844,130.5500030517578,5143100
2023-03-01,115.64718627929688,128.19000244140625,129.47000122070312,127.73999786376953,128.89999389648438,3760700
2023-03-02,116.31478118896484,128.92999267578125,129.22000122070312,127.70999908447266,128.38999938964844,3340100
2023-03-03,116.95532989501953,129.63999938964844,129.91000366210938,128.77000427246094,129.35000610351562,2860300
2023-03-06,117.45149993896484,130.19000244140625,130.86000061035156,129.58999633789062,129.63999938964844,3131200
2023-03-07,115.70132446289062,128.25,130.4199981689453,128.19000244140625,130.27999877929688,3530400
2023-03-08,115.52088928222656,128.0500030517578,128.74000549316406,127.55000305175781,128.47999572753906,2778800
2023-03-09,113.81581115722656,126.16000366210938,128.52999877929688,125.9800033569336,128.3000030517578,5478300
2023-03-10,113.17528533935547,125.44999694824219,127.29000091552734,125.12999725341797,126.12000274658203,5990900
2023-03-13,113.29256439208984,125.58000183105469,128.19000244140625,124.8499984741211,125.1500015258789,8188400
2023-03-14,112.45357513427734,124.6500015258789,126.63999938964844,123.19999694824219,126.48999786376953,8114800
2023-03-15,111.21760559082031,123.27999877929688,123.3499984741211,121.70999908447266,122.98999786376953,5989300
2023-03-16,112.49867248535156,124.69999694824219,124.81999969482422,121.91999816894531,122.95999908447266,6438700
2023-03-17,111.58749389648438,123.69000244140625,124.5199966430664,122.93000030517578,124.08000183105469,37400200
2023-03-20,113.61735534667969,125.94000244140625,126.16000366210938,124.19000244140625,124.30999755859375,4588300
2023-03-21,114.18570709228516,126.56999969482422,127.1500015258789,125.66000366210938,126.9000015258789,3856300
2023-03-22,111.91227722167969,124.05000305175781,127.22000122070312,124.01000213623047,127.0,3549000
2023-03-23,111.2988052368164,123.37000274658203,124.93000030517578,122.5999984741211,123.80999755859375,4651900
2023-03-24,113.03094482421875,125.29000091552734,125.4000015258789,122.87999725341797,123.36000061035156,3812300
2023-03-27,116.65760040283203,129.30999755859375,130.25999450683594,126.47000122070312,126.47000122070312,6524100
2023-03-28,116.68465423583984,129.33999633789062,129.66000366210938,128.8000030517578,129.17999267578125,2888900
2023-03-29,117.01847839355469,129.7100067138672,130.35000610351562,129.17999267578125,130.1199951171875,3279600
2023-03-30,116.576416015625,129.22000122070312,131.47999572753906,129.10000610351562,130.16000366210938,3561800
2023-03-31,118.2634506225586,131.08999633789062,131.22999572753906,129.4199981689453,129.47000122070312,4524700
2023-04-03,119.1385269165039,132.05999755859375,132.61000061035156,130.77000427246094,130.97000122070312,3840100
2023-04-04,118.72356414794922,131.60000610351562,132.14999389648438,130.88999938964844,131.99000549316406,3382800
2023-04-05,119.21068572998047,132.13999938964844,132.61000061035156,131.3699951171875,131.3699951171875,2898700
2023-04-06,117.73116302490234,130.5,132.60000610351562,130.32000732421875,132.16000366210938,3050600
2023-04-10,118.20930480957031,131.02999877929688,131.0800018310547,129.24000549316406,129.8300018310547,2614400
2023-04-11,117.65899658203125,130.4199981689453,131.10000610351562,130.17999267578125,130.5800018310547,3132400
2023-04-12,115.96293640136719,128.5399932861328,130.88999938964844,128.1699981689453,130.39999389648438,3957500
2023-04-13,115.38557434082031,127.9000015258789,128.38999938964844,126.0,128.00999450683594,5621500
2023-04-14,115.60206604003906,128.13999938964844,129.83999633789062,127.30999755859375,128.4600067138672,4180600
2023-04-17,115.3133773803711,127.81999969482422,128.72000122070312,126.80000305175781,128.3000030517578,3662700
2023-04-18,115.27729797363281,127.77999877929688,128.67999267578125,127.3499984741211,128.13999938964844,3193800
2023-04-19,113.96016693115234,126.31999969482422,126.9800033569336,125.30000305175781,126.5,7014400
2023-04-20,113.99626159667969,126.36000061035156,130.97999572753906,125.83999633789062,130.14999389648438,9749600
2023-04-21,113.42788696289062,125.7300033569336,126.69999694824219,125.2699966430664,126.0,6725400
2023-04-24,113.13018035888672,125.4000015258789,126.05000305175781,124.55999755859375,125.55000305175781,4043900
2023-04-25,113.57223510742188,125.88999938964844,126.19000244140625,124.76000213623047,124.9000015258789,4275400
2023-04-26,113.53614807128906,125.8499984741211,126.55000305175781,125.12000274658203,125.80999755859375,4070200
2023-04-27,114.54656219482422,126.97000122070312,127.0199966430664,125.45999908447266,126.37000274658203,3204900
2023-04-28,114.0413589477539,126.41000366210938,127.25,125.63999938964844,126.58000183105469,5061200
2023-05-01,113.75267028808594,126.08999633789062,126.75,126.05999755859375,126.3499984741211,2725000
2023-05-02,112.91365814208984,125.16000366210938,126.44999694824219,123.2699966430664,126.30000305175781,4445300
2023-05-03,111.37097930908203,123.44999694824219,125.56999969482422,123.26000213623047,125.45999908447266,4554200
2023-05-04,110.57707977294922,122.56999969482422,123.5199966430664,121.76000213623047,123.02999877929688,4468200
2023-05-05,111.55140686035156,123.6500015258789,124.0999984741211,122.80999755859375,123.11000061035156,4971900
2023-05-08,111.32587432861328,123.4000015258789,123.91999816894531,122.55000305175781,123.76000213623047,3663800
2023-05-09,110.80463409423828,121.16999816894531,121.97000122070312,120.66000366210938,121.9000015258789,4540000
2023-05-10,111.58192443847656,122.0199966430664,122.48999786376953,121.0999984741211,121.98999786376953,4189200
2023-05-11,110.55772399902344,120.9000015258789,122.23999786376953,120.55000305175781,122.0199966430664,3446500
2023-05-12,112.3317642211914,122.83999633789062,122.86000061035156,121.11000061035156,121.41000366210938,4564800
2023-05-15,112.80729675292969,123.36000061035156,123.69000244140625,122.33999633789062,123.0,2915700
2023-05-16,112.89873504638672,123.45999908447266,123.86000061035156,122.44999694824219,123.3499984741211,2748400
2023-05-17,114.95626831054688,125.70999908447266,125.8499984741211,123.47000122070312,123.94000244140625,4515100
2023-05-18,115.35863494873047,126.1500015258789,126.51000213623047,125.19000244140625,125.30000305175781,3797900
2023-05-19,116.37367248535156,127.26000213623047,128.2899932861328,126.55000305175781,126.79000091552734,4306700
2023-05-22,116.59314727783203,127.5,128.19000244140625,127.1500015258789,127.5,2806800
2023-05-23,117.2149658203125,128.17999267578125,129.08999633789062,127.12999725341797,127.23999786376953,4592300
2023-05-24,114.92882537841797,125.68000030517578,127.9000015258789,125.47000122070312,127.81999969482422,3915500
2023-05-25,115.91644287109375,126.76000213623047,127.2300033569336,125.01000213623047,125.61000061035156,4102900
2023-05-26,117.86422729492188,128.88999938964844,129.66000366210938,126.80999755859375,127.05999755859375,5612600
2023-05-30,118.40375518798828,129.47999572753906,130.07000732421875,128.25999450683594,129.55999755859375,3741100
2023-05-31,117.58989715576172,128.58999633789062,129.44000244140625,127.45999908447266,128.50999450683594,11590200
2023-06-01,118.71467590332031,129.82000732421875,130.14999389648438,127.77999877929688,128.44000244140625,4136100
2023-06-02,121.09226989746094,132.4199981689453,133.1199951171875,130.14999389648438,130.3800048828125,5375800
2023-06-05,121.29344940185547,132.63999938964844,133.5800018310547,132.27000427246094,133.1199951171875,3993500
2023-06-06,121.33919525146484,132.69000244140625,132.94000244140625,131.8800048828125,132.42999267578125,3298000
2023-06-07,122.88459014892578,134.3800048828125,134.44000244140625,132.19000244140625,132.5,5772000
2023-06-08,122.91204071044922,134.41000366210938,135.97999572753906,134.00999450683594,134.69000244140625,4128500
2023-06-09,123.72589874267578,135.3000030517578,136.10000610351562,134.1699981689453,134.36000061035156,3981500
2023-06-12,124.75008392333984,136.4199981689453,136.6199951171875,135.82000732421875,136.0,4494500
2023-06-13,125.82913208007812,137.60000610351562,138.1699981689453,136.0,136.50999450683594,3927300
2023-06-14,125.46332550048828,137.1999969482422,138.92999267578125,136.94000244140625,137.8000030517578,4514900
2023-06-15,126.56069946289062,138.39999389648438,138.8000030517578,137.17999267578125,137.27000427246094,3812600
2023-06-16,125.71940612792969,137.47999572753906,139.47000122070312,137.47000122070312,139.22999572753906,7473700
2023-06-20,124.32942199707031,135.9600067138672,137.22999572753906,135.88999938964844,136.36000061035156,4271300
2023-06-21,122.25363159179688,133.69000244140625,135.38999938964844,133.2899932861328,135.11000061035156,5501300
2023-06-22,119.94918823242188,131.1699981689453,132.9600067138672,130.67999267578125,131.67999267578125,6012800
2023-06-23,118.3580322265625,129.42999267578125,130.6199951171875,129.17999267578125,130.39999389648438,11324700
2023-06-26,120.10464477539062,131.33999633789062,131.41000366210938,129.30999755859375,129.38999938964844,4845600
2023-06-27,121.01910400390625,132.33999633789062,132.9499969482422,130.8300018310547,131.3000030517578,3219900
2023-06-28,120.48871612548828,131.75999450683594,132.1699981689453,130.91000366210938,132.05999755859375,2753800
2023-06-29,122.59197235107422,134.05999755859375,134.35000610351562,131.69000244140625,131.75,3639800
2023-06-30,122.36334991455078,133.80999755859375,135.02999877929688,133.42999267578125,134.69000244140625,4236700
2023-07-03,122.23533630371094,133.6699981689453,134.35000610351562,132.8699951171875,133.4199981689453,1477100
2023-07-05,122.756591796875,134.24000549316406,134.30999755859375,132.58999633789062,133.32000732421875,2955100
2023-07-06,120.8545150756836,132.16000366210938,133.89999389648438,131.5500030517578,133.24000549316406,3507700
2023-07-07,120.7813491821289,132.0800018310547,133.85000610351562,131.75,131.77999877929688,2982700
2023-07-10,121.53120422363281,132.89999389648438,133.0500030517578,131.6999969482422,131.75999450683594,2369200
2023-07-11,122.93946838378906,134.44000244140625,134.55999755859375,133.22999572753906,133.66000366210938,2924000
2023-07-12,121.4763412475586,132.83999633789062,135.3300018310547,132.57000732421875,135.07000732421875,3732200
2023-07-13,122.46395111083984,133.9199981689453,135.07000732421875,133.36000061035156,133.50999450683594,3221400
2023-07-14,121.9884262084961,133.39999389648438,133.9199981689453,132.94000244140625,133.91000366210938,2861500
2023-07-17,122.756591796875,134.24000549316406,134.61000061035156,133.10000610351562,133.25999450683594,3167400
2023-07-18,123.78077697753906,135.36000061035156,135.9499969482422,134.2899932861328,134.7100067138672,3852100
2023-07-19,123.89051055908203,135.47999572753906,136.4499969482422,135.19000244140625,135.52999877929688,5520000
2023-07-20,126.54241943359375,138.3800048828125,140.32000732421875,136.55999755859375,137.19000244140625,10896300
2023-07-21,127.05452728271484,138.94000244140625,139.77999877929688,137.75999450683594,138.2100067138672,5858600
2023-07-24,127.60316467285156,139.5399932861328,140.1199951171875,138.77999877929688,139.35000610351562,3475200
2023-07-25,128.32559204101562,140.3300018310547,140.42999267578125,139.0399932861328,139.4199981689453,3770800
2023-07-26,129.00233459472656,141.07000732421875,141.25,139.8800048828125,140.44000244140625,4046400
2023-07-27,130.73976135253906,142.97000122070312,143.3800048828125,141.89999389648438,142.3000030517578,6331600
2023-07-28,131.17872619628906,143.4499969482422,143.9499969482422,142.85000610351562,143.44000244140625,6686400
2023-07-31,131.8462677001953,144.17999267578125,144.60000610351562,143.52999877929688,143.80999755859375,6138100
2023-08-01,131.06898498535156,143.3300018310547,144.47999572753906,142.1699981689453,144.25,4797700
2023-08-02,131.8371124267578,144.1699981689453,144.3000030517578,142.30999755859375,142.77999877929688,4957400
2023-08-03,132.09317016601562,144.4499969482422,145.22000122070312,143.30999755859375,143.77999877929688,3951900
2023-08-04,131.901123046875,144.24000549316406,146.08999633789062,143.99000549316406,145.08999633789062,4223100
2023-08-07,133.67520141601562,146.17999267578125,146.5,144.92999267578125,145.0,3438700
2023-08-08,133.4282989501953,145.91000366210938,146.14999389648438,144.11000061035156,145.6999969482422,4654600
2023-08-09,131.80030822753906,142.49000549316406,144.94000244140625,142.3000030517578,144.94000244140625,4072900
2023-08-10,132.50328063964844,143.25,144.5800018310547,142.69000244140625,143.0399932861328,4735800
2023-08-11,132.38304138183594,143.1199951171875,143.4499969482422,142.2100067138672,143.1199951171875,2526400
2023-08-14,131.26382446289062,141.91000366210938,143.3699951171875,141.8000030517578,143.0500030517578,4226400
2023-08-15,131.22679138183594,141.8699951171875,142.30999755859375,141.1999969482422,141.5,3656600
2023-08-16,130.089111328125,140.63999938964844,142.08999633789062,140.55999755859375,141.6999969482422,3285300
2023-08-17,130.1075897216797,140.66000366210938,142.66000366210938,140.60000610351562,141.00999450683594,3742100
2023-08-18,130.8013458251953,141.41000366210938,141.8300018310547,139.75999450683594,140.0,3915500
2023-08-21,131.60606384277344,142.27999877929688,142.38999938964844,141.11000061035156,141.4199981689453,2937800
2023-08-22,130.87533569335938,141.49000549316406,143.22999572753906,141.3000030517578,142.66000366210938,3557500
2023-08-23,132.65127563476562,143.41000366210938,143.47999572753906,141.5800018310547,141.72000122070312,2559100
2023-08-24,132.78077697753906,143.5500030517578,144.47000122070312,143.22000122070312,143.50999450683594,2900200
2023-08-25,134.4457244873047,145.35000610351562,145.47000122070312,143.5,144.17999267578125,3660100
2023-08-28,135.0654754638672,146.02000427246094,146.74000549316406,145.2100067138672,145.41000366210938,3561100
2023-08-29,135.46322631835938,146.4499969482422,146.72999572753906,145.6199951171875,146.3000030517578,2778100
2023-08-30,135.84246826171875,146.86000061035156,146.9199981689453,145.75,146.4199981689453,2245400
2023-08-31,135.81471252441406,146.8300018310547,147.72999572753906,146.5399932861328,146.94000244140625,3885900
2023-09-01,136.84144592285156,147.94000244140625,148.10000610351562,146.9199981689453,147.25999450683594,2727800
2023-09-05,137.01719665527344,148.1300048828125,149.0,147.57000732421875,147.91000366210938,3731300
2023-09-06,136.9524383544922,148.05999755859375,148.3300018310547,147.1199951171875,147.66000366210938,2932200
2023-09-07,136.4529571533203,147.52000427246094,148.77999877929688,147.39999389648438,148.1300048828125,3332900
2023-09-08,136.60092163085938,147.67999267578125,148.58999633789062,147.25999450683594,147.35000610351562,3722800
2023-09-11,137.2484588623047,148.3800048828125,148.77999877929688,147.5800018310547,148.57000732421875,3273600
2023-09-12,135.32447814941406,146.3000030517578,148.0,145.8000030517578,147.9199981689453,4457700
2023-09-13,135.5557403564453,146.5500030517578,146.97999572753906,145.9199981689453,145.9499969482422,2627800
2023-09-14,136.29571533203125,147.35000610351562,147.72999572753906,146.47999572753906,147.3800048828125,2723100
2023-09-15,135.03773498535156,145.99000549316406,147.85000610351562,145.52999877929688,147.11000061035156,6234000
2023-09-18,134.20526123046875,145.08999633789062,146.47999572753906,145.05999755859375,145.77000427246094,2508100
2023-09-19,135.52798461914062,146.52000427246094,146.72000122070312,144.66000366210938,145.0,3945400
2023-09-20,138.5896453857422,149.8300018310547,151.92999267578125,148.1300048828125,148.36000061035156,9632400
2023-09-21,136.32347106933594,147.3800048828125,149.25,147.30999755859375,149.0,4944600
2023-09-22,135.8887176513672,146.91000366210938,148.10000610351562,146.82000732421875,147.41000366210938,2562000
2023-09-25,135.49095153808594,146.47999572753906,147.42999267578125,146.25,146.57000732421875,2694200
2023-09-26,132.49403381347656,143.24000549316406,146.1699981689453,143.02000427246094,145.50999450683594,4824700
2023-09-27,132.42930603027344,143.1699981689453,143.82000732421875,141.75999450683594,143.6699981689453,4439800
2023-09-28,130.95855712890625,141.5800018310547,142.27999877929688,140.2100067138672,142.13999938964844,5783200
2023-09-29,129.77462768554688,140.3000030517578,142.1300048828125,139.61000061035156,142.0,5704000
2023-10-02,130.23709106445312,140.8000030517578,141.4499969482422,139.86000061035156,140.0399932861328,3275300
2023-10-03,129.8578338623047,140.38999938964844,141.63999938964844,140.0,140.8699951171875,3284400
2023-10-04,130.48684692382812,141.07000732421875,141.1999969482422,139.99000549316406,140.3699951171875,2637600
2023-10-05,130.903076171875,141.52000427246094,141.6999969482422,140.19000244140625,140.89999389648438,3223900
2023-10-06,131.37481689453125,142.02999877929688,142.94000244140625,140.11000061035156,141.39999389648438,3511100
2023-10-09,131.5320587158203,142.1999969482422,142.39999389648438,140.67999267578125,142.3000030517578,2354400
2023-10-10,131.4487762451172,142.11000061035156,143.4199981689453,141.72000122070312,142.60000610351562,3015800
2023-10-11,132.48480224609375,143.22999572753906,143.33999633789062,142.13999938964844,142.50999450683594,2511500
2023-10-12,130.64407348632812,141.24000549316406,142.92999267578125,140.9499969482422,142.50999450683594,3921100
2023-10-13,128.07264709472656,138.4600067138672,140.1199951171875,138.27000427246094,139.77000427246094,4582800
2023-10-16,128.7664031982422,139.2100067138672,139.77999877929688,138.52000427246094,139.27999877929688,3361500
2023-10-17,129.79310607910156,140.32000732421875,140.6199951171875,136.30999755859375,137.1199951171875,4172800
2023-10-18,129.46934509277344,139.97000122070312,140.42999267578125,139.5800018310547,140.0,3330000
2023-10-19,127.65637969970703,138.00999450683594,139.41000366210938,137.92999267578125,138.63999938964844,5314200
2023-10-20,126.87016296386719,137.16000366210938,139.27000427246094,137.1199951171875,138.14999389648438,4865600
2023-10-23,126.14869689941406,136.3800048828125,137.67999267578125,135.8699951171875,136.6300048828125,3457500
2023-10-24,127.4529037475586,137.7899932861328,137.97999572753906,136.0500030517578,136.74000549316406,3698000
2023-10-25,126.7961654663086,137.0800018310547,138.49000549316406,136.3300018310547,137.5,6472500
2023-10-26,132.97500610351562,143.75999450683594,144.41000366210938,141.5800018310547,142.1999969482422,11130200
2023-10-27,131.82806396484375,142.52000427246094,144.6999969482422,141.7100067138672,143.6199951171875,5469200
2023-10-30,131.92982482910156,142.6300048828125,144.5,142.5800018310547,143.19000244140625,4204100
2023-10-31,133.7890167236328,144.63999938964844,144.75999450683594,142.58999633789062,143.0,6591800
2023-11-01,134.49197387695312,145.39999389648438,146.50999450683594,144.4499969482422,145.0,4750100
2023-11-02,135.98121643066406,147.00999450683594,147.10000610351562,144.83999633789062,145.77000427246094,3902700
2023-11-03,136.80445861816406,147.89999389648438,148.4499969482422,147.27999877929688,147.4499969482422,3510500
2023-11-06,137.79417419433594,148.97000122070312,149.22999572753906,147.85000610351562,147.88999938964844,4597200
2023-11-07,137.66468811035156,148.8300018310547,149.27999877929688,148.02999877929688,149.02999877929688,3549900
2023-11-08,136.92469787597656,148.02999877929688,149.67999267578125,147.58999633789062,149.25,3618600
2023-11-09,137.15853881835938,146.6199951171875,146.99000549316406,145.27999877929688,146.5500030517578,3412700
2023-11-10,139.4036865234375,149.02000427246094,149.1699981689453,146.85000610351562,147.44000244140625,3179000
2023-11-13,138.5430450439453,148.10000610351562,148.49000549316406,147.35000610351562,148.4600067138672,2647200
2023-11-14,140.70399475097656,150.41000366210938,150.80999755859375,149.0500030517578,149.4499969482422,4321900
2023-11-15,142.73397827148438,152.5800018310547,153.22000122070312,150.39999389648438,150.39999389648438,4632500
2023-11-16,143.18296813964844,153.05999755859375,153.35000610351562,152.1300048828125,153.0,3519200
2023-11-17,143.02395629882812,152.88999938964844,153.5,152.4600067138672,153.2899932861328,4426500
2023-11-20,144.3897705078125,154.35000610351562,154.67999267578125,152.35000610351562,152.50999450683594,3658500
2023-11-21,143.97813415527344,153.91000366210938,154.66000366210938,153.50999450683594,154.60000610351562,2859500
2023-11-22,145.11941528320312,155.1300048828125,155.7100067138672,154.16000366210938,154.5,3044700
2023-11-24,145.1661834716797,155.17999267578125,155.39999389648438,153.9199981689453,155.1300048828125,1799200
2023-11-27,145.531005859375,155.57000732421875,156.13999938964844,154.75,154.99000549316406,4053100
2023-11-28,145.60586547851562,155.64999389648438,155.75,154.86000061035156,155.44000244140625,2666200
2023-11-29,146.31680297851562,156.41000366210938,157.50999450683594,156.02000427246094,156.14999389648438,3568900
2023-11-30,148.3280487060547,158.55999755859375,158.60000610351562,156.88999938964844,156.9499969482422,6740600
2023-12-01,150.1896514892578,160.5500030517578,160.58999633789062,158.0,158.41000366210938,4871900
2023-12-04,150.7041778564453,161.10000610351562,162.7899932861328,160.2899932861328,160.2899932861328,5779000
2023-12-05,150.97544860839844,161.38999938964844,162.47000122070312,160.72000122070312,160.75999450683594,4556700
2023-12-06,149.93707275390625,160.27999877929688,162.35000610351562,160.00999450683594,161.58999633789062,3555900
2023-12-07,149.88095092773438,160.22000122070312,161.47000122070312,159.97000122070312,161.0,3665500
2023-12-08,151.5086669921875,161.9600067138672,162.0399932861328,160.0,160.0,4561300
2023-12-11,152.95863342285156,163.50999450683594,163.64999389648438,161.9499969482422,162.67999267578125,6077200
2023-12-12,154.08120727539062,164.7100067138672,166.33999633789062,162.9199981689453,163.27000427246094,5292300
2023-12-13,153.06155395507812,163.6199951171875,164.97000122070312,162.74000549316406,164.3699951171875,4989100
2023-12-14,152.39735412597656,162.91000366210938,163.5,160.14999389648438,162.92999267578125,6129800
2023-12-15,151.76124572753906,162.22999572753906,164.08999633789062,162.0399932861328,162.3000030517578,11016100
2023-12-18,152.23834228515625,162.74000549316406,163.3300018310547,161.5800018310547,162.22999572753906,3677300
2023-12-19,151.1344757080078,161.55999755859375,162.27999877929688,161.32000732421875,161.8000030517578,3766600
2023-12-20,149.72195434570312,160.0500030517578,161.8000030517578,160.00999450683594,161.2899932861328,4865800
2023-12-21,150.40478515625,160.77999877929688,161.0800018310547,159.52999877929688,160.58999633789062,2982900
2023-12-22,151.67706298828125,162.13999938964844,162.41000366210938,161.0,161.10000610351562,2442700
2023-12-26,152.67800903320312,163.2100067138672,163.30999755859375,162.0500030517578,162.22999572753906,1772400
2023-12-27,152.911865234375,163.4600067138672,163.63999938964844,162.67999267578125,163.13999938964844,3234600
2023-12-28,153.1831512451172,163.75,163.9600067138672,163.39999389648438,163.9600067138672,2071300
2023-12-29,152.9960479736328,163.5500030517578,164.17999267578125,162.8300018310547,163.75,2526200
2024-01-02,151.0783233642578,161.5,163.2899932861328,160.4600067138672,162.8300018310547,3825000
2024-01-03,149.76870727539062,160.10000610351562,161.72999572753906,160.0800018310547,161.0,4086100
2024-01-04,150.47962951660156,160.86000061035156,161.80999755859375,160.1699981689453,160.22000122070312,3212000
2024-01-05,148.8893280029297,159.16000366210938,160.5500030517578,158.6699981689453,159.91000366210938,4199400
2024-01-08,150.74156188964844,161.13999938964844,161.22000122070312,157.88999938964844,158.69000244140625,3321700
2024-01-09,149.74998474121094,160.0800018310547,160.47999572753906,159.50999450683594,160.0,2617200
2024-01-10,150.8257598876953,161.22999572753906,161.33999633789062,159.74000549316406,160.27999877929688,2967800
2024-01-11,151.6957550048828,162.16000366210938,162.22999572753906,160.2899932861328,161.02000427246094,3778200
2024-01-12,155.10086059570312,165.8000030517578,165.97999572753906,162.35000610351562,162.97000122070312,4958300
2024-01-16,156.18601989746094,166.9600067138672,167.25,165.33999633789062,165.8000030517578,4869600
2024-01-17,155.36280822753906,166.0800018310547,167.82000732421875,165.5,166.7899932861328,4288600
2024-01-18,156.07374572753906,166.83999633789062,166.99000549316406,165.0399932861328,166.49000549316406,3776900
2024-01-19,160.41432189941406,171.47999572753906,171.5800018310547,169.17999267578125,170.58999633789062,6929100
2024-01-22,161.67721557617188,172.8300018310547,174.4499969482422,172.39999389648438,172.82000732421875,4926000
2024-01-23,162.715576171875,173.94000244140625,174.02000427246094,172.47999572753906,172.89999389648438,3983500
2024-01-24,162.70623779296875,173.92999267578125,174.86000061035156,172.89999389648438,174.75999450683594,9097800
2024-01-25,178.14146423339844,190.42999267578125,196.89999389648438,184.8300018310547,184.9600067138672,29596200
2024-01-26,175.3257293701172,187.4199981689453,192.38999938964844,186.16000366210938,191.30999755859375,9895900
2024-01-29,175.06378173828125,187.13999938964844,189.4600067138672,186.0500030517578,187.4600067138672,6107900
2024-01-30,175.74668884277344,187.8699951171875,188.64999389648438,186.77000427246094,187.7100067138672,4575100
2024-01-31,171.80836486816406,183.66000366210938,187.64999389648438,183.13999938964844,187.0500030517578,8876100
2024-02-01,174.8392791748047,186.89999389648438,187.50999450683594,182.7100067138672,183.6300048828125,4669400
2024-02-02,173.80088806152344,185.7899932861328,187.38999938964844,185.6199951171875,187.10000610351562,4055400
2024-02-05,171.58384704589844,183.4199981689453,185.77999877929688,183.25999450683594,185.50999450683594,4379600
2024-02-06,171.57447814941406,183.41000366210938,184.67999267578125,183.0399932861328,183.5500030517578,3337600
2024-02-07,171.88320922851562,183.74000549316406,184.02000427246094,182.6300048828125,183.33999633789062,4841200
2024-02-08,174.03553771972656,184.36000061035156,184.5500030517578,181.49000549316406,182.6300048828125,5161200
2024-02-09,175.9046173095703,186.33999633789062,187.17999267578125,183.85000610351562,184.44000244140625,5064600
2024-02-12,175.73471069335938,186.16000366210938,186.47999572753906,184.02999877929688,185.89999389648438,4724000
2024-02-13,173.41246032714844,183.6999969482422,184.77000427246094,182.36000061035156,184.27999877929688,4290500
2024-02-14,173.2897491455078,183.57000732421875,185.0,182.25999450683594,185.0,3173400
2024-02-15,176.4049530029297,186.8699951171875,186.97999572753906,183.6199951171875,183.6199951171875,4714300
2024-02-16,177.13182067871094,187.63999938964844,188.9499969482422,185.9499969482422,186.6300048828125,4842800
2024-02-20,173.1670379638672,183.44000244140625,188.77000427246094,183.05999755859375,187.63999938964844,4247200
2024-02-21,169.636474609375,179.6999969482422,183.02999877929688,178.75,182.55999755859375,4723700
2024-02-22,173.8939208984375,184.2100067138672,184.5500030517578,181.92999267578125,182.4499969482422,5078400
2024-02-23,175.31935119628906,185.72000122070312,186.4600067138672,184.57000732421875,184.89999389648438,3433800
2024-02-26,173.81838989257812,184.1300048828125,186.1300048828125,184.05999755859375,185.60000610351562,4620800
2024-02-27,174.51693725585938,184.8699951171875,185.1300048828125,182.6199951171875,184.16000366210938,3641400
2024-02-28,174.92288208007812,185.3000030517578,185.3699951171875,183.5500030517578,184.6300048828125,3216300
2024-02-29,174.66799926757812,185.02999877929688,186.85000610351562,184.69000244140625,186.14999389648438,6458500
2024-03-01,177.66046142578125,188.1999969482422,188.3800048828125,185.17999267578125,185.49000549316406,4018400
2024-03-04,182.24827575683594,193.05999755859375,193.89999389648438,187.60000610351562,187.75999450683594,7938300
2024-03-05,181.20045471191406,191.9499969482422,193.94000244140625,190.57000732421875,192.0,5653600
2024-03-06,185.1746826171875,196.16000366210938,198.1300048828125,192.9600067138672,193.5,6945800
2024-03-07,185.53341674804688,196.5399932861328,198.72999572753906,196.13999938964844,197.5800018310547,4604500
2024-03-08,184.97647094726562,195.9499969482422,197.77000427246094,194.3800048828125,196.05999755859375,3943100
2024-03-11,180.99276733398438,191.72999572753906,195.3800048828125,190.8800048828125,195.08999633789062,4725100
2024-03-12,186.70396423339844,197.77999877929688,199.17999267578125,192.14999389648438,192.4600067138672,5880100
2024-03-13,185.6844482421875,196.6999969482422,198.10000610351562,195.32000732421875,197.5500030517578,3993300
2024-03-14,182.59756469726562,193.42999267578125,197.75,192.1199951171875,196.9499969482422,4109600
2024-03-15,180.36973571777344,191.07000732421875,193.05999755859375,190.6999969482422,191.99000549316406,8828200
2024-03-18,180.9550323486328,191.69000244140625,193.22999572753906,190.32000732421875,191.6999969482422,5410600
2024-03-19,182.51260375976562,193.33999633789062,193.5800018310547,190.27999877929688,191.49000549316406,5317300
2024-03-20,183.09788513183594,193.9600067138672,193.97999572753906,191.30999755859375,192.8699951171875,3238600
2024-03-21,181.1532440185547,191.89999389648438,193.3699951171875,190.00999450683594,193.0,6013600
2024-03-22,180.15261840820312,190.83999633789062,192.99000549316406,190.50999450683594,192.0,3988400
2024-03-25,178.21743774414062,188.7899932861328,190.82000732421875,188.75,190.25999450683594,3718300
2024-03-26,177.94366455078125,188.5,190.0,188.5,189.02000427246094,4229500
2024-03-27,180.1148681640625,190.8000030517578,190.9600067138672,188.60000610351562,189.60000610351562,3693300
2024-03-28,180.2659149169922,190.9600067138672,191.92999267578125,190.33999633789062,190.94000244140625,3742200
2024-04-01,179.1991729736328,189.8300018310547,190.4600067138672,188.52000427246094,190.0,2364300
2024-04-02,178.30239868164062,188.8800048828125,189.8000030517578,187.60000610351562,189.13999938964844,2693500
2024-04-03,180.20924377441406,190.89999389648438,191.35000610351562,188.49000549316406,188.60000610351562,2826200
2024-04-04,177.41502380371094,187.94000244140625,193.27999877929688,187.33999633789062,192.0,2983900
2024-04-05,178.5478515625,189.13999938964844,190.32000732421875,188.02000427246094,188.58999633789062,2014300
2024-04-08,179.1897430419922,189.82000732421875,190.24000549316406,188.91000366210938,189.24000549316406,2678300
2024-04-09,178.70831298828125,189.30999755859375,191.25,186.66000366210938,190.5399932861328,2794200
2024-04-10,175.62144470214844,186.0399932861328,187.9199981689453,185.52000427246094,187.4199981689453,3081700
2024-04-11,175.4892578125,185.89999389648438,186.8000030517578,184.5800018310547,186.0399932861328,2861700
2024-04-12,172.06256103515625,182.27000427246094,185.1699981689453,181.69000244140625,184.0,3547400
2024-04-15,171.09967041015625,181.25,187.47999572753906,180.8800048828125,185.57000732421875,3528100
2024-04-16,173.45968627929688,183.75,185.7100067138672,182.86000061035156,185.58999633789062,4473700
2024-04-17,172.84608459472656,183.10000610351562,184.6699981689453,181.77999877929688,184.16000366210938,3003000
2024-04-18,171.30735778808594,181.47000122070312,183.4600067138672,180.1699981689453,182.35000610351562,2886700
2024-04-19,171.4112091064453,181.5800018310547,182.8000030517578,180.57000732421875,182.42999267578125,3038000
2024-04-22,171.71328735351562,181.89999389648438,183.32000732421875,180.4499969482422,182.4499969482422,3076500
2024-04-23,171.9870147705078,182.19000244140625,184.67999267578125,179.0,182.72999572753906,5950200
2024-04-24,173.79006958007812,184.10000610351562,184.2899932861328,181.39999389648438,183.1699981689453,7616600
2024-04-25,159.45074462890625,168.91000366210938,172.4499969482422,165.66000366210938,168.1999969482422,16702200
2024-04-26,157.77041625976562,167.1300048828125,167.8699951171875,165.72999572753906,167.5,8983800
2024-04-29,158.05360412597656,167.42999267578125,168.22000122070312,166.22999572753906,167.39999389648438,5242200
2024-04-30,156.89248657226562,166.1999969482422,166.75999450683594,165.25999450683594,166.49000549316406,6011600
2024-05-01,155.2216033935547,164.42999267578125,166.27000427246094,164.3000030517578,165.69000244140625,4029900
2024-05-02,155.46707153320312,164.69000244140625,164.8800048828125,162.6199951171875,164.35000610351562,3829900
2024-05-03,156.42996215820312,165.7100067138672,166.61000061035156,164.9199981689453,165.0,3400400
2024-05-06,159.1675262451172,168.61000061035156,168.6699981689453,166.3800048828125,166.5,4222300
2024-05-07,158.95042419433594,168.3800048828125,169.2899932861328,167.94000244140625,169.0,3155300
2024-05-08,160.38528442382812,169.89999389648438,170.25999450683594,167.89999389648438,168.00999450683594,3522000
2024-05-09,158.5166778564453,166.27000427246094,167.5500030517578,165.8800048828125,167.5,4266600
2024-05-10,159.3556365966797,167.14999389648438,168.07000732421875,166.32000732421875,167.1300048828125,2255400
2024-05-13,159.74655151367188,167.55999755859375,168.05999755859375,166.75999450683594,167.5,2414900
2024-05-14,159.55587768554688,167.36000061035156,168.1300048828125,166.47999572753906,167.86000061035156,2601000
2024-05-15,160.41387939453125,168.25999450683594,168.35000610351562,167.33999633789062,167.94000244140625,4468800
2024-05-16,161.09078979492188,168.97000122070312,169.6300048828125,167.7899932861328,168.25999450683594,3492300
2024-05-17,161.14797973632812,169.02999877929688,169.11000061035156,167.3300018310547,168.97000122070312,2956400
2024-05-20,161.99649047851562,169.9199981689453,170.16000366210938,168.3800048828125,169.0,2726300
2024-05-21,165.38095092773438,173.47000122070312,174.97000122070312,169.94000244140625,169.94000244140625,6459800
2024-05-22,165.59068298339844,173.69000244140625,174.99000549316406,172.75999450683594,173.38999938964844,3294900
2024-05-23,162.71148681640625,170.6699981689453,175.4600067138672,170.44000244140625,175.38999938964844,3341300
2024-05-24,162.9212646484375,170.88999938964844,172.00999450683594,170.2100067138672,171.47999572753906,2587400
2024-05-28,161.74862670898438,169.66000366210938,171.08999633789062,168.64999389648438,170.44000244140625,2629500
2024-05-29,159.26031494140625,167.0500030517578,168.6300048828125,166.2100067138672,168.0,4206600
2024-05-30,157.90652465820312,165.6300048828125,166.72999572753906,164.22999572753906,165.55999755859375,3842400
2024-05-31,159.0696258544922,166.85000610351562,166.97000122070312,163.83999633789062,165.6999969482422,4905000
2024-06-03,157.5728759765625,165.27999877929688,166.77999877929688,163.52999877929688,166.5399932861328,2776100
2024-06-04,158.07814025878906,165.80999755859375,166.39999389648438,163.8800048828125,164.60000610351562,2594200
2024-06-05,159.57493591308594,167.3800048828125,167.7899932861328,165.77999877929688,166.41000366210938,3049400
2024-06-06,160.35670471191406,168.1999969482422,168.44000244140625,166.8000030517578,167.3800048828125,2207100
2024-06-07,162.082275390625,170.00999450683594,171.30999755859375,168.05999755859375,168.17999267578125,3475500
2024-06-10,162.43502807617188,170.3800048828125,170.75999450683594,168.8800048828125,169.5500030517578,3440000
2024-06-11,161.42445373535156,169.32000732421875,170.0,166.80999755859375,169.97999572753906,2951300
2024-06-12,161.11936950683594,169.0,172.47000122070312,168.10000610351562,171.35000610351562,3522700
2024-06-13,161.23377990722656,169.1199951171875,169.58999633789062,168.33999633789062,169.00999450683594,3525700
2024-06-14,161.319580078125,169.2100067138672,169.47000122070312,167.22999572753906,168.2899932861328,2777700
2024-06-17,161.59608459472656,169.5,169.72000122070312,167.5,168.75999450683594,3239800
2024-06-18,162.5970916748047,170.5500030517578,170.75,168.3800048828125,170.0,3386400
2024-06-20,165.80996704101562,173.9199981689453,174.27999877929688,171.22000122070312,174.0800018310547,4723100
2024-06-21,164.4180450439453,172.4600067138672,174.9600067138672,171.39999389648438,173.97000122070312,10181500
2024-06-24,166.84915161132812,175.00999450683594,178.4600067138672,174.14999389648438,175.0,4864700
2024-06-25,164.55152893066406,172.60000610351562,175.75,171.4199981689453,175.13999938964844,4069800
2024-06-26,163.8555450439453,171.8699951171875,172.67999267578125,170.41000366210938,171.27999877929688,2779000
2024-06-27,162.88311767578125,170.85000610351562,172.5,170.47999572753906,171.1199951171875,2894000
2024-06-28,164.88519287109375,172.9499969482422,173.4600067138672,170.52999877929688,170.85000610351562,4193300
2024-07-01,166.9349365234375,175.10000610351562,176.4600067138672,173.3800048828125,173.4499969482422,3321000
2024-07-02,169.03233337402344,177.3000030517578,177.49000549316406,174.32000732421875,174.83999633789062,2883300
2024-07-03,167.5355682373047,175.72999572753906,177.97999572753906,175.1699981689453,177.8800048828125,1649000
2024-07-05,167.8120574951172,176.02000427246094,176.08999633789062,173.9499969482422,175.74000549316406,2086000
2024-07-08,169.3564910888672,177.63999938964844,178.58999633789062,176.00999450683594,176.41000366210938,2503000
2024-07-09,168.25057983398438,176.47999572753906,177.6999969482422,175.5800018310547,177.60000610351562,2512700
2024-07-10,169.5471649169922,177.83999633789062,178.22000122070312,174.4499969482422,176.60000610351562,3462200
2024-07-11,169.99525451660156,178.30999755859375,179.44000244140625,176.6199951171875,177.64999389648438,2806800
2024-07-12,174.3044891357422,182.8300018310547,184.16000366210938,178.5,178.55999755859375,4785600
2024-07-15,174.35215759277344,182.8800048828125,184.89999389648438,182.60000610351562,183.3800048828125,2925700
2024-07-16,177.14552307128906,185.80999755859375,186.60000610351562,184.52000427246094,184.6699981689453,3374500
2024-07-17,178.70904541015625,187.4499969482422,187.94000244140625,185.07000732421875,185.44000244140625,4225300
2024-07-18,176.58303833007812,185.22000122070312,189.47000122070312,185.10000610351562,186.63999938964844,3487800
2024-07-19,174.70489501953125,183.25,187.0,181.9499969482422,186.3300018310547,3816000
2024-07-22,175.5629119873047,184.14999389648438,184.97000122070312,182.86000061035156,183.39999389648438,2488500
2024-07-23,175.5152587890625,184.10000610351562,185.3800048828125,183.00999450683594,184.36000061035156,2180200
2024-07-24,175.4390106201172,184.02000427246094,185.07000732421875,183.14999389648438,184.13999938964844,6962100
2024-07-25,183.02780151367188,191.97999572753906,196.25999450683594,185.3000030517578,186.8000030517578,9532800
2024-07-26,182.8085479736328,191.75,193.57000732421875,189.6199951171875,190.50999450683594,4294900
2024-07-29,182.57020568847656,191.5,193.2899932861328,189.17999267578125,193.17999267578125,3336800
2024-07-30,182.13162231445312,191.0399932861328,192.77000427246094,189.08999633789062,191.47999572753906,3065000
2024-07-31,183.1803436279297,192.13999938964844,194.5500030517578,189.99000549316406,191.0,5558400
2024-08-01,180.81600952148438,189.66000366210938,193.63999938964844,188.2899932861328,192.80999755859375,4085400
2024-08-02,180.30117797851562,189.1199951171875,189.25999450683594,185.6999969482422,188.77999877929688,4548800
2024-08-05,174.76210021972656,183.30999755859375,185.25999450683594,181.80999755859375,184.5500030517578,4975000
2024-08-06,178.08935546875,186.8000030517578,188.89999389648438,183.63999938964844,184.6999969482422,3632500
2024-08-07,178.08935546875,186.8000030517578,189.8699951171875,186.6999969482422,188.0800018310547,3801900
2024-08-08,183.62843322753906,192.61000061035156,192.8800048828125,187.0,187.5,3712700
2024-08-09,184.11891174316406,191.4499969482422,192.6300048828125,189.0399932861328,191.17999267578125,2773700
2024-08-12,182.22434997558594,189.47999572753906,191.5800018310547,189.0,191.25,2290300
2024-08-13,183.67652893066406,190.99000549316406,191.30999755859375,189.2100067138672,190.2899932861328,2178900
2024-08-14,184.95559692382812,192.32000732421875,193.08999633789062,190.72999572753906,191.14999389648438,1895100
2024-08-15,186.52317810058594,193.9499969482422,194.25,193.27999877929688,193.50999450683594,2472000
2024-08-16,186.35968017578125,193.77999877929688,194.35000610351562,192.86000061035156,193.5800018310547,2494400
2024-08-19,187.27330017089844,194.72999572753906,195.52999877929688,193.72000122070312,193.83999633789062,2361400
2024-08-20,188.5235137939453,196.02999877929688,196.2100067138672,193.75,194.58999633789062,1790400
2024-08-21,189.65835571289062,197.2100067138672,197.3300018310547,194.1199951171875,195.97000122070312,2579300
2024-08-22,188.4562225341797,195.9600067138672,197.9199981689453,195.57000732421875,197.25,1969500
2024-08-23,188.5908660888672,196.10000610351562,197.3800048828125,194.38999938964844,196.7899932861328,2322000
2024-08-26,190.39886474609375,197.97999572753906,198.35000610351562,195.89999389648438,196.0,2567200
2024-08-27,191.12013244628906,198.72999572753906,199.39999389648438,196.97000122070312,197.44000244140625,2617100
2024-08-28,190.86048889160156,198.4600067138672,200.0,197.49000549316406,199.0,2645200
2024-08-29,191.2836151123047,198.89999389648438,201.1199951171875,198.27000427246094,199.3000030517578,2989600
2024-08-30,194.38995361328125,202.1300048828125,202.1699981689453,198.72999572753906,199.11000061035156,4751000
2024-09-03,193.57249450683594,201.27999877929688,204.72000122070312,200.2100067138672,201.91000366210938,3874700
2024-09-04,196.2941131591797,204.11000061035156,204.36000061035156,200.5,200.75999450683594,3142500
2024-09-05,194.8323211669922,202.58999633789062,205.9499969482422,200.9600067138672,204.0800018310547,3229200
2024-09-06,193.05319213867188,200.74000549316406,204.10000610351562,199.33999633789062,202.3800048828125,3304500
2024-09-09,195.736328125,203.52999877929688,205.0500030517578,201.42999267578125,201.94000244140625,3705000
2024-09-10,197.45779418945312,205.32000732421875,205.8300018310547,202.8699951171875,204.1999969482422,3070600
2024-09-11,201.85281372070312,209.88999938964844,210.1199951171875,203.0399932861328,207.75999450683594,5554300
2024-09-12,203.50692749023438,211.61000061035156,212.64999389648438,208.27000427246094,210.0,4615300
2024-09-13,206.56515502929688,214.7899932861328,216.08999633789062,212.1300048828125,212.47999572753906,4572300
2024-09-16,208.84442138671875,217.16000366210938,217.89999389648438,215.52000427246094,215.8800048828125,4176100
2024-09-17,205.93043518066406,214.1300048828125,218.83999633789062,213.0,217.25,5635200
2024-09-18,206.7093963623047,214.94000244140625,216.86000061035156,213.58999633789062,214.1300048828125,3482800
2024-09-19,205.6996307373047,213.88999938964844,218.47999572753906,210.3699951171875,218.00999450683594,5279600
2024-09-20,209.3637237548828,217.6999969482422,217.85000610351562,213.74000549316406,214.3300018310547,9958800
2024-09-23,212.05650329589844,220.5,220.6199951171875,217.27000427246094,218.0,4074800
2024-09-24,212.50851440429688,220.97000122070312,221.19000244140625,218.16000366210938,219.77999877929688,3183900
2024-09-25,212.75856018066406,221.22999572753906,221.85000610351562,220.16000366210938,221.1699981689453,2537800
2024-09-26,214.8743133544922,223.42999267578125,224.0,221.36000061035156,222.11000061035156,2673200
2024-09-27,212.38348388671875,220.83999633789062,224.14999389648438,220.77000427246094,223.0,3830300
2024-09-30,212.6143035888672,221.0800018310547,221.32000732421875,219.02000427246094,220.64999389648438,3543400
2024-10-01,210.9505615234375,219.35000610351562,221.10000610351562,215.89999389648438,220.6300048828125,3548400
2024-10-02,211.31597900390625,219.72999572753906,220.1999969482422,215.8000030517578,218.30999755859375,3343400
2024-10-03,214.19149780273438,222.72000122070312,222.8300018310547,219.27000427246094,219.5,3788300
2024-10-04,217.3459014892578,226.0,226.0800018310547,223.27000427246094,223.75,3553800
2024-10-07,218.42300415039062,227.1199951171875,227.6699981689453,225.02000427246094,225.3800048828125,3458000
2024-10-08,219.86557006835938,228.6199951171875,229.35000610351562,227.0399932861328,228.11000061035156,3245100
2024-10-09,225.3280792236328,234.3000030517578,234.9499969482422,228.5,229.1999969482422,5083600
2024-10-10,224.09707641601562,233.02000427246094,235.8300018310547,231.80999755859375,235.10000610351562,3142000
2024-10-11,224.32791137695312,233.25999450683594,233.44000244140625,230.4600067138672,233.25,3469200
2024-10-14,226.25131225585938,235.25999450683594,236.1199951171875,233.1699981689453,233.57000732421875,2524400
2024-10-15,224.03941345214844,232.9600067138672,237.3699951171875,232.7100067138672,236.39999389648438,3350600
2024-10-16,224.72219848632812,233.6699981689453,233.8800048828125,231.1199951171875,232.11000061035156,2846700
2024-10-17,223.9624481201172,232.8800048828125,233.14999389648438,230.66000366210938,232.0,5040100
2024-10-18,223.30848693847656,232.1999969482422,232.64999389648438,230.1699981689453,231.9199981689453,4715700
2024-10-21,222.87571716308594,231.75,232.4199981689453,230.25999450683594,231.2100067138672,2733300
2024-10-22,223.3565673828125,232.25,232.97000122070312,230.6699981689453,231.99000549316406,3180800
2024-10-23,223.83743286132812,232.75,233.33999633789062,230.25999450683594,230.41000366210938,5791000
2024-10-24,210.02731323242188,218.38999938964844,221.32000732421875,216.16000366210938,220.8000030517578,11193400
2024-10-25,206.4497528076172,214.6699981689453,218.64999389648438,214.38999938964844,216.8000030517578,8482200
2024-10-28,204.75718688964844,212.91000366210938,216.25,212.6999969482422,215.5,4993300
2024-10-29,202.3721160888672,210.42999267578125,213.33999633789062,209.85000610351562,211.99000549316406,5258400
2024-10-30,197.05386352539062,204.89999389648438,211.1199951171875,204.25999450683594,209.47999572753906,6956600
2024-10-31,198.80418395996094,206.72000122070312,208.1300048828125,203.50999450683594,204.1300048828125,5925300
2024-11-01,200.27557373046875,208.25,209.83999633789062,207.41000366210938,207.77000427246094,3334100
2024-11-04,198.4195098876953,206.32000732421875,207.6999969482422,205.8000030517578,207.64999389648438,2593900
2024-11-05,199.62164306640625,207.57000732421875,208.1199951171875,205.57000732421875,206.1699981689453,2441500
2024-11-06,205.4207305908203,213.60000610351562,214.3300018310547,210.3699951171875,213.47999572753906,3934400
2024-11-07,205.50726318359375,213.69000244140625,214.52000427246094,211.92999267578125,213.63999938964844,3675800
2024-11-08,205.5361328125,213.72000122070312,216.6999969482422,212.77999877929688,214.16000366210938,3201000
2024-11-11,205.3918914794922,213.57000732421875,215.41000366210938,213.47999572753906,214.39999389648438,3013000
2024-11-12,204.38381958007812,210.86000061035156,213.02999877929688,209.05999755859375,211.89999389648438,2817800
2024-11-13,204.44198608398438,210.9199981689453,211.41000366210938,209.07000732421875,209.5,3247800
2024-11-14,202.5712432861328,208.99000549316406,210.5,206.35000610351562,210.0,6372900
2024-11-15,198.69410705566406,204.99000549316406,208.49000549316406,204.07000732421875,207.4600067138672,3986500
2024-11-18,201.6988983154297,208.08999633789062,208.4199981689453,205.3699951171875,207.0,3405900
2024-11-19,203.79257202148438,210.25,210.3300018310547,206.19000244140625,206.5,2860700
2024-11-20,208.0089569091797,214.60000610351562,214.9600067138672,209.77000427246094,211.0,4562900
2024-11-21,215.56939697265625,222.39999389648438,222.6300048828125,215.27000427246094,215.80999755859375,5236400
2024-11-22,216.12188720703125,222.97000122070312,227.1999969482422,220.88999938964844,223.35000610351562,5320700
2024-11-25,219.18484497070312,226.1300048828125,226.4199981689453,222.64999389648438,223.35000610351562,7189300
2024-11-26,221.8019256591797,228.8300018310547,228.97999572753906,225.50999450683594,226.72999572753906,4449500
2024-11-27,219.9505615234375,226.9199981689453,229.19000244140625,224.27000427246094,228.8300018310547,2995100
2024-11-29,220.425537109375,227.41000366210938,230.36000061035156,227.19000244140625,227.75,2640300
2024-12-02,220.4061279296875,227.38999938964844,228.3800048828125,225.50999450683594,227.5,2655900
2024-12-03,221.96669006347656,229.0,229.11000061035156,226.6699981689453,227.24000549316406,3163800
2024-12-04,226.31878662109375,233.49000549316406,233.74000549316406,229.35000610351562,230.0,4104200
2024-12-05,227.5400848388672,234.75,236.52000427246094,233.4600067138672,233.5500030517578,4791100
2024-12-06,230.72903442382812,238.0399932861328,238.3800048828125,234.22000122070312,234.42999267578125,4028400
2024-12-09,222.9359588623047,230.0,239.35000610351562,228.91000366210938,238.0,4970400
2024-12-10,224.6031494140625,231.72000122070312,234.38999938964844,227.8000030517578,228.39999389648438,4769500
2024-12-11,223.0522918701172,230.1199951171875,233.0,229.1300048828125,232.69000244140625,3872700
2024-12-12,225.12655639648438,232.25999450683594,233.88999938964844,230.3800048828125,230.66000366210938,4515700
2024-12-13,223.7307891845703,230.82000732421875,233.77999877929688,230.25999450683594,232.25,2757400
2024-12-16,222.2865447998047,229.3300018310547,231.02999877929688,226.8800048828125,230.72999572753906,3610300
2024-12-17,221.93759155273438,228.97000122070312,230.1999969482422,227.6199951171875,229.22999572753906,3651300
2024-12-18,213.40789794921875,220.1699981689453,229.0399932861328,220.02999877929688,229.0399932861328,4152500
2024-12-19,217.04270935058594,223.9199981689453,226.1999969482422,222.97999572753906,224.4199981689453,4427200
2024-12-20,216.49990844726562,223.36000061035156,227.67999267578125,221.67999267578125,222.72999572753906,12423200
2024-12-23,215.11383056640625,221.92999267578125,223.74000549316406,221.0800018310547,222.80999755859375,2988100
2024-12-24,217.51766967773438,224.41000366210938,224.44000244140625,221.5399932861328,222.27000427246094,1186200
2024-12-26,217.98292541503906,224.88999938964844,225.39999389648438,222.5500030517578,223.30999755859375,3286500
2024-12-27,215.93771362304688,222.77999877929688,224.4199981689453,221.41000366210938,223.13999938964844,1810800
2024-12-30,213.48544311523438,220.25,221.58999633789062,217.64999389648438,220.5399932861328,2095600
2024-12-31,213.0783233642578,219.8300018310547,221.0500030517578,218.44000244140625,220.72000122070312,2270200
2025-01-02,213.18495178222656,219.94000244140625,222.49000549316406,217.60000610351562,221.82000732421875,2579500
2025-01-03,215.81170654296875,222.64999389648438,223.66000366210938,220.5500030517578,220.5500030517578,3872100
2025-01-06,215.8311004638672,222.6699981689453,224.35000610351562,220.75,223.0,2846700
2025-01-07,217.0814971923828,223.9600067138672,226.7100067138672,222.8300018310547,223.35000610351562,3299300
2025-01-08,216.32542419433594,223.17999267578125,224.89999389648438,220.8300018310547,223.91000366210938,2619800
2025-01-10,213.0007781982422,219.75,222.42999267578125,216.8000030517578,222.0,3570300
2025-01-13,210.7229461669922,217.39999389648438,219.58999633789062,214.75,217.88999938964844,3716800
2025-01-14,211.0622100830078,217.75,218.1300048828125,214.61000061035156,218.0,3485500
2025-01-15,213.2721710205078,220.02999877929688,221.67999267578125,218.00999450683594,220.8699951171875,2951600
2025-01-16,215.8214111328125,222.66000366210938,222.67999267578125,217.3800048828125,219.69000244140625,3329100
2025-01-17,217.885986328125,224.7899932861328,225.9600067138672,223.63999938964844,225.9600067138672,5506800
2025-01-21,217.3722686767578,224.25999450683594,227.4499969482422,222.8300018310547,224.99000549316406,3982200
2025-01-22,216.40296936035156,223.25999450683594,224.39999389648438,220.35000610351562,221.97999572753906,4759500
2025-01-23,219.09759521484375,226.0399932861328,226.0399932861328,223.14999389648438,223.94000244140625,3619700
2025-01-24,217.89569091796875,224.8000030517578,226.80999755859375,223.8000030517578,225.27000427246094,3232900
2025-01-27,217.2462921142578,224.1300048828125,224.3000030517578,219.83999633789062,222.19000244140625,4898400
2025-01-28,218.72927856445312,225.66000366210938,225.77000427246094,221.77000427246094,224.32000732421875,4485400
2025-01-29,221.60806274414062,228.6300048828125,229.47000122070312,223.72999572753906,225.6199951171875,7079800
2025-01-30,250.33770751953125,258.2699890136719,261.79998779296875,247.00999450683594,250.0,15381900
2025-01-31,247.84664916992188,255.6999969482422,257.239990234375,251.88999938964844,256.04998779296875,7199800
2025-02-03,252.72215270996094,260.7300109863281,262.05999755859375,251.83999633789062,252.39999389648438,8408500
2025-02-04,256.33758544921875,264.4599914550781,265.25,258.1199951171875,260.0,6077700
2025-02-05,255.2132110595703,263.29998779296875,265.7200012207031,261.17999267578125,265.7099914550781,6165100
2025-02-06,245.6560516357422,253.44000244140625,263.3800048828125,252.72999572753906,262.9800109863281,6128300
2025-02-07,244.58982849121094,252.33999633789062,256.92999267578125,252.02000427246094,255.27999877929688,3370300
2025-02-10,243.22381591796875,249.27000427246094,251.9499969482422,246.8699951171875,250.86000061035156,3564400
2025-02-11,248.5220947265625,254.6999969482422,256.75,250.5800018310547,251.10000610351562,4801600
2025-02-12,249.6051788330078,255.80999755859375,256.3999938964844,252.02000427246094,252.72000122070312,3075300
2025-02-13,252.9031982421875,259.19000244140625,259.2799987792969,254.41000366210938,255.66000366210938,4531500
2025-02-14,254.94248962402344,261.2799987792969,261.94000244140625,257.9100036621094,259.0,3925300
2025-02-18,256.6890869140625,263.07000732421875,263.9599914550781,259.8299865722656,261.92999267578125,4262800
2025-02-19,257.9087829589844,264.32000732421875,264.3599853515625,260.0899963378906,262.0,3718700
2025-02-20,258.3185729980469,264.739990234375,265.0899963378906,262.1499938964844,263.6499938964844,4884800
2025-02-21,255.13763427734375,261.4800109863281,264.8299865722656,261.1000061035156,263.8500061035156,5667900
2025-02-24,255.5181884765625,261.8699951171875,263.8500061035156,259.5799865722656,261.5,4398100
2025-02-25,251.49813842773438,257.75,263.4800109863281,256.7699890136719,261.0799865722656,6292200
2025-02-26,249.6344451904297,255.83999633789062,258.3299865722656,254.41000366210938,258.1000061035156,3460100
2025-02-27,247.08773803710938,253.22999572753906,257.6300048828125,253.0500030517578,255.22000122070312,3402200
2025-02-28,246.31690979003906,252.44000244140625,252.80999755859375,246.5399932861328,250.86000061035156,7988800
2025-03-03,244.12149047851562,250.19000244140625,255.99000549316406,248.25,254.74000549316406,2977700
2025-03-04,247.06825256347656,253.2100067138672,255.47999572753906,248.10000610351562,248.75,5342100
2025-03-05,245.25335693359375,251.35000610351562,252.74000549316406,247.00999450683594,251.5800018310547,4009800
2025-03-06,242.6578826904297,248.69000244140625,252.10000610351562,246.8000030517578,249.75,3254400
2025-03-07,255.1962127685547,261.5400085449219,261.9599914550781,245.17999267578125,245.9499969482422,6700200
2025-03-10,250.66873168945312,256.8999938964844,266.45001220703125,254.75,261.55999755859375,8165500
2025-03-11,242.91156005859375,248.9499969482422,256.70001220703125,245.86000061035156,255.99000549316406,5630600
2025-03-12,243.57508850097656,249.6300048828125,253.1300048828125,245.52999877929688,250.35000610351562,3848800
2025-03-13,239.83795166015625,245.8000030517578,249.27000427246094,243.0399932861328,248.8000030517578,3862400
2025-03-14,242.32611083984375,248.35000610351562,248.9499969482422,241.67999267578125,242.75,4045200
2025-03-17,246.8340606689453,252.97000122070312,254.6300048828125,249.0,249.25,3233900
2025-03-18,240.96006774902344,246.9499969482422,252.57000732421875,245.1199951171875,252.50999450683594,4171900
2025-03-19,246.17054748535156,252.2899932861328,253.66000366210938,246.63999938964844,248.3300018310547,3853600
2025-03-20,237.41815185546875,243.32000732421875,246.8000030517578,237.22000122070312,244.24000549316406,7026800
2025-03-21,237.9547882080078,243.8699951171875,245.2100067138672,238.5,241.69000244140625,9580100
2025-03-24,242.4237060546875,248.4499969482422,248.82000732421875,245.97000122070312,247.30999755859375,4753300
2025-03-25,243.83853149414062,249.89999389648438,250.89999389648438,248.1999969482422,248.36000061035156,3133800
2025-03-26,244.26783752441406,250.33999633789062,254.32000732421875,249.52999877929688,251.25,4450100
2025-03-27,240.238037109375,246.2100067138672,250.3000030517578,245.72999572753906,249.7100067138672,2889300
2025-03-28,238.0816192626953,244.0,247.57000732421875,242.07000732421875,246.27000427246094,3125300
2025-03-31,242.6286163330078,248.66000366210938,250.88999938964844,242.49000549316406,242.74000549316406,6795000
2025-04-01,244.26783752441406,250.33999633789062,250.6199951171875,243.49000549316406,248.02999877929688,4412900
2025-04-02,243.9165802001953,249.97999572753906,252.7899932861328,247.22999572753906,248.22000122070312,4080800
2025-04-03,237.58401489257812,243.49000549316406,250.61000061035156,242.52999877929688,242.7100067138672,5309600
2025-04-04,221.9623260498047,227.47999572753906,240.16000366210938,226.8800048828125,238.0,7407100
2025-04-07,220.30357360839844,225.77999877929688,232.2899932861328,214.5,219.24000549316406,7797900
2025-04-08,215.6687774658203,221.02999877929688,233.0500030517578,217.27999877929688,232.55999755859375,6850000
2025-04-09,229.60240173339844,235.30999755859375,236.3000030517578,215.16000366210938,217.1199951171875,7302800
2025-04-10,223.98211669921875,229.5500030517578,232.57000732421875,222.02000427246094,231.0,5656100
2025-04-11,229.76829528808594,235.47999572753906,237.5800018310547,227.50999450683594,229.72000122070312,4325900
2025-04-14,233.26145935058594,239.05999755859375,241.77000427246094,236.72999572753906,239.77000427246094,3321500
2025-04-15,234.86167907714844,240.6999969482422,241.52999877929688,238.27000427246094,239.5500030517578,3363700
2025-04-16,232.78335571289062,238.57000732421875,243.3000030517578,235.88999938964844,240.27999877929688,4869900
2025-04-17,233.01751708984375,238.80999755859375,241.77999877929688,237.39999389648438,239.67999267578125,4635200
2025-04-21,230.49034118652344,236.22000122070312,240.80999755859375,232.92999267578125,238.07000732421875,4908900
2025-04-22,235.0568084716797,240.89999389648438,242.63999938964844,238.02000427246094,238.5,4232700
2025-04-23,239.52574157714844,245.47999572753906,249.33999633789062,243.66000366210938,246.0,7948300
2025-04-24,223.7674560546875,229.3300018310547,232.77999877929688,224.44000244140625,231.17999267578125,15428100
2025-04-25,226.7727508544922,232.41000366210938,233.36000061035156,226.32000732421875,228.9499969482422,6700100
2025-04-28,230.4318084716797,236.16000366210938,236.6300048828125,232.07000732421875,232.86000061035156,3653500
2025-04-29,233.5834503173828,239.38999938964844,239.97999572753906,236.13999938964844,237.0,3426500
2025-04-30,235.95452880859375,241.82000732421875,242.47000122070312,234.33999633789062,236.72999572753906,5143000
2025-05-01,233.84690856933594,239.66000366210938,242.3699951171875,237.9499969482422,241.44000244140625,4243300
2025-05-02,239.5940399169922,245.5500030517578,245.69000244140625,241.3300018310547,243.1300048828125,3731900
2025-05-05,243.135986328125,249.17999267578125,249.8000030517578,243.63999938964844,243.74000549316406,4137800
2025-05-06,243.0774383544922,249.1199951171875,250.19000244140625,246.11000061035156,247.75999450683594,2900600
2025-05-07,247.22434997558594,253.3699951171875,254.47000122070312,248.8300018310547,249.4499969482422,3399700
2025-05-08,247.9756622314453,254.13999938964844,256.5199890136719,253.25,255.0,3637000
2025-05-09,244.77359008789062,249.1999969482422,253.0,247.63999938964844,252.50999450683594,2901300
2025-05-12,249.183837890625,253.69000244140625,253.80999755859375,244.64999389648438,252.5,4609500
2025-05-13,253.99679565429688,258.5899963378906,259.5799865722656,252.8800048828125,254.42999267578125,3521400
2025-05-14,253.240478515625,257.82000732421875,260.54998779296875,256.2200012207031,257.6000061035156,3634700
2025-05-15,261.9430847167969,266.67999267578125,267.42999267578125,258.6099853515625,259.010009765625,4856300
2025-05-16,262.0216979980469,266.760009765625,267.9800109863281,264.5899963378906,266.3500061035156,3817900
2025-05-19,263.6423645019531,268.4100036621094,269.1400146484375,265.0799865722656,265.45001220703125,3198600
2025-05-20,262.20831298828125,266.95001220703125,269.2799987792969,265.6199951171875,267.3999938964844,2437900
2025-05-21,256.2362976074219,260.8699951171875,265.6499938964844,260.4100036621094,264.9700012207031,3753900
2025-05-22,253.7806854248047,258.3699951171875,261.2699890136719,257.9100036621094,260.7699890136719,3091300
2025-05-23,254.0360870361328,258.6300048828125,259.8699951171875,255.7899932861328,258.5799865722656,2722600
2025-05-27,258.55438232421875,263.2300109863281,263.7900085449219,259.6300048828125,261.0,3284200
2025-05-28,255.61746215820312,260.239990234375,265.0,259.94000244140625,263.1600036621094,2318400
2025-05-29,254.09503173828125,258.69000244140625,261.1300048828125,256.7699890136719,260.75,2295000
2025-05-30,254.45843505859375,259.05999755859375,260.1199951171875,257.1000061035156,258.75,9668900
2025-06-02,259.21246337890625,263.8999938964844,263.9800109863281,257.2200012207031,257.8500061035156,2831900
2025-06-03,260.4894104003906,265.20001220703125,265.55999755859375,262.5799865722656,263.3500061035156,2494700
2025-06-04,260.8036804199219,265.5199890136719,267.0,264.7900085449219,264.8999938964844,2588600
2025-06-05,262.1199035644531,266.8599853515625,267.510009765625,265.1000061035156,265.20001220703125,2658400
2025-06-06,264.0942077636719,268.8699951171875,270.1700134277344,267.5299987792969,267.989990234375,2495200
2025-06-09,267.2471618652344,272.0799865722656,273.4700012207031,266.7099914550781,268.1000061035156,4331500
2025-06-10,271.3332824707031,276.239990234375,277.4700012207031,272.55999755859375,273.19000244140625,5163500
2025-06-11,276.5195007324219,281.5199890136719,281.75,275.1099853515625,276.70001220703125,4656000
2025-06-12,276.0382080078125,281.0299987792969,283.05999755859375,279.8299865722656,281.5299987792969,3418000
2025-06-13,272.2958679199219,277.2200012207031,279.8399963378906,275.8299865722656,278.2099914550781,3243800
2025-06-16,276.823974609375,281.8299865722656,284.5,278.6700134277344,279.30999755859375,3685300
2025-06-17,278.0223083496094,283.04998779296875,284.7900085449219,281.0,281.1499938964844,3069600
2025-06-18,278.1794738769531,283.2099914550781,286.9100036621094,282.94000244140625,285.0,3534100
2025-06-20,275.9792785644531,280.9700012207031,284.1199951171875,277.20001220703125,279.2799987792969,7677000
2025-06-23,284.0434265136719,289.17999267578125,289.5799865722656,280.2099914550781,281.6499938964844,3786200
2025-06-24,288.5715637207031,293.7900085449219,294.3399963378906,288.4100036621094,290.4599914550781,4219100
2025-06-25,285.8900146484375,291.05999755859375,296.1600036621094,289.5,294.489990234375,3862300
2025-06-26,286.74456787109375,291.92999267578125,292.9100036621094,290.1700134277344,291.79998779296875,3621100
2025-06-27,284.5542297363281,289.70001220703125,293.1199951171875,288.5199890136719,292.9700012207031,3562500
2025-06-30,289.5439453125,294.7799987792969,294.80999755859375,290.0,290.92999267578125,3495400
2025-07-01,286.0275573730469,291.20001220703125,295.1099853515625,290.0799865722656,294.54998779296875,3272800
2025-07-02,282.5406188964844,287.6499938964844,290.19000244140625,286.8999938964844,290.0,3257500
2025-07-03,286.78387451171875,291.9700012207031,292.32000732421875,287.8999938964844,287.94000244140625,1853300
2025-07-07,287.2749938964844,292.4700012207031,295.2200012207031,290.3599853515625,292.5,4488100
2025-07-08,285.26141357421875,290.4200134277344,295.6099853515625,289.489990234375,293.1000061035156,2925300
2025-07-09,284.9864196777344,290.1400146484375,291.6000061035156,288.6300048828125,291.3900146484375,2971300
2025-07-10,282.32452392578125,287.42999267578125,288.8999938964844,282.2099914550781,288.8999938964844,3487800
2025-07-11,278.552734375,283.5899963378906,287.42999267578125,282.9200134277344,285.010009765625,3790700
2025-07-14,278.7491760253906,283.7900085449219,284.92999267578125,281.7099914550781,282.8299865722656,2857100
2025-07-15,277.6785583496094,282.70001220703125,284.1499938964844,280.7300109863281,283.7699890136719,2864100
2025-07-16,276.91241455078125,281.9200134277344,283.8699951171875,279.8699951171875,282.75,2804800
2025-07-17,276.990966796875,282.0,283.4599914550781,280.8999938964844,281.5,3337200
2025-07-18,280.792236328125,285.8699951171875,287.1600036621094,282.2200012207031,283.3800048828125,4478200
2025-07-21,279.6528015136719,284.7099914550781,287.7300109863281,284.3800048828125,286.2900085449219,3051800
2025-07-22,276.9516906738281,281.9599914550781,284.8800048828125,281.25,284.739990234375,4824200
2025-07-23,277.0008239746094,282.010009765625,288.0799865722656,281.44000244140625,284.29998779296875,8105900
2025-07-24,255.88270568847656,260.510009765625,262.04998779296875,252.75,261.25,22647700
2025-07-25,255.10671997070312,259.7200012207031,260.79998779296875,256.3500061035156,260.0199890136719,7758700
2025-07-28,258.53472900390625,263.2099914550781,264.0,259.6099853515625,260.29998779296875,5192500
2025-07-29,257.74896240234375,262.4100036621094,265.79998779296875,261.0199890136719,264.29998779296875,4627300
2025-07-30,255.63714599609375,260.260009765625,262.0,258.8999938964844,261.6000061035156,3718300
2025-07-31,248.65341186523438,253.14999389648438,259.989990234375,252.22000122070312,259.57000732421875,6739100
2025-08-01,245.60848999023438,250.0500030517578,251.47999572753906,245.61000061035156,251.41000366210938,9683400
2025-08-04,247.5041961669922,251.97999572753906,252.0800018310547,248.11000061035156,251.0500030517578,5280600
2025-08-05,246.21746826171875,250.6699981689453,252.8000030517578,249.0,252.0,5823000
2025-08-06,247.7988739013672,252.27999877929688,254.32000732421875,249.27999877929688,251.52999877929688,3692100
2025-08-07,245.71653747558594,250.16000366210938,255.0,248.8800048828125,252.80999755859375,6251300
2025-08-08,239.5756072998047,242.27000427246094,249.47999572753906,241.64999389648438,248.8800048828125,6828400
2025-08-11,233.6719970703125,236.3000030517578,243.14999389648438,234.6999969482422,242.24000549316406,9382000
2025-08-12,232.1590118408203,234.77000427246094,237.9600067138672,233.36000061035156,236.52999877929688,8792800
2025-08-13,237.40008544921875,240.07000732421875,240.83999633789062,236.1999969482422,236.1999969482422,5663600
2025-08-14,234.4729766845703,237.11000061035156,239.0,235.6199951171875,238.25,4556700
2025-08-15,237.053955078125,239.72000122070312,240.6199951171875,236.77000427246094,237.61000061035156,4344300
2025-08-18,236.78695678710938,239.4499969482422,241.4199981689453,239.1199951171875,239.57000732421875,3569600
2025-08-19,238.59661865234375,241.27999877929688,242.8300018310547,239.49000549316406,240.0,3328300
2025-08-20,239.85247802734375,242.5500030517578,242.8800048828125,240.33999633789062,242.11000061035156,3240100
2025-08-21,236.7375030517578,239.39999389648438,242.5,238.64999389648438,242.2100067138672,2991900
2025-08-22,239.39759826660156,242.08999633789062,243.67999267578125,240.22000122070312,240.74000549316406,3134900
2025-08-25,236.76718139648438,239.42999267578125,242.57000732421875,239.42999267578125,242.57000732421875,3513300
2025-08-26,239.93161010742188,242.6300048828125,244.97999572753906,240.3800048828125,241.02000427246094,5386600
2025-08-27,242.11700439453125,244.83999633789062,245.9600067138672,242.0,242.8699951171875,3698400
2025-08-28,242.9971160888672,245.72999572753906,245.8800048828125,243.36000061035156,245.42999267578125,2820800
2025-08-29,240.78204345703125,243.49000549316406,245.4600067138672,241.72000122070312,245.22999572753906,2967600
2025-09-02,238.8141632080078,241.5,241.5500030517578,238.25,240.89999389648438,3469500
2025-09-03,241.38525390625,244.10000610351562,244.25,239.41000366210938,240.02000427246094,3163200
2025-09-04,244.43099975585938,247.17999267578125,249.27999877929688,242.85000610351562,245.4199981689453,4765100
2025-09-05,245.76597595214844,248.52999877929688,249.02999877929688,245.4499969482422,248.22999572753906,3147500
2025-09-08,253.2418975830078,256.0899963378906,257.1499938964844,247.02000427246094,248.6300048828125,6940300
2025-09-09,256.2283020019531,259.1099853515625,260.6600036621094,254.8800048828125,256.1199951171875,4931100
2025-09-10,254.0231170654297,256.8800048828125,260.0799865722656,254.55999755859375,259.6499938964844,5185400
2025-09-11,254.15167236328125,257.010009765625,258.54998779296875,255.66000366210938,257.55999755859375,3576000
2025-09-12,250.62136840820312,253.44000244140625,257.25,252.42999267578125,256.95001220703125,3433300
2025-09-15,253.39022827148438,256.239990234375,259.04998779296875,254.0,254.02000427246094,4028400
2025-09-16,254.65599060058594,257.5199890136719,258.0,254.41000366210938,256.260009765625,2719900
2025-09-17,256.1986389160156,259.0799865722656,260.9599914550781,257.010009765625,257.5,3974800
2025-09-18,262.0528259277344,265.0,265.2300109863281,256.79998779296875,258.8599853515625,4988400
2025-09-19,263.4372253417969,266.3999938964844,267.8699951171875,263.6400146484375,266.04998779296875,9858100
2025-09-22,268.3519592285156,271.3699951171875,272.30999755859375,266.0,266.6199951171875,5030500
2025-09-23,269.2122802734375,272.239990234375,273.29998779296875,269.2699890136719,272.70001220703125,5394100
2025-09-24,264.5546569824219,267.5299987792969,273.6499938964844,267.29998779296875,272.6199951171875,3159900
2025-09-25,278.3099670410156,281.44000244140625,284.2300109863281,271.1499938964844,272.94000244140625,11506200
2025-09-26,281.1480407714844,284.30999755859375,288.8500061035156,280.1099853515625,280.510009765625,9063900
2025-09-29,276.6882019042969,279.79998779296875,286.0,279.6600036621094,286.0,6022100
2025-09-30,279.02197265625,282.1600036621094,286.0199890136719,280.5199890136719,280.8800048828125,5926900
2025-10-01,283.3038024902344,286.489990234375,286.5899963378906,280.1499938964844,280.20001220703125,4381300
2025-10-02,283.53125,286.7200012207031,288.5400085449219,282.7900085449219,285.7900085449219,3814200
2025-10-03,285.16290283203125,288.3699951171875,293.32000732421875,287.29998779296875,287.5,4375100
2025-10-06,286.20123291015625,289.4200134277344,291.45001220703125,287.79998779296875,288.6099853515625,2881900
2025-10-07,290.60174560546875,293.8699951171875,301.0400085449219,293.2900085449219,295.54998779296875,7190100
2025-10-08,286.24078369140625,289.4599914550781,294.20001220703125,286.4700012207031,294.1600036621094,5297000
2025-10-09,285.02447509765625,288.2300109863281,290.1300048828125,283.32000732421875,289.82000732421875,4912400
2025-10-10,274.730224609375,277.82000732421875,290.3900146484375,277.5,288.9700012207031,4508500
2025-10-13,274.13690185546875,277.2200012207031,282.44000244140625,274.6400146484375,279.7900085449219,4333800
2025-10-14,273.07879638671875,276.1499938964844,277.5299987792969,272.54998779296875,275.5199890136719,3058100
2025-10-15,277.6276550292969,280.75,285.45001220703125,277.0,278.3800048828125,3346800
2025-10-16,272.90081787109375,275.9700012207031,282.55999755859375,275.6000061035156,281.1099853515625,2956900
2025-10-17,278.1517639160156,281.2799987792969,283.3999938964844,275.3500061035156,276.1499938964844,5309600
2025-10-20,280.4953918457031,283.6499938964844,285.5,280.9599914550781,281.25,3494300
2025-10-21,278.9131774902344,282.04998779296875,285.30999755859375,281.6000061035156,283.30999755859375,4081000
2025-10-22,284.3124694824219,287.510009765625,289.1700134277344,281.3500061035156,281.989990234375,10538500
2025-10-23,281.83038330078125,285.0,285.5799865722656,263.55999755859375,264.95001220703125,16676400
2025-10-24,304.04058837890625,307.4599914550781,310.75,282.2099914550781,283.7699890136719,16914200
2025-10-27,309.60797119140625,313.0899963378906,313.5,302.8800048828125,307.79998779296875,9868200
2025-10-28,309.0937805175781,312.57000732421875,319.3500061035156,311.4100036621094,312.6000061035156,6044800
2025-10-29,304.7822570800781,308.2099914550781,314.3299865722656,307.5199890136719,312.7900085449219,4135900
2025-10-30,306.6116943359375,310.05999755859375,313.75,305.0199890136719,306.6499938964844,4694300
2025-10-31,303.99114990234375,307.4100036621094,313.5,301.6300048828125,312.0,7697500
2025-11-03,301.3409423828125,304.7300109863281,312.1400146484375,304.2300109863281,308.0,4958000
2025-11-04,297.50408935546875,300.8500061035156,303.1700134277344,296.0,300.0,5677300
2025-11-05,303.3582763671875,306.7699890136719,307.20001220703125,299.7099914550781,301.3800048828125,4650400
2025-11-06,308.9454345703125,312.4200134277344,315.44000244140625,301.0899963378906,306.75,6818500
2025-11-07,302.9726257324219,306.3800048828125,310.0,302.6300048828125,309.67999267578125,5070800
2025-11-10,307.37750244140625,309.1300048828125,309.94000244140625,304.2300109863281,306.82000732421875,2975200
2025-11-11,311.94146728515625,313.7200012207031,317.9100036621094,308.42999267578125,309.0,4381900
2025-11-12,313.1943359375,314.9800109863281,324.8999938964844,314.5299987792969,319.8900146484375,6042700
2025-11-13,303.1316833496094,304.8599853515625,314.6000061035156,303.67999267578125,312.2900085449219,5310200
2025-11-14,303.9570007324219,305.69000244140625,307.7200012207031,297.5899963378906,300.0,3592500
2025-11-17,295.48529052734375,297.1700134277344,306.0,296.510009765625,305.5899963378906,3909700
2025-11-18,288.3062438964844,289.95001220703125,297.0,289.9200134277344,297.0,4861900
2025-11-19,286.8942565917969,288.5299987792969,291.1099853515625,288.07000732421875,290.5,3595900
2025-11-20,288.753662109375,290.3999938964844,300.7099914550781,290.1600036621094,294.6400146484375,5597000
2025-11-21,295.7537536621094,297.44000244140625,300.4800109863281,291.8900146484375,293.4800109863281,5710900
2025-11-24,302.3958740234375,304.1199951171875,307.17999267578125,297.510009765625,299.17999267578125,6050600
2025-11-25,302.75384521484375,304.4800109863281,306.0,297.05999755859375,304.1300048828125,2825300
2025-11-26,301.49102783203125,303.2099914550781,306.6000061035156,301.6400146484375,305.17999267578125,2196400
2025-11-28,306.8305969238281,308.5799865722656,309.17999267578125,303.6000061035156,304.05999755859375,1689000
2025-12-01,303.9371032714844,305.6700134277344,307.1199951171875,302.79998779296875,306.510009765625,3166600
2025-12-02,300.06915283203125,301.7799987792969,310.4700012207031,301.57000732421875,307.0,4261100
2025-12-03,300.9043884277344,302.6199951171875,303.9700012207031,298.9100036621094,302.8800048828125,3953400
2025-12-04,306.2439270019531,307.989990234375,309.6099853515625,302.5400085449219,302.8800048828125,2962500
2025-12-05,306.1942443847656,307.94000244140625,311.8299865722656,307.17999267578125,308.5899963378906,2344700
2025-12-08,307.42718505859375,309.17999267578125,315.3500061035156,307.95001220703125,309.6199951171875,3630200
2025-12-09,308.7198486328125,310.4800109863281,313.9700012207031,308.75,309.6300048828125,2935300
2025-12-10,310.8974304199219,312.6700134277344,314.69000244140625,306.6499938964844,310.2300109863281,3411500
2025-12-11,308.9783630371094,310.739990234375,313.44000244140625,308.3999938964844,312.0,2755700
2025-12-12,307.4868469238281,309.239990234375,311.04998779296875,303.3299865722656,310.57000732421875,2953400
2025-12-15,306.91015625,308.6600036621094,311.3599853515625,306.3500061035156,308.989990234375,3566700
2025-12-16,301.4612121582031,303.17999267578125,307.3800048828125,300.4200134277344,307.32000732421875,3366900
2025-12-17,301.6004333496094,303.32000732421875,306.25,303.0799865722656,303.7900085449219,3131000
2025-12-18,298.7467041015625,300.45001220703125,304.45001220703125,295.70001220703125,303.1499938964844,5411700
2025-12-19,299.2737121582031,300.9800109863281,306.8599853515625,299.1000061035156,300.3500061035156,11031000
2025-12-22,301.07342529296875,302.7900085449219,303.17999267578125,298.32000732421875,301.0299987792969,2612100
2025-12-23,302.0578308105469,303.7799987792969,305.1300048828125,300.6499938964844,301.3399963378906,2923000
2025-12-24,302.8334045410156,304.55999755859375,305.1499938964844,302.29998779296875,303.760009765625,1210600
2025-12-26,303.3603820800781,305.0899963378906,305.75,303.6700134277344,304.69000244140625,2814700
2025-12-29,304.0066833496094,305.739990234375,310.0,303.75,304.6499938964844,4664500
2025-12-30,300.3376159667969,302.04998779296875,306.239990234375,302.0,306.1499938964844,1883700
2025-12-31,294.5307312011719,296.2099914550781,301.8500061035156,295.8699951171875,301.760009765625,3430100
2026-01-02,289.8474426269531,291.5,297.57000732421875,289.0,297.55999755859375,4662800
2026-01-05,293.2977600097656,294.9700012207031,299.19000244140625,294.25,295.7699890136719,4190000
2026-01-06,300.7552490234375,302.4700012207031,303.0400085449219,294.4200134277344,295.0,4147300
2026-01-07,295.04779052734375,296.7300109863281,304.30999755859375,296.3500061035156,302.5,2833300
2026-01-08,301.0038146972656,302.7200012207031,303.6700134277344,295.0,295.0,3343300
2026-01-09,302.4953308105469,304.2200012207031,307.0,302.0,302.6099853515625,2718800
2026-01-12,310.4101867675781,312.17999267578125,312.3299865722656,299.9599914550781,302.6199951171875,3895200
2026-01-13,301.44134521484375,303.1600036621094,312.80999755859375,301.8699951171875,311.6000061035156,4507800
2026-01-14,307.2780456542969,309.0299987792969,309.19000244140625,301.5,303.5,3779000
2026-01-15,296.2608947753906,297.95001220703125,311.8800048828125,297.0400085449219,309.0,4932500
2026-01-16,303.9371032714844,305.6700134277344,307.45001220703125,300.7799987792969,301.0,6199600
2026-01-20,289.69830322265625,291.3500061035156,301.6000061035156,290.1600036621094,301.3500061035156,7275500
2026-01-21,295.85321044921875,297.5400085449219,297.6700134277344,292.510009765625,292.760009765625,5185000
2026-01-22,292.9994812011719,294.6700134277344,300.92999267578125,293.5299987792969,299.4200134277344,3670200
2026-01-23,290.7821044921875,292.44000244140625,294.3399963378906,289.7900085449219,294.07000732421875,3298400
2026-01-26,294.6500244140625,296.3299865722656,296.82000732421875,293.1400146484375,293.1600036621094,3726900
2026-01-27,292.19403076171875,293.8599853515625,297.3299865722656,293.2699890136719,297.1600036621094,2954900
2026-01-28,292.49237060546875,294.1600036621094,295.95001220703125,291.260009765625,294.1700134277344,5790300
2026-01-29,307.4868469238281,309.239990234375,319.8999938964844,303.4700012207031,317.8599853515625,10124900
2026-01-30,304.9612731933594,306.70001220703125,307.7799987792969,299.7300109863281,307.6000061035156,5940700
2026-02-02,312.94573974609375,314.7300109863281,316.6400146484375,306.4100036621094,307.510009765625,4581200
2026-02-03,292.6415100097656,294.30999755859375,312.9800109863281,283.8500061035156,312.3999938964844,11466500
2026-02-04,287.41131591796875,289.04998779296875,291.4100036621094,278.9599914550781,291.4100036621094,8708000
2026-02-05,288.24658203125,289.8900146484375,291.80999755859375,285.1000061035156,286.1000061035156,5532800
2026-02-06,297.23529052734375,298.92999267578125,299.8900146484375,290.6600036621094,292.5,3744300
2026-02-09,294.6600036621094,296.3399963378906,297.7200012207031,291.4200134277344,295.9100036621094,4627800
2026-02-10,291.760009765625,291.760009765625,297.6099853515625,290.3299865722656,294.989990234375,3837300
2026-02-11,272.80999755859375,272.80999755859375,293.5,272.3599853515625,292.3399963378906,7628200
2026-02-12,259.5199890136719,259.5199890136719,271.29998779296875,257.2200012207031,270.29998779296875,12565400
2026-02-13,262.3800048828125,262.3800048828125,264.6600036621094,256.6400146484375,260.0,6842600
2026-02-17,258.30999755859375,258.30999755859375,260.70001220703125,254.64999389648438,259.20001220703125,4929700
2026-02-18,260.7900085449219,260.7900085449219,261.1099853515625,256.25,258.6400146484375,3949200
2026-02-19,256.2799987792969,256.2799987792969,258.2799987792969,253.50999450683594,256.0,4948700
2026-02-20,257.1600036621094,257.1600036621094,259.0400085449219,253.8000030517578,255.1999969482422,4708600
2026-02-23,223.35000610351562,223.35000610351562,255.19000244140625,220.72000122070312,254.3699951171875,19522900
2026-02-24,229.32000732421875,229.32000732421875,236.58999633789062,223.6300048828125,227.8000030517578,13379800
2026-02-25,237.5399932861328,237.5399932861328,239.5500030517578,231.22000122070312,233.22000122070312,8569700
2026-02-26,242.00999450683594,242.00999450683594,247.49000549316406,238.9499969482422,239.7100067138672,7343100
2026-02-27,240.2100067138672,240.2100067138672,240.2100067138672,234.57000732421875,238.07000732421875,6642200
2026-03-02,239.3699951171875,239.3699951171875,240.77999877929688,233.77999877929688,235.6999969482422,6220300
2026-03-03,245.27999877929688,245.27999877929688,246.08999633789062,234.2899932861328,236.35000610351562,6960400
2026-03-04,250.05999755859375,250.05999755859375,250.85000610351562,244.9600067138672,245.75,6085000
2026-03-05,256.54998779296875,256.54998779296875,260.3800048828125,249.0,249.32000732421875,9894600
2026-03-06,258.8500061035156,258.8500061035156,259.3999938964844,252.2100067138672,256.44000244140625,6234400
2026-03-09,253.3300018310547,253.3300018310547,258.0799865722656,251.57000732421875,255.3800048828125,6126600
2026-03-10,250.1999969482422,250.1999969482422,253.44000244140625,246.5500030517578,253.25999450683594,4938000
2026-03-11,248.8699951171875,248.8699951171875,253.72000122070312,247.1999969482422,250.00999450683594,4008500
2026-03-12,247.67999267578125,247.67999267578125,250.0500030517578,245.63999938964844,247.10000610351562,5547700
2026-03-13,246.27999877929688,246.27999877929688,249.72000122070312,244.7100067138672,247.6699981689453,4338400
2026-03-16,249.25,249.25,252.1999969482422,246.10000610351562,247.8699951171875,5674200
2026-03-17,256.1099853515625,256.1099853515625,256.3900146484375,250.0,250.50999450683594,5840100
2026-03-18,251.60000610351562,251.60000610351562,258.2799987792969,250.16000366210938,254.16000366210938,5177000
2026-03-19,250.3699951171875,250.3699951171875,252.19000244140625,248.25,249.42999267578125,4249500
2026-03-20,241.77000427246094,241.77000427246094,250.27999877929688,241.77000427246094,249.0,11314100
2026-03-23,248.44000244140625,248.44000244140625,251.35000610351562,244.7100067138672,246.5,4972000
2026-03-24,240.58999633789062,240.58999633789062,247.11000061035156,238.0,246.4499969482422,4151500
2026-03-25,241.38999938964844,241.38999938964844,246.19000244140625,238.0,243.60000610351562,4207900
2026-03-26,241.6699981689453,241.6699981689453,246.6699981689453,239.8000030517578,240.55999755859375,3606800
2026-03-27,236.33999633789062,236.33999633789062,239.44000244140625,233.75,238.85000610351562,4853700
2026-03-30,237.25,237.25,240.2100067138672,236.1300048828125,237.8000030517578,3882600
2026-03-31,242.38999938964844,242.38999938964844,242.85000610351562,236.3800048828125,240.27000427246094,4750300
2026-04-01,243.13999938964844,243.13999938964844,246.25999450683594,240.13999938964844,242.1199951171875,4228700
2026-04-02,248.16000366210938,248.16000366210938,248.2100067138672,241.49000549316406,243.0,3350900
2026-04-06,246.74000549316406,246.74000549316406,248.89999389648438,244.74000549316406,248.13999938964844,3376000
2026-04-07,245.07000732421875,245.07000732421875,245.75999450683594,241.10000610351562,245.32000732421875,2356100
2026-04-08,241.74000549316406,241.74000549316406,250.0,240.8000030517578,248.6300048828125,4771500
2026-04-09,237.17999267578125,237.17999267578125,241.74000549316406,233.75999450683594,240.8800048828125,5078600
2026-04-10,230.75999450683594,230.75999450683594,239.27000427246094,230.50999450683594,239.19000244140625,5869400
2026-04-13,237.82000732421875,237.82000732421875,238.07000732421875,231.6999969482422,233.6300048828125,5349600
2026-04-14,240.27000427246094,240.27000427246094,241.5399932861328,238.1199951171875,238.75,3777300
2026-04-15,244.8000030517578,244.8000030517578,246.05999755859375,240.99000549316406,242.25,3879500
2026-04-16,251.0,251.0,251.22000122070312,246.1300048828125,248.75,4817500
2026-04-17,253.47000122070312,253.47000122070312,255.64999389648438,251.0399932861328,254.6699981689453,5671500
2026-04-20,253.7100067138672,253.7100067138672,258.5,252.55999755859375,255.0,5157700
2026-04-21,255.67999267578125,255.67999267578125,258.0899963378906,251.8699951171875,254.0,5584900
2026-04-22,251.86000061035156,251.86000061035156,257.5400085449219,247.2100067138672,254.50999450683594,12190200
2026-04-23,231.0800018310547,231.0800018310547,232.91000366210938,221.72999572753906,232.27000427246094,22297800
2026-04-24,231.97999572753906,231.97999572753906,232.8000030517578,225.0,231.92999267578125,9816900
2026-04-27,228.0500030517578,228.0500030517578,231.32000732421875,227.1199951171875,229.9499969482422,8060700
2026-04-28,233.0399932861328,233.0399932861328,233.55499267578125,228.47000122070312,230.5,5065819
