Date,Adj Close,Close,High,Low,Open,Volume
2016-01-04,96.46424865722656,110.01000213623047,110.83000183105469,109.08000183105469,110.61000061035156,66665900
2016-01-05,96.67469024658203,110.25,110.58000183105469,109.55000305175781,110.41000366210938,28253300
2016-01-06,95.20153045654297,108.56999969482422,109.5999984741211,108.0,108.69999694824219,35569200
2016-01-07,92.65863800048828,105.66999816894531,107.5,105.48999786376953,106.72000122070312,52482000
2016-01-08,91.06271362304688,103.8499984741211,106.48999786376953,103.66000366210938,105.87000274658203,60299300
2016-01-11,90.66813659667969,103.4000015258789,104.77999877929688,102.30999755859375,104.20999908447266,47144800
2016-01-12,90.9399642944336,103.70999908447266,104.98999786376953,101.94000244140625,104.22000122070312,53702900
2016-01-13,88.01998901367188,100.37999725341797,104.41999816894531,99.6500015258789,103.91000366210938,70591600
2016-01-14,89.23884582519531,101.7699966430664,102.70999908447266,99.19000244140625,100.86000061035156,69373400
2016-01-15,87.79203033447266,100.12000274658203,100.29000091552734,97.51000213623047,99.08000183105469,85759200
2016-01-19,86.60823059082031,98.7699966430664,101.19999694824219,97.73999786376953,101.06999969482422,51391100
2016-01-20,86.96774291992188,99.18000030517578,100.33000183105469,95.05999755859375,97.43000030517578,94385800
2016-01-21,86.76605224609375,98.94999694824219,100.91000366210938,98.37999725341797,99.33000183105469,65798200
2016-01-22,88.88809204101562,101.37000274658203,101.61000061035156,100.12999725341797,100.6500015258789,46056700
2016-01-25,86.91514587402344,99.12000274658203,101.08000183105469,98.8499984741211,100.73999786376953,35019600
2016-01-26,88.65131378173828,101.0999984741211,101.4000015258789,99.18000030517578,99.5199966430664,33349600
2016-01-27,87.43247985839844,99.70999908447266,101.58999633789062,99.05999755859375,100.58999633789062,47973900
2016-01-28,87.41493225097656,99.69000244140625,100.94999694824219,99.22000122070312,100.55000305175781,41951100
2016-01-29,90.2823257446289,102.95999908447266,102.9800033569336,99.95999908447266,100.04000091552734,42245300
2016-02-01,89.87019348144531,102.48999786376953,103.08999633789062,101.25,102.13999938964844,33615700
2016-02-02,87.93228912353516,100.27999877929688,101.47000122070312,99.7699966430664,101.33000183105469,39692700
2016-02-03,88.04629516601562,100.41000366210938,101.06999969482422,98.13999938964844,101.05999755859375,55262500
2016-02-04,88.38827514648438,100.80000305175781,101.97000122070312,99.97000122070312,100.0,51188400
2016-02-05,85.9681167602539,98.04000091552734,100.44000244140625,97.95999908447266,100.3499984741211,53366600
2016-02-08,84.5563735961914,96.43000030517578,97.01000213623047,94.94000244140625,97.01000213623047,61107700
2016-02-09,83.98637390136719,95.77999877929688,97.12999725341797,95.0199966430664,95.12999725341797,55857200
2016-02-10,84.0302505493164,95.83000183105469,97.91999816894531,95.68000030517578,96.44999694824219,42756100
2016-02-11,83.11831665039062,94.79000091552734,95.4000015258789,93.63999938964844,94.08000183105469,57923200
2016-02-12,84.6966552734375,96.58999633789062,96.79000091552734,95.19000244140625,95.66000366210938,40097300
2016-02-16,86.70466613769531,98.87999725341797,99.0999984741211,97.22000122070312,97.79000091552734,38882100
2016-02-17,88.06383514404297,100.43000030517578,101.08999633789062,99.52999877929688,99.56999969482422,40940400
2016-02-18,87.6429214477539,99.94999694824219,100.63999938964844,99.54000091552734,100.51000213623047,35043600
2016-02-19,88.08138275146484,100.44999694824219,100.55999755859375,99.11000061035156,99.55999755859375,32424800
2016-02-22,89.0634536743164,101.56999969482422,102.01000213623047,101.23999786376953,101.33999633789062,28867400
2016-02-23,88.24797058105469,100.63999938964844,101.48999786376953,100.55000305175781,101.23999786376953,29857100
2016-02-24,89.09855651855469,101.61000061035156,101.81999969482422,98.97000122070312,99.62000274658203,36909600
2016-02-25,89.91402435302734,102.54000091552734,102.5999984741211,101.38999938964844,101.79000091552734,22612600
2016-02-26,90.4840087890625,103.19000244140625,103.47000122070312,102.69999694824219,103.05999755859375,27474700
2016-02-29,90.08062744140625,102.7300033569336,104.02999877929688,102.72000122070312,103.12999725341797,32014400
2016-03-01,92.01854705810547,104.94000244140625,104.94000244140625,103.06999969482422,103.62000274658203,36422700
2016-03-02,92.96552276611328,106.0199966430664,106.08999633789062,104.58999633789062,104.79000091552734,24937100
2016-03-03,93.93885040283203,107.12999725341797,107.1500015258789,105.91999816894531,106.05000305175781,28216300
2016-03-04,94.4561996459961,107.72000122070312,108.31999969482422,106.66999816894531,107.06999969482422,38180900
2016-03-07,95.48213958740234,108.88999938964844,108.98999786376953,107.20999908447266,107.20999908447266,38739900
2016-03-08,93.17597198486328,106.26000213623047,108.29000091552734,106.13999938964844,108.29000091552734,46193900
2016-03-09,93.64945220947266,106.80000305175781,107.01000213623047,106.06999969482422,106.62000274658203,25627200
2016-03-10,92.8865737915039,105.93000030517578,107.48999786376953,104.80999755859375,107.0999984741211,47051200
2016-03-11,94.87710571289062,108.19999694824219,108.33000183105469,106.66000366210938,106.79000091552734,33625000
2016-03-14,94.63155364990234,107.91999816894531,108.33999633789062,107.4000015258789,107.87000274658203,24422700
2016-03-15,93.1584243774414,106.23999786376953,107.27999877929688,106.02999877929688,107.20999908447266,34258400
2016-03-16,93.81610107421875,106.98999786376953,107.33000183105469,105.7300033569336,105.7300033569336,37952200
2016-03-17,95.254150390625,108.62999725341797,109.0999984741211,106.33000183105469,106.98999786376953,41724500
2016-03-18,96.11348724365234,109.61000061035156,109.94999694824219,108.69999694824219,108.7699966430664,36512600
2016-03-21,95.88549041748047,109.3499984741211,109.94000244140625,109.08000183105469,109.44000244140625,29903700
2016-03-22,95.7715072631836,109.22000122070312,109.69000244140625,108.47000122070312,108.77999877929688,23602100
2016-03-23,94.00105285644531,106.87999725341797,108.58999633789062,106.80000305175781,108.54000091552734,39243300
2016-03-24,94.28250885009766,107.19999694824219,107.22000122070312,105.73999786376953,106.23999786376953,30924300
2016-03-28,94.39684295654297,107.33000183105469,107.77999877929688,106.55000305175781,107.43000030517578,21096400
2016-03-29,97.01773834228516,110.30999755859375,110.33999633789062,106.7699966430664,107.04000091552734,46761100
2016-03-30,97.02653503417969,110.31999969482422,111.12000274658203,110.05000305175781,110.88999938964844,35683500
2016-03-31,97.29916381835938,110.62999725341797,111.16999816894531,110.33999633789062,110.4800033569336,28555900
2016-04-01,97.73014831542969,111.12000274658203,111.22000122070312,109.4800033569336,109.61000061035156,29981400
2016-04-04,96.91221618652344,110.19000244140625,111.31999969482422,110.0999984741211,110.91000366210938,21529400
2016-04-05,95.8128433227539,108.94000244140625,109.86000061035156,108.83999633789062,109.37000274658203,32515800
2016-04-06,96.89463806152344,110.16999816894531,110.2699966430664,108.58999633789062,108.93000030517578,28157800
2016-04-07,95.58417510986328,108.68000030517578,109.87999725341797,108.12999725341797,109.37000274658203,33298400
2016-04-08,95.96233367919922,109.11000061035156,110.06999969482422,108.62999725341797,109.61000061035156,26151700
2016-04-11,95.66332244873047,108.7699966430664,110.55000305175781,108.75,109.73999786376953,25842100
2016-04-12,96.69234466552734,109.94000244140625,110.18000030517578,108.43000030517578,108.79000091552734,25058700
2016-04-13,98.7767562866211,112.30999755859375,112.43000030517578,110.51000213623047,110.58000183105469,40534700
2016-04-14,98.65363311767578,112.16999816894531,112.69999694824219,111.87999725341797,112.26000213623047,25538600
2016-04-15,98.89989471435547,112.44999694824219,112.62999725341797,111.86000061035156,111.9000015258789,21176100
2016-04-18,99.64747619628906,113.30000305175781,113.38999938964844,111.87000274658203,111.9800033569336,19428300
2016-04-19,99.72661590576172,113.38999938964844,114.12999725341797,112.88999938964844,113.51000213623047,23228100
2016-04-20,99.8761215209961,113.55999755859375,114.20999908447266,112.97000122070312,113.38999938964844,21422500
2016-04-21,99.37483978271484,112.98999786376953,113.91999816894531,112.66000366210938,113.47000122070312,20535700
2016-04-22,100.35985565185547,114.11000061035156,114.19000244140625,112.9800033569336,112.9800033569336,29094500
2016-04-25,99.64747619628906,113.30000305175781,113.91000366210938,112.80999755859375,113.80000305175781,16369600
2016-04-26,100.62369537353516,114.41000366210938,114.52999877929688,113.16999816894531,113.66999816894531,30564100
2016-04-27,100.97550201416016,114.80999755859375,115.05000305175781,113.9000015258789,114.4800033569336,24360300
2016-04-28,99.82334899902344,113.5,115.0,113.19000244140625,114.2699966430664,26126500
2016-04-29,98.92626953125,112.4800033569336,113.45999908447266,111.72000122070312,113.01000213623047,33284500
2016-05-02,99.80579376220703,113.4800033569336,113.51000213623047,112.18000030517578,112.83000183105469,21881000
2016-05-03,98.16988372802734,111.62000274658203,112.55999755859375,110.93000030517578,112.55000305175781,37929600
2016-05-04,97.36074829101562,110.69999694824219,111.98999786376953,110.37000274658203,110.98999786376953,30767200
2016-05-05,96.97378540039062,110.26000213623047,111.33000183105469,110.0999984741211,111.1500015258789,26249200
2016-05-06,97.54544830322266,110.91000366210938,110.93000030517578,109.54000091552734,109.80000305175781,25497400
2016-05-09,97.82688903808594,111.2300033569336,111.88999938964844,110.62999725341797,110.91999816894531,23427000
2016-05-10,98.81195068359375,112.3499984741211,112.4000015258789,111.06999969482422,111.66000366210938,18635300
2016-05-11,97.58942413330078,110.95999908447266,112.2699966430664,110.87000274658203,112.0999984741211,23604600
2016-05-12,97.0705337524414,110.37000274658203,111.48999786376953,109.5,111.19000244140625,34803000
2016-05-13,96.42849731445312,109.63999938964844,110.94000244140625,109.36000061035156,110.05999755859375,24510300
2016-05-16,97.6510009765625,111.02999877929688,111.5199966430664,109.87000274658203,109.91999816894531,27337000
2016-05-17,96.10304260253906,109.2699966430664,111.41999816894531,108.7699966430664,110.87999725341797,46676300
2016-05-18,96.6043930053711,109.83999633789062,110.66000366210938,108.79000091552734,108.80999755859375,35734400
2016-05-19,95.83042907714844,108.95999908447266,109.7699966430664,107.98999786376953,109.04000091552734,36995600
2016-05-20,97.43993377685547,110.79000091552734,110.79000091552734,109.2300033569336,109.29000091552734,37404500
2016-05-23,97.32561492919922,110.66000366210938,111.38999938964844,110.5,110.7699966430664,23721700
2016-05-24,99.33084869384766,112.94000244140625,113.22000122070312,111.2699966430664,111.30999755859375,41124300
2016-05-25,99.91132354736328,113.5999984741211,113.9000015258789,113.08000183105469,113.30000305175781,26202900
2016-05-26,99.79698944091797,113.47000122070312,114.0199966430664,113.25,113.7699966430664,15157200
2016-05-27,100.79080963134766,114.5999984741211,114.5999984741211,113.51000213623047,113.55999755859375,21265100
2016-05-31,101.14262390136719,115.0,115.54000091552734,114.5,114.81999969482422,32764400
2016-06-01,101.8286361694336,115.77999877929688,115.94999694824219,114.41999816894531,114.61000061035156,26806100
2016-06-02,102.61136627197266,116.66999816894531,116.66999816894531,115.37000274658203,115.48999786376953,23303300
2016-06-03,101.99574279785156,115.97000122070312,116.47000122070312,115.0,116.47000122070312,28733200
2016-06-06,103.09513854980469,117.22000122070312,117.58000183105469,116.01000213623047,116.08000183105469,26946000
2016-06-07,103.39413452148438,117.55999755859375,117.9800033569336,116.95999908447266,117.29000091552734,21038500
2016-06-08,104.1593246459961,118.43000030517578,118.63999938964844,117.6500015258789,117.66000366210938,27999900
2016-06-09,103.49085998535156,117.66999816894531,117.94000244140625,117.29000091552734,117.94000244140625,23440700
2016-06-10,102.08365631103516,116.06999969482422,116.87999725341797,115.69000244140625,116.58000183105469,32686800
2016-06-13,100.97550201416016,114.80999755859375,116.18000030517578,114.58999633789062,115.6500015258789,36169500
2016-06-14,100.6852798461914,114.4800033569336,115.11000061035156,113.66999816894531,114.38999938964844,34267600
2016-06-15,100.7556381225586,114.55999755859375,115.55999755859375,114.45999908447266,114.88999938964844,24197700
2016-06-16,100.74684143066406,114.55000305175781,114.58999633789062,112.88999938964844,113.72000122070312,36306600
2016-06-17,100.31588745117188,114.05999755859375,114.91999816894531,113.68000030517578,114.41000366210938,30096400
2016-06-20,101.40646362304688,115.30000305175781,116.44999694824219,115.30000305175781,115.80000305175781,28219800
2016-06-21,101.2129898071289,115.08000183105469,115.41000366210938,114.33000183105469,115.33999633789062,34706800
2016-06-22,100.81718444824219,114.62999725341797,115.87999725341797,114.48999786376953,115.30000305175781,27226100
2016-06-23,102.74329376220703,116.81999969482422,116.91000366210938,115.7300033569336,115.81999969482422,30240300
2016-06-24,98.83830261230469,112.37999725341797,114.04000091552734,111.5,111.94000244140625,74945400
2016-06-27,95.59296417236328,108.69000244140625,111.06999969482422,108.19000244140625,111.06999969482422,58358800
2016-06-28,97.0705337524414,110.37000274658203,110.87999725341797,109.56999969482422,109.6500015258789,42040600
2016-06-29,99.27806854248047,112.87999725341797,113.05000305175781,111.52999877929688,111.69999694824219,34031600
2016-06-30,101.12504577636719,114.9800033569336,115.0199966430664,112.56999969482422,113.12000274658203,42973800
2016-07-01,101.48562622070312,115.38999938964844,115.94999694824219,114.80000305175781,115.05000305175781,24401900
2016-07-05,99.99049377441406,113.69000244140625,115.26000213623047,113.06999969482422,115.0199966430664,29347200
2016-07-06,100.7165298461914,113.88999938964844,114.01000213623047,112.30999755859375,112.54000091552734,24678300
2016-07-07,100.92876434326172,114.12999725341797,114.98999786376953,113.41000366210938,114.22000122070312,20780600
2016-07-08,103.28106689453125,116.79000091552734,117.08999633789062,115.1500015258789,115.25,37964800
2016-07-11,104.47492218017578,118.13999938964844,118.43000030517578,117.47000122070312,117.55999755859375,26987300
2016-07-12,105.87216186523438,119.72000122070312,120.41999816894531,118.83000183105469,119.0,44153000
2016-07-13,105.4565200805664,119.25,120.38999938964844,118.94999694824219,120.33000183105469,28050200
2016-07-14,105.56266021728516,119.37000274658203,120.36000061035156,119.30000305175781,120.30000305175781,19345400
2016-07-15,105.85448455810547,119.69999694824219,120.04000091552734,119.27999877929688,119.88999938964844,23857300
2016-07-18,106.03133392333984,119.9000015258789,120.3499984741211,119.33000183105469,119.52999877929688,17422400
2016-07-19,105.50077056884766,119.30000305175781,119.97000122070312,118.93000030517578,119.76000213623047,19734100
2016-07-20,106.19051361083984,120.08000183105469,120.44000244140625,118.94000244140625,119.55000305175781,22390500
2016-07-21,105.68643951416016,119.51000213623047,120.5999984741211,119.25,120.01000213623047,19018700
2016-07-22,106.4735107421875,120.4000015258789,120.6500015258789,119.3499984741211,119.58000183105469,17796100
2016-07-25,106.3143310546875,120.22000122070312,120.45999908447266,119.76000213623047,120.1500015258789,13694600
2016-07-26,106.8272476196289,120.80000305175781,120.97000122070312,119.91999816894531,120.19999694824219,19551100
2016-07-27,107.12791442871094,121.13999938964844,121.47000122070312,120.3499984741211,121.0,21064700
2016-07-28,106.85377502441406,120.83000183105469,121.23999786376953,120.52999877929688,120.87999725341797,16540100
2016-07-29,107.06600952148438,121.06999969482422,121.76000213623047,120.05000305175781,120.70999908447266,30267900
2016-08-01,107.15443420410156,121.16999816894531,121.69999694824219,120.44000244140625,121.19999694824219,34771700
2016-08-02,105.65992736816406,119.4800033569336,121.20999908447266,119.0999984741211,121.16000366210938,28691000
2016-08-03,106.5177001953125,120.44999694824219,120.5,119.0999984741211,119.37000274658203,17830300
2016-08-04,106.61499786376953,120.55999755859375,121.19000244140625,120.26000213623047,120.44999694824219,17526700
2016-08-05,108.15374755859375,122.30000305175781,122.58000183105469,120.97000122070312,121.33999633789062,28643400
2016-08-08,108.10069274902344,122.23999786376953,122.8499984741211,122.02999877929688,122.3499984741211,14625700
2016-08-09,108.21565246582031,122.37000274658203,122.62999725341797,122.13999938964844,122.2699966430664,12487700
2016-08-10,107.43741607666016,121.48999786376953,122.5999984741211,121.1500015258789,122.37999725341797,19138100
2016-08-11,107.95032501220703,122.06999969482422,122.4000015258789,121.56999969482422,122.02999877929688,21144600
2016-08-12,108.05646514892578,122.19000244140625,122.45999908447266,121.62999725341797,121.83000183105469,12251200
2016-08-15,109.12651824951172,123.4000015258789,123.69000244140625,122.43000030517578,122.45999908447266,22048000
2016-08-16,108.2421646118164,122.4000015258789,123.12000274658203,122.26000213623047,123.08000183105469,20244300
2016-08-17,107.92382049560547,122.04000091552734,122.5,121.33000183105469,122.44000244140625,20632600
2016-08-18,108.71971130371094,122.94000244140625,122.97000122070312,122.04000091552734,122.08000183105469,16244600
2016-08-19,108.71971130371094,122.94000244140625,123.06999969482422,122.27999877929688,122.7699966430664,17379500
2016-08-22,108.96732330322266,123.22000122070312,123.33999633789062,122.33000183105469,122.68000030517578,16929700
2016-08-23,109.72784423828125,124.08000183105469,124.45999908447266,123.61000061035156,123.61000061035156,21539400
2016-08-24,108.83467864990234,123.06999969482422,124.25,122.7699966430664,123.94000244140625,21533400
2016-08-25,109.04689025878906,123.30999755859375,123.69000244140625,122.61000061035156,122.62000274658203,17023200
2016-08-26,108.82582092285156,123.05999755859375,124.41000366210938,122.30000305175781,123.44999694824219,26734400
2016-08-29,109.39179229736328,123.69999694824219,124.16999816894531,123.23999786376953,123.2699966430664,14013900
2016-08-30,109.5951919555664,123.93000030517578,124.16999816894531,123.37999725341797,123.83000183105469,14031300
2016-08-31,108.97618103027344,123.2300033569336,123.88999938964844,122.55000305175781,123.77999877929688,29236300
2016-09-01,109.05573272705078,123.31999969482422,123.62999725341797,122.0199966430664,123.33999633789062,22964700
2016-09-02,110.10810852050781,124.51000213623047,124.52999877929688,123.62999725341797,124.01000213623047,23083300
2016-09-06,110.21422576904297,124.62999725341797,124.97000122070312,123.97000122070312,124.91999816894531,13711000
2016-09-07,110.90402221679688,125.41000366210938,125.44000244140625,124.4800033569336,124.55000305175781,17830500
2016-09-08,110.68291473388672,125.16000366210938,125.41000366210938,124.7699966430664,125.30999755859375,16265500
2016-09-09,107.2251968383789,121.25,124.20999908447266,121.20999908447266,124.18000030517578,54239000
2016-09-12,108.71971130371094,122.94000244140625,122.97000122070312,120.58000183105469,120.69000244140625,33408100
2016-09-13,106.63265991210938,120.58000183105469,122.16000366210938,119.87999725341797,122.05999755859375,47536200
2016-09-14,106.65036010742188,120.5999984741211,121.47000122070312,120.29000091552734,120.7699966430664,30545500
2016-09-15,107.92382049560547,122.04000091552734,122.19000244140625,120.51000213623047,120.68000030517578,29499800
2016-09-16,107.76461791992188,121.86000061035156,122.04000091552734,121.0999984741211,122.04000091552734,31940500
2016-09-19,108.48091888427734,122.66999816894531,123.55000305175781,121.98999786376953,122.31999969482422,22807000
2016-09-20,108.0210952758789,122.1500015258789,123.2300033569336,122.1500015258789,123.19999694824219,16877900
2016-09-21,109.58636474609375,123.91999816894531,123.97000122070312,122.0999984741211,122.58000183105469,30784700
2016-09-22,111.16043853759766,125.69999694824219,125.80000305175781,124.66000366210938,124.7300033569336,36287700
2016-09-23,110.37339782714844,124.80999755859375,125.87999725341797,124.80999755859375,125.55999755859375,26118000
2016-09-26,109.2773666381836,123.2300033569336,124.16999816894531,123.0999984741211,123.80000305175781,20028000
2016-09-27,109.72073364257812,123.7300033569336,123.87999725341797,122.80999755859375,123.16999816894531,16939500
2016-09-28,110.56320190429688,124.68000030517578,124.76000213623047,123.06999969482422,123.94999694824219,19426400
2016-09-29,108.94927215576172,122.86000061035156,124.63999938964844,122.69999694824219,124.62000274658203,26657700
2016-09-30,110.14640045166016,124.20999908447266,124.77999877929688,122.86000061035156,123.41999816894531,31764500
2016-10-03,109.80052947998047,123.81999969482422,124.0999984741211,123.12999725341797,123.83000183105469,18674300
2016-10-04,109.25961303710938,123.20999908447266,124.30999755859375,122.6500015258789,124.0199966430664,26057300
2016-10-05,109.91583251953125,123.94999694824219,124.68000030517578,123.6500015258789,123.69000244140625,24317300
2016-10-06,109.80052947998047,123.81999969482422,124.0199966430664,122.81999969482422,123.75,18937100
2016-10-07,108.92265319824219,122.83000183105469,124.31999969482422,122.2300033569336,124.04000091552734,28732700
2016-10-10,110.2261962890625,124.30000305175781,124.73999786376953,122.83000183105469,122.83000183105469,21481700
2016-10-11,108.21321105957031,122.02999877929688,124.11000061035156,121.33999633789062,124.05000305175781,31931300
2016-10-12,108.12454223632812,121.93000030517578,122.61000061035156,121.52999877929688,122.08999633789062,20210400
2016-10-13,107.22891235351562,120.91999816894531,121.41000366210938,120.11000061035156,120.98999786376953,26302500
2016-10-14,106.79436492919922,120.43000030517578,121.83999633789062,120.4000015258789,121.36000061035156,24554600
2016-10-17,106.67023468017578,120.29000091552734,120.8499984741211,120.16000366210938,120.58000183105469,17119500
2016-10-18,107.2821044921875,120.9800033569336,121.58000183105469,120.66000366210938,121.5199966430664,19158900
2016-10-19,107.73434448242188,121.48999786376953,121.94999694824219,120.5,121.16999816894531,18477400
2016-10-20,107.41512298583984,121.12999725341797,122.0,120.41000366210938,121.13999938964844,20485600
2016-10-21,107.3619155883789,121.06999969482422,121.37000274658203,120.0999984741211,120.26000213623047,21093700
2016-10-24,108.04473876953125,121.83999633789062,122.61000061035156,121.44999694824219,122.04000091552734,15421600
2016-10-25,107.23777770996094,120.93000030517578,121.98999786376953,120.5999984741211,121.80999755859375,16459800
2016-10-26,106.17362213134766,119.7300033569336,121.0,119.45999908447266,120.11000061035156,24975300
2016-10-27,104.95874786376953,118.36000061035156,120.13999938964844,118.08999633789062,120.12000274658203,29525700
2016-10-28,104.6661376953125,118.02999877929688,119.02999877929688,117.75,118.30999755859375,35473700
2016-10-31,105.0829086303711,118.5,118.63999938964844,117.80000305175781,118.18000030517578,20311800
2016-11-01,103.79706573486328,117.05000305175781,118.69999694824219,116.27999877929688,118.66000366210938,34147200
2016-11-02,102.47574615478516,115.55999755859375,117.0,115.38999938964844,116.87000274658203,29859900
2016-11-03,101.97917938232422,115.0,116.23999786376953,114.87999725341797,115.91000366210938,22717500
2016-11-04,102.63540649414062,115.73999786376953,116.9000015258789,115.05000305175781,115.30000305175781,35237200
2016-11-07,105.14498138427734,118.56999969482422,118.81999969482422,117.70999908447266,118.0,32370900
2016-11-08,105.41988372802734,118.87999725341797,119.45999908447266,117.70999908447266,118.30000305175781,26196800
2016-11-09,108.66545867919922,122.54000091552734,122.83000183105469,118.05000305175781,118.08000183105469,77416800
2016-11-10,110.403564453125,124.5,125.4000015258789,122.62000274658203,124.26000213623047,83440700
2016-11-11,112.93973541259766,127.36000061035156,127.72000122070312,124.55000305175781,125.02999877929688,95612800
2016-11-14,114.52706146240234,129.14999389648438,130.25999450683594,128.38999938964844,128.9499969482422,83119400
2016-11-15,114.88177490234375,129.5500030517578,129.88999938964844,128.3000030517578,128.85000610351562,38704500
2016-11-16,114.87290954589844,129.5399932861328,130.0,129.02999877929688,129.25,42325500
2016-11-17,115.5468521118164,130.3000030517578,130.8300018310547,129.75,129.9499969482422,42576900
2016-11-18,116.15875244140625,130.99000549316406,131.08999633789062,130.3000030517578,130.69000244140625,41380600
2016-11-21,116.69966888427734,131.60000610351562,132.0,130.61000061035156,131.30999755859375,32293100
2016-11-22,117.7637939453125,132.8000030517578,132.89999389648438,131.6699981689453,132.1199951171875,39681500
2016-11-23,118.49982452392578,133.6300048828125,133.64999389648438,132.10000610351562,132.47999572753906,37939200
2016-11-25,118.8899917602539,134.07000732421875,134.10000610351562,133.5399932861328,133.72999572753906,13373400
2016-11-28,117.3470230102539,132.3300018310547,134.0,132.14999389648438,133.97000122070312,32505700
2016-11-29,117.28494262695312,132.25999450683594,133.08999633789062,132.10000610351562,132.50999450683594,27993700
2016-11-30,116.7085189819336,131.61000061035156,133.08999633789062,131.5,132.9199981689453,32491200
2016-12-01,116.1409912109375,130.97000122070312,132.5500030517578,130.2899932861328,132.25,39815900
2016-12-02,116.07890319824219,130.89999389648438,131.47000122070312,130.52000427246094,130.94000244140625,24054100
2016-12-05,118.07415008544922,133.14999389648438,133.3300018310547,131.88999938964844,131.97000122070312,27547100
2016-12-06,119.35111236572266,134.58999633789062,134.91000366210938,132.74000549316406,133.52000427246094,27820000
2016-12-07,120.51277160644531,135.89999389648438,136.17999267578125,134.17999267578125,134.58999633789062,31825800
2016-12-08,122.4104995727539,138.0399932861328,138.2100067138672,135.8000030517578,136.25,49048900
2016-12-09,122.64997100830078,138.30999755859375,138.82000732421875,137.75,138.39999389648438,34313500
2016-12-12,121.3552474975586,136.85000610351562,138.57000732421875,136.50999450683594,137.9499969482422,34592900
2016-12-13,121.3641357421875,136.86000061035156,138.0500030517578,136.24000549316406,137.52999877929688,32624600
2016-12-14,119.84768676757812,135.14999389648438,137.35000610351562,134.80999755859375,136.4199981689453,45923700
2016-12-15,120.74337768554688,136.16000366210938,137.13999938964844,134.9600067138672,135.3699951171875,41352500
2016-12-16,120.52163696289062,135.91000366210938,137.52999877929688,135.6300048828125,136.35000610351562,39348200
2016-12-19,121.3109359741211,136.8000030517578,137.19000244140625,135.91000366210938,136.0399932861328,33393900
2016-12-20,122.33956146240234,137.9600067138672,138.2100067138672,136.99000549316406,137.27999877929688,31753600
2016-12-21,121.54144287109375,137.05999755859375,138.14999389648438,137.00999450683594,137.85000610351562,23215900
2016-12-22,120.49340057373047,135.32000732421875,136.75,134.80999755859375,136.55999755859375,34737900
2016-12-23,121.13453674316406,136.0399932861328,136.1199951171875,135.27000427246094,135.4600067138672,17081400
2016-12-27,121.67767333984375,136.64999389648438,137.3000030517578,136.2100067138672,136.22999572753906,13571700
2016-12-28,120.43110656738281,135.25,136.97999572753906,134.8300018310547,136.88999938964844,22712400
2016-12-29,120.53794860839844,135.3699951171875,136.25999450683594,134.69000244140625,135.2899932861328,21312900
2016-12-30,120.07494354248047,134.85000610351562,135.6300048828125,134.39999389648438,135.60000610351562,28399300
2017-01-03,120.67151641845703,135.52000427246094,136.8300018310547,134.5,136.49000549316406,29792400
2017-01-04,122.68389892578125,137.77999877929688,137.9600067138672,136.00999450683594,136.0500030517578,34499400
2017-01-05,121.26813507080078,136.19000244140625,137.75999450683594,135.50999450683594,137.49000549316406,30286900
2017-01-06,120.82289123535156,135.69000244140625,136.7100067138672,135.67999267578125,136.41000366210938,23436000
2017-01-09,120.03036499023438,134.8000030517578,135.72000122070312,134.5,135.5399932861328,24077900
2017-01-10,121.17903900146484,136.08999633789062,136.3800048828125,134.75999450683594,135.0,21684900
2017-01-11,121.39275360107422,136.3300018310547,136.7899932861328,135.4199981689453,136.22999572753906,27428800
2017-01-12,120.45781707763672,135.27999877929688,136.22000122070312,133.58999633789062,136.16000366210938,41844200
2017-01-13,121.33037567138672,136.25999450683594,136.97000122070312,135.64999389648438,135.64999389648438,27784500
2017-01-17,119.68315887451172,134.41000366210938,135.69000244140625,134.1300048828125,135.60000610351562,28197800
2017-01-18,120.07494354248047,134.85000610351562,134.94000244140625,133.9499969482422,134.75999450683594,21289700
2017-01-19,119.09542846679688,133.75,135.44000244140625,133.1699981689453,135.13999938964844,34105900
2017-01-20,119.7098159790039,134.44000244140625,134.8800048828125,133.75,133.75,29286100
2017-01-23,119.2112045288086,133.8800048828125,134.67999267578125,133.1199951171875,134.02999877929688,20537000
2017-01-24,121.03658294677734,135.92999267578125,136.27999877929688,134.22000122070312,134.33999633789062,34313800
2017-01-25,122.17634582519531,137.2100067138672,137.5500030517578,136.9499969482422,137.05999755859375,29127300
2017-01-26,121.68661499023438,136.66000366210938,137.5,136.4199981689453,137.33999633789062,22255600
2017-01-27,121.26813507080078,136.19000244140625,137.0399932861328,135.64999389648438,136.77000427246094,19467800
2017-01-30,119.57626342773438,134.2899932861328,135.24000549316406,133.24000549316406,135.22999572753906,40464400
2017-01-31,120.41326904296875,135.22999572753906,135.55999755859375,133.47999572753906,133.8699951171875,32945000
2017-02-01,120.342041015625,135.14999389648438,136.8699951171875,134.6999969482422,136.22000122070312,30010500
2017-02-02,120.03929901123047,134.80999755859375,135.6699981689453,134.49000549316406,135.3000030517578,19935700
2017-02-03,121.87357330322266,136.8699951171875,136.97999572753906,135.50999450683594,135.99000549316406,24534100
2017-02-06,120.95643615722656,135.83999633789062,136.77999877929688,135.42999267578125,136.39999389648438,23691500
2017-02-07,120.42217254638672,135.24000549316406,136.47000122070312,134.77000427246094,135.82000732421875,30342200
2017-02-08,120.20848846435547,135.0,135.24000549316406,133.88999938964844,135.24000549316406,32956900
2017-02-09,121.90026092529297,136.89999389648438,137.25,135.0,135.0,28267600
2017-02-10,122.82633972167969,137.94000244140625,138.3699951171875,137.1999969482422,137.7899932861328,27287600
2017-02-13,123.14689636230469,138.3000030517578,139.2100067138672,138.08999633789062,138.77000427246094,23245100
2017-02-14,123.5564956665039,138.75999450683594,138.9499969482422,137.61000061035156,137.94000244140625,27145000
2017-02-15,124.2955093383789,139.58999633789062,139.77000427246094,138.07000732421875,138.19000244140625,20253500
2017-02-16,123.94829559326172,139.1999969482422,139.83999633789062,138.2100067138672,139.4600067138672,24613600
2017-02-17,123.86815643310547,139.11000061035156,139.16000366210938,138.25,138.4499969482422,26703200
2017-02-21,124.83869171142578,140.1999969482422,140.32000732421875,139.3800048828125,139.3800048828125,21353500
2017-02-22,124.28672790527344,139.5800018310547,140.02000427246094,139.25,140.0,14890800
2017-02-23,123.54761505126953,138.75,140.00999450683594,137.69000244140625,139.9600067138672,24596200
2017-02-24,123.45854949951172,138.64999389648438,138.64999389648438,137.3000030517578,137.4600067138672,24512300
2017-02-27,124.66063690185547,140.0,140.0,138.2100067138672,138.33999633789062,28269000
2017-02-28,122.73734283447266,137.83999633789062,139.47999572753906,137.75999450683594,139.3800048828125,40184100
2017-03-01,124.981201171875,140.36000061035156,140.86000061035156,139.52000427246094,139.64999389648438,35719800
2017-03-02,123.54761505126953,138.75,140.36000061035156,138.63999938964844,140.3300018310547,25937000
2017-03-03,123.45854949951172,138.64999389648438,139.4199981689453,137.8800048828125,138.8000030517578,30989800
2017-03-06,122.61265563964844,137.6999969482422,137.97000122070312,136.99000549316406,137.77999877929688,23892100
2017-03-07,121.81126403808594,136.8000030517578,137.74000549316406,136.61000061035156,137.39999389648438,29711300
2017-03-08,121.00983428955078,135.89999389648438,137.6199951171875,135.77999877929688,137.27999877929688,34115100
2017-03-09,120.52902221679688,135.36000061035156,136.49000549316406,134.88999938964844,135.8300018310547,35223800
2017-03-10,121.06331634521484,135.9600067138672,136.30999755859375,134.83999633789062,136.2899932861328,39516600
2017-03-13,121.3482437133789,136.27999877929688,136.7899932861328,135.64999389648438,135.64999389648438,21295000
2017-03-14,120.76945495605469,135.6300048828125,135.8300018310547,134.55999755859375,135.75,30037800
2017-03-15,122.63936614990234,137.72999572753906,138.02000427246094,135.97000122070312,136.2899932861328,31230400
2017-03-16,122.79962921142578,137.91000366210938,138.50999450683594,137.55999755859375,138.22000122070312,25306600
2017-03-17,123.28939056396484,138.4600067138672,138.72999572753906,137.30999755859375,138.13999938964844,33324600
2017-03-20,122.75516510009766,137.86000061035156,138.52000427246094,137.3699951171875,138.27999877929688,19091200
2017-03-21,119.29132843017578,133.97000122070312,138.60000610351562,133.9199981689453,138.50999450683594,61869000
2017-03-22,119.3180160522461,134.0,134.30999755859375,132.77999877929688,133.7100067138672,46332600
2017-03-23,120.01261138916016,134.77999877929688,135.6999969482422,133.63999938964844,134.0,37764600
2017-03-24,120.09922790527344,134.49000549316406,135.47000122070312,133.86000061035156,134.9499969482422,33514400
2017-03-27,120.32244873046875,134.74000549316406,135.07000732421875,132.39999389648438,132.75999450683594,35596700
2017-03-28,121.26007843017578,135.7899932861328,135.89999389648438,134.13999938964844,134.27999877929688,26891900
2017-03-29,121.65301513671875,136.22999572753906,136.49000549316406,135.3000030517578,135.6999969482422,22119500
2017-03-30,122.57276153564453,137.25999450683594,137.3800048828125,136.25999450683594,136.32000732421875,25792900
2017-03-31,122.76924896240234,137.47999572753906,138.1699981689453,136.94000244140625,137.4199981689453,29434300
2017-04-03,121.47441864013672,136.02999877929688,138.10000610351562,135.60000610351562,137.97000122070312,38834900
2017-04-04,121.33152770996094,135.8699951171875,136.5500030517578,135.35000610351562,135.92999267578125,25642600
2017-04-05,119.95629119873047,134.3300018310547,137.42999267578125,134.0800018310547,136.8300018310547,44968800
2017-04-06,121.07256317138672,135.5800018310547,135.6300048828125,133.8300018310547,134.5399932861328,41012100
2017-04-07,121.01900482177734,135.52000427246094,136.02999877929688,134.75,135.2100067138672,24300200
2017-04-10,121.28690338134766,135.82000732421875,136.85000610351562,135.16000366210938,135.47000122070312,22779900
2017-04-11,122.25128173828125,136.89999389648438,136.9199981689453,135.0800018310547,135.27000427246094,32589200
2017-04-12,120.5903549194336,135.0399932861328,136.6999969482422,134.9199981689453,136.63999938964844,25700800
2017-04-13,119.41159057617188,133.72000122070312,135.3699951171875,133.66000366210938,134.8800048828125,30207000
2017-04-17,120.8135986328125,135.2899932861328,135.32000732421875,133.67999267578125,134.07000732421875,18278800
2017-04-18,120.84038543701172,135.32000732421875,135.4600067138672,134.16000366210938,134.72000122070312,24553300
2017-04-19,121.26007843017578,135.7899932861328,136.9600067138672,135.5399932861328,135.69000244140625,34627600
2017-04-20,122.80496978759766,137.52000427246094,137.6699981689453,136.14999389648438,136.33999633789062,31934400
2017-04-21,122.52815246582031,137.2100067138672,137.5500030517578,136.7100067138672,137.24000549316406,29386000
2017-04-24,124.05517578125,138.9199981689453,139.33999633789062,138.49000549316406,139.0800018310547,33836900
2017-04-25,125.2607421875,140.27000427246094,140.8800048828125,140.08999633789062,140.24000549316406,32751700
2017-04-26,125.90372467041016,140.99000549316406,141.82000732421875,140.1300048828125,140.1699981689453,41669200
2017-04-27,125.86793518066406,140.9499969482422,141.8000030517578,140.47999572753906,141.33999633789062,23004300
2017-04-28,124.18022918701172,139.05999755859375,141.1699981689453,139.0399932861328,141.02999877929688,31113900
2017-05-01,124.89461517333984,139.86000061035156,140.2899932861328,138.77999877929688,139.63999938964844,20925200
2017-05-02,124.26054382324219,139.14999389648438,140.33999633789062,138.69000244140625,139.97999572753906,17993900
2017-05-03,123.49259948730469,138.2899932861328,138.75999450683594,137.69000244140625,138.49000549316406,27050300
2017-05-04,123.32295227050781,138.10000610351562,138.72999572753906,137.11000061035156,138.52999877929688,25799100
2017-05-05,124.11769104003906,138.99000549316406,138.99000549316406,137.52999877929688,138.69000244140625,23806500
2017-05-08,123.59974670410156,138.41000366210938,138.97999572753906,137.75999450683594,138.66000366210938,16680000
2017-05-09,123.5461654663086,138.35000610351562,138.8300018310547,137.77999877929688,138.58999633789062,23988400
2017-05-10,124.31414794921875,139.2100067138672,139.47999572753906,137.86000061035156,138.0399932861328,19791500
2017-05-11,123.44793701171875,138.24000549316406,138.8300018310547,136.97999572753906,138.6699981689453,28617300
2017-05-12,122.79607391357422,137.50999450683594,137.88999938964844,137.16000366210938,137.7100067138672,24111200
2017-05-15,123.75154113769531,138.5800018310547,139.25,137.97999572753906,137.97999572753906,31132200
2017-05-16,123.7962417602539,138.6300048828125,139.0399932861328,137.6199951171875,138.97000122070312,18520900
2017-05-17,120.4564208984375,134.88999938964844,137.0399932861328,134.75,136.3300018310547,50791200
2017-05-18,120.89401245117188,135.3800048828125,135.89999389648438,134.22999572753906,134.57000732421875,44805100
2017-05-19,121.47441864013672,136.02999877929688,136.75999450683594,135.4199981689453,135.63999938964844,44450500
2017-05-22,122.29596710205078,136.9499969482422,137.1999969482422,136.16000366210938,136.25999450683594,20062700
2017-05-23,122.69778442382812,137.39999389648438,137.69000244140625,136.35000610351562,137.2899932861328,16681400
2017-05-24,122.77820587158203,137.49000549316406,138.02999877929688,136.8300018310547,137.50999450683594,21256000
2017-05-25,122.85857391357422,137.5800018310547,138.61000061035156,137.1999969482422,138.13999938964844,22804200
2017-05-26,122.82286071777344,137.5399932861328,137.7899932861328,136.77999877929688,137.3800048828125,20047300
2017-05-30,121.85843658447266,136.4600067138672,137.44000244140625,136.22000122070312,137.1199951171875,25544100
2017-05-31,121.73336791992188,136.32000732421875,136.9199981689453,134.63999938964844,136.83999633789062,34345400
2017-06-01,124.08195495605469,138.9499969482422,139.0,136.27000427246094,136.72000122070312,44618600
2017-06-02,124.88568115234375,139.85000610351562,141.02000427246094,139.0500030517578,139.4499969482422,46680200
2017-06-05,124.10871887207031,138.97999572753906,140.11000061035156,138.9499969482422,139.9600067138672,20808900
2017-06-06,123.99267578125,138.85000610351562,139.66000366210938,137.80999755859375,138.11000061035156,25460900
2017-06-07,124.10871887207031,138.97999572753906,139.52999877929688,138.49000549316406,138.86000061035156,20542200
2017-06-08,125.80545043945312,140.8800048828125,141.4600067138672,138.74000549316406,138.97999572753906,33956400
2017-06-09,126.4573745727539,141.61000061035156,142.89999389648438,140.6999969482422,141.4600067138672,56979400
2017-06-12,126.251953125,141.3800048828125,141.99000549316406,140.88999938964844,141.66000366210938,34665500
2017-06-13,126.89488983154297,142.10000610351562,142.30999755859375,141.47000122070312,141.8000030517578,22046800
2017-06-14,126.14483642578125,141.25999450683594,142.0399932861328,140.4499969482422,142.02999877929688,33021900
2017-06-15,125.50183868408203,140.5399932861328,140.97999572753906,139.69000244140625,139.69000244140625,27376800
2017-06-16,125.18927001953125,140.19000244140625,140.22000122070312,139.27999877929688,140.02999877929688,35608400
2017-06-19,126.11801147460938,141.22999572753906,141.5800018310547,140.50999450683594,140.55999755859375,25163300
2017-06-20,124.84097290039062,139.8000030517578,140.97000122070312,139.6999969482422,140.8800048828125,20111900
2017-06-21,124.52847290039062,139.4499969482422,140.8000030517578,139.22000122070312,140.0500030517578,23351400
2017-06-22,125.00175476074219,139.97999572753906,140.38999938964844,139.00999450683594,139.3699951171875,17917200
2017-06-23,125.83223724365234,140.91000366210938,141.0800018310547,139.5500030517578,140.13999938964844,20772500
2017-06-26,125.98407745361328,141.0800018310547,141.52999877929688,140.1999969482422,141.08999633789062,22988300
2017-06-27,124.87673950195312,139.83999633789062,141.6199951171875,139.75,141.10000610351562,24610100
2017-06-28,126.78776550292969,141.97999572753906,142.25999450683594,140.39999389648438,140.6699981689453,25085400
2017-06-29,126.03763580322266,141.13999938964844,142.35000610351562,139.64999389648438,142.24000549316406,38794900
2017-06-30,125.84117889404297,140.9199981689453,141.6699981689453,140.77000427246094,141.25,22798500
2017-07-03,126.89488983154297,142.10000610351562,142.5,141.3000030517578,141.33999633789062,12968200
2017-07-05,126.4394760131836,141.58999633789062,141.85000610351562,140.6999969482422,141.6999969482422,21865500
2017-07-06,124.78836822509766,139.13999938964844,140.47000122070312,138.8300018310547,139.92999267578125,30563400
2017-07-07,125.99915313720703,140.49000549316406,140.67999267578125,139.17999267578125,139.42999267578125,20511000
2017-07-10,125.45203399658203,139.8800048828125,140.88999938964844,139.3699951171875,139.9199981689453,17206000
2017-07-11,125.8197250366211,140.2899932861328,140.3800048828125,138.97999572753906,139.77999877929688,16192900
2017-07-12,126.78831481933594,141.3699951171875,142.22000122070312,141.00999450683594,141.0500030517578,19358600
2017-07-13,126.89598846435547,141.49000549316406,141.55999755859375,140.3800048828125,141.1999969482422,16559300
2017-07-14,127.11127471923828,141.72999572753906,142.3000030517578,141.10000610351562,141.10000610351562,15465300
2017-07-17,127.40718841552734,142.05999755859375,142.4600067138672,141.25999450683594,141.60000610351562,15374600
2017-07-18,127.07532501220703,141.69000244140625,141.8699951171875,141.0399932861328,141.5399932861328,16653300
2017-07-19,128.33995056152344,143.10000610351562,143.13999938964844,141.8800048828125,141.8800048828125,16985500
2017-07-20,128.4296417236328,143.1999969482422,143.52000427246094,142.8000030517578,143.1199951171875,17047800
2017-07-21,127.84663391113281,142.5500030517578,143.3300018310547,142.25,143.00999450683594,21662700
2017-07-24,128.02606201171875,142.75,142.82000732421875,141.97000122070312,142.30999755859375,16694000
2017-07-25,129.19195556640625,144.0500030517578,144.25,143.2100067138672,143.6199951171875,21066400
2017-07-26,128.4744415283203,143.25,144.14999389648438,143.0500030517578,144.14999389648438,13574900
2017-07-27,127.6583023071289,142.33999633789062,143.67999267578125,141.5500030517578,143.47999572753906,24355800
2017-07-28,127.31749725341797,141.9600067138672,142.36000061035156,141.47000122070312,142.02000427246094,19933300
2017-07-31,126.91390228271484,141.50999450683594,142.3800048828125,140.97000122070312,142.22000122070312,16417700
2017-08-01,127.15606689453125,141.77999877929688,142.1999969482422,140.97000122070312,142.1699981689453,19835900
2017-08-02,125.76589965820312,140.22999572753906,141.82000732421875,139.72999572753906,141.58999633789062,19934300
2017-08-03,125.13812255859375,139.52999877929688,140.5399932861328,139.16000366210938,140.44000244140625,19624900
2017-08-04,125.74806213378906,140.2100067138672,140.32000732421875,139.49000549316406,139.91000366210938,16473500
2017-08-07,125.95429229736328,140.44000244140625,140.85000610351562,139.7100067138672,140.44000244140625,9176200
2017-08-08,125.5596694946289,140.0,141.7899932861328,139.69000244140625,140.41000366210938,27248700
2017-08-09,124.47450256347656,138.7899932861328,139.38999938964844,138.27999877929688,139.1199951171875,26534300
2017-08-10,122.21443939208984,136.27000427246094,138.27999877929688,136.25999450683594,138.27999877929688,40983500
2017-08-11,122.39376068115234,136.47000122070312,136.74000549316406,135.77000427246094,136.2100067138672,32779600
2017-08-14,124.2502670288086,138.5399932861328,138.58999633789062,137.22999572753906,137.25999450683594,21710900
2017-08-15,123.2278060913086,137.39999389648438,138.82000732421875,137.33999633789062,138.8000030517578,16646000
2017-08-16,123.26371765136719,137.44000244140625,138.38999938964844,137.2100067138672,137.6699981689453,21858600
2017-08-17,121.01264190673828,134.92999267578125,137.69000244140625,134.9199981689453,136.97999572753906,32722900
2017-08-18,121.003662109375,134.9199981689453,135.4600067138672,134.1199951171875,134.47000122070312,42401900
2017-08-21,120.92293548583984,134.8300018310547,135.02000427246094,134.13999938964844,134.69000244140625,21504100
2017-08-22,122.23229217529297,136.2899932861328,136.4499969482422,135.13999938964844,135.25999450683594,25170600
2017-08-23,122.03500366210938,136.07000732421875,136.57000732421875,135.2100067138672,135.52999877929688,18381900
2017-08-24,122.41172790527344,136.49000549316406,136.92999267578125,136.02000427246094,136.63999938964844,15726600
2017-08-25,122.76148986816406,136.8800048828125,137.30999755859375,136.4199981689453,136.8800048828125,17163000
2017-08-28,123.28166961669922,137.4600067138672,137.61000061035156,136.77000427246094,137.3699951171875,16333300
2017-08-29,123.3085708618164,137.49000549316406,137.80999755859375,136.22999572753906,136.49000549316406,20277600
2017-08-30,124.09778594970703,138.3699951171875,138.50999450683594,137.25,137.36000061035156,15915500
2017-08-31,125.31749725341797,139.72999572753906,139.94000244140625,138.6699981689453,138.91000366210938,29260600
2017-09-01,126.02606201171875,140.52000427246094,140.6300048828125,139.72999572753906,139.97999572753906,17412500
2017-09-05,124.81526947021484,139.1699981689453,140.88999938964844,138.5800018310547,140.6300048828125,21908400
2017-09-06,125.07539367675781,139.4600067138672,140.0,139.0800018310547,139.74000549316406,18399700
2017-09-07,124.76145935058594,139.11000061035156,139.69000244140625,138.58999633789062,139.58999633789062,18159800
2017-09-08,124.86009979248047,139.22000122070312,139.77000427246094,138.6199951171875,138.92999267578125,21870500
2017-09-11,126.16954803466797,140.67999267578125,140.9199981689453,140.22999572753906,140.38999938964844,22617700
2017-09-12,126.94084167480469,141.5399932861328,141.69000244140625,140.82000732421875,141.0399932861328,22679600
2017-09-13,127.31749725341797,141.9600067138672,142.22000122070312,141.32000732421875,141.41000366210938,25052500
2017-09-14,127.200927734375,141.8300018310547,142.16000366210938,141.4199981689453,141.77999877929688,18353800
2017-09-15,127.7210922241211,142.41000366210938,142.47000122070312,141.5500030517578,141.63999938964844,23184000
2017-09-18,128.591064453125,143.3800048828125,143.80999755859375,142.60000610351562,142.6199951171875,24427400
2017-09-19,128.591064453125,143.3800048828125,143.69000244140625,143.08999633789062,143.57000732421875,16346300
2017-09-20,129.0035858154297,143.83999633789062,144.02000427246094,143.25999450683594,143.52999877929688,20244700
2017-09-21,128.86907958984375,143.69000244140625,144.25999450683594,143.47999572753906,144.02000427246094,17395900
2017-09-22,129.4161376953125,144.3000030517578,144.6699981689453,143.55999755859375,143.6699981689453,25203000
2017-09-25,129.5955047607422,144.5,144.94000244140625,143.69000244140625,144.27000427246094,30012800
2017-09-26,130.0081787109375,144.61000061035156,145.14999389648438,144.17999267578125,144.2899932861328,28238100
2017-09-27,132.5523681640625,147.44000244140625,147.86000061035156,145.16000366210938,145.6300048828125,66351700
2017-09-28,132.90304565429688,147.8300018310547,148.05999755859375,146.77999877929688,147.25,29291400
2017-09-29,133.2176971435547,148.17999267578125,148.42999267578125,147.74000549316406,147.9199981689453,21738700
2017-10-02,134.85391235351562,150.0,150.0,148.0800018310547,148.30999755859375,29772400
2017-10-03,135.15060424804688,150.3300018310547,150.3300018310547,149.3300018310547,150.11000061035156,28372800
2017-10-04,134.71908569335938,149.85000610351562,150.61000061035156,149.38999938964844,150.08999633789062,22024700
2017-10-05,135.08766174316406,150.25999450683594,150.6300048828125,149.8699951171875,150.2899932861328,22538500
2017-10-06,134.8988494873047,150.0500030517578,150.33999633789062,149.57000732421875,149.7100067138672,19350800
2017-10-09,134.3414306640625,149.42999267578125,150.67999267578125,149.17999267578125,150.19000244140625,13981300
2017-10-10,134.72808837890625,149.86000061035156,150.2899932861328,149.41000366210938,149.92999267578125,21951900
2017-10-11,134.62916564941406,149.75,150.19000244140625,149.4600067138672,149.94000244140625,15137100
2017-10-12,134.53028869628906,149.63999938964844,150.00999450683594,149.02000427246094,149.4600067138672,17185600
2017-10-13,134.28750610351562,149.3699951171875,149.99000549316406,149.22999572753906,149.9199981689453,15464400
2017-10-16,134.17066955566406,149.24000549316406,150.35000610351562,149.02999877929688,149.61000061035156,20653100
2017-10-17,133.7840576171875,148.80999755859375,149.77000427246094,148.5,149.27000427246094,18046800
2017-10-18,134.4224090576172,149.52000427246094,149.91000366210938,149.0800018310547,149.5,20541700
2017-10-19,134.215576171875,149.2899932861328,149.3300018310547,148.1699981689453,148.77000427246094,17164900
2017-10-20,134.83592224121094,149.97999572753906,150.41000366210938,149.86000061035156,150.30999755859375,25224500
2017-10-23,133.82901000976562,148.86000061035156,150.14999389648438,148.6999969482422,150.14999389648438,14676400
2017-10-24,134.10775756835938,149.1699981689453,149.77999877929688,149.0399932861328,149.38999938964844,17527700
2017-10-25,133.46041870117188,148.4499969482422,149.0,147.22000122070312,148.94000244140625,27235300
2017-10-26,133.7391357421875,148.75999450683594,149.33999633789062,148.50999450683594,148.94000244140625,15205900
2017-10-27,134.66513061523438,149.7899932861328,149.91000366210938,148.3000030517578,148.8800048828125,32744100
2017-10-30,133.24468994140625,148.2100067138672,149.4499969482422,147.38999938964844,148.8800048828125,30524800
2017-10-31,134.1886749267578,149.25999450683594,149.8300018310547,148.63999938964844,148.7899932861328,22449400
2017-11-01,133.29859924316406,148.27000427246094,150.52999877929688,147.44000244140625,150.5,31585500
2017-11-02,133.6942138671875,148.7100067138672,149.22999572753906,147.72000122070312,148.24000549316406,28176600
2017-11-03,133.60427856445312,148.61000061035156,148.9600067138672,148.05999755859375,148.47999572753906,22312700
2017-11-06,133.75709533691406,148.77999877929688,149.3800048828125,148.38999938964844,148.75,15576800
2017-11-07,132.15684509277344,147.0,148.85000610351562,146.5399932861328,148.8000030517578,29549300
2017-11-08,132.33663940429688,147.1999969482422,147.4499969482422,145.83999633789062,146.66000366210938,30682500
2017-11-09,131.86912536621094,146.67999267578125,147.38999938964844,145.27999877929688,146.27000427246094,40144400
2017-11-10,131.77027893066406,146.57000732421875,147.10000610351562,146.35000610351562,146.7100067138672,17823700
2017-11-13,131.80621337890625,146.61000061035156,146.82000732421875,145.5,145.92999267578125,14680000
2017-11-14,131.44659423828125,146.2100067138672,146.49000549316406,145.58999633789062,146.05999755859375,19682200
2017-11-15,130.92514038085938,145.6300048828125,146.2100067138672,144.5,145.35000610351562,23925200
2017-11-16,132.84915161132812,147.77000427246094,148.39999389648438,146.19000244140625,146.2100067138672,25889000
2017-11-17,133.46041870117188,148.4499969482422,149.02999877929688,147.1699981689453,147.25,25816700
2017-11-20,134.43138122558594,149.52999877929688,149.5800018310547,148.3300018310547,148.75999450683594,22793000
2017-11-21,135.8338623046875,151.08999633789062,151.2899932861328,150.05999755859375,150.1999969482422,29392300
2017-11-22,135.654052734375,150.88999938964844,151.77000427246094,150.86000061035156,151.27999877929688,14136600
2017-11-24,135.70799255371094,150.9499969482422,151.3699951171875,150.77000427246094,151.2100067138672,6816300
2017-11-27,135.29444885253906,150.49000549316406,151.6199951171875,150.44000244140625,151.3000030517578,18416900
2017-11-28,137.42510986328125,152.86000061035156,152.97000122070312,150.66000366210938,151.02000427246094,35898300
2017-11-29,137.88363647460938,153.3699951171875,154.2100067138672,152.9499969482422,153.33999633789062,38234200
2017-11-30,138.13539123535156,153.64999389648438,154.5500030517578,153.27999877929688,154.10000610351562,32230700
2017-12-01,137.56898498535156,153.02000427246094,153.7100067138672,148.75,153.02000427246094,62734800
2017-12-04,137.05653381347656,152.4499969482422,155.41000366210938,152.3000030517578,154.89999389648438,36366800
2017-12-05,135.6900177001953,150.92999267578125,152.9600067138672,150.9199981689453,151.39999389648438,29667200
2017-12-06,135.05169677734375,150.22000122070312,151.19000244140625,149.9499969482422,150.3699951171875,21273800
2017-12-07,135.9956817626953,151.27000427246094,151.88999938964844,150.02000427246094,151.30999755859375,29675200
2017-12-08,136.12156677246094,151.41000366210938,152.27999877929688,151.27999877929688,152.14999389648438,20832400
2017-12-11,136.06759643554688,151.35000610351562,152.1300048828125,151.02000427246094,151.42999267578125,26654100
2017-12-12,135.6450653076172,150.8800048828125,151.92999267578125,150.82000732421875,151.6999969482422,25854800
2017-12-13,136.45420837402344,151.77999877929688,152.7100067138672,150.80999755859375,150.80999755859375,30082600
2017-12-14,134.94383239746094,150.10000610351562,152.1999969482422,149.63999938964844,151.85000610351562,32882600
2017-12-15,136.8677520751953,152.24000549316406,153.25,150.5800018310547,151.0500030517578,42851600
2017-12-18,138.71975708007812,154.3000030517578,154.72000122070312,153.4600067138672,153.6699981689453,22714300
2017-12-19,137.6229705810547,153.0800018310547,154.77000427246094,152.82000732421875,154.75,24313600
2017-12-20,137.89266967773438,153.3800048828125,153.94000244140625,152.83999633789062,153.75,19042800
2017-12-21,138.4963836669922,153.47000122070312,154.02000427246094,153.0800018310547,153.24000549316406,16772600
2017-12-22,138.2437286376953,153.19000244140625,153.38999938964844,152.8000030517578,153.3800048828125,13599400
2017-12-26,138.32492065429688,153.27999877929688,153.42999267578125,152.89999389648438,153.0,11949600
2017-12-27,138.18951416015625,153.1300048828125,153.9499969482422,152.80999755859375,153.2100067138672,15949900
2017-12-28,138.73097229003906,153.72999572753906,153.75,153.00999450683594,153.24000549316406,10167300
2017-12-29,137.58489990234375,152.4600067138672,154.14999389648438,152.38999938964844,154.14999389648438,21006500
2018-01-02,138.8844451904297,153.89999389648438,153.97000122070312,152.4600067138672,153.1999969482422,20489600
2018-01-03,139.02880859375,154.05999755859375,154.4600067138672,153.52000427246094,153.8699951171875,21836600
2018-01-04,139.3988037109375,154.47000122070312,155.14999389648438,154.02000427246094,154.97000122070312,14207100
2018-01-05,139.6875457763672,154.7899932861328,154.97999572753906,153.94000244140625,154.8800048828125,19883900
2018-01-08,139.90414428710938,155.02999877929688,155.27000427246094,153.5,154.72999572753906,18457300
2018-01-09,139.71466064453125,154.82000732421875,155.5,154.72999572753906,155.24000549316406,16571300
2018-01-10,139.73265075683594,154.83999633789062,155.1699981689453,153.9199981689453,154.47000122070312,18516800
2018-01-11,142.13316345214844,157.5,157.66000366210938,154.97999572753906,155.07000732421875,26522400
2018-01-12,142.7288055419922,158.16000366210938,158.86000061035156,157.47000122070312,157.67999267578125,24089800
2018-01-16,140.9058380126953,156.13999938964844,159.41000366210938,155.8000030517578,158.86000061035156,27704700
2018-01-17,142.24143981933594,157.6199951171875,157.94000244140625,156.27999877929688,156.8000030517578,18571600
2018-01-18,141.266845703125,156.5399932861328,157.5,156.38999938964844,157.22000122070312,17903600
2018-01-19,143.1258544921875,158.60000610351562,158.69000244140625,156.5500030517578,156.72999572753906,31040900
2018-01-22,143.8928985595703,159.4499969482422,159.4499969482422,158.30999755859375,158.39999389648438,12702400
2018-01-23,144.3531036376953,159.9600067138672,160.3000030517578,158.6699981689453,159.24000549316406,16904600
2018-01-24,143.459716796875,158.97000122070312,160.6300048828125,158.39999389648438,160.36000061035156,20340900
2018-01-25,143.51390075683594,159.02999877929688,159.9199981689453,158.2100067138672,159.63999938964844,20290900
2018-01-26,144.02830505371094,159.60000610351562,159.69000244140625,158.77000427246094,159.52999877929688,16120300
2018-01-29,143.21612548828125,158.6999969482422,159.86000061035156,158.6199951171875,159.05999755859375,18293300
2018-01-30,141.84439086914062,157.17999267578125,158.22000122070312,156.72999572753906,157.66000366210938,24533800
2018-01-31,141.10440063476562,156.36000061035156,158.4199981689453,155.9199981689453,157.74000549316406,27468900
2018-02-01,141.54660034179688,156.85000610351562,157.2100067138672,155.52999877929688,155.72999572753906,21413000
2018-02-02,138.8212432861328,153.8300018310547,156.14999389648438,153.50999450683594,156.1300048828125,33314100
2018-02-05,133.4878692626953,147.9199981689453,153.7899932861328,147.86000061035156,152.6699981689453,52622200
2018-02-06,135.0851593017578,149.69000244140625,150.3699951171875,144.24000549316406,145.52999877929688,69232400
2018-02-07,135.2205047607422,149.83999633789062,150.7899932861328,148.61000061035156,149.61000061035156,37101000
2018-02-08,131.24986267089844,145.44000244140625,150.0,145.44000244140625,149.99000549316406,44704500
2018-02-09,132.45004272460938,146.77000427246094,147.94000244140625,142.5,146.75999450683594,53315300
2018-02-12,133.7044677734375,148.16000366210938,148.9199981689453,145.47999572753906,146.9199981689453,36213900
2018-02-13,133.99322509765625,148.47999572753906,148.7899932861328,146.89999389648438,147.3800048828125,25021200
2018-02-14,136.40269470214844,151.14999389648438,151.52000427246094,147.17999267578125,147.6300048828125,36286900
2018-02-15,137.89175415039062,152.8000030517578,152.8699951171875,150.55999755859375,152.22000122070312,23773600
2018-02-16,138.3790740966797,153.33999633789062,154.2899932861328,152.5399932861328,152.61000061035156,27973900
2018-02-20,137.24195861816406,152.0800018310547,153.77000427246094,151.6699981689453,152.5500030517578,24046200
2018-02-21,137.38636779785156,152.24000549316406,154.80999755859375,152.00999450683594,152.4199981689453,26735500
2018-02-22,137.1697998046875,152.0,154.02999877929688,151.91000366210938,152.80999755859375,16340000
2018-02-23,138.9566192626953,153.97999572753906,154.02000427246094,152.14999389648438,152.97999572753906,18065200
2018-02-26,139.86801147460938,154.99000549316406,155.25999450683594,153.47000122070312,154.52999877929688,15267700
2018-02-27,137.8556365966797,152.75999450683594,155.8800048828125,152.75,155.17999267578125,18125500
2018-02-28,135.68077087402344,150.35000610351562,153.60000610351562,150.30999755859375,153.13999938964844,29951800
2018-03-01,135.31979370117188,149.9499969482422,151.57000732421875,148.3800048828125,150.0500030517578,38943200
2018-03-02,137.4856414794922,152.35000610351562,152.75,148.39999389648438,148.7100067138672,31842300
2018-03-05,138.7129669189453,153.7100067138672,154.25999450683594,151.47000122070312,151.82000732421875,19603700
2018-03-06,140.2110137939453,155.3699951171875,155.38999938964844,152.8000030517578,154.42999267578125,17304000
2018-03-07,141.44729614257812,156.74000549316406,156.92999267578125,154.22000122070312,154.4600067138672,22684600
2018-03-08,141.15850830078125,156.4199981689453,157.47000122070312,155.5,156.89999389648438,23391300
2018-03-09,143.4146270751953,158.9199981689453,159.0,156.8699951171875,157.30999755859375,24927200
2018-03-12,143.6672821044922,159.1999969482422,159.64999389648438,158.49000549316406,159.25,15310100
2018-03-13,142.99951171875,158.4600067138672,160.3000030517578,158.13999938964844,160.0,17757200
2018-03-14,142.3226776123047,157.7100067138672,159.38999938964844,157.41000366210938,159.22000122070312,18097500
2018-03-15,141.60977172851562,156.9199981689453,158.13999938964844,156.3699951171875,158.10000610351562,14172100
2018-03-16,142.40390014648438,157.8000030517578,158.27000427246094,156.75,156.97999572753906,36000300
2018-03-19,141.03221130371094,156.27999877929688,157.2100067138672,154.4499969482422,157.1699981689453,25663000
2018-03-20,140.99609375,156.24000549316406,157.02000427246094,155.77000427246094,156.6699981689453,11418500
2018-03-21,141.8173065185547,157.14999389648438,158.25999450683594,156.1999969482422,156.32000732421875,22213500
2018-03-22,138.70762634277344,153.35000610351562,156.6199951171875,153.30999755859375,155.66000366210938,29774800
2018-03-23,135.72267150878906,150.0500030517578,153.94000244140625,150.0,153.55999755859375,35744100
2018-03-26,138.6895294189453,153.3300018310547,153.3800048828125,150.42999267578125,152.08999633789062,28442400
2018-03-27,136.00308227539062,150.36000061035156,153.6999969482422,149.7100067138672,153.66000366210938,32820600
2018-03-28,135.95787048339844,150.30999755859375,151.35000610351562,149.38999938964844,150.74000549316406,26510900
2018-03-29,137.3327178955078,151.8300018310547,153.10000610351562,150.75,151.0800018310547,22617700
2018-04-02,133.98605346679688,148.1300048828125,152.07000732421875,147.17999267578125,151.52000427246094,35040700
2018-04-03,135.90357971191406,150.25,150.60000610351562,148.3000030517578,149.02000427246094,29857800
2018-04-04,137.6312255859375,152.16000366210938,152.5800018310547,148.27000427246094,148.5,29619700
2018-04-05,138.77093505859375,153.4199981689453,153.61000061035156,152.32000732421875,153.0399932861328,17301600
2018-04-06,136.00308227539062,150.36000061035156,153.39999389648438,149.14999389648438,152.3699951171875,25762700
2018-04-09,136.1658477783203,150.5399932861328,152.60000610351562,150.4199981689453,151.39999389648438,18997000
2018-04-10,138.73475646972656,153.3800048828125,153.9499969482422,151.6699981689453,152.13999938964844,23420000
2018-04-11,139.03321838378906,153.7100067138672,154.30999755859375,152.6300048828125,152.77999877929688,14884600
2018-04-12,139.9829559326172,154.75999450683594,155.41000366210938,153.92999267578125,154.42999267578125,14413200
2018-04-13,139.25027465820312,153.9499969482422,155.3300018310547,153.50999450683594,155.2899932861328,19813600
2018-04-16,140.5347442626953,155.3699951171875,155.82000732421875,154.11000061035156,154.83999633789062,18846900
2018-04-17,142.0633087158203,157.05999755859375,157.49000549316406,155.9600067138672,156.2100067138672,18624200
2018-04-18,142.44326782226562,157.47999572753906,158.3800048828125,157.16000366210938,157.52000427246094,16974200
2018-04-19,141.4573211669922,156.38999938964844,157.5399932861328,155.8800048828125,157.13999938964844,16174500
2018-04-20,140.6975555419922,155.5500030517578,156.72000122070312,155.14999389648438,156.0500030517578,21480600
2018-04-23,140.48948669433594,155.32000732421875,156.2899932861328,154.57000732421875,155.77999877929688,13268200
2018-04-24,139.68443298339844,154.42999267578125,156.6300048828125,153.19000244140625,155.89999389648438,24859700
2018-04-25,139.4764404296875,154.1999969482422,154.8000030517578,152.9600067138672,154.36000061035156,21981400
2018-04-26,140.1185760498047,154.91000366210938,155.41000366210938,153.94000244140625,154.4199981689453,14862900
2018-04-27,139.91958618164062,154.69000244140625,155.3699951171875,153.77999877929688,154.8800048828125,17734300
2018-04-30,138.680419921875,153.32000732421875,155.64999389648438,153.2899932861328,155.02000427246094,15624600
2018-05-01,139.3588104248047,154.07000732421875,154.2899932861328,151.7100067138672,153.00999450683594,24977500
2018-05-02,139.88343811035156,154.64999389648438,155.77999877929688,153.67999267578125,153.77999877929688,16786800
2018-05-03,139.12368774414062,153.80999755859375,154.5,152.16000366210938,154.11000061035156,20985900
2018-05-04,140.86033630371094,155.72999572753906,156.5,152.8000030517578,153.25999450683594,17927900
2018-05-07,142.05430603027344,157.0500030517578,157.86000061035156,156.10000610351562,156.19000244140625,16303500
2018-05-08,142.75982666015625,157.8300018310547,157.8300018310547,156.75,156.9199981689453,17281200
2018-05-09,143.5286407470703,158.67999267578125,159.10000610351562,157.3800048828125,158.00999450683594,15758500
2018-05-10,144.2974853515625,159.52999877929688,160.1699981689453,158.75999450683594,158.89999389648438,15828700
2018-05-11,144.57786560058594,159.83999633789062,160.1300048828125,159.0399932861328,159.5500030517578,14413600
2018-05-14,144.02613830566406,159.22999572753906,160.69000244140625,159.0500030517578,160.02000427246094,15028500
2018-05-15,144.05328369140625,159.25999450683594,159.58999633789062,158.1699981689453,158.7100067138672,17544900
2018-05-16,145.55479431152344,160.9199981689453,161.32000732421875,159.47000122070312,159.49000549316406,21004400
2018-05-17,146.22413635253906,161.66000366210938,162.0,160.75,161.0,18639700
2018-05-18,146.41404724121094,161.8699951171875,162.32000732421875,161.5500030517578,161.9499969482422,17579800
2018-05-21,147.3818817138672,162.94000244140625,163.24000549316406,162.36000061035156,162.3699951171875,15667300
2018-05-22,146.3145751953125,161.75999450683594,163.3300018310547,161.6300048828125,163.25999450683594,13212000
2018-05-23,146.5045166015625,161.97000122070312,162.27999877929688,161.1300048828125,161.3300018310547,14235700
2018-05-24,146.5587921142578,162.02999877929688,162.35000610351562,160.6199951171875,161.9199981689453,12785000
2018-05-25,146.2964630126953,161.74000549316406,162.16000366210938,161.47000122070312,161.75,11150200
2018-05-29,146.09747314453125,161.52000427246094,162.22999572753906,160.11000061035156,160.8800048828125,20986900
2018-05-30,148.4130096435547,164.0800018310547,164.38999938964844,162.36000061035156,162.36000061035156,25169000
2018-05-31,147.2281036376953,162.77000427246094,164.3800048828125,162.33999633789062,164.0800018310547,28573700
2018-06-01,148.1959686279297,163.83999633789062,164.3800048828125,163.27999877929688,163.8300018310547,21108200
2018-06-04,148.98292541503906,164.7100067138672,164.7100067138672,163.32000732421875,164.32000732421875,14836000
2018-06-05,149.905517578125,165.72999572753906,165.77000427246094,164.33999633789062,164.5500030517578,13283600
2018-06-06,150.99090576171875,166.92999267578125,166.92999267578125,165.5800018310547,165.7100067138672,16661300
2018-06-07,150.1678009033203,166.02000427246094,167.22999572753906,165.22999572753906,167.11000061035156,17571900
2018-06-08,150.6200714111328,166.52000427246094,166.61000061035156,165.75999450683594,166.05999755859375,17569800
2018-06-11,150.84619140625,166.77000427246094,167.11000061035156,166.2899932861328,166.63999938964844,15923000
2018-06-12,151.53363037109375,167.52999877929688,167.94000244140625,166.72999572753906,166.9199981689453,16166700
2018-06-13,150.9365997314453,166.8699951171875,167.8699951171875,166.6199951171875,167.77000427246094,19853700
2018-06-14,151.7416534423828,167.75999450683594,167.83999633789062,166.61000061035156,167.49000549316406,19248100
2018-06-15,151.78688049316406,167.80999755859375,167.8699951171875,166.52999877929688,167.24000549316406,24922600
2018-06-18,152.50144958496094,168.60000610351562,168.61000061035156,166.72999572753906,166.97000122070312,18616500
2018-06-19,152.510498046875,168.61000061035156,168.77000427246094,166.5399932861328,167.5500030517578,24605900
2018-06-20,153.74063110351562,169.97000122070312,170.1999969482422,168.9499969482422,169.4499969482422,19216900
2018-06-21,152.302490234375,168.3800048828125,170.0800018310547,167.77000427246094,169.97999572753906,26946200
2018-06-22,151.79592895507812,167.82000732421875,169.1999969482422,167.30999755859375,169.00999450683594,33638200
2018-06-25,149.3175048828125,165.0800018310547,167.3699951171875,164.13999938964844,167.24000549316406,37005100
2018-06-26,150.1859130859375,166.0399932861328,166.66000366210938,164.85000610351562,165.22999572753906,20464000
2018-06-27,147.7798614501953,163.3800048828125,166.50999450683594,163.30999755859375,166.2100067138672,27511800
2018-06-28,148.23214721679688,163.8800048828125,164.22000122070312,162.25999450683594,163.22999572753906,26759100
2018-06-29,148.1326446533203,163.77000427246094,165.0500030517578,163.61000061035156,164.30999755859375,24146500
2018-07-02,149.15472412109375,164.89999389648438,164.9600067138672,162.47999572753906,162.75999450683594,24283600
2018-07-03,149.7493438720703,164.9600067138672,165.6999969482422,164.6999969482422,164.75,13561300
2018-07-05,151.45602416992188,166.83999633789062,166.8699951171875,164.8300018310547,165.86000061035156,18640500
2018-07-06,152.73597717285156,168.25,168.44000244140625,166.52000427246094,166.97000122070312,19597500
2018-07-09,153.6982879638672,169.30999755859375,169.3300018310547,168.38999938964844,169.00999450683594,16565200
2018-07-10,152.99925231933594,168.5399932861328,169.8699951171875,167.57000732421875,169.5800018310547,18790700
2018-07-11,151.7010955810547,167.11000061035156,168.61000061035156,167.0500030517578,167.6199951171875,23912600
2018-07-12,152.4364013671875,167.9199981689453,168.25,166.63999938964844,168.07000732421875,19617600
2018-07-13,151.98251342773438,167.4199981689453,168.72999572753906,167.4199981689453,167.85000610351562,15409100
2018-07-16,151.39242553710938,166.77000427246094,168.02999877929688,165.9600067138672,167.75999450683594,15946900
2018-07-17,152.064208984375,167.50999450683594,168.0,166.58999633789062,166.75,15134700
2018-07-18,152.49093627929688,167.97999572753906,168.05999755859375,166.57000732421875,167.36000061035156,13780000
2018-07-19,153.57115173339844,169.1699981689453,169.25,167.25999450683594,167.77000427246094,18398300
2018-07-20,152.94471740722656,168.47999572753906,169.30999755859375,168.35000610351562,168.8000030517578,17570700
2018-07-23,153.13540649414062,168.69000244140625,169.14999389648438,167.80999755859375,168.3000030517578,12335000
2018-07-24,151.5013885498047,166.88999938964844,169.75999450683594,166.22000122070312,169.4499969482422,25831300
2018-07-25,152.05514526367188,167.5,167.5,166.13999938964844,166.94000244140625,18401200
2018-07-26,152.87216186523438,168.39999389648438,169.3699951171875,167.50999450683594,167.66000366210938,20944200
2018-07-27,150.02163696289062,165.25999450683594,168.72000122070312,164.7899932861328,168.5,28777100
2018-07-30,149.0594482421875,164.1999969482422,166.02000427246094,164.07000732421875,165.25,20093700
2018-07-31,150.57534790039062,165.8699951171875,166.6199951171875,164.38999938964844,164.52999877929688,23567300
2018-08-01,150.4755859375,165.75999450683594,166.24000549316406,164.5,165.6999969482422,17942600
2018-08-02,151.5740203857422,166.97000122070312,167.2100067138672,164.94000244140625,164.9600067138672,18292200
2018-08-03,151.04750061035156,166.38999938964844,167.67999267578125,165.61000061035156,167.14999389648438,21734900
2018-08-06,151.8917694091797,167.32000732421875,167.50999450683594,165.89999389648438,166.27000427246094,16288800
2018-08-07,152.25489807128906,167.72000122070312,168.49000549316406,167.60000610351562,167.88999938964844,15045700
2018-08-08,152.11868286132812,167.57000732421875,167.99000549316406,166.49000549316406,167.72000122070312,14789500
2018-08-09,152.50901794433594,168.0,168.7100067138672,167.5500030517578,167.64999389648438,10437800
2018-08-10,152.08236694335938,167.52999877929688,168.6699981689453,166.9600067138672,167.0500030517578,20521900
2018-08-13,151.1927490234375,166.5500030517578,168.0500030517578,165.8800048828125,167.74000549316406,20517200
2018-08-14,152.69058227539062,168.1999969482422,168.60000610351562,166.88999938964844,166.91000366210938,17683100
2018-08-15,150.775146484375,166.08999633789062,167.82000732421875,165.14999389648438,167.6999969482422,27479900
2018-08-16,152.17315673828125,167.6300048828125,168.1699981689453,166.69000244140625,166.86000061035156,15484700
2018-08-17,152.8267822265625,168.35000610351562,168.47000122070312,166.92999267578125,167.47000122070312,15106700
2018-08-20,153.25347900390625,168.82000732421875,169.17999267578125,167.8300018310547,168.80999755859375,12547300
2018-08-21,155.01454162597656,170.75999450683594,171.36000061035156,169.1199951171875,169.13999938964844,20661200
2018-08-22,155.39584350585938,171.17999267578125,171.49000549316406,170.4199981689453,170.58999633789062,14329200
2018-08-23,154.9237518310547,170.66000366210938,171.52000427246094,170.17999267578125,171.08999633789062,12945800
2018-08-24,155.76795959472656,171.58999633789062,171.77999877929688,171.02000427246094,171.14999389648438,11894300
2018-08-27,155.9949188232422,171.83999633789062,172.94000244140625,171.6199951171875,172.11000061035156,15880400
2018-08-28,156.1401824951172,172.0,172.47999572753906,171.10000610351562,172.16000366210938,13170300
2018-08-29,156.59410095214844,172.5,172.77000427246094,171.4600067138672,172.02000427246094,13157900
2018-08-30,156.467041015625,172.36000061035156,173.22999572753906,171.82000732421875,172.1699981689453,14199600
2018-08-31,157.06614685058594,173.02000427246094,173.38999938964844,171.9499969482422,171.9600067138672,12240500
2018-09-04,156.3671875,172.25,173.1199951171875,171.1199951171875,172.7899932861328,17923500
2018-09-05,155.94956970214844,171.7899932861328,172.22999572753906,170.36000061035156,172.17999267578125,15166100
2018-09-06,154.89649963378906,170.6300048828125,172.47999572753906,170.4199981689453,172.1699981689453,16647700
2018-09-07,154.81484985351562,170.5399932861328,171.4499969482422,169.66000366210938,170.2100067138672,17248000
2018-09-10,155.00546264648438,170.75,171.67999267578125,170.38999938964844,171.25,11067100
2018-09-11,155.25965881347656,171.02999877929688,171.60000610351562,170.0,170.60000610351562,14078400
2018-09-12,154.88742065429688,170.6199951171875,171.08999633789062,169.3300018310547,170.7899932861328,21572300
2018-09-13,154.9237518310547,170.66000366210938,171.5399932861328,170.25999450683594,171.27999877929688,14570500
2018-09-14,155.577392578125,171.3800048828125,171.92999267578125,170.39999389648438,170.77000427246094,15734900
2018-09-17,153.9251708984375,169.55999755859375,171.5399932861328,169.35000610351562,171.4199981689453,20023200
2018-09-18,154.5697021484375,170.27000427246094,170.7100067138672,169.6300048828125,169.8000030517578,13018000
2018-09-19,154.00686645507812,169.64999389648438,171.07000732421875,169.07000732421875,170.27999877929688,17593500
2018-09-20,155.43214416503906,171.22000122070312,171.3000030517578,169.80999755859375,170.3699951171875,16918700
2018-09-21,154.68772888183594,170.39999389648438,171.82000732421875,170.22000122070312,171.75,32539000
2018-09-24,154.11578369140625,169.77000427246094,170.5,168.75999450683594,170.25999450683594,15786700
2018-09-25,154.3518524169922,170.02999877929688,170.52000427246094,169.85000610351562,170.0500030517578,13758500
2018-09-26,152.9410400390625,168.02999877929688,170.02999877929688,167.77999877929688,169.92999267578125,17787200
2018-09-27,152.9501190185547,168.0399932861328,168.6999969482422,167.75999450683594,168.3699951171875,14471900
2018-09-28,153.4143524169922,168.5500030517578,169.0,167.4499969482422,167.4499969482422,22740300
2018-10-01,151.3937225341797,166.3300018310547,169.32000732421875,165.77000427246094,169.2899932861328,27893100
2018-10-02,149.75534057617188,164.52999877929688,166.52999877929688,164.17999267578125,166.17999267578125,28440300
2018-10-03,151.0660400390625,165.97000122070312,166.72999572753906,164.50999450683594,165.17999267578125,26027200
2018-10-04,148.9452667236328,163.63999938964844,165.64999389648438,163.1300048828125,165.44000244140625,29463000
2018-10-05,147.59815979003906,162.16000366210938,164.16000366210938,160.66000366210938,163.75,31240100
2018-10-08,147.28871154785156,161.82000732421875,162.39999389648438,160.5500030517578,161.77000427246094,21330700
2018-10-09,146.7152557373047,161.19000244140625,162.74000549316406,160.97999572753906,161.6199951171875,20620400
2018-10-10,142.50100708007812,156.55999755859375,160.99000549316406,156.36000061035156,160.82000732421875,46921800
2018-10-11,139.77957153320312,153.57000732421875,157.32000732421875,153.50999450683594,155.80999755859375,68877400
2018-10-12,139.80685424804688,153.60000610351562,155.75999450683594,151.88999938964844,155.55999755859375,53492600
2018-10-15,140.32568359375,154.1699981689453,155.2899932861328,152.5399932861328,153.36000061035156,32747600
2018-10-16,144.39427185058594,158.63999938964844,158.86000061035156,154.0399932861328,155.27999877929688,35569100
2018-10-17,143.77529907226562,157.9600067138672,158.22000122070312,155.88999938964844,158.17999267578125,24140100
2018-10-18,141.08111572265625,155.0,157.6300048828125,154.3699951171875,157.41000366210938,31042700
2018-10-19,139.58840942382812,153.36000061035156,156.36000061035156,152.74000549316406,155.47000122070312,34214200
2018-10-22,139.2880401611328,153.02999877929688,154.4499969482422,152.52000427246094,153.9199981689453,28218300
2018-10-23,138.0410919189453,151.66000366210938,152.88999938964844,148.9199981689453,150.92999267578125,37228100
2018-10-24,132.84384155273438,145.9499969482422,151.97999572753906,145.82000732421875,151.42999267578125,40412400
2018-10-25,135.72003173828125,149.11000061035156,149.82000732421875,146.41000366210938,146.72999572753906,32311300
2018-10-26,134.23641967773438,147.47999572753906,149.4199981689453,144.6999969482422,147.5399932861328,36986100
2018-10-29,133.49911499023438,146.6699981689453,150.6300048828125,145.07000732421875,149.1300048828125,33031300
2018-10-30,136.2843475341797,149.72999572753906,149.88999938964844,146.55999755859375,146.85000610351562,29017200
2018-10-31,136.55743408203125,150.02999877929688,151.86000061035156,150.02999877929688,151.25999450683594,36785400
2018-11-01,139.7067413330078,153.49000549316406,153.77000427246094,150.80999755859375,150.88999938964844,28496400
2018-11-02,140.17092895507812,154.0,154.88999938964844,152.44000244140625,154.05999755859375,26671600
2018-11-05,140.0617218017578,153.8800048828125,154.66000366210938,152.35000610351562,154.0399932861328,16940900
2018-11-06,140.75341796875,154.63999938964844,155.11000061035156,153.52000427246094,153.64999389648438,15572900
2018-11-07,143.27467346191406,157.41000366210938,157.41000366210938,154.8000030517578,155.36000061035156,22127800
2018-11-08,142.89244079589844,156.99000549316406,157.89999389648438,156.33999633789062,156.61000061035156,14987700
2018-11-09,140.24375915527344,154.0800018310547,156.02999877929688,152.9499969482422,156.0,20654400
2018-11-12,137.4676513671875,151.02999877929688,154.1699981689453,150.83999633789062,154.02000427246094,21886800
2018-11-13,137.03070068359375,150.5500030517578,153.08999633789062,150.2899932861328,151.60000610351562,18468500
2018-11-14,136.02947998046875,149.4499969482422,152.4600067138672,148.47999572753906,151.82000732421875,24549100
2018-11-15,137.96823120117188,151.5800018310547,151.8000030517578,148.1300048828125,148.49000549316406,24482000
2018-11-16,138.29591369628906,151.94000244140625,152.2899932861328,150.05999755859375,150.61000061035156,29323500
2018-11-19,135.4925079345703,148.86000061035156,152.02999877929688,148.3699951171875,151.67999267578125,21540900
2018-11-20,132.8802490234375,145.99000549316406,148.42999267578125,145.58999633789062,147.25,25907000
2018-11-21,134.73704528808594,148.02999877929688,149.3699951171875,146.52999877929688,146.77999877929688,17902300
2018-11-23,134.60960388183594,147.88999938964844,149.3000030517578,146.80999755859375,146.82000732421875,11134800
2018-11-26,136.35720825195312,149.80999755859375,150.39999389648438,148.74000549316406,149.32000732421875,15346400
2018-11-27,135.22854614257812,148.57000732421875,149.72999572753906,148.2899932861328,149.17999267578125,14461800
2018-11-28,138.56900024414062,152.24000549316406,152.3699951171875,147.6999969482422,149.1999969482422,26125900
2018-11-29,138.19577026367188,151.8300018310547,152.74000549316406,150.44000244140625,151.61000061035156,15134500
2018-11-30,138.91481018066406,152.6199951171875,152.86000061035156,151.0800018310547,151.4600067138672,20304700
2018-12-03,140.24375915527344,154.0800018310547,154.47999572753906,152.02000427246094,154.38999938964844,23379800
2018-12-04,134.27284240722656,147.52000427246094,154.1300048828125,147.13999938964844,153.75,41077900
2018-12-06,133.98158264160156,147.1999969482422,147.1999969482422,143.42999267578125,145.4499969482422,37581200
2018-12-07,131.08714294433594,144.02000427246094,148.25999450683594,143.27000427246094,147.13999938964844,28525100
2018-12-10,130.70480346679688,143.60000610351562,144.72000122070312,141.4499969482422,144.27000427246094,30776600
2018-12-11,130.5683135986328,143.4499969482422,146.19000244140625,142.38999938964844,145.67999267578125,29229300
2018-12-12,131.8153076171875,144.82000732421875,146.75999450683594,144.75999450683594,144.8800048828125,27894800
2018-12-13,129.94940185546875,142.77000427246094,145.69000244140625,142.5399932861328,145.24000549316406,23205400
2018-12-14,127.98335266113281,140.61000061035156,143.22999572753906,140.10000610351562,141.72999572753906,24037200
2018-12-17,125.13307189941406,137.02000427246094,140.8800048828125,136.16000366210938,139.6699981689453,36468500
2018-12-18,124.97785186767578,136.85000610351562,139.17999267578125,136.2899932861328,138.25999450683594,42277200
2018-12-19,122.3750991821289,134.0,138.67999267578125,133.25,136.8000030517578,47676600
2018-12-20,120.35682678222656,131.7899932861328,134.41000366210938,130.22999572753906,133.6300048828125,57908100
2018-12-21,117.23348999023438,128.3699951171875,132.9499969482422,127.9800033569336,132.3800048828125,59404800
2018-12-24,114.95951080322266,125.87999725341797,128.47000122070312,125.83999633789062,127.7300033569336,28575700
2018-12-26,120.48467254638672,131.92999267578125,132.10000610351562,125.80999755859375,126.27999877929688,40182700
2018-12-27,120.98692321777344,132.47999572753906,132.47999572753906,127.87000274658203,130.27000427246094,39527900
2018-12-28,121.33399200439453,132.86000061035156,135.00999450683594,131.5399932861328,132.47999572753906,35994400
2018-12-31,122.28379821777344,133.89999389648438,134.0500030517578,131.8000030517578,133.72000122070312,29173400
2019-01-02,122.97783660888672,134.66000366210938,135.1699981689453,131.5399932861328,132.1699981689453,27295100
2019-01-03,120.77689361572266,132.25,134.63999938964844,131.64999389648438,133.91000366210938,29294600
2019-01-04,125.2883071899414,137.19000244140625,137.60000610351562,133.7100067138672,133.9199981689453,35355300
2019-01-07,127.4801025390625,139.58999633789062,140.3699951171875,136.74000549316406,137.25999450683594,30477900
2019-01-08,129.4344940185547,141.72999572753906,141.7899932861328,139.38999938964844,140.8000030517578,27320900
2019-01-09,130.50296020507812,142.89999389648438,143.38999938964844,141.6199951171875,142.22000122070312,25764600
2019-01-10,131.1788330078125,143.63999938964844,143.72000122070312,141.35000610351562,142.05999755859375,22896800
2019-01-11,131.21527099609375,143.67999267578125,143.99000549316406,142.67999267578125,143.00999450683594,22428400
2019-01-14,129.90936279296875,142.25,143.44000244140625,142.08999633789062,142.82000732421875,29185000
2019-01-15,131.00527954101562,143.4499969482422,143.64999389648438,142.08999633789062,142.64999389648438,25678900
2019-01-16,131.98245239257812,144.52000427246094,145.25,143.6699981689453,143.67999267578125,20827300
2019-01-17,133.17881774902344,145.8300018310547,146.3300018310547,143.97000122070312,143.99000549316406,19273400
2019-01-18,134.54864501953125,147.3300018310547,147.9199981689453,146.0,146.60000610351562,28306700
2019-01-22,132.42079162597656,145.0,146.75999450683594,144.0500030517578,146.4600067138672,27741100
2019-01-23,132.05552673339844,144.60000610351562,146.17999267578125,143.4600067138672,145.32000732421875,20621300
2019-01-24,132.84999084472656,145.47000122070312,145.75999450683594,144.3300018310547,144.42999267578125,16976300
2019-01-25,134.55780029296875,147.33999633789062,147.63999938964844,146.42999267578125,146.6199951171875,22266900
2019-01-28,133.83628845214844,146.5500030517578,146.91000366210938,145.3699951171875,145.9600067138672,22784700
2019-01-29,133.51669311523438,146.1999969482422,146.82000732421875,145.8800048828125,146.7100067138672,12084800
2019-01-30,134.97789001464844,147.8000030517578,148.33999633789062,145.67999267578125,146.97999572753906,25516900
2019-01-31,136.12860107421875,149.05999755859375,149.3000030517578,147.52999877929688,147.61000061035156,27252900
2019-02-01,136.2381591796875,149.17999267578125,149.67999267578125,148.5800018310547,149.35000610351562,17057900
2019-02-04,137.86378479003906,150.9600067138672,150.97000122070312,148.8800048828125,149.41000366210938,21301700
2019-02-05,138.00982666015625,151.1199951171875,151.60000610351562,150.24000549316406,151.00999450683594,18295900
2019-02-06,137.8363494873047,150.92999267578125,151.3699951171875,150.10000610351562,151.0399932861328,13720600
2019-02-07,136.70394897460938,149.69000244140625,150.6999969482422,148.38999938964844,149.9199981689453,22850800
2019-02-08,136.8500518798828,149.85000610351562,149.89999389648438,148.5,149.05999755859375,13463000
2019-02-11,137.9915771484375,151.10000610351562,151.14999389648438,149.6300048828125,150.2899932861328,16374800
2019-02-12,139.7176513671875,152.99000549316406,153.19000244140625,151.8800048828125,151.9199981689453,20779900
2019-02-13,140.11033630371094,153.4199981689453,153.75999450683594,152.6999969482422,153.4199981689453,15534500
2019-02-14,140.42996215820312,153.77000427246094,154.3699951171875,152.39999389648438,152.5800018310547,18251000
2019-02-15,142.66741943359375,156.22000122070312,156.24000549316406,154.27000427246094,154.77999877929688,27240200
2019-02-19,143.0601348876953,156.64999389648438,157.10000610351562,155.5500030517578,155.5500030517578,15856900
2019-02-20,143.73594665527344,157.38999938964844,157.5800018310547,156.52999877929688,156.66000366210938,18317400
2019-02-21,143.18795776367188,156.7899932861328,157.3699951171875,156.05999755859375,157.1300048828125,17497000
2019-02-22,144.42999267578125,158.14999389648438,158.27000427246094,157.10000610351562,157.27000427246094,20411800
2019-02-25,144.4665069580078,158.19000244140625,159.5,158.08999633789062,159.0800018310547,17957100
2019-02-26,143.4710693359375,157.10000610351562,158.19000244140625,156.88999938964844,158.00999450683594,21497300
2019-02-27,143.67205810546875,157.32000732421875,157.44000244140625,156.1199951171875,156.49000549316406,18194900
2019-02-28,143.1788330078125,156.77999877929688,157.47999572753906,156.3699951171875,157.08999633789062,18155300
2019-03-01,144.5122528076172,158.24000549316406,158.33999633789062,156.75,157.9499969482422,19247100
2019-03-04,143.206298828125,156.80999755859375,158.77999877929688,155.58999633789062,158.5399932861328,23301800
2019-03-05,142.53956604003906,156.0800018310547,156.9499969482422,155.9600067138672,156.94000244140625,16798200
2019-03-06,139.74505615234375,153.02000427246094,156.0800018310547,152.8800048828125,156.02000427246094,29604600
2019-03-07,138.52127075195312,151.67999267578125,153.13999938964844,151.3699951171875,153.02000427246094,26822500
2019-03-08,138.48480224609375,151.63999938964844,151.75999450683594,150.61000061035156,150.83999633789062,20466800
2019-03-11,140.90484619140625,154.2899932861328,154.30999755859375,151.89999389648438,152.11000061035156,20854500
2019-03-12,140.97789001464844,154.3699951171875,154.97999572753906,153.8000030517578,154.39999389648438,18966800
2019-03-13,141.5349884033203,154.97999572753906,155.72999572753906,154.75,154.9199981689453,24109100
2019-03-14,140.95965576171875,154.35000610351562,155.02000427246094,154.1999969482422,154.89999389648438,14217500
2019-03-15,141.33407592773438,154.75999450683594,155.8699951171875,154.3300018310547,154.52999877929688,22025900
2019-03-18,142.2382049560547,155.75,156.4499969482422,154.47999572753906,155.05999755859375,24510200
2019-03-19,141.51670837402344,154.9600067138672,156.52999877929688,154.57000732421875,156.47999572753906,18633100
2019-03-20,140.33734130859375,153.25999450683594,155.4199981689453,152.41000366210938,154.5399932861328,29463200
2019-03-21,142.17787170410156,155.27000427246094,156.05999755859375,152.72999572753906,152.72999572753906,31845000
2019-03-22,137.0042266845703,149.6199951171875,154.5399932861328,149.57000732421875,154.1999969482422,40663000
2019-03-25,137.60862731933594,150.27999877929688,151.32000732421875,148.41000366210938,149.47999572753906,26454700
2019-03-26,139.05540466308594,151.86000061035156,152.82000732421875,150.7899932861328,151.47000122070312,21308600
2019-03-27,138.51515197753906,151.27000427246094,152.2100067138672,149.47999572753906,151.7100067138672,23477100
2019-03-28,139.75128173828125,152.6199951171875,152.92999267578125,150.92999267578125,151.7899932861328,19473300
2019-03-29,140.18165588378906,153.08999633789062,153.97000122070312,152.10000610351562,153.67999267578125,28298900
2019-04-01,141.7108612060547,154.75999450683594,154.9199981689453,153.72000122070312,154.2899932861328,20075200
2019-04-02,141.3445587158203,154.36000061035156,154.8800048828125,153.50999450683594,154.8699951171875,18253500
2019-04-03,142.07711791992188,155.16000366210938,156.14999389648438,154.72999572753906,155.74000549316406,19554700
2019-04-04,142.7730255126953,155.9199981689453,156.00999450683594,154.83999633789062,155.27999877929688,15909500
2019-04-05,144.10992431640625,157.3800048828125,157.47000122070312,156.19000244140625,156.3000030517578,21379000
2019-04-08,143.87185668945312,157.1199951171875,157.5,156.07000732421875,156.85000610351562,14202400
2019-04-09,142.11383056640625,155.1999969482422,156.6999969482422,154.91000366210938,156.4600067138672,18534200
2019-04-10,144.0457763671875,157.30999755859375,157.36000061035156,155.3300018310547,155.47999572753906,18938800
2019-04-11,143.86268615722656,157.11000061035156,157.67999267578125,156.80999755859375,157.52000427246094,12218700
2019-04-12,144.38462829589844,157.67999267578125,158.16000366210938,157.11000061035156,158.1300048828125,14120300
2019-04-15,143.91763305664062,157.1699981689453,158.10000610351562,156.5,157.9499969482422,10964000
2019-04-16,144.25643920898438,157.5399932861328,157.89999389648438,156.97999572753906,157.7100067138672,16782900
2019-04-17,142.9378662109375,156.10000610351562,158.11000061035156,155.1999969482422,158.08999633789062,17108500
2019-04-18,142.51666259765625,155.63999938964844,156.27999877929688,154.66000366210938,156.11000061035156,23276300
2019-04-22,142.1412353515625,155.22999572753906,155.80999755859375,154.52000427246094,155.30999755859375,15596800
2019-04-23,144.28390502929688,157.57000732421875,158.0500030517578,155.36000061035156,155.3699951171875,23396100
2019-04-24,144.73257446289062,158.05999755859375,158.69000244140625,157.3699951171875,157.6199951171875,18053100
2019-04-25,143.5330352783203,156.75,157.47000122070312,155.47000122070312,157.3300018310547,19365100
2019-04-26,144.92491149902344,158.27000427246094,158.49000549316406,156.39999389648438,156.9600067138672,16999100
2019-04-29,145.62083435058594,159.02999877929688,159.61000061035156,158.49000549316406,158.6199951171875,13698900
2019-04-30,144.94320678710938,158.2899932861328,159.19000244140625,156.9600067138672,159.14999389648438,24127500
2019-05-01,143.5697021484375,156.7899932861328,158.72999572753906,156.7100067138672,158.6699981689453,17734300
2019-05-02,144.23812866210938,157.52000427246094,158.14999389648438,155.67999267578125,156.63999938964844,22715700
2019-05-03,146.99432373046875,160.52999877929688,160.63999938964844,158.19000244140625,158.30999755859375,20178800
2019-05-06,147.15916442871094,160.7100067138672,161.11000061035156,158.00999450683594,158.17999267578125,21262100
2019-05-07,144.2472686767578,157.52999877929688,159.8699951171875,156.25,159.30999755859375,25434500
2019-05-08,143.542236328125,156.75999450683594,158.08999633789062,156.64999389648438,157.25999450683594,16113700
2019-05-09,143.02027893066406,156.19000244140625,156.64999389648438,153.74000549316406,155.52000427246094,25259900
2019-05-10,143.4140625,156.6199951171875,156.8300018310547,153.6699981689453,155.58999633789062,26544700
2019-05-13,138.8447723388672,151.6300048828125,154.02000427246094,151.16000366210938,153.69000244140625,26936500
2019-05-14,140.59371948242188,153.5399932861328,154.1699981689453,151.6999969482422,151.9600067138672,15519200
2019-05-15,141.05154418945312,154.0399932861328,154.41000366210938,152.07000732421875,152.39999389648438,18410600
2019-05-16,141.9306182861328,155.0,156.17999267578125,154.44000244140625,154.50999450683594,13772100
2019-05-17,139.95272827148438,152.83999633789062,155.27000427246094,152.66000366210938,153.82000732421875,21534000
2019-05-20,138.98216247558594,151.77999877929688,152.82000732421875,151.41000366210938,151.92999267578125,18689800
2019-05-21,140.85012817382812,153.82000732421875,154.0399932861328,152.5800018310547,152.6300048828125,11659100
2019-05-22,139.6688690185547,152.52999877929688,153.58999633789062,152.0,153.22000122070312,13922600
2019-05-23,136.79364013671875,149.38999938964844,151.05999755859375,148.5800018310547,151.05999755859375,26379400
2019-05-24,138.0756072998047,150.7899932861328,151.08999633789062,149.7899932861328,150.3800048828125,16093100
2019-05-28,136.9767608642578,149.58999633789062,151.64999389648438,149.5800018310547,151.00999450683594,14042200
2019-05-29,135.83218383789062,148.33999633789062,148.92999267578125,147.36000061035156,148.83999633789062,22622300
2019-05-30,135.45672607421875,147.92999267578125,149.5800018310547,147.0399932861328,148.75,17739100
2019-05-31,133.56130981445312,145.86000061035156,146.83999633789062,145.32000732421875,146.19000244140625,25411300
2019-06-03,134.02825927734375,146.3699951171875,147.2100067138672,145.3300018310547,146.1300048828125,26554500
2019-06-04,137.4987335205078,150.16000366210938,150.2899932861328,146.4199981689453,147.9199981689453,21217600
2019-06-05,137.52622985839844,150.19000244140625,150.88999938964844,148.61000061035156,150.75999450683594,18184100
2019-06-06,137.16908264160156,149.8000030517578,150.52000427246094,148.30999755859375,150.1199951171875,20772500
2019-06-07,138.13970947265625,150.86000061035156,151.50999450683594,150.02000427246094,150.35000610351562,17107500
2019-06-10,138.95465087890625,151.75,153.13999938964844,151.4499969482422,151.4499969482422,18912300
2019-06-11,138.54261779785156,151.3000030517578,153.22999572753906,150.5800018310547,152.8699951171875,15373000
2019-06-12,138.69827270507812,151.47000122070312,151.77999877929688,150.6199951171875,151.17999267578125,11957600
2019-06-13,140.16339111328125,153.07000732421875,153.17999267578125,151.8699951171875,152.30999755859375,14839400
2019-06-14,138.93634033203125,151.72999572753906,152.94000244140625,151.72000122070312,152.8800048828125,16154800
2019-06-17,139.894775390625,152.24000549316406,152.89999389648438,151.6699981689453,151.8699951171875,12509300
2019-06-18,141.52120971679688,154.00999450683594,155.14999389648438,152.25999450683594,153.27000427246094,22100800
2019-06-19,142.02664184570312,154.55999755859375,154.6999969482422,153.39999389648438,154.19000244140625,15625000
2019-06-20,142.69741821289062,155.2899932861328,156.22000122070312,154.44000244140625,156.0500030517578,17595700
2019-06-21,141.4661102294922,153.9499969482422,155.1699981689453,153.61000061035156,155.1300048828125,19854400
2019-06-24,139.7477264404297,152.0800018310547,154.41000366210938,152.0,154.36000061035156,24002600
2019-06-25,138.8931427001953,151.14999389648438,152.5,151.0,152.30999755859375,17462200
2019-06-26,138.57151794433594,150.8000030517578,152.22000122070312,150.75999450683594,151.6999969482422,15726900
2019-06-27,141.17202758789062,153.6300048828125,153.77000427246094,151.24000549316406,151.24000549316406,22278400
2019-06-28,142.89039611816406,155.5,156.02000427246094,153.94000244140625,153.9499969482422,35089900
2019-07-01,143.44180297851562,156.10000610351562,158.02999877929688,155.22000122070312,157.5399932861328,22850500
2019-07-02,142.56878662109375,155.14999389648438,156.1199951171875,154.25999450683594,156.02000427246094,19024600
2019-07-03,143.58876037597656,156.25999450683594,156.33999633789062,155.1699981689453,155.60000610351562,9115100
2019-07-05,143.97476196289062,156.67999267578125,156.74000549316406,154.86000061035156,155.49000549316406,14156700
2019-07-08,142.60557556152344,155.19000244140625,156.47999572753906,154.88999938964844,156.2100067138672,9735700
2019-07-09,142.7985076904297,155.39999389648438,155.42999267578125,154.47999572753906,154.5399932861328,12381600
2019-07-10,143.04660034179688,155.6699981689453,156.55999755859375,154.85000610351562,156.1999969482422,17325400
2019-07-11,142.34828186035156,154.91000366210938,155.94000244140625,154.22000122070312,155.88999938964844,14260800
2019-07-12,143.45095825195312,156.11000061035156,156.6699981689453,154.8800048828125,155.13999938964844,16678000
2019-07-15,142.69741821289062,155.2899932861328,156.58999633789062,154.85000610351562,156.55999755859375,12194300
2019-07-16,142.6515350341797,155.24000549316406,156.1999969482422,154.6699981689453,155.1300048828125,15152700
2019-07-17,141.63153076171875,154.1300048828125,155.33999633789062,153.72999572753906,155.24000549316406,14155100
2019-07-18,142.16445922851562,154.7100067138672,155.00999450683594,153.72999572753906,154.0800018310547,15705500
2019-07-19,141.34666442871094,153.82000732421875,155.42999267578125,153.82000732421875,154.94000244140625,17182600
2019-07-22,141.218017578125,153.67999267578125,154.6999969482422,153.39999389648438,154.24000549316406,14474600
2019-07-23,142.15525817871094,154.6999969482422,154.72000122070312,153.5399932861328,154.27999877929688,15493200
2019-07-24,144.50767517089844,157.25999450683594,157.4499969482422,154.1199951171875,154.2899932861328,23823100
2019-07-25,142.76173400878906,155.36000061035156,157.24000549316406,155.08999633789062,157.17999267578125,17902500
2019-07-26,144.4525604248047,157.1999969482422,157.4199981689453,155.5,155.5800018310547,14260300
2019-07-29,143.4877166748047,156.14999389648438,157.36000061035156,155.60000610351562,157.19000244140625,13192200
2019-07-30,145.04066467285156,157.83999633789062,157.83999633789062,154.7100067138672,155.05999755859375,1200
2019-07-31,143.8644561767578,156.55999755859375,159.22999572753906,155.5500030517578,157.77999877929688,40445900
2019-08-01,141.77850341796875,154.2899932861328,158.1699981689453,153.58999633789062,156.8800048828125,38070200
2019-08-02,140.20718383789062,152.5800018310547,153.75,151.27999877929688,153.35000610351562,30148300
2019-08-05,135.9986114501953,148.0,149.9199981689453,146.2100067138672,149.77999877929688,39221500
2019-08-06,137.248291015625,149.36000061035156,149.6999969482422,147.3800048828125,148.89999389648438,24283300
2019-08-07,137.21156311035156,149.32000732421875,149.7100067138672,146.69000244140625,147.9199981689453,23952100
2019-08-08,140.17042541503906,152.5399932861328,152.6300048828125,149.99000549316406,150.14999389648438,19415600
2019-08-09,138.40615844726562,150.6199951171875,152.14999389648438,150.02999877929688,152.08999633789062,19313200
2019-08-12,136.61427307128906,148.6699981689453,150.1199951171875,148.3300018310547,149.80999755859375,15963000
2019-08-13,138.0845184326172,150.27000427246094,151.7899932861328,147.6699981689453,148.33999633789062,21912600
2019-08-14,134.22509765625,146.07000732421875,147.97999572753906,145.72000122070312,147.9499969482422,28235800
2019-08-15,133.69216918945312,145.49000549316406,146.6699981689453,144.7899932861328,146.6199951171875,24202400
2019-08-16,136.57754516601562,148.6300048828125,148.91000366210938,146.11000061035156,146.13999938964844,22783400
2019-08-19,137.95587158203125,150.1300048828125,150.88999938964844,149.9499969482422,150.32000732421875,17023400
2019-08-20,137.05532836914062,149.14999389648438,150.00999450683594,148.99000549316406,149.9199981689453,13324100
2019-08-21,138.18556213378906,150.3800048828125,150.64999389648438,149.7899932861328,150.6199951171875,13446100
2019-08-22,137.86399841308594,150.02999877929688,151.0800018310547,149.13999938964844,150.6699981689453,12979100
2019-08-23,133.63699340820312,145.42999267578125,150.11000061035156,144.92999267578125,149.22000122070312,36974600
2019-08-26,135.10720825195312,147.02999877929688,147.0500030517578,145.7100067138672,146.8000030517578,19167100
2019-08-27,133.10401916503906,144.85000610351562,148.02000427246094,144.67999267578125,147.9600067138672,24546200
2019-08-28,134.656982421875,146.5399932861328,147.38999938964844,144.25,144.55999755859375,20115500
2019-08-29,137.0185546875,149.11000061035156,149.2899932861328,147.9600067138672,148.14999389648438,18786300
2019-08-30,136.7704620361328,148.83999633789062,149.97000122070312,148.0399932861328,149.88999938964844,18727100
2019-09-03,134.76722717285156,146.66000366210938,148.32000732421875,146.0,147.4499969482422,20688000
2019-09-04,135.85157775878906,147.83999633789062,148.36000061035156,147.17999267578125,148.00999450683594,13107500
2019-09-05,138.37852478027344,150.58999633789062,151.91000366210938,149.3699951171875,149.85000610351562,25666700
2019-09-06,137.74452209472656,149.89999389648438,151.22999572753906,149.8300018310547,150.6999969482422,14645900
2019-09-09,139.59152221679688,151.91000366210938,152.24000549316406,150.05999755859375,150.57000732421875,25780100
2019-09-10,141.37423706054688,153.85000610351562,153.9499969482422,150.88999938964844,151.67999267578125,29576200
2019-09-11,144.26873779296875,157.0,157.16000366210938,153.55999755859375,154.52000427246094,42970500
2019-09-12,144.3054962158203,157.0399932861328,157.89999389648438,155.57000732421875,157.17999267578125,38648300
2019-09-13,144.55360412597656,157.30999755859375,158.9199981689453,157.1300048828125,157.85000610351562,31042800
2019-09-16,145.0957489013672,157.89999389648438,158.75,156.6999969482422,156.97000122070312,23242600
2019-09-17,144.71902465820312,157.49000549316406,157.57000732421875,156.4499969482422,157.36000061035156,22986700
2019-09-18,143.82769775390625,156.52000427246094,157.5,155.07000732421875,157.47999572753906,19735700
2019-09-19,143.1293487548828,155.75999450683594,157.82000732421875,155.52999877929688,156.8000030517578,21531600
2019-09-20,142.82608032226562,155.42999267578125,156.64999389648438,154.4499969482422,155.63999938964844,22707200
2019-09-23,142.71583557128906,155.30999755859375,155.9499969482422,154.55999755859375,154.86000061035156,14944600
2019-09-24,140.56170654296875,152.42999267578125,155.2899932861328,151.83999633789062,155.14999389648438,27576700
2019-09-25,142.10166931152344,154.10000610351562,154.36000061035156,151.8000030517578,152.27999877929688,21917500
2019-09-26,140.51560974121094,152.3800048828125,153.9199981689453,151.9499969482422,153.9199981689453,20641600
2019-09-27,139.39059448242188,151.16000366210938,153.22000122070312,150.5,152.82000732421875,20181900
2019-09-30,139.55657958984375,151.33999633789062,152.25999450683594,150.7899932861328,151.3699951171875,16905400
2019-10-01,136.81781005859375,148.3699951171875,153.35000610351562,148.0500030517578,152.11000061035156,34093500
2019-10-02,135.78497314453125,147.25,147.6300048828125,145.86000061035156,147.6300048828125,24894600
2019-10-03,136.23687744140625,147.74000549316406,147.94000244140625,144.92999267578125,146.69000244140625,25362800
2019-10-04,137.52786254882812,149.13999938964844,149.25,147.1199951171875,147.99000549316406,18640400
2019-10-07,137.2880859375,148.8800048828125,150.07000732421875,148.1199951171875,148.77999877929688,15762800
2019-10-08,135.0565185546875,146.4600067138672,147.92999267578125,146.11000061035156,147.4199981689453,18110600
2019-10-09,135.67440795898438,147.1300048828125,147.69000244140625,146.63999938964844,147.5399932861328,10929500
2019-10-10,136.21844482421875,147.72000122070312,148.5,147.10000610351562,147.33999633789062,16349000
2019-10-11,138.52377319335938,150.22000122070312,151.9600067138672,147.69000244140625,149.7899932861328,29236300
2019-10-14,138.01657104492188,149.6699981689453,150.14999389648438,149.10000610351562,149.91000366210938,10692600
2019-10-15,139.6026611328125,151.38999938964844,152.1300048828125,149.7899932861328,150.1699981689453,16801200
2019-10-16,139.7501983642578,151.5500030517578,152.27000427246094,151.13999938964844,151.2100067138672,13119100
2019-10-17,141.40081787109375,153.33999633789062,153.50999450683594,152.0500030517578,152.2899932861328,13175800
2019-10-18,140.72769165039062,152.61000061035156,153.5,151.4499969482422,152.92999267578125,14490200
2019-10-21,142.0463104248047,154.0399932861328,154.97999572753906,153.91000366210938,154.1699981689453,17450300
2019-10-22,142.20309448242188,154.2100067138672,155.0500030517578,153.74000549316406,154.1999969482422,12471800
2019-10-23,142.37832641601562,154.39999389648438,154.75,153.5500030517578,154.33999633789062,8728000
2019-10-24,142.17544555664062,154.17999267578125,155.05999755859375,153.47000122070312,154.9499969482422,9091400
2019-10-25,142.93154907226562,155.0,155.52999877929688,153.89999389648438,153.91000366210938,10531500
2019-10-28,144.16725158691406,156.33999633789062,156.97999572753906,155.00999450683594,155.66000366210938,15392400
2019-10-29,144.63758850097656,156.85000610351562,157.33999633789062,155.86000061035156,156.00999450683594,11978300
2019-10-30,144.1580047607422,156.3300018310547,156.80999755859375,155.27999877929688,156.7899932861328,14451500
2019-10-31,143.3465576171875,155.4499969482422,156.10000610351562,154.24000549316406,156.10000610351562,17344200
2019-11-01,145.79022216796875,158.10000610351562,158.19000244140625,156.0500030517578,156.39999389648438,18421600
2019-11-04,146.5740509033203,158.9499969482422,159.6999969482422,158.47000122070312,159.39999389648438,16182000
2019-11-05,146.75848388671875,159.14999389648438,160.4600067138672,158.97000122070312,159.39999389648438,13760200
2019-11-06,145.91015625,158.22999572753906,158.99000549316406,157.80999755859375,158.99000549316406,16025500
2019-11-07,146.29739379882812,158.64999389648438,160.1699981689453,158.1699981689453,159.74000549316406,13448900
2019-11-08,146.69393920898438,159.0800018310547,159.27000427246094,157.9499969482422,158.27999877929688,11967400
2019-11-11,146.41729736328125,158.77999877929688,158.89999389648438,157.8800048828125,158.02999877929688,10508700
2019-11-12,146.46340942382812,158.8300018310547,159.8800048828125,158.49000549316406,158.92999267578125,14316900
2019-11-13,145.83631896972656,158.14999389648438,158.5,157.19000244140625,157.74000549316406,14514400
2019-11-14,145.79022216796875,158.10000610351562,158.91000366210938,157.7899932861328,157.92999267578125,13054000
2019-11-15,146.54638671875,158.9199981689453,159.2899932861328,158.35000610351562,159.22999572753906,13119200
2019-11-18,146.1775360107422,158.52000427246094,158.74000549316406,157.94000244140625,158.72000122070312,10759500
2019-11-19,146.7216033935547,159.11000061035156,159.6999969482422,158.30999755859375,159.11000061035156,15203700
2019-11-20,146.1682891845703,158.50999450683594,159.60000610351562,157.25999450683594,158.5500030517578,21314300
2019-11-21,145.4490203857422,157.72999572753906,158.88999938964844,157.22999572753906,158.82000732421875,15388300
2019-11-22,145.90087890625,158.22000122070312,158.5399932861328,157.35000610351562,158.30999755859375,13482400
2019-11-25,148.99928283691406,161.5800018310547,161.8300018310547,158.88999938964844,159.02999877929688,24753000
2019-11-26,149.10069274902344,161.69000244140625,162.5399932861328,161.2899932861328,161.75,15496700
2019-11-27,150.15196228027344,162.8300018310547,162.92999267578125,162.0800018310547,162.3800048828125,13202500
2019-11-29,149.17445373535156,161.77000427246094,162.7899932861328,161.6699981689453,162.41000366210938,9988200
2019-12-02,147.717529296875,160.19000244140625,162.2100067138672,159.91000366210938,162.14999389648438,17190900
2019-12-03,147.24720764160156,159.67999267578125,159.75999450683594,158.10000610351562,158.82000732421875,14884400
2019-12-04,148.2615966796875,160.77999877929688,161.22000122070312,160.3000030517578,160.5,10833200
2019-12-05,148.4091033935547,160.94000244140625,161.64999389648438,160.4499969482422,161.47000122070312,11470700
2019-12-06,150.14276123046875,162.82000732421875,163.41000366210938,162.5,162.58999633789062,16486200
2019-12-09,149.85687255859375,162.50999450683594,163.16000366210938,162.38999938964844,162.75,13476700
2019-12-10,149.94908142089844,162.61000061035156,162.9600067138672,161.94000244140625,162.41000366210938,13704400
2019-12-11,149.90298461914062,162.55999755859375,163.0800018310547,161.9499969482422,162.8800048828125,19612200
2019-12-12,151.19398498535156,163.9600067138672,165.10000610351562,162.25,162.75,24857000
2019-12-13,150.61305236816406,163.3300018310547,164.80999755859375,162.5500030517578,163.72999572753906,23279600
2019-12-16,151.67457580566406,163.8800048828125,164.85000610351562,163.74000549316406,164.05999755859375,20115300
2019-12-17,152.43348693847656,164.6999969482422,164.6999969482422,163.6999969482422,164.13999938964844,12980000
2019-12-18,152.72967529296875,165.02000427246094,165.27999877929688,164.32000732421875,165.05999755859375,15379300
2019-12-19,153.38682556152344,165.72999572753906,165.72999572753906,164.8800048828125,165.27999877929688,11919800
2019-12-20,153.60894775390625,165.97000122070312,166.41000366210938,165.72000122070312,166.14999389648438,25449500
2019-12-23,153.9143829345703,166.3000030517578,166.36000061035156,165.36000061035156,166.24000549316406,13372100
2019-12-24,154.26605224609375,166.67999267578125,166.6999969482422,166.0399932861328,166.4499969482422,4334500
2019-12-26,154.26605224609375,166.67999267578125,166.97999572753906,166.36000061035156,166.8300018310547,9371200
2019-12-27,153.5071258544922,165.86000061035156,167.1199951171875,165.42999267578125,167.1199951171875,12261800
2019-12-30,153.118408203125,165.44000244140625,166.2100067138672,164.57000732421875,165.97999572753906,14912700
2019-12-31,153.33126831054688,165.6699981689453,166.35000610351562,164.7100067138672,165.0800018310547,17362400
2020-01-02,153.43309020996094,165.77999877929688,166.75,164.22999572753906,166.74000549316406,18297500
2020-01-03,152.83151245117188,165.1300048828125,165.41000366210938,163.6999969482422,163.74000549316406,19295600
2020-01-06,153.0351104736328,165.35000610351562,165.5399932861328,163.5399932861328,163.85000610351562,17150900
2020-01-07,152.5260772705078,164.8000030517578,165.33999633789062,164.2100067138672,164.85000610351562,11817900
2020-01-08,152.9980926513672,165.30999755859375,166.02999877929688,164.72000122070312,164.82000732421875,13832400
2020-01-09,153.1831817626953,165.50999450683594,166.4499969482422,165.25999450683594,166.1199951171875,11895400
2020-01-10,152.60935974121094,164.88999938964844,165.69000244140625,164.1999969482422,165.5500030517578,15353000
2020-01-13,153.5996856689453,165.9600067138672,166.0399932861328,164.07000732421875,164.94000244140625,17271100
2020-01-14,154.16427612304688,166.57000732421875,167.58999633789062,164.97999572753906,165.13999938964844,18323000
2020-01-15,154.90469360351562,167.3699951171875,167.9499969482422,166.13999938964844,166.14999389648438,15437200
2020-01-16,156.9037628173828,169.52999877929688,169.8699951171875,168.42999267578125,168.58999633789062,19976200
2020-01-17,156.47805786132812,169.07000732421875,170.55999755859375,168.6699981689453,170.27999877929688,18306400
2020-01-21,155.18234252929688,167.6699981689453,168.99000549316406,167.27000427246094,168.36000061035156,17935100
2020-01-22,155.08050537109375,167.55999755859375,168.6199951171875,167.17999267578125,168.19000244140625,14916300
2020-01-23,154.97872924804688,167.4499969482422,167.97000122070312,165.4499969482422,167.10000610351562,15954300
2020-01-24,153.07212829589844,165.38999938964844,168.00999450683594,164.22999572753906,168.00999450683594,20491400
2020-01-27,151.3321533203125,163.50999450683594,164.49000549316406,162.4199981689453,162.85000610351562,18539000
2020-01-28,152.59088134765625,164.8699951171875,165.39999389648438,163.49000549316406,164.5,16690400
2020-01-29,151.72085571289062,163.92999267578125,165.55999755859375,163.89999389648438,165.10000610351562,14944400
2020-01-30,151.72085571289062,163.92999267578125,164.13999938964844,161.92999267578125,162.83999633789062,21889700
2020-01-31,148.57408142089844,160.52999877929688,163.9199981689453,160.02999877929688,163.32000732421875,30439000
2020-02-03,150.23077392578125,162.32000732421875,162.92999267578125,161.49000549316406,161.60000610351562,17373200
2020-02-04,152.498291015625,164.77000427246094,165.30999755859375,164.16000366210938,164.30999755859375,15994200
2020-02-05,154.84915161132812,167.30999755859375,167.52999877929688,165.69000244140625,166.47999572753906,17807000
2020-02-06,154.49737548828125,166.92999267578125,168.14999389648438,166.75999450683594,167.88999938964844,14768900
2020-02-07,152.60009765625,164.8800048828125,166.36000061035156,164.39999389648438,166.2899932861328,18029600
2020-02-10,153.46084594726562,165.80999755859375,165.88999938964844,164.4600067138672,164.55999755859375,11428800
2020-02-11,154.52523803710938,166.9600067138672,167.9600067138672,166.27000427246094,166.7899932861328,15005600
2020-02-12,155.5895538330078,168.11000061035156,168.2899932861328,167.27999877929688,168.02000427246094,12123000
2020-02-13,155.99679565429688,168.5500030517578,168.9499969482422,167.11000061035156,167.22000122070312,12649300
2020-02-14,155.3951873779297,167.89999389648438,168.77999877929688,167.33999633789062,168.6999969482422,16006200
2020-02-18,155.06199645996094,167.5399932861328,168.05999755859375,166.42999267578125,167.5,13412100
2020-02-19,155.85794067382812,168.39999389648438,169.13999938964844,167.52999877929688,168.1699981689453,11084600
2020-02-20,156.23741149902344,168.80999755859375,169.11000061035156,166.58999633789062,167.89999389648438,20383800
2020-02-21,154.65480041503906,167.10000610351562,168.6300048828125,166.3300018310547,168.14999389648438,18729900
2020-02-24,149.9994354248047,162.07000732421875,167.05999755859375,161.10000610351562,161.86000061035156,28239500
2020-02-25,144.66839599609375,156.30999755859375,162.75999450683594,155.9600067138672,162.52000427246094,45047000
2020-02-26,142.9931640625,154.5,158.49000549316406,154.22000122070312,157.0500030517578,39465000
2020-02-27,137.9583740234375,149.05999755859375,155.00999450683594,148.82000732421875,151.35000610351562,50530300
2020-02-28,135.43170166015625,146.3300018310547,149.1300048828125,143.91000366210938,144.85000610351562,72036400
2020-03-02,139.78160095214844,151.02999877929688,151.22999572753906,145.38999938964844,147.97000122070312,33569300
2020-03-03,136.9310302734375,147.9499969482422,154.1999969482422,146.30999755859375,151.08999633789062,42941300
2020-03-04,140.82745361328125,152.16000366210938,152.4499969482422,148.52000427246094,150.27999877929688,36195800
2020-03-05,136.3479461669922,147.32000732421875,152.47999572753906,145.49000549316406,148.83999633789062,32729400
2020-03-06,133.64540100097656,144.39999389648438,145.97999572753906,140.99000549316406,142.7100067138672,39688300
2020-03-09,120.65107727050781,130.36000061035156,136.1699981689453,130.25999450683594,134.1300048828125,56320000
2020-03-10,124.41796112060547,134.42999267578125,134.8000030517578,128.02000427246094,134.7100067138672,54432700
2020-03-11,116.5047607421875,125.87999725341797,132.27000427246094,124.16999816894531,130.9199981689453,51354800
2020-03-12,103.63074493408203,111.97000122070312,119.9000015258789,111.5999984741211,116.7699966430664,70114300
2020-03-13,110.5721435546875,119.47000122070312,119.95999908447266,109.55000305175781,118.30999755859375,57915100
2020-03-16,95.90262603759766,103.62000274658203,111.30000305175781,101.43000030517578,108.62000274658203,59095700
2020-03-17,100.29884338378906,108.37000274658203,110.5,100.61000061035156,104.95999908447266,59344800
2020-03-18,92.52445983886719,99.97000122070312,106.77999877929688,96.25,103.05000305175781,62296700
2020-03-19,96.13399505615234,103.87000274658203,106.80000305175781,95.69000244140625,99.66000366210938,62654700
2020-03-20,93.84796142578125,101.4000015258789,108.76000213623047,100.44999694824219,106.12000274658203,76203700
2020-03-23,92.45967102050781,99.9000015258789,102.18000030517578,95.91000366210938,101.9000015258789,63534700
2020-03-24,100.91893005371094,109.04000091552734,109.33000183105469,99.93000030517578,105.37000274658203,73386700
2020-03-25,102.1732177734375,109.97000122070312,114.0,106.0199966430664,109.4800033569336,56043700
2020-03-26,108.52827453613281,116.80999755859375,117.5999984741211,111.19999694824219,111.54000091552734,51657600
2020-03-27,104.57962036132812,112.55999755859375,116.0199966430664,110.87000274658203,112.25,39931500
2020-03-30,106.88378143310547,115.04000091552734,115.26000213623047,110.80000305175781,113.23999786376953,41552100
2020-03-31,106.34489440917969,114.45999908447266,116.16999816894531,111.95999908447266,114.5999984741211,52948000
2020-04-01,99.09789276123047,106.66000366210938,110.37999725341797,105.52999877929688,108.69999694824219,54224200
2020-04-02,100.03629302978516,107.66999816894531,110.38999938964844,104.56999969482422,105.72000122070312,43774200
2020-04-03,97.20252990722656,104.62000274658203,108.0,102.5999984741211,106.58999633789062,42189200
2020-04-06,104.6446304321289,112.62999725341797,113.33999633789062,109.0199966430664,109.08999633789062,48708100
2020-04-07,104.91407775878906,112.91999816894531,118.63999938964844,112.38999938964844,116.87999725341797,57546100
2020-04-08,109.69895935058594,118.06999969482422,119.23999786376953,113.29000091552734,114.87999725341797,52822300
2020-04-09,114.94837951660156,123.72000122070312,124.61000061035156,121.33000183105469,121.91999816894531,69528600
2020-04-13,111.83589935302734,120.37000274658203,123.51000213623047,119.12000274658203,122.8499984741211,40198200
2020-04-14,114.1028823852539,122.80999755859375,124.87999725341797,121.30000305175781,123.9000015258789,35089700
2020-04-15,109.44808197021484,117.80000305175781,119.11000061035156,116.66000366210938,117.86000061035156,34809900
2020-04-16,108.62120056152344,116.91000366210938,118.41999816894531,114.55999755859375,118.08999633789062,49501300
2020-04-17,113.40605926513672,122.05999755859375,122.72000122070312,120.05999755859375,121.9000015258789,46250200
2020-04-20,112.06816101074219,120.62000274658203,122.9000015258789,119.04000091552734,119.58999633789062,36700500
2020-04-21,109.39234924316406,117.73999786376953,119.23999786376953,116.4800033569336,117.41999816894531,31608900
2020-04-22,110.72096252441406,119.16999816894531,120.98999786376953,118.7699966430664,120.31999969482422,24333800
2020-04-23,111.8080062866211,120.33999633789062,122.9000015258789,119.68000030517578,120.11000061035156,38571200
2020-04-24,113.73124694824219,122.41000366210938,123.31999969482422,120.08999633789062,121.52999877929688,27147500
2020-04-27,118.23739624023438,127.26000213623047,128.44000244140625,123.86000061035156,123.94999694824219,39021300
2020-04-28,119.95622253417969,129.11000061035156,131.4600067138672,127.27999877929688,131.1199951171875,47292700
2020-04-29,125.85601043701172,135.4600067138672,136.85000610351562,131.8800048828125,133.49000549316406,50390500
2020-04-30,121.07113647460938,130.30999755859375,132.94000244140625,130.13999938964844,131.89999389648438,43727500
2020-05-01,116.2677001953125,125.13999938964844,127.45999908447266,123.29000091552734,127.1500015258789,43352000
2020-05-04,116.76941680908203,125.68000030517578,125.9000015258789,122.25,123.5999984741211,28498200
2020-05-05,117.67064666748047,126.6500015258789,129.9199981689453,126.0999984741211,128.07000732421875,31209400
2020-05-06,116.80657196044922,125.72000122070312,128.1999969482422,125.0,127.48999786376953,29836800
2020-05-07,118.40462493896484,127.44000244140625,128.5,126.55000305175781,127.38999938964844,27493000
2020-05-08,122.97582244873047,132.36000061035156,132.75,129.19000244140625,130.16000366210938,32122900
2020-05-11,122.36259460449219,131.6999969482422,132.9499969482422,129.3300018310547,130.41000366210938,33983200
2020-05-12,117.96795654296875,126.97000122070312,132.2899932861328,126.83999633789062,132.25999450683594,44275300
2020-05-13,114.01927947998047,122.72000122070312,126.08000183105469,120.41000366210938,125.6500015258789,58719300
2020-05-14,114.39092254638672,123.12000274658203,123.2699966430664,117.18000030517578,119.97000122070312,55904300
2020-05-15,116.21196746826172,125.08000183105469,125.52999877929688,121.45999908447266,122.01000213623047,40236600
2020-05-18,123.27311706542969,132.67999267578125,133.38999938964844,130.8300018310547,131.4499969482422,46981100
2020-05-19,120.83885955810547,130.05999755859375,133.4499969482422,130.05999755859375,132.22000122070312,30270000
2020-05-20,124.49950408935547,134.0,134.97999572753906,132.3800048828125,132.72999572753906,35901300
2020-05-21,124.7225112915039,134.24000549316406,135.05999755859375,132.5800018310547,134.0500030517578,32716500
2020-05-22,125.32646942138672,134.88999938964844,135.0500030517578,133.02000427246094,134.6699981689453,24035200
2020-05-26,128.94061279296875,138.77999877929688,140.3800048828125,134.99000549316406,140.08999633789062,36971000
2020-05-27,132.94505310058594,143.08999633789062,143.5,137.3300018310547,141.57000732421875,42682000
2020-05-28,129.79539489746094,139.6999969482422,144.74000549316406,137.5800018310547,144.74000549316406,42105000
2020-05-29,129.05210876464844,138.89999389648438,139.27999877929688,136.41000366210938,138.3000030517578,41536400
2020-06-01,130.287841796875,140.22999572753906,141.6699981689453,138.61000061035156,139.25999450683594,25567500
2020-06-02,131.36561584472656,141.38999938964844,141.85000610351562,139.55999755859375,141.07000732421875,24666200
2020-06-03,134.53382873535156,144.8000030517578,146.07000732421875,143.11000061035156,143.6699981689453,36111700
2020-06-04,134.33868408203125,144.58999633789062,145.60000610351562,143.17999267578125,143.83999633789062,28904700
2020-06-05,139.53240966796875,150.17999267578125,152.32000732421875,149.5500030517578,150.86000061035156,53513400
2020-06-08,142.23606872558594,153.08999633789062,153.38999938964844,151.6300048828125,152.35000610351562,33834300
2020-06-09,139.60671997070312,150.25999450683594,151.77000427246094,149.05999755859375,150.86000061035156,39646000
2020-06-10,135.8159637451172,146.17999267578125,150.25999450683594,145.89999389648438,150.08999633789062,51774500
2020-06-11,125.45648956298828,135.02999877929688,141.02999877929688,134.77000427246094,140.14999389648438,72041500
2020-06-12,128.466796875,138.27000427246094,141.02000427246094,134.14999389648438,140.3300018310547,63864900
2020-06-15,131.4369354248047,140.99000549316406,142.05999755859375,133.27999877929688,133.27999877929688,57354800
2020-06-16,134.59722900390625,144.3800048828125,146.69000244140625,141.02999877929688,146.69000244140625,48957000
2020-06-17,132.1640625,141.77000427246094,144.99000549316406,141.32000732421875,144.58999633789062,34811400
2020-06-18,132.117431640625,141.72000122070312,143.30999755859375,139.80999755859375,140.3699951171875,26974100
2020-06-19,131.4369354248047,140.99000549316406,144.50999450683594,139.83999633789062,144.4199981689453,50293800
2020-06-22,132.75135803222656,142.39999389648438,142.55999755859375,138.8300018310547,140.24000549316406,28983200
2020-06-23,133.31072998046875,143.0,144.66000366210938,142.64999389648438,144.32000732421875,20344200
2020-06-24,128.98513793945312,138.36000061035156,141.60000610351562,136.30999755859375,141.10000610351562,42998700
2020-06-25,130.9335174560547,140.4499969482422,140.5800018310547,136.2899932861328,137.7100067138672,37191200
2020-06-26,127.40965270996094,136.6699981689453,139.8300018310547,136.49000549316406,139.47999572753906,39100100
2020-06-29,131.57675170898438,141.13999938964844,141.99000549316406,137.10000610351562,138.7100067138672,33935200
2020-06-30,133.47854614257812,143.17999267578125,143.6199951171875,140.58999633789062,140.6699981689453,32865900
2020-07-01,132.21067810058594,141.82000732421875,144.50999450683594,141.24000549316406,143.64999389648438,26457500
2020-07-02,132.75135803222656,142.39999389648438,145.27999877929688,141.88999938964844,144.55999755859375,24022400
2020-07-06,133.7115936279297,143.42999267578125,145.6999969482422,142.92999267578125,145.32000732421875,19858200
2020-07-07,131.3437042236328,140.88999938964844,143.44000244140625,140.47999572753906,142.17999267578125,22661000
2020-07-08,132.32254028320312,141.94000244140625,142.5,139.10000610351562,140.75999450683594,27358900
2020-07-09,129.6470489501953,139.07000732421875,142.35000610351562,137.24000549316406,142.02000427246094,34647800
2020-07-10,131.7352294921875,141.30999755859375,141.5,138.4600067138672,139.13999938964844,24008200
2020-07-13,130.0665283203125,139.52000427246094,144.63999938964844,139.38999938964844,142.8000030517578,34235500
2020-07-14,132.21998596191406,141.8300018310547,141.97999572753906,138.63999938964844,139.42999267578125,28114000
2020-07-15,137.067626953125,147.02999877929688,147.77999877929688,144.7899932861328,145.4199981689453,40770100
2020-07-16,136.25660705566406,146.16000366210938,146.6699981689453,144.8800048828125,146.11000061035156,30530800
2020-07-17,136.65748596191406,146.58999633789062,147.58999633789062,145.50999450683594,146.67999267578125,20644100
2020-07-20,136.07017517089844,145.9600067138672,146.85000610351562,145.14999389648438,146.1199951171875,19663300
2020-07-21,137.99989318847656,148.02999877929688,149.16000366210938,147.1999969482422,147.47000122070312,24503800
2020-07-22,138.07447814941406,148.11000061035156,148.6699981689453,147.02999877929688,147.08999633789062,24424800
2020-07-23,138.21432495117188,148.25999450683594,150.1999969482422,146.6999969482422,147.97999572753906,21704900
2020-07-24,136.1820526123047,146.0800018310547,147.6699981689453,145.55999755859375,147.2899932861328,20015500
2020-07-27,137.59906005859375,147.60000610351562,147.69000244140625,145.38999938964844,146.19000244140625,13370700
2020-07-28,136.22866821289062,146.1300048828125,148.0399932861328,146.05999755859375,147.07000732421875,13268000
2020-07-29,139.23049926757812,149.35000610351562,149.4499969482422,146.97999572753906,147.0,19864400
2020-07-30,138.680419921875,148.75999450683594,149.1199951171875,146.3300018310547,147.13999938964844,23618900
2020-07-31,137.3752899169922,147.36000061035156,148.4199981689453,144.6699981689453,148.13999938964844,29881500
2020-08-03,139.61268615722656,149.75999450683594,149.97000122070312,147.22000122070312,148.2899932861328,20777100
2020-08-04,140.57286071777344,150.7899932861328,150.92999267578125,149.0399932861328,149.38999938964844,20285000
2020-08-05,143.36962890625,153.7899932861328,153.88999938964844,151.77999877929688,152.2899932861328,18190200
2020-08-06,143.31369018554688,153.72999572753906,154.44000244140625,152.91000366210938,153.8000030517578,18237700
2020-08-07,145.58834838867188,156.1699981689453,156.25,153.14999389648438,153.4499969482422,20475200
2020-08-10,147.09861755371094,157.7899932861328,158.8300018310547,156.64999389648438,156.64999389648438,24000500
2020-08-11,146.25025939941406,156.8800048828125,159.82000732421875,156.16000366210938,159.27000427246094,30359400
2020-08-12,146.84689331054688,157.52000427246094,158.88999938964844,156.49000549316406,158.6699981689453,23378300
2020-08-13,146.53927612304688,157.19000244140625,158.52999877929688,156.64999389648438,156.99000549316406,15799900
2020-08-14,146.44602966308594,157.08999633789062,157.75999450683594,155.8699951171875,156.27999877929688,13360900
2020-08-17,147.2010955810547,157.89999389648438,158.02999877929688,156.74000549316406,157.5,9744200
2020-08-18,145.79344177246094,156.38999938964844,157.85000610351562,155.7100067138672,157.85000610351562,14670400
2020-08-19,145.80274963378906,156.39999389648438,158.0399932861328,156.19000244140625,156.92999267578125,14337300
2020-08-20,145.2061767578125,155.75999450683594,156.49000549316406,154.5399932861328,154.8000030517578,15413000
2020-08-21,144.13406372070312,154.61000061035156,155.72000122070312,153.60000610351562,155.14999389648438,20685100
2020-08-24,145.644287109375,156.22999572753906,156.27000427246094,154.3300018310547,155.86000061035156,13707100
2020-08-25,145.80274963378906,156.39999389648438,156.82000732421875,154.7899932861328,156.80999755859375,16269700
2020-08-26,144.88917541503906,155.4199981689453,156.77000427246094,155.17999267578125,156.5,13772700
2020-08-27,145.243408203125,155.8000030517578,157.0,154.6300048828125,156.1199951171875,17508400
2020-08-28,146.47398376464844,157.1199951171875,157.1999969482422,155.72999572753906,156.60000610351562,12371400
2020-08-31,144.89849853515625,155.42999267578125,157.3699951171875,155.3000030517578,157.19000244140625,17051500
2020-09-01,146.55789184570312,157.2100067138672,157.30999755859375,154.4499969482422,155.22000122070312,15638800
2020-09-02,147.72323608398438,158.4600067138672,158.97999572753906,156.17999267578125,157.9600067138672,16763400
2020-09-03,143.3603057861328,153.77999877929688,158.2899932861328,152.9600067138672,158.1199951171875,32117600
2020-09-04,142.4467010498047,152.8000030517578,155.88999938964844,149.2899932861328,155.7100067138672,30618800
2020-09-08,139.70590209960938,149.86000061035156,152.47999572753906,149.0,151.17999267578125,26447800
2020-09-09,141.82211303710938,152.1300048828125,152.77999877929688,150.57000732421875,151.42999267578125,20160800
2020-09-10,139.9762725830078,150.14999389648438,153.8800048828125,150.05999755859375,152.8300018310547,23005500
2020-09-11,139.0440216064453,149.14999389648438,151.0500030517578,147.67999267578125,150.9199981689453,20851000
2020-09-14,142.707763671875,153.0800018310547,153.42999267578125,150.3699951171875,150.58999633789062,21991300
2020-09-15,142.9780731201172,153.3699951171875,154.6999969482422,152.86000061035156,154.3800048828125,16175500
2020-09-16,144.329833984375,154.82000732421875,156.85000610351562,153.83999633789062,154.11000061035156,22178400
2020-09-17,143.27642822265625,153.69000244140625,154.39999389648438,151.75,152.6199951171875,20002900
2020-09-18,142.90353393554688,153.2899932861328,155.2899932861328,151.13999938964844,153.97999572753906,38352800
2020-09-21,137.8973846435547,147.9199981689453,150.25999450683594,146.3300018310547,149.82000732421875,40652500
2020-09-22,138.9601287841797,149.05999755859375,149.3000030517578,146.55999755859375,148.64999389648438,19385800
2020-09-23,134.82017517089844,144.07000732421875,149.42999267578125,143.97999572753906,148.41000366210938,33403400
2020-09-24,134.82017517089844,144.07000732421875,146.52999877929688,142.08999633789062,144.0399932861328,31723700
2020-09-25,137.00991821289062,146.41000366210938,146.85000610351562,143.35000610351562,143.44000244140625,20689300
2020-09-28,140.38815307617188,150.02000427246094,150.44000244140625,146.39999389648438,148.3699951171875,17600900
2020-09-29,139.7517852783203,149.33999633789062,150.27999877929688,148.0,149.85000610351562,18683800
2020-09-30,140.1729278564453,149.7899932861328,151.97000122070312,148.49000549316406,149.89999389648438,29073700
2020-10-01,142.40945434570312,152.17999267578125,152.1999969482422,149.49000549316406,150.80999755859375,25872000
2020-10-02,143.03643798828125,152.85000610351562,153.5800018310547,148.99000549316406,149.41000366210938,29452000
2020-10-05,146.98553466796875,157.07000732421875,157.30999755859375,154.47999572753906,154.49000549316406,18553600
2020-10-06,146.5644073486328,156.6199951171875,161.00999450683594,156.33999633789062,158.5,36348000
2020-10-07,149.76478576660156,160.0399932861328,160.55999755859375,158.4600067138672,158.58999633789062,27049700
2020-10-08,151.4679718017578,161.86000061035156,162.27999877929688,160.5800018310547,161.72000122070312,37278600
2020-10-09,152.25408935546875,162.6999969482422,163.7100067138672,161.80999755859375,163.35000610351562,25038100
2020-10-12,153.2740478515625,163.7899932861328,164.24000549316406,162.60000610351562,163.39999389648438,20336200
2020-10-13,152.25408935546875,162.6999969482422,163.22000122070312,161.47999572753906,162.52000427246094,20106500
2020-10-14,150.74740600585938,161.08999633789062,163.91000366210938,160.94000244140625,163.00999450683594,19024900
2020-10-15,152.30084228515625,162.75,163.17999267578125,158.80999755859375,159.2899932861328,22865100
2020-10-16,151.92649841308594,162.35000610351562,163.6999969482422,162.30999755859375,163.2100067138672,17637900
2020-10-19,150.111083984375,160.41000366210938,164.02999877929688,160.02999877929688,162.8800048828125,18360600
2020-10-20,150.43858337402344,160.75999450683594,162.4499969482422,160.33999633789062,161.55999755859375,18927700
2020-10-21,149.1471710205078,159.3800048828125,161.3699951171875,159.2899932861328,160.8699951171875,17504100
2020-10-22,151.7206268310547,162.1300048828125,162.19000244140625,159.17999267578125,160.13999938964844,20673900
2020-10-23,152.6002655029297,163.07000732421875,163.3300018310547,161.25,163.07000732421875,20889800
2020-10-26,149.30630493164062,159.5500030517578,161.3699951171875,157.3800048828125,160.9199981689453,26509900
2020-10-27,148.0242462158203,158.17999267578125,160.05999755859375,157.94000244140625,159.4499969482422,20523000
2020-10-28,143.46688842773438,153.30999755859375,155.44000244140625,153.0399932861328,154.66000366210938,32338700
2020-10-29,145.17941284179688,155.13999938964844,155.7899932861328,151.6699981689453,152.77000427246094,27203200
2020-10-30,143.26104736328125,153.08999633789062,155.27999877929688,151.38999938964844,154.32000732421875,31764500
2020-11-02,145.8157501220703,155.82000732421875,155.88999938964844,153.6699981689453,154.77000427246094,25252100
2020-11-03,149.9519805908203,160.24000549316406,161.22999572753906,158.05999755859375,158.42999267578125,30257400
2020-11-04,150.1204376220703,160.4199981689453,162.35000610351562,157.7100067138672,157.75,45226300
2020-11-05,154.32215881347656,164.91000366210938,165.5800018310547,161.91000366210938,162.00999450683594,31911000
2020-11-06,153.11497497558594,163.6199951171875,165.7100067138672,163.3000030517578,165.6199951171875,24930400
2020-11-09,158.66427612304688,169.5500030517578,178.10000610351562,169.3300018310547,176.9499969482422,55052700
2020-11-10,161.6120147705078,172.6999969482422,173.3300018310547,169.75,171.1999969482422,35492200
2020-11-11,161.54649353027344,172.6300048828125,173.47999572753906,170.86000061035156,173.33999633789062,23972600
2020-11-12,159.06661987304688,169.97999572753906,172.63999938964844,168.33999633789062,171.39999389648438,33986800
2020-11-13,162.36062622070312,173.5,174.1300048828125,171.30999755859375,171.35000610351562,25440400
2020-11-16,166.2254638671875,177.6300048828125,177.77999877929688,175.39999389648438,176.49000549316406,31812300
2020-11-17,167.00218200683594,178.4600067138672,178.8000030517578,174.27999877929688,176.0399932861328,26154500
2020-11-18,164.6627197265625,175.9600067138672,179.72000122070312,175.86000061035156,178.94000244140625,24377800
2020-11-19,165.92604064941406,177.30999755859375,177.58999633789062,175.07000732421875,175.64999389648438,20187600
2020-11-20,166.1038055419922,177.5,177.94000244140625,175.8300018310547,176.6699981689453,24898800
2020-11-23,169.21063232421875,180.82000732421875,181.99000549316406,178.72999572753906,179.25,24816000
2020-11-24,172.39239501953125,184.22000122070312,185.44000244140625,182.36000061035156,183.38999938964844,34945400
2020-11-25,171.80284118652344,183.58999633789062,184.30999755859375,181.88999938964844,183.5,21082700
2020-11-27,172.53271484375,184.3699951171875,184.49000549316406,183.22000122070312,183.72000122070312,10384400
2020-11-30,169.39779663085938,181.02000427246094,184.32000732421875,180.32000732421875,183.82000732421875,25481600
2020-12-01,170.969970703125,182.6999969482422,184.22000122070312,181.02000427246094,183.60000610351562,30265000
2020-12-02,171.14776611328125,182.88999938964844,183.47999572753906,180.75999450683594,181.9499969482422,20142800
2020-12-03,172.1116180419922,183.9199981689453,185.17999267578125,182.94000244140625,183.33999633789062,19603600
2020-12-04,176.11685180664062,188.1999969482422,188.4499969482422,183.9199981689453,185.02000427246094,24415700
2020-12-07,176.2852783203125,188.3800048828125,188.9499969482422,187.44000244140625,188.22999572753906,14671500
2020-12-08,178.54991149902344,190.8000030517578,190.97999572753906,187.0800018310547,187.1199951171875,20165600
2020-12-09,177.2491912841797,189.41000366210938,192.80999755859375,187.89999389648438,192.02000427246094,29507600
2020-12-10,178.96165466308594,191.24000549316406,191.64999389648438,187.30999755859375,187.75999450683594,21245300
2020-12-11,178.08201599121094,190.3000030517578,191.72000122070312,188.3000030517578,189.99000549316406,30865000
2020-12-14,178.29037475585938,189.92999267578125,193.1199951171875,189.8800048828125,191.9600067138672,32237700
2020-12-15,182.74932861328125,194.67999267578125,194.89999389648438,190.72999572753906,191.75999450683594,26807000
2020-12-16,182.09219360351562,193.97999572753906,195.2100067138672,192.9600067138672,195.1300048828125,25494600
2020-12-17,184.26063537597656,196.2899932861328,196.3800048828125,194.05999755859375,194.72999572753906,23834200
2020-12-18,183.3688201904297,195.33999633789062,197.8300018310547,194.8000030517578,196.61000061035156,37033400
2020-12-21,183.2750244140625,195.24000549316406,195.77999877929688,191.47999572753906,191.89999389648438,30873000
2020-12-22,185.35894775390625,197.4600067138672,197.72000122070312,195.38999938964844,195.99000549316406,21919700
2020-12-23,186.93600463867188,199.13999938964844,199.64999389648438,197.89999389648438,198.57000732421875,18392000
2020-12-24,186.81393432617188,199.00999450683594,199.94000244140625,198.05999755859375,199.92999267578125,8904900
2020-12-28,186.11927795410156,198.27000427246094,201.17999267578125,198.1300048828125,201.16000366210938,27168400
2020-12-29,182.51466369628906,194.42999267578125,199.0,193.44000244140625,198.63999938964844,33901300
2020-12-30,184.37330627441406,196.41000366210938,197.47999572753906,195.02999877929688,195.0500030517578,20595700
2020-12-31,184.04473876953125,196.05999755859375,196.83999633789062,194.6199951171875,196.6199951171875,24747700
2021-01-04,181.6416473388672,193.5,197.88999938964844,190.94000244140625,197.5399932861328,33664200
2021-01-05,184.44839477539062,196.49000549316406,197.6199951171875,193.07000732421875,193.08999633789062,27442900
2021-01-06,191.99562072753906,204.52999877929688,206.77999877929688,199.16000366210938,199.47999572753906,52952200
2021-01-07,195.41256713867188,208.1699981689453,208.52000427246094,205.6999969482422,205.7100067138672,24031400
2021-01-08,194.9901580810547,207.72000122070312,209.77000427246094,204.66000366210938,209.32000732421875,29017000
2021-01-11,194.8212127685547,207.5399932861328,208.1199951171875,204.8300018310547,205.08999633789062,20945100
2021-01-12,198.313232421875,211.25999450683594,211.38999938964844,208.49000549316406,208.52000427246094,24892200
2021-01-13,196.8957977294922,209.75,211.72999572753906,209.19000244140625,211.42999267578125,22782200
2021-01-14,200.82899475097656,213.94000244140625,215.0,211.1300048828125,211.24000549316406,33913700
2021-01-15,197.83447265625,210.75,213.9600067138672,208.25999450683594,210.80999755859375,41043500
2021-01-19,200.36903381347656,213.4499969482422,213.61000061035156,211.72000122070312,213.33999633789062,19744300
2021-01-20,201.2514190673828,214.38999938964844,215.97999572753906,213.07000732421875,214.36000061035156,25474200
2021-01-21,199.50537109375,212.52999877929688,215.16000366210938,211.9499969482422,214.97000122070312,21180500
2021-01-22,201.8240203857422,215.0,215.3300018310547,209.5500030517578,210.49000549316406,24800200
2021-01-25,201.62686157226562,214.7899932861328,217.91000366210938,211.60000610351562,214.92999267578125,33985000
2021-01-26,200.22824096679688,213.3000030517578,216.69000244140625,212.77000427246094,216.3000030517578,23969800
2021-01-27,196.5578155517578,209.38999938964844,212.99000549316406,207.2899932861328,209.5,45830300
2021-01-28,195.92886352539062,208.72000122070312,212.3699951171875,207.6300048828125,210.83999633789062,32202500
2021-01-29,192.96253967285156,205.55999755859375,210.99000549316406,204.83999633789062,209.72999572753906,40591900
2021-02-01,197.70306396484375,210.61000061035156,211.57000732421875,205.75999450683594,208.1699981689453,26375100
2021-02-02,200.5192108154297,213.61000061035156,214.0500030517578,210.88999938964844,213.14999389648438,22773100
2021-02-03,201.1199951171875,214.25,214.74000549316406,211.58999633789062,213.6999969482422,23923200
2021-02-04,205.22218322753906,218.6199951171875,218.8300018310547,215.0800018310547,215.08999633789062,25400800
2021-02-05,208.06651306152344,221.64999389648438,221.83999633789062,218.77000427246094,220.94000244140625,23338800
2021-02-08,213.37962341308594,227.30999755859375,227.3300018310547,223.39999389648438,223.7899932861328,20831500
2021-02-09,214.38406372070312,228.3800048828125,229.6199951171875,226.30999755859375,227.1300048828125,19510900
2021-02-10,212.9759979248047,226.8800048828125,230.32000732421875,224.9499969482422,229.9199981689453,27955400
2021-02-11,212.73187255859375,226.6199951171875,229.0,223.4199981689453,228.13999938964844,25847600
2021-02-12,213.3326416015625,227.25999450683594,227.74000549316406,224.63999938964844,225.92999267578125,17440200
2021-02-16,211.99034118652344,225.8300018310547,229.6300048828125,224.7899932861328,229.47000122070312,22999500
2021-02-17,210.32876586914062,224.05999755859375,224.74000549316406,220.9600067138672,223.61000061035156,25042300
2021-02-18,207.07147216796875,220.58999633789062,222.89999389648438,219.38999938964844,222.33999633789062,24501500
2021-02-19,211.38955688476562,225.19000244140625,226.3000030517578,222.1699981689453,222.4600067138672,31238200
2021-02-22,210.0189971923828,223.72999572753906,226.38999938964844,222.97999572753906,223.50999450683594,23272100
2021-02-23,208.1697235107422,221.75999450683594,222.97999572753906,215.55999755859375,220.9600067138672,38646800
2021-02-24,213.08860778808594,227.0,227.4499969482422,221.7100067138672,222.6199951171875,27584900
2021-02-25,205.21278381347656,218.61000061035156,227.58999633789062,218.00999450683594,226.7899932861328,49961400
2021-02-26,204.93118286132812,218.30999755859375,222.22999572753906,214.80999755859375,219.52000427246094,47734200
2021-03-01,212.21559143066406,226.07000732421875,226.7100067138672,222.94000244140625,223.47999572753906,26161000
2021-03-02,208.13221740722656,221.72000122070312,225.9600067138672,221.5500030517578,225.7899932861328,26895400
2021-03-03,205.8793182373047,219.32000732421875,224.25999450683594,219.2100067138672,222.4199981689453,33407600
2021-03-04,200.1249542236328,213.19000244140625,220.69000244140625,209.42999267578125,218.50999450683594,59126500
2021-03-05,204.36795043945312,217.7100067138672,218.14999389648438,207.2100067138672,216.88999938964844,53204300
2021-03-08,205.33480834960938,218.74000549316406,222.27000427246094,217.6699981689453,219.36000061035156,40619700
2021-03-09,209.65292358398438,223.33999633789062,224.99000549316406,220.9199981689453,222.41000366210938,32247300
2021-03-10,213.29515075683594,227.22000122070312,228.97000122070312,225.1999969482422,225.60000610351562,36812000
2021-03-11,217.9886932373047,232.22000122070312,232.27999877929688,228.7899932861328,229.5500030517578,25256700
2021-03-12,219.2747344970703,233.58999633789062,234.14999389648438,231.3699951171875,231.99000549316406,23732200
2021-03-15,220.0539093017578,234.4199981689453,234.52999877929688,231.91000366210938,233.33999633789062,21497400
2021-03-16,216.37413024902344,230.5,234.08999633789062,229.1199951171875,234.02000427246094,24675000
2021-03-17,218.0732421875,232.30999755859375,232.82000732421875,227.36000061035156,228.97000122070312,29422600
2021-03-18,211.43650817871094,225.24000549316406,232.92999267578125,224.61000061035156,230.8000030517578,35637200
2021-03-19,213.03231811523438,226.94000244140625,228.60000610351562,222.9499969482422,224.57000732421875,40855600
2021-03-22,211.42706298828125,225.22999572753906,228.10000610351562,224.10000610351562,227.67999267578125,26128400
2021-03-23,203.7577667236328,217.05999755859375,223.86000061035156,216.02999877929688,223.16000366210938,43660700
2021-03-24,199.04541015625,212.0399932861328,221.3300018310547,212.0399932861328,219.86000061035156,47270200
2021-03-25,203.76473999023438,216.66000366210938,217.52000427246094,208.02999877929688,209.33999633789062,59244600
2021-03-26,207.47967529296875,220.61000061035156,220.67999267578125,215.9600067138672,218.9600067138672,34452600
2021-03-29,201.6392822265625,214.39999389648438,220.92999267578125,214.0800018310547,219.00999450683594,38078800
2021-03-30,205.034423828125,218.00999450683594,218.67999267578125,213.13999938964844,214.38999938964844,36205400
2021-03-31,207.7900390625,220.94000244140625,222.39999389648438,219.1199951171875,219.1699981689453,34800100
2021-04-01,210.42337036132812,223.74000549316406,223.89999389648438,222.02000427246094,222.39999389648438,29799200
2021-04-05,211.5802001953125,224.97000122070312,226.5399932861328,223.57000732421875,226.39999389648438,27826600
2021-04-06,210.95944213867188,224.30999755859375,226.69000244140625,223.83999633789062,225.0,24907800
2021-04-07,207.5548858642578,220.69000244140625,224.3699951171875,219.94000244140625,224.22999572753906,26233700
2021-04-08,209.31362915039062,222.55999755859375,222.82000732421875,219.38999938964844,221.83999633789062,23989400
2021-04-09,209.341796875,222.58999633789062,223.08999633789062,221.24000549316406,222.49000549316406,23267400
2021-04-12,208.5236358642578,221.72000122070312,222.92999267578125,220.39999389648438,222.72000122070312,20533900
2021-04-13,207.97813415527344,221.13999938964844,222.57000732421875,218.8300018310547,221.47999572753906,24608400
2021-04-14,210.0283660888672,223.32000732421875,226.0,221.8000030517578,221.8699951171875,27362000
2021-04-15,210.9406280517578,224.2899932861328,225.1199951171875,222.25999450683594,225.08999633789062,20587300
2021-04-16,211.2792205810547,224.64999389648438,225.67999267578125,223.00999450683594,225.39999389648438,23943000
2021-04-19,208.53298950195312,221.72999572753906,224.66000366210938,219.94000244140625,223.7100067138672,25285900
2021-04-20,204.2632598876953,217.19000244140625,221.6199951171875,215.24000549316406,220.77000427246094,35570800
2021-04-21,209.25717163085938,222.5,222.6199951171875,215.5,217.02000427246094,31147800
2021-04-22,208.39195251464844,221.5800018310547,225.3300018310547,220.77999877929688,223.25999450683594,31943700
2021-04-23,212.32315063476562,225.75999450683594,226.64999389648438,222.02000427246094,222.82000732421875,27999500
2021-04-26,214.53329467773438,228.11000061035156,228.69000244140625,226.75,227.0,19069200
2021-04-27,214.85301208496094,228.4499969482422,229.38999938964844,227.50999450683594,228.7100067138672,19648100
2021-04-28,215.21983337402344,228.83999633789062,229.49000549316406,227.10000610351562,228.0800018310547,16222700
2021-04-29,214.42042541503906,227.99000549316406,230.9499969482422,225.7899932861328,230.85000610351562,25500300
2021-04-30,211.50494384765625,224.88999938964844,227.8000030517578,224.13999938964844,225.72000122070312,27006000
2021-05-03,212.5394744873047,225.99000549316406,227.41000366210938,224.9199981689453,227.2100067138672,18693400
2021-05-04,210.00013732910156,223.2899932861328,226.13999938964844,220.9600067138672,224.60000610351562,26892700
2021-05-05,209.16311645507812,222.39999389648438,224.5399932861328,221.36000061035156,224.27999877929688,25139500
2021-05-06,209.341796875,222.58999633789062,222.80999755859375,218.63999938964844,222.64999389648438,27647300
2021-05-07,211.9751739501953,225.38999938964844,225.92999267578125,222.16000366210938,222.66000366210938,26172700
2021-05-10,206.58619689941406,219.66000366210938,225.6699981689453,219.58999633789062,225.22999572753906,28109100
2021-05-11,205.92787170410156,218.9600067138672,220.38999938964844,214.4199981689453,214.9199981689453,39519500
2021-05-12,199.2410430908203,211.85000610351562,218.77000427246094,211.5399932861328,217.10000610351562,42113400
2021-05-13,202.908935546875,215.75,217.44000244140625,211.8000030517578,213.30999755859375,37739900
2021-05-14,207.86526489257812,221.02000427246094,221.41000366210938,215.67999267578125,217.94000244140625,25070400
2021-05-17,208.1474151611328,221.32000732421875,221.38999938964844,217.89999389648438,219.77999877929688,20048500
2021-05-18,206.5674591064453,219.63999938964844,223.24000549316406,219.47000122070312,221.38999938964844,24564500
2021-05-19,204.97799682617188,217.9499969482422,218.16000366210938,214.0500030517578,216.02999877929688,31202800
2021-05-20,206.34169006347656,219.39999389648438,219.8699951171875,216.3300018310547,218.27000427246094,24932800
2021-05-21,206.87774658203125,219.97000122070312,222.3699951171875,219.35000610351562,221.3300018310547,24213700
2021-05-24,208.22264099121094,221.39999389648438,222.4499969482422,220.0,221.17999267578125,18324200
2021-05-25,206.2100067138672,219.25999450683594,223.7100067138672,219.19000244140625,222.22999572753906,20514900
2021-05-26,210.056640625,223.35000610351562,223.69000244140625,220.1199951171875,220.1300048828125,20388200
2021-05-27,212.2196807861328,225.64999389648438,226.36000061035156,224.17999267578125,225.0399932861328,21225700
2021-05-28,212.07861328125,225.5,227.17999267578125,225.0500030517578,227.0800018310547,20668400
2021-06-01,214.4862823486328,228.05999755859375,228.55999755859375,225.9600067138672,227.4600067138672,23081500
2021-06-02,214.74020385742188,228.3300018310547,228.9199981689453,226.8300018310547,228.91000366210938,18927500
2021-06-03,212.94387817382812,226.4199981689453,227.6199951171875,224.0399932861328,226.82000732421875,24811500
2021-06-04,213.86550903320312,227.39999389648438,228.05999755859375,226.2100067138672,227.55999755859375,19395800
2021-06-07,216.7340087890625,230.4499969482422,230.77999877929688,227.25,227.88999938964844,24049900
2021-06-08,219.02879333496094,232.88999938964844,233.47999572753906,229.97999572753906,231.2100067138672,27770300
2021-06-09,217.57106018066406,231.33999633789062,233.63999938964844,230.97999572753906,233.5399932861328,18700600
2021-06-10,215.95755004882812,229.27999877929688,232.17999267578125,228.7100067138672,231.67999267578125,29069000
2021-06-11,218.2369384765625,231.6999969482422,231.8000030517578,230.07000732421875,230.3000030517578,16707200
2021-06-14,217.59645080566406,231.02000427246094,233.35000610351562,230.13999938964844,232.30999755859375,19182800
2021-06-15,216.974853515625,230.36000061035156,231.47000122070312,228.47999572753906,231.1199951171875,17039900
2021-06-16,216.51327514648438,229.8699951171875,230.67999267578125,227.63999938964844,229.6999969482422,24527000
2021-06-17,214.08316040039062,227.2899932861328,230.1999969482422,224.52000427246094,229.24000549316406,48292500
2021-06-18,209.22305297851562,222.1300048828125,225.74000549316406,221.1300048828125,223.6999969482422,54023700
2021-06-21,213.697021484375,226.8800048828125,227.5,223.27999877929688,224.0500030517578,26736400
2021-06-22,214.6671905517578,227.91000366210938,228.41000366210938,224.72000122070312,226.27000427246094,21188500
2021-06-23,215.37362670898438,228.66000366210938,229.9600067138672,227.99000549316406,227.99000549316406,22387500
2021-06-24,218.41590881347656,231.88999938964844,231.91000366210938,228.72000122070312,230.1199951171875,21732500
2021-06-25,218.7832794189453,232.27999877929688,233.41000366210938,231.75,232.2899932861328,27619000
2021-06-28,217.05018615722656,230.44000244140625,232.58999633789062,228.77000427246094,232.24000549316406,25006000
2021-06-29,216.01406860351562,229.33999633789062,231.72999572753906,228.77000427246094,231.22999572753906,18844300
2021-06-30,216.0423583984375,229.3699951171875,230.32000732421875,227.75999450683594,228.64999389648438,26039000
2021-07-01,217.9449462890625,231.38999938964844,231.85000610351562,229.7100067138672,230.80999755859375,18089100
2021-07-02,215.87281799316406,229.19000244140625,232.0800018310547,228.55999755859375,232.0,21029700
2021-07-06,212.73626708984375,225.86000061035156,229.4600067138672,223.8699951171875,229.36000061035156,27771300
2021-07-07,210.75830078125,223.75999450683594,226.6699981689453,221.8000030517578,225.5399932861328,28521500
2021-07-08,208.81802368164062,221.6999969482422,224.0800018310547,217.85000610351562,219.30999755859375,42297900
2021-07-09,213.22605895996094,226.3800048828125,226.4499969482422,223.33999633789062,224.16000366210938,23976400
2021-07-12,213.40504455566406,226.57000732421875,226.88999938964844,224.5500030517578,225.55999755859375,16831000
2021-07-13,209.38314819335938,222.3000030517578,225.74000549316406,222.22000122070312,225.22999572753906,25357500
2021-07-14,206.1524200439453,218.8699951171875,224.36000061035156,218.5500030517578,223.7100067138672,30594100
2021-07-15,204.98448181152344,217.6300048828125,219.05999755859375,214.94000244140625,217.8300018310547,45477000
2021-07-16,202.46022033691406,214.9499969482422,219.8800048828125,214.47000122070312,219.8300018310547,36620200
2021-07-19,199.4273223876953,211.72999572753906,214.4499969482422,209.0500030517578,210.6300048828125,58571000
2021-07-20,205.61561584472656,218.3000030517578,219.27000427246094,211.25999450683594,212.1999969482422,40794600
2021-07-21,209.15707397460938,222.05999755859375,222.22000122070312,219.36000061035156,219.4499969482422,28278700
2021-07-22,205.8321990966797,218.52999877929688,221.92999267578125,217.5800018310547,221.47000122070312,32879000
2021-07-23,206.79293823242188,219.5500030517578,219.9499969482422,216.91000366210938,219.8699951171875,23660300
2021-07-26,207.39573669433594,220.19000244140625,222.0500030517578,219.14999389648438,220.38999938964844,22194200
2021-07-27,204.97508239746094,217.6199951171875,219.0800018310547,215.3800048828125,219.00999450683594,35063600
2021-07-28,207.98912048339844,220.82000732421875,222.58999633789062,217.39999389648438,219.0,33043700
2021-07-29,209.5903778076172,222.52000427246094,224.44000244140625,222.13999938964844,222.7899932861328,22634800
2021-07-30,208.20579528808594,221.0500030517578,224.0500030517578,220.27999877929688,221.64999389648438,28473000
2021-08-02,207.16970825195312,219.9499969482422,224.5500030517578,219.63999938964844,222.47000122070312,24192600
2021-08-03,208.02682495117188,220.86000061035156,221.1199951171875,217.10000610351562,220.6199951171875,27798600
2021-08-04,205.4365997314453,218.11000061035156,221.1999969482422,217.88999938964844,219.10000610351562,25588500
2021-08-05,209.12884521484375,222.02999877929688,222.44000244140625,218.67999267578125,219.08999633789062,23915200
2021-08-06,210.4098358154297,223.38999938964844,225.2100067138672,222.13999938964844,223.75,24429200
2021-08-09,209.25128173828125,222.16000366210938,223.19000244140625,221.2100067138672,222.9199981689453,17225600
2021-08-10,209.6656951904297,222.60000610351562,223.22000122070312,221.19000244140625,222.63999938964844,22681600
2021-08-11,210.69239807128906,223.69000244140625,223.72999572753906,220.47000122070312,223.02000427246094,25691300
2021-08-12,210.19317626953125,223.16000366210938,223.83999633789062,221.7100067138672,223.75999450683594,23269500
2021-08-13,208.28115844726562,221.1300048828125,223.3000030517578,220.6999969482422,222.97999572753906,20813700
2021-08-16,206.34083557128906,219.07000732421875,220.25999450683594,217.64999389648438,219.77000427246094,24074400
2021-08-17,203.82595825195312,216.39999389648438,217.44000244140625,213.75,216.66000366210938,35161500
2021-08-18,202.04579162597656,214.50999450683594,218.0399932861328,214.3699951171875,216.10000610351562,29102300
2021-08-19,199.62510681152344,211.94000244140625,214.07000732421875,210.67999267578125,212.42999267578125,38119900
2021-08-20,202.99708557128906,215.52000427246094,216.02000427246094,211.4199981689453,212.10000610351562,31759500
2021-08-23,206.85887145996094,219.6199951171875,219.94000244140625,217.44000244140625,217.47999572753906,25778800
2021-08-24,208.8933563232422,221.77999877929688,221.9199981689453,219.69000244140625,220.32000732421875,18677900
2021-08-25,209.6280517578125,222.55999755859375,223.97000122070312,220.85000610351562,221.77000427246094,21548000
2021-08-26,207.40518188476562,220.1999969482422,223.16000366210938,219.74000549316406,222.13999938964844,22380300
2021-08-27,213.2543487548828,226.41000366210938,227.02999877929688,220.57000732421875,220.64999389648438,33998500
2021-08-30,212.37838745117188,225.47999572753906,227.35000610351562,224.97999572753906,227.25,20733300
2021-08-31,212.79278564453125,225.9199981689453,226.61000061035156,224.3300018310547,225.24000549316406,20839800
2021-09-01,214.22447204589844,227.44000244140625,228.24000549316406,224.8699951171875,226.8300018310547,20451500
2021-09-02,215.7126922607422,229.02000427246094,229.83999633789062,227.60000610351562,228.3300018310547,22810100
2021-09-03,214.7142791748047,227.9600067138672,228.97000122070312,227.19000244140625,228.25,18213100
2021-09-07,213.23550415039062,226.38999938964844,229.0,226.25,227.72000122070312,19153400
2021-09-08,210.90904235839844,223.9199981689453,225.97000122070312,222.6300048828125,225.61000061035156,25241500
2021-09-09,210.80538940429688,223.80999755859375,226.2899932861328,222.9600067138672,223.5399932861328,27180500
2021-09-10,208.74264526367188,221.6199951171875,225.2899932861328,221.52000427246094,225.16000366210938,24366100
2021-09-13,209.929443359375,222.8800048828125,223.3800048828125,220.25,223.2100067138672,34693100
2021-09-14,207.25448608398438,220.0399932861328,223.77000427246094,219.07000732421875,223.75,30312600
2021-09-15,209.12884521484375,222.02999877929688,222.74000549316406,219.4600067138672,220.02000427246094,27572000
2021-09-16,209.27955627441406,222.19000244140625,223.33999633789062,220.25999450683594,222.25999450683594,22369000
2021-09-17,209.5526580810547,222.47999572753906,223.02999877929688,220.63999938964844,221.6199951171875,39957600
2021-09-20,204.57008361816406,217.19000244140625,218.99000549316406,214.22000122070312,217.4499969482422,44958500
2021-09-21,204.8809051513672,217.52000427246094,219.2899932861328,215.82000732421875,218.77000427246094,26711200
2021-09-22,208.0644989013672,220.89999389648438,222.5500030517578,218.8699951171875,218.8800048828125,32100300
2021-09-23,211.74729919433594,224.80999755859375,225.64999389648438,221.55999755859375,222.17999267578125,31057800
2021-09-24,210.72605895996094,223.0500030517578,224.36000061035156,221.83999633789062,223.02000427246094,28866000
2021-09-27,213.92874145507812,226.44000244140625,227.67999267578125,223.52999877929688,223.6199951171875,29743200
2021-09-28,209.06329345703125,221.2899932861328,225.60000610351562,220.85000610351562,225.41000366210938,39938200
2021-09-29,208.6192169189453,220.82000732421875,222.66000366210938,220.1699981689453,222.27000427246094,23628900
2021-09-30,206.6636199951172,218.75,222.61000061035156,218.60000610351562,222.1199951171875,33153600
2021-10-01,209.9985809326172,222.27999877929688,223.5,217.74000549316406,219.9499969482422,32647000
2021-10-04,208.09019470214844,220.25999450683594,222.32000732421875,218.92999267578125,222.13999938964844,32580200
2021-10-05,208.80819702148438,221.02000427246094,223.05999755859375,219.8800048828125,220.9600067138672,20407600
2021-10-06,207.7217254638672,219.8699951171875,220.1999969482422,216.75999450683594,218.75999450683594,32893300
2021-10-07,210.9244384765625,223.25999450683594,224.9499969482422,221.3699951171875,221.52999877929688,24289300
2021-10-08,209.33726501464844,221.5800018310547,224.11000061035156,221.5,223.38999938964844,17989600
2021-10-11,208.13742065429688,220.30999755859375,223.5500030517578,220.25,221.8300018310547,15929800
2021-10-12,209.2805938720703,221.52000427246094,222.47000122070312,220.36000061035156,220.85000610351562,18800600
2021-10-13,210.2725830078125,222.57000732421875,222.6999969482422,219.8300018310547,221.88999938964844,19676200
2021-10-14,213.39022827148438,225.8699951171875,226.0,224.32000732421875,224.75,18160000
2021-10-15,212.71946716308594,225.16000366210938,228.41000366210938,225.05999755859375,227.97999572753906,27555300
2021-10-18,212.59664916992188,225.02999877929688,225.67999267578125,223.72999572753906,223.8800048828125,19082600
2021-10-19,213.39022827148438,225.8699951171875,226.8800048828125,224.61000061035156,225.97999572753906,15498400
2021-10-20,214.80735778808594,227.3699951171875,227.97999572753906,225.1199951171875,225.97000122070312,18130500
2021-10-21,215.35528564453125,227.9499969482422,229.00999450683594,226.6199951171875,227.19000244140625,17851600
2021-10-22,214.84512329101562,227.41000366210938,228.38999938964844,225.69000244140625,227.8000030517578,16887000
2021-10-25,216.8857879638672,229.57000732421875,229.97999572753906,227.27999877929688,227.7899932861328,16387100
2021-10-26,215.25137329101562,227.83999633789062,230.72000122070312,227.8000030517578,230.02999877929688,25290200
2021-10-27,211.2928924560547,223.64999389648438,227.4600067138672,223.5,227.17999267578125,27088500
2021-10-28,215.50643920898438,228.11000061035156,228.25999450683594,224.77000427246094,224.8000030517578,22890600
2021-10-29,215.4497833251953,228.0500030517578,228.8300018310547,226.9600067138672,227.8000030517578,20777700
2021-11-01,221.03326416015625,233.9600067138672,234.17999267578125,228.88999938964844,229.25,35500800
2021-11-02,221.4961700439453,234.4499969482422,234.85000610351562,232.64999389648438,234.3800048828125,24949700
2021-11-03,225.4546661376953,238.63999938964844,239.80999755859375,233.9199981689453,234.14999389648438,47648500
2021-11-04,225.36959838867188,238.5500030517578,240.94000244140625,237.55999755859375,239.47999572753906,26514000
2021-11-05,228.44949340820312,241.80999755859375,243.39999389648438,240.1999969482422,241.1699981689453,42041700
2021-11-08,229.15805053710938,242.55999755859375,244.4600067138672,241.92999267578125,243.74000549316406,31324500
2021-11-09,227.82595825195312,241.14999389648438,242.52999877929688,239.5399932861328,242.0,29895900
2021-11-10,224.23594665527344,237.35000610351562,241.55999755859375,236.30999755859375,240.0800018310547,32471600
2021-11-11,226.04043579101562,239.25999450683594,240.3800048828125,237.66000366210938,238.30999755859375,17987500
2021-11-12,226.26708984375,239.5,240.2100067138672,238.74000549316406,239.9199981689453,20526700
2021-11-15,225.36959838867188,238.5500030517578,240.75999450683594,237.5500030517578,240.57000732421875,27390000
2021-11-16,225.7853240966797,238.99000549316406,239.3699951171875,236.9499969482422,237.75999450683594,21925200
2021-11-17,222.82821655273438,235.86000061035156,238.1300048828125,235.1300048828125,238.05999755859375,26527800
2021-11-18,221.8834991455078,234.86000061035156,237.07000732421875,233.0500030517578,236.9199981689453,30637300
2021-11-19,219.86172485351562,232.72000122070312,234.4199981689453,232.38999938964844,233.27000427246094,33994000
2021-11-22,218.92648315429688,231.72999572753906,235.74000549316406,231.6199951171875,234.22000122070312,31042100
2021-11-23,218.54856872558594,231.3300018310547,233.0,228.6199951171875,231.38999938964844,33843800
2021-11-24,218.78472900390625,231.5800018310547,231.99000549316406,228.5399932861328,229.38999938964844,24099300
2021-11-26,210.537109375,222.85000610351562,226.1699981689453,219.63999938964844,224.9600067138672,62595400
2021-11-29,210.4048614501953,222.7100067138672,226.75,221.24000549316406,226.22000122070312,45982400
2021-11-30,206.11569213867188,218.1699981689453,221.86000061035156,215.8800048828125,220.66000366210938,64908400
2021-12-01,201.4769744873047,213.25999450683594,224.2100067138672,213.14999389648438,223.1699981689453,69120100
2021-12-02,207.0981903076172,219.2100067138672,219.94000244140625,213.82000732421875,214.3699951171875,64315700
2021-12-03,202.84686279296875,214.7100067138672,220.3800048828125,212.7100067138672,220.2899932861328,64425200
2021-12-06,206.91868591308594,219.02000427246094,220.69000244140625,213.7100067138672,216.5399932861328,43878300
2021-12-07,211.718017578125,224.10000610351562,226.0399932861328,221.97999572753906,222.13999938964844,44679200
2021-12-08,213.1634979248047,225.6300048828125,226.5399932861328,223.05999755859375,224.60000610351562,36546400
2021-12-09,208.3358154296875,220.52000427246094,225.80999755859375,220.47999572753906,223.9499969482422,34830300
2021-12-10,207.75953674316406,219.91000366210938,222.85000610351562,218.32000732421875,222.1999969482422,32924600
2021-12-13,204.72335815429688,216.0399932861328,219.0500030517578,214.75,218.38999938964844,33478400
2021-12-14,202.96078491210938,214.17999267578125,217.52000427246094,213.30999755859375,214.5800018310547,36543500
2021-12-15,206.1826629638672,217.5800018310547,218.16000366210938,211.0800018310547,214.2100067138672,51261000
2021-12-16,202.0131378173828,213.17999267578125,219.89999389648438,212.25,219.4499969482422,52743800
2021-12-17,203.87049865722656,215.13999938964844,217.35000610351562,210.3000030517578,212.1999969482422,62620900
2021-12-20,201.0087127685547,212.1199951171875,212.94000244140625,208.75999450683594,212.08999633789062,49993000
2021-12-21,206.7512664794922,218.17999267578125,218.38999938964844,212.05999755859375,214.1999969482422,38545300
2021-12-22,208.74122619628906,220.27999877929688,220.35000610351562,217.1300048828125,217.8699951171875,32442000
2021-12-23,210.40907287597656,222.0399932861328,222.8000030517578,220.33999633789062,221.0500030517578,22125400
2021-12-27,212.38011169433594,224.1199951171875,224.24000549316406,220.60000610351562,222.33999633789062,24196700
2021-12-28,211.08184814453125,222.75,225.72999572753906,222.35000610351562,223.7899932861328,23120300
2021-12-29,211.309326171875,222.99000549316406,223.49000549316406,221.25999450683594,222.72000122070312,19444400
2021-12-30,211.25244140625,222.92999267578125,225.42999267578125,222.6999969482422,222.94000244140625,23607700
2021-12-31,210.79759216308594,222.4499969482422,224.1199951171875,222.38999938964844,222.49000549316406,23997400
2022-01-03,213.51727294921875,225.32000732421875,226.69000244140625,222.72999572753906,223.7100067138672,30618800
2022-01-04,213.195068359375,224.97999572753906,227.1300048828125,223.3800048828125,226.0,22013100
2022-01-05,205.97421264648438,217.36000061035156,225.91000366210938,217.32000732421875,224.8699951171875,40582100
2022-01-06,207.14927673339844,218.60000610351562,220.4199981689453,215.82000732421875,217.82000732421875,39105900
2022-01-07,204.75180053710938,216.07000732421875,220.3800048828125,215.92999267578125,218.60000610351562,31583900
2022-01-10,204.04110717773438,215.32000732421875,215.38999938964844,211.11000061035156,214.77000427246094,45778100
2022-01-11,206.2111053466797,217.61000061035156,217.8300018310547,212.9600067138672,215.47999572753906,35209900
2022-01-12,204.6759796142578,215.99000549316406,219.3800048828125,214.63999938964844,218.52000427246094,35284500
2022-01-13,202.79971313476562,214.00999450683594,218.19000244140625,213.3800048828125,216.80999755859375,34489600
2022-01-14,203.08396911621094,214.30999755859375,214.39999389648438,210.5800018310547,211.99000549316406,42020900
2022-01-18,196.94342041015625,207.8300018310547,212.44000244140625,207.52999877929688,212.1999969482422,49434400
2022-01-19,193.7404327392578,204.4499969482422,209.4600067138672,204.3800048828125,208.80999755859375,46209100
2022-01-20,190.2342987060547,200.75,208.99000549316406,200.3300018310547,205.3800048828125,50466000
2022-01-21,186.67124938964844,196.99000549316406,203.02000427246094,196.99000549316406,199.75999450683594,85821000
2022-01-24,190.9734344482422,201.52999877929688,202.38999938964844,191.22999572753906,194.07000732421875,85782000
2022-01-25,188.42433166503906,198.83999633789062,201.6999969482422,194.55999755859375,198.47999572753906,61088500
2022-01-26,185.70465087890625,195.97000122070312,203.5500030517578,193.72000122070312,201.77999877929688,71471700
2022-01-27,181.4877471923828,191.52000427246094,199.61000061035156,190.60000610351562,197.6300048828125,59829000
2022-01-28,185.02235412597656,195.25,195.30999755859375,188.08999633789062,191.6999969482422,65870000
2022-01-31,190.69862365722656,201.24000549316406,201.24000549316406,193.85000610351562,194.38999938964844,53393800
2022-02-01,192.7075653076172,203.36000061035156,203.57000732421875,197.97000122070312,201.66000366210938,43429400
2022-02-02,190.7933349609375,201.33999633789062,203.89999389648438,199.2899932861328,203.6199951171875,42777800
2022-02-03,187.1829376220703,197.52999877929688,201.24000549316406,197.0500030517578,198.83999633789062,39629400
2022-02-04,187.9884490966797,198.3800048828125,200.10000610351562,194.9199981689453,197.0399932861328,34291100
2022-02-07,188.91708374023438,199.36000061035156,201.16000366210938,197.99000549316406,198.42999267578125,33242600
2022-02-08,192.1389923095703,202.75999450683594,203.1199951171875,199.36000061035156,199.47000122070312,28341900
2022-02-09,195.78733825683594,206.61000061035156,206.64999389648438,204.3000030517578,204.57000732421875,27329300
2022-02-10,192.78338623046875,203.44000244140625,209.0500030517578,202.1199951171875,202.89999389648438,44788100
2022-02-11,190.831298828125,201.3800048828125,206.05999755859375,199.69000244140625,203.64999389648438,41516600
2022-02-14,190.16795349121094,200.67999267578125,203.52999877929688,199.24000549316406,201.6300048828125,32262700
2022-02-15,195.26612854003906,206.05999755859375,206.30999755859375,202.6300048828125,202.77999877929688,25847500
2022-02-16,195.67361450195312,206.49000549316406,207.27000427246094,204.0800018310547,205.3000030517578,30104800
2022-02-17,190.66070556640625,201.1999969482422,205.02999877929688,200.77999877929688,204.5500030517578,27140200
2022-02-18,189.02133178710938,199.47000122070312,202.72000122070312,198.75999450683594,201.02999877929688,36255400
2022-02-22,186.35853576660156,196.66000366210938,200.4499969482422,195.35000610351562,198.47999572753906,31847100
2022-02-23,182.87130737304688,192.97999572753906,198.89999389648438,192.5500030517578,198.24000549316406,31491500
2022-02-24,187.66619873046875,198.0399932861328,198.47999572753906,187.9199981689453,188.32000732421875,52221100
2022-02-25,191.8926544189453,202.5,202.6199951171875,197.0,198.69000244140625,33656200
2022-02-28,192.66966247558594,203.32000732421875,204.60000610351562,200.4600067138672,200.47000122070312,34975900
2022-03-01,189.04029846191406,199.49000549316406,203.7899932861328,197.8000030517578,202.66000366210938,40638900
2022-03-02,193.54147338867188,204.24000549316406,205.3000030517578,200.69000244140625,200.83999633789062,29978600
2022-03-03,191.2482452392578,201.82000732421875,205.11000061035156,200.2899932861328,205.08999633789062,30142700
2022-03-04,188.25376892089844,198.66000366210938,200.86000061035156,196.97999572753906,199.6999969482422,31610400
2022-03-07,183.57254028320312,193.72000122070312,199.58999633789062,193.67999267578125,199.22000122070312,39279800
2022-03-08,184.58645629882812,194.7899932861328,199.57000732421875,193.4600067138672,194.33999633789062,45715800
2022-03-09,189.78890991210938,200.27999877929688,201.0,197.6199951171875,198.22000122070312,29048000
2022-03-10,189.44778442382812,199.9199981689453,200.0399932861328,196.55999755859375,197.41000366210938,25661000
2022-03-11,186.4248809814453,196.72999572753906,201.75999450683594,196.44000244140625,200.77999877929688,24990000
2022-03-14,182.61544799804688,192.7100067138672,197.44000244140625,191.8800048828125,197.24000549316406,34969500
2022-03-15,185.52462768554688,195.77999877929688,195.7899932861328,192.8800048828125,193.4600067138672,25464300
2022-03-16,191.3619384765625,201.94000244140625,201.94000244140625,196.14999389648438,197.5399932861328,31869700
2022-03-17,194.36587524414062,205.11000061035156,205.2100067138672,200.3000030517578,200.77000427246094,25783100
2022-03-18,196.41275024414062,207.27000427246094,207.4499969482422,204.0,204.2100067138672,37092200
2022-03-21,194.6786346435547,205.44000244140625,208.17999267578125,203.94000244140625,207.1999969482422,26747500
2022-03-22,196.63072204589844,207.5,208.7899932861328,205.8000030517578,206.30999755859375,24699900
2022-03-23,193.21925354003906,203.89999389648438,207.1999969482422,203.75,206.14999389648438,19775000
2022-03-24,195.4410400390625,205.83999633789062,205.89999389648438,202.72999572753906,204.3800048828125,19781200
2022-03-25,195.7069091796875,206.1199951171875,206.6199951171875,204.44000244140625,206.08999633789062,19430400
2022-03-28,195.77337646484375,206.19000244140625,206.2100067138672,203.02999877929688,205.60000610351562,18999100
2022-03-29,201.0145263671875,211.7100067138672,212.25,207.8800048828125,208.0,29550600
2022-03-30,196.97923278808594,207.4600067138672,211.74000549316406,206.61000061035156,211.3699951171875,26251500
2022-03-31,194.89988708496094,205.27000427246094,208.91000366210938,205.14999389648438,207.1300048828125,26771600
2022-04-01,197.08367919921875,207.57000732421875,207.72000122070312,205.00999450683594,206.17999267578125,25948500
2022-04-04,197.406494140625,207.91000366210938,208.42999267578125,205.8800048828125,207.8699951171875,20333900
2022-04-05,192.7350616455078,202.99000549316406,209.44000244140625,202.50999450683594,207.9600067138672,26509800
2022-04-06,190.00054931640625,200.11000061035156,201.8000030517578,198.67999267578125,201.27000427246094,34903900
2022-04-07,189.38340759277344,199.4600067138672,201.22999572753906,196.67999267578125,200.11000061035156,29291200
2022-04-08,187.87367248535156,197.8699951171875,200.30999755859375,197.5,199.22000122070312,25249600
2022-04-11,186.61090087890625,196.5399932861328,199.25,195.8800048828125,197.1199951171875,33702300
2022-04-12,187.19956970214844,197.16000366210938,201.67999267578125,196.4199981689453,198.6999969482422,33699800
2022-04-13,190.7601318359375,200.91000366210938,201.4499969482422,197.61000061035156,197.67999267578125,22303600
2022-04-14,188.9086456298828,198.9600067138672,202.3699951171875,198.8699951171875,201.11000061035156,27107000
2022-04-18,187.63633728027344,197.6199951171875,199.17999267578125,196.52999877929688,198.4600067138672,22246400
2022-04-19,191.37730407714844,201.55999755859375,202.24000549316406,197.69000244140625,197.86000061035156,22786700
2022-04-20,192.10841369628906,202.3300018310547,203.8699951171875,201.86000061035156,203.0500030517578,20516200
2022-04-21,187.8072509765625,197.8000030517578,204.8000030517578,197.02000427246094,204.22999572753906,31547700
2022-04-22,182.94589233398438,192.67999267578125,197.3699951171875,192.2899932861328,196.8699951171875,35686900
2022-04-25,184.05679321289062,193.85000610351562,194.11000061035156,189.2100067138672,190.99000549316406,35556500
2022-04-26,178.25546264648438,187.74000549316406,192.7100067138672,187.47999572753906,192.32000732421875,40513600
2022-04-27,177.51487731933594,186.9600067138672,189.77999877929688,186.25999450683594,187.6699981689453,37808000
2022-04-28,180.82855224609375,190.4499969482422,191.39999389648438,184.7100067138672,189.1699981689453,37405200
2022-04-29,175.60643005371094,184.9499969482422,191.72999572753906,184.50999450683594,189.58999633789062,41193400
2022-05-02,177.4484100341797,186.88999938964844,187.82000732421875,182.3800048828125,184.89999389648438,38002100
2022-05-03,178.9675750732422,188.49000549316406,189.50999450683594,185.67999267578125,186.9199981689453,30246300
2022-05-04,183.7434539794922,193.52000427246094,193.92999267578125,185.69000244140625,189.0500030517578,38834700
2022-05-05,176.29000854492188,185.6699981689453,191.55999755859375,183.3800048828125,191.52999877929688,41468700
2022-05-06,173.3561553955078,182.5800018310547,185.4199981689453,180.5500030517578,184.9600067138672,45457900
2022-05-09,166.06414794921875,174.89999389648438,182.64999389648438,174.10000610351562,179.86000061035156,53682200
2022-05-10,166.11160278320312,174.9499969482422,178.91000366210938,171.1999969482422,177.57000732421875,53650800
2022-05-11,161.98138427734375,170.60000610351562,178.19000244140625,170.3000030517578,175.1300048828125,64377800
2022-05-12,163.8803253173828,172.60000610351562,174.33999633789062,168.89999389648438,169.8300018310547,52967400
2022-05-13,169.07400512695312,178.07000732421875,179.41000366210938,175.00999450683594,175.0399932861328,36517000
2022-05-16,168.2669677734375,177.22000122070312,179.44000244140625,176.13999938964844,177.5,28225500
2022-05-17,173.41310119628906,182.63999938964844,182.83999633789062,178.99000549316406,180.41000366210938,31833700
2022-05-18,167.33645629882812,176.24000549316406,181.41000366210938,175.10000610351562,180.47000122070312,36093800
2022-05-19,167.61181640625,176.52999877929688,178.80999755859375,174.88999938964844,174.88999938964844,33627700
2022-05-20,167.18450927734375,176.0800018310547,178.97000122070312,171.7899932861328,178.5,42243700
2022-05-23,169.2069091796875,178.2100067138672,178.9600067138672,175.5,177.8800048828125,24644100
2022-05-24,166.70030212402344,175.57000732421875,176.92999267578125,172.3300018310547,176.57000732421875,26861800
2022-05-25,169.70062255859375,178.72999572753906,179.77999877929688,174.80999755859375,174.8800048828125,27950100
2022-05-26,173.48910522460938,182.72000122070312,183.8000030517578,179.6999969482422,179.85000610351562,25702700
2022-05-27,178.1605224609375,187.63999938964844,187.64999389648438,183.39999389648438,183.75999450683594,24952100
2022-05-31,175.94821166992188,185.30999755859375,187.67999267578125,184.08999633789062,186.91000366210938,29794500
2022-06-01,174.95127868652344,184.25999450683594,186.94000244140625,181.77000427246094,186.27000427246094,28352100
2022-06-02,179.2239227294922,188.75999450683594,188.75999450683594,184.1699981689453,184.58999633789062,24876000
2022-06-03,177.60984802246094,187.05999755859375,187.9600067138672,185.7899932861328,187.2899932861328,18972100
2022-06-06,178.37890625,187.8699951171875,189.30999755859375,186.8300018310547,189.2899932861328,24678700
2022-06-07,181.2558135986328,190.89999389648438,190.94000244140625,185.89999389648438,186.41000366210938,21661600
2022-06-08,178.454833984375,187.9499969482422,190.6999969482422,187.05999755859375,189.9600067138672,21521700
2022-06-09,174.75546264648438,183.57000732421875,187.07000732421875,183.52999877929688,186.5500030517578,21697200
2022-06-10,170.0145721435547,178.58999633789062,181.5500030517578,177.64999389648438,180.50999450683594,37153600
2022-06-13,162.0274658203125,170.1999969482422,174.9600067138672,169.2899932861328,173.6300048828125,39712700
2022-06-14,161.24684143066406,169.3800048828125,171.24000549316406,167.74000549316406,170.6699981689453,30282400
2022-06-15,163.6077423095703,171.86000061035156,174.05999755859375,168.66000366210938,171.2100067138672,32150500
2022-06-16,156.0299530029297,163.89999389648438,168.4199981689453,162.77999877929688,167.83999633789062,43810600
2022-06-17,157.2484893798828,165.17999267578125,167.52000427246094,163.6999969482422,164.47999572753906,40327300
2022-06-21,160.06639099121094,168.13999938964844,170.0800018310547,166.80999755859375,167.97999572753906,34665400
2022-06-22,159.76174926757812,167.82000732421875,169.25999450683594,165.3699951171875,165.9600067138672,29303500
2022-06-23,161.6752166748047,169.8300018310547,170.22999572753906,166.5500030517578,168.19000244140625,27089800
2022-06-24,166.68264770507812,175.08999633789062,175.10000610351562,170.89999389648438,171.22000122070312,37138500
2022-06-27,167.30142211914062,175.74000549316406,176.99000549316406,174.17999267578125,175.6699981689453,24745400
2022-06-28,164.15988159179688,172.44000244140625,178.14999389648438,172.35000610351562,176.92999267578125,25909200
2022-06-29,162.4939422607422,170.69000244140625,172.6999969482422,168.97000122070312,172.5500030517578,21292500
2022-06-30,161.22779846191406,169.36000061035156,171.30999755859375,166.75999450683594,168.1999969482422,31466300
2022-07-01,163.17935180664062,171.41000366210938,171.83999633789062,167.66000366210938,169.0500030517578,24598600
2022-07-05,164.5311737060547,172.8300018310547,172.89999389648438,166.72999572753906,168.67999267578125,25151100
2022-07-06,163.3126220703125,171.5500030517578,173.7100067138672,169.75,172.4499969482422,25697600
2022-07-07,167.1776580810547,175.61000061035156,175.97999572753906,172.85000610351562,172.86000061035156,24822500
2022-07-08,167.15863037109375,175.58999633789062,176.99000549316406,173.64999389648438,175.07000732421875,20547000
2022-07-11,163.79815673828125,172.05999755859375,174.97000122070312,171.60000610351562,174.25999450683594,22031500
2022-07-12,163.2364501953125,171.47000122070312,173.36000061035156,170.55999755859375,171.5399932861328,23864200
2022-07-13,163.0937042236328,171.32000732421875,172.27999877929688,168.7899932861328,169.14999389648438,25535600
2022-07-14,161.4181671142578,169.55999755859375,170.0,167.02000427246094,168.67999267578125,25102200
2022-07-15,164.77867126464844,173.08999633789062,173.35000610351562,169.30999755859375,171.5399932861328,34935900
2022-07-18,164.3121795654297,172.60000610351562,176.2899932861328,172.05999755859375,175.1300048828125,23031500
2022-07-19,170.10975646972656,178.69000244140625,178.88999938964844,174.66000366210938,174.75,24234600
2022-07-20,172.7753143310547,181.49000549316406,181.80999755859375,178.39999389648438,178.64999389648438,26049300
2022-07-21,173.66067504882812,182.4199981689453,182.5,178.85000610351562,180.4499969482422,21709900
2022-07-22,170.89041137695312,179.50999450683594,183.25,178.0500030517578,182.8800048828125,25116100
2022-07-25,171.77577209472656,180.44000244140625,180.9199981689453,178.42999267578125,180.0500030517578,19267200
2022-07-26,170.71905517578125,179.3300018310547,180.2100067138672,178.5399932861328,179.77999877929688,19391200
2022-07-27,174.60313415527344,183.41000366210938,184.25,180.0,180.47999572753906,21670700
2022-07-28,177.00213623046875,185.92999267578125,186.13999938964844,181.75999450683594,184.32000732421875,22838500
2022-07-29,178.25875854492188,187.25,187.72999572753906,185.0399932861328,186.0399932861328,21760600
2022-08-01,178.19210815429688,187.17999267578125,188.32000732421875,184.22000122070312,185.7899932861328,23905600
2022-08-02,178.020751953125,187.0,189.02000427246094,185.47999572753906,186.47000122070312,17492600
2022-08-03,180.63873291015625,189.75,190.14999389648438,187.63999938964844,188.3000030517578,19157700
2022-08-04,180.25794982910156,189.35000610351562,190.0399932861328,188.44000244140625,189.83999633789062,14838900
2022-08-05,181.63829040527344,190.8000030517578,191.02000427246094,187.1699981689453,187.47000122070312,18540300
2022-08-08,183.56130981445312,192.82000732421875,194.6300048828125,191.88999938964844,192.14999389648438,22188700
2022-08-09,181.05760192871094,190.19000244140625,192.1699981689453,189.16000366210938,192.0399932861328,18247300
2022-08-10,186.22683715820312,195.6199951171875,195.9499969482422,193.11000061035156,193.6300048828125,20796400
2022-08-11,186.9217987060547,196.35000610351562,199.52999877929688,196.0399932861328,197.4199981689453,23727600
2022-08-12,190.73927307128906,200.36000061035156,200.42999267578125,196.5800018310547,197.35000610351562,21726600
2022-08-15,191.4151611328125,201.07000732421875,201.16000366210938,198.22000122070312,198.8000030517578,17414800
2022-08-16,191.3389892578125,200.99000549316406,201.99000549316406,199.02999877929688,200.5,18833100
2022-08-17,188.12127685546875,197.61000061035156,199.3300018310547,196.3800048828125,198.72000122070312,22428000
2022-08-18,189.36839294433594,198.9199981689453,199.25,196.89999389648438,197.8800048828125,18368100
2022-08-19,185.30343627929688,194.64999389648438,197.11000061035156,194.07000732421875,196.8300018310547,27416400
2022-08-22,181.48597717285156,190.63999938964844,192.35000610351562,190.00999450683594,191.99000549316406,22937000
2022-08-23,181.78109741210938,190.9499969482422,192.92999267578125,190.38999938964844,190.94000244140625,20069800
2022-08-24,183.17095947265625,192.41000366210938,193.3000030517578,190.16000366210938,190.7899932861328,16038300
2022-08-25,186.01742553710938,195.39999389648438,195.4499969482422,192.97999572753906,193.3800048828125,14795000
2022-08-26,179.9056854248047,188.97999572753906,195.44000244140625,188.66000366210938,195.33999633789062,24177200
2022-08-29,178.24923706054688,187.24000549316406,188.99000549316406,186.52000427246094,186.9499969482422,19753300
2022-08-30,175.75503540039062,184.6199951171875,188.00999450683594,183.5399932861328,187.82000732421875,22548900
2022-08-31,174.6888427734375,183.5,185.74000549316406,183.19000244140625,184.94000244140625,22412500
2022-09-01,172.7848663330078,181.5,181.88999938964844,178.89999389648438,181.77999877929688,30706600
2022-09-02,171.44253540039062,180.08999633789062,183.9499969482422,179.13999938964844,183.60000610351562,27468200
2022-09-06,169.74801635742188,178.30999755859375,181.0800018310547,177.5,180.7100067138672,23837100
2022-09-07,173.44171142578125,182.19000244140625,182.47000122070312,177.92999267578125,177.97000122070312,24781200
2022-09-08,174.88873291015625,183.7100067138672,183.7899932861328,179.6199951171875,180.69000244140625,25273200
2022-09-09,178.4015350341797,187.39999389648438,187.6300048828125,185.10000610351562,185.33999633789062,23208800
2022-09-12,180.56259155273438,189.6699981689453,189.86000061035156,187.97000122070312,188.60000610351562,23134600
2022-09-13,173.49880981445312,182.25,185.91000366210938,181.5399932861328,184.86000061035156,34144700
2022-09-14,174.1747589111328,182.9600067138672,183.32000732421875,180.57000732421875,182.57000732421875,25278300
2022-09-15,172.9086151123047,181.6300048828125,184.69000244140625,180.86000061035156,181.9199981689453,25378700
2022-09-16,170.39535522460938,178.99000549316406,179.67999267578125,176.91000366210938,179.08999633789062,41155900
2022-09-19,171.8519744873047,180.52000427246094,180.75,176.9600067138672,177.00999450683594,25412200
2022-09-20,169.51002502441406,178.05999755859375,178.94000244140625,176.7100067138672,178.77000427246094,22247500
2022-09-21,166.92062377929688,175.33999633789062,181.10000610351562,175.3300018310547,179.3699951171875,29357100
2022-09-22,163.16029357910156,171.38999938964844,175.5800018310547,170.74000549316406,175.0,33468600
2022-09-23,159.2762451171875,167.30999755859375,169.19000244140625,165.0,169.0,40336900
2022-09-26,157.09544372558594,164.1699981689453,168.97000122070312,163.5800018310547,165.47000122070312,30597800
2022-09-27,157.6313018798828,164.72999572753906,167.6300048828125,163.27999877929688,166.30999755859375,42406600
2022-09-28,162.61679077148438,169.94000244140625,170.99000549316406,165.07000732421875,165.75999450683594,35186500
2022-09-29,158.97097778320312,166.1300048828125,167.92999267578125,163.8000030517578,167.77999877929688,31464000
2022-09-30,157.81312561035156,164.9199981689453,169.52000427246094,164.8699951171875,165.77999877929688,40643800
2022-10-03,161.99478149414062,169.2899932861328,170.3000030517578,165.25,167.33999633789062,33611600
2022-10-04,168.41566467285156,176.0,176.0800018310547,172.52999877929688,172.61000061035156,37537300
2022-10-05,167.17164611816406,174.6999969482422,175.3300018310547,171.4199981689453,173.41000366210938,25281400
2022-10-06,166.23390197753906,173.72000122070312,176.1699981689453,172.91000366210938,173.85000610351562,22635900
2022-10-07,161.34408569335938,168.61000061035156,172.47000122070312,167.9199981689453,171.92999267578125,26536100
2022-10-10,160.44461059570312,167.6699981689453,169.57000732421875,166.58999633789062,169.2899932861328,23386400
2022-10-11,160.49246215820312,167.72000122070312,170.11000061035156,164.8000030517578,166.9600067138672,28009100
2022-10-12,160.0522918701172,167.25999450683594,168.4600067138672,165.47999572753906,167.89999389648438,26796700
2022-10-13,164.01388549804688,171.39999389648438,172.1999969482422,162.5,164.0,45376500
2022-10-14,159.6216583251953,166.80999755859375,173.9199981689453,166.7100067138672,172.74000549316406,29608600
2022-10-17,164.71241760253906,172.1300048828125,172.6199951171875,170.11000061035156,170.22000122070312,28199200
2022-10-18,166.66448974609375,174.1699981689453,177.2899932861328,172.69000244140625,175.86000061035156,34523100
2022-10-19,163.83206176757812,171.2100067138672,173.39999389648438,169.3300018310547,172.49000549316406,27146900
2022-10-20,161.74598693847656,169.02999877929688,173.5500030517578,168.47000122070312,171.4199981689453,26710700
2022-10-21,165.2578582763672,172.6999969482422,173.1999969482422,168.19000244140625,169.39999389648438,45402700
2022-10-24,165.9659881591797,173.44000244140625,174.0,171.0500030517578,173.32000732421875,27284500
2022-10-25,170.49215698242188,178.1699981689453,178.89999389648438,173.55999755859375,173.57000732421875,33105700
2022-10-26,171.33419799804688,179.0500030517578,182.3699951171875,178.3300018310547,179.14999389648438,37084700
2022-10-27,171.3724822998047,179.08999633789062,182.0,178.8699951171875,180.58999633789062,28651800
2022-10-28,175.26708984375,183.16000366210938,183.41000366210938,178.74000549316406,179.8300018310547,33221600
2022-10-31,175.4297637939453,183.3300018310547,184.24000549316406,181.5500030517578,182.27000427246094,25699400
2022-11-01,175.66897583007812,183.5800018310547,185.60000610351562,182.8800048828125,185.24000549316406,27446700
2022-11-02,169.8414306640625,177.49000549316406,185.0,177.42999267578125,182.83999633789062,38139600
2022-11-03,168.7027130126953,176.3000030517578,177.94000244140625,174.11000061035156,175.2899932861328,29093200
2022-11-04,170.98016357421875,178.67999267578125,179.94000244140625,175.47000122070312,178.9199981689453,25842400
2022-11-07,171.75523376464844,179.49000549316406,180.58999633789062,177.67999267578125,179.74000549316406,20689900
2022-11-08,171.8221893310547,179.55999755859375,181.9499969482422,177.36000061035156,180.22999572753906,20265200
2022-11-09,167.10467529296875,174.6300048828125,178.6699981689453,174.27999877929688,178.0,27277000
2022-11-10,177.39144897460938,185.3800048828125,185.4499969482422,181.14999389648438,181.85000610351562,38572800
2022-11-11,178.84593200683594,186.89999389648438,188.83999633789062,185.69000244140625,185.75999450683594,28765400
2022-11-14,176.84597778320312,184.80999755859375,187.7899932861328,184.6300048828125,185.7899932861328,26499600
2022-11-15,179.46792602539062,187.5500030517578,189.55999755859375,186.11000061035156,187.83999633789062,26128800
2022-11-16,176.31015014648438,184.25,186.63999938964844,183.7100067138672,186.60000610351562,24802000
2022-11-17,174.67381286621094,182.5399932861328,182.9499969482422,180.50999450683594,181.6199951171875,20835700
2022-11-18,175.80294799804688,183.72000122070312,185.30999755859375,182.57000732421875,184.58999633789062,27269100
2022-11-21,174.8843231201172,182.75999450683594,183.19000244140625,181.42999267578125,182.77999877929688,19038900
2022-11-22,176.7503204345703,184.7100067138672,184.94000244140625,182.3300018310547,183.74000549316406,16869700
2022-11-23,177.20962524414062,185.19000244140625,185.77999877929688,183.5500030517578,184.2899932861328,19758800
2022-11-25,177.5828399658203,185.5800018310547,186.3699951171875,184.66000366210938,185.08999633789062,13393400
2022-11-28,174.0039520263672,181.83999633789062,184.9199981689453,181.2899932861328,184.1300048828125,17465600
2022-11-29,174.51116943359375,182.3699951171875,183.61000061035156,181.9600067138672,181.9600067138672,14020600
2022-11-30,179.29568481445312,187.3699951171875,187.42999267578125,180.8000030517578,182.6699981689453,28030100
2022-12-01,178.90338134765625,186.9600067138672,189.24000549316406,186.1300048828125,188.14999389648438,21996400
2022-12-02,179.94639587402344,188.0500030517578,188.86000061035156,184.3300018310547,184.3699951171875,22574800
2022-12-05,174.9895782470703,182.8699951171875,187.05999755859375,182.17999267578125,186.86000061035156,25449300
2022-12-06,172.31028747558594,180.07000732421875,182.97999572753906,179.0800018310547,182.8800048828125,18502100
2022-12-07,171.80311584472656,179.5399932861328,181.5,179.11000061035156,179.75,17177800
2022-12-08,173.0470733642578,180.83999633789062,182.6300048828125,179.50999450683594,180.77000427246094,20971400
2022-12-09,170.92274475097656,178.6199951171875,180.80999755859375,178.55999755859375,179.77000427246094,22046500
2022-12-12,172.9322509765625,180.72000122070312,181.08999633789062,178.0,178.85000610351562,22765400
2022-12-13,174.36463928222656,181.3800048828125,186.63999938964844,180.13999938964844,185.72999572753906,38445300
2022-12-14,173.2206268310547,180.19000244140625,182.91000366210938,178.8300018310547,181.30999755859375,32406900
2022-12-15,168.88507080078125,175.67999267578125,178.60000610351562,175.0399932861328,178.02999877929688,33546700
2022-12-16,167.625732421875,174.3699951171875,175.11000061035156,172.6699981689453,173.8000030517578,38502400
2022-12-19,165.35699462890625,172.00999450683594,175.0500030517578,171.47000122070312,174.61000061035156,25614000
2022-12-20,166.23187255859375,172.9199981689453,174.02000427246094,171.17999267578125,171.6699981689453,18050800
2022-12-21,169.09657287597656,175.89999389648438,176.8000030517578,174.1999969482422,174.4499969482422,22997200
2022-12-22,166.88552856445312,173.60000610351562,174.49000549316406,170.6699981689453,174.3300018310547,21297600
2022-12-23,167.6449432373047,174.38999938964844,174.4499969482422,172.33999633789062,173.47999572753906,11647700
2022-12-27,166.5202178955078,173.22000122070312,174.57000732421875,172.5800018310547,174.36000061035156,13553800
2022-12-28,163.93429565429688,170.52999877929688,174.10000610351562,170.33999633789062,173.17999267578125,19648000
2022-12-29,168.08717346191406,174.85000610351562,175.25,171.39999389648438,171.72000122070312,22311300
2022-12-30,167.61611938476562,174.36000061035156,174.72000122070312,172.61000061035156,173.33999633789062,21275600
2023-01-03,166.6932373046875,173.39999389648438,177.32000732421875,171.89999389648438,175.92999267578125,22503800
2023-01-04,168.76971435546875,175.55999755859375,176.6699981689453,174.27999877929688,174.6199951171875,22973500
2023-01-05,166.96241760253906,173.67999267578125,174.75999450683594,172.38999938964844,174.58999633789062,17032600
2023-01-06,170.7115936279297,177.5800018310547,178.0399932861328,173.8699951171875,175.3000030517578,21986900
2023-01-09,170.99998474121094,177.8800048828125,180.1199951171875,177.64999389648438,179.00999450683594,18366500
2023-01-10,173.5282440185547,180.50999450683594,180.6199951171875,177.3000030517578,177.66000366210938,18751100
2023-01-11,175.69122314453125,182.75999450683594,182.7899932861328,180.67999267578125,181.25999450683594,18222700
2023-01-12,178.64248657226562,185.8300018310547,185.9499969482422,181.9199981689453,183.57000732421875,29650800
2023-01-13,179.8153076171875,187.0500030517578,187.33999633789062,184.3300018310547,184.5,22120000
2023-01-17,179.59420776367188,186.82000732421875,187.83999633789062,186.24000549316406,187.0,22422600
2023-01-18,176.69100952148438,183.8000030517578,188.9600067138672,183.6999969482422,187.4499969482422,23507800
2023-01-19,174.9990997314453,182.0399932861328,183.10000610351562,180.77999877929688,182.72999572753906,24624500
2023-01-20,177.88302612304688,185.0399932861328,185.14999389648438,181.27000427246094,182.7100067138672,36070300
2023-01-23,180.08448791503906,187.3300018310547,188.1199951171875,184.5800018310547,185.42999267578125,20329900
2023-01-24,179.69993591308594,186.92999267578125,187.8300018310547,185.8800048828125,186.58999633789062,19263500
2023-01-25,180.1998291015625,187.4499969482422,187.50999450683594,183.8699951171875,185.41000366210938,18174600
2023-01-26,181.2669219970703,188.55999755859375,189.85000610351562,186.2899932861328,188.97999572753906,18369100
2023-01-27,182.2474365234375,189.5800018310547,190.3000030517578,187.7899932861328,187.97999572753906,20019900
2023-01-30,179.70957946777344,186.94000244140625,189.61000061035156,186.8300018310547,187.83999633789062,18395100
2023-01-31,184.07398986816406,191.47999572753906,191.5800018310547,187.3800048828125,187.4199981689453,21567900
2023-02-01,186.96754455566406,194.49000549316406,196.19000244140625,190.1300048828125,191.19000244140625,27007300
2023-02-02,190.6494140625,198.32000732421875,199.25999450683594,194.35000610351562,196.00999450683594,31020400
2023-02-03,189.37086486816406,196.99000549316406,199.1300048828125,195.6999969482422,196.11000061035156,24981500
2023-02-06,186.63107299804688,194.13999938964844,196.3800048828125,193.3699951171875,195.64999389648438,18160100
2023-02-07,188.01535034179688,195.5800018310547,196.10000610351562,191.64999389648438,193.41000366210938,27074100
2023-02-08,185.26600646972656,192.72000122070312,195.3699951171875,192.1999969482422,194.36000061035156,17933500
2023-02-09,182.5839080810547,189.92999267578125,195.1199951171875,189.42999267578125,194.22999572753906,20516600
2023-02-10,182.94921875,190.30999755859375,190.6300048828125,188.52999877929688,189.27999877929688,15248700
2023-02-13,185.15065002441406,192.60000610351562,192.86000061035156,189.30999755859375,190.50999450683594,15754400
2023-02-14,185.06410217285156,192.50999450683594,193.9499969482422,190.0800018310547,191.27999877929688,21889600
2023-02-15,186.938720703125,194.4600067138672,194.5500030517578,190.52999877929688,190.97999572753906,18721200
2023-02-16,185.15065002441406,192.60000610351562,194.8699951171875,191.25,191.8000030517578,21366300
2023-02-17,185.66014099121094,193.1300048828125,193.3699951171875,190.97000122070312,191.8800048828125,23892200
2023-02-21,180.18060302734375,187.42999267578125,191.33999633789062,187.24000549316406,190.75,26004000
2023-02-22,180.67088317871094,187.94000244140625,189.14999389648438,186.75,187.8300018310547,24651700
2023-02-23,181.9590301513672,189.27999877929688,190.3000030517578,186.6999969482422,189.35000610351562,21311700
2023-02-24,180.2575225830078,187.50999450683594,187.77999877929688,185.77999877929688,186.64999389648438,24280700
2023-02-27,180.89198303222656,188.1699981689453,190.1999969482422,187.60000610351562,189.1300048828125,17562900
2023-02-28,180.9015655517578,188.17999267578125,190.02000427246094,188.07000732421875,188.1199951171875,19542600
2023-03-01,181.13232421875,188.4199981689453,189.49000549316406,187.19000244140625,188.19000244140625,22532800
2023-03-02,181.56492614746094,188.8699951171875,189.3000030517578,186.1199951171875,186.86000061035156,18104400
2023-03-03,184.0931854248047,191.5,191.92999267578125,188.4199981689453,189.6699981689453,22774300
2023-03-06,181.40150451660156,188.6999969482422,191.74000549316406,187.89999389648438,191.55999755859375,23266700
2023-03-07,179.29615783691406,186.50999450683594,189.07000732421875,186.22000122070312,188.64999389648438,25865700
2023-03-08,179.38272094726562,186.60000610351562,187.61000061035156,185.1199951171875,186.7899932861328,22505900
2023-03-09,174.39344787597656,181.41000366210938,187.27000427246094,181.27999877929688,186.72999572753906,33546900
2023-03-10,169.36573791503906,176.17999267578125,180.38999938964844,174.25999450683594,180.38999938964844,69274200
2023-03-13,166.6067352294922,173.30999755859375,176.39999389648438,171.07000732421875,172.52000427246094,74171500
2023-03-14,169.69259643554688,176.52000427246094,179.25999450683594,174.61000061035156,178.60000610351562,48946200
2023-03-15,166.8951416015625,173.61000061035156,173.91000366210938,170.3800048828125,171.92999267578125,54405800
2023-03-16,169.17344665527344,175.97999572753906,177.3800048828125,170.5,171.47000122070312,52392300
2023-03-17,164.60719299316406,171.22999572753906,174.75999450683594,170.86000061035156,174.0399932861328,70239900
2023-03-20,166.74131774902344,173.4499969482422,175.3699951171875,172.52999877929688,173.0500030517578,46103200
2023-03-21,169.8175506591797,176.64999389648438,178.17999267578125,175.9600067138672,176.5500030517578,34465900
2023-03-22,165.00132751464844,171.63999938964844,177.35000610351562,171.52999877929688,176.52000427246094,56098200
2023-03-23,164.26898193359375,170.25,174.38999938964844,168.7100067138672,172.27999877929688,47720900
2023-03-24,165.7548828125,171.7899932861328,172.11000061035156,167.4600067138672,168.75,47519700
2023-03-27,167.59779357910156,173.6999969482422,174.72999572753906,172.36000061035156,173.83999633789062,33880600
2023-03-28,167.35658264160156,173.4499969482422,174.50999450683594,172.69000244140625,173.10000610351562,28555100
2023-03-29,169.25735473632812,175.4199981689453,175.5500030517578,173.57000732421875,175.33999633789062,25564800
2023-03-30,169.02577209472656,175.17999267578125,177.30999755859375,174.4499969482422,176.8800048828125,26728600
2023-03-31,172.13265991210938,178.39999389648438,178.63999938964844,176.3699951171875,176.39999389648438,39602900
2023-04-03,172.2098846435547,178.47999572753906,179.77999877929688,176.49000549316406,178.9499969482422,27609000
2023-04-04,169.18984985351562,175.35000610351562,179.10000610351562,174.32000732421875,178.9199981689453,33487200
2023-04-05,167.53025817871094,173.6300048828125,174.8300018310547,172.52999877929688,174.25,28247300
2023-04-06,167.78111267089844,173.88999938964844,174.4600067138672,172.67999267578125,173.72000122070312,26366300
2023-04-10,169.5757598876953,175.75,175.8800048828125,173.02999877929688,173.07000732421875,22237800
2023-04-11,170.91696166992188,177.13999938964844,177.97000122070312,176.1199951171875,176.57000732421875,21876200
2023-04-12,169.66262817382812,175.83999633789062,178.97999572753906,175.5800018310547,178.82000732421875,27018100
2023-04-13,171.91078186035156,178.1699981689453,178.69000244140625,175.92999267578125,176.5399932861328,23259900
2023-04-14,170.30908203125,176.50999450683594,179.22000122070312,175.33999633789062,178.3300018310547,29600400
2023-04-17,172.49932861328125,178.77999877929688,178.86000061035156,176.75,176.97000122070312,22177300
2023-04-18,171.76602172851562,178.02000427246094,179.6300048828125,176.94000244140625,179.58999633789062,22873100
2023-04-19,171.98794555664062,178.25,178.7899932861328,176.5800018310547,177.0800018310547,19306800
2023-04-20,171.1002655029297,177.3300018310547,178.42999267578125,176.52000427246094,177.14999389648438,20336300
2023-04-21,171.32220458984375,177.55999755859375,177.9600067138672,175.86000061035156,177.80999755859375,25972800
2023-04-24,171.20640563964844,177.44000244140625,178.4499969482422,176.5,177.3800048828125,17781000
2023-04-25,166.9803009033203,173.05999755859375,175.94000244140625,173.00999450683594,175.6300048828125,28857900
2023-04-26,165.36892700195312,171.38999938964844,173.39999389648438,171.0,172.22999572753906,30309800
2023-04-27,167.57847595214844,173.67999267578125,173.86000061035156,170.94000244140625,172.02999877929688,33424100
2023-04-28,169.04510498046875,175.1999969482422,175.8300018310547,173.17999267578125,173.2899932861328,31911900
2023-05-01,169.14161682128906,175.3000030517578,177.33999633789062,174.75999450683594,175.0,27420100
2023-05-02,165.6680145263672,171.6999969482422,174.4499969482422,169.9199981689453,174.39999389648438,40851100
2023-05-03,166.2759246826172,172.3300018310547,175.6999969482422,172.19000244140625,172.22000122070312,43261400
2023-05-04,164.41375732421875,170.39999389648438,171.55999755859375,168.77999877929688,171.32000732421875,42382100
2023-05-05,168.32142639160156,174.4499969482422,175.10000610351562,173.10000610351562,173.2899932861328,35456800
2023-05-08,167.9355010986328,174.0500030517578,175.5500030517578,173.1300048828125,175.25999450683594,22109900
2023-05-09,167.43377685546875,173.52999877929688,174.27000427246094,172.16000366210938,172.97999572753906,21465500
2023-05-10,168.28286743164062,174.41000366210938,176.02000427246094,172.72000122070312,175.9600067138672,27281900
2023-05-11,166.98995971679688,173.07000732421875,173.77999877929688,172.11000061035156,173.22000122070312,25884600
2023-05-12,166.6522216796875,172.72000122070312,174.2100067138672,171.64999389648438,173.64999389648438,20406400
2023-05-15,168.68807983398438,174.8300018310547,175.7100067138672,172.82000732421875,173.30999755859375,24310000
2023-05-16,166.22767639160156,172.27999877929688,174.80999755859375,172.22999572753906,173.61000061035156,24212900
2023-05-17,169.93275451660156,176.1199951171875,176.5,172.16000366210938,173.42999267578125,38231600
2023-05-18,170.96522521972656,177.19000244140625,177.57000732421875,175.02000427246094,175.55999755859375,30446600
2023-05-19,169.92315673828125,176.11000061035156,178.88999938964844,175.25,178.50999450683594,34316300
2023-05-22,171.99757385253906,178.25999450683594,179.02000427246094,176.0399932861328,176.6199951171875,28207200
2023-05-23,171.1870880126953,177.4199981689453,180.52999877929688,177.3800048828125,177.91000366210938,32708900
2023-05-24,169.37315368652344,175.5399932861328,176.74000549316406,174.6699981689453,176.5500030517578,28744200
2023-05-25,168.05126953125,174.1699981689453,175.52999877929688,172.6999969482422,175.25,36202600
2023-05-26,169.96170043945312,176.14999389648438,176.3800048828125,174.02000427246094,174.3000030517578,29841300
2023-05-30,169.33456420898438,175.5,177.5500030517578,174.75999450683594,176.7100067138672,25572600
2023-05-31,167.6653594970703,173.77000427246094,176.00999450683594,172.36000061035156,174.69000244140625,34598800
2023-06-01,169.47927856445312,175.64999389648438,176.24000549316406,172.92999267578125,173.86000061035156,27800900
2023-06-02,175.62551879882812,182.02000427246094,182.08999633789062,177.4499969482422,178.00999450683594,50212400
2023-06-05,173.271240234375,179.5800018310547,181.25999450683594,178.44000244140625,181.25999450683594,34465800
2023-06-06,177.83506774902344,184.30999755859375,184.9600067138672,178.92999267578125,178.92999267578125,58584500
2023-06-07,181.1624298095703,187.24000549316406,187.77000427246094,184.9600067138672,184.9600067138672,60685600
2023-06-08,180.48516845703125,186.5399932861328,187.3800048828125,184.91000366210938,186.75,34185000
2023-06-09,179.02418518066406,185.02999877929688,186.61000061035156,184.4499969482422,186.32000732421875,30242200
2023-06-12,179.76919555664062,185.8000030517578,186.67999267578125,184.22000122070312,185.22999572753906,26580500
2023-06-13,181.8300323486328,187.92999267578125,188.97999572753906,186.27000427246094,186.44000244140625,35758200
2023-06-14,179.87562561035156,185.91000366210938,189.24000549316406,184.5500030517578,188.32000732421875,37114100
2023-06-15,181.35594177246094,187.44000244140625,187.57000732421875,184.91000366210938,185.0800018310547,36488400
2023-06-16,179.90464782714844,185.94000244140625,188.5500030517578,185.08999633789062,187.9499969482422,50684500
2023-06-20,179.12095642089844,185.1300048828125,185.57000732421875,183.75999450683594,185.16000366210938,33269300
2023-06-21,178.7048797607422,184.6999969482422,185.91000366210938,183.58999633789062,184.44000244140625,30730200
2023-06-22,177.3793487548828,183.3300018310547,184.25,182.49000549316406,184.1999969482422,27063700
2023-06-23,174.7089385986328,180.57000732421875,182.41000366210938,180.0500030517578,180.77000427246094,50610100
2023-06-26,174.88308715820312,180.75,182.74000549316406,180.3699951171875,180.44000244140625,31507900
2023-06-27,177.4083709716797,183.36000061035156,183.99000549316406,180.39999389648438,181.1999969482422,28818800
2023-06-28,178.27914428710938,184.25999450683594,184.4199981689453,182.1199951171875,182.99000549316406,23187600
2023-06-29,180.33033752441406,186.3800048828125,187.0800018310547,184.42999267578125,184.72000122070312,32084100
2023-06-30,181.1914825439453,187.27000427246094,188.42999267578125,186.91000366210938,188.25999450683594,30287300
2023-07-03,181.55909729003906,187.64999389648438,188.83999633789062,186.74000549316406,186.91000366210938,14011900
2023-07-05,179.74984741210938,185.77999877929688,187.2100067138672,185.44000244140625,187.1300048828125,24092100
2023-07-06,176.84718322753906,182.77999877929688,183.7100067138672,180.72000122070312,183.6300048828125,39080800
2023-07-07,178.71456909179688,184.7100067138672,186.49000549316406,182.92999267578125,182.97999572753906,31706700
2023-07-10,181.77197265625,187.8699951171875,188.0500030517578,184.16000366210938,184.5800018310547,29725100
2023-07-11,183.63934326171875,189.8000030517578,190.0800018310547,187.69000244140625,188.47999572753906,26738800
2023-07-12,185.6421661376953,191.8699951171875,193.0500030517578,191.3699951171875,192.75999450683594,40127300
2023-07-13,187.14186096191406,193.4199981689453,193.69000244140625,191.8000030517578,192.50999450683594,23523000
2023-07-14,185.31317138671875,191.52999877929688,193.49000549316406,190.2899932861328,193.33999633789062,32198600
2023-07-17,187.29666137695312,193.5800018310547,194.36000061035156,191.13999938964844,191.33999633789062,23283700
2023-07-18,189.60906982421875,195.97000122070312,196.38999938964844,193.49000549316406,193.6999969482422,28489800
2023-07-19,190.41217041015625,196.8000030517578,197.66000366210938,195.92999267578125,196.6999969482422,23679000
2023-07-20,188.7479705810547,195.0800018310547,196.94000244140625,194.27000427246094,196.94000244140625,27278100
2023-07-21,188.14808654785156,194.4600067138672,196.6199951171875,194.08999633789062,196.38999938964844,28982400
2023-07-24,188.61251831054688,194.94000244140625,196.25999450683594,193.99000549316406,194.55999755859375,16929800
2023-07-25,188.59312438964844,194.9199981689453,196.2100067138672,194.4199981689453,194.5800018310547,18961100
2023-07-26,190.08319091796875,196.4600067138672,197.16000366210938,194.7100067138672,194.77000427246094,20377900
2023-07-27,187.6256103515625,193.9199981689453,197.89999389648438,193.17999267578125,197.6300048828125,31159300
2023-07-28,190.05409240722656,196.42999267578125,196.9499969482422,195.5,196.02000427246094,21612200
2023-07-31,192.26011657714844,198.7100067138672,198.75,196.9199981689453,196.92999267578125,24203900
2023-08-01,191.3796844482422,197.8000030517578,197.94000244140625,195.77999877929688,197.42999267578125,27444300
2023-08-02,188.77699279785156,195.11000061035156,196.08999633789062,194.08999633789062,195.58999633789062,28079700
2023-08-03,188.24485778808594,194.55999755859375,195.63999938964844,193.05999755859375,194.3000030517578,24279300
2023-08-04,187.86749267578125,194.1699981689453,196.30999755859375,193.7100067138672,194.82000732421875,24950400
2023-08-07,187.9932861328125,194.3000030517578,195.05999755859375,192.67999267578125,194.66000366210938,20185000
2023-08-08,186.8128662109375,193.0800018310547,193.2899932861328,190.52000427246094,192.13999938964844,25578200
2023-08-09,185.35186767578125,191.57000732421875,192.8800048828125,190.75,192.8699951171875,22293200
2023-08-10,184.5294647216797,190.72000122070312,194.1199951171875,189.88999938964844,192.24000549316406,29378800
2023-08-11,184.7907257080078,190.99000549316406,191.69000244140625,189.74000549316406,189.9199981689453,21789000
2023-08-14,184.471435546875,190.66000366210938,190.6999969482422,188.63999938964844,189.94000244140625,20354900
2023-08-15,182.03323364257812,188.13999938964844,189.63999938964844,188.0399932861328,189.52000427246094,25491300
2023-08-16,179.80787658691406,185.83999633789062,189.05999755859375,185.80999755859375,187.99000549316406,27018400
2023-08-17,177.68896484375,183.64999389648438,186.74000549316406,183.6300048828125,186.33999633789062,26715100
2023-08-18,178.656494140625,184.64999389648438,185.25,181.94000244140625,182.2100067138672,33375200
2023-08-21,178.39527893066406,184.3800048828125,185.27999877929688,183.07000732421875,184.6999969482422,22678100
2023-08-22,177.86314392089844,183.8300018310547,185.5500030517578,183.22000122070312,185.0399932861328,21299200
2023-08-23,179.7594757080078,185.7899932861328,186.11000061035156,183.42999267578125,184.0,21231100
2023-08-24,177.2729034423828,183.22000122070312,186.33999633789062,183.1999969482422,185.25,26582300
2023-08-25,178.02760314941406,184.0,185.0,181.61000061035156,184.05999755859375,29340400
2023-08-28,179.6143798828125,185.63999938964844,186.75,184.82000732421875,184.83999633789062,23002000
2023-08-29,182.1203155517578,188.22999572753906,188.3699951171875,184.57000732421875,185.5399932861328,22986000
2023-08-30,182.80723571777344,188.94000244140625,189.61000061035156,187.3300018310547,187.72999572753906,19869900
2023-08-31,182.48797607421875,188.61000061035156,190.25999450683594,188.52999877929688,189.1999969482422,17953400
2023-09-01,184.6552734375,190.85000610351562,191.86000061035156,189.85000610351562,190.07000732421875,25094600
2023-09-05,180.76576232910156,186.8300018310547,189.89999389648438,186.77000427246094,189.64999389648438,27160100
2023-09-06,180.0885009765625,186.1300048828125,188.08999633789062,185.08999633789062,187.05999755859375,26406200
2023-09-07,178.34690856933594,184.3300018310547,185.3800048828125,183.58999633789062,185.13999938964844,23894800
2023-09-08,177.9501953125,183.9199981689453,184.8300018310547,183.4499969482422,184.55999755859375,19399100
2023-09-11,178.3759002685547,184.36000061035156,185.72000122070312,184.1999969482422,185.25999450683594,17424700
2023-09-12,178.20176696777344,184.17999267578125,185.33999633789062,183.74000549316406,184.0399932861328,16826300
2023-09-13,177.03103637695312,182.97000122070312,184.8800048828125,182.38999938964844,184.5,24415700
2023-09-14,179.5272979736328,185.5500030517578,186.07000732421875,184.24000549316406,184.52999877929688,27952500
2023-09-15,177.65028381347656,183.61000061035156,185.07000732421875,182.7899932861328,184.7899932861328,39695500
2023-09-18,176.46983337402344,182.38999938964844,183.75999450683594,182.3699951171875,183.6999969482422,19287800
2023-09-19,175.78289794921875,181.67999267578125,183.3000030517578,181.07000732421875,182.49000549316406,24085900
2023-09-20,174.02200317382812,179.86000061035156,183.50999450683594,179.82000732421875,182.39999389648438,27642900
2023-09-21,171.32252502441406,177.07000732421875,178.75999450683594,177.07000732421875,178.5,31625600
2023-09-22,170.93551635742188,176.6699981689453,178.3699951171875,176.55999755859375,177.55999755859375,23164700
2023-09-25,171.69989013671875,177.4600067138672,177.86000061035156,175.5399932861328,175.69000244140625,22416200
2023-09-26,169.4923095703125,174.36000061035156,177.02000427246094,174.2899932861328,175.5,30476000
2023-09-27,171.0767822265625,175.99000549316406,176.92999267578125,174.4600067138672,175.4499969482422,37293000
2023-09-28,172.62237548828125,177.5800018310547,178.57000732421875,175.97000122070312,176.08999633789062,31372400
2023-09-29,171.80584716796875,176.74000549316406,179.16000366210938,176.14999389648438,178.97000122070312,36689000
2023-10-02,169.21038818359375,174.07000732421875,176.72999572753906,173.14999389648438,176.3300018310547,42139300
2023-10-03,166.36215209960938,171.13999938964844,173.5,170.3699951171875,172.9499969482422,42733600
2023-10-04,166.43992614746094,171.22000122070312,171.61000061035156,169.08999633789062,171.00999450683594,42491900
2023-10-05,166.56631469726562,171.35000610351562,171.89999389648438,169.94000244140625,170.8000030517578,33365100
2023-10-06,168.17025756835938,173.0,173.88999938964844,169.50999450683594,170.3699951171875,42160900
2023-10-09,169.142333984375,174.0,174.5500030517578,171.77000427246094,171.83999633789062,26658400
2023-10-10,171.0573272705078,175.97000122070312,177.0399932861328,174.27999877929688,174.30999755859375,31585000
2023-10-11,170.76571655273438,175.6699981689453,177.22999572753906,174.3800048828125,176.1199951171875,27427200
2023-10-12,166.90650939941406,171.6999969482422,175.8800048828125,170.7899932861328,175.8800048828125,38693800
2023-10-13,165.51644897460938,170.27000427246094,172.6999969482422,169.69000244140625,172.35000610351562,33955600
2023-10-16,168.189697265625,173.02000427246094,173.38999938964844,171.02000427246094,171.74000549316406,31140300
2023-10-17,170.06581115722656,174.9499969482422,176.4199981689453,171.89999389648438,171.94000244140625,39823200
2023-10-18,166.56631469726562,171.35000610351562,173.66000366210938,171.0,173.63999938964844,38501400
2023-10-19,163.91253662109375,168.6199951171875,172.14999389648438,168.36000061035156,170.86000061035156,51397300
2023-10-20,161.79339599609375,166.44000244140625,169.02999877929688,166.42999267578125,168.66000366210938,54421900
2023-10-23,160.42276000976562,165.02999877929688,167.4600067138672,164.64999389648438,165.66000366210938,45590900
2023-10-24,161.82252502441406,166.47000122070312,167.6199951171875,165.41000366210938,166.4499969482422,32666300
2023-10-25,159.14932250976562,163.72000122070312,165.66000366210938,163.39999389648438,165.00999450683594,36832900
2023-10-26,159.55758666992188,164.13999938964844,165.77000427246094,163.1999969482422,164.14999389648438,50525600
2023-10-27,157.68145751953125,162.2100067138672,164.8300018310547,161.6699981689453,164.52000427246094,46017100
2023-10-30,158.5563507080078,163.11000061035156,164.80999755859375,161.94000244140625,163.7899932861328,35156300
2023-10-31,159.92698669433594,164.52000427246094,164.99000549316406,162.8300018310547,163.39999389648438,31533200
2023-11-01,160.84075927734375,165.4600067138672,165.60000610351562,163.10000610351562,164.4600067138672,44367100
2023-11-02,165.1276092529297,169.8699951171875,170.0,167.3300018310547,167.75,50458100
2023-11-03,169.61865234375,174.49000549316406,175.64999389648438,172.77999877929688,172.8000030517578,57060700
2023-11-06,167.49952697753906,172.30999755859375,174.77999877929688,171.38999938964844,174.49000549316406,35294400
2023-11-07,166.90650939941406,171.6999969482422,172.50999450683594,170.57000732421875,171.55999755859375,31168900
2023-11-08,165.1276092529297,169.8699951171875,172.1300048828125,169.3000030517578,171.6999969482422,44938600
2023-11-09,162.57102966308594,167.24000549316406,171.02999877929688,166.97999572753906,171.02999877929688,38577400
2023-11-10,164.38885498046875,169.11000061035156,169.7100067138672,166.7899932861328,168.22000122070312,36121300
2023-11-13,164.4471435546875,169.1699981689453,169.77000427246094,167.52000427246094,168.24000549316406,27610300
2023-11-14,173.47784423828125,178.4600067138672,178.47000122070312,174.22000122070312,174.22999572753906,77611000
2023-11-15,173.77919006347656,178.77000427246094,181.75999450683594,178.11000061035156,178.35000610351562,59641400
2023-11-16,170.9698486328125,175.8800048828125,178.6300048828125,175.16000366210938,178.13999938964844,46616700
2023-11-17,173.3125457763672,178.2899932861328,178.63999938964844,177.11000061035156,177.4499969482422,43418700
2023-11-20,174.32350158691406,179.3300018310547,179.64999389648438,177.74000549316406,178.52000427246094,26665100
2023-11-21,172.07801818847656,177.02000427246094,178.50999450683594,176.91000366210938,178.24000549316406,30457000
2023-11-22,173.15704345703125,178.1300048828125,179.38999938964844,177.4199981689453,178.17999267578125,28940900
2023-11-24,174.32350158691406,179.3300018310547,179.72999572753906,177.8000030517578,178.0500030517578,13846900
2023-11-27,173.74026489257812,178.72999572753906,179.11000061035156,177.22999572753906,178.5,30665800
2023-11-28,173.0695343017578,178.0399932861328,179.22000122070312,177.1999969482422,178.5500030517578,28350200
2023-11-29,173.9832763671875,178.97999572753906,181.75,178.6999969482422,179.5500030517578,31590200
2023-11-30,174.64431762695312,179.66000366210938,180.63999938964844,178.75999450683594,180.0500030517578,32216800
2023-12-01,179.74774169921875,184.91000366210938,185.17999267578125,178.2100067138672,179.1999969482422,64221300
2023-12-04,181.6724853515625,186.88999938964844,186.99000549316406,184.02000427246094,184.22999572753906,44862600
2023-12-05,179.2422637939453,184.38999938964844,186.0500030517578,183.97999572753906,186.0500030517578,36873500
2023-12-06,178.92147827148438,184.05999755859375,187.9199981689453,183.7899932861328,185.6999969482422,43637900
2023-12-07,180.21434020996094,185.38999938964844,185.55999755859375,183.38999938964844,184.3300018310547,32662300
2023-12-08,181.58499145507812,186.8000030517578,187.75,184.86000061035156,185.14999389648438,36087100
2023-12-11,181.96408081054688,187.19000244140625,187.6199951171875,185.88999938964844,186.67999267578125,29302100
2023-12-12,181.77940368652344,187.0,187.66000366210938,185.33999633789062,186.97000122070312,32024000
2023-12-13,187.9326934814453,193.3300018310547,193.63999938964844,185.6699981689453,187.10000610351562,69484800
2023-12-14,193.16249084472656,198.7100067138672,200.0399932861328,196.47999572753906,196.8699951171875,83649300
2023-12-15,191.5391082763672,197.0399932861328,199.5500030517578,195.9499969482422,198.9499969482422,74160700
2023-12-18,191.60714721679688,197.11000061035156,198.77000427246094,196.67999267578125,197.9600067138672,44451100
2023-12-19,195.3205108642578,200.92999267578125,201.3000030517578,198.02000427246094,198.47999572753906,52156200
2023-12-20,191.49986267089844,196.27999877929688,202.1699981689453,196.16000366210938,199.86000061035156,62360300
2023-12-21,194.75852966308594,199.6199951171875,199.82000732421875,197.52000427246094,198.5,38613400
2023-12-22,196.57321166992188,201.47999572753906,202.80999755859375,200.19000244140625,200.8800048828125,39173800
2023-12-26,199.1294403076172,204.10000610351562,204.55999755859375,201.69000244140625,202.2100067138672,26879000
2023-12-27,199.8319091796875,204.82000732421875,205.49000549316406,203.39999389648438,204.44000244140625,35806400
2023-12-28,199.0708770751953,204.0399932861328,205.1699981689453,203.27999877929688,203.7899932861328,28930100
2023-12-29,195.82199096679688,200.7100067138672,204.02999877929688,200.7100067138672,203.47999572753906,41496800
2024-01-02,194.66098022460938,199.52000427246094,201.6199951171875,198.44000244140625,199.39999389648438,44341500
2024-01-03,189.47052001953125,194.1999969482422,197.6699981689453,193.77999877929688,197.39999389648438,57532500
2024-01-04,189.09979248046875,193.82000732421875,195.49000549316406,193.69000244140625,194.05999755859375,43114200
2024-01-05,188.5436553955078,193.25,195.4600067138672,192.2899932861328,192.69000244140625,40964900
2024-01-08,191.93890380859375,196.72999572753906,196.97000122070312,192.25999450683594,193.2899932861328,31545400
2024-01-09,190.22178649902344,194.97000122070312,195.77000427246094,193.32000732421875,194.35000610351562,28998700
2024-01-10,190.3291015625,195.0800018310547,195.3800048828125,193.0800018310547,194.74000549316406,35075200
2024-01-11,188.83636474609375,193.5500030517578,194.74000549316406,191.3000030517578,194.5,48939200
2024-01-12,188.52413940429688,193.22999572753906,197.10000610351562,192.63999938964844,195.88999938964844,42992100
2024-01-16,186.19235229492188,190.83999633789062,193.25999450683594,190.11000061035156,191.72000122070312,42213000
2024-01-17,184.86546325683594,189.47999572753906,189.92999267578125,187.52999877929688,188.1300048828125,37787700
2024-01-18,185.9582061767578,190.60000610351562,191.1699981689453,188.2100067138672,190.7100067138672,41760000
2024-01-19,187.74363708496094,192.42999267578125,192.85000610351562,189.22999572753906,191.2899932861328,63338300
2024-01-22,191.75352478027344,196.5399932861328,196.82000732421875,194.08999633789062,194.14999389648438,42379500
2024-01-23,191.19740295410156,195.97000122070312,198.58999633789062,194.97999572753906,198.22000122070312,42471200
2024-01-24,189.62664794921875,194.36000061035156,198.4600067138672,194.1199951171875,198.3800048828125,41120100
2024-01-25,191.19740295410156,195.97000122070312,197.66000366210938,194.41000366210938,197.10000610351562,37659500
2024-01-26,191.20716857910156,195.97999572753906,197.88999938964844,195.3800048828125,196.88999938964844,33478600
2024-01-29,194.55364990234375,199.41000366210938,199.41000366210938,195.08999633789062,196.16000366210938,29234400
2024-01-30,192.89505004882812,197.7100067138672,198.92999267578125,197.10000610351562,198.38999938964844,33121200
2024-01-31,188.1826934814453,192.8800048828125,198.94000244140625,192.7100067138672,197.2100067138672,68126700
2024-02-01,190.68032836914062,195.44000244140625,195.74000549316406,191.52999877929688,194.30999755859375,59479000
2024-02-02,189.67543029785156,194.41000366210938,195.5,192.38999938964844,193.24000549316406,52839300
2024-02-05,187.2655792236328,191.94000244140625,193.11000061035156,190.05999755859375,192.47000122070312,39751900
2024-02-06,188.9534149169922,193.6699981689453,193.8000030517578,191.02000427246094,191.6999969482422,34689100
2024-02-07,188.51438903808594,193.22000122070312,194.14999389648438,192.0399932861328,194.07000732421875,31713900
2024-02-08,191.37301635742188,196.14999389648438,196.3699951171875,192.7100067138672,193.36000061035156,35370800
2024-02-09,194.4853515625,199.33999633789062,199.5500030517578,196.4499969482422,196.9199981689453,46107100
2024-02-12,198.0172119140625,202.9600067138672,203.5500030517578,199.83999633789062,199.8699951171875,43291000
2024-02-13,189.8705596923828,194.61000061035156,197.6300048828125,193.05999755859375,196.22000122070312,86247400
2024-02-14,194.28048706054688,199.1300048828125,199.7899932861328,196.22999572753906,197.67999267578125,43808000
2024-02-15,199.46115112304688,204.44000244140625,204.77000427246094,200.72000122070312,200.99000549316406,44931900
2024-02-16,196.7488555908203,201.66000366210938,203.6999969482422,201.08999633789062,202.1199951171875,48346200
2024-02-20,194.03656005859375,198.8800048828125,199.72000122070312,198.00999450683594,199.14999389648438,30547500
2024-02-21,193.1194305419922,197.94000244140625,198.35000610351562,196.38999938964844,197.66000366210938,28669100
2024-02-22,194.58290100097656,199.44000244140625,200.08999633789062,197.80999755859375,198.64999389648438,38184700
2024-02-23,195.02195739746094,199.88999938964844,201.13999938964844,198.57000732421875,199.60000610351562,37667700
2024-02-26,196.25125122070312,201.14999389648438,201.63999938964844,199.14999389648438,199.69000244140625,29118200
2024-02-27,199.03187561035156,204.0,204.22000122070312,202.5399932861328,203.0800018310547,32268600
2024-02-28,197.3927764892578,202.32000732421875,203.86000061035156,201.8699951171875,202.44000244140625,30143900
2024-02-29,198.76844787597656,203.72999572753906,206.0399932861328,202.52000427246094,205.17999267578125,40404100
2024-03-01,200.87583923339844,205.88999938964844,206.3300018310547,203.13999938964844,204.52999877929688,35156900
2024-03-04,200.69046020507812,205.6999969482422,207.77000427246094,205.4499969482422,207.02999877929688,24785400
2024-03-05,198.76844787597656,203.72999572753906,205.91000366210938,203.00999450683594,204.3000030517578,34163500
2024-03-06,200.25144958496094,205.25,206.0800018310547,204.0800018310547,206.02999877929688,34255200
2024-03-07,201.9197998046875,206.9600067138672,208.10000610351562,206.39999389648438,206.6999969482422,28020200
2024-03-08,201.79293823242188,206.8300018310547,210.41000366210938,205.8000030517578,208.74000549316406,41447800
2024-03-11,200.19288635253906,205.19000244140625,206.83999633789062,204.75,205.9600067138672,24435800
2024-03-12,199.91969299316406,204.91000366210938,205.9199981689453,203.38999938964844,205.14999389648438,34958900
2024-03-13,200.70022583007812,205.7100067138672,206.5800018310547,204.77000427246094,204.8699951171875,25140700
2024-03-14,197.10983276367188,202.02999877929688,205.27999877929688,200.1699981689453,205.0500030517578,47509100
2024-03-15,197.48056030273438,202.41000366210938,203.0800018310547,201.1300048828125,201.25,53217000
2024-03-18,196.3488311767578,201.25,203.17999267578125,200.91000366210938,202.91000366210938,32405100
2024-03-19,197.17813110351562,202.10000610351562,202.75,199.66000366210938,199.77999877929688,29864100
2024-03-20,201.0807342529297,206.10000610351562,206.99000549316406,201.11000061035156,201.52000427246094,49609600
2024-03-21,203.39105224609375,207.94000244140625,208.9499969482422,206.83999633789062,207.0,43067300
2024-03-22,200.58383178710938,205.07000732421875,208.24000549316406,205.07000732421875,207.85000610351562,28437300
2024-03-25,201.04354858398438,205.5399932861328,207.00999450683594,205.50999450683594,205.72000122070312,20107800
2024-03-26,200.68165588378906,205.1699981689453,207.63999938964844,204.99000549316406,207.0500030517578,23434800
2024-03-27,205.05384826660156,209.63999938964844,209.7100067138672,206.16000366210938,206.8000030517578,35028400
2024-03-28,205.69943237304688,210.3000030517578,211.8800048828125,209.83999633789062,210.0800018310547,37675100
2024-04-01,203.7627410888672,208.32000732421875,210.8000030517578,207.9600067138672,210.77000427246094,25684200
2024-04-02,200.0165252685547,204.49000549316406,205.8800048828125,203.39999389648438,205.75,36632100
2024-04-03,201.3272247314453,205.8300018310547,206.39999389648438,203.27999877929688,203.3800048828125,27362800
2024-04-04,199.31228637695312,203.77000427246094,208.5500030517578,203.2100067138672,208.0500030517578,32265200
2024-04-05,199.97740173339844,204.4499969482422,205.6999969482422,202.8800048828125,203.13999938964844,27569400
2024-04-08,201.07290649414062,205.57000732421875,206.4199981689453,204.5800018310547,205.97999572753906,21331000
2024-04-09,201.8651885986328,206.3800048828125,206.97000122070312,204.47000122070312,206.22000122070312,23289100
2024-04-10,196.534423828125,200.92999267578125,202.92999267578125,199.5399932861328,201.17999267578125,57130500
2024-04-11,197.86465454101562,202.2899932861328,202.91000366210938,200.10000610351562,201.97000122070312,37184000
2024-04-12,194.34339904785156,198.69000244140625,201.91000366210938,197.67999267578125,201.22999572753906,35388700
2024-04-15,191.49705505371094,195.77999877929688,200.22999572753906,194.97999572753906,199.3699951171875,41119300
2024-04-16,190.7928466796875,195.05999755859375,196.24000549316406,193.36000061035156,194.41000366210938,43267500
2024-04-17,188.77786254882812,193.0,196.6199951171875,192.99000549316406,196.47000122070312,38589500
2024-04-18,188.6214141845703,192.83999633789062,195.66000366210938,192.14999389648438,193.6999969482422,40238200
2024-04-19,188.9148406982422,193.13999938964844,194.38999938964844,191.33999633789062,191.94000244140625,42666500
2024-04-22,191.027587890625,195.3000030517578,196.3000030517578,192.89999389648438,194.2100067138672,31553000
2024-04-23,194.22604370117188,198.57000732421875,199.32000732421875,195.1300048828125,195.25999450683594,31838300
2024-04-24,193.35548400878906,197.67999267578125,198.91000366210938,196.4600067138672,198.1699981689453,28791700
2024-04-25,192.18174743652344,196.47999572753906,196.8300018310547,193.77000427246094,195.44000244140625,31915600
2024-04-26,194.02059936523438,198.36000061035156,198.88999938964844,196.4199981689453,197.0,24613600
2024-04-29,195.58563232421875,199.9600067138672,200.41000366210938,198.8800048828125,199.25,20494600
2024-04-30,191.6144256591797,195.89999389648438,198.64999389648438,195.75,198.11000061035156,30606800
2024-05-01,192.01547241210938,196.30999755859375,200.32000732421875,195.02999877929688,195.8800048828125,38782100
2024-05-02,195.5465087890625,199.9199981689453,200.1199951171875,196.5399932861328,198.77999877929688,27201000
2024-05-03,197.4832000732422,201.89999389648438,204.16000366210938,201.1199951171875,203.41000366210938,30880600
2024-05-06,200.03610229492188,204.50999450683594,204.77999877929688,203.3800048828125,203.47000122070312,23129800
2024-05-07,200.4860382080078,204.97000122070312,206.14999389648438,204.5,204.77000427246094,20116900
2024-05-08,199.3220672607422,203.77999877929688,203.9600067138672,202.55999755859375,202.72000122070312,18349400
2024-05-09,201.35655212402344,205.86000061035156,205.99000549316406,203.41000366210938,203.97000122070312,22914300
2024-05-10,199.8404541015625,204.30999755859375,206.6199951171875,203.67999267578125,206.35000610351562,21520200
2024-05-13,200.26107788085938,204.74000549316406,206.5500030517578,204.60000610351562,206.0800018310547,18585300
2024-05-14,202.3346710205078,206.86000061035156,207.74000549316406,205.91000366210938,207.1300048828125,33169000
2024-05-15,204.85826110839844,209.44000244140625,209.77000427246094,207.72000122070312,209.2100067138672,33412300
2024-05-16,203.3812713623047,207.92999267578125,209.35000610351562,207.92999267578125,208.89999389648438,26731100
2024-05-17,203.52801513671875,208.0800018310547,208.52000427246094,207.35000610351562,208.00999450683594,35219800
2024-05-20,203.9779052734375,208.5399932861328,209.47999572753906,207.77999877929688,208.02000427246094,15695900
2024-05-21,203.78228759765625,208.33999633789062,208.69000244140625,207.58999633789062,207.8300018310547,13466800
2024-05-22,202.06082153320312,206.5800018310547,208.22000122070312,205.8000030517578,207.52999877929688,20853100
2024-05-23,198.74496459960938,203.19000244140625,207.6199951171875,202.35000610351562,207.50999450683594,34039800
2024-05-24,200.9457550048828,205.44000244140625,205.67999267578125,203.9600067138672,204.7899932861328,19946100
2024-05-28,200.67189025878906,205.16000366210938,207.08999633789062,203.97000122070312,206.97000122070312,18475900
2024-05-29,197.70816040039062,202.1300048828125,203.00999450683594,201.77999877929688,202.52999877929688,25654800
2024-05-30,199.5861358642578,204.0500030517578,204.94000244140625,203.0800018310547,203.52000427246094,20428200
2024-05-31,201.26852416992188,205.77000427246094,206.27999877929688,203.0800018310547,204.9499969482422,25784900
2024-06-03,200.13392639160156,204.61000061035156,207.55999755859375,203.14999389648438,207.52999877929688,23902900
2024-06-04,197.55165100097656,201.97000122070312,204.5,201.64999389648438,203.14999389648438,27098900
2024-06-05,200.57406616210938,205.05999755859375,205.05999755859375,201.7899932861328,203.3000030517578,20707600
2024-06-06,199.13621520996094,203.58999633789062,204.80999755859375,202.99000549316406,204.17999267578125,17335500
2024-06-07,196.79849243164062,201.1999969482422,203.1699981689453,200.67999267578125,201.52999877929688,26036000
2024-06-10,197.47340393066406,201.88999938964844,202.1300048828125,199.00999450683594,199.52000427246094,25075300
2024-06-11,196.798583984375,200.63999938964844,201.02000427246094,198.4199981689453,199.63999938964844,23768400
2024-06-12,199.81959533691406,203.72000122070312,207.27000427246094,203.10000610351562,205.8699951171875,43668700
2024-06-13,198.07369995117188,201.94000244140625,203.5399932861328,200.50999450683594,203.27000427246094,28021100
2024-06-14,194.9251251220703,198.72999572753906,200.0399932861328,197.94000244140625,199.55999755859375,33453700
2024-06-17,196.56314086914062,200.39999389648438,200.9499969482422,197.41000366210938,198.1199951171875,25538100
2024-06-18,196.90646362304688,200.75,201.69000244140625,200.02999877929688,200.4600067138672,25446900
2024-06-20,196.07275390625,199.89999389648438,201.86000061035156,199.22000122070312,200.32000732421875,27999700
2024-06-21,196.51412963867188,200.35000610351562,200.41000366210938,198.4600067138672,199.92999267578125,37511300
2024-06-24,197.36746215820312,201.22000122070312,202.69000244140625,200.52999877929688,200.69000244140625,22289600
2024-06-25,196.72012329101562,200.55999755859375,201.16000366210938,199.82000732421875,201.1300048828125,15925400
2024-06-26,196.2002410888672,200.02999877929688,200.5800018310547,198.80999755859375,199.3300018310547,19313500
2024-06-27,198.19140625,202.05999755859375,202.14999389648438,199.9600067138672,200.6300048828125,17432600
2024-06-28,199.0054931640625,202.88999938964844,204.63999938964844,201.32000732421875,203.8800048828125,35026000
2024-07-01,197.33807373046875,201.19000244140625,203.82000732421875,200.47999572753906,203.52000427246094,21886200
2024-07-02,198.01483154296875,201.8800048828125,202.27000427246094,200.89999389648438,201.52000427246094,17219100
2024-07-03,197.96580505371094,201.8300018310547,203.27999877929688,201.6300048828125,202.25,15167200
2024-07-05,197.02415466308594,200.8699951171875,201.6300048828125,199.8800048828125,201.2100067138672,17282500
2024-07-08,198.40716552734375,202.27999877929688,203.6999969482422,201.83999633789062,202.50999450683594,20823800
2024-07-09,197.5440216064453,201.39999389648438,202.52000427246094,200.52999877929688,201.9199981689453,17864200
2024-07-10,199.476318359375,203.3699951171875,203.58999633789062,201.49000549316406,202.2899932861328,19286100
2024-07-11,206.6463623046875,210.67999267578125,211.22999572753906,206.94000244140625,207.89999389648438,65443600
2024-07-12,209.0592498779297,213.13999938964844,214.94000244140625,212.66000366210938,212.9199981689453,50810700
2024-07-15,213.03173828125,217.19000244140625,218.24000549316406,214.3000030517578,214.7899932861328,48925300
2024-07-16,220.29983520507812,224.60000610351562,224.86000061035156,219.02000427246094,219.13999938964844,67945700
2024-07-17,217.9948272705078,222.25,226.63999938964844,221.66000366210938,222.36000061035156,66092100
2024-07-18,213.7771453857422,217.9499969482422,224.77999877929688,216.97999572753906,221.41000366210938,53180000
2024-07-19,212.6884307861328,216.83999633789062,218.64999389648438,215.85000610351562,217.6300048828125,37933500
2024-07-22,216.07235717773438,220.2899932861328,220.64999389648438,215.3800048828125,217.67999267578125,36185900
2024-07-23,218.36756896972656,222.6300048828125,223.75,219.0399932861328,219.2100067138672,44884600
2024-07-24,213.67909240722656,217.85000610351562,223.86000061035156,217.72000122070312,221.07000732421875,42443000
2024-07-25,216.3470001220703,220.57000732421875,224.02000427246094,218.1999969482422,218.4499969482422,45053100
2024-07-26,219.92713928222656,224.22000122070312,225.38999938964844,221.6999969482422,223.89999389648438,40822600
2024-07-29,217.4848175048828,221.72999572753906,225.4199981689453,220.77000427246094,224.7100067138672,33869700
2024-07-30,218.30870056152344,222.57000732421875,224.4600067138672,221.11000061035156,222.72000122070312,26876800
2024-07-31,219.57400512695312,223.86000061035156,228.6300048828125,221.97999572753906,223.7100067138672,52387700
2024-08-01,212.4333953857422,216.5800018310547,224.88999938964844,215.05999755859375,223.77000427246094,71508100
2024-08-02,204.9200439453125,208.9199981689453,211.19000244140625,206.99000549316406,208.85000610351562,66850200
2024-08-05,198.32870483398438,202.1999969482422,204.74000549316406,196.6999969482422,197.89999389648438,65683100
2024-08-06,200.48658752441406,204.39999389648438,207.25,201.1999969482422,203.00999450683594,37072500
2024-08-07,198.11293029785156,201.97999572753906,207.9600067138672,201.55999755859375,207.85000610351562,30594500
2024-08-08,202.92892456054688,206.88999938964844,207.0,203.1699981689453,204.4199981689453,26550300
2024-08-09,202.50714111328125,206.4600067138672,207.1199951171875,204.94000244140625,207.0500030517578,20954500
2024-08-12,200.68276977539062,204.60000610351562,206.97999572753906,203.82000732421875,206.61000061035156,20357900
2024-08-13,203.9882354736328,207.97000122070312,208.3800048828125,204.86000061035156,206.08999633789062,25458300
2024-08-14,202.72291564941406,206.67999267578125,208.75,205.74000549316406,208.6300048828125,25345600
2024-08-15,207.9803009033203,212.0399932861328,213.10000610351562,209.91000366210938,211.25999450683594,42561600
2024-08-16,208.52960205078125,212.60000610351562,213.97999572753906,211.27999877929688,211.3699951171875,30427400
2024-08-19,211.07981872558594,215.1999969482422,215.2100067138672,212.82000732421875,212.9600067138672,17246200
2024-08-20,208.6178741455078,212.69000244140625,214.9499969482422,212.0500030517578,214.88999938964844,21703900
2024-08-21,211.33485412597656,215.4600067138672,215.66000366210938,212.82000732421875,214.27999877929688,19623100
2024-08-22,209.47120666503906,213.55999755859375,216.3699951171875,213.1300048828125,215.57000732421875,18084300
2024-08-23,216.16065979003906,220.3800048828125,221.0800018310547,214.7899932861328,215.17999267578125,40003100
2024-08-26,216.22927856445312,220.4499969482422,222.4499969482422,220.0800018310547,221.92999267578125,24865500
2024-08-27,214.5520477294922,218.74000549316406,219.3699951171875,217.7100067138672,218.91000366210938,19577900
2024-08-28,213.10035705566406,217.25999450683594,219.1199951171875,216.27000427246094,217.8699951171875,19685000
2024-08-29,214.62071228027344,218.80999755859375,220.97999572753906,217.14999389648438,218.77999877929688,24599500
2024-08-30,215.86639404296875,220.0800018310547,220.5,217.39999389648438,219.7100067138672,23010500
2024-09-03,209.26524353027344,213.35000610351562,219.3699951171875,212.91000366210938,218.1300048828125,31338500
2024-09-04,208.9121551513672,212.99000549316406,215.3699951171875,211.6999969482422,212.75999450683594,23706300
2024-09-05,207.87242126464844,211.92999267578125,214.02999877929688,210.9199981689453,213.5399932861328,23910500
2024-09-06,203.91958618164062,207.89999389648438,213.19000244140625,207.13999938964844,211.92999267578125,34561300
2024-09-09,204.48846435546875,208.47999572753906,210.25999450683594,207.52000427246094,208.14999389648438,23584100
2024-09-10,204.32171630859375,208.30999755859375,208.86000061035156,205.7899932861328,208.72000122070312,23025700
2024-09-11,204.9200439453125,208.9199981689453,209.25,204.2100067138672,207.47000122070312,27175600
2024-09-12,207.55856323242188,211.61000061035156,212.77999877929688,208.41000366210938,209.91000366210938,27611700
2024-09-13,212.6786346435547,216.8300018310547,217.25,213.94000244140625,214.02999877929688,37388100
2024-09-16,213.44366455078125,217.61000061035156,218.2899932861328,216.13999938964844,217.6300048828125,23289000
2024-09-17,215.20921325683594,219.41000366210938,221.8000030517578,218.47000122070312,219.5800018310547,35563500
2024-09-18,215.24844360351562,219.4499969482422,224.94000244140625,218.25,219.22999572753906,54085200
2024-09-19,219.68191528320312,223.97000122070312,224.67999267578125,221.5,224.66000366210938,35369500
2024-09-20,217.3278350830078,221.57000732421875,223.4600067138672,221.2899932861328,223.4499969482422,34587500
2024-09-23,216.53334045410156,220.75999450683594,223.11000061035156,220.02000427246094,222.69000244140625,20157700
2024-09-24,216.89630126953125,221.1300048828125,221.92999267578125,219.5,221.6300048828125,20939800
2024-09-25,214.25074768066406,217.69000244140625,220.61000061035156,217.5399932861328,220.32000732421875,23242300
2024-09-26,215.39242553710938,218.85000610351562,221.1300048828125,218.3800048828125,220.49000549316406,24974700
2024-09-27,216.8490447998047,220.3300018310547,222.60000610351562,219.52999877929688,220.86000061035156,23959600
2024-09-30,217.4001922607422,220.88999938964844,221.58999633789062,218.5800018310547,219.4199981689453,21938200
2024-10-01,214.44760131835938,217.88999938964844,220.33999633789062,216.3000030517578,220.1699981689453,30016000
2024-10-02,214.15234375,217.58999633789062,218.75,216.2100067138672,216.99000549316406,14455400
2024-10-03,212.7154083251953,216.1300048828125,217.22999572753906,215.0800018310547,216.22999572753906,21353000
2024-10-04,215.6876678466797,219.14999389648438,219.97999572753906,217.2899932861328,219.2899932861328,27901500
2024-10-07,213.994873046875,217.42999267578125,218.66000366210938,215.8699951171875,218.63999938964844,14891800
2024-10-08,214.1425018310547,217.5800018310547,218.3699951171875,216.6999969482422,217.6300048828125,18118600
2024-10-09,214.6149139404297,218.05999755859375,219.61000061035156,216.9199981689453,217.52999877929688,18230700
2024-10-10,213.4240264892578,216.85000610351562,216.8800048828125,214.60000610351562,215.89999389648438,24571400
2024-10-11,217.76434326171875,221.25999450683594,221.61000061035156,216.7100067138672,216.77000427246094,19950900
2024-10-14,219.36859130859375,222.88999938964844,223.11000061035156,220.42999267578125,221.4499969482422,19263300
2024-10-15,219.54576110839844,223.07000732421875,225.5,221.97999572753906,222.57000732421875,25998800
2024-10-16,223.1577911376953,226.74000549316406,227.1699981689453,224.38999938964844,224.88999938964844,27656700
2024-10-17,222.5475616455078,226.1199951171875,226.9600067138672,224.91000366210938,226.91000366210938,18003600
2024-10-18,222.08499145507812,225.64999389648438,227.02999877929688,225.38999938964844,226.66000366210938,20047400
2024-10-21,218.59107971191406,222.10000610351562,225.69000244140625,221.52999877929688,225.6300048828125,24243800
2024-10-22,217.76434326171875,221.25999450683594,221.8300018310547,220.3000030517578,221.47000122070312,15813900
2024-10-23,215.77627563476562,219.24000549316406,220.8000030517578,217.3699951171875,220.02999877929688,23263500
2024-10-24,216.24868774414062,219.72000122070312,221.0399932861328,218.52999877929688,220.42999267578125,18381900
2024-10-25,215.43179321289062,218.88999938964844,221.97000122070312,218.52000427246094,221.30999755859375,23807800
2024-10-28,218.94540405273438,222.4600067138672,222.97000122070312,220.47999572753906,220.7899932861328,19877700
2024-10-29,218.2367706298828,221.74000549316406,221.89999389648438,219.97000122070312,220.74000549316406,20282200
2024-10-30,217.94151306152344,221.44000244140625,224.47999572753906,220.89999389648438,221.07000732421875,19754800
2024-10-31,214.3196258544922,217.75999450683594,221.77000427246094,217.6300048828125,221.22000122070312,24078400
2024-11-01,215.52037048339844,218.97999572753906,220.97000122070312,218.33999633789062,219.5,21222200
2024-11-04,216.61282348632812,220.08999633789062,221.74000549316406,217.83999633789062,218.5,20463700
2024-11-05,220.6874542236328,224.22999572753906,224.2899932861328,219.05999755859375,219.33999633789062,26404600
2024-11-06,233.4722137451172,237.22000122070312,237.5800018310547,232.75,236.58999633789062,75554600
2024-11-07,232.64547729492188,236.3800048828125,238.49000549316406,235.39999389648438,236.88999938964844,34970300
2024-11-08,234.3579864501953,238.1199951171875,238.47000122070312,235.64999389648438,235.92999267578125,26597800
2024-11-11,237.8814239501953,241.6999969482422,242.38999938964844,239.85000610351562,240.52000427246094,29207700
2024-11-12,233.70838928222656,237.4600067138672,241.7899932861328,236.55999755859375,239.9600067138672,35314300
2024-11-13,231.39552307128906,235.11000061035156,239.8800048828125,234.8300018310547,238.9499969482422,25947700
2024-11-14,228.27560424804688,231.94000244140625,236.42999267578125,231.2100067138672,235.9499969482422,29272100
2024-11-15,224.8702850341797,228.47999572753906,232.2899932861328,227.80999755859375,232.22000122070312,37930000
2024-11-18,225.31317138671875,228.92999267578125,230.60000610351562,228.1300048828125,229.22000122070312,29368500
2024-11-19,226.986328125,230.6300048828125,230.82000732421875,226.39999389648438,226.58999633789062,26009400
2024-11-20,227.28158569335938,230.92999267578125,230.92999267578125,228.0399932861328,230.22999572753906,24222700
2024-11-21,230.7361297607422,234.44000244140625,235.57000732421875,231.11000061035156,232.16000366210938,28679400
2024-11-22,234.99771118164062,238.77000427246094,239.24000549316406,235.3300018310547,235.63999938964844,22693100
2024-11-25,238.5703582763672,242.39999389648438,244.97999572753906,241.38999938964844,241.49000549316406,33534000
2024-11-26,236.8184814453125,240.6199951171875,241.61000061035156,239.42999267578125,241.17999267578125,22581400
2024-11-27,237.1432647705078,240.9499969482422,243.69000244140625,240.44000244140625,242.00999450683594,19472800
2024-11-29,238.04872131347656,241.8699951171875,243.47999572753906,241.5399932861328,242.3699951171875,16782700
2024-12-02,237.9306182861328,241.75,242.66000366210938,240.00999450683594,242.24000549316406,25274800
2024-12-03,236.23779296875,240.02999877929688,242.13999938964844,239.3699951171875,241.5399932861328,21376700
2024-12-04,237.08421325683594,240.88999938964844,241.6699981689453,239.2100067138672,240.27999877929688,19903000
2024-12-05,234.318603515625,238.0800018310547,240.86000061035156,237.74000549316406,240.52000427246094,20227000
2024-12-06,235.1551971435547,238.92999267578125,239.88999938964844,238.3800048828125,239.7899932861328,20760900
2024-12-09,233.97415161132812,237.72999572753906,241.3800048828125,237.64999389648438,240.5500030517578,16684300
2024-12-10,232.96041870117188,236.6999969482422,238.82000732421875,235.9199981689453,237.5800018310547,19946500
2024-12-11,234.01353454589844,237.77000427246094,239.2899932861328,236.8300018310547,238.7100067138672,23156900
2024-12-12,230.97232055664062,234.67999267578125,237.64999389648438,234.35000610351562,237.16000366210938,21454500
2024-12-13,229.3877716064453,233.07000732421875,234.86000061035156,231.8800048828125,234.3699951171875,23972900
2024-12-16,230.7361297607422,234.44000244140625,235.6300048828125,232.35000610351562,232.91000366210938,32293500
2024-12-17,228.0946044921875,231.07000732421875,233.44000244140625,230.5500030517578,232.6699981689453,33064300
2024-12-18,217.99630737304688,220.83999633789062,233.0800018310547,218.9199981689453,232.24000549316406,52267500
2024-12-19,217.0289306640625,219.86000061035156,224.42999267578125,219.3300018310547,223.25,51871700
2024-12-20,219.06240844726562,221.9199981689453,224.66000366210938,218.07000732421875,218.60000610351562,53882200
2024-12-23,218.55897521972656,221.41000366210938,222.39999389648438,219.3800048828125,221.74000549316406,29606800
2024-12-24,220.5134735107422,223.38999938964844,223.6300048828125,220.47999572753906,222.02000427246094,13399600
2024-12-26,222.77398681640625,225.67999267578125,226.13999938964844,221.47000122070312,222.4199981689453,20024800
2024-12-27,219.5263671875,222.38999938964844,225.44000244140625,220.1999969482422,224.2899932861328,26956000
2024-12-30,217.83837890625,220.67999267578125,221.80999755859375,217.85000610351562,220.6699981689453,25706100
2024-12-31,218.11477661132812,220.9600067138672,223.27999877929688,220.14999389648438,222.1199951171875,26208300
2025-01-02,218.29244995117188,221.13999938964844,224.3699951171875,219.60000610351562,222.92999267578125,29363000
2025-01-03,221.54006958007812,224.42999267578125,224.82000732421875,221.3800048828125,222.07000732421875,24525300
2025-01-06,221.6289520263672,224.52000427246094,227.1699981689453,224.13999938964844,225.75999450683594,23541900
2025-01-07,219.8520965576172,222.72000122070312,226.52000427246094,221.3800048828125,225.5800018310547,28835200
2025-01-08,218.85511779785156,221.7100067138672,222.30999755859375,219.00999450683594,220.89999389648438,26795900
2025-01-10,214.03797912597656,216.8300018310547,218.7100067138672,215.30999755859375,218.30999755859375,37379400
2025-01-13,214.45254516601562,217.25,217.52000427246094,213.97000122070312,214.5,28603800
2025-01-14,216.8907470703125,219.72000122070312,220.22999572753906,217.22000122070312,219.17999267578125,25447500
2025-01-15,221.15512084960938,224.0399932861328,225.5800018310547,223.0,225.44000244140625,30124700
2025-01-16,221.5993194580078,224.49000549316406,225.22999572753906,222.7100067138672,224.14999389648438,21029800
2025-01-17,222.55682373046875,225.4600067138672,226.97000122070312,224.6699981689453,226.92999267578125,26754900
2025-01-21,226.83106994628906,229.7899932861328,229.88999938964844,226.99000549316406,227.52000427246094,26086300
2025-01-22,225.35037231445312,228.2899932861328,229.85000610351562,227.8300018310547,229.35000610351562,21307300
2025-01-23,226.37698364257812,229.3300018310547,229.35000610351562,226.5500030517578,226.92999267578125,20850700
2025-01-24,225.7452392578125,228.69000244140625,230.22999572753906,228.0399932861328,228.82000732421875,19074500
2025-01-27,223.58343505859375,226.5,229.6199951171875,225.2100067138672,226.7100067138672,27461700
2025-01-28,223.83021545410156,226.75,227.55999755859375,225.17999267578125,226.74000549316406,16847400
2025-01-29,223.31690979003906,226.22999572753906,228.22000122070312,224.5800018310547,226.67999267578125,20280500
2025-01-30,225.58729553222656,228.52999877929688,230.0500030517578,226.9199981689453,228.52000427246094,25575100
2025-01-31,223.56369018554688,226.47999572753906,230.32000732421875,225.5399932861328,228.75,35330700
2025-02-03,220.94781494140625,223.8300018310547,225.5500030517578,220.6699981689453,221.50999450683594,34023300
2025-02-04,224.00790405273438,226.92999267578125,227.1300048828125,223.2100067138672,223.60000610351562,17985500
2025-02-05,226.44607543945312,229.39999389648438,229.5,226.88999938964844,228.05999755859375,15197300
2025-02-06,225.7057342529297,228.64999389648438,230.6999969482422,227.3000030517578,230.50999450683594,18809400
2025-02-07,223.08987426757812,226.0,229.25,225.5800018310547,228.85000610351562,28914400
2025-02-10,224.0967559814453,227.02000427246094,227.52000427246094,225.86000061035156,227.3699951171875,14574700
2025-02-11,222.79373168945312,225.6999969482422,226.4199981689453,224.80999755859375,225.0500030517578,18215700
2025-02-12,220.74049377441406,223.6199951171875,224.47999572753906,221.7899932861328,222.25999450683594,25572800
2025-02-13,223.22805786132812,226.13999938964844,226.33999633789062,223.75,225.0399932861328,21419400
2025-02-14,223.06027221679688,225.97000122070312,227.97999572753906,225.61000061035156,227.27000427246094,13574500
2025-02-18,224.28428649902344,227.2100067138672,227.6699981689453,225.50999450683594,226.14999389648438,15166500
2025-02-19,223.5143280029297,226.42999267578125,227.14999389648438,225.0800018310547,225.41000366210938,16194800
2025-02-20,221.37225341796875,224.25999450683594,226.19000244140625,223.00999450683594,226.00999450683594,18507700
2025-02-21,214.99545288085938,217.8000030517578,226.36000061035156,217.4600067138672,226.0,45036900
2025-02-24,213.4456787109375,216.22999572753906,218.7899932861328,215.14999389648438,218.7899932861328,30246200
2025-02-25,212.63623046875,215.41000366210938,217.27000427246094,213.49000549316406,216.3699951171875,33665100
2025-02-26,212.9027557373047,215.67999267578125,218.41000366210938,214.83999633789062,216.05999755859375,25464200
2025-02-27,209.65512084960938,212.38999938964844,216.49000549316406,212.22000122070312,215.63999938964844,29378500
2025-02-28,211.88601684570312,214.64999389648438,214.66000366210938,210.9600067138672,211.63999938964844,32015400
2025-03-03,206.0915985107422,208.77999877929688,215.9600067138672,207.4199981689453,215.39999389648438,36330000
2025-03-04,203.76197814941406,206.4199981689453,209.77000427246094,203.19000244140625,205.92999267578125,56427100
2025-03-05,205.78558349609375,208.47000122070312,208.83999633789062,204.82000732421875,206.4499969482422,35778500
2025-03-06,202.63665771484375,205.27999877929688,208.1199951171875,203.89999389648438,205.77999877929688,39206300
2025-03-07,203.2980499267578,205.9499969482422,207.11000061035156,201.72999572753906,204.97000122070312,43514000
2025-03-10,198.1847381591797,200.77000427246094,204.74000549316406,198.75,203.44000244140625,39442800
2025-03-11,198.16502380371094,200.75,203.22000122070312,198.52999877929688,201.1199951171875,51509700
2025-03-12,198.51051330566406,201.10000610351562,203.75,199.5500030517578,203.0500030517578,36881700
2025-03-13,195.5491485595703,198.10000610351562,202.02999877929688,197.0,201.27000427246094,31336900
2025-03-14,200.27745056152344,202.88999938964844,203.07000732421875,199.33999633789062,200.24000549316406,34089400
2025-03-17,202.80447387695312,205.4499969482422,206.02000427246094,202.60000610351562,202.7100067138672,26947600
2025-03-18,201.04345703125,203.2100067138672,203.9199981689453,202.35000610351562,203.85000610351562,22888000
2025-03-19,204.1697540283203,206.3699951171875,207.67999267578125,202.89999389648438,203.35000610351562,31595600
2025-03-20,202.8737335205078,205.05999755859375,207.3000030517578,204.1999969482422,204.32000732421875,25665900
2025-03-21,201.61727905273438,203.7899932861328,204.4199981689453,201.75999450683594,202.72000122070312,39470200
2025-03-24,206.6332244873047,208.86000061035156,209.22999572753906,206.69000244140625,206.9600067138672,25774700
2025-03-25,205.485595703125,207.6999969482422,209.27000427246094,207.08999633789062,208.69000244140625,17836900
2025-03-26,203.39808654785156,205.58999633789062,208.82000732421875,204.67999267578125,207.9600067138672,19344600
2025-03-27,202.42852783203125,204.61000061035156,206.35000610351562,203.75999450683594,205.3300018310547,23960000
2025-03-28,198.31288146972656,200.4499969482422,204.5800018310547,199.3800048828125,204.5399932861328,26656200
2025-03-31,197.36314392089844,199.49000549316406,200.63999938964844,195.49000549316406,197.47999572753906,32250800
2025-04-01,197.38290405273438,199.50999450683594,201.22999572753906,196.66000366210938,198.99000549316406,26054100
2025-04-02,200.49932861328125,202.66000366210938,203.3300018310547,196.5399932861328,196.77999877929688,36603000
2025-04-03,187.62802124023438,189.64999389648438,195.05999755859375,189.1999969482422,193.11000061035156,60551500
2025-04-04,179.25823974609375,181.19000244140625,184.0500030517578,176.6699981689453,182.61000061035156,92612800
2025-04-07,177.63572692871094,179.5500030517578,190.25,171.72999572753906,174.32000732421875,96706200
2025-04-08,172.95616149902344,174.82000732421875,185.9199981689453,172.33999633789062,185.69000244140625,61090600
2025-04-09,187.65773010253906,189.67999267578125,192.11000061035156,171.74000549316406,172.72000122070312,123015100
2025-04-10,179.77268981933594,181.7100067138672,185.47999572753906,176.97999572753906,184.52000427246094,67503000
2025-04-11,182.39443969726562,184.36000061035156,184.85000610351562,178.5800018310547,181.13999938964844,44954400
2025-04-14,184.54129028320312,186.52999877929688,187.97000122070312,183.0500030517578,187.80999755859375,35214600
2025-04-15,184.7688446044922,186.75999450683594,189.0500030517578,185.83999633789062,186.33999633789062,30715500
2025-04-16,182.99794006347656,184.97000122070312,186.72999572753906,182.55999755859375,185.6999969482422,35063300
2025-04-17,184.4918212890625,186.47999572753906,187.42999267578125,184.4600067138672,184.99000549316406,42359200
2025-04-21,180.79171752929688,182.74000549316406,185.2899932861328,180.77000427246094,185.0,26019000
2025-04-22,185.4712677001953,187.47000122070312,188.10000610351562,184.5500030517578,185.14999389648438,34477100
2025-04-23,188.2216339111328,190.25,195.50999450683594,189.83999633789062,192.9199981689453,44866100
2025-04-24,191.99102783203125,194.05999755859375,194.3699951171875,189.88999938964844,190.75999450683594,29820100
2025-04-25,192.0503692626953,194.1199951171875,194.25999450683594,191.5500030517578,192.72000122070312,25029000
2025-04-28,192.8616485595703,194.94000244140625,196.14999389648438,192.52999877929688,194.5,22482300
2025-04-29,193.99937438964844,196.08999633789062,196.86000061035156,193.00999450683594,194.47000122070312,20118200
2025-04-30,192.78248596191406,194.86000061035156,195.47999572753906,190.72000122070312,193.13999938964844,29046100
2025-05-01,193.97959899902344,196.07000732421875,197.6699981689453,193.74000549316406,195.7100067138672,33169700
2025-05-02,198.3425750732422,200.47999572753906,201.2100067138672,198.17999267578125,198.3300018310547,30201800
2025-05-05,196.81898498535156,198.94000244140625,200.5,198.0800018310547,198.57000732421875,20834200
2025-05-06,194.67214965820312,196.77000427246094,198.58999633789062,195.63999938964844,196.58999633789062,24642100
2025-05-07,195.315185546875,197.4199981689453,198.55999755859375,196.0399932861328,198.10000610351562,23623300
2025-05-08,199.03509521484375,201.17999267578125,202.74000549316406,198.25999450683594,199.77000427246094,32646300
2025-05-09,198.6690673828125,200.80999755859375,202.27999877929688,199.9600067138672,201.5399932861328,17203000
2025-05-12,205.6537628173828,207.8699951171875,209.72999572753906,205.82000732421875,208.83999633789062,38207200
2025-05-13,206.4056854248047,208.6300048828125,209.61000061035156,207.9600067138672,208.92999267578125,28295800
2025-05-14,204.57540893554688,206.77999877929688,208.5399932861328,206.52999877929688,208.0399932861328,26316100
2025-05-15,205.91102600097656,208.1300048828125,208.19000244140625,205.38999938964844,206.5800018310547,21563700
2025-05-16,207.61268615722656,209.85000610351562,210.1300048828125,207.77999877929688,208.4199981689453,28906400
2025-05-19,206.74205017089844,208.97000122070312,209.08999633789062,206.25999450683594,206.8000030517578,25859600
2025-05-20,206.85089111328125,209.0800018310547,209.75999450683594,207.9600067138672,208.66000366210938,22053100
2025-05-21,201.04345703125,203.2100067138672,207.61000061035156,202.83999633789062,206.6300048828125,36704400
2025-05-22,201.0335693359375,203.1999969482422,204.3699951171875,201.52999877929688,202.2899932861328,31831300
2025-05-23,200.400390625,202.55999755859375,203.25999450683594,199.64999389648438,199.77999877929688,29114600
2025-05-27,205.485595703125,207.6999969482422,207.75,204.16000366210938,205.63999938964844,31655900
2025-05-28,203.31893920898438,205.50999450683594,208.02999877929688,205.1999969482422,207.7100067138672,26046700
2025-05-29,203.9224395751953,206.1199951171875,207.05999755859375,204.47000122070312,206.9499969482422,32749500
2025-05-30,202.88363647460938,205.07000732421875,206.25,203.5399932861328,205.13999938964844,37768900
2025-06-02,203.51681518554688,205.7100067138672,205.83999633789062,202.6699981689453,205.32000732421875,30334300
2025-06-03,206.80140686035156,209.02999877929688,209.61000061035156,205.5500030517578,206.4600067138672,37702200
2025-06-04,206.21771240234375,208.44000244140625,210.00999450683594,208.13999938964844,209.17999267578125,27225300
2025-06-05,206.30673217773438,208.52999877929688,209.8300018310547,207.0,208.6999969482422,35728700
2025-06-06,209.64080810546875,211.89999389648438,212.1300048828125,210.60000610351562,211.5,32144500
2025-06-09,211.0852508544922,213.36000061035156,214.27999877929688,212.5500030517578,213.8699951171875,33984400
2025-06-10,212.22299194335938,214.50999450683594,215.42999267578125,213.80999755859375,214.4600067138672,30182200
2025-06-11,211.3523712158203,213.6300048828125,215.92999267578125,213.3000030517578,215.5800018310547,31113400
2025-06-12,210.51144409179688,212.77999877929688,213.27000427246094,211.6300048828125,212.1699981689453,25367000
2025-06-13,206.66290283203125,208.88999938964844,211.44000244140625,208.22000122070312,209.83999633789062,60580000
2025-06-16,209.0994415283203,210.77000427246094,211.9499969482422,209.63999938964844,210.47999572753906,28974000
2025-06-17,206.89703369140625,208.5500030517578,210.4499969482422,208.3699951171875,209.05999755859375,32843200
2025-06-18,207.98831176757812,209.64999389648438,211.38999938964844,207.77999877929688,208.44000244140625,42850500
2025-06-20,207.55181884765625,209.2100067138672,211.25,208.4600067138672,211.11000061035156,36978100
2025-06-23,210.0915069580078,211.77000427246094,211.77999877929688,206.80999755859375,208.47999572753906,35516400
2025-06-24,212.77012634277344,214.47000122070312,214.92999267578125,212.36000061035156,213.2899932861328,31772500
2025-06-25,210.28994750976562,211.97000122070312,214.72999572753906,211.88999938964844,214.66000366210938,27725600
2025-06-26,213.70266723632812,215.41000366210938,215.5500030517578,212.6999969482422,212.8300018310547,26261200
2025-06-27,213.7720947265625,215.47999572753906,217.41000366210938,214.1300048828125,216.0500030517578,47717300
2025-06-30,214.0796356201172,215.7899932861328,216.7100067138672,215.38999938964844,216.67999267578125,25558000
2025-07-01,216.2820587158203,218.00999450683594,220.52999877929688,214.14999389648438,214.6199951171875,43864800
2025-07-02,219.2781219482422,221.02999877929688,221.10000610351562,217.36000061035156,218.3699951171875,35735200
2025-07-03,221.31187438964844,223.0800018310547,223.3300018310547,221.77000427246094,222.00999450683594,23515700
2025-07-07,217.98841857910156,219.72999572753906,222.82000732421875,218.41000366210938,221.57000732421875,41551200
2025-07-08,219.4963836669922,221.25,222.2899932861328,220.3300018310547,220.5800018310547,36339300
2025-07-09,221.8773651123047,223.64999389648438,223.69000244140625,221.1199951171875,222.57000732421875,32425200
2025-07-10,223.0182342529297,224.8000030517578,226.0500030517578,222.86000061035156,223.38999938964844,33865900
2025-07-11,219.94281005859375,221.6999969482422,223.5399932861328,221.57000732421875,223.1699981689453,31579600
2025-07-14,221.42098999023438,223.19000244140625,223.33999633789062,221.05999755859375,221.3699951171875,24632200
2025-07-15,217.0856475830078,218.82000732421875,224.22999572753906,218.7899932861328,224.07000732421875,44215400
2025-07-16,219.26821899414062,221.02000427246094,221.3699951171875,216.91000366210938,220.22000122070312,48199800
2025-07-17,222.1452178955078,223.9199981689453,224.1999969482422,220.7100067138672,221.0800018310547,43548000
2025-07-18,220.56781005859375,222.3300018310547,225.36000061035156,221.97999572753906,225.2899932861328,49009900
2025-07-21,219.67494201660156,221.42999267578125,224.41000366210938,221.25,223.5399932861328,28191400
2025-07-22,221.50038146972656,223.27000427246094,223.80999755859375,220.66000366210938,221.6199951171875,30873300
2025-07-23,224.88333129882812,226.67999267578125,226.7100067138672,224.07000732421875,224.82000732421875,37478100
2025-07-24,221.7781524658203,223.5500030517578,225.85000610351562,223.47999572753906,225.52000427246094,29446700
2025-07-25,222.60157775878906,224.3800048828125,224.60000610351562,222.5399932861328,224.4199981689453,24555500
2025-07-28,222.3436279296875,224.1199951171875,225.44000244140625,223.42999267578125,225.32000732421875,24934900
2025-07-29,220.9249725341797,222.69000244140625,225.69000244140625,222.05999755859375,225.61000061035156,28685900
2025-07-30,219.80392456054688,221.55999755859375,224.92999267578125,220.1199951171875,223.66000366210938,48924400
2025-07-31,217.65110778808594,219.38999938964844,222.02000427246094,218.8800048828125,220.4600067138672,42913900
2025-08-01,213.21656799316406,214.9199981689453,216.55999755859375,212.33999633789062,216.22000122070312,63854100
2025-08-04,217.98841857910156,219.72999572753906,219.74000549316406,216.0800018310547,216.5500030517578,34989600
2025-08-05,219.09954833984375,220.85000610351562,221.25999450683594,218.24000549316406,220.55999755859375,31337100
2025-08-06,218.81182861328125,220.55999755859375,220.99000549316406,219.3800048828125,220.9499969482422,23142100
2025-08-07,218.09754943847656,219.83999633789062,222.83999633789062,218.50999450683594,222.75999450683594,37088000
2025-08-08,218.57376098632812,220.32000732421875,221.57000732421875,219.74000549316406,221.07000732421875,28318100
2025-08-11,218.52415466308594,220.27000427246094,221.67999267578125,219.80999755859375,220.77000427246094,25212800
2025-08-12,225.01231384277344,226.80999755859375,226.97999572753906,221.14999389648438,221.85000610351562,43815500
2025-08-13,229.38735961914062,231.22000122070312,231.4600067138672,227.8300018310547,228.25999450683594,41705800
2025-08-14,226.43096923828125,228.24000549316406,228.8000030517578,226.1699981689453,228.44000244140625,55945500
2025-08-15,225.3297882080078,227.1300048828125,228.77999877929688,226.0399932861328,228.63999938964844,33571400
2025-08-18,226.1531982421875,227.9600067138672,228.4600067138672,226.94000244140625,227.2100067138672,20144100
2025-08-19,224.4170684814453,226.2100067138672,228.97999572753906,225.69000244140625,228.02000427246094,25000700
2025-08-20,223.6234130859375,225.41000366210938,226.3800048828125,223.69000244140625,225.92999267578125,29229700
2025-08-21,224.17898559570312,225.97000122070312,226.32000732421875,223.77999877929688,224.41000366210938,24539400
2025-08-22,232.96875,234.8300018310547,235.4199981689453,227.17999267578125,227.3699951171875,58205500
2025-08-25,230.518310546875,232.36000061035156,234.3000030517578,232.36000061035156,234.13999938964844,28453700
2025-08-26,232.42311096191406,234.27999877929688,234.8699951171875,232.58999633789062,232.8300018310547,25121500
2025-08-27,234.0699462890625,235.94000244140625,236.1199951171875,233.55999755859375,233.74000549316406,25395400
2025-08-28,234.34771728515625,236.22000122070312,236.97000122070312,235.35000610351562,236.9600067138672,25011200
2025-08-29,233.30604553222656,235.1699981689453,237.02000427246094,234.3699951171875,236.74000549316406,29254800
2025-09-02,232.04611206054688,233.89999389648438,234.39999389648438,231.47000122070312,231.99000549316406,33108600
2025-09-03,231.8179473876953,233.6699981689453,235.25999450683594,232.4600067138672,233.27000427246094,33252400
2025-09-04,234.71478271484375,236.58999633789062,236.6699981689453,233.5800018310547,234.22999572753906,30323800
2025-09-05,235.88543701171875,237.77000427246094,239.67999267578125,234.9499969482422,237.72000122070312,47542500
2025-09-08,236.3616485595703,238.25,238.55999755859375,236.38999938964844,238.50999450683594,31487700
2025-09-09,234.97274780273438,236.85000610351562,237.9600067138672,235.4199981689453,237.89999389648438,35395800
2025-09-10,234.55604553222656,236.42999267578125,238.27000427246094,235.4600067138672,237.30999755859375,33910200
2025-09-11,238.8914337158203,240.8000030517578,240.92999267578125,236.24000549316406,236.85000610351562,43629800
2025-09-12,236.45091247558594,238.33999633789062,240.32000732421875,238.1999969482422,240.1999969482422,46097600
2025-09-15,237.4529266357422,239.35000610351562,240.0399932861328,238.5500030517578,239.22999572753906,33014000
2025-09-16,237.06192016601562,238.27999877929688,238.92999267578125,236.75999450683594,238.4499969482422,37059300
2025-09-17,237.66880798339844,238.88999938964844,244.27999877929688,237.02000427246094,238.82000732421875,79955600
2025-09-18,243.58839416503906,244.83999633789062,245.14999389648438,240.1300048828125,240.8000030517578,49167700
2025-09-19,241.73788452148438,242.97999572753906,245.57000732421875,242.50999450683594,245.57000732421875,56092000
2025-09-22,243.14068603515625,244.38999938964844,244.7899932861328,241.11000061035156,242.24000549316406,53572900
2025-09-23,242.59349060058594,243.83999633789062,247.17999267578125,243.44000244140625,245.00999450683594,41854500
2025-09-24,240.36495971679688,241.60000610351562,244.61000061035156,241.55999755859375,243.89999389648438,36002200
2025-09-25,238.06675720214844,239.2899932861328,239.99000549316406,237.5500030517578,238.97999572753906,37209500
2025-09-26,240.1062774658203,241.33999633789062,241.67999267578125,239.3300018310547,239.6199951171875,28942800
2025-09-29,240.3848419189453,241.6199951171875,242.92999267578125,240.80999755859375,242.83999633789062,26391500
2025-09-30,240.72311401367188,241.9600067138672,242.1300048828125,239.39999389648438,241.11000061035156,33447700
2025-10-01,241.25039672851562,242.49000549316406,243.0399932861328,240.5500030517578,240.57000732421875,28520000
2025-10-02,242.7725830078125,244.02000427246094,244.08999633789062,241.47000122070312,243.0,28687400
2025-10-03,244.5733184814453,245.8300018310547,248.08999633789062,245.02999877929688,245.35000610351562,34579600
2025-10-06,245.54830932617188,246.80999755859375,248.47999572753906,246.07000732421875,247.72999572753906,31507400
2025-10-07,242.911865234375,244.16000366210938,247.63999938964844,243.19000244140625,247.36000061035156,31766600
2025-10-08,245.4587860107422,246.72000122070312,246.9600067138672,243.8000030517578,245.27999877929688,25825000
2025-10-09,243.8769073486328,245.1300048828125,247.25,244.00999450683594,246.30999755859375,26243100
2025-10-10,236.5744171142578,237.7899932861328,246.88999938964844,237.55999755859375,245.75,70569400
2025-10-13,243.1605987548828,244.41000366210938,244.6300048828125,241.39999389648438,241.8300018310547,36298600
2025-10-14,246.63275146484375,247.89999389648438,249.60000610351562,240.36000061035156,241.22999572753906,45320800
2025-10-15,249.05032348632812,250.3300018310547,252.77000427246094,247.05999755859375,250.36000061035156,45369000
2025-10-16,243.80726623535156,245.05999755859375,251.25999450683594,244.0,250.97000122070312,52740400
2025-10-17,242.1656951904297,243.41000366210938,245.16000366210938,241.47000122070312,243.32000732421875,55379500
2025-10-20,246.89141845703125,248.16000366210938,248.3300018310547,246.13999938964844,246.6199951171875,32545000
2025-10-21,245.7274169921875,246.99000549316406,248.3699951171875,245.50999450683594,247.42999267578125,26337900
2025-10-22,242.09605407714844,243.33999633789062,246.86000061035156,240.77000427246094,246.02999877929688,46578400
2025-10-23,245.16030883789062,246.4199981689453,247.1199951171875,243.67999267578125,244.2899932861328,28591000
2025-10-24,248.15492248535156,249.42999267578125,251.11000061035156,248.97000122070312,249.8000030517578,26627000
2025-10-27,249.02047729492188,250.3000030517578,252.2100067138672,249.5,251.77999877929688,31798100
2025-10-28,247.6873321533203,248.9600067138672,250.89999389648438,248.11000061035156,249.5500030517578,28075900
2025-10-29,245.57815551757812,246.83999633789062,251.13999938964844,244.69000244140625,248.83999633789062,56235300
2025-10-30,243.5983428955078,244.85000610351562,248.13999938964844,244.6300048828125,245.27000427246094,44538700
2025-10-31,244.97128295898438,246.22999572753906,246.7899932861328,243.69000244140625,244.99000549316406,37214700
2025-11-03,244.18531799316406,245.44000244140625,246.25999450683594,242.49000549316406,246.1699981689453,28887900
2025-11-04,239.9669952392578,241.1999969482422,244.05999755859375,241.0,241.7899932861328,34468700
2025-11-05,243.42919921875,244.67999267578125,245.72999572753906,241.63999938964844,241.9600067138672,38229200
2025-11-06,239.121337890625,240.35000610351562,244.7899932861328,240.0,244.25999450683594,40601200
2025-11-07,240.37490844726562,241.61000061035156,241.66000366210938,236.27000427246094,238.41000366210938,54978900
2025-11-10,242.78253173828125,244.02999877929688,245.24000549316406,242.25,245.00999450683594,31238000
2025-11-11,242.99147033691406,244.24000549316406,244.74000549316406,242.52000427246094,243.3699951171875,27357900
2025-11-12,242.39451599121094,243.63999938964844,246.3800048828125,243.3300018310547,244.83999633789062,34543200
2025-11-13,235.57952880859375,236.7899932861328,242.67999267578125,235.83999633789062,241.83999633789062,65710000
2025-11-14,236.26600646972656,237.47999572753906,238.72999572753906,233.27000427246094,233.33999633789062,58344400
2025-11-17,231.57012939453125,232.75999450683594,237.83999633789062,231.75999450683594,236.4600067138672,55765900
2025-11-18,232.27651977539062,233.47000122070312,235.0800018310547,230.9600067138672,231.30999755859375,63092500
2025-11-19,232.2366943359375,233.42999267578125,236.3699951171875,232.42999267578125,233.8000030517578,57280500
2025-11-20,227.9387969970703,229.11000061035156,239.10000610351562,228.89999389648438,237.24000549316406,95483000
2025-11-21,234.3956298828125,235.60000610351562,237.11000061035156,229.5800018310547,229.9600067138672,99504100
2025-11-24,238.67364501953125,239.89999389648438,240.38999938964844,235.47999572753906,235.9600067138672,36135300
2025-11-25,243.8769073486328,245.1300048828125,245.5500030517578,240.0399932861328,240.74000549316406,46160800
2025-11-26,246.0358123779297,247.3000030517578,248.8300018310547,244.77000427246094,245.0500030517578,34636600
2025-11-28,247.47840881347656,248.75,248.80999755859375,247.07000732421875,248.00999450683594,18911800
2025-12-01,244.36439514160156,245.6199951171875,247.69000244140625,245.33999633789062,245.57000732421875,36920000
2025-12-02,243.9167022705078,245.1699981689453,247.3699951171875,245.1199951171875,247.3699951171875,31918500
2025-12-03,248.35389709472656,249.6300048828125,249.83999633789062,245.47999572753906,245.97000122070312,32846300
2025-12-04,250.53271484375,251.82000732421875,252.66000366210938,248.5399932861328,248.97000122070312,40245800
2025-12-05,249.4880828857422,250.77000427246094,252.66000366210938,250.27999877929688,251.49000549316406,36956600
2025-12-08,249.58755493164062,250.8699951171875,252.77000427246094,250.17999267578125,252.6999969482422,29100000
2025-12-09,250.1049041748047,251.38999938964844,252.9499969482422,250.10000610351562,250.25,30170100
2025-12-10,253.50741577148438,254.80999755859375,256.57000732421875,250.5399932861328,250.89999389648438,51105200
2025-12-11,256.4821472167969,257.79998779296875,258.010009765625,254.32000732421875,254.63999938964844,41345200
2025-12-12,252.55233764648438,253.85000610351562,258.20001220703125,253.44000244140625,257.95001220703125,57657700
2025-12-15,250.6421356201172,251.92999267578125,255.69000244140625,251.74000549316406,255.5500030517578,43120100
2025-12-16,249.4562530517578,249.89999389648438,252.16000366210938,248.47000122070312,250.33999633789062,43115300
2025-12-17,246.8009796142578,247.24000549316406,252.16000366210938,246.6999969482422,250.3699951171875,38132400
2025-12-18,248.26837158203125,248.7100067138672,251.36000061035156,248.2100067138672,250.17999267578125,39068000
2025-12-19,250.34466552734375,250.7899932861328,251.39999389648438,249.05999755859375,249.27999877929688,43610400
2025-12-22,253.12973022460938,253.5800018310547,255.1199951171875,252.1999969482422,252.27999877929688,40497300
2025-12-23,251.63238525390625,252.0800018310547,253.22000122070312,251.4600067138672,252.4199981689453,24973500
2025-12-24,252.2612762451172,252.7100067138672,252.86000061035156,251.1199951171875,251.97000122070312,12103000
2025-12-26,250.9735565185547,251.4199981689453,252.75,250.39999389648438,252.5800018310547,17429900
2025-12-29,249.43629455566406,249.8800048828125,251.5,249.35000610351562,250.25999450683594,25218800
2025-12-30,247.58956909179688,248.02999877929688,250.14999389648438,247.9499969482422,249.97000122070312,22123600
2025-12-31,245.722900390625,246.16000366210938,248.27999877929688,246.00999450683594,248.17999267578125,35352000
2026-01-02,248.33824157714844,248.77999877929688,249.08999633789062,245.86000061035156,247.6300048828125,40007700
2026-01-05,252.28123474121094,252.72999572753906,253.5500030517578,249.57000732421875,249.7899932861328,37428100
2026-01-06,255.62527465820312,256.0799865722656,256.25,251.52000427246094,252.24000549316406,40677800
2026-01-07,255.02635192871094,255.47999572753906,256.79998779296875,253.97000122070312,256.3999938964844,33052000
2026-01-08,257.8113708496094,258.2699890136719,258.92999267578125,254.36000061035156,254.6999969482422,37957000
2026-01-09,259.7679138183594,260.2300109863281,261.55999755859375,258.0899963378906,259.5799865722656,36301500
2026-01-12,261.03564453125,261.5,261.6600036621094,258.239990234375,259.2799987792969,28423400
2026-01-13,260.88592529296875,261.3500061035156,262.8900146484375,260.4599914550781,262.4100036621094,33882400
2026-01-14,262.72265625,263.19000244140625,263.4599914550781,260.19000244140625,261.1300048828125,37164300
2026-01-15,265.0385437011719,265.510009765625,267.04998779296875,263.7300109863281,264.05999755859375,33465200
2026-01-16,265.2881164550781,265.760009765625,267.2200012207031,264.7099914550781,265.8699951171875,33844900
2026-01-20,262.1137390136719,262.5799865722656,265.0799865722656,261.05999755859375,261.1400146484375,47911500
2026-01-21,267.3144836425781,267.7900085449219,268.5899963378906,262.9200134277344,264.6400146484375,59952800
2026-01-22,269.3109436035156,269.7900085449219,271.6000061035156,269.4200134277344,269.8299865722656,35110800
2026-01-23,264.33978271484375,264.80999755859375,269.04998779296875,264.4599914550781,269.0400085449219,42636700
2026-01-26,263.5112609863281,263.9800109863281,266.69000244140625,263.489990234375,265.07000732421875,32119300
2026-01-27,264.25994873046875,264.7300109863281,264.8599853515625,262.6600036621094,264.04998779296875,26975500
2026-01-28,262.83245849609375,263.29998779296875,266.67999267578125,262.55999755859375,265.9800109863281,37139100
2026-01-29,262.90234375,263.3699951171875,265.05999755859375,259.4100036621094,264.07000732421875,43922900
2026-01-30,259.1889343261719,259.6499938964844,262.9800109863281,257.94000244140625,261.07000732421875,59164200
2026-02-02,261.7144470214844,262.17999267578125,263.7699890136719,258.3500061035156,258.4800109863281,42896200
2026-02-03,262.3133850097656,262.7799987792969,265.05999755859375,258.54998779296875,263.05999755859375,54588000
2026-02-04,260.0574035644531,260.5199890136719,264.6499938964844,257.1400146484375,264.1600036621094,48826500
2026-02-05,255.375732421875,255.8300018310547,261.6199951171875,255.0500030517578,258.5,48279600
2026-02-06,264.5494079589844,265.0199890136719,265.7200012207031,259.5799865722656,259.739990234375,43354900
2026-02-09,266.4060974121094,266.8800048828125,267.6700134277344,263.3399963378906,264.8399963378906,29064800
2026-02-10,265.6873779296875,266.1600036621094,268.5199890136719,265.8800048828125,267.2300109863281,24661700
2026-02-11,264.47955322265625,264.95001220703125,268.9599914550781,262.1000061035156,268.4700012207031,41829400
2026-02-12,259.07916259765625,259.5400085449219,267.4599914550781,258.3900146484375,267.0199890136719,47628200
2026-02-13,262.4930725097656,262.9599914550781,265.1700134277344,258.510009765625,260.6000061035156,45360300
2026-02-17,262.57293701171875,263.0400085449219,264.3599853515625,259.05999755859375,262.3800048828125,33734800
2026-02-18,263.521240234375,263.989990234375,266.9100036621094,261.8500061035156,263.0299987792969,36034700
2026-02-19,264.1301574707031,264.6000061035156,264.6400146484375,261.0799865722656,262.57000732421875,31006000
2026-02-20,264.14013671875,264.6099853515625,267.3299865722656,262.1400146484375,262.8500061035156,47126600
2026-02-23,260.0274353027344,260.489990234375,264.3699951171875,258.1000061035156,263.3999938964844,44001100
2026-02-24,262.8623962402344,263.3299865722656,264.1400146484375,259.8599853515625,260.3999938964844,34884200
2026-02-25,264.11016845703125,264.5799865722656,265.2799987792969,262.42999267578125,265.25,26012100
2026-02-26,265.5176696777344,265.989990234375,266.239990234375,262.1199951171875,265.010009765625,41206500
2026-02-27,260.9458312988281,261.4100036621094,262.760009765625,259.7699890136719,262.1000061035156,40631500
2026-03-02,263.341552734375,263.80999755859375,264.2799987792969,257.7900085449219,257.80999755859375,53495700
2026-03-03,258.7796630859375,259.239990234375,261.1199951171875,253.30999755859375,256.79998779296875,59537000
2026-03-04,261.2951965332031,261.760009765625,262.9599914550781,258.82000732421875,261.20001220703125,37979700
2026-03-05,256.3040771484375,256.760009765625,260.760009765625,254.16000366210938,258.989990234375,60414600
2026-03-06,250.4445037841797,250.88999938964844,253.3000030517578,249.94000244140625,251.49000549316406,64192000
2026-03-09,253.16964721679688,253.6199951171875,254.64999389648438,244.38999938964844,247.58999633789062,65369500
2026-03-10,252.9101104736328,253.36000061035156,257.6499938964844,252.39999389648438,252.9600067138672,55879100
2026-03-11,252.40103149414062,252.85000610351562,254.3800048828125,250.5800018310547,252.33999633789062,50418100
2026-03-12,246.97068786621094,247.41000366210938,249.80999755859375,246.5800018310547,248.94000244140625,61802900
2026-03-13,246.15213012695312,246.58999633789062,250.61000061035156,245.5399932861328,249.25999450683594,53933300
2026-03-16,248.47799682617188,248.9199981689453,251.47000122070312,248.30999755859375,249.75999450683594,48755700
2026-03-17,250.0500030517578,250.0500030517578,251.7100067138672,248.9600067138672,249.8699951171875,40642800
2026-03-18,246.02000427246094,246.02000427246094,249.22999572753906,245.8800048828125,248.41000366210938,43192600
2026-03-19,247.6300048828125,247.6300048828125,250.08999633789062,242.52000427246094,243.02999877929688,59219500
2026-03-20,242.22000122070312,242.22000122070312,247.5,240.3300018310547,246.97000122070312,76749900
2026-03-23,247.4499969482422,247.4499969482422,251.36000061035156,246.11000061035156,247.1699981689453,78746600
2026-03-24,248.77999877929688,248.77999877929688,250.16000366210938,244.60000610351562,245.50999450683594,45210800
2026-03-25,251.82000732421875,251.82000732421875,253.07000732421875,249.52000427246094,251.74000549316406,45671700
2026-03-26,247.44000244140625,247.44000244140625,251.86000061035156,247.16000366210938,248.88999938964844,46830200
2026-03-27,243.10000610351562,243.10000610351562,246.74000549316406,242.41000366210938,246.00999450683594,48114400
2026-03-30,239.61000061035156,239.61000061035156,245.3699951171875,238.69000244140625,245.35000610351562,51290500
2026-03-31,248.0,248.0,248.9199981689453,242.24000549316406,243.0399932861328,58660800
2026-04-01,249.55999755859375,249.55999755859375,252.44000244140625,249.11000061035156,249.9199981689453,51295900
2026-04-02,251.2899932861328,251.2899932861328,252.3699951171875,244.8699951171875,244.94000244140625,30369200
2026-04-06,252.36000061035156,252.36000061035156,253.0500030517578,250.25,250.99000549316406,22151400
2026-04-07,252.91000366210938,252.91000366210938,253.47999572753906,249.52000427246094,251.2100067138672,34881900
2026-04-08,260.4700012207031,260.4700012207031,262.2699890136719,258.4100036621094,261.5199890136719,46680200
2026-04-09,261.9599914550781,261.9599914550781,262.8999938964844,258.7799987792969,258.7799987792969,26758400
2026-04-10,261.29998779296875,261.29998779296875,262.75,260.3399963378906,262.3999938964844,22365900
2026-04-13,265.07000732421875,265.07000732421875,265.3599853515625,260.0199890136719,260.239990234375,23820000
2026-04-14,268.7200012207031,268.7200012207031,269.4200134277344,266.2799987792969,267.0899963378906,24270400
2026-04-15,269.3900146484375,269.3900146484375,269.5899963378906,267.5899963378906,268.7799987792969,21670600
2026-04-16,269.95001220703125,269.95001220703125,270.3500061035156,268.04998779296875,269.45001220703125,30847900
2026-04-17,275.7799987792969,275.7799987792969,277.6300048828125,273.1199951171875,273.739990234375,46462700
2026-04-20,277.3500061035156,277.3500061035156,277.6700134277344,274.5299987792969,274.6499938964844,22993900
2026-04-21,274.510009765625,274.510009765625,279.7900085449219,273.760009765625,278.17999267578125,32235200
2026-04-22,276.4800109863281,276.4800109863281,278.010009765625,274.8999938964844,277.5899963378906,20274300
2026-04-23,275.5199890136719,275.5199890136719,277.8699951171875,271.95001220703125,276.7300109863281,32886600
2026-04-24,276.6499938964844,276.6499938964844,278.1300048828125,274.2300109863281,276.6700134277344,21568600
2026-04-27,277.1400146484375,277.1400146484375,278.239990234375,276.25,276.82000732421875,23399400
2026-04-28,273.9100036621094,273.9100036621094,276.9700012207031,272.9200134277344,276.04998779296875,24139400
2026-04-29,272.0799865722656,272.0799865722656,274.3800048828125,270.3599853515625,273.9200134277344,29428900
2026-04-30,277.9700012207031,277.9700012207031,278.2200012207031,272.44000244140625,273.1300048828125,29220700
2026-05-01,279.2799987792969,279.2799987792969,279.80999755859375,276.57000732421875,278.6600036621094,28936700
2026-05-04,277.8800048828125,277.8800048828125,280.7900085449219,276.1000061035156,278.70001220703125,28632300
2026-05-05,282.55999755859375,282.55999755859375,282.95001220703125,280.0,280.1300048828125,24863200
2026-05-06,286.79998779296875,286.79998779296875,287.04998779296875,283.3599853515625,285.3599853515625,23330300
2026-05-07,282.260009765625,282.260009765625,287.5799865722656,281.1499938964844,287.5299987792969,28350400
2026-05-08,284.1700134277344,284.1700134277344,284.9700012207031,282.6099853515625,284.0400085449219,22449500
