Date,Adj Close,Close,High,Low,Open,Volume
2016-01-04,11.652607917785645,92.2300033569336,92.29000091552734,91.08000183105469,91.91000366210938,1484200
2016-01-05,11.796639442443848,93.37000274658203,93.70999908447266,92.37000274658203,92.48999786376953,1241400
2016-01-06,11.939407348632812,94.5,94.51000213623047,92.41000366210938,92.41000366210938,2904900
2016-01-07,11.78653335571289,93.29000091552734,94.51000213623047,93.01000213623047,93.2699966430664,2203200
2016-01-08,11.68166732788086,92.45999908447266,94.23999786376953,92.23999786376953,93.75,1231100
2016-01-11,11.69935417175293,92.5999984741211,93.27999877929688,91.62000274658203,92.69999694824219,1295400
2016-01-12,11.714517593383789,92.72000122070312,93.45999908447266,91.98999786376953,93.45999908447266,1028400
2016-01-13,11.420140266418457,90.38999938964844,92.0,90.27999877929688,91.45999908447266,1926400
2016-01-14,11.398659706115723,90.22000122070312,90.8499984741211,89.41999816894531,90.08999633789062,1596700
2016-01-15,11.264738082885742,89.16000366210938,89.58000183105469,88.37000274658203,88.62000274658203,1335000
2016-01-19,11.45930290222168,90.69999694824219,91.05999755859375,89.98999786376953,90.4800033569336,1268400
2016-01-20,11.398659706115723,90.22000122070312,91.26000213623047,88.9000015258789,89.73999786376953,2284900
2016-01-21,11.367074966430664,89.97000122070312,90.94000244140625,89.22000122070312,90.44999694824219,1644700
2016-01-22,11.44035530090332,90.55000305175781,91.87999725341797,89.51000213623047,91.7699966430664,2244000
2016-01-25,11.4984712600708,91.01000213623047,91.72000122070312,90.41999816894531,91.05000305175781,2156700
2016-01-26,11.550272941589355,91.41999816894531,91.86000061035156,91.05000305175781,91.22000122070312,1565400
2016-01-27,11.444146156311035,90.58000183105469,91.77999877929688,90.1500015258789,91.48999786376953,1180400
2016-01-28,11.632394790649414,92.06999969482422,92.2300033569336,90.51000213623047,90.70999908447266,2093300
2016-01-29,11.856021881103516,93.83999633789062,94.26000213623047,92.31999969482422,92.55999755859375,2228900
2016-02-01,12.06954288482666,95.52999877929688,95.87000274658203,93.6500015258789,93.76000213623047,1725800
2016-02-02,11.97099494934082,94.75,95.31999969482422,94.47000122070312,94.88999938964844,1636400
2016-02-03,11.77515983581543,93.19999694824219,95.36000061035156,93.01000213623047,95.18000030517578,1837900
2016-02-04,11.39992618560791,90.2300033569336,93.18000030517578,89.79000091552734,92.88999938964844,2144000
2016-02-05,11.288741111755371,89.3499984741211,90.66999816894531,88.80000305175781,90.3499984741211,1630400
2016-02-08,11.243260383605957,88.98999786376953,89.30000305175781,87.18000030517578,89.04000091552734,1919400
2016-02-09,11.411293983459473,90.31999969482422,90.86000061035156,88.22000122070312,88.2300033569336,1328300
2016-02-10,11.367074966430664,89.97000122070312,91.30999755859375,89.8499984741211,90.56999969482422,998300
2016-02-11,11.319064140319824,89.58999633789062,90.08000183105469,88.30999755859375,89.33999633789062,1400000
2016-02-12,11.619760513305664,91.97000122070312,92.1500015258789,89.98999786376953,90.62999725341797,1103600
2016-02-16,11.624814987182617,92.01000213623047,92.97000122070312,91.5999984741211,92.87000274658203,2024700
2016-02-17,11.286212921142578,89.33000183105469,91.51000213623047,88.6500015258789,89.08000183105469,3049200
2016-02-18,11.363283157348633,89.94000244140625,90.18000030517578,89.05999755859375,89.5999984741211,2885200
2016-02-19,11.439091682434082,90.54000091552734,90.7699966430664,89.20999908447266,89.97000122070312,1479800
2016-02-22,11.538902282714844,91.33000183105469,91.87999725341797,90.61000061035156,90.80000305175781,1365700
2016-02-23,11.634920120239258,92.08999633789062,92.58000183105469,90.76000213623047,91.13999938964844,1437100
2016-02-24,11.708199501037598,92.66999816894531,92.80000305175781,91.44000244140625,91.80999755859375,1342300
2016-02-25,11.776424407958984,93.20999908447266,93.33999633789062,92.38999938964844,92.97000122070312,1707600
2016-02-26,11.64629077911377,92.18000030517578,93.23999786376953,91.62999725341797,92.97000122070312,1076600
2016-02-29,11.564170837402344,91.52999877929688,92.55999755859375,91.48999786376953,91.94999694824219,1203900
2016-03-01,11.713253021240234,92.70999908447266,93.0,91.54000091552734,92.1500015258789,1492400
2016-03-02,11.621026039123535,91.9800033569336,92.7300033569336,91.48999786376953,92.56999969482422,1259300
2016-03-03,11.617229461669922,91.94999694824219,92.04000091552734,91.02999877929688,91.9000015258789,1318500
2016-03-04,11.59575366973877,91.77999877929688,92.45999908447266,91.29000091552734,92.0999984741211,1780000
2016-03-07,11.397396087646484,90.20999908447266,91.66000366210938,90.0199966430664,91.37999725341797,1945400
2016-03-08,11.465620040893555,90.75,91.68000030517578,90.01000213623047,90.0999984741211,2399400
2016-03-09,11.626080513000488,92.0199966430664,92.3499984741211,90.5999984741211,90.93000030517578,1382100
2016-03-10,11.638715744018555,92.12000274658203,92.87999725341797,91.33000183105469,92.02999877929688,1016900
2016-03-11,11.568819046020508,91.04000091552734,91.94999694824219,90.58000183105469,91.6500015258789,1372000
2016-03-14,11.53196907043457,90.75,91.41000366210938,90.37999725341797,91.2300033569336,1307200
2016-03-15,11.523073196411133,90.68000030517578,91.45999908447266,90.05999755859375,90.44999694824219,1180100
2016-03-16,11.462078094482422,90.19999694824219,90.58000183105469,89.26000213623047,90.22000122070312,1465900
2016-03-17,11.664125442504883,91.79000091552734,92.0,90.1500015258789,90.19999694824219,1604300
2016-03-18,11.481135368347168,90.3499984741211,91.7699966430664,90.27999877929688,91.7699966430664,2210900
2016-03-21,11.467161178588867,90.23999786376953,90.95999908447266,89.91000366210938,90.33999633789062,1648300
2016-03-22,11.356608390808105,89.37000274658203,90.27999877929688,89.12999725341797,90.16999816894531,1383800
2016-03-23,11.431580543518066,89.95999908447266,90.62000274658203,89.0,89.36000061035156,1491900
2016-03-24,11.211740493774414,88.2300033569336,90.0999984741211,88.0,89.54000091552734,1488200
2016-03-28,11.36550235748291,89.44000244140625,89.94000244140625,88.30000305175781,88.30000305175781,1128300
2016-03-29,11.439202308654785,90.0199966430664,90.1500015258789,89.3499984741211,89.44000244140625,1018400
2016-03-30,11.42903995513916,89.94000244140625,90.44999694824219,89.44999694824219,90.12999725341797,1240300
2016-03-31,11.362959861755371,89.41999816894531,90.44000244140625,89.33000183105469,90.05999755859375,1145500
2016-04-01,11.601861000061035,91.30000305175781,91.37000274658203,89.16999816894531,89.44999694824219,1660000
2016-04-04,11.563736915588379,91.0,91.80000305175781,90.44000244140625,91.4800033569336,1415400
2016-04-05,11.599318504333496,91.27999877929688,91.95999908447266,90.22000122070312,90.44999694824219,2442900
2016-04-06,11.59423542022705,91.23999786376953,91.44000244140625,90.19999694824219,91.16999816894531,1083600
2016-04-07,11.432848930358887,89.97000122070312,90.94999694824219,89.70999908447266,90.73999786376953,1620500
2016-04-08,11.629815101623535,91.5199966430664,91.83999633789062,89.9800033569336,90.18000030517578,1259900
2016-04-11,11.53196907043457,90.75,92.26000213623047,90.68000030517578,91.56999969482422,1206600
2016-04-12,11.512909889221191,90.5999984741211,91.47000122070312,90.44999694824219,90.73999786376953,989100
2016-04-13,11.35533618927002,89.36000061035156,90.69000244140625,89.26000213623047,90.68000030517578,1356200
2016-04-14,11.214282989501953,88.25,89.51000213623047,88.18000030517578,89.25,2009900
2016-04-15,11.237156867980957,88.43000030517578,88.4800033569336,87.76000213623047,88.30999755859375,1533200
2016-04-18,11.286718368530273,88.81999969482422,89.02999877929688,88.37000274658203,88.66999816894531,1196000
2016-04-19,11.384561538696289,89.58999633789062,89.80999755859375,88.62000274658203,89.0999984741211,1337500
2016-04-20,11.163453102111816,87.8499984741211,89.62999725341797,87.81999969482422,89.5,1283800
2016-04-21,10.981735229492188,86.41999816894531,87.97000122070312,86.02999877929688,87.69999694824219,1950100
2016-04-22,11.007152557373047,86.62000274658203,86.79000091552734,86.25,86.36000061035156,1470800
2016-04-25,11.135497093200684,87.62999725341797,87.70999908447266,86.44999694824219,86.51000213623047,1191100
2016-04-26,11.154556274414062,87.77999877929688,88.55999755859375,87.52999877929688,87.72000122070312,1535000
2016-04-27,11.48495101928711,90.37999725341797,90.5199966430664,89.13999938964844,89.30000305175781,2670600
2016-04-28,11.514178276062012,90.61000061035156,91.12000274658203,89.52999877929688,89.97000122070312,1554600
2016-04-29,11.552301406860352,90.91000366210938,90.95999908447266,90.0199966430664,90.48999786376953,1543000
2016-05-02,11.698436737060547,92.05999755859375,92.44999694824219,90.81999969482422,91.06999969482422,1409600
2016-05-03,11.697166442871094,92.05000305175781,92.6500015258789,91.6500015258789,91.88999938964844,1108200
2016-05-04,11.784847259521484,92.73999786376953,92.9800033569336,91.4000015258789,91.76000213623047,847900
2016-05-05,11.81534194946289,92.9800033569336,93.56999969482422,92.62999725341797,92.63999938964844,980000
2016-05-06,11.938606262207031,93.94999694824219,94.12000274658203,92.58999633789062,92.83000183105469,925900
2016-05-09,12.058053016662598,94.88999938964844,95.01000213623047,93.94999694824219,93.94999694824219,1094700
2016-05-10,12.126676559448242,95.43000030517578,95.77999877929688,94.66999816894531,95.05000305175781,1213000
2016-05-11,12.042804718017578,94.7699966430664,95.73999786376953,94.66000366210938,95.4000015258789,604200
2016-05-12,12.143193244934082,95.55999755859375,95.55999755859375,94.38999938964844,94.91999816894531,1124600
2016-05-13,12.060599327087402,94.91000366210938,95.83000183105469,94.5,95.41999816894531,803900
2016-05-16,11.999604225158691,94.43000030517578,94.94999694824219,93.72000122070312,94.76000213623047,1440400
2016-05-17,11.742913246154785,92.41000366210938,94.29000091552734,92.0,94.12999725341797,1118700
2016-05-18,11.671749114990234,91.8499984741211,92.73999786376953,91.36000061035156,92.19000244140625,1110100
2016-05-19,11.716225624084473,92.19999694824219,92.30999755859375,91.54000091552734,91.7699966430664,664900
2016-05-20,11.590426445007324,91.20999908447266,92.68000030517578,91.13999938964844,92.68000030517578,884200
2016-05-23,11.679374694824219,91.91000366210938,92.29000091552734,91.19999694824219,91.5,914500
2016-05-24,11.778494834899902,92.69000244140625,93.01000213623047,92.12000274658203,92.1500015258789,832700
2016-05-25,11.661582946777344,91.7699966430664,92.80999755859375,91.73999786376953,92.5,788300
2016-05-26,11.7136812210083,92.18000030517578,92.38999938964844,91.73999786376953,91.94000244140625,941000
2016-05-27,11.70987319946289,92.1500015258789,92.70999908447266,91.8499984741211,92.18000030517578,703100
2016-05-31,11.614567756652832,91.4000015258789,92.69000244140625,91.0,92.37999725341797,2048500
2016-06-01,11.7352876663208,92.3499984741211,92.5199966430664,91.4000015258789,91.58000183105469,1125900
2016-06-02,11.69589614868164,92.04000091552734,92.37000274658203,91.80000305175781,92.12000274658203,669500
2016-06-03,11.781036376953125,92.70999908447266,92.79000091552734,91.93000030517578,92.08000183105469,657800
2016-06-06,11.73147201538086,92.31999969482422,92.94000244140625,92.13999938964844,92.69999694824219,560800
2016-06-07,11.662856101989746,91.77999877929688,92.41999816894531,91.69000244140625,92.3499984741211,881300
2016-06-08,11.673018455505371,91.86000061035156,91.94999694824219,91.0,91.56999969482422,848700
2016-06-09,11.737829208374023,92.37000274658203,92.48999786376953,91.45999908447266,91.83000183105469,1079100
2016-06-10,11.786397933959961,92.22000122070312,92.45999908447266,91.4800033569336,91.58999633789062,1026000
2016-06-13,11.710988998413086,91.62999725341797,92.8499984741211,91.54000091552734,92.27999877929688,841800
2016-06-14,11.722489356994629,91.72000122070312,91.83999633789062,90.2300033569336,91.18000030517578,1204500
2016-06-15,11.668813705444336,91.30000305175781,92.0199966430664,90.9800033569336,91.77999877929688,983400
2016-06-16,11.810680389404297,92.41000366210938,92.47000122070312,90.9000015258789,91.0199966430664,1201500
2016-06-17,11.677760124206543,91.37000274658203,92.06999969482422,90.55999755859375,91.97000122070312,1677600
2016-06-20,11.754443168640137,91.97000122070312,92.62999725341797,91.87000274658203,91.93000030517578,815500
2016-06-21,11.805566787719727,92.37000274658203,92.88999938964844,92.05999755859375,92.37999725341797,631700
2016-06-22,11.772337913513184,92.11000061035156,92.9000015258789,92.01000213623047,92.55000305175781,870600
2016-06-23,11.83112621307373,92.56999969482422,92.63999938964844,92.08000183105469,92.51000213623047,418300
2016-06-24,11.781279563903809,92.18000030517578,92.86000061035156,90.18000030517578,90.72000122070312,1412400
2016-06-27,12.250336647033691,95.8499984741211,96.27999877929688,91.80000305175781,91.91000366210938,3613300
2016-06-28,12.107193946838379,94.7300033569336,95.63999938964844,93.72000122070312,95.63999938964844,2098700
2016-06-29,12.02411937713623,94.08000183105469,95.58999633789062,93.61000061035156,95.05999755859375,1336900
2016-06-30,12.350027084350586,96.62999725341797,96.6500015258789,94.04000091552734,94.05000305175781,1500400
2016-07-01,12.224774360656738,95.6500015258789,97.06999969482422,95.56999969482422,97.06999969482422,995600
2016-07-05,12.440770149230957,97.33999633789062,98.06999969482422,95.54000091552734,95.79000091552734,967700
2016-07-06,12.49189281463623,97.73999786376953,98.13999938964844,96.4800033569336,97.5199966430664,1592900
2016-07-07,12.398594856262207,97.01000213623047,98.4000015258789,96.83999633789062,98.02999877929688,915100
2016-07-08,12.413928985595703,97.12999725341797,97.43000030517578,96.5199966430664,97.25,822500
2016-07-11,12.338522911071777,96.54000091552734,96.83999633789062,96.0199966430664,96.68000030517578,876200
2016-07-12,12.373030662536621,96.80999755859375,96.97000122070312,96.16999816894531,96.22000122070312,830600
2016-07-13,12.424155235290527,97.20999908447266,97.3499984741211,96.33000183105469,96.70999908447266,703600
2016-07-14,12.390925407409668,96.94999694824219,97.54000091552734,95.94000244140625,95.94000244140625,727600
2016-07-15,12.398594856262207,97.01000213623047,97.4000015258789,96.76000213623047,97.08999633789062,593800
2016-07-18,12.348749160766602,96.62000274658203,97.20999908447266,96.19000244140625,97.19000244140625,439300
2016-07-19,12.507226943969727,97.86000061035156,97.87000274658203,96.58999633789062,96.66999816894531,963200
2016-07-20,12.498284339904785,97.79000091552734,98.33000183105469,97.33000183105469,97.97000122070312,1218200
2016-07-21,12.47016429901123,97.56999969482422,97.5999984741211,97.06999969482422,97.29000091552734,786700
2016-07-22,12.568575859069824,98.33999633789062,98.41999816894531,97.56999969482422,97.68000030517578,671400
2016-07-25,12.527678489685059,98.0199966430664,98.3499984741211,97.19999694824219,98.19999694824219,896700
2016-07-26,12.421598434448242,97.19000244140625,98.08000183105469,97.12000274658203,97.91000366210938,1040400
2016-07-27,12.295068740844727,96.19999694824219,97.05999755859375,94.55000305175781,96.73999786376953,1923700
2016-07-28,12.50850772857666,97.87000274658203,98.08000183105469,96.19999694824219,96.19999694824219,1124100
2016-07-29,12.590304374694824,98.51000213623047,98.80000305175781,97.86000061035156,97.86000061035156,980300
2016-08-01,12.525120735168457,98.0,98.44999694824219,97.81999969482422,98.33000183105469,1309400
2016-08-02,12.398594856262207,97.01000213623047,98.16000366210938,96.69999694824219,97.77999877929688,1347900
2016-08-03,12.353857040405273,96.66000366210938,97.37000274658203,96.30000305175781,97.37000274658203,887100
2016-08-04,12.421598434448242,97.19000244140625,97.48999786376953,96.44999694824219,96.70999908447266,873000
2016-08-05,12.369197845458984,96.77999877929688,98.23999786376953,96.43000030517578,97.51000213623047,1129700
2016-08-08,12.26055908203125,95.93000030517578,96.77999877929688,95.51000213623047,96.77999877929688,1110200
2016-08-09,12.256726264953613,95.9000015258789,96.76000213623047,95.69999694824219,96.02999877929688,1293700
2016-08-10,12.401151657104492,97.02999877929688,97.31999969482422,95.69999694824219,95.8499984741211,1099000
2016-08-11,12.394759178161621,96.9800033569336,97.68000030517578,96.6500015258789,97.37000274658203,944500
2016-08-12,12.426709175109863,97.2300033569336,97.48999786376953,96.87000274658203,97.19999694824219,655600
2016-08-15,12.397316932678223,97.0,97.41999816894531,96.91999816894531,97.31999969482422,699300
2016-08-16,12.168536186218262,95.20999908447266,96.95999908447266,95.16000366210938,96.6500015258789,1434000
2016-08-17,12.255446434020996,95.88999938964844,96.01000213623047,94.86000061035156,95.33999633789062,1484300
2016-08-18,12.223496437072754,95.63999938964844,96.2699966430664,95.43000030517578,95.69000244140625,726200
2016-08-19,12.135307312011719,94.94999694824219,95.73999786376953,94.41000366210938,95.61000061035156,1388300
2016-08-22,12.073960304260254,94.47000122070312,95.18000030517578,94.23999786376953,94.97000122070312,2013500
2016-08-23,11.94615364074707,93.47000122070312,95.12000274658203,92.91000366210938,94.45999908447266,1545200
2016-08-24,11.93848991394043,93.41000366210938,94.06999969482422,92.80999755859375,93.13999938964844,1373400
2016-08-25,11.952543258666992,93.5199966430664,93.87999725341797,93.16000366210938,93.52999877929688,1188700
2016-08-26,11.921871185302734,93.27999877929688,94.27999877929688,93.08000183105469,93.72000122070312,884400
2016-08-29,11.935930252075195,93.38999938964844,93.77999877929688,93.0999984741211,93.5199966430664,778300
2016-08-30,11.907814025878906,93.16999816894531,93.70999908447266,92.91999816894531,93.45999908447266,963200
2016-08-31,11.975549697875977,93.69999694824219,93.86000061035156,92.93000030517578,93.18000030517578,1107000
2016-09-01,11.926984786987305,93.31999969482422,93.77999877929688,92.61000061035156,93.58999633789062,1182800
2016-09-02,12.072684288024902,94.45999908447266,94.56999969482422,93.41999816894531,93.58999633789062,945900
2016-09-06,12.010058403015137,93.97000122070312,94.68000030517578,93.44999694824219,94.33000183105469,1460700
2016-09-07,11.956377983093262,93.55000305175781,93.97000122070312,92.75,93.56999969482422,1295000
2016-09-08,11.884805679321289,92.98999786376953,93.87999725341797,92.7699966430664,93.1500015258789,1172800
2016-09-09,11.548029899597168,89.83999633789062,91.93000030517578,89.83000183105469,91.93000030517578,1488900
2016-09-12,11.730559349060059,91.26000213623047,91.3499984741211,89.94000244140625,90.19000244140625,1561100
2016-09-13,11.575026512145996,90.05000305175781,91.36000061035156,89.97000122070312,91.02999877929688,1284300
2016-09-14,11.60459041595459,90.27999877929688,90.80000305175781,90.02999877929688,90.19000244140625,756800
2016-09-15,11.59687614440918,90.22000122070312,90.54000091552734,89.9000015258789,90.11000061035156,1031600
2016-09-16,11.66500473022461,90.75,90.88999938964844,89.44999694824219,90.08999633789062,1381100
2016-09-19,11.667572021484375,90.7699966430664,90.9800033569336,90.5999984741211,90.66000366210938,886900
2016-09-20,11.670146942138672,90.79000091552734,91.3499984741211,90.48999786376953,91.08999633789062,1200400
2016-09-21,11.748555183410645,91.4000015258789,91.63999938964844,90.13999938964844,90.70999908447266,996200
2016-09-22,11.825675964355469,92.0,92.2300033569336,91.52999877929688,91.83000183105469,1068100
2016-09-23,11.775548934936523,91.61000061035156,92.22000122070312,91.19999694824219,91.62000274658203,1261800
2016-09-26,11.605875015258789,90.29000091552734,91.51000213623047,90.19999694824219,91.5,1178300
2016-09-27,11.652152061462402,90.6500015258789,90.94999694824219,90.19999694824219,90.83999633789062,1283800
2016-09-28,11.733132362365723,91.27999877929688,91.36000061035156,90.5,90.80000305175781,1110200
2016-09-29,11.661149978637695,90.72000122070312,91.98999786376953,90.5999984741211,91.47000122070312,1042700
2016-09-30,11.736982345581055,91.30999755859375,91.6500015258789,90.5999984741211,91.16999816894531,969500
2016-10-03,11.666285514831543,90.76000213623047,90.9800033569336,90.11000061035156,90.93000030517578,1101800
2016-10-04,11.164979934692383,86.86000061035156,88.87999725341797,85.31999969482422,88.25,3466500
2016-10-05,11.198402404785156,87.12000274658203,88.1500015258789,86.94999694824219,87.02999877929688,2147600
2016-10-06,11.31666088104248,88.04000091552734,88.31999969482422,86.70999908447266,86.80999755859375,1211300
2016-10-07,11.245963096618652,87.48999786376953,88.23999786376953,87.04000091552734,88.12999725341797,1251500
2016-10-10,11.284523010253906,87.79000091552734,87.91000366210938,87.01000213623047,87.61000061035156,1052700
2016-10-11,11.200973510742188,87.13999938964844,87.83000183105469,86.7699966430664,87.7300033569336,860400
2016-10-12,11.227968215942383,87.3499984741211,87.58999633789062,86.83999633789062,87.20999908447266,1597000
2016-10-13,11.229254722595215,87.36000061035156,87.63999938964844,86.66000366210938,86.98999786376953,1250100
2016-10-14,11.198402404785156,87.12000274658203,87.73999786376953,87.0199966430664,87.36000061035156,1048500
2016-10-17,11.269102096557617,87.66999816894531,87.69999694824219,87.01000213623047,87.36000061035156,1019600
2016-10-18,11.267815589904785,87.66000366210938,88.37000274658203,87.63999938964844,88.0999984741211,752400
2016-10-19,11.314087867736816,88.0199966430664,88.29000091552734,87.0199966430664,87.62000274658203,1235500
2016-10-20,11.198402404785156,87.12000274658203,88.36000061035156,87.04000091552734,88.0,966900
2016-10-21,11.293522834777832,87.86000061035156,87.94000244140625,86.81999969482422,87.0,1015600
2016-10-24,11.35265064239502,88.31999969482422,88.58000183105469,87.76000213623047,87.87000274658203,1199400
2016-10-25,11.35265064239502,88.31999969482422,88.41000366210938,87.6500015258789,88.08000183105469,1540400
2016-10-26,11.389928817749023,88.61000061035156,90.9000015258789,88.0,88.45999908447266,2351600
2016-10-27,11.194548606872559,87.08999633789062,90.2300033569336,86.62999725341797,90.2300033569336,2141400
2016-10-28,11.342369079589844,88.23999786376953,88.44999694824219,87.16999816894531,87.37000274658203,1654600
2016-10-31,11.284523010253906,87.79000091552734,88.43000030517578,87.5199966430664,88.26000213623047,1324700
2016-11-01,11.158557891845703,86.80999755859375,87.69999694824219,86.56999969482422,87.55999755859375,1448600
2016-11-02,11.189406394958496,87.05000305175781,87.68000030517578,86.81999969482422,86.81999969482422,858200
2016-11-03,11.139277458190918,86.66000366210938,87.48999786376953,86.4800033569336,87.20999908447266,880900
2016-11-04,11.122566223144531,86.52999877929688,87.12999725341797,86.43000030517578,86.7300033569336,1100600
2016-11-07,11.272954940795898,87.69999694824219,87.73999786376953,87.12000274658203,87.12000274658203,1164500
2016-11-08,11.38221549987793,88.55000305175781,88.88999938964844,87.47000122070312,87.52999877929688,835100
2016-11-09,11.045440673828125,85.93000030517578,87.19999694824219,84.5,86.83999633789062,1453100
2016-11-10,10.699667930603027,83.23999786376953,85.18000030517578,83.01000213623047,85.18000030517578,2098000
2016-11-11,10.589123725891113,82.37999725341797,82.80000305175781,81.05000305175781,82.7699966430664,1652000
2016-11-14,10.59683609008789,82.44000244140625,82.66999816894531,81.55000305175781,82.51000213623047,1752600
2016-11-15,10.702239036560059,83.26000213623047,83.4800033569336,82.36000061035156,82.56999969482422,1359900
2016-11-16,10.650825500488281,82.86000061035156,83.52999877929688,82.37000274658203,83.37999725341797,1310100
2016-11-17,10.67396068572998,83.04000091552734,83.08999633789062,82.23999786376953,82.87000274658203,1158600
2016-11-18,10.730518341064453,83.4800033569336,83.66000366210938,82.88999938964844,82.94000244140625,1416800
2016-11-21,10.958033561706543,85.25,85.30999755859375,83.25,83.4800033569336,1467100
2016-11-22,11.247248649597168,87.5,87.73999786376953,85.58000183105469,85.9000015258789,2477300
2016-11-23,11.216399192810059,87.26000213623047,88.19000244140625,86.83999633789062,86.83999633789062,2376900
2016-11-25,11.314087867736816,88.0199966430664,88.77999877929688,87.5,87.86000061035156,828200
2016-11-28,11.418208122253418,88.83000183105469,89.0199966430664,88.02999877929688,88.11000061035156,1329200
2016-11-29,11.49790096282959,89.44999694824219,89.66000366210938,88.51000213623047,88.8499984741211,1668100
2016-11-30,11.149559020996094,86.73999786376953,89.16000366210938,86.56999969482422,88.68000030517578,4577800
2016-12-01,10.951603889465332,85.19999694824219,86.44000244140625,84.05999755859375,86.2699966430664,1799700
2016-12-02,10.942607879638672,85.12999725341797,86.19999694824219,84.76000213623047,85.38999938964844,1926400
2016-12-05,11.048011779785156,85.94999694824219,85.95999908447266,85.16999816894531,85.3499984741211,1467400
2016-12-06,11.227968215942383,87.3499984741211,87.37000274658203,86.0,86.56999969482422,1533400
2016-12-07,11.38221549987793,88.55000305175781,88.58000183105469,87.0,87.08999633789062,1978800
2016-12-08,11.276809692382812,87.7300033569336,88.11000061035156,87.36000061035156,87.77999877929688,1832100
2016-12-09,11.618219375610352,89.83999633789062,89.94000244140625,87.16999816894531,87.16999816894531,2374800
2016-12-12,11.681588172912598,90.33000183105469,90.56999969482422,89.54000091552734,89.81999969482422,2048800
2016-12-13,11.645379066467285,90.05000305175781,90.54000091552734,89.79000091552734,90.27999877929688,1933400
2016-12-14,11.606585502624512,89.75,90.66999816894531,89.22000122070312,90.48999786376953,3400300
2016-12-15,11.706158638000488,90.5199966430664,90.62999725341797,89.5,89.5999984741211,1552400
2016-12-16,11.722973823547363,90.6500015258789,90.93000030517578,90.12999725341797,90.41999816894531,2359700
2016-12-19,11.684172630310059,90.3499984741211,90.81999969482422,90.02999877929688,90.69999694824219,990700
2016-12-20,11.699695587158203,90.47000122070312,90.62999725341797,89.70999908447266,90.29000091552734,1193600
2016-12-21,11.677712440490723,90.30000305175781,91.06999969482422,90.25,90.58999633789062,1011000
2016-12-22,11.704867362976074,90.51000213623047,90.62999725341797,89.6500015258789,90.1500015258789,1033700
2016-12-23,11.73978328704834,90.77999877929688,91.04000091552734,90.37999725341797,90.6500015258789,586100
2016-12-27,11.751419067382812,90.87000274658203,91.05000305175781,90.4800033569336,90.87999725341797,591300
2016-12-28,11.698399543762207,90.45999908447266,90.6500015258789,90.1500015258789,90.52999877929688,890900
2016-12-29,11.763060569763184,90.95999908447266,91.13999938964844,90.5999984741211,90.61000061035156,512800
2016-12-30,11.725558280944824,90.66999816894531,91.13999938964844,90.37000274658203,91.13999938964844,736600
2017-01-03,11.750128746032715,90.86000061035156,91.16999816894531,90.4000015258789,90.66999816894531,934000
2017-01-04,11.80573558807373,91.29000091552734,91.73999786376953,90.95999908447266,91.0999984741211,940500
2017-01-05,11.816082954406738,91.37000274658203,91.69000244140625,90.70999908447266,91.01000213623047,1157700
2017-01-06,11.759182929992676,90.93000030517578,91.27999877929688,90.48999786376953,91.0999984741211,951600
2017-01-09,11.708746910095215,90.54000091552734,91.75,90.47000122070312,91.69000244140625,1299200
2017-01-10,11.64925479888916,90.08000183105469,90.5999984741211,89.72000122070312,90.37000274658203,1886700
2017-01-11,11.641497611999512,90.0199966430664,90.69999694824219,89.72000122070312,89.80000305175781,1713500
2017-01-12,11.572958946228027,89.48999786376953,90.19999694824219,89.22000122070312,89.7699966430664,1236000
2017-01-13,11.579422950744629,89.54000091552734,89.98999786376953,89.05999755859375,89.7300033569336,886700
2017-01-17,11.672534942626953,90.26000213623047,90.41000366210938,89.5999984741211,89.69999694824219,1003000
2017-01-18,11.682880401611328,90.33999633789062,90.72000122070312,89.98999786376953,90.19999694824219,1526000
2017-01-19,11.686759948730469,90.37000274658203,90.62999725341797,90.0,90.45999908447266,695200
2017-01-20,11.729436874389648,90.69999694824219,90.91999816894531,89.91999816894531,90.66999816894531,960900
2017-01-23,11.795393943786621,91.20999908447266,91.26000213623047,90.5199966430664,90.68000030517578,779500
2017-01-24,11.826424598693848,91.44999694824219,91.5999984741211,90.70999908447266,91.20999908447266,1030600
2017-01-25,11.782461166381836,91.11000061035156,91.7300033569336,91.0199966430664,91.55000305175781,1218300
2017-01-26,11.720383644104004,90.62999725341797,91.44000244140625,90.18000030517578,91.11000061035156,1216500
2017-01-27,11.64278793334961,90.02999877929688,90.87000274658203,89.76000213623047,90.80000305175781,709000
2017-01-30,11.728143692016602,90.69000244140625,90.7300033569336,89.83999633789062,90.16999816894531,1082000
2017-01-31,11.794095993041992,91.19999694824219,91.62999725341797,90.33000183105469,90.55999755859375,1126900
2017-02-01,11.691936492919922,90.41000366210938,91.22000122070312,90.20999908447266,91.19999694824219,1000500
2017-02-02,11.843241691589355,91.58000183105469,91.77999877929688,90.5,90.83999633789062,988000
2017-02-03,11.861344337463379,91.72000122070312,92.54000091552734,91.58000183105469,92.0,743100
2017-02-06,11.791512489318848,91.18000030517578,91.80000305175781,91.12000274658203,91.80000305175781,593100
2017-02-07,11.972561836242676,92.58000183105469,92.76000213623047,91.37999725341797,91.5999984741211,872100
2017-02-08,11.998425483703613,92.77999877929688,93.36000061035156,92.12999725341797,92.4000015258789,1049000
2017-02-09,12.050155639648438,93.18000030517578,93.33000183105469,91.8499984741211,92.77999877929688,905900
2017-02-10,12.099298477172852,93.55999755859375,93.86000061035156,92.93000030517578,93.19999694824219,887400
2017-02-13,12.090245246887207,93.48999786376953,94.08000183105469,92.73999786376953,93.55999755859375,1683200
2017-02-14,12.035929679870605,93.06999969482422,93.72000122070312,90.0,90.51000213623047,2085200
2017-02-15,12.003599166870117,92.81999969482422,93.12000274658203,91.63999938964844,92.5,1944600
2017-02-16,12.165249824523926,94.06999969482422,94.20999908447266,92.9000015258789,92.93000030517578,1603200
2017-02-17,12.15361499786377,93.9800033569336,94.79000091552734,93.56999969482422,93.86000061035156,1593900
2017-02-21,12.229907989501953,94.56999969482422,94.80000305175781,93.56999969482422,93.91000366210938,968000
2017-02-22,12.189821243286133,94.26000213623047,95.1500015258789,94.18000030517578,94.5999984741211,1534800
2017-02-23,12.236377716064453,94.62000274658203,95.08999633789062,94.05000305175781,94.26000213623047,901100
2017-02-24,12.258363723754883,94.79000091552734,95.05999755859375,94.16000366210938,94.76000213623047,1010200
2017-02-27,12.064382553100586,93.29000091552734,94.58999633789062,93.2699966430664,94.44999694824219,741700
2017-02-28,12.083779335021973,93.44000244140625,94.23999786376953,93.29000091552734,93.37999725341797,1708500
2017-03-01,12.06308650970459,93.27999877929688,93.83999633789062,92.93000030517578,93.30000305175781,1296500
2017-03-02,12.236377716064453,94.62000274658203,94.94999694824219,93.30000305175781,93.56999969482422,1061600
2017-03-03,12.273881912231445,94.91000366210938,95.5199966430664,94.26000213623047,95.5199966430664,1614600
2017-03-06,12.211807250976562,94.43000030517578,94.93000030517578,94.12999725341797,94.63999938964844,1275800
2017-03-07,12.185942649841309,94.2300033569336,94.76000213623047,93.81999969482422,93.9800033569336,1566300
2017-03-08,12.202753067016602,94.36000061035156,94.75,93.56999969482422,93.94999694824219,1056800
2017-03-09,12.232494354248047,94.58999633789062,94.98999786376953,94.19000244140625,94.76000213623047,1084700
2017-03-10,12.326184272766113,94.7300033569336,94.9000015258789,94.22000122070312,94.4800033569336,1694300
2017-03-13,12.323580741882324,94.70999908447266,94.93000030517578,94.19999694824219,94.55000305175781,950900
2017-03-14,12.315773963928223,94.6500015258789,95.38999938964844,94.5,94.52999877929688,864900
2017-03-15,12.508349418640137,96.12999725341797,96.43000030517578,94.51000213623047,94.76000213623047,1060900
2017-03-16,12.544784545898438,96.41000366210938,96.52999877929688,95.66999816894531,95.91999816894531,1765400
2017-03-17,12.438084602355957,95.58999633789062,96.5199966430664,95.55999755859375,96.51000213623047,1457600
2017-03-20,12.51095199584961,96.1500015258789,96.33000183105469,95.72000122070312,95.72000122070312,691800
2017-03-21,12.56690502166748,96.58000183105469,96.87999725341797,96.22000122070312,96.33999633789062,1240600
2017-03-22,12.618948936462402,96.9800033569336,97.38999938964844,96.37999725341797,96.9800033569336,1041700
2017-03-23,12.579915046691895,96.68000030517578,97.41999816894531,96.44000244140625,96.72000122070312,850800
2017-03-24,12.616349220275879,96.95999908447266,97.0999984741211,96.54000091552734,96.68000030517578,639000
2017-03-27,12.651480674743652,97.2300033569336,97.41000366210938,96.2300033569336,96.55999755859375,825500
2017-03-28,12.643671989440918,97.16999816894531,97.2699966430664,96.52999877929688,96.94000244140625,998200
2017-03-29,12.63326358795166,97.08999633789062,97.2300033569336,96.54000091552734,97.12000274658203,950200
2017-03-30,12.665794372558594,97.33999633789062,97.8499984741211,97.0,97.13999938964844,1049400
2017-03-31,12.741262435913086,97.91999816894531,98.16999816894531,97.22000122070312,97.41999816894531,1631800
2017-04-03,12.67490291595459,97.41000366210938,98.12999725341797,97.08999633789062,97.87999725341797,1087600
2017-04-04,12.693117141723633,97.55000305175781,97.75,96.80999755859375,97.16999816894531,816200
2017-04-05,12.611144065856934,96.91999816894531,97.58000183105469,96.55999755859375,97.2699966430664,1450100
2017-04-06,12.522661209106445,96.23999786376953,97.0,96.08999633789062,96.5199966430664,1110600
2017-04-07,12.56299877166748,96.55000305175781,96.72000122070312,96.20999908447266,96.33999633789062,983800
2017-04-10,12.63326358795166,97.08999633789062,97.25,96.16999816894531,96.69999694824219,939800
2017-04-11,12.637167930603027,97.12000274658203,97.18000030517578,96.72000122070312,96.98999786376953,708800
2017-04-12,12.657986640930176,97.27999877929688,97.63999938964844,96.5199966430664,96.72000122070312,884200
2017-04-13,12.648877143859863,97.20999908447266,97.80999755859375,97.01000213623047,97.20999908447266,648400
2017-04-17,12.771190643310547,98.1500015258789,98.1500015258789,97.41999816894531,97.41999816894531,511200
2017-04-18,12.86617660522461,98.87999725341797,99.47000122070312,97.87999725341797,98.18000030517578,968000
2017-04-19,12.80632209777832,98.41999816894531,99.02999877929688,98.2699966430664,98.87999725341797,730300
2017-04-20,12.763381958007812,98.08999633789062,98.47000122070312,98.0,98.37999725341797,937300
2017-04-21,12.74776840209961,97.97000122070312,98.48999786376953,97.93000030517578,98.20999908447266,1193000
2017-04-24,12.784201622009277,98.25,98.73999786376953,97.66000366210938,98.47000122070312,1288200
2017-04-25,12.805021286010742,98.41000366210938,98.68000030517578,97.80999755859375,97.94000244140625,1629700
2017-04-26,12.098472595214844,92.9800033569336,94.79000091552734,91.5,92.76000213623047,4481300
2017-04-27,11.99307918548584,92.16999816894531,93.45999908447266,91.93000030517578,93.13999938964844,2749500
2017-04-28,11.92541790008545,91.6500015258789,92.11000061035156,91.06999969482422,91.88999938964844,2669800
2017-05-01,11.825224876403809,90.87999725341797,91.69000244140625,90.77999877929688,91.66999816894531,1251600
2017-05-02,11.740647315979004,90.2300033569336,91.47000122070312,90.13999938964844,91.22000122070312,1559000
2017-05-03,11.818718910217285,90.83000183105469,90.95999908447266,89.87999725341797,90.25,1603200
2017-05-04,11.8681640625,91.20999908447266,91.66999816894531,90.9000015258789,91.0999984741211,1349800
2017-05-05,11.8681640625,91.20999908447266,91.68000030517578,91.0,91.16000366210938,896800
2017-05-08,11.851249694824219,91.08000183105469,91.44000244140625,90.61000061035156,91.0999984741211,1076300
2017-05-09,11.777081489562988,90.51000213623047,91.26000213623047,90.33000183105469,91.19000244140625,983800
2017-05-10,11.77187728881836,90.47000122070312,90.88999938964844,90.3499984741211,90.5999984741211,981300
2017-05-11,11.827826499938965,90.9000015258789,90.91999816894531,90.08000183105469,90.37000274658203,1147100
2017-05-12,11.75626277923584,90.3499984741211,91.0199966430664,90.30000305175781,90.5999984741211,592400
2017-05-15,11.852547645568848,91.08999633789062,91.41000366210938,90.36000061035156,90.36000061035156,1118100
2017-05-16,11.836935997009277,90.97000122070312,93.20999908447266,90.91000366210938,92.30999755859375,1469600
2017-05-17,11.752357482910156,90.31999969482422,91.0999984741211,90.25,90.97000122070312,1471200
2017-05-18,11.766670227050781,90.43000030517578,90.88999938964844,89.94000244140625,90.45999908447266,1391400
2017-05-19,11.830428123474121,90.91999816894531,91.3499984741211,90.27999877929688,90.69999694824219,1624000
2017-05-22,11.901994705200195,91.47000122070312,91.62000274658203,90.8499984741211,90.91999816894531,1084200
2017-05-23,11.957945823669434,91.9000015258789,92.47000122070312,91.55999755859375,91.6500015258789,912100
2017-05-24,12.137511253356934,93.27999877929688,93.62000274658203,91.9800033569336,92.2699966430664,1064500
2017-05-25,12.14011287689209,93.30000305175781,93.62000274658203,93.08999633789062,93.44999694824219,884900
2017-05-26,12.159631729125977,93.44999694824219,93.81999969482422,93.19000244140625,93.23999786376953,660800
2017-05-30,12.047725677490234,92.58999633789062,93.70999908447266,92.33000183105469,93.05000305175781,1166600
2017-05-31,12.076353073120117,92.80999755859375,93.33000183105469,92.47000122070312,92.83000183105469,1396800
2017-06-01,12.09196662902832,92.93000030517578,93.0199966430664,91.97000122070312,92.93000030517578,1056700
2017-06-02,12.080255508422852,92.83999633789062,93.29000091552734,92.4000015258789,93.0999984741211,1058900
2017-06-05,12.085464477539062,92.87999725341797,93.0999984741211,92.22000122070312,92.68000030517578,689900
2017-06-06,12.008692741394043,92.29000091552734,92.83000183105469,91.94000244140625,92.83000183105469,1149200
2017-06-07,12.166136741638184,93.5,93.87000274658203,92.38999938964844,92.62000274658203,1383200
2017-06-08,11.983969688415527,92.0999984741211,93.5,91.56999969482422,93.5,1281100
2017-06-09,11.892888069152832,91.4000015258789,92.33000183105469,91.0,92.04000091552734,1175400
2017-06-12,12.13383674621582,92.66000366210938,92.80000305175781,91.12000274658203,91.12000274658203,1279500
2017-06-13,12.16657543182373,92.91000366210938,93.13999938964844,91.91000366210938,92.58000183105469,1059900
2017-06-14,12.275259971618652,93.73999786376953,94.31999969482422,93.02999877929688,93.43000030517578,1561600
2017-06-15,12.280496597290039,93.77999877929688,93.86000061035156,92.93000030517578,93.33999633789062,895000
2017-06-16,12.212406158447266,93.26000213623047,93.73999786376953,93.08999633789062,93.69999694824219,1718000
2017-06-19,12.509660720825195,95.52999877929688,95.70999908447266,92.69000244140625,93.52999877929688,2439200
2017-06-20,12.579061508178711,96.05999755859375,96.75,95.19999694824219,95.51000213623047,2357800
2017-06-21,12.542397499084473,95.77999877929688,96.16999816894531,95.20999908447266,95.80999755859375,1324900
2017-06-22,12.086691856384277,92.30000305175781,94.97000122070312,92.26000213623047,94.83999633789062,2252300
2017-06-23,12.16657543182373,92.91000366210938,93.2699966430664,92.01000213623047,92.25,2817200
2017-06-26,12.16788387298584,92.91999816894531,93.76000213623047,92.68000030517578,93.26000213623047,1108700
2017-06-27,11.998954772949219,91.62999725341797,92.69999694824219,91.38999938964844,92.62000274658203,895100
2017-06-28,12.076215744018555,92.22000122070312,92.79000091552734,91.81999969482422,92.02999877929688,1197100
2017-06-29,11.903362274169922,90.9000015258789,92.0199966430664,90.69999694824219,91.9800033569336,853500
2017-06-30,11.93086051940918,91.11000061035156,91.69999694824219,91.0999984741211,91.26000213623047,748900
2017-07-03,11.98193359375,91.5,91.87999725341797,91.2300033569336,91.5999984741211,405400
2017-07-05,11.755387306213379,89.7699966430664,91.27999877929688,89.55000305175781,91.27999877929688,1453600
2017-07-06,11.66372299194336,89.06999969482422,89.81999969482422,88.94999694824219,89.55999755859375,1336400
2017-07-07,11.688602447509766,89.26000213623047,89.6500015258789,88.94999694824219,89.44000244140625,1034400
2017-07-10,11.682055473327637,89.20999908447266,89.55999755859375,88.80999755859375,89.29000091552734,981300
2017-07-11,11.619203567504883,88.7300033569336,89.58999633789062,88.66000366210938,89.44999694824219,1165400
2017-07-12,11.691221237182617,89.27999877929688,89.66999816894531,88.9000015258789,89.30999755859375,884600
2017-07-13,11.713484764099121,89.44999694824219,89.76000213623047,89.05000305175781,89.5,992700
2017-07-14,11.827411651611328,90.31999969482422,90.69000244140625,89.25,89.25,937400
2017-07-17,11.822173118591309,90.27999877929688,90.70999908447266,90.05000305175781,90.23999786376953,754200
2017-07-18,11.912530899047852,90.97000122070312,91.23999786376953,89.87999725341797,90.29000091552734,1243400
2017-07-19,11.968838691711426,91.4000015258789,91.73999786376953,90.83000183105469,90.95999908447266,1252500
2017-07-20,11.9505033493042,91.26000213623047,91.69000244140625,91.08000183105469,91.5199966430664,991400
2017-07-21,11.966216087341309,91.37999725341797,91.58000183105469,91.08999633789062,91.19000244140625,1356700
2017-07-24,11.98193359375,91.5,92.0999984741211,91.2699966430664,91.55000305175781,1083400
2017-07-25,12.033004760742188,91.88999938964844,92.08999633789062,91.43000030517578,91.8499984741211,1048800
2017-07-26,12.067049026489258,92.1500015258789,92.44999694824219,91.63999938964844,91.9000015258789,1339000
2017-07-27,12.051337242126465,92.02999877929688,93.7699966430664,91.1500015258789,91.52999877929688,2308300
2017-07-28,11.895503997802734,90.83999633789062,92.05000305175781,90.37000274658203,91.91000366210938,1498100
2017-07-31,11.93741226196289,91.16000366210938,91.36000061035156,90.4000015258789,90.66999816894531,1358200
2017-08-01,11.923007011413574,91.05000305175781,91.7699966430664,91.0,91.37000274658203,867800
2017-08-02,11.915145874023438,90.98999786376953,91.47000122070312,90.36000061035156,90.91000366210938,955100
2017-08-03,11.898127555847168,90.86000061035156,91.58000183105469,90.76000213623047,91.06999969482422,922200
2017-08-04,11.87193489074707,90.66000366210938,91.13999938964844,89.87000274658203,91.05000305175781,1257600
2017-08-07,11.924312591552734,91.05999755859375,91.23999786376953,90.25,90.72000122070312,564600
2017-08-08,11.826104164123535,90.30999755859375,91.19000244140625,90.19000244140625,90.98999786376953,969600
2017-08-09,11.827411651611328,90.31999969482422,90.41999816894531,89.4000015258789,90.30000305175781,1068900
2017-08-10,11.835267066955566,90.37999725341797,90.77999877929688,89.80999755859375,90.19000244140625,866300
2017-08-11,11.835267066955566,90.37999725341797,91.13999938964844,89.9800033569336,89.9800033569336,615400
2017-08-14,11.954432487487793,91.29000091552734,91.44999694824219,90.44000244140625,90.83000183105469,652800
2017-08-15,12.043476104736328,91.97000122070312,92.13999938964844,91.12000274658203,91.41000366210938,436800
2017-08-16,12.105026245117188,92.44000244140625,92.6500015258789,91.94999694824219,91.94999694824219,595600
2017-08-17,12.01073932647705,91.72000122070312,92.86000061035156,91.58000183105469,92.33000183105469,1055700
2017-08-18,11.926934242248535,91.08000183105469,91.66000366210938,90.55000305175781,91.6500015258789,1226600
2017-08-21,11.968838691711426,91.4000015258789,91.66000366210938,90.8499984741211,91.12000274658203,562800
2017-08-22,12.038244247436523,91.93000030517578,92.01000213623047,91.29000091552734,91.37999725341797,794600
2017-08-23,11.93348217010498,91.12999725341797,91.94000244140625,91.12000274658203,91.56999969482422,851200
2017-08-24,11.780268669128418,89.95999908447266,91.27999877929688,89.8499984741211,91.13999938964844,967500
2017-08-25,11.83003044128418,90.33999633789062,90.97000122070312,90.30999755859375,90.56999969482422,934300
2017-08-28,11.83003044128418,90.33999633789062,90.91000366210938,90.33000183105469,90.56999969482422,1198400
2017-08-29,11.837888717651367,90.4000015258789,90.9000015258789,90.04000091552734,90.30000305175781,868600
2017-08-30,11.888956069946289,90.79000091552734,90.80000305175781,89.86000061035156,90.30000305175781,740200
2017-08-31,11.923007011413574,91.05000305175781,91.27999877929688,90.66000366210938,90.79000091552734,1064000
2017-09-01,12.01073932647705,91.72000122070312,91.76000213623047,90.88999938964844,91.23999786376953,772600
2017-09-05,12.023838996887207,91.81999969482422,91.86000061035156,91.22000122070312,91.5999984741211,1068700
2017-09-06,12.057882308959961,92.08000183105469,92.23999786376953,91.41000366210938,91.83000183105469,1006700
2017-09-07,12.059194564819336,92.08999633789062,92.36000061035156,91.8499984741211,92.08999633789062,953000
2017-09-08,11.984552383422852,91.5199966430664,92.05000305175781,91.38999938964844,92.05000305175781,978600
2017-09-11,12.061813354492188,92.11000061035156,92.2300033569336,91.55999755859375,91.70999908447266,668400
2017-09-12,12.078834533691406,92.23999786376953,92.69000244140625,91.94999694824219,92.12999725341797,695900
2017-09-13,12.088059425354004,91.7300033569336,92.18000030517578,91.55000305175781,91.68000030517578,1083400
2017-09-14,12.069609642028809,91.58999633789062,92.01000213623047,91.22000122070312,91.66999816894531,817400
2017-09-15,12.063023567199707,91.54000091552734,91.87000274658203,91.37000274658203,91.66000366210938,1672900
2017-09-18,12.119684219360352,91.97000122070312,92.0,91.30000305175781,91.62999725341797,801500
2017-09-19,12.097284317016602,91.80000305175781,92.0,91.58999633789062,91.87000274658203,969200
2017-09-20,12.081475257873535,91.68000030517578,91.76000213623047,90.94999694824219,91.44999694824219,1055900
2017-09-21,11.794194221496582,89.5,91.0,89.19000244140625,90.47000122070312,2640900
2017-09-22,11.694040298461914,88.73999786376953,89.75,88.30999755859375,89.31999969482422,1360900
2017-09-25,11.588619232177734,87.94000244140625,88.69999694824219,87.55000305175781,88.6500015258789,1366200
2017-09-26,11.69009017944336,88.70999908447266,88.9000015258789,87.56999969482422,87.69999694824219,1352300
2017-09-27,11.55040168762207,87.6500015258789,88.58000183105469,87.27999877929688,88.54000091552734,1306100
2017-09-28,11.643964767456055,88.36000061035156,88.56999969482422,87.36000061035156,87.47000122070312,1283200
2017-09-29,11.658459663391113,88.47000122070312,89.20999908447266,88.37000274658203,88.43000030517578,1429000
2017-10-02,11.553037643432617,87.66999816894531,88.51000213623047,87.13999938964844,88.51000213623047,1173900
2017-10-03,11.481876373291016,87.12999725341797,87.8499984741211,86.98999786376953,87.80999755859375,1542300
2017-10-04,11.554354667663574,87.68000030517578,87.79000091552734,86.41999816894531,87.02999877929688,1602000
2017-10-05,11.587297439575195,87.93000030517578,88.58000183105469,87.87999725341797,88.08999633789062,1019700
2017-10-06,11.63078784942627,88.26000213623047,88.33999633789062,87.63999938964844,87.76000213623047,834700
2017-10-09,11.6044340133667,88.05999755859375,88.44000244140625,87.73999786376953,88.29000091552734,1083900
2017-10-10,11.676910400390625,88.61000061035156,89.12999725341797,88.16000366210938,88.27999877929688,1073400
2017-10-11,11.701947212219238,88.80000305175781,89.13999938964844,88.45999908447266,88.62999725341797,907100
2017-10-12,11.736210823059082,89.05999755859375,89.11000061035156,88.37999725341797,88.73999786376953,990700
2017-10-13,11.761250495910645,89.25,89.69999694824219,88.95999908447266,89.1500015258789,936700
2017-10-16,11.811324119567871,89.62999725341797,89.66000366210938,88.77999877929688,89.16999816894531,1054300
2017-10-17,11.777063369750977,89.37000274658203,89.58999633789062,88.94999694824219,89.44000244140625,680000
2017-10-18,11.74807071685791,89.1500015258789,89.5999984741211,88.95999908447266,89.29000091552734,774700
2017-10-19,11.769159317016602,89.30999755859375,89.45999908447266,88.97000122070312,89.12999725341797,1058600
2017-10-20,11.732255935668945,89.02999877929688,89.47000122070312,88.80999755859375,89.37999725341797,1057900
2017-10-23,11.903569221496582,90.33000183105469,91.5,89.94000244140625,91.41999816894531,1407300
2017-10-24,11.821866035461426,89.70999908447266,90.33999633789062,89.33000183105469,90.1500015258789,1273800
2017-10-25,11.269712448120117,85.5199966430664,86.69999694824219,81.69999694824219,81.69999694824219,4420400
2017-10-26,11.393586158752441,86.45999908447266,87.54000091552734,85.44999694824219,85.93000030517578,2516600
2017-10-27,11.30002212524414,85.75,86.91999816894531,85.5999984741211,86.27999877929688,1469200
2017-10-30,11.207778930664062,85.05000305175781,85.98999786376953,84.94999694824219,85.77999877929688,1567800
2017-10-31,11.288163185119629,85.66000366210938,86.22000122070312,85.27999877929688,85.5199966430664,1581300
2017-11-01,11.318471908569336,85.88999938964844,86.66000366210938,85.56999969482422,86.0199966430664,1341200
2017-11-02,11.245993614196777,85.33999633789062,86.4000015258789,84.69000244140625,86.04000091552734,1261000
2017-11-03,11.282892227172852,85.62000274658203,86.05000305175781,85.41999816894531,85.58000183105469,1300500
2017-11-06,11.13134479522705,84.47000122070312,85.36000061035156,84.4000015258789,85.3499984741211,1477400
2017-11-07,11.132665634155273,84.4800033569336,85.3499984741211,84.06999969482422,84.26000213623047,1874800
2017-11-08,11.281574249267578,85.61000061035156,85.80999755859375,84.45999908447266,84.93000030517578,1116900
2017-11-09,11.292115211486816,85.69000244140625,86.2699966430664,85.22000122070312,85.48999786376953,791100
2017-11-10,11.375140190124512,86.31999969482422,86.54000091552734,85.5,85.72000122070312,767200
2017-11-13,11.46869945526123,87.02999877929688,87.45999908447266,86.37999725341797,86.37999725341797,1145800
2017-11-14,11.57280445098877,87.81999969482422,88.19999694824219,86.58999633789062,86.91000366210938,1370200
2017-11-15,11.508234024047852,87.33000183105469,88.25,87.16999816894531,87.80999755859375,958700
2017-11-16,11.480562210083008,87.12000274658203,87.81999969482422,87.05000305175781,87.55000305175781,799300
2017-11-17,11.499009132385254,87.26000213623047,87.29000091552734,86.54000091552734,86.80999755859375,668400
2017-11-20,11.495055198669434,87.2300033569336,87.75,86.80999755859375,87.27999877929688,706100
2017-11-21,11.46869945526123,87.02999877929688,87.94999694824219,86.94999694824219,87.30999755859375,942200
2017-11-22,11.385679244995117,86.4000015258789,87.02999877929688,85.91000366210938,86.91999816894531,652200
2017-11-24,11.406764030456543,86.55999755859375,87.13999938964844,86.45999908447266,86.72000122070312,312600
2017-11-27,11.452884674072266,86.91000366210938,87.48999786376953,86.41000366210938,86.7300033569336,834200
2017-11-28,11.546449661254883,87.62000274658203,87.63999938964844,86.41999816894531,87.1500015258789,892200
2017-11-29,11.788921356201172,89.45999908447266,89.56999969482422,87.2699966430664,87.48999786376953,1411300
2017-11-30,11.885120391845703,90.19000244140625,90.3499984741211,89.36000061035156,89.5199966430664,2154400
2017-12-01,11.894344329833984,90.26000213623047,90.44999694824219,88.83999633789062,90.37000274658203,1497200
2017-12-04,12.268596649169922,93.0999984741211,93.29000091552734,90.33000183105469,90.52999877929688,1429900
2017-12-05,12.321308135986328,93.5,94.1500015258789,93.12999725341797,93.19999694824219,1731300
2017-12-06,12.512386322021484,94.94999694824219,95.04000091552734,93.52999877929688,93.52999877929688,1499600
2017-12-07,12.400375366210938,94.0999984741211,94.9000015258789,93.44999694824219,94.58000183105469,1323900
2017-12-08,12.406967163085938,94.1500015258789,94.18000030517578,92.77999877929688,93.95999908447266,1036500
2017-12-11,12.455720901489258,94.5199966430664,94.55000305175781,93.0,94.02999877929688,721600
2017-12-12,12.408281326293945,94.16000366210938,95.06999969482422,93.63999938964844,94.25,1175800
2017-12-13,12.432147979736328,93.76000213623047,94.01000213623047,92.73999786376953,93.33000183105469,1201200
2017-12-14,12.32872486114502,92.9800033569336,94.0,92.97000122070312,93.73999786376953,1244800
2017-12-15,12.453364372253418,93.91999816894531,93.98999786376953,93.12999725341797,93.5,1447200
2017-12-18,12.485188484191895,94.16000366210938,95.19999694824219,94.06999969482422,94.31999969482422,1342200
2017-12-19,12.49446964263916,94.2300033569336,94.79000091552734,93.44999694824219,94.25,1787600
2017-12-20,12.726510047912598,95.9800033569336,96.16000366210938,94.30000305175781,94.33999633789062,2447800
2017-12-21,12.702642440795898,95.80000305175781,96.44000244140625,95.7300033569336,95.9800033569336,1576500
2017-12-22,12.745072364807129,96.12000274658203,96.4000015258789,95.66999816894531,96.23999786376953,867000
2017-12-26,12.772916793823242,96.33000183105469,96.97000122070312,96.05000305175781,96.33000183105469,791000
2017-12-27,12.864407539367676,97.0199966430664,97.04000091552734,96.33000183105469,96.6500015258789,647100
2017-12-28,12.84717082977295,96.88999938964844,97.23999786376953,96.5199966430664,97.08000183105469,902100
2017-12-29,12.86971664428711,97.05999755859375,97.83999633789062,96.70999908447266,97.08999633789062,1075800
2018-01-02,12.632365226745605,95.2699966430664,97.37000274658203,95.20999908447266,97.37000274658203,1763900
2018-01-03,12.638998985290527,95.31999969482422,95.61000061035156,94.79000091552734,95.18000030517578,1202300
2018-01-04,12.6986665725708,95.7699966430664,96.4800033569336,95.36000061035156,95.36000061035156,1256500
2018-01-05,12.66286849975586,95.5,96.0,95.16000366210938,95.93000030517578,1036200
2018-01-08,12.686731338500977,95.68000030517578,95.98999786376953,95.19999694824219,95.62000274658203,1043800
2018-01-09,12.665515899658203,95.5199966430664,95.9800033569336,95.23999786376953,95.7699966430664,897500
2018-01-10,12.685405731201172,95.66999816894531,95.80000305175781,94.61000061035156,95.37000274658203,1007100
2018-01-11,12.681427955627441,95.63999938964844,96.16000366210938,95.37999725341797,95.61000061035156,950900
2018-01-12,12.628390312194824,95.23999786376953,95.7699966430664,95.18000030517578,95.7699966430664,853200
2018-01-16,12.584635734558105,94.91000366210938,95.63999938964844,94.81999969482422,95.5,1462300
2018-01-17,12.715901374816895,95.9000015258789,96.44999694824219,95.05999755859375,95.38999938964844,1051100
2018-01-18,12.638998985290527,95.31999969482422,95.97000122070312,94.86000061035156,95.86000061035156,1386200
2018-01-19,12.7755708694458,96.3499984741211,96.98999786376953,95.6500015258789,95.7699966430664,1117400
2018-01-22,12.829936981201172,96.76000213623047,96.80000305175781,96.26000213623047,96.3499984741211,613200
2018-01-23,12.825958251953125,96.7300033569336,97.23999786376953,96.16000366210938,96.72000122070312,705100
2018-01-24,12.723857879638672,95.95999908447266,96.7300033569336,95.80999755859375,96.7300033569336,1050500
2018-01-25,12.688056945800781,95.69000244140625,96.16000366210938,95.44000244140625,96.08999633789062,1099000
2018-01-26,12.682754516601562,95.6500015258789,95.91999816894531,95.19000244140625,95.44999694824219,1156200
2018-01-29,15.522947311401367,117.06999969482422,126.6500015258789,116.91000366210938,126.58000183105469,24777100
2018-01-30,15.778858184814453,119.0,119.5,116.83000183105469,116.94999694824219,5333600
2018-01-31,15.825267791748047,119.3499984741211,120.48999786376953,118.91000366210938,119.2300033569336,5963400
2018-02-01,15.924710273742676,120.0999984741211,120.58000183105469,119.0999984741211,119.0999984741211,5438200
2018-02-02,15.740402221679688,118.70999908447266,119.94000244140625,118.70999908447266,119.55999755859375,4400500
2018-02-05,15.69001579284668,118.33000183105469,119.23999786376953,118.0199966430664,118.44999694824219,3820600
2018-02-06,15.692668914794922,118.3499984741211,119.58000183105469,117.48999786376953,117.5,4319800
2018-02-07,15.646263122558594,118.0,119.1500015258789,118.0,118.37999725341797,2981800
2018-02-08,15.504389762878418,116.93000030517578,118.4000015258789,116.93000030517578,118.22000122070312,3424000
2018-02-09,15.475215911865234,116.70999908447266,117.80000305175781,116.25,117.11000061035156,3014600
2018-02-12,15.479192733764648,116.73999786376953,117.66000366210938,116.5,116.94999694824219,2754500
2018-02-13,15.374441146850586,115.94999694824219,116.93000030517578,115.9000015258789,116.2699966430664,2692600
2018-02-14,15.236543655395508,114.91000366210938,116.63999938964844,114.79000091552734,115.76000213623047,2768800
2018-02-15,15.316096305847168,115.51000213623047,116.2300033569336,114.76000213623047,115.0,2145600
2018-02-16,15.264387130737305,115.12000274658203,116.5,114.80000305175781,115.1500015258789,2677200
2018-02-20,15.389028549194336,116.05999755859375,116.44000244140625,114.63999938964844,115.0999984741211,2065700
2018-02-21,15.298859596252441,115.37999725341797,116.48999786376953,115.37999725341797,115.79000091552734,1608700
2018-02-22,15.223284721374512,114.80999755859375,115.69000244140625,114.44999694824219,115.25,2699200
2018-02-23,15.297537803649902,115.37000274658203,115.5,114.91999816894531,115.13999938964844,2055100
2018-02-26,15.37576675415039,115.95999908447266,116.12000274658203,115.0999984741211,115.0999984741211,2097100
2018-02-27,15.420849800109863,116.30000305175781,116.30999755859375,115.19000244140625,116.08999633789062,1966400
2018-02-28,15.414216995239258,116.25,116.58999633789062,115.30999755859375,116.5,1690300
2018-03-01,15.439410209655762,116.44000244140625,116.70999908447266,115.38999938964844,116.0,1809300
2018-03-02,15.412890434265137,116.23999786376953,116.47000122070312,115.0,115.91000366210938,2608400
2018-03-05,15.369138717651367,115.91000366210938,116.30999755859375,115.33000183105469,116.22000122070312,1554400
2018-03-06,15.396985054016113,116.12000274658203,116.30000305175781,115.3499984741211,115.73999786376953,2049500
2018-03-07,15.420849800109863,116.30000305175781,116.72000122070312,115.63999938964844,115.72000122070312,2356000
2018-03-08,15.560076713562012,117.3499984741211,117.48999786376953,115.01000213623047,115.25,3831400
2018-03-09,15.63963794708252,117.94999694824219,118.44000244140625,116.80000305175781,117.44999694824219,1537300
2018-03-12,15.591900825500488,117.58999633789062,118.62000274658203,117.54000091552734,118.1500015258789,3486100
2018-03-13,15.599853515625,117.6500015258789,118.20999908447266,117.56999969482422,117.98999786376953,3976100
2018-03-14,15.621071815490723,117.80999755859375,118.12000274658203,117.36000061035156,117.55000305175781,2876700
2018-03-15,15.54946517944336,117.2699966430664,118.18000030517578,116.7699966430664,117.81999969482422,1408200
2018-03-16,15.593225479125977,117.5999984741211,118.0199966430664,116.83999633789062,117.5,1643900
2018-03-19,15.69399642944336,118.36000061035156,118.5,117.62000274658203,118.0,3178000
2018-03-20,15.776611328125,118.4000015258789,118.5,117.55999755859375,118.05000305175781,1479900
2018-03-21,15.723311424255371,118.0,118.41999816894531,117.73999786376953,118.25,992900
2018-03-22,15.725981712341309,118.0199966430664,118.2300033569336,117.5,117.79000091552734,1581700
2018-03-23,15.716646194458008,117.94999694824219,118.25,117.7300033569336,117.91999816894531,1370500
2018-03-26,15.779273986816406,118.41999816894531,118.5,117.94999694824219,118.2699966430664,596200
2018-03-27,15.760624885559082,118.27999877929688,118.3499984741211,117.8499984741211,118.2699966430664,1216700
2018-03-28,15.771282196044922,118.36000061035156,118.97000122070312,118.11000061035156,118.44000244140625,1137400
2018-03-29,15.773941993713379,118.37999725341797,118.9000015258789,118.19999694824219,118.5,1417800
2018-04-02,15.736631393432617,118.0999984741211,118.76000213623047,117.76000213623047,118.47000122070312,1231500
2018-04-03,15.748629570007324,118.19000244140625,118.47000122070312,117.68000030517578,118.08999633789062,1233500
2018-04-04,15.779273986816406,118.41999816894531,118.62999725341797,117.83000183105469,118.13999938964844,1072200
2018-04-05,15.809921264648438,118.6500015258789,118.88999938964844,118.12000274658203,118.4800033569336,882100
2018-04-06,15.803262710571289,118.5999984741211,119.19999694824219,118.29000091552734,118.54000091552734,904200
2018-04-09,15.92318058013916,119.5,120.25,118.41000366210938,118.58000183105469,2765700
2018-04-10,16.03510856628418,120.33999633789062,120.69999694824219,119.55999755859375,119.80000305175781,1489800
2018-04-11,16.0604305267334,120.52999877929688,120.8499984741211,119.7699966430664,120.0,906800
2018-04-12,16.08974838256836,120.75,120.98999786376953,120.26000213623047,120.8499984741211,640900
2018-04-13,16.09773826599121,120.80999755859375,121.16999816894531,120.33999633789062,120.75,1200500
2018-04-16,16.128389358520508,121.04000091552734,121.23999786376953,120.11000061035156,120.37000274658203,1233400
2018-04-17,16.07908058166504,120.66999816894531,121.19000244140625,120.19000244140625,121.06999969482422,1131300
2018-04-18,15.984472274780273,119.95999908447266,120.83000183105469,119.87999725341797,120.41000366210938,1162600
2018-04-19,16.048437118530273,120.44000244140625,120.55999755859375,119.06999969482422,119.6500015258789,1496400
2018-04-20,16.03244400024414,120.31999969482422,121.2699966430664,119.98999786376953,120.83999633789062,1611900
2018-04-23,15.973814964294434,119.87999725341797,120.73999786376953,119.86000061035156,120.56999969482422,702700
2018-04-24,15.829910278320312,118.80000305175781,120.2300033569336,118.76000213623047,120.02999877929688,1314700
2018-04-25,15.948506355285645,119.69000244140625,119.79000091552734,118.2300033569336,118.25,1624300
2018-04-26,15.96449089050293,119.80999755859375,120.13999938964844,118.9000015258789,119.44999694824219,1277600
2018-04-27,15.984472274780273,119.95999908447266,120.44999694824219,119.5,119.5,759100
2018-04-30,15.984472274780273,119.95999908447266,120.66000366210938,119.93000030517578,119.97000122070312,1477300
2018-05-01,16.004467010498047,120.11000061035156,120.26000213623047,119.30999755859375,119.6500015258789,684400
2018-05-02,15.907194137573242,119.37999725341797,119.91999816894531,119.16999816894531,119.91999816894531,1046700
2018-05-03,15.829910278320312,118.80000305175781,119.54000091552734,118.54000091552734,119.2300033569336,1405900
2018-05-04,15.817920684814453,118.70999908447266,119.27999877929688,118.61000061035156,118.73999786376953,743000
2018-05-07,15.868553161621094,119.08999633789062,119.38999938964844,118.55000305175781,118.55000305175781,746200
2018-05-08,15.917853355407715,119.45999908447266,119.4800033569336,117.51000213623047,117.7699966430664,825900
2018-05-09,15.979144096374512,119.91999816894531,120.30000305175781,119.13999938964844,119.3499984741211,591000
2018-05-10,15.937841415405273,119.61000061035156,119.91999816894531,118.8499984741211,119.91999816894531,905900
2018-05-11,15.90453052520752,119.36000061035156,120.1500015258789,119.20999908447266,119.62999725341797,1092300
2018-05-14,15.9498291015625,119.69999694824219,119.95999908447266,119.25,119.87999725341797,1210400
2018-05-15,15.905863761901855,119.37000274658203,119.69000244140625,118.91000366210938,119.55000305175781,891500
2018-05-16,15.860553741455078,119.02999877929688,119.62000274658203,119.0199966430664,119.27999877929688,748800
2018-05-17,15.907194137573242,119.37999725341797,119.6500015258789,118.66000366210938,119.4000015258789,628200
2018-05-18,15.919184684753418,119.47000122070312,119.58999633789062,119.05999755859375,119.4000015258789,987800
2018-05-21,15.953827857971191,119.7300033569336,119.94999694824219,119.27999877929688,119.45999908447266,445500
2018-05-22,15.976482391357422,119.9000015258789,120.25,119.62999725341797,119.69999694824219,798900
2018-05-23,16.021787643432617,120.23999786376953,120.66999816894531,119.68000030517578,119.95999908447266,1348000
2018-05-24,16.03911018371582,120.37000274658203,120.68000030517578,119.95999908447266,120.19000244140625,1040900
2018-05-25,16.03778076171875,120.36000061035156,120.75,120.2699966430664,120.2699966430664,558400
2018-05-29,15.975152015686035,119.88999938964844,120.55000305175781,119.52999877929688,120.05000305175781,513200
2018-05-30,16.07375717163086,120.62999725341797,121.0,119.76000213623047,119.76000213623047,977200
2018-05-31,15.896540641784668,119.30000305175781,120.48999786376953,118.75,120.2300033569336,2962000
2018-06-01,15.979144096374512,119.91999816894531,120.2300033569336,119.30000305175781,119.94000244140625,670900
2018-06-04,16.017789840698242,120.20999908447266,120.25,119.37000274658203,119.93000030517578,561300
2018-06-05,16.005800247192383,120.12000274658203,120.1500015258789,119.58000183105469,120.08000183105469,578600
2018-06-06,16.024456024169922,120.26000213623047,120.26000213623047,119.75,119.9000015258789,613300
2018-06-07,16.017789840698242,120.20999908447266,120.33999633789062,119.8499984741211,119.94999694824219,1024200
2018-06-08,16.059099197387695,120.5199966430664,120.73999786376953,120.08000183105469,120.25,772100
2018-06-11,16.06842613220215,120.58999633789062,120.69999694824219,120.04000091552734,120.51000213623047,1725200
2018-06-12,16.09507942199707,120.79000091552734,120.91999816894531,120.25,120.54000091552734,1271600
2018-06-13,16.055095672607422,120.48999786376953,120.86000061035156,120.48999786376953,120.79000091552734,1170400
2018-06-14,16.07375717163086,120.62999725341797,120.87999725341797,119.98999786376953,120.33000183105469,1520700
2018-06-15,16.189682006835938,121.5,121.62000274658203,120.0999984741211,120.62000274658203,1798800
2018-06-18,16.229656219482422,121.80000305175781,121.97000122070312,121.05000305175781,121.19999694824219,888000
2018-06-19,16.22832489013672,121.79000091552734,121.9000015258789,120.41000366210938,120.6500015258789,1682600
2018-06-20,16.256305694580078,122.0,122.01000213623047,121.16999816894531,121.45999908447266,3205200
2018-06-21,16.276296615600586,122.1500015258789,122.5,121.94000244140625,122.38999938964844,1538900
2018-06-22,16.305606842041016,122.37000274658203,124.11000061035156,121.87000274658203,122.08000183105469,3217200
2018-06-25,16.245641708374023,121.91999816894531,122.44999694824219,121.8499984741211,121.95999908447266,2045000
2018-06-26,16.024456024169922,120.26000213623047,121.38999938964844,120.13999938964844,121.30000305175781,8622700
2018-06-27,15.90986156463623,119.4000015258789,120.22000122070312,119.11000061035156,120.0999984741211,7416000
2018-06-28,15.98980712890625,120.0,120.52999877929688,118.81999969482422,119.41000366210938,8349900
2018-06-29,16.256305694580078,122.0,122.5999984741211,119.75,120.0,35327600
2018-07-02,16.480159759521484,123.68000030517578,123.75,121.31999969482422,121.31999969482422,5890300
2018-07-03,16.418867111206055,123.22000122070312,123.62999725341797,122.5999984741211,123.62999725341797,2394800
2018-07-05,16.497480392456055,123.80999755859375,123.97000122070312,123.01000213623047,123.25,5845800
2018-07-06,16.378894805908203,122.91999816894531,124.36000061035156,122.54000091552734,123.94999694824219,21284300
2018-07-09,16.477497100830078,123.66000366210938,123.7699966430664,122.43000030517578,123.36000061035156,5536500
2018-07-10,18.364421844482422,22.190000534057617,22.389999389648438,20.459999084472656,20.5,23632300
2018-07-11,19.862369537353516,24.0,24.399999618530273,21.850000381469727,21.850000381469727,27790000
2018-07-12,20.689971923828125,25.0,25.25,24.040000915527344,24.049999237060547,12286100
2018-07-13,20.06927490234375,24.25,24.950000762939453,23.829999923706055,24.860000610351562,9054000
2018-07-16,20.524452209472656,24.799999237060547,25.0,24.559999465942383,24.829999923706055,9641300
2018-07-17,20.65686798095703,24.959999084472656,25.079999923706055,24.770000457763672,24.899999618530273,4252800
2018-07-18,20.516176223754883,24.790000915527344,25.030000686645508,24.530000686645508,25.030000686645508,6206800
2018-07-19,20.21824073791504,24.43000030517578,24.790000915527344,24.229999542236328,24.770000457763672,4559300
2018-07-20,20.3341007232666,24.56999969482422,24.809999465942383,24.34000015258789,24.75,6106800
2018-07-23,20.094099044799805,24.280000686645508,24.860000610351562,24.260000228881836,24.600000381469727,3204200
2018-07-24,20.118928909301758,24.309999465942383,24.440000534057617,24.170000076293945,24.329999923706055,3491000
2018-07-25,20.135482788085938,24.329999923706055,24.729999542236328,24.329999923706055,24.639999389648438,4131500
2018-07-26,20.2927188873291,24.520000457763672,24.719999313354492,24.360000610351562,24.459999084472656,2595900
2018-07-27,19.99478530883789,24.15999984741211,24.479999542236328,24.059999465942383,24.450000762939453,2101900
2018-07-30,19.854095458984375,23.989999771118164,24.299999237060547,23.969999313354492,24.200000762939453,2445300
2018-07-31,19.870643615722656,24.010000228881836,24.06999969482422,23.809999465942383,23.959999084472656,2242700
2018-08-01,20.027891159057617,24.200000762939453,24.329999923706055,23.8799991607666,24.06999969482422,2317900
2018-08-02,19.771331787109375,23.889999389648438,24.3700008392334,23.860000610351562,24.280000686645508,1716400
2018-08-03,19.895477294921875,24.040000915527344,24.15999984741211,23.809999465942383,24.030000686645508,2762100
2018-08-06,19.804441452026367,23.93000030517578,24.15999984741211,23.84000015258789,24.15999984741211,1560000
2018-08-07,19.746509552001953,23.860000610351562,23.899999618530273,23.709999084472656,23.899999618530273,1825000
2018-08-08,19.589262008666992,23.670000076293945,24.389999389648438,23.649999618530273,24.010000228881836,2592600
2018-08-09,19.754785537719727,23.8700008392334,23.969999313354492,23.600000381469727,23.770000457763672,2463900
2018-08-10,19.61408805847168,23.700000762939453,23.850000381469727,23.600000381469727,23.850000381469727,1229300
2018-08-13,19.663747787475586,23.760000228881836,23.989999771118164,23.709999084472656,23.8700008392334,1911500
2018-08-14,19.53960609436035,23.610000610351562,23.739999771118164,23.360000610351562,23.399999618530273,2982500
2018-08-15,19.324432373046875,23.350000381469727,23.59000015258789,23.299999237060547,23.5,2984100
2018-08-16,19.523054122924805,23.59000015258789,23.670000076293945,23.399999618530273,23.450000762939453,2637700
2018-08-17,19.556161880493164,23.6299991607666,23.639999389648438,23.34000015258789,23.479999542236328,2071000
2018-08-20,19.324432373046875,23.350000381469727,23.639999389648438,23.31999969482422,23.459999084472656,4296500
2018-08-21,19.034772872924805,23.0,23.469999313354492,22.899999618530273,23.43000030517578,2026700
2018-08-22,19.134084701538086,23.1200008392334,23.40999984741211,22.90999984741211,23.020000457763672,2440200
2018-08-23,19.20029640197754,23.200000762939453,23.459999084472656,23.15999984741211,23.239999771118164,1964700
2018-08-24,19.3575382232666,23.389999389648438,23.440000534057617,23.270000457763672,23.440000534057617,1827500
2018-08-27,19.117530822753906,23.100000381469727,23.389999389648438,23.079999923706055,23.309999465942383,1608300
2018-08-28,18.985116958618164,22.940000534057617,23.18000030517578,22.760000228881836,23.1299991607666,1886300
2018-08-29,18.869258880615234,22.799999237060547,23.030000686645508,22.75,22.90999984741211,2046200
2018-08-30,19.034772872924805,23.0,23.239999771118164,22.920000076293945,23.0,2271800
2018-08-31,18.869258880615234,22.799999237060547,23.100000381469727,22.739999771118164,23.040000915527344,1944100
2018-09-04,18.7451114654541,22.649999618530273,23.110000610351562,22.639999389648438,22.790000915527344,3779700
2018-09-05,18.993391036987305,22.950000762939453,23.170000076293945,22.510000228881836,22.610000610351562,5158000
2018-09-06,19.0264949798584,22.989999771118164,23.09000015258789,22.799999237060547,23.059999465942383,2657100
2018-09-07,18.935466766357422,22.8799991607666,22.989999771118164,22.770000457763672,22.860000610351562,3191200
2018-09-10,19.117530822753906,23.100000381469727,23.229999542236328,22.889999389648438,22.899999618530273,2848700
2018-09-11,19.18373680114746,23.18000030517578,23.200000762939453,23.010000228881836,23.100000381469727,2151500
2018-09-12,19.870643615722656,24.010000228881836,24.010000228881836,23.229999542236328,23.260000228881836,3682800
2018-09-13,19.969955444335938,24.1299991607666,24.139999389648438,23.770000457763672,23.950000762939453,1927000
2018-09-14,20.251340866088867,24.469999313354492,24.469999313354492,24.079999923706055,24.1299991607666,2309500
2018-09-17,19.481678009033203,23.540000915527344,24.399999618530273,23.5,24.3799991607666,2580000
2018-09-18,19.48995018005371,23.549999237060547,23.709999084472656,23.479999542236328,23.530000686645508,2272200
2018-09-19,19.498231887817383,23.559999465942383,23.670000076293945,23.450000762939453,23.65999984741211,1775200
2018-09-20,19.57271385192871,23.649999618530273,23.889999389648438,23.420000076293945,23.510000228881836,2287400
2018-09-21,19.69685173034668,23.799999237060547,23.860000610351562,23.56999969482422,23.65999984741211,3111400
2018-09-24,19.481678009033203,23.540000915527344,23.739999771118164,23.420000076293945,23.739999771118164,1799600
2018-09-25,19.47340202331543,23.530000686645508,23.600000381469727,23.270000457763672,23.549999237060547,1956200
2018-09-26,19.390640258789062,23.43000030517578,23.6200008392334,23.360000610351562,23.59000015258789,1946000
2018-09-27,19.125810623168945,23.110000610351562,23.3799991607666,23.079999923706055,23.350000381469727,1198100
2018-09-28,19.17547035217285,23.170000076293945,23.239999771118164,23.059999465942383,23.1299991607666,1780900
2018-10-01,19.117530822753906,23.100000381469727,23.350000381469727,22.850000381469727,23.290000915527344,1944400
2018-10-02,18.894081115722656,22.829999923706055,23.049999237060547,22.770000457763672,22.979999542236328,1512000
2018-10-03,18.894081115722656,22.829999923706055,22.90999984741211,22.719999313354492,22.799999237060547,2151400
2018-10-04,18.65248680114746,22.389999389648438,22.700000762939453,22.329999923706055,22.68000030517578,1363300
2018-10-05,18.544189453125,22.260000228881836,22.440000534057617,22.190000534057617,22.350000381469727,1706200
2018-10-08,18.794113159179688,22.559999465942383,22.59000015258789,22.270000457763672,22.329999923706055,1331400
2018-10-09,19.127344131469727,22.959999084472656,22.979999542236328,22.389999389648438,22.40999984741211,2424900
2018-10-10,19.593860626220703,23.520000457763672,23.579999923706055,22.90999984741211,23.1200008392334,5209800
2018-10-11,18.985721588134766,22.790000915527344,23.489999771118164,22.610000610351562,23.489999771118164,3775900
2018-10-12,19.193984985351562,23.040000915527344,23.149999618530273,22.510000228881836,22.8700008392334,3044800
2018-10-15,19.418914794921875,23.309999465942383,23.40999984741211,22.979999542236328,23.09000015258789,1533500
2018-10-16,19.902095794677734,23.889999389648438,24.079999923706055,23.280000686645508,23.420000076293945,1822600
2018-10-17,19.9354248046875,23.93000030517578,24.059999465942383,23.770000457763672,23.8700008392334,1674800
2018-10-18,19.827117919921875,23.799999237060547,24.040000915527344,23.459999084472656,23.899999618530273,2011600
2018-10-19,20.060380935668945,24.079999923706055,24.170000076293945,23.760000228881836,23.760000228881836,4712300
2018-10-22,19.92708969116211,23.920000076293945,24.15999984741211,23.75,24.139999389648438,3581300
2018-10-23,19.77713966369629,23.739999771118164,23.989999771118164,22.950000762939453,23.700000762939453,3167700
2018-10-24,19.9354248046875,23.93000030517578,23.93000030517578,23.450000762939453,23.610000610351562,3880900
2018-10-25,20.035388946533203,24.049999237060547,24.100000381469727,23.639999389648438,23.93000030517578,2300100
2018-10-26,20.077045440673828,24.100000381469727,24.100000381469727,23.579999923706055,23.969999313354492,2262000
2018-10-29,20.218669891357422,24.270000457763672,24.700000762939453,23.979999542236328,24.139999389648438,2594500
2018-10-30,20.485254287719727,24.59000015258789,24.690000534057617,24.290000915527344,24.420000076293945,1904300
2018-10-31,21.65987777709961,26.0,26.600000381469727,25.079999923706055,25.579999923706055,11044600
2018-11-01,22.09307861328125,26.520000457763672,26.709999084472656,25.860000610351562,26.149999618530273,5373200
2018-11-02,22.201377868652344,26.649999618530273,26.75,26.350000381469727,26.479999542236328,6048600
2018-11-05,22.201377868652344,26.649999618530273,26.950000762939453,26.469999313354492,26.739999771118164,4898000
2018-11-06,22.667898178100586,27.209999084472656,27.25,26.56999969482422,26.6299991607666,3036200
2018-11-07,23.017789840698242,27.6299991607666,27.780000686645508,27.239999771118164,27.34000015258789,2792300
2018-11-08,23.717571258544922,28.469999313354492,28.809999465942383,27.360000610351562,27.920000076293945,4561600
2018-11-09,23.759225845336914,28.520000457763672,28.59000015258789,28.110000610351562,28.329999923706055,1954100
2018-11-12,23.750890731811523,28.510000228881836,28.709999084472656,28.280000686645508,28.420000076293945,3220900
2018-11-13,23.267711639404297,27.93000030517578,28.670000076293945,27.81999969482422,28.559999465942383,2648600
2018-11-14,23.12608528137207,27.760000228881836,28.420000076293945,27.3700008392334,28.31999969482422,8637400
2018-11-15,22.942811965942383,27.540000915527344,27.639999389648438,27.229999542236328,27.639999389648438,3051200
2018-11-16,23.084430694580078,27.709999084472656,27.790000915527344,27.260000228881836,27.40999984741211,1766000
2018-11-19,22.8595027923584,27.440000534057617,27.719999313354492,27.31999969482422,27.65999984741211,2994000
2018-11-20,21.918134689331055,26.309999465942383,27.290000915527344,26.299999237060547,27.280000686645508,2489600
2018-11-21,21.79317283630371,26.15999984741211,26.299999237060547,25.649999618530273,26.270000457763672,5582000
2018-11-23,22.109739303588867,26.540000915527344,26.6299991607666,26.190000534057617,26.420000076293945,893400
2018-11-26,22.22637176513672,26.68000030517578,26.799999237060547,26.3799991607666,26.540000915527344,1904300
2018-11-27,21.743192672729492,26.100000381469727,26.59000015258789,25.84000015258789,26.579999923706055,4212900
2018-11-28,22.201377868652344,26.649999618530273,26.65999984741211,26.200000762939453,26.229999542236328,3360800
2018-11-29,22.476289749145508,26.979999542236328,27.0,26.65999984741211,26.889999389648438,3333700
2018-11-30,22.492952346801758,27.0,27.079999923706055,26.8799991607666,26.959999084472656,1205100
2018-12-03,21.95145606994629,26.350000381469727,26.850000381469727,25.84000015258789,26.75,4443300
2018-12-04,22.034759521484375,26.450000762939453,27.059999465942383,26.15999984741211,26.5,6964500
2018-12-06,21.64321517944336,25.979999542236328,26.25,25.309999465942383,26.25,4286300
2018-12-07,21.909799575805664,26.299999237060547,26.5,25.969999313354492,26.25,4341100
2018-12-10,21.618228912353516,25.950000762939453,26.239999771118164,25.56999969482422,26.239999771118164,3079000
2018-12-11,21.901473999023438,26.290000915527344,26.360000610351562,25.959999084472656,26.0,3124600
2018-12-12,21.759849548339844,26.1200008392334,26.5,26.079999923706055,26.5,3105300
2018-12-13,21.78483772277832,26.149999618530273,26.34000015258789,25.959999084472656,26.219999313354492,2643100
2018-12-14,21.593236923217773,25.920000076293945,26.100000381469727,25.829999923706055,25.959999084472656,2510500
2018-12-17,21.0267391204834,25.239999771118164,25.899999618530273,25.110000610351562,25.790000915527344,5128900
2018-12-18,20.526899337768555,24.639999389648438,25.299999237060547,24.520000457763672,25.229999542236328,5475400
2018-12-19,20.910120010375977,25.100000381469727,25.450000762939453,24.690000534057617,24.690000534057617,5015800
2018-12-20,21.11838722229004,25.350000381469727,25.510000228881836,24.8799991607666,25.1299991607666,5320300
2018-12-21,20.926776885986328,25.1200008392334,25.969999313354492,25.059999465942383,25.329999923706055,5423900
2018-12-24,20.535226821899414,24.649999618530273,25.190000534057617,24.540000915527344,25.100000381469727,3477200
2018-12-26,21.33498191833496,25.610000610351562,25.610000610351562,24.670000076293945,24.670000076293945,2549500
2018-12-27,21.218358993530273,25.469999313354492,25.469999313354492,24.780000686645508,25.399999618530273,2982700
2018-12-28,21.168367385864258,25.40999984741211,25.68000030517578,25.139999389648438,25.59000015258789,2672000
2018-12-31,21.359968185424805,25.639999389648438,25.760000228881836,25.209999084472656,25.459999084472656,1927800
2019-01-02,21.0600643157959,25.280000686645508,25.459999084472656,24.860000610351562,25.280000686645508,3318500
2019-01-03,20.98464584350586,25.040000915527344,25.469999313354492,24.920000076293945,25.079999923706055,2335300
2019-01-04,21.420427322387695,25.559999465942383,25.610000610351562,25.020000457763672,25.139999389648438,3359300
2019-01-07,21.6885986328125,25.8799991607666,26.0,25.510000228881836,25.59000015258789,2073600
2019-01-08,21.696983337402344,25.889999389648438,26.229999542236328,25.729999542236328,26.1299991607666,3663900
2019-01-09,22.183046340942383,26.469999313354492,26.639999389648438,26.110000610351562,26.110000610351562,4835300
2019-01-10,22.023818969726562,26.280000686645508,26.56999969482422,26.219999313354492,26.489999771118164,2049100
2019-01-11,22.627206802368164,27.0,27.0,26.3700008392334,26.420000076293945,3711700
2019-01-14,22.082483291625977,26.350000381469727,26.989999771118164,26.139999389648438,26.989999771118164,2834400
2019-01-15,22.26685333251953,26.56999969482422,26.610000610351562,26.030000686645508,26.389999389648438,2261200
2019-01-16,22.01543426513672,26.270000457763672,26.56999969482422,25.979999542236328,26.56999969482422,2893800
2019-01-17,22.023818969726562,26.280000686645508,26.540000915527344,26.1200008392334,26.280000686645508,2073100
2019-01-18,22.350658416748047,26.670000076293945,26.690000534057617,26.399999618530273,26.399999618530273,2265000
2019-01-22,22.25008773803711,26.549999237060547,26.600000381469727,26.34000015258789,26.489999771118164,2253400
2019-01-23,22.216569900512695,26.510000228881836,26.65999984741211,26.420000076293945,26.56999969482422,1877500
2019-01-24,22.099241256713867,26.3700008392334,26.540000915527344,26.299999237060547,26.399999618530273,1951200
2019-01-25,22.04058265686035,26.299999237060547,26.510000228881836,26.209999084472656,26.360000610351562,1348900
2019-01-28,22.04058265686035,26.299999237060547,26.299999237060547,25.940000534057617,26.270000457763672,1633600
2019-01-29,22.183046340942383,26.469999313354492,26.510000228881836,26.219999313354492,26.270000457763672,1666100
2019-01-30,22.275236129760742,26.579999923706055,26.719999313354492,26.34000015258789,26.440000534057617,1952600
2019-01-31,22.81158447265625,27.219999313354492,27.329999923706055,26.579999923706055,26.709999084472656,3902700
2019-02-01,22.803203582763672,27.209999084472656,27.450000762939453,27.040000915527344,27.31999969482422,1802200
2019-02-04,22.76968002319336,27.170000076293945,27.3700008392334,27.100000381469727,27.270000457763672,1713300
2019-02-05,22.71939468383789,27.110000610351562,27.25,27.010000228881836,27.170000076293945,1217100
2019-02-06,22.7277774810791,27.1200008392334,27.229999542236328,27.010000228881836,27.139999389648438,1174000
2019-02-07,22.76968002319336,27.170000076293945,27.209999084472656,27.010000228881836,27.010000228881836,1374600
2019-02-08,23.2808895111084,27.780000686645508,27.790000915527344,27.030000686645508,27.1299991607666,1827100
2019-02-11,23.616106033325195,28.18000030517578,28.18000030517578,27.700000762939453,27.75,2492600
2019-02-12,23.7166690826416,28.299999237060547,28.43000030517578,28.110000610351562,28.1299991607666,2244500
2019-02-13,23.81723403930664,28.420000076293945,28.5,28.239999771118164,28.5,1608400
2019-02-14,23.40659523010254,27.93000030517578,28.459999084472656,27.81999969482422,28.209999084472656,3400700
2019-02-15,23.66638946533203,28.239999771118164,28.260000228881836,27.969999313354492,28.049999237060547,1298100
2019-02-19,23.60772132873535,28.170000076293945,28.3700008392334,28.100000381469727,28.260000228881836,1719000
2019-02-20,23.60772132873535,28.170000076293945,28.299999237060547,28.1200008392334,28.1200008392334,1431500
2019-02-21,23.60772132873535,28.170000076293945,28.329999923706055,27.989999771118164,28.219999313354492,1375000
2019-02-22,23.02947425842285,27.479999542236328,28.010000228881836,27.049999237060547,28.010000228881836,3243600
2019-02-25,22.627206802368164,27.0,27.510000228881836,26.739999771118164,27.489999771118164,2339100
2019-02-26,22.25008773803711,26.549999237060547,27.0,26.510000228881836,26.93000030517578,2745600
2019-02-27,22.57693862915039,26.940000534057617,26.950000762939453,26.469999313354492,26.5,3914300
2019-02-28,21.076826095581055,25.149999618530273,26.0,25.049999237060547,25.649999618530273,7972800
2019-03-01,21.789165496826172,26.0,26.030000686645508,25.1299991607666,25.5,6617500
2019-03-04,21.831064224243164,26.049999237060547,26.110000610351562,25.780000686645508,25.8700008392334,3979000
2019-03-05,21.789165496826172,26.0,26.139999389648438,25.93000030517578,26.0,2575200
2019-03-06,22.216569900512695,26.510000228881836,26.65999984741211,26.1200008392334,26.40999984741211,3637900
2019-03-07,22.241710662841797,26.540000915527344,26.979999542236328,26.260000228881836,26.5,3173900
2019-03-08,22.124391555786133,26.399999618530273,26.56999969482422,26.239999771118164,26.399999618530273,2509300
2019-03-11,22.526643753051758,26.8799991607666,26.950000762939453,26.40999984741211,26.479999542236328,2446700
2019-03-12,22.819961547851562,27.229999542236328,27.239999771118164,26.979999542236328,27.139999389648438,2031800
2019-03-13,22.912141799926758,27.34000015258789,27.420000076293945,27.09000015258789,27.229999542236328,2733400
2019-03-14,22.93729019165039,27.3700008392334,27.5,27.170000076293945,27.360000610351562,2604600
2019-03-15,23.197080612182617,27.68000030517578,27.75,27.3799991607666,27.450000762939453,3325300
2019-03-18,23.322792053222656,27.829999923706055,27.940000534057617,27.549999237060547,27.850000381469727,3089600
2019-03-19,23.046236038208008,27.5,28.09000015258789,27.3700008392334,27.860000610351562,3206000
2019-03-20,23.264127731323242,27.760000228881836,27.920000076293945,27.25,27.440000534057617,2444800
2019-03-21,23.498779296875,28.040000915527344,28.059999465942383,27.670000076293945,27.709999084472656,1378000
2019-03-22,23.22222137451172,27.709999084472656,28.149999618530273,27.700000762939453,27.979999542236328,1868600
2019-03-25,23.306028366088867,27.809999465942383,27.959999084472656,27.600000381469727,27.600000381469727,1916200
2019-03-26,23.590967178344727,28.149999618530273,28.25,27.860000610351562,27.93000030517578,1562900
2019-03-27,23.39821434020996,27.920000076293945,28.239999771118164,27.75,28.09000015258789,1591100
2019-03-28,23.440109252929688,27.969999313354492,28.1299991607666,27.860000610351562,27.940000534057617,1329300
2019-03-29,23.440109252929688,27.969999313354492,28.170000076293945,27.770000457763672,28.0,1700300
2019-04-01,23.213850021362305,27.700000762939453,28.0,27.489999771118164,27.979999542236328,2079900
2019-04-02,22.93729019165039,27.3700008392334,27.770000457763672,27.329999923706055,27.729999542236328,2041000
2019-04-03,23.130041122436523,27.600000381469727,27.75,26.959999084472656,27.260000228881836,2861500
2019-04-04,22.969945907592773,27.260000228881836,27.540000915527344,27.239999771118164,27.510000228881836,1695500
2019-04-05,23.01207160949707,27.309999465942383,27.649999618530273,27.229999542236328,27.3799991607666,1856800
2019-04-08,23.264854431152344,27.610000610351562,27.670000076293945,27.229999542236328,27.260000228881836,2079500
2019-04-09,23.32384490966797,27.68000030517578,27.799999237060547,27.469999313354492,27.520000457763672,2267300
2019-04-10,23.644041061401367,28.059999465942383,28.18000030517578,27.68000030517578,27.68000030517578,2649400
2019-04-11,22.64131736755371,26.8700008392334,27.299999237060547,26.59000015258789,27.100000381469727,6502800
2019-04-12,22.337974548339844,26.510000228881836,26.860000610351562,26.420000076293945,26.790000915527344,2590500
2019-04-15,22.371675491333008,26.549999237060547,26.700000762939453,26.40999984741211,26.5,1838200
2019-04-16,22.26213836669922,26.420000076293945,26.68000030517578,26.280000686645508,26.59000015258789,1216200
2019-04-17,22.110469818115234,26.239999771118164,26.56999969482422,26.190000534057617,26.43000030517578,1049500
2019-04-18,22.42223358154297,26.610000610351562,26.6200008392334,26.09000015258789,26.3700008392334,1450400
2019-04-22,22.624465942382812,26.850000381469727,26.8799991607666,26.479999542236328,26.540000915527344,1714200
2019-04-23,23.0457820892334,27.350000381469727,27.3700008392334,26.90999984741211,26.950000762939453,4397500
2019-04-24,23.172168731689453,27.5,27.959999084472656,27.290000915527344,27.389999389648438,5140400
2019-04-25,23.306987762451172,27.65999984741211,27.709999084472656,27.06999969482422,27.350000381469727,2083200
2019-04-26,24.04007339477539,28.530000686645508,28.59000015258789,27.649999618530273,27.700000762939453,2184200
2019-04-29,24.107484817504883,28.610000610351562,28.760000228881836,28.3799991607666,28.5,2206600
2019-04-30,24.49509620666504,29.06999969482422,29.1299991607666,28.520000457763672,28.600000381469727,2523300
2019-05-01,23.989521026611328,28.469999313354492,29.049999237060547,28.450000762939453,29.049999237060547,1621100
2019-05-02,24.393980026245117,28.950000762939453,28.969999313354492,28.350000381469727,28.350000381469727,1888000
2019-05-03,24.478239059448242,29.049999237060547,29.15999984741211,28.90999984741211,29.059999465942383,2209100
2019-05-06,24.80686378479004,29.440000534057617,29.489999771118164,28.770000457763672,28.809999465942383,1520800
2019-05-07,24.486665725708008,29.059999465942383,29.329999923706055,28.899999618530273,29.239999771118164,2820300
2019-05-08,24.52879524230957,29.110000610351562,29.399999618530273,28.950000762939453,29.170000076293945,3181900
2019-05-09,23.82942008972168,28.280000686645508,29.739999771118164,27.8700008392334,29.510000228881836,2965600
2019-05-10,24.781579971313477,29.40999984741211,29.43000030517578,28.010000228881836,28.049999237060547,2598200
2019-05-13,24.680465698242188,29.290000915527344,29.420000076293945,29.040000915527344,29.190000534057617,2827500
2019-05-14,24.933256149291992,29.59000015258789,29.739999771118164,29.209999084472656,29.309999465942383,3235500
2019-05-15,24.891124725341797,29.540000915527344,29.760000228881836,29.420000076293945,29.5,1500600
2019-05-16,24.09906005859375,28.600000381469727,29.459999084472656,28.399999618530273,29.350000381469727,3464200
2019-05-17,24.65518569946289,29.260000228881836,29.479999542236328,28.549999237060547,28.649999618530273,2071100
2019-05-20,24.5625,29.149999618530273,29.3700008392334,28.969999313354492,29.3700008392334,1656600
2019-05-21,24.49509620666504,29.06999969482422,29.329999923706055,29.049999237060547,29.260000228881836,1828700
2019-05-22,24.53722381591797,29.1200008392334,29.190000534057617,28.920000076293945,29.0,1979900
2019-05-23,24.393980026245117,28.950000762939453,29.209999084472656,28.809999465942383,29.100000381469727,1883300
2019-05-24,24.613056182861328,29.209999084472656,29.40999984741211,28.90999984741211,29.0,2209800
2019-05-28,24.301286697387695,28.84000015258789,29.329999923706055,28.780000686645508,29.219999313354492,2253600
2019-05-29,23.95581817626953,28.43000030517578,28.670000076293945,28.09000015258789,28.639999389648438,2220900
2019-05-30,23.90525245666504,28.3700008392334,28.56999969482422,28.270000457763672,28.469999313354492,1437600
2019-05-31,23.753585815429688,28.190000534057617,28.360000610351562,27.93000030517578,28.100000381469727,1376300
2019-06-03,23.753585815429688,28.190000534057617,28.309999465942383,27.969999313354492,28.280000686645508,1682500
2019-06-04,23.652469635009766,28.06999969482422,28.43000030517578,27.920000076293945,28.309999465942383,2152700
2019-06-05,23.896825790405273,28.360000610351562,28.559999465942383,28.139999389648438,28.200000762939453,1682900
2019-06-06,23.896825790405273,28.360000610351562,28.540000915527344,28.219999313354492,28.3799991607666,1348900
2019-06-07,23.879972457885742,28.34000015258789,28.700000762939453,28.309999465942383,28.489999771118164,1711900
2019-06-10,24.11590576171875,28.6200008392334,28.649999618530273,28.299999237060547,28.479999542236328,2903300
2019-06-11,23.871551513671875,28.329999923706055,28.739999771118164,27.989999771118164,28.649999618530273,2093600
2019-06-12,23.997941970825195,28.479999542236328,28.690000534057617,28.360000610351562,28.360000610351562,2015100
2019-06-13,24.11590576171875,28.6200008392334,28.75,28.3700008392334,28.520000457763672,2142800
2019-06-14,24.124338150024414,28.6299991607666,28.81999969482422,28.479999542236328,28.610000610351562,1759400
2019-06-17,25.312442779541016,30.040000915527344,30.049999237060547,29.239999771118164,29.389999389648438,3330200
2019-06-18,25.33771514892578,30.06999969482422,30.18000030517578,29.6299991607666,30.1200008392334,3011100
2019-06-19,25.64105987548828,30.43000030517578,30.530000686645508,29.809999465942383,29.940000534057617,2073200
2019-06-20,26.045516967773438,30.90999984741211,30.989999771118164,30.56999969482422,30.6200008392334,5354600
2019-06-21,25.82643699645996,30.649999618530273,31.059999465942383,30.110000610351562,30.889999389648438,4805500
2019-06-24,25.253454208374023,29.969999313354492,30.670000076293945,29.549999237060547,30.670000076293945,5406600
2019-06-25,24.916404724121094,29.56999969482422,30.06999969482422,29.420000076293945,29.969999313354492,4426700
2019-06-26,24.23387908935547,28.760000228881836,29.760000228881836,28.56999969482422,29.639999389648438,3861500
2019-06-27,24.16646385192871,28.68000030517578,28.81999969482422,28.31999969482422,28.81999969482422,3907600
2019-06-28,24.351842880249023,28.899999618530273,29.059999465942383,28.579999923706055,28.75,7595800
2019-07-01,24.8405704498291,29.479999542236328,29.559999465942383,28.979999542236328,29.1200008392334,4028800
2019-07-02,25.076507568359375,29.760000228881836,29.829999923706055,29.329999923706055,29.549999237060547,2213500
2019-07-03,25.576168060302734,30.200000762939453,30.270000457763672,29.729999542236328,29.729999542236328,1755700
2019-07-05,25.474538803100586,30.079999923706055,30.200000762939453,29.8700008392334,30.079999923706055,2629900
2019-07-08,25.33904266357422,29.920000076293945,30.0,29.829999923706055,29.979999542236328,1582600
2019-07-09,24.890186309814453,29.389999389648438,29.920000076293945,29.31999969482422,29.81999969482422,1600300
2019-07-10,24.695398330688477,29.15999984741211,29.549999237060547,29.149999618530273,29.479999542236328,1977800
2019-07-11,24.593772888183594,29.040000915527344,29.270000457763672,28.920000076293945,29.209999084472656,1323800
2019-07-12,24.331235885620117,28.729999542236328,29.049999237060547,28.670000076293945,29.020000457763672,1520800
2019-07-15,24.13644790649414,28.5,28.940000534057617,28.459999084472656,28.81999969482422,2635700
2019-07-16,23.95860481262207,28.290000915527344,28.639999389648438,28.170000076293945,28.549999237060547,2930500
2019-07-17,23.696067810058594,27.979999542236328,28.440000534057617,27.920000076293945,28.209999084472656,2425700
2019-07-18,23.687591552734375,27.969999313354492,28.09000015258789,27.399999618530273,28.020000457763672,4194700
2019-07-19,23.399656295776367,27.6299991607666,28.06999969482422,27.610000610351562,27.889999389648438,2062000
2019-07-22,23.382713317871094,27.610000610351562,27.8700008392334,27.56999969482422,27.649999618530273,2053800
2019-07-23,23.475873947143555,27.719999313354492,28.209999084472656,27.520000457763672,28.030000686645508,2657800
2019-07-24,23.509748458862305,27.760000228881836,27.93000030517578,27.540000915527344,27.6200008392334,3120000
2019-07-25,23.721473693847656,28.010000228881836,28.170000076293945,27.649999618530273,27.649999618530273,2650900
2019-07-26,23.797700881958008,28.100000381469727,28.299999237060547,28.030000686645508,28.139999389648438,1498600
2019-07-29,23.7130069732666,28.0,28.15999984741211,27.90999984741211,28.079999923706055,1295800
2019-07-30,23.882383346557617,28.200000762939453,28.290000915527344,27.860000610351562,27.8700008392334,2655600
2019-07-31,23.831573486328125,28.139999389648438,28.40999984741211,27.860000610351562,28.200000762939453,2331300
2019-08-01,23.84003448486328,28.149999618530273,28.549999237060547,28.020000457763672,28.190000534057617,1753400
2019-08-02,23.797700881958008,28.100000381469727,28.270000457763672,27.959999084472656,28.15999984741211,2398400
2019-08-05,23.67066192626953,27.950000762939453,28.15999984741211,27.6299991607666,27.90999984741211,5014900
2019-08-06,23.58597183227539,27.850000381469727,28.139999389648438,27.649999618530273,28.049999237060547,2589600
2019-08-07,23.382713317871094,27.610000610351562,27.780000686645508,27.360000610351562,27.700000762939453,5573800
2019-08-08,24.585309982299805,29.030000686645508,29.229999542236328,27.610000610351562,28.25,3312800
2019-08-09,24.63612174987793,29.09000015258789,29.59000015258789,28.860000610351562,28.979999542236328,2328300
2019-08-12,24.238075256347656,28.6200008392334,29.1200008392334,28.489999771118164,29.059999465942383,2378200
2019-08-13,24.111047744750977,28.469999313354492,28.90999984741211,28.34000015258789,28.549999237060547,2133100
2019-08-14,23.2218074798584,27.420000076293945,28.610000610351562,27.40999984741211,28.59000015258789,2283200
2019-08-15,23.57750129699707,27.84000015258789,28.010000228881836,27.510000228881836,27.559999465942383,2597000
2019-08-16,23.721473693847656,28.010000228881836,28.049999237060547,27.68000030517578,27.989999771118164,1628700
2019-08-19,23.67066192626953,27.950000762939453,28.25,27.93000030517578,28.079999923706055,3018700
2019-08-20,23.61984634399414,27.889999389648438,28.18000030517578,27.81999969482422,27.889999389648438,1995400
2019-08-21,23.484344482421875,27.729999542236328,28.020000457763672,27.6200008392334,28.020000457763672,1204200
2019-08-22,23.281091690063477,27.489999771118164,27.81999969482422,27.459999084472656,27.770000457763672,1317300
2019-08-23,22.628982543945312,26.719999313354492,27.540000915527344,26.6299991607666,27.469999313354492,1434500
2019-08-26,22.645915985107422,26.739999771118164,26.84000015258789,26.559999465942383,26.75,1183200
2019-08-27,22.65438461303711,26.75,26.940000534057617,26.700000762939453,26.809999465942383,2120000
2019-08-28,22.722139358520508,26.829999923706055,26.899999618530273,26.549999237060547,26.709999084472656,1892600
2019-08-29,23.069366455078125,27.239999771118164,27.350000381469727,26.959999084472656,27.020000457763672,1180900
2019-08-30,23.103242874145508,27.280000686645508,27.389999389648438,27.030000686645508,27.280000686645508,1566000
2019-09-03,22.527359008789062,26.600000381469727,27.1200008392334,26.540000915527344,27.110000610351562,3083600
2019-09-04,22.86610984802246,27.0,27.0,25.940000534057617,26.5,4868400
2019-09-05,22.993148803710938,27.149999618530273,27.229999542236328,26.93000030517578,27.229999542236328,3451200
2019-09-06,22.74754524230957,26.860000610351562,27.239999771118164,26.700000762939453,27.239999771118164,2848800
2019-09-09,22.65438461303711,26.75,26.950000762939453,26.540000915527344,26.81999969482422,4212300
2019-09-10,23.001615524291992,27.15999984741211,27.170000076293945,26.420000076293945,26.649999618530273,3317000
2019-09-11,23.933197021484375,28.260000228881836,28.290000915527344,27.030000686645508,27.09000015258789,4444100
2019-09-12,23.425060272216797,27.65999984741211,28.530000686645508,27.649999618530273,28.440000534057617,2269500
2019-09-13,23.3319034576416,27.549999237060547,27.760000228881836,27.40999984741211,27.540000915527344,1362400
2019-09-16,23.12864875793457,27.309999465942383,27.65999984741211,27.290000915527344,27.549999237060547,1098500
2019-09-17,23.58597183227539,27.850000381469727,27.860000610351562,27.290000915527344,27.309999465942383,1609300
2019-09-18,23.67066192626953,27.950000762939453,28.030000686645508,27.639999389648438,27.809999465942383,2560300
2019-09-19,23.382713317871094,27.610000610351562,28.100000381469727,27.579999923706055,27.969999313354492,1239600
2019-09-20,23.137115478515625,27.31999969482422,27.75,27.299999237060547,27.600000381469727,6486600
2019-09-23,22.984676361083984,27.139999389648438,27.350000381469727,27.1200008392334,27.31999969482422,1931500
2019-09-24,22.832231521606445,26.959999084472656,27.350000381469727,26.770000457763672,27.139999389648438,1708300
2019-09-25,22.86610984802246,27.0,27.149999618530273,26.93000030517578,27.0,4524000
2019-09-26,23.052427291870117,27.219999313354492,27.59000015258789,27.059999465942383,27.34000015258789,2001000
2019-09-27,22.86610984802246,27.0,27.290000915527344,26.920000076293945,27.270000457763672,1217700
2019-09-30,23.137115478515625,27.31999969482422,27.459999084472656,27.010000228881836,27.040000915527344,1544600
2019-10-01,22.89998435974121,27.040000915527344,27.399999618530273,26.940000534057617,27.31999969482422,1274500
2019-10-02,22.789886474609375,26.90999984741211,27.06999969482422,26.610000610351562,26.940000534057617,2024200
2019-10-03,23.198680877685547,27.239999771118164,27.280000686645508,26.829999923706055,26.950000762939453,3262800
2019-10-04,23.51378631591797,27.610000610351562,27.709999084472656,27.229999542236328,27.280000686645508,2867900
2019-10-07,23.4030704498291,27.479999542236328,27.639999389648438,27.389999389648438,27.520000457763672,3868400
2019-10-08,22.934669494628906,26.93000030517578,27.43000030517578,26.93000030517578,27.3799991607666,2570100
2019-10-09,23.07944679260254,27.100000381469727,27.420000076293945,26.959999084472656,27.040000915527344,1754600
2019-10-10,23.53933334350586,27.639999389648438,27.719999313354492,26.940000534057617,27.149999618530273,4634600
2019-10-11,23.684112548828125,27.809999465942383,28.06999969482422,27.59000015258789,27.65999984741211,2287900
2019-10-14,23.334941864013672,27.399999618530273,27.670000076293945,27.200000762939453,27.549999237060547,2940400
2019-10-15,23.445655822753906,27.530000686645508,27.649999618530273,27.440000534057617,27.440000534057617,1700700
2019-10-16,23.51378631591797,27.610000610351562,27.649999618530273,27.3700008392334,27.510000228881836,1292200
2019-10-17,23.505264282226562,27.600000381469727,27.860000610351562,27.559999465942383,27.65999984741211,1814400
2019-10-18,23.49675178527832,27.59000015258789,27.739999771118164,27.469999313354492,27.469999313354492,2671300
2019-10-21,23.411590576171875,27.489999771118164,27.600000381469727,27.229999542236328,27.579999923706055,3054900
2019-10-22,23.437135696411133,27.520000457763672,27.700000762939453,27.440000534057617,27.540000915527344,1766800
2019-10-23,23.53081703186035,27.6299991607666,27.700000762939453,27.43000030517578,27.479999542236328,1710200
2019-10-24,23.598953247070312,27.709999084472656,27.860000610351562,27.530000686645508,27.600000381469727,1828500
2019-10-25,23.428619384765625,27.510000228881836,27.75,27.31999969482422,27.540000915527344,1817000
2019-10-28,23.547849655151367,27.649999618530273,27.770000457763672,27.479999542236328,27.520000457763672,1405800
2019-10-29,23.53933334350586,27.639999389648438,27.93000030517578,27.540000915527344,27.600000381469727,1499700
2019-10-30,23.760761260986328,27.899999618530273,27.920000076293945,27.5,27.719999313354492,1557200
2019-10-31,23.98219108581543,28.15999984741211,28.200000762939453,27.84000015258789,27.93000030517578,1992300
2019-11-01,24.024770736694336,28.209999084472656,28.43000030517578,28.170000076293945,28.25,1657500
2019-11-04,23.735210418701172,27.8700008392334,28.25,27.729999542236328,28.219999313354492,1391500
2019-11-05,23.87147331237793,28.030000686645508,28.239999771118164,27.790000915527344,27.90999984741211,2018300
2019-11-06,23.990703582763672,28.170000076293945,28.299999237060547,27.93000030517578,28.040000915527344,2862800
2019-11-07,25.40442657470703,29.829999923706055,32.0,29.690000534057617,30.75,5677200
2019-11-08,24.867897033691406,29.200000762939453,29.93000030517578,28.780000686645508,29.829999923706055,3017100
2019-11-11,24.68904685974121,28.989999771118164,29.329999923706055,28.959999084472656,29.149999618530273,1353900
2019-11-12,24.867897033691406,29.200000762939453,29.260000228881836,28.8799991607666,28.989999771118164,2080700
2019-11-13,25.123384475708008,29.5,29.530000686645508,29.09000015258789,29.290000915527344,1888200
2019-11-14,25.549211502075195,30.0,30.010000228881836,29.43000030517578,29.5,1691100
2019-11-15,25.56623649597168,30.020000457763672,30.079999923706055,29.770000457763672,29.959999084472656,1020200
2019-11-18,25.86431312561035,30.3700008392334,30.549999237060547,29.8700008392334,29.93000030517578,2356800
2019-11-19,25.71953582763672,30.200000762939453,30.3700008392334,29.489999771118164,30.3700008392334,2850000
2019-11-20,26.000572204589844,30.530000686645508,30.68000030517578,30.09000015258789,30.3799991607666,2869100
2019-11-21,26.085737228393555,30.6299991607666,30.65999984741211,30.15999984741211,30.450000762939453,1766300
2019-11-22,25.8046932220459,30.299999237060547,30.719999313354492,30.170000076293945,30.719999313354492,1191700
2019-11-25,26.145353317260742,30.700000762939453,30.84000015258789,30.280000686645508,30.440000534057617,2143300
2019-11-26,26.39232635498047,30.989999771118164,31.079999923706055,30.559999465942383,30.700000762939453,1620300
2019-11-27,26.579689025878906,31.209999084472656,31.309999465942383,30.889999389648438,31.059999465942383,1437400
2019-11-29,26.349746704101562,30.940000534057617,31.270000457763672,30.93000030517578,31.25,553100
2019-12-02,25.992053985595703,30.520000457763672,30.8700008392334,30.40999984741211,30.8700008392334,1753400
2019-12-03,25.549211502075195,30.0,30.420000076293945,29.950000762939453,30.270000457763672,2995700
2019-12-04,25.58327293395996,30.040000915527344,30.270000457763672,29.950000762939453,29.950000762939453,3866500
2019-12-05,24.8593807220459,29.190000534057617,30.190000534057617,29.190000534057617,30.190000534057617,2823100
2019-12-06,24.94454002380371,29.290000915527344,29.670000076293945,29.260000228881836,29.350000381469727,1826900
2019-12-09,24.8593807220459,29.190000534057617,29.399999618530273,29.1299991607666,29.25,1651600
2019-12-10,24.833831787109375,29.15999984741211,29.25,28.959999084472656,29.149999618530273,2746800
2019-12-11,24.55278778076172,28.829999923706055,29.200000762939453,28.760000228881836,29.1200008392334,1348500
2019-12-12,24.51020622253418,28.780000686645508,29.190000534057617,28.719999313354492,29.190000534057617,1651600
2019-12-13,24.493173599243164,28.760000228881836,28.8700008392334,28.65999984741211,28.690000534057617,1174400
2019-12-16,24.612403869628906,28.899999618530273,28.920000076293945,28.670000076293945,28.760000228881836,3097600
2019-12-17,24.603878021240234,28.889999389648438,29.09000015258789,28.780000686645508,28.780000686645508,1782900
2019-12-18,24.331361770629883,28.56999969482422,29.010000228881836,28.43000030517578,28.8700008392334,1773500
2019-12-19,24.297290802001953,28.530000686645508,28.770000457763672,28.440000534057617,28.549999237060547,2378500
2019-12-20,24.586854934692383,28.8700008392334,29.030000686645508,28.549999237060547,28.6200008392334,4120100
2019-12-23,24.535751342773438,28.809999465942383,29.040000915527344,28.719999313354492,28.90999984741211,1455800
2019-12-24,24.399490356445312,28.649999618530273,28.8700008392334,28.649999618530273,28.829999923706055,575900
2019-12-26,24.544269561767578,28.81999969482422,28.84000015258789,28.6200008392334,28.65999984741211,857100
2019-12-27,24.561302185058594,28.84000015258789,28.920000076293945,28.75,28.90999984741211,720700
2019-12-30,24.586854934692383,28.8700008392334,28.969999313354492,28.739999771118164,28.799999237060547,1060500
2019-12-31,24.654987335205078,28.950000762939453,29.049999237060547,28.81999969482422,28.81999969482422,1366400
2020-01-02,24.60361671447754,28.739999771118164,28.899999618530273,28.59000015258789,28.889999389648438,1924300
2020-01-03,24.663543701171875,28.809999465942383,28.8700008392334,28.5,28.559999465942383,1129000
2020-01-06,24.826196670532227,29.0,29.030000686645508,28.6299991607666,28.6299991607666,1783500
2020-01-07,24.14133644104004,28.200000762939453,29.020000457763672,28.18000030517578,28.8700008392334,1272800
2020-01-08,23.764663696289062,27.760000228881836,28.34000015258789,27.739999771118164,28.200000762939453,1931800
2020-01-09,23.858835220336914,27.8700008392334,28.059999465942383,27.809999465942383,27.84000015258789,4952100
2020-01-10,23.867393493652344,27.8799991607666,28.34000015258789,27.850000381469727,27.850000381469727,7271400
2020-01-13,23.79891014099121,27.799999237060547,27.959999084472656,27.75,27.829999923706055,3240300
2020-01-14,23.62769317626953,27.600000381469727,27.84000015258789,27.350000381469727,27.719999313354492,2660500
2020-01-15,23.850271224975586,27.860000610351562,28.18000030517578,27.600000381469727,27.6200008392334,2417700
2020-01-16,23.644813537597656,27.6200008392334,28.09000015258789,27.559999465942383,27.940000534057617,4704800
2020-01-17,23.6876220703125,27.670000076293945,27.940000534057617,27.600000381469727,27.6200008392334,4545400
2020-01-21,23.19965362548828,27.100000381469727,27.59000015258789,27.079999923706055,27.3799991607666,2973800
2020-01-22,23.995803833007812,28.030000686645508,28.110000610351562,27.15999984741211,27.15999984741211,8292600
2020-01-23,23.773223876953125,27.770000457763672,27.81999969482422,27.139999389648438,27.540000915527344,5988100
2020-01-24,24.004365921020508,28.040000915527344,28.1299991607666,27.6299991607666,27.850000381469727,4623300
2020-01-27,23.995803833007812,28.030000686645508,28.1200008392334,27.639999389648438,27.65999984741211,3130200
2020-01-28,24.432405471801758,28.540000915527344,28.56999969482422,28.010000228881836,28.049999237060547,3022600
2020-01-29,24.440967559814453,28.549999237060547,28.84000015258789,28.489999771118164,28.56999969482422,2287700
2020-01-30,24.535133361816406,28.65999984741211,28.809999465942383,28.459999084472656,28.510000228881836,2450400
2020-01-31,24.42384147644043,28.530000686645508,28.8700008392334,28.479999542236328,28.700000762939453,2895100
2020-02-03,24.55225372314453,28.68000030517578,28.799999237060547,28.440000534057617,28.479999542236328,1246600
2020-02-04,24.543689727783203,28.670000076293945,29.020000457763672,28.670000076293945,28.93000030517578,1261500
2020-02-05,24.560810089111328,28.690000534057617,28.959999084472656,28.6299991607666,28.799999237060547,905700
2020-02-06,24.449525833129883,28.559999465942383,28.969999313354492,28.43000030517578,28.760000228881836,1757900
2020-02-07,24.458084106445312,28.56999969482422,28.639999389648438,28.459999084472656,28.5,1676300
2020-02-10,24.577938079833984,28.709999084472656,28.75,28.450000762939453,28.5,2560700
2020-02-11,24.543689727783203,28.670000076293945,28.860000610351562,28.639999389648438,28.75,1377500
2020-02-12,24.51801109313965,28.639999389648438,28.760000228881836,28.469999313354492,28.65999984741211,1537000
2020-02-13,24.466644287109375,28.579999923706055,28.780000686645508,28.440000534057617,28.450000762939453,2146200
2020-02-14,24.71491241455078,28.8700008392334,28.979999542236328,28.579999923706055,28.649999618530273,1161500
2020-02-18,24.71491241455078,28.8700008392334,29.170000076293945,28.780000686645508,28.780000686645508,3361200
2020-02-19,24.697784423828125,28.850000381469727,29.059999465942383,28.799999237060547,28.90999984741211,1469300
2020-02-20,25.08302116394043,29.299999237060547,29.329999923706055,28.799999237060547,28.829999923706055,1646400
2020-02-21,25.254236221313477,29.5,29.549999237060547,29.06999969482422,29.329999923706055,1480700
2020-02-24,24.9460506439209,29.139999389648438,29.420000076293945,28.979999542236328,29.200000762939453,1488600
2020-02-25,24.757715225219727,28.920000076293945,29.3799991607666,28.399999618530273,29.219999313354492,3449300
2020-02-26,24.59505844116211,28.729999542236328,29.420000076293945,28.5,29.059999465942383,3278400
2020-02-27,24.175579071044922,28.239999771118164,28.84000015258789,27.5,27.700000762939453,7680500
2020-02-28,23.867393493652344,27.8799991607666,28.0,26.770000457763672,27.84000015258789,4177300
2020-03-02,24.19270133972168,28.260000228881836,28.290000915527344,27.440000534057617,27.899999618530273,4619000
2020-03-03,23.584884643554688,27.549999237060547,28.510000228881836,27.5,28.260000228881836,5727000
2020-03-04,23.773223876953125,27.770000457763672,28.110000610351562,27.440000534057617,27.920000076293945,9166200
2020-03-05,23.114046096801758,27.0,27.270000457763672,26.5,27.110000610351562,23735700
2020-03-06,22.79729652404785,26.6299991607666,26.65999984741211,26.110000610351562,26.3700008392334,7347000
2020-03-09,20.931055068969727,24.450000762939453,26.09000015258789,21.3799991607666,25.739999771118164,7682500
2020-03-10,21.615909576416016,25.25,25.40999984741211,23.3700008392334,25.1299991607666,6805500
2020-03-11,20.9824161529541,24.510000228881836,25.079999923706055,24.049999237060547,24.719999313354492,5671100
2020-03-12,19.681182861328125,22.989999771118164,24.049999237060547,22.260000228881836,23.450000762939453,8118600
2020-03-13,20.09209442138672,23.469999313354492,24.059999465942383,22.549999237060547,23.75,6647800
2020-03-16,16.779083251953125,19.600000381469727,21.889999389648438,19.559999465942383,21.06999969482422,5986800
2020-03-17,17.39546012878418,20.31999969482422,20.43000030517578,19.030000686645508,20.020000457763672,8502400
2020-03-18,17.044466018676758,19.90999984741211,20.149999618530273,18.979999542236328,19.309999465942383,6961900
2020-03-19,20.81976890563965,24.31999969482422,24.639999389648438,19.899999618530273,19.899999618530273,7464000
2020-03-20,20.14346694946289,23.530000686645508,25.020000457763672,22.719999313354492,24.56999969482422,6202700
2020-03-23,19.84383773803711,23.18000030517578,23.739999771118164,22.809999465942383,23.280000686645508,4999400
2020-03-24,20.451648712158203,23.889999389648438,24.770000457763672,23.290000915527344,24.09000015258789,6757500
2020-03-25,21.401893615722656,25.0,25.700000762939453,23.639999389648438,23.950000762939453,4848500
2020-03-26,21.222124099731445,24.790000915527344,25.8799991607666,24.34000015258789,24.84000015258789,5624000
2020-03-27,20.87112808227539,24.3799991607666,24.790000915527344,23.860000610351562,24.059999465942383,2859400
2020-03-30,21.213560104370117,24.780000686645508,24.8700008392334,24.030000686645508,24.59000015258789,3701000
2020-03-31,20.776960372924805,24.270000457763672,24.760000228881836,24.190000534057617,24.40999984741211,2426900
2020-04-01,20.2547550201416,23.65999984741211,24.190000534057617,23.43000030517578,23.700000762939453,3029700
2020-04-02,20.556289672851562,23.860000610351562,23.959999084472656,23.290000915527344,23.350000381469727,4718200
2020-04-03,20.504600524902344,23.799999237060547,23.920000076293945,23.420000076293945,23.739999771118164,3995000
2020-04-06,21.185218811035156,24.59000015258789,24.739999771118164,24.209999084472656,24.3700008392334,2553200
2020-04-07,22.322446823120117,25.90999984741211,26.790000915527344,24.889999389648438,24.90999984741211,4683100
2020-04-08,22.925521850585938,26.610000610351562,26.790000915527344,25.6299991607666,25.969999313354492,1299700
2020-04-09,23.140907287597656,26.860000610351562,27.600000381469727,26.459999084472656,26.799999237060547,2353600
2020-04-13,22.684293746948242,26.329999923706055,26.860000610351562,26.219999313354492,26.65999984741211,1233200
2020-04-14,23.683679580688477,27.489999771118164,27.81999969482422,26.3700008392334,26.559999465942383,2299000
2020-04-15,23.123676300048828,26.84000015258789,27.3700008392334,26.729999542236328,27.049999237060547,1242400
2020-04-16,23.097829818725586,26.809999465942383,27.139999389648438,26.56999969482422,27.139999389648438,2851200
2020-04-17,22.52920913696289,26.149999618530273,27.309999465942383,25.950000762939453,27.149999618530273,4408300
2020-04-20,22.417211532592773,26.020000457763672,26.329999923706055,25.68000030517578,25.8700008392334,1934200
2020-04-21,22.09844398498535,25.649999618530273,25.829999923706055,25.270000457763672,25.6200008392334,2723300
2020-04-22,22.865215301513672,26.540000915527344,26.700000762939453,25.799999237060547,25.829999923706055,2399400
2020-04-23,22.54644775390625,26.170000076293945,26.59000015258789,26.059999465942383,26.479999542236328,1750000
2020-04-24,22.649831771850586,26.290000915527344,26.450000762939453,25.899999618530273,26.290000915527344,2766500
2020-04-27,22.279367446899414,25.860000610351562,27.25,25.739999771118164,27.15999984741211,6376300
2020-04-28,23.35628890991211,27.110000610351562,28.0,26.8799991607666,28.0,5411000
2020-04-29,22.994441986083984,26.690000534057617,27.389999389648438,26.260000228881836,27.100000381469727,2875700
2020-04-30,22.79628562927246,26.459999084472656,26.770000457763672,26.15999984741211,26.6200008392334,2849500
2020-05-01,22.31382942199707,25.899999618530273,26.3700008392334,25.729999542236328,26.25,1449400
2020-05-04,22.417211532592773,26.020000457763672,26.059999465942383,25.549999237060547,25.549999237060547,1484000
2020-05-05,22.623981475830078,26.260000228881836,26.510000228881836,26.059999465942383,26.059999465942383,1485800
2020-05-06,23.020294189453125,26.719999313354492,27.010000228881836,26.459999084472656,26.510000228881836,2545200
2020-05-07,22.710132598876953,26.360000610351562,26.90999984741211,26.149999618530273,26.579999923706055,5159500
2020-05-08,22.69291114807129,26.34000015258789,26.770000457763672,26.290000915527344,26.65999984741211,2578800
2020-05-11,23.20121192932129,26.93000030517578,27.030000686645508,26.1200008392334,26.329999923706055,4815700
2020-05-12,22.908288955688477,26.59000015258789,27.239999771118164,26.520000457763672,27.200000762939453,3109800
2020-05-13,22.761831283569336,26.420000076293945,27.100000381469727,26.25,26.950000762939453,11308700
2020-05-14,22.718753814697266,26.3700008392334,26.399999618530273,25.90999984741211,25.979999542236328,3036800
2020-05-15,22.6584415435791,26.299999237060547,26.690000534057617,26.260000228881836,26.479999542236328,2256600
2020-05-18,23.22705841064453,26.959999084472656,27.020000457763672,26.600000381469727,26.760000228881836,4420200
2020-05-19,23.451059341430664,27.219999313354492,27.479999542236328,27.010000228881836,27.010000228881836,4120800
2020-05-20,23.855981826782227,27.690000534057617,27.860000610351562,27.459999084472656,27.479999542236328,2507900
2020-05-21,23.15813636779785,26.8799991607666,27.18000030517578,26.739999771118164,26.8799991607666,9681200
2020-05-22,23.39936637878418,27.15999984741211,27.299999237060547,26.850000381469727,26.979999542236328,12958100
2020-05-26,23.20121192932129,26.93000030517578,27.579999923706055,26.920000076293945,27.520000457763672,6830300
2020-05-27,23.924903869628906,27.770000457763672,27.81999969482422,26.8700008392334,27.09000015258789,6696200
2020-05-28,23.933521270751953,27.780000686645508,28.450000762939453,27.770000457763672,28.0,5391700
2020-05-29,24.05413246154785,27.920000076293945,28.1200008392334,27.479999542236328,27.809999465942383,23927000
2020-06-01,24.433212280273438,28.360000610351562,28.489999771118164,28.06999969482422,28.18000030517578,4632000
2020-06-02,24.174753189086914,28.059999465942383,28.559999465942383,27.93000030517578,28.440000534057617,3107500
2020-06-03,24.52798080444336,28.469999313354492,28.920000076293945,28.18000030517578,28.229999542236328,5691400
2020-06-04,24.484907150268555,28.420000076293945,28.670000076293945,28.229999542236328,28.329999923706055,9260300
2020-06-05,24.717514038085938,28.690000534057617,29.219999313354492,28.5,28.610000610351562,11674100
2020-06-08,24.49352264404297,28.43000030517578,28.709999084472656,28.260000228881836,28.709999084472656,3689900
2020-06-09,24.40736961364746,28.329999923706055,28.56999969482422,27.959999084472656,28.219999313354492,5101600
2020-06-10,24.5538330078125,28.5,28.75,28.229999542236328,28.420000076293945,7828800
2020-06-11,24.415985107421875,28.34000015258789,29.239999771118164,28.219999313354492,28.889999389648438,3353900
2020-06-12,24.2264461517334,28.1200008392334,28.850000381469727,27.639999389648438,28.700000762939453,4435600
2020-06-15,24.62274932861328,28.579999923706055,28.600000381469727,27.649999618530273,27.809999465942383,2812400
2020-06-16,24.674442291259766,28.639999389648438,29.299999237060547,28.329999923706055,29.190000534057617,3619800
2020-06-17,24.76059341430664,28.739999771118164,29.100000381469727,28.56999969482422,28.6299991607666,1990600
2020-06-18,25.036285400390625,29.059999465942383,29.09000015258789,28.649999618530273,28.649999618530273,1618000
2020-06-19,24.734750747680664,28.709999084472656,29.459999084472656,28.700000762939453,29.31999969482422,3886000
2020-06-22,25.148290634155273,29.190000534057617,29.209999084472656,28.59000015258789,28.700000762939453,2603600
2020-06-23,25.010440826416016,29.030000686645508,29.579999923706055,29.020000457763672,29.290000915527344,2898300
2020-06-24,24.46767234802246,28.399999618530273,28.969999313354492,28.25,28.90999984741211,2162000
2020-06-25,24.46767234802246,28.399999618530273,28.600000381469727,28.18000030517578,28.3700008392334,5781400
2020-06-26,24.31259536743164,28.219999313354492,28.59000015258789,28.059999465942383,28.360000610351562,5824200
2020-06-29,24.381519317626953,28.299999237060547,28.479999542236328,27.920000076293945,28.34000015258789,2370900
2020-06-30,24.46767234802246,28.399999618530273,28.450000762939453,28.139999389648438,28.280000686645508,3112000
2020-07-01,24.831438064575195,28.670000076293945,28.770000457763672,28.31999969482422,28.360000610351562,2061500
2020-07-02,24.710182189941406,28.530000686645508,28.860000610351562,28.450000762939453,28.860000610351562,2339000
2020-07-06,24.736167907714844,28.559999465942383,28.729999542236328,28.34000015258789,28.649999618530273,1844500
2020-07-07,25.221189498901367,29.1200008392334,29.5,28.56999969482422,28.6299991607666,3496200
2020-07-08,24.77947425842285,28.610000610351562,29.06999969482422,28.450000762939453,29.0,2688100
2020-07-09,25.11725425720215,29.0,29.899999618530273,29.0,29.260000228881836,4159100
2020-07-10,25.29047966003418,29.200000762939453,29.209999084472656,28.760000228881836,29.030000686645508,1842600
2020-07-13,25.047971725463867,28.920000076293945,29.420000076293945,28.8799991607666,29.31999969482422,1981800
2020-07-14,25.411733627319336,29.34000015258789,29.3799991607666,28.75,28.809999465942383,1370300
2020-07-15,25.48102378845215,29.420000076293945,29.600000381469727,29.270000457763672,29.540000915527344,1545000
2020-07-16,25.602279663085938,29.559999465942383,29.65999984741211,29.31999969482422,29.450000762939453,1414800
2020-07-17,25.792823791503906,29.780000686645508,29.799999237060547,29.420000076293945,29.56999969482422,1973600
2020-07-20,25.784168243408203,29.770000457763672,29.950000762939453,29.690000534057617,29.780000686645508,2022400
2020-07-21,25.87943458557129,29.8799991607666,30.0,29.68000030517578,30.0,2326600
2020-07-22,26.243200302124023,30.299999237060547,30.3700008392334,29.84000015258789,30.030000686645508,1884900
2020-07-23,26.21721839904785,30.270000457763672,30.420000076293945,30.15999984741211,30.299999237060547,1435700
2020-07-24,26.27784538269043,30.34000015258789,30.3700008392334,30.049999237060547,30.15999984741211,999400
2020-07-27,26.81483268737793,30.959999084472656,30.969999313354492,30.489999771118164,30.540000915527344,1742900
2020-07-28,26.754213333129883,30.889999389648438,31.100000381469727,30.719999313354492,31.0,2406400
2020-07-29,27.074670791625977,31.260000228881836,31.469999313354492,30.959999084472656,31.18000030517578,2810100
2020-07-30,26.65027618408203,30.770000457763672,31.0,29.989999771118164,30.920000076293945,3639100
2020-07-31,26.494380950927734,30.59000015258789,31.25,30.420000076293945,31.190000534057617,3826100
2020-08-03,25.914077758789062,29.920000076293945,30.219999313354492,29.670000076293945,30.010000228881836,6314700
2020-08-04,25.9400634765625,29.950000762939453,30.1299991607666,29.780000686645508,29.809999465942383,2748500
2020-08-05,25.92274284362793,29.93000030517578,30.010000228881836,29.850000381469727,29.969999313354492,2765500
2020-08-06,25.836130142211914,29.829999923706055,29.979999542236328,29.739999771118164,29.979999542236328,1803300
2020-08-07,25.662906646728516,29.6299991607666,29.989999771118164,29.549999237060547,29.920000076293945,2369100
2020-08-10,25.77550506591797,29.760000228881836,29.829999923706055,29.329999923706055,29.489999771118164,3145500
2020-08-11,25.610939025878906,29.56999969482422,29.940000534057617,29.479999542236328,29.770000457763672,2590600
2020-08-12,26.078643798828125,30.110000610351562,30.280000686645508,29.6299991607666,29.729999542236328,2832800
2020-08-13,26.121946334838867,30.15999984741211,30.540000915527344,30.09000015258789,30.15999984741211,2916600
2020-08-14,25.88809585571289,29.889999389648438,30.170000076293945,29.760000228881836,30.170000076293945,3783200
2020-08-17,25.7668399810791,29.75,30.149999618530273,29.729999542236328,29.899999618530273,1970500
2020-08-18,25.20387077331543,29.100000381469727,29.260000228881836,28.350000381469727,28.739999771118164,22699100
2020-08-19,25.411733627319336,29.34000015258789,29.639999389648438,29.149999618530273,29.15999984741211,13832900
2020-08-20,25.28182029724121,29.190000534057617,29.43000030517578,29.010000228881836,29.149999618530273,8387400
2020-08-21,25.056631088256836,28.93000030517578,29.200000762939453,28.850000381469727,29.200000762939453,5055700
2020-08-24,25.255834579467773,29.15999984741211,29.190000534057617,28.81999969482422,28.989999771118164,4020200
2020-08-25,25.37708854675293,29.299999237060547,29.31999969482422,29.079999923706055,29.170000076293945,1875200
2020-08-26,25.810142517089844,29.799999237060547,30.059999465942383,29.59000015258789,29.90999984741211,7864100
2020-08-27,25.92274284362793,29.93000030517578,30.229999542236328,29.809999465942383,29.920000076293945,4615200
2020-08-28,26.04399299621582,30.06999969482422,30.09000015258789,29.68000030517578,30.0,2795100
2020-08-31,25.836130142211914,29.829999923706055,30.18000030517578,29.829999923706055,30.100000381469727,2524000
2020-09-01,25.9400634765625,29.950000762939453,30.030000686645508,29.790000915527344,29.920000076293945,4106800
2020-09-02,26.329814910888672,30.399999618530273,30.479999542236328,29.969999313354492,30.0,4358400
2020-09-03,25.810142517089844,29.799999237060547,30.559999465942383,29.59000015258789,30.459999084472656,3799800
2020-09-04,25.584959030151367,29.540000915527344,29.989999771118164,29.049999237060547,29.84000015258789,3141500
2020-09-08,24.996004104614258,28.860000610351562,29.450000762939453,28.6299991607666,29.360000610351562,3700700
2020-09-09,25.567636489868164,29.520000457763672,29.690000534057617,28.93000030517578,29.030000686645508,4140500
2020-09-10,24.710182189941406,28.530000686645508,29.079999923706055,28.510000228881836,28.979999542236328,9679500
2020-09-11,24.970016479492188,28.829999923706055,28.989999771118164,28.469999313354492,28.600000381469727,5990700
2020-09-14,24.95269203186035,28.809999465942383,29.079999923706055,28.739999771118164,28.989999771118164,3960300
2020-09-15,24.944034576416016,28.799999237060547,29.1200008392334,28.75,28.93000030517578,3510700
2020-09-16,24.62357521057129,28.43000030517578,28.989999771118164,28.399999618530273,28.899999618530273,2987600
2020-09-17,24.519643783569336,28.309999465942383,28.549999237060547,28.1200008392334,28.149999618530273,3468100
2020-09-18,24.294452667236328,28.049999237060547,28.43000030517578,27.8700008392334,28.43000030517578,5803600
2020-09-21,24.138551712036133,27.8700008392334,27.940000534057617,27.43000030517578,27.760000228881836,6586500
2020-09-22,24.121227264404297,27.850000381469727,28.219999313354492,27.770000457763672,27.979999542236328,5514300
2020-09-23,23.54959487915039,27.190000534057617,28.059999465942383,27.15999984741211,27.93000030517578,2376200
2020-09-24,23.610219955444336,27.260000228881836,27.520000457763672,27.0,27.3700008392334,3197200
2020-09-25,24.1472110748291,27.8799991607666,27.950000762939453,27.100000381469727,27.139999389648438,4276600
2020-09-28,24.112565994262695,27.84000015258789,28.260000228881836,27.81999969482422,28.110000610351562,2813500
2020-09-29,23.48030662536621,27.110000610351562,27.979999542236328,27.09000015258789,27.979999542236328,4577000
2020-09-30,23.904699325561523,27.600000381469727,27.6200008392334,27.139999389648438,27.139999389648438,6646100
2020-10-01,24.392375946044922,28.010000228881836,28.200000762939453,27.3799991607666,27.59000015258789,4908200
2020-10-02,24.4620418548584,28.09000015258789,28.190000534057617,27.6200008392334,27.6200008392334,3902600
2020-10-05,24.09628677368164,27.670000076293945,28.389999389648438,27.610000610351562,28.299999237060547,6182900
2020-10-06,24.409793853759766,28.030000686645508,28.219999313354492,27.610000610351562,27.65999984741211,5120800
2020-10-07,24.90616798400879,28.600000381469727,28.68000030517578,28.110000610351562,28.219999313354492,3493700
2020-10-08,24.993255615234375,28.700000762939453,28.899999618530273,28.559999465942383,28.68000030517578,2891800
2020-10-09,25.472219467163086,29.25,29.299999237060547,28.649999618530273,28.81999969482422,5359300
2020-10-12,25.951181411743164,29.799999237060547,30.31999969482422,29.75,30.100000381469727,6856800
2020-10-13,25.977312088012695,29.829999923706055,30.020000457763672,29.540000915527344,29.610000610351562,4424200
2020-10-14,25.837976455688477,29.670000076293945,30.110000610351562,29.540000915527344,29.940000534057617,5586100
2020-10-15,25.637685775756836,29.440000534057617,29.709999084472656,29.309999465942383,29.40999984741211,4350400
2020-10-16,25.916357040405273,29.760000228881836,30.0,29.270000457763672,29.3700008392334,56689800
2020-10-19,25.428678512573242,29.200000762939453,30.139999389648438,29.110000610351562,29.700000762939453,6506400
2020-10-20,25.454805374145508,29.229999542236328,29.670000076293945,29.229999542236328,29.469999313354492,3726800
2020-10-21,25.39384651184082,29.15999984741211,29.329999923706055,28.799999237060547,29.0,3958500
2020-10-22,25.733474731445312,29.549999237060547,29.700000762939453,29.09000015258789,29.18000030517578,3770100
2020-10-23,25.43739128112793,29.209999084472656,29.889999389648438,29.1299991607666,29.799999237060547,4425300
2020-10-26,24.766836166381836,28.440000534057617,29.209999084472656,28.1200008392334,29.149999618530273,7958000
2020-10-27,24.90616798400879,28.600000381469727,28.760000228881836,28.299999237060547,28.5,6428500
2020-10-28,24.148536682128906,27.729999542236328,28.389999389648438,27.520000457763672,28.1299991607666,6262100
2020-10-29,23.678281784057617,27.190000534057617,27.8799991607666,27.18000030517578,27.389999389648438,5173100
2020-10-30,23.42574119567871,26.899999618530273,27.170000076293945,26.670000076293945,27.049999237060547,5757800
2020-11-02,23.547657012939453,27.040000915527344,27.549999237060547,26.719999313354492,27.299999237060547,4333500
2020-11-03,24.209497451782227,27.799999237060547,28.030000686645508,27.329999923706055,27.329999923706055,3558500
2020-11-04,24.583965301513672,28.229999542236328,28.8799991607666,28.040000915527344,28.799999237060547,5403600
2020-11-05,25.080341339111328,28.799999237060547,28.889999389648438,28.360000610351562,28.56999969482422,3796700
2020-11-06,24.958423614501953,28.65999984741211,29.020000457763672,28.530000686645508,29.020000457763672,2623000
2020-11-09,24.148536682128906,27.729999542236328,29.729999542236328,27.690000534057617,29.559999465942383,6770000
2020-11-10,24.714588165283203,28.3799991607666,28.479999542236328,27.1200008392334,27.25,6918700
2020-11-11,25.60284423828125,29.399999618530273,29.719999313354492,28.469999313354492,28.530000686645508,5090000
2020-11-12,25.298051834106445,29.049999237060547,29.540000915527344,28.790000915527344,29.510000228881836,3924100
2020-11-13,25.515762329101562,29.299999237060547,29.469999313354492,29.100000381469727,29.100000381469727,2348200
2020-11-16,25.646392822265625,29.450000762939453,29.68000030517578,29.09000015258789,29.299999237060547,5977100
2020-11-17,25.419971466064453,29.190000534057617,29.309999465942383,28.25,28.299999237060547,29406700
2020-11-18,25.698640823364258,29.510000228881836,29.760000228881836,29.290000915527344,29.450000762939453,16248300
2020-11-19,25.916357040405273,29.760000228881836,30.010000228881836,29.1200008392334,29.1200008392334,10576200
2020-11-20,25.986021041870117,29.84000015258789,30.010000228881836,29.520000457763672,29.530000686645508,3647100
2020-11-23,25.977312088012695,29.829999923706055,30.0,29.649999618530273,29.959999084472656,4282700
2020-11-24,26.02956199645996,29.889999389648438,30.100000381469727,29.860000610351562,30.0,6100900
2020-11-25,26.412731170654297,30.329999923706055,30.450000762939453,29.979999542236328,30.09000015258789,3985400
2020-11-27,26.78719711303711,30.760000228881836,30.770000457763672,30.329999923706055,30.479999542236328,2812900
2020-11-30,26.517242431640625,30.450000762939453,30.84000015258789,29.959999084472656,30.799999237060547,17911700
2020-12-01,26.517242431640625,30.450000762939453,30.670000076293945,30.290000915527344,30.6200008392334,4533000
2020-12-02,26.19502067565918,30.079999923706055,30.610000610351562,29.889999389648438,30.610000610351562,2982200
2020-12-03,26.212438583374023,30.100000381469727,30.389999389648438,29.940000534057617,30.079999923706055,2933100
2020-12-04,26.58690643310547,30.530000686645508,30.600000381469727,30.079999923706055,30.299999237060547,2978700
2020-12-07,26.7436580657959,30.709999084472656,30.84000015258789,30.479999542236328,30.520000457763672,3369500
2020-12-08,26.273399353027344,30.170000076293945,30.829999923706055,30.09000015258789,30.600000381469727,5886500
2020-12-09,26.351774215698242,30.260000228881836,30.389999389648438,30.06999969482422,30.280000686645508,5433400
2020-12-10,26.282108306884766,30.18000030517578,30.639999389648438,30.059999465942383,30.479999542236328,5836800
2020-12-11,26.438859939575195,30.360000610351562,30.459999084472656,30.010000228881836,30.229999542236328,3162800
2020-12-14,26.43014907836914,30.350000381469727,30.84000015258789,30.149999618530273,30.450000762939453,7516200
2020-12-15,26.290815353393555,30.190000534057617,30.399999618530273,29.989999771118164,30.350000381469727,5444100
2020-12-16,26.682697296142578,30.639999389648438,30.68000030517578,30.170000076293945,30.170000076293945,2538500
2020-12-17,27.109413146972656,31.1299991607666,31.18000030517578,30.6200008392334,30.6200008392334,4743800
2020-12-18,26.93524169921875,30.93000030517578,31.479999542236328,30.520000457763672,31.34000015258789,11345200
2020-12-21,26.79590606689453,30.770000457763672,30.90999984741211,30.3799991607666,30.56999969482422,3213200
2020-12-22,27.057157516479492,31.06999969482422,31.139999389648438,30.670000076293945,30.760000228881836,2566900
2020-12-23,27.527416229248047,31.610000610351562,31.739999771118164,30.690000534057617,30.770000457763672,2889300
2020-12-24,27.762540817260742,31.8799991607666,31.899999618530273,31.559999465942383,31.600000381469727,1668800
2020-12-28,27.85833740234375,31.989999771118164,32.13999938964844,31.65999984741211,32.0,2310300
2020-12-29,27.86704444885254,32.0,32.2400016784668,31.860000610351562,32.099998474121094,3084300
2020-12-30,27.71029281616211,31.81999969482422,32.220001220703125,31.790000915527344,32.040000915527344,2320200
2020-12-31,27.86704444885254,32.0,32.099998474121094,31.65999984741211,31.899999618530273,2692100
2021-01-04,27.510000228881836,31.59000015258789,32.15999984741211,31.040000915527344,32.06999969482422,4293700
2021-01-05,27.553543090820312,31.639999389648438,31.709999084472656,31.25,31.610000610351562,2999900
2021-01-06,27.658048629760742,31.760000228881836,32.060001373291016,30.809999465942383,30.829999923706055,4706700
2021-01-07,27.824289321899414,31.799999237060547,31.81999969482422,31.299999237060547,31.329999923706055,8330400
2021-01-08,27.999284744262695,32.0,32.02000045776367,31.510000228881836,31.6200008392334,4995100
2021-01-11,27.439298629760742,31.360000610351562,32.099998474121094,31.280000686645508,32.09000015258789,4322400
2021-01-12,27.439298629760742,31.360000610351562,31.709999084472656,31.139999389648438,31.690000534057617,3363900
2021-01-13,27.701791763305664,31.65999984741211,31.700000762939453,31.200000762939453,31.280000686645508,3429000
2021-01-14,27.59679412841797,31.540000915527344,31.739999771118164,31.299999237060547,31.559999465942383,4282200
2021-01-15,27.876785278320312,31.860000610351562,32.08000183105469,31.34000015258789,31.479999542236328,8525400
2021-01-19,27.841785430908203,31.81999969482422,32.099998474121094,31.610000610351562,31.860000610351562,4542800
2021-01-20,27.95553970336914,31.950000762939453,32.040000915527344,31.3700008392334,31.84000015258789,3344100
2021-01-21,27.59679412841797,31.540000915527344,31.969999313354492,31.5,31.969999313354492,2972700
2021-01-22,27.53554344177246,31.469999313354492,31.709999084472656,31.280000686645508,31.520000457763672,2368500
2021-01-25,28.02553367614746,32.029998779296875,32.220001220703125,31.450000762939453,31.469999313354492,4544100
2021-01-26,28.55052375793457,32.630001068115234,32.72999954223633,31.959999084472656,32.029998779296875,7078400
2021-01-27,29.049253463745117,33.20000076293945,33.4900016784668,32.45000076293945,32.56999969482422,10163700
2021-01-28,28.366769790649414,32.41999816894531,33.689998626708984,32.38999938964844,33.150001525878906,5299600
2021-01-29,27.824289321899414,31.799999237060547,32.58000183105469,31.760000228881836,31.850000381469727,4472700
2021-02-01,27.92928695678711,31.920000076293945,32.15999984741211,31.75,32.0,2986500
2021-02-02,27.99053192138672,31.989999771118164,32.41999816894531,31.700000762939453,31.950000762939453,4158700
2021-02-03,27.92928695678711,31.920000076293945,32.209999084472656,31.360000610351562,31.860000610351562,3796700
2021-02-04,28.261775970458984,32.29999923706055,32.31999969482422,31.6200008392334,31.860000610351562,4090800
2021-02-05,28.463024139404297,32.529998779296875,32.83000183105469,32.209999084472656,32.439998626708984,3576000
2021-02-08,28.086782455444336,32.099998474121094,32.7400016784668,31.889999389648438,32.5,4521400
2021-02-09,28.349271774291992,32.400001525878906,32.459999084472656,31.829999923706055,32.029998779296875,2469300
2021-02-10,28.02553367614746,32.029998779296875,32.630001068115234,31.8799991607666,32.599998474121094,2703500
2021-02-11,27.920534133911133,31.90999984741211,32.2599983215332,31.75,31.979999542236328,3421500
2021-02-12,27.798038482666016,31.770000457763672,31.93000030517578,31.549999237060547,31.93000030517578,3497800
2021-02-16,27.491796493530273,31.420000076293945,31.799999237060547,31.260000228881836,31.75,3841500
2021-02-17,27.701791763305664,31.65999984741211,31.670000076293945,31.260000228881836,31.520000457763672,4298100
2021-02-18,27.771793365478516,31.739999771118164,31.780000686645508,31.260000228881836,31.510000228881836,3697300
2021-02-19,27.33430290222168,31.239999771118164,31.809999465942383,31.18000030517578,31.600000381469727,3174300
2021-02-22,27.71929359436035,31.68000030517578,31.760000228881836,31.059999465942383,31.260000228881836,5655800
2021-02-23,27.815542221069336,31.790000915527344,32.2400016784668,31.360000610351562,31.940000534057617,4480300
2021-02-24,27.526796340942383,31.459999084472656,31.68000030517578,31.040000915527344,31.59000015258789,4702200
2021-02-25,27.001811981201172,30.860000610351562,32.08000183105469,30.420000076293945,31.200000762939453,5883300
2021-02-26,26.704317092895508,30.520000457763672,31.190000534057617,30.280000686645508,30.920000076293945,7687100
2021-03-01,27.02806282043457,30.889999389648438,31.100000381469727,30.450000762939453,30.780000686645508,5082500
2021-03-02,26.931812286376953,30.780000686645508,31.15999984741211,30.729999542236328,30.950000762939453,4153100
2021-03-03,26.791818618774414,30.6200008392334,31.190000534057617,30.56999969482422,30.649999618530273,5124700
2021-03-04,27.01930809020996,30.8799991607666,31.450000762939453,30.65999984741211,30.770000457763672,4910700
2021-03-05,27.58803939819336,31.530000686645508,31.739999771118164,30.93000030517578,31.1200008392334,5867300
2021-03-08,28.410518646240234,32.470001220703125,32.66999816894531,31.559999465942383,31.75,7160700
2021-03-09,28.953012466430664,33.09000015258789,33.31999969482422,32.599998474121094,32.689998626708984,8710200
2021-03-10,29.36425018310547,33.560001373291016,34.04999923706055,33.290000915527344,33.34000015258789,9881100
2021-03-11,29.136760711669922,33.29999923706055,33.65999984741211,33.09000015258789,33.369998931884766,6253700
2021-03-12,29.1980037689209,33.369998931884766,33.38999938964844,32.70000076293945,33.290000915527344,5175000
2021-03-15,29.381752014160156,33.58000183105469,33.83000183105469,33.20000076293945,33.83000183105469,6424700
2021-03-16,29.827980041503906,34.09000015258789,34.22999954223633,33.650001525878906,33.68000030517578,7239500
2021-03-17,29.836734771728516,34.099998474121094,34.22999954223633,33.5,33.560001373291016,7518500
2021-03-18,29.652986526489258,33.88999938964844,34.15999984741211,33.689998626708984,33.93000030517578,5919700
2021-03-19,29.871732711791992,34.13999938964844,34.630001068115234,34.08000183105469,34.58000183105469,22880600
2021-03-22,30.256729125976562,34.58000183105469,34.72999954223633,33.849998474121094,34.0,7388300
2021-03-23,30.282976150512695,34.61000061035156,34.939998626708984,34.45000076293945,34.86000061035156,7575200
2021-03-24,30.072988510131836,34.369998931884766,34.59000015258789,34.310001373291016,34.52000045776367,4258300
2021-03-25,30.221721649169922,34.540000915527344,34.790000915527344,34.36000061035156,34.68000030517578,5260900
2021-03-26,30.834213256835938,35.2400016784668,35.310001373291016,34.150001525878906,34.18000030517578,7303100
2021-03-29,31.052959442138672,35.4900016784668,35.56999969482422,34.9900016784668,35.220001220703125,6222900
2021-03-30,30.54546546936035,34.90999984741211,35.5099983215332,34.779998779296875,35.43000030517578,5126900
2021-03-31,30.2027587890625,34.369998931884766,35.0099983215332,34.36000061035156,34.72999954223633,6273100
2021-04-01,30.316991806030273,34.5,34.720001220703125,34.22999954223633,34.400001525878906,6344500
2021-04-05,30.75637435913086,35.0,35.11000061035156,34.43000030517578,34.470001220703125,6008600
2021-04-06,30.817888259887695,35.06999969482422,35.25,34.7599983215332,34.88999938964844,8746900
2021-04-07,30.993637084960938,35.27000045776367,35.33000183105469,35.04999923706055,35.220001220703125,4018900
2021-04-08,31.028779983520508,35.310001373291016,35.4900016784668,35.2400016784668,35.33000183105469,7082100
2021-04-09,30.905763626098633,35.16999816894531,35.349998474121094,34.900001525878906,35.310001373291016,5654100
2021-04-12,31.18695640563965,35.4900016784668,35.599998474121094,35.11000061035156,35.2400016784668,4741500
2021-04-13,31.090303421020508,35.380001068115234,35.61000061035156,35.22999954223633,35.40999984741211,3646600
2021-04-14,31.072725296020508,35.36000061035156,35.5099983215332,35.209999084472656,35.439998626708984,3739400
2021-04-15,31.485742568969727,35.83000183105469,35.97999954223633,35.54999923706055,35.54999923706055,8546300
2021-04-16,31.643917083740234,36.0099983215332,36.04999923706055,35.68000030517578,35.79999923706055,4964200
2021-04-19,31.749361038208008,36.130001068115234,36.29999923706055,35.83000183105469,36.099998474121094,3660900
2021-04-20,31.78451156616211,36.16999816894531,36.380001068115234,35.95000076293945,35.97999954223633,3601200
2021-04-21,31.907533645629883,36.310001373291016,36.45000076293945,36.09000015258789,36.18000030517578,3123900
2021-04-22,31.66147804260254,36.029998779296875,36.2599983215332,35.849998474121094,35.9900016784668,4138900
2021-04-23,31.793302536010742,36.18000030517578,36.279998779296875,35.86000061035156,35.959999084472656,2812500
2021-04-26,31.292409896850586,35.61000061035156,36.150001525878906,35.54999923706055,36.02000045776367,3511000
2021-04-27,31.204532623291016,35.5099983215332,35.70000076293945,35.279998779296875,35.529998779296875,6681900
2021-04-28,30.940908432006836,35.209999084472656,35.77000045776367,35.189998626708984,35.52000045776367,4007600
2021-04-29,31.5823974609375,35.939998626708984,36.040000915527344,35.16999816894531,35.16999816894531,5074800
2021-04-30,31.503305435180664,35.849998474121094,35.9900016784668,35.25,35.91999816894531,4092700
2021-05-03,31.696636199951172,36.06999969482422,36.369998931884766,35.83000183105469,35.970001220703125,2941600
2021-05-04,31.38907241821289,35.720001220703125,36.310001373291016,35.650001525878906,36.099998474121094,4071800
2021-05-05,31.6263370513916,35.9900016784668,36.119998931884766,35.5099983215332,35.599998474121094,3231900
2021-05-06,31.92510986328125,36.33000183105469,36.43000030517578,36.040000915527344,36.310001373291016,3684800
2021-05-07,32.162376403808594,36.599998474121094,36.650001525878906,36.18000030517578,36.34000015258789,3212200
2021-05-10,31.96904754638672,36.380001068115234,36.810001373291016,36.279998779296875,36.59000015258789,3440200
2021-05-11,31.415441513061523,35.75,36.43000030517578,35.5099983215332,36.43000030517578,3615000
2021-05-12,31.13423728942871,35.43000030517578,35.790000915527344,35.25,35.5099983215332,5232200
2021-05-13,31.38907241821289,35.720001220703125,35.939998626708984,35.380001068115234,35.40999984741211,2797600
2021-05-14,31.67905616760254,36.04999923706055,36.2599983215332,35.869998931884766,36.060001373291016,2992900
2021-05-17,31.6087589263916,35.970001220703125,36.279998779296875,35.83000183105469,36.04999923706055,2446500
2021-05-18,31.635122299194336,36.0,36.2400016784668,35.939998626708984,36.04999923706055,2785200
2021-05-19,31.450578689575195,35.790000915527344,36.02000045776367,35.56999969482422,35.84000015258789,3031200
2021-05-20,31.977840423583984,36.38999938964844,36.47999954223633,35.599998474121094,35.599998474121094,3111500
2021-05-21,31.84601593017578,36.2400016784668,36.72999954223633,36.15999984741211,36.65999984741211,2753200
2021-05-24,32.39085388183594,36.86000061035156,36.97999954223633,36.41999816894531,36.5099983215332,3629700
2021-05-25,32.074493408203125,36.5,36.939998626708984,36.4900016784668,36.86000061035156,3436800
2021-05-26,32.109657287597656,36.540000915527344,36.77000045776367,36.38999938964844,36.58000183105469,2956600
2021-05-27,32.20631408691406,36.650001525878906,37.11000061035156,36.54999923706055,36.97999954223633,12969700
2021-05-28,32.47872543334961,36.959999084472656,37.09000015258789,36.7599983215332,36.7599983215332,3378400
2021-06-01,32.41720962524414,36.88999938964844,37.099998474121094,36.77000045776367,37.0,3655700
2021-06-02,32.55781555175781,37.04999923706055,37.09000015258789,36.68000030517578,36.88999938964844,2982900
2021-06-03,32.443580627441406,36.91999816894531,36.97999954223633,36.52000045776367,36.77000045776367,3655700
2021-06-04,32.43478012084961,36.90999984741211,37.060001373291016,36.779998779296875,37.029998779296875,3476600
2021-06-07,32.3732795715332,36.84000015258789,36.95000076293945,36.68000030517578,36.91999816894531,2026200
2021-06-08,30.976062774658203,35.25,35.560001373291016,34.650001525878906,35.41999816894531,18531000
2021-06-09,30.738800048828125,34.97999954223633,35.34000015258789,34.95000076293945,35.22999954223633,5185700
2021-06-10,30.703645706176758,34.939998626708984,35.34000015258789,34.900001525878906,34.97999954223633,10553700
2021-06-11,30.95848274230957,35.22999954223633,35.22999954223633,34.790000915527344,35.02000045776367,10095100
2021-06-14,30.624557495117188,34.849998474121094,35.16999816894531,34.540000915527344,35.150001525878906,6412700
2021-06-15,30.475173950195312,34.68000030517578,35.0099983215332,34.41999816894531,34.959999084472656,7822900
2021-06-16,30.088523864746094,34.2400016784668,34.7599983215332,34.22999954223633,34.7599983215332,6354200
2021-06-17,30.308210372924805,34.4900016784668,34.66999816894531,33.959999084472656,34.15999984741211,6435900
2021-06-18,30.334564208984375,34.52000045776367,34.68000030517578,34.130001068115234,34.400001525878906,16763800
2021-06-21,30.132457733154297,34.290000915527344,34.81999969482422,34.20000076293945,34.5099983215332,5672200
2021-06-22,30.554262161254883,34.77000045776367,34.779998779296875,34.27000045776367,34.36000061035156,7131100
2021-06-23,30.308210372924805,34.4900016784668,34.79999923706055,34.439998626708984,34.66999816894531,3928800
2021-06-24,30.396080017089844,34.59000015258789,34.650001525878906,34.400001525878906,34.5099983215332,4202400
2021-06-25,30.633346557617188,34.86000061035156,34.939998626708984,34.43000030517578,34.540000915527344,3851200
2021-06-28,30.650915145874023,34.880001068115234,35.0099983215332,34.720001220703125,34.9900016784668,5673800
2021-06-29,30.967275619506836,35.2400016784668,35.369998931884766,34.97999954223633,35.29999923706055,5117300
2021-06-30,31.13336753845215,35.2400016784668,35.33000183105469,34.9900016784668,35.13999938964844,4075700
2021-07-01,31.115694046020508,35.220001220703125,35.459999084472656,35.06999969482422,35.18000030517578,5060900
2021-07-02,31.080352783203125,35.18000030517578,35.61000061035156,35.09000015258789,35.369998931884766,4527000
2021-07-06,30.859487533569336,34.93000030517578,35.13999938964844,34.66999816894531,35.040000915527344,5065200
2021-07-07,30.921335220336914,35.0,35.209999084472656,34.900001525878906,34.97999954223633,3867700
2021-07-08,30.718137741088867,34.77000045776367,35.060001373291016,34.630001068115234,34.849998474121094,5728100
2021-07-09,30.921335220336914,35.0,35.0099983215332,34.779998779296875,34.84000015258789,4393700
2021-07-12,30.903663635253906,34.97999954223633,35.060001373291016,34.7599983215332,34.93000030517578,5983100
2021-07-13,30.938995361328125,35.02000045776367,35.52000045776367,34.959999084472656,35.04999923706055,5123500
2021-07-14,31.363065719604492,35.5,35.599998474121094,34.95000076293945,35.099998474121094,4860000
2021-07-15,31.813636779785156,36.0099983215332,36.02000045776367,35.439998626708984,35.58000183105469,9211100
2021-07-16,31.698789596557617,35.880001068115234,36.15999984741211,35.70000076293945,35.95000076293945,6501400
2021-07-19,31.433740615844727,35.58000183105469,36.119998931884766,35.349998474121094,35.959999084472656,4781500
2021-07-20,31.707618713378906,35.88999938964844,36.15999984741211,35.5099983215332,35.68000030517578,5332700
2021-07-21,31.363065719604492,35.5,36.0099983215332,35.47999954223633,35.900001525878906,2972000
2021-07-22,31.56625747680664,35.72999954223633,35.7599983215332,35.25,35.459999084472656,3617900
2021-07-23,31.866636276245117,36.06999969482422,36.20000076293945,35.63999938964844,35.79999923706055,3005800
2021-07-26,31.84896469116211,36.04999923706055,36.25,35.939998626708984,36.029998779296875,3540900
2021-07-27,31.37190055847168,35.5099983215332,36.220001220703125,35.41999816894531,36.040000915527344,5969200
2021-07-28,31.2128849029541,35.33000183105469,35.52000045776367,35.16999816894531,35.33000183105469,4113200
2021-07-29,30.877161026000977,34.95000076293945,35.47999954223633,34.849998474121094,35.310001373291016,4452400
2021-07-30,31.10685920715332,35.209999084472656,35.400001525878906,34.970001220703125,35.0,4365400
2021-08-02,30.382413864135742,34.38999938964844,34.529998779296875,33.959999084472656,34.29999923706055,10144800
2021-08-03,30.762313842773438,34.81999969482422,34.86000061035156,34.31999969482422,34.529998779296875,5675500
2021-08-04,30.3647518157959,34.369998931884766,34.900001525878906,34.209999084472656,34.849998474121094,4942700
2021-08-05,30.444257736206055,34.459999084472656,34.63999938964844,34.279998779296875,34.47999954223633,4421700
2021-08-06,30.294071197509766,34.290000915527344,34.54999923706055,34.20000076293945,34.38999938964844,5282700
2021-08-09,30.3647518157959,34.369998931884766,34.439998626708984,34.16999816894531,34.290000915527344,7122200
2021-08-10,30.3647518157959,34.369998931884766,34.52000045776367,34.27000045776367,34.33000183105469,5296300
2021-08-11,30.620954513549805,34.65999984741211,34.72999954223633,34.41999816894531,34.59000015258789,3638500
2021-08-12,30.391250610351562,34.400001525878906,34.720001220703125,34.38999938964844,34.65999984741211,2593600
2021-08-13,30.435420989990234,34.45000076293945,34.599998474121094,34.310001373291016,34.400001525878906,2931000
2021-08-16,31.03618049621582,35.130001068115234,35.16999816894531,34.41999816894531,34.47999954223633,4428800
2021-08-17,30.61212158203125,34.650001525878906,35.150001525878906,34.560001373291016,35.150001525878906,4011900
2021-08-18,30.373577117919922,34.380001068115234,34.81999969482422,34.290000915527344,34.56999969482422,4163400
2021-08-19,30.82415008544922,34.88999938964844,34.95000076293945,34.31999969482422,34.34000015258789,3878200
2021-08-20,30.762313842773438,34.81999969482422,35.06999969482422,34.790000915527344,34.880001068115234,2521700
2021-08-23,30.947837829589844,35.029998779296875,35.150001525878906,34.779998779296875,34.79999923706055,3193200
2021-08-24,30.894824981689453,34.970001220703125,35.09000015258789,34.7599983215332,34.970001220703125,2452600
2021-08-25,30.850648880004883,34.91999816894531,35.029998779296875,34.599998474121094,34.84000015258789,4472200
2021-08-26,30.894824981689453,34.970001220703125,35.09000015258789,34.83000183105469,34.900001525878906,3185500
2021-08-27,31.03618049621582,35.130001068115234,35.22999954223633,34.88999938964844,35.11000061035156,3894400
2021-08-30,31.151031494140625,35.2599983215332,35.29999923706055,35.0,35.0,2602900
2021-08-31,31.513263702392578,35.66999816894531,35.75,35.130001068115234,35.189998626708984,6717100
2021-09-01,31.575101852416992,35.7400016784668,35.869998931884766,35.599998474121094,35.7599983215332,3240600
2021-09-02,31.681114196777344,35.86000061035156,35.970001220703125,35.56999969482422,35.7599983215332,3338100
2021-09-03,31.13336753845215,35.2400016784668,35.68000030517578,35.15999984741211,35.599998474121094,5148100
2021-09-07,30.718137741088867,34.77000045776367,35.13999938964844,34.619998931884766,35.040000915527344,5473200
2021-09-08,31.177536010742188,35.290000915527344,35.31999969482422,34.81999969482422,34.91999816894531,3761900
2021-09-09,30.771148681640625,34.83000183105469,35.290000915527344,34.79999923706055,35.290000915527344,3967100
2021-09-10,30.771148681640625,34.83000183105469,35.06999969482422,34.68000030517578,34.83000183105469,5334500
2021-09-13,31.053850173950195,35.150001525878906,35.29999923706055,34.90999984741211,34.939998626708984,3559500
2021-09-14,30.938995361328125,35.02000045776367,35.36000061035156,34.959999084472656,35.2599983215332,2376200
2021-09-15,31.292383193969727,35.41999816894531,35.5099983215332,34.91999816894531,35.040000915527344,3545700
2021-09-16,31.354232788085938,35.4900016784668,35.58000183105469,35.189998626708984,35.31999969482422,2459000
2021-09-17,30.84181785583496,34.90999984741211,35.4900016784668,34.470001220703125,35.439998626708984,18132500
2021-09-20,30.32056999206543,34.31999969482422,34.91999816894531,34.119998931884766,34.91999816894531,6339000
2021-09-21,30.029033660888672,33.9900016784668,34.70000076293945,33.83000183105469,34.540000915527344,9602600
2021-09-22,30.329404830932617,34.33000183105469,34.470001220703125,33.93000030517578,34.0,9742300
2021-09-23,30.302902221679688,34.29999923706055,34.470001220703125,34.209999084472656,34.290000915527344,5581400
2021-09-24,29.923015594482422,33.869998931884766,34.349998474121094,33.84000015258789,34.2599983215332,6719400
2021-09-27,30.046693801879883,34.0099983215332,34.349998474121094,33.77000045776367,33.779998779296875,6453600
2021-09-28,30.073200225830078,34.040000915527344,34.16999816894531,33.7400016784668,33.84000015258789,10209000
2021-09-29,30.603282928466797,34.63999938964844,35.0099983215332,33.95000076293945,34.08000183105469,8728300
2021-09-30,30.343900680541992,34.15999984741211,34.709999084472656,34.150001525878906,34.59000015258789,6257400
2021-10-01,29.491146087646484,33.20000076293945,35.2599983215332,33.09000015258789,35.08000183105469,15124600
2021-10-04,29.064769744873047,32.720001220703125,33.279998779296875,32.439998626708984,33.02000045776367,9622000
2021-10-05,29.695457458496094,33.43000030517578,33.79999923706055,32.720001220703125,32.7599983215332,7410100
2021-10-06,30.299488067626953,34.11000061035156,34.13999938964844,33.08000183105469,33.189998626708984,7420500
2021-10-07,31.098947525024414,35.0099983215332,35.02000045776367,34.119998931884766,34.279998779296875,8532500
2021-10-08,31.1256046295166,35.040000915527344,35.2400016784668,34.810001373291016,34.9900016784668,6099600
2021-10-11,31.20554542541504,35.130001068115234,35.279998779296875,34.88999938964844,35.099998474121094,5606700
2021-10-12,31.232194900512695,35.15999984741211,35.29999923706055,34.95000076293945,35.189998626708984,10416500
2021-10-13,31.89840316772461,35.90999984741211,35.93000030517578,35.27000045776367,35.33000183105469,8727600
2021-10-14,31.614151000976562,35.59000015258789,36.529998779296875,35.4900016784668,36.0,9785000
2021-10-15,31.365432739257812,35.310001373291016,35.68000030517578,35.040000915527344,35.630001068115234,5894600
2021-10-18,30.87687110900879,34.7599983215332,35.25,34.72999954223633,35.209999084472656,4628400
2021-10-19,30.867990493774414,34.75,34.81999969482422,34.43000030517578,34.75,2993800
2021-10-20,31.001237869262695,34.900001525878906,35.11000061035156,34.7400016784668,34.869998931884766,3015700
2021-10-21,30.53931999206543,34.380001068115234,34.869998931884766,34.22999954223633,34.77000045776367,4347900
2021-10-22,30.788049697875977,34.65999984741211,34.790000915527344,34.439998626708984,34.45000076293945,3067500
2021-10-25,30.592626571655273,34.439998626708984,34.72999954223633,34.38999938964844,34.720001220703125,3442800
2021-10-26,30.716995239257812,34.58000183105469,34.66999816894531,34.279998779296875,34.470001220703125,3193200
2021-10-27,30.379440307617188,34.20000076293945,34.70000076293945,34.130001068115234,34.66999816894531,4506600
2021-10-28,31.525331497192383,35.4900016784668,35.5099983215332,34.279998779296875,34.5,5121100
2021-10-29,32.05830001831055,36.09000015258789,36.41999816894531,35.38999938964844,35.529998779296875,7624500
2021-11-01,32.33366775512695,36.400001525878906,36.459999084472656,35.810001373291016,35.939998626708984,5263400
2021-11-02,31.951705932617188,35.970001220703125,36.529998779296875,35.79999923706055,36.45000076293945,4208800
2021-11-03,32.05830001831055,36.09000015258789,36.16999816894531,35.689998626708984,35.810001373291016,6673400
2021-11-04,32.11159133911133,36.150001525878906,36.40999984741211,35.97999954223633,36.08000183105469,3088800
2021-11-05,32.3159065246582,36.380001068115234,36.5,36.20000076293945,36.349998474121094,4523200
2021-11-08,31.765165328979492,35.7599983215332,36.58000183105469,35.470001220703125,36.400001525878906,5731900
2021-11-09,31.78293228149414,35.779998779296875,36.2400016784668,35.709999084472656,35.81999969482422,6364300
2021-11-10,31.86287498474121,35.869998931884766,36.2599983215332,35.689998626708984,35.869998931884766,9510200
2021-11-11,31.64080238342285,35.619998931884766,35.900001525878906,35.540000915527344,35.900001525878906,2533000
2021-11-12,31.685216903686523,35.66999816894531,35.86000061035156,35.459999084472656,35.650001525878906,3839600
2021-11-15,31.72074317932129,35.709999084472656,35.709999084472656,35.400001525878906,35.56999969482422,2316700
2021-11-16,31.605276107788086,35.58000183105469,36.06999969482422,35.560001373291016,35.9900016784668,3344800
2021-11-17,31.694103240966797,35.68000030517578,35.709999084472656,35.33000183105469,35.4900016784668,3429900
2021-11-18,31.59638786315918,35.56999969482422,35.709999084472656,35.36000061035156,35.650001525878906,4703700
2021-11-19,31.232194900512695,35.15999984741211,35.56999969482422,35.0099983215332,35.56999969482422,4255900
2021-11-22,31.853992462158203,35.86000061035156,35.900001525878906,34.75,35.150001525878906,5887100
2021-11-23,31.89840316772461,35.90999984741211,36.220001220703125,35.619998931884766,35.86000061035156,4522600
2021-11-24,31.64080238342285,35.619998931884766,35.91999816894531,35.380001068115234,35.900001525878906,3885900
2021-11-26,31.072296142578125,34.97999954223633,35.619998931884766,34.91999816894531,35.619998931884766,2846500
2021-11-29,31.241079330444336,35.16999816894531,35.27000045776367,34.650001525878906,34.650001525878906,3977500
2021-11-30,30.192901611328125,33.9900016784668,35.16999816894531,33.790000915527344,35.16999816894531,5796000
2021-12-01,29.810928344726562,33.560001373291016,34.40999984741211,33.540000915527344,34.380001068115234,4991600
2021-12-02,30.343900680541992,34.15999984741211,34.380001068115234,33.790000915527344,33.790000915527344,6371200
2021-12-03,30.6192684173584,34.470001220703125,34.5099983215332,33.9900016784668,34.290000915527344,7301700
2021-12-06,30.91240692138672,34.79999923706055,35.09000015258789,34.66999816894531,34.79999923706055,5610100
2021-12-07,31.02788543701172,34.93000030517578,35.0099983215332,34.43000030517578,34.650001525878906,5232800
2021-12-08,30.921289443969727,34.810001373291016,34.93000030517578,34.349998474121094,34.70000076293945,5109700
2021-12-09,30.725862503051758,34.59000015258789,34.790000915527344,34.279998779296875,34.70000076293945,5401100
2021-12-10,31.374319076538086,35.31999969482422,35.59000015258789,34.72999954223633,34.810001373291016,5941500
2021-12-13,31.356557846069336,35.29999923706055,35.54999923706055,35.16999816894531,35.369998931884766,5709400
2021-12-14,31.14336585998535,35.060001373291016,35.4900016784668,35.029998779296875,35.279998779296875,7993300
2021-12-15,31.667444229125977,35.650001525878906,35.779998779296875,35.04999923706055,35.060001373291016,6516900
2021-12-16,31.711864471435547,35.70000076293945,36.029998779296875,35.47999954223633,35.58000183105469,7527500
2021-12-17,31.694103240966797,35.68000030517578,36.04999923706055,35.47999954223633,35.56999969482422,10614800
2021-12-20,31.516443252563477,35.47999954223633,35.540000915527344,35.060001373291016,35.20000076293945,4841200
2021-12-21,31.374319076538086,35.31999969482422,35.61000061035156,35.150001525878906,35.529998779296875,4734900
2021-12-22,31.86287498474121,35.869998931884766,35.90999984741211,35.16999816894531,35.29999923706055,5576900
2021-12-23,31.925048828125,35.939998626708984,36.029998779296875,35.63999938964844,35.90999984741211,6120300
2021-12-27,32.0760612487793,36.11000061035156,36.13999938964844,35.63999938964844,35.63999938964844,2842300
2021-12-28,32.307010650634766,36.369998931884766,36.380001068115234,36.040000915527344,36.08000183105469,2509700
2021-12-29,32.493560791015625,36.58000183105469,36.66999816894531,36.279998779296875,36.33000183105469,3438600
2021-12-30,32.5823860168457,36.68000030517578,36.97999954223633,36.63999938964844,36.689998626708984,4015000
2021-12-31,32.74228286743164,36.86000061035156,36.95000076293945,36.470001220703125,36.63999938964844,3726600
2022-01-03,32.60903549194336,36.709999084472656,36.7599983215332,36.25,36.63999938964844,3508900
2022-01-04,33.09758758544922,37.2599983215332,37.400001525878906,36.77000045776367,36.790000915527344,5305600
2022-01-05,33.06009292602539,37.029998779296875,37.540000915527344,36.77000045776367,36.93000030517578,5777400
2022-01-06,33.41720962524414,37.43000030517578,37.88999938964844,36.97999954223633,36.97999954223633,6505000
2022-01-07,33.3011474609375,37.29999923706055,37.40999984741211,36.9900016784668,37.29999923706055,4939200
2022-01-10,33.31007766723633,37.310001373291016,37.54999923706055,37.119998931884766,37.36000061035156,7937500
2022-01-11,33.77433776855469,37.83000183105469,37.900001525878906,37.0,37.220001220703125,7580500
2022-01-12,33.93502426147461,38.0099983215332,38.029998779296875,37.54999923706055,37.7400016784668,7862300
2022-01-13,34.3278694152832,38.45000076293945,38.5099983215332,37.86000061035156,38.04999923706055,7646100
2022-01-14,35.06887435913086,39.279998779296875,39.349998474121094,38.16999816894531,38.41999816894531,8022500
2022-01-18,34.06002426147461,38.150001525878906,39.11000061035156,38.0099983215332,39.04999923706055,9632700
2022-01-19,34.2653694152832,38.380001068115234,38.61000061035156,37.9900016784668,38.279998779296875,5019300
2022-01-20,34.02431106567383,38.11000061035156,38.65999984741211,38.08000183105469,38.380001068115234,4903500
2022-01-21,33.77433776855469,37.83000183105469,38.709999084472656,37.79999923706055,38.2599983215332,6089300
2022-01-24,34.077884674072266,38.16999816894531,38.279998779296875,37.369998931884766,38.0099983215332,10963700
2022-01-25,33.997535705566406,38.08000183105469,38.40999984741211,37.43000030517578,37.939998626708984,6712700
2022-01-26,33.39936447143555,37.40999984741211,38.13999938964844,37.16999816894531,37.709999084472656,10407900
2022-01-27,33.56898880004883,37.599998474121094,38.52000045776367,37.40999984741211,37.40999984741211,5411900
2022-01-28,33.604698181152344,37.63999938964844,37.66999816894531,37.060001373291016,37.310001373291016,8513700
2022-01-31,33.881473541259766,37.95000076293945,38.08000183105469,37.310001373291016,37.31999969482422,8517600
2022-02-01,34.05109405517578,38.13999938964844,38.189998626708984,37.47999954223633,37.9900016784668,5775200
2022-02-02,34.613548278808594,38.77000045776367,38.88999938964844,38.16999816894531,38.29999923706055,5636500
2022-02-03,34.595699310302734,38.75,39.04999923706055,38.41999816894531,38.7400016784668,7443700
2022-02-04,34.140380859375,38.2400016784668,38.650001525878906,37.880001068115234,38.38999938964844,5495900
2022-02-07,34.435001373291016,38.56999969482422,38.72999954223633,38.150001525878906,38.33000183105469,5469300
2022-02-08,34.684974670410156,38.849998474121094,39.029998779296875,38.47999954223633,38.66999816894531,6673400
2022-02-09,34.533203125,38.68000030517578,39.130001068115234,38.58000183105469,39.09000015258789,4168700
2022-02-10,34.176082611083984,38.279998779296875,38.709999084472656,38.02000045776367,38.029998779296875,6926000
2022-02-11,33.952884674072266,38.029998779296875,38.41999816894531,37.939998626708984,38.20000076293945,7005400
2022-02-14,34.01537322998047,38.099998474121094,38.22999954223633,37.61000061035156,38.119998931884766,6406200
2022-02-15,33.863609313964844,37.93000030517578,38.619998931884766,37.88999938964844,38.41999816894531,5583500
2022-02-16,33.854679107666016,37.91999816894531,38.16999816894531,37.650001525878906,37.95000076293945,7719100
2022-02-17,33.854679107666016,37.91999816894531,38.38999938964844,37.65999984741211,38.38999938964844,5994200
2022-02-18,34.35464096069336,38.47999954223633,38.61000061035156,37.77000045776367,37.779998779296875,6686300
2022-02-22,34.435001373291016,38.56999969482422,38.75,38.150001525878906,38.540000915527344,6932600
2022-02-23,33.97967529296875,38.060001373291016,38.7400016784668,38.060001373291016,38.540000915527344,7046400
2022-02-24,32.720848083496094,36.650001525878906,37.619998931884766,35.91999816894531,37.22999954223633,7374500
2022-02-25,34.193946838378906,38.29999923706055,38.40999984741211,36.849998474121094,36.900001525878906,8460500
2022-02-28,34.52428436279297,38.66999816894531,38.709999084472656,37.34000015258789,37.400001525878906,7980600
2022-03-01,34.06895446777344,38.15999984741211,38.790000915527344,37.97999954223633,38.380001068115234,6055500
2022-03-02,34.47071075439453,38.61000061035156,38.779998779296875,38.04999923706055,38.38999938964844,3860000
2022-03-03,34.47071075439453,38.61000061035156,38.880001068115234,38.529998779296875,38.68000030517578,5555900
2022-03-04,34.71177291870117,38.880001068115234,39.029998779296875,37.91999816894531,38.220001220703125,6418500
2022-03-07,34.05109405517578,38.13999938964844,39.25,38.060001373291016,38.779998779296875,6681800
2022-03-08,33.220802307128906,37.209999084472656,38.36000061035156,37.13999938964844,38.11000061035156,6479500
2022-03-09,33.59577941894531,37.630001068115234,37.93000030517578,36.97999954223633,37.709999084472656,9897100
2022-03-10,33.21187210083008,37.20000076293945,38.25,36.5099983215332,37.15999984741211,8174500
2022-03-11,32.86368179321289,36.810001373291016,37.75,36.75,37.34000015258789,6844900
2022-03-14,33.06901550292969,37.040000915527344,37.189998626708984,36.84000015258789,36.849998474121094,7036600
2022-03-15,33.33686065673828,37.34000015258789,37.5099983215332,37.099998474121094,37.369998931884766,6329300
2022-03-16,33.443992614746094,37.459999084472656,37.650001525878906,36.7599983215332,37.209999084472656,9275300
2022-03-17,33.7475471496582,37.79999923706055,38.11000061035156,37.43000030517578,37.43000030517578,5815000
2022-03-18,33.75647735595703,37.810001373291016,37.91999816894531,37.439998626708984,37.790000915527344,8574100
2022-03-21,33.72969055175781,37.779998779296875,38.13999938964844,37.470001220703125,37.79999923706055,4065700
2022-03-22,33.77433776855469,37.83000183105469,37.9900016784668,37.33000183105469,37.33000183105469,4241800
2022-03-23,32.91725540161133,36.869998931884766,37.9900016784668,36.81999969482422,37.779998779296875,5153300
2022-03-24,33.265438079833984,37.2599983215332,37.279998779296875,36.810001373291016,37.040000915527344,3461400
2022-03-25,33.55113983154297,37.58000183105469,37.630001068115234,37.150001525878906,37.189998626708984,2957900
2022-03-28,33.92611312866211,38.0,38.02000045776367,37.36000061035156,37.68000030517578,3424200
2022-03-29,34.18501281738281,38.290000915527344,38.459999084472656,37.849998474121094,38.02000045776367,4116300
2022-03-30,34.06002426147461,38.150001525878906,38.310001373291016,37.86000061035156,38.06999969482422,3625700
2022-03-31,34.0044059753418,37.900001525878906,38.31999969482422,37.88999938964844,38.150001525878906,4288500
2022-04-01,34.30945587158203,38.2400016784668,38.2400016784668,37.7599983215332,37.959999084472656,2568200
2022-04-04,34.4171142578125,38.36000061035156,38.369998931884766,37.599998474121094,38.040000915527344,4516200
2022-04-05,33.152042388916016,36.95000076293945,38.220001220703125,36.88999938964844,38.04999923706055,10494800
2022-04-06,33.94160461425781,37.83000183105469,38.040000915527344,36.81999969482422,37.0,7593100
2022-04-07,33.74420166015625,37.61000061035156,37.849998474121094,37.290000915527344,37.810001373291016,4763400
2022-04-08,33.78009796142578,37.650001525878906,37.880001068115234,37.40999984741211,37.689998626708984,5913600
2022-04-11,33.72625732421875,37.59000015258789,38.040000915527344,37.58000183105469,37.779998779296875,4409100
2022-04-12,33.762149810791016,37.630001068115234,37.900001525878906,37.349998474121094,37.720001220703125,6237100
2022-04-13,33.7890625,37.65999984741211,37.86000061035156,37.459999084472656,37.779998779296875,6241700
2022-04-14,33.41224670410156,37.2400016784668,37.79999923706055,37.189998626708984,37.7400016784668,5109900
2022-04-18,32.999515533447266,36.779998779296875,37.470001220703125,36.58000183105469,37.20000076293945,8055300
2022-04-19,33.699344635009766,37.560001373291016,37.689998626708984,36.75,36.91999816894531,8806500
2022-04-20,34.103092193603516,38.0099983215332,38.04999923706055,37.529998779296875,37.70000076293945,6061600
2022-04-21,33.654483795166016,37.5099983215332,38.279998779296875,37.47999954223633,38.08000183105469,6735300
2022-04-22,33.19690704345703,37.0,37.65999984741211,36.97999954223633,37.59000015258789,5430500
2022-04-25,33.466068267822266,37.29999923706055,37.439998626708984,36.63999938964844,37.31999969482422,6044500
2022-04-26,33.24176788330078,37.04999923706055,37.650001525878906,37.02000045776367,37.290000915527344,7729200
2022-04-27,33.968505859375,37.86000061035156,38.189998626708984,37.18000030517578,37.25,6655300
2022-04-28,34.085147857666016,37.9900016784668,38.279998779296875,36.68000030517578,37.369998931884766,7437900
2022-04-29,33.555789947509766,37.400001525878906,38.54999923706055,37.31999969482422,38.0,7760800
2022-05-02,32.775211334228516,36.529998779296875,37.86000061035156,36.029998779296875,37.52000045776367,9331600
2022-05-03,33.367374420166016,37.189998626708984,37.4900016784668,36.720001220703125,36.849998474121094,8822000
2022-05-04,33.394290924072266,37.220001220703125,37.310001373291016,36.56999969482422,37.09000015258789,9463700
2022-05-05,33.25074005126953,37.060001373291016,37.36000061035156,36.720001220703125,37.36000061035156,8480900
2022-05-06,33.161014556884766,36.959999084472656,37.189998626708984,36.540000915527344,36.970001220703125,7708800
2022-05-09,33.322509765625,37.13999938964844,37.560001373291016,36.650001525878906,36.900001525878906,9552300
2022-05-10,33.19690704345703,37.0,37.66999816894531,36.619998931884766,37.45000076293945,8336100
2022-05-11,33.57373809814453,37.41999816894531,38.0099983215332,36.709999084472656,36.709999084472656,9595900
2022-05-12,33.0713005065918,36.86000061035156,37.5099983215332,36.5,37.40999984741211,14181500
2022-05-13,33.38532638549805,37.209999084472656,37.439998626708984,36.779998779296875,36.869998931884766,13123700
2022-05-16,33.17896270751953,36.97999954223633,37.40999984741211,36.849998474121094,37.13999938964844,11106400
2022-05-17,32.27278137207031,35.970001220703125,37.060001373291016,35.38999938964844,36.93000030517578,18922100
2022-05-18,30.97181510925293,34.52000045776367,35.93000030517578,34.4900016784668,35.90999984741211,12435500
2022-05-19,30.801345825195312,34.33000183105469,34.58000183105469,33.66999816894531,34.369998931884766,13273100
2022-05-20,31.025657653808594,34.58000183105469,34.66999816894531,33.560001373291016,34.619998931884766,12284500
2022-05-23,31.366588592529297,34.959999084472656,35.16999816894531,34.720001220703125,34.9900016784668,7168400
2022-05-24,31.662675857543945,35.290000915527344,35.310001373291016,34.72999954223633,34.959999084472656,10467900
2022-05-25,31.70753288269043,35.34000015258789,35.52000045776367,34.9900016784668,35.349998474121094,10498300
2022-05-26,31.878002166748047,35.529998779296875,35.77000045776367,35.27000045776367,35.380001068115234,10005700
2022-05-27,31.56397819519043,35.18000030517578,35.869998931884766,34.959999084472656,35.61000061035156,11456000
2022-05-31,31.16920280456543,34.7400016784668,35.099998474121094,34.52000045776367,35.08000183105469,35586700
2022-06-01,31.079484939575195,34.63999938964844,34.900001525878906,34.04999923706055,34.7400016784668,8627200
2022-06-02,31.689594268798828,35.31999969482422,35.33000183105469,34.22999954223633,34.7400016784668,10894500
2022-06-03,31.339675903320312,34.93000030517578,35.290000915527344,34.83000183105469,35.25,6982100
2022-06-06,32.927738189697266,36.70000076293945,37.31999969482422,36.2400016784668,37.25,23883000
2022-06-07,32.667545318603516,36.40999984741211,36.7599983215332,36.20000076293945,36.45000076293945,10389600
2022-06-08,32.32660675048828,36.029998779296875,36.380001068115234,35.88999938964844,36.220001220703125,10141800
2022-06-09,32.03949737548828,35.709999084472656,36.56999969482422,35.689998626708984,36.029998779296875,9569900
2022-06-10,31.842117309570312,35.4900016784668,35.79999923706055,35.20000076293945,35.349998474121094,9521100
2022-06-13,31.13331413269043,34.70000076293945,35.38999938964844,34.61000061035156,35.09000015258789,10588100
2022-06-14,30.864154815673828,34.400001525878906,35.0099983215332,34.15999984741211,34.88999938964844,10030300
2022-06-15,31.26789665222168,34.849998474121094,35.099998474121094,34.439998626708984,34.52000045776367,11669800
2022-06-16,30.900035858154297,34.439998626708984,34.900001525878906,34.31999969482422,34.52000045776367,18528000
2022-06-17,30.819290161132812,34.349998474121094,34.90999984741211,33.349998474121094,34.630001068115234,143326600
2022-06-21,31.348644256591797,34.939998626708984,35.27000045776367,34.11000061035156,34.189998626708984,15772000
2022-06-22,31.294803619384766,34.880001068115234,35.40999984741211,34.72999954223633,34.959999084472656,11467200
2022-06-23,31.59089469909668,35.209999084472656,35.38999938964844,34.93000030517578,35.06999969482422,11130900
2022-06-24,32.0843620300293,35.7599983215332,35.90999984741211,35.060001373291016,35.529998779296875,15239700
2022-06-27,32.20100402832031,35.88999938964844,36.04999923706055,35.709999084472656,35.7599983215332,6617300
2022-06-28,31.860057830810547,35.5099983215332,36.33000183105469,35.4900016784668,35.959999084472656,7036600
2022-06-29,32.01258087158203,35.68000030517578,35.959999084472656,35.52000045776367,35.65999984741211,7246400
2022-06-30,31.920576095581055,35.38999938964844,35.619998931884766,35.060001373291016,35.150001525878906,7680500
2022-07-01,32.53391647338867,36.06999969482422,36.15999984741211,35.040000915527344,35.220001220703125,5867300
2022-07-05,32.705299377441406,36.2599983215332,36.27000045776367,35.439998626708984,36.08000183105469,7186000
2022-07-06,32.425689697265625,35.95000076293945,36.459999084472656,35.869998931884766,36.290000915527344,8696200
2022-07-07,32.606075286865234,36.150001525878906,36.27000045776367,35.93000030517578,36.0,6471400
2022-07-08,32.65117263793945,36.20000076293945,36.33000183105469,35.810001373291016,36.220001220703125,7374600
2022-07-11,32.59706115722656,36.13999938964844,36.380001068115234,36.0,36.31999969482422,5827100
2022-07-12,32.741371154785156,36.29999923706055,36.630001068115234,36.099998474121094,36.25,6359800
2022-07-13,32.8586311340332,36.43000030517578,36.599998474121094,35.939998626708984,36.220001220703125,5349000
2022-07-14,32.82255172729492,36.38999938964844,36.43000030517578,35.83000183105469,35.88999938964844,6379600
2022-07-15,33.039024353027344,36.630001068115234,36.880001068115234,36.279998779296875,36.81999969482422,6345500
2022-07-18,32.61509704589844,36.15999984741211,36.68000030517578,36.040000915527344,36.66999816894531,6312700
2022-07-19,32.903724670410156,36.47999954223633,36.619998931884766,36.2599983215332,36.529998779296875,7134600
2022-07-20,32.750396728515625,36.310001373291016,36.52000045776367,36.130001068115234,36.47999954223633,5573700
2022-07-21,32.723331451416016,36.279998779296875,36.459999084472656,35.95000076293945,36.27000045776367,7490700
2022-07-22,32.8586311340332,36.43000030517578,36.599998474121094,36.18000030517578,36.45000076293945,5940500
2022-07-25,33.15627670288086,36.7599983215332,36.90999984741211,36.439998626708984,36.5,3873400
2022-07-26,33.435890197753906,37.06999969482422,37.130001068115234,36.529998779296875,36.77000045776367,6662300
2022-07-27,33.47196960449219,37.11000061035156,37.400001525878906,36.599998474121094,36.90999984741211,8090900
2022-07-28,34.7256965637207,38.5,38.540000915527344,36.9900016784668,37.439998626708984,9055800
2022-07-29,34.94217300415039,38.7400016784668,38.7599983215332,38.130001068115234,38.290000915527344,7316800
2022-08-01,35.09550476074219,38.90999984741211,39.41999816894531,38.810001373291016,38.849998474121094,8587400
2022-08-02,34.779815673828125,38.560001373291016,38.970001220703125,38.43000030517578,38.95000076293945,5576900
2022-08-03,35.26688003540039,39.099998474121094,39.150001525878906,38.25,38.61000061035156,5835500
2022-08-04,34.888057708740234,38.68000030517578,39.06999969482422,38.47999954223633,39.040000915527344,5533600
2022-08-05,34.924129486083984,38.720001220703125,38.7400016784668,38.099998474121094,38.59000015258789,5975200
2022-08-08,34.97825241088867,38.779998779296875,39.08000183105469,38.630001068115234,38.95000076293945,4719300
2022-08-09,35.2758903503418,39.11000061035156,39.279998779296875,38.79999923706055,38.939998626708984,7192600
2022-08-10,35.80805587768555,39.70000076293945,39.77000045776367,39.22999954223633,39.290000915527344,10802700
2022-08-11,35.19472122192383,39.02000045776367,40.06999969482422,38.97999954223633,39.84000015258789,7121600
2022-08-12,35.447269439697266,39.29999923706055,39.33000183105469,39.08000183105469,39.119998931884766,6209700
2022-08-15,36.03354263305664,39.95000076293945,40.0099983215332,39.22999954223633,39.25,5394000
2022-08-16,36.15081024169922,40.08000183105469,40.45000076293945,39.91999816894531,40.0,6640100
2022-08-17,36.123741149902344,40.04999923706055,40.36000061035156,39.90999984741211,40.09000015258789,6330800
2022-08-18,36.10569763183594,40.029998779296875,41.310001373291016,39.9900016784668,40.119998931884766,8202700
2022-08-19,36.04256057739258,39.959999084472656,40.27000045776367,39.779998779296875,39.95000076293945,11083500
2022-08-22,35.609622955322266,39.47999954223633,39.9900016784668,39.400001525878906,39.720001220703125,5536300
2022-08-23,35.618648529052734,39.4900016784668,39.70000076293945,39.27000045776367,39.34000015258789,4820900
2022-08-24,35.72688293457031,39.61000061035156,39.790000915527344,39.33000183105469,39.56999969482422,4097800
2022-08-25,35.799041748046875,39.689998626708984,39.81999969482422,39.4900016784668,39.61000061035156,4581500
2022-08-26,34.83393478393555,38.619998931884766,39.79999923706055,38.58000183105469,39.72999954223633,8000800
2022-08-29,34.99629592895508,38.79999923706055,39.02000045776367,38.349998474121094,38.43000030517578,5321600
2022-08-30,34.65353775024414,38.41999816894531,38.7400016784668,38.290000915527344,38.70000076293945,4506300
2022-08-31,34.38295364379883,38.119998931884766,38.630001068115234,38.04999923706055,38.599998474121094,6967800
2022-09-01,34.572364807128906,38.33000183105469,38.369998931884766,37.79999923706055,38.08000183105469,4412100
2022-09-02,34.12139129638672,37.83000183105469,38.810001373291016,37.650001525878906,38.54999923706055,5892500
2022-09-06,33.88687515258789,37.56999969482422,38.18000030517578,37.5099983215332,37.869998931884766,7344200
2022-09-07,34.581382751464844,38.34000015258789,38.41999816894531,37.689998626708984,37.720001220703125,5000900
2022-09-08,34.68961715698242,38.459999084472656,38.5099983215332,38.029998779296875,38.310001373291016,6240400
2022-09-09,34.89706802368164,38.689998626708984,38.900001525878906,38.33000183105469,38.540000915527344,5260500
2022-09-12,35.18570327758789,39.0099983215332,39.08000183105469,38.709999084472656,38.810001373291016,5026500
2022-09-13,33.9951057434082,37.689998626708984,38.90999984741211,37.58000183105469,38.650001525878906,7023500
2022-09-14,34.04020309448242,37.7400016784668,38.15999984741211,37.529998779296875,37.84000015258789,6900000
2022-09-15,33.5802116394043,37.22999954223633,38.06999969482422,37.15999984741211,37.79999923706055,8293500
2022-09-16,33.52607345581055,37.16999816894531,37.47999954223633,36.709999084472656,37.06999969482422,33297800
2022-09-19,34.067256927490234,37.77000045776367,37.849998474121094,36.900001525878906,37.2400016784668,7525200
2022-09-20,33.760589599609375,37.43000030517578,37.70000076293945,37.15999984741211,37.65999984741211,4492000
2022-09-21,33.51706314086914,37.15999984741211,37.95000076293945,37.150001525878906,37.66999816894531,6009900
2022-09-22,33.47196960449219,37.11000061035156,37.380001068115234,37.04999923706055,37.209999084472656,5758500
2022-09-23,33.444908142089844,37.08000183105469,37.119998931884766,36.619998931884766,37.029998779296875,5849100
2022-09-26,33.625301361083984,37.279998779296875,37.529998779296875,36.95000076293945,37.02000045776367,7144500
2022-09-27,32.443729400634766,35.970001220703125,36.97999954223633,35.91999816894531,36.77000045776367,10634800
2022-09-28,32.98490524291992,36.56999969482422,36.72999954223633,35.709999084472656,36.040000915527344,5853400
2022-09-29,32.75817108154297,36.119998931884766,36.58000183105469,35.79999923706055,36.58000183105469,6318400
2022-09-30,32.48609161376953,35.81999969482422,36.34000015258789,35.779998779296875,36.31999969482422,8143000
2022-10-03,33.43837356567383,36.869998931884766,36.90999984741211,35.810001373291016,35.93000030517578,11361500
2022-10-04,33.79206466674805,37.2599983215332,37.56999969482422,36.790000915527344,37.13999938964844,10721500
2022-10-05,33.95530700683594,37.439998626708984,37.689998626708984,36.84000015258789,37.22999954223633,5555400
2022-10-06,33.6832275390625,37.13999938964844,37.529998779296875,37.0099983215332,37.310001373291016,5237000
2022-10-07,33.10279846191406,36.5,37.20000076293945,36.45000076293945,37.20000076293945,7064800
2022-10-10,33.529056549072266,36.970001220703125,37.06999969482422,36.310001373291016,36.43000030517578,5683500
2022-10-11,34.055076599121094,37.54999923706055,38.0099983215332,37.060001373291016,37.099998474121094,10534900
2022-10-12,34.20018768310547,37.709999084472656,38.0,37.5099983215332,37.939998626708984,8563400
2022-10-13,34.59016418457031,38.13999938964844,38.2400016784668,36.9900016784668,37.209999084472656,6389600
2022-10-14,33.85554504394531,37.33000183105469,38.400001525878906,37.11000061035156,38.33000183105469,9240000
2022-10-17,34.24552917480469,37.7599983215332,38.0099983215332,37.54999923706055,37.650001525878906,5534100
2022-10-18,34.79875183105469,38.369998931884766,38.52000045776367,38.029998779296875,38.29999923706055,4471300
2022-10-19,34.263671875,37.779998779296875,38.5099983215332,37.5,38.349998474121094,5436500
2022-10-20,33.810203552246094,37.279998779296875,37.79999923706055,37.2400016784668,37.720001220703125,4461000
2022-10-21,34.118560791015625,37.619998931884766,37.70000076293945,37.0,37.279998779296875,6020900
2022-10-24,34.86223602294922,38.439998626708984,38.4900016784668,37.63999938964844,38.13999938964844,6972100
2022-10-25,34.962005615234375,38.54999923706055,38.630001068115234,38.13999938964844,38.54999923706055,5628700
2022-10-26,35.15245056152344,38.7599983215332,39.15999984741211,38.619998931884766,38.83000183105469,7665600
2022-10-27,34.56295394897461,38.11000061035156,38.130001068115234,37.25,37.619998931884766,7209100
2022-10-28,35.86892318725586,39.54999923706055,39.72999954223633,38.34000015258789,38.34000015258789,8038300
2022-10-31,35.225013732910156,38.84000015258789,39.150001525878906,38.5099983215332,38.959999084472656,6865800
2022-11-01,34.318084716796875,37.84000015258789,38.95000076293945,37.790000915527344,38.95000076293945,9435500
2022-11-02,33.53812789916992,36.97999954223633,37.970001220703125,36.91999816894531,37.84000015258789,10968100
2022-11-03,32.912349700927734,36.290000915527344,36.70000076293945,36.2599983215332,36.65999984741211,9893300
2022-11-04,33.53812789916992,36.97999954223633,37.04999923706055,36.349998474121094,36.58000183105469,7834200
2022-11-07,33.973445892333984,37.459999084472656,37.630001068115234,37.06999969482422,37.130001068115234,6723900
2022-11-08,34.408775329589844,37.939998626708984,38.130001068115234,37.38999938964844,37.459999084472656,5692000
2022-11-09,34.07321548461914,37.56999969482422,38.220001220703125,37.540000915527344,37.81999969482422,5343100
2022-11-10,34.408775329589844,37.939998626708984,38.5099983215332,37.13999938964844,38.33000183105469,10099000
2022-11-11,33.864627838134766,37.34000015258789,38.11000061035156,36.88999938964844,38.040000915527344,7058600
2022-11-14,33.13908004760742,36.540000915527344,37.470001220703125,36.4900016784668,37.41999816894531,11253700
2022-11-15,33.18442153930664,36.59000015258789,37.11000061035156,36.20000076293945,37.0099983215332,10151100
2022-11-16,33.275115966796875,36.689998626708984,37.029998779296875,36.54999923706055,36.88999938964844,7325700
2022-11-17,33.41115951538086,36.84000015258789,36.900001525878906,36.439998626708984,36.540000915527344,6967600
2022-11-18,33.93717956542969,37.41999816894531,37.45000076293945,37.02000045776367,37.13999938964844,8186900
2022-11-21,34.46319580078125,38.0,38.029998779296875,37.41999816894531,37.61000061035156,6913800
2022-11-22,34.76248550415039,38.33000183105469,38.459999084472656,38.189998626708984,38.310001373291016,5505100
2022-11-23,34.7534065246582,38.31999969482422,38.40999984741211,38.119998931884766,38.33000183105469,4740200
2022-11-25,34.68993377685547,38.25,38.40999984741211,38.119998931884766,38.25,3574300
2022-11-28,34.64457702636719,38.20000076293945,38.41999816894531,38.08000183105469,38.31999969482422,6261300
2022-11-29,34.553871154785156,38.099998474121094,38.36000061035156,37.86000061035156,38.09000015258789,6775100
2022-11-30,35.07083511352539,38.66999816894531,38.70000076293945,37.779998779296875,38.040000915527344,12768600
2022-12-01,35.107112884521484,38.709999084472656,38.849998474121094,38.560001373291016,38.77000045776367,6044200
2022-12-02,35.13432312011719,38.7400016784668,38.939998626708984,38.47999954223633,38.599998474121094,6806300
2022-12-05,34.42691421508789,37.959999084472656,38.33000183105469,37.66999816894531,38.33000183105469,5331800
2022-12-06,34.16389846801758,37.66999816894531,38.2400016784668,37.599998474121094,37.97999954223633,6213300
2022-12-07,34.408775329589844,37.939998626708984,38.0099983215332,37.65999984741211,37.9900016784668,6277400
2022-12-08,34.744346618652344,38.310001373291016,38.349998474121094,37.79999923706055,37.939998626708984,4679800
2022-12-09,34.39970779418945,37.93000030517578,38.380001068115234,37.900001525878906,38.380001068115234,7246400
2022-12-12,34.54481506347656,38.09000015258789,38.130001068115234,37.4900016784668,38.11000061035156,7400900
2022-12-13,34.13669204711914,37.63999938964844,38.689998626708984,37.459999084472656,38.630001068115234,8782600
2022-12-14,33.864627838134766,37.34000015258789,37.97999954223633,36.970001220703125,37.58000183105469,9561500
2022-12-15,33.220706939697266,36.630001068115234,37.22999954223633,36.38999938964844,37.040000915527344,11241900
2022-12-16,32.71281814575195,36.06999969482422,36.209999084472656,35.45000076293945,36.150001525878906,20447400
2022-12-19,32.93954849243164,36.31999969482422,36.66999816894531,36.02000045776367,36.11000061035156,9273100
2022-12-20,32.8851432800293,36.2599983215332,36.720001220703125,36.11000061035156,36.38999938964844,7863600
2022-12-21,33.1300048828125,36.529998779296875,36.66999816894531,36.209999084472656,36.5099983215332,5664000
2022-12-22,32.912349700927734,36.290000915527344,36.529998779296875,35.939998626708984,36.52000045776367,6452900
2022-12-23,32.984901428222656,36.369998931884766,36.4900016784668,36.16999816894531,36.41999816894531,4176600
2022-12-27,32.74003982543945,36.099998474121094,36.529998779296875,35.95000076293945,36.5,5069500
2022-12-28,32.44075012207031,35.77000045776367,36.33000183105469,35.72999954223633,36.220001220703125,3883300
2022-12-29,32.49516677856445,35.83000183105469,35.97999954223633,35.7400016784668,35.86000061035156,4215700
2022-12-30,32.34098815917969,35.65999984741211,35.83000183105469,35.380001068115234,35.83000183105469,4779800
2023-01-03,32.2412223815918,35.54999923706055,35.709999084472656,35.150001525878906,35.650001525878906,6040500
2023-01-04,32.50423049926758,35.84000015258789,35.869998931884766,35.33000183105469,35.83000183105469,6617400
2023-01-05,32.185028076171875,35.290000915527344,35.540000915527344,35.220001220703125,35.349998474121094,7552300
2023-01-06,33.06968688964844,36.2599983215332,36.38999938964844,35.47999954223633,35.560001373291016,8038600
2023-01-09,32.85991668701172,36.029998779296875,36.560001373291016,36.0099983215332,36.18000030517578,4344100
2023-01-10,32.54983139038086,35.689998626708984,36.16999816894531,35.4900016784668,36.0,4133800
2023-01-11,32.62279510498047,35.77000045776367,35.97999954223633,35.529998779296875,35.939998626708984,7269700
2023-01-12,32.44038772583008,35.56999969482422,35.75,35.290000915527344,35.63999938964844,5248600
2023-01-13,32.54983139038086,35.689998626708984,35.720001220703125,35.349998474121094,35.52000045776367,5821200
2023-01-17,32.586307525634766,35.72999954223633,36.09000015258789,35.650001525878906,35.869998931884766,7441900
2023-01-18,31.856698989868164,34.93000030517578,35.779998779296875,34.83000183105469,35.7400016784668,6286900
2023-01-19,31.336854934692383,34.36000061035156,34.91999816894531,34.349998474121094,34.849998474121094,11358300
2023-01-20,31.65605354309082,34.709999084472656,34.77000045776367,34.20000076293945,34.279998779296875,7148700
2023-01-23,31.6378231048584,34.689998626708984,34.95000076293945,34.529998779296875,34.70000076293945,4860800
2023-01-24,31.902301788330078,34.97999954223633,35.02000045776367,34.310001373291016,34.689998626708984,7954700
2023-01-25,31.884061813354492,34.959999084472656,34.9900016784668,34.599998474121094,34.90999984741211,4943600
2023-01-26,31.856698989868164,34.93000030517578,35.040000915527344,34.65999984741211,34.90999984741211,5554800
2023-01-27,31.646942138671875,34.70000076293945,34.88999938964844,34.529998779296875,34.849998474121094,6367200
2023-01-30,31.665172576904297,34.720001220703125,35.15999984741211,34.560001373291016,34.70000076293945,4571400
2023-01-31,32.17591094970703,35.279998779296875,35.29999923706055,34.7599983215332,35.06999969482422,5887700
2023-02-01,32.230621337890625,35.34000015258789,35.599998474121094,34.939998626708984,35.20000076293945,4645700
2023-02-02,32.11206817626953,35.209999084472656,35.29999923706055,34.84000015258789,35.20000076293945,6256600
2023-02-03,32.057342529296875,35.150001525878906,35.31999969482422,34.5099983215332,35.25,7050800
2023-02-06,32.121185302734375,35.220001220703125,35.29999923706055,34.970001220703125,35.13999938964844,6003300
2023-02-07,32.10294723510742,35.20000076293945,35.2599983215332,34.720001220703125,34.97999954223633,5858600
2023-02-08,31.801984786987305,34.869998931884766,35.209999084472656,34.79999923706055,35.119998931884766,4687400
2023-02-09,31.801984786987305,34.869998931884766,35.34000015258789,34.84000015258789,35.189998626708984,5883900
2023-02-10,32.17591094970703,35.279998779296875,35.349998474121094,34.70000076293945,35.040000915527344,9337400
2023-02-13,32.5224723815918,35.65999984741211,35.65999984741211,35.22999954223633,35.34000015258789,4040200
2023-02-14,32.27622604370117,35.38999938964844,35.63999938964844,35.15999984741211,35.599998474121094,8663600
2023-02-15,32.55894470214844,35.70000076293945,35.7400016784668,35.2400016784668,35.34000015258789,6004900
2023-02-16,32.741363525390625,35.900001525878906,36.0099983215332,35.369998931884766,35.689998626708984,8733000
2023-02-17,32.53158950805664,35.66999816894531,35.95000076293945,35.560001373291016,35.900001525878906,7953300
2023-02-21,32.42215347290039,35.54999923706055,35.689998626708984,35.130001068115234,35.619998931884766,7087700
2023-02-22,32.63191604614258,35.779998779296875,36.04999923706055,35.65999984741211,35.65999984741211,8021300
2023-02-23,32.93288040161133,36.11000061035156,36.22999954223633,35.15999984741211,35.779998779296875,6437900
2023-02-24,32.64103698730469,35.790000915527344,35.91999816894531,35.45000076293945,35.900001525878906,5762100
2023-02-27,32.25798416137695,35.369998931884766,35.91999816894531,35.27000045776367,35.880001068115234,12114900
2023-02-28,31.510133743286133,34.54999923706055,34.849998474121094,34.349998474121094,34.41999816894531,21571400
2023-03-01,31.181808471679688,34.189998626708984,34.41999816894531,34.0099983215332,34.41999816894531,8861700
2023-03-02,31.537506103515625,34.58000183105469,34.650001525878906,34.20000076293945,34.470001220703125,8231200
2023-03-03,31.510133743286133,34.54999923706055,34.68000030517578,34.279998779296875,34.560001373291016,8223900
2023-03-06,31.75638198852539,34.81999969482422,34.939998626708984,34.439998626708984,34.540000915527344,6975800
2023-03-07,31.765501022338867,34.83000183105469,35.02000045776367,34.540000915527344,34.83000183105469,6903600
2023-03-08,31.719898223876953,34.779998779296875,35.09000015258789,34.619998931884766,34.810001373291016,6891500
2023-03-09,31.519264221191406,34.560001373291016,35.09000015258789,34.5099983215332,34.88999938964844,6029600
2023-03-10,31.30038070678711,34.31999969482422,34.72999954223633,34.08000183105469,34.650001525878906,6530100
2023-03-13,31.23652458190918,34.25,34.900001525878906,34.22999954223633,34.38999938964844,7907400
2023-03-14,31.58309555053711,34.630001068115234,34.65999984741211,34.2400016784668,34.349998474121094,6526100
2023-03-15,31.84758186340332,34.91999816894531,34.9900016784668,34.40999984741211,34.529998779296875,8896800
2023-03-16,32.01173782348633,35.099998474121094,35.220001220703125,34.790000915527344,34.869998931884766,8895900
2023-03-17,31.792856216430664,34.86000061035156,35.279998779296875,34.79999923706055,35.029998779296875,15595200
2023-03-20,32.121185302734375,35.220001220703125,35.279998779296875,34.880001068115234,35.279998779296875,8142200
2023-03-21,32.057342529296875,35.150001525878906,35.34000015258789,34.900001525878906,35.27000045776367,12071100
2023-03-22,31.61957359313965,34.66999816894531,35.349998474121094,34.630001068115234,35.060001373291016,9456700
2023-03-23,31.108848571777344,34.11000061035156,34.68000030517578,34.060001373291016,34.54999923706055,11424200
2023-03-24,31.801984786987305,34.869998931884766,34.95000076293945,34.15999984741211,34.27000045776367,8625200
2023-03-27,32.01173782348633,35.099998474121094,35.40999984741211,34.9900016784668,35.0,9292000
2023-03-28,32.048221588134766,35.13999938964844,35.29999923706055,35.06999969482422,35.20000076293945,7743400
2023-03-29,32.185028076171875,35.290000915527344,35.34000015258789,35.15999984741211,35.279998779296875,6616300
2023-03-30,32.22171401977539,35.130001068115234,35.2599983215332,35.04999923706055,35.20000076293945,8181100
2023-03-31,32.35929489135742,35.279998779296875,35.41999816894531,35.16999816894531,35.40999984741211,11182900
2023-04-03,32.46019744873047,35.38999938964844,35.529998779296875,35.18000030517578,35.33000183105469,8911600
2023-04-04,32.432674407958984,35.36000061035156,35.45000076293945,35.2400016784668,35.41999816894531,6453900
2023-04-05,32.46935272216797,35.400001525878906,35.88999938964844,35.349998474121094,35.5,12154100
2023-04-06,32.689491271972656,35.63999938964844,35.88999938964844,35.43000030517578,35.43000030517578,8511600
2023-04-10,32.31343078613281,35.22999954223633,35.5099983215332,35.099998474121094,35.5,6801800
2023-04-11,32.331783294677734,35.25,35.40999984741211,35.150001525878906,35.27000045776367,5616900
2023-04-12,32.29509353637695,35.209999084472656,35.459999084472656,35.08000183105469,35.16999816894531,7503800
2023-04-13,32.32261657714844,35.2400016784668,35.31999969482422,34.84000015258789,35.189998626708984,6089700
2023-04-14,32.1942024230957,35.099998474121094,35.369998931884766,35.0099983215332,35.029998779296875,6577100
2023-04-17,32.46019744873047,35.38999938964844,35.41999816894531,35.15999984741211,35.2599983215332,5871700
2023-04-18,32.46019744873047,35.38999938964844,35.45000076293945,35.0,35.45000076293945,5223300
2023-04-19,32.423500061035156,35.349998474121094,35.599998474121094,35.310001373291016,35.5,5794500
2023-04-20,32.58860778808594,35.529998779296875,35.650001525878906,35.220001220703125,35.369998931884766,5106300
2023-04-21,32.386817932128906,35.310001373291016,35.7400016784668,35.25,35.68000030517578,7459800
2023-04-24,32.432674407958984,35.36000061035156,35.61000061035156,35.290000915527344,35.400001525878906,7346000
2023-04-25,32.91879653930664,35.88999938964844,35.9900016784668,35.2599983215332,35.290000915527344,10945900
2023-04-26,32.56108474731445,35.5,35.79999923706055,35.4900016784668,35.540000915527344,8548800
2023-04-27,30.763349533081055,33.540000915527344,34.650001525878906,32.93000030517578,34.630001068115234,17056900
2023-04-28,29.992887496948242,32.70000076293945,33.599998474121094,32.290000915527344,33.45000076293945,19267100
2023-05-01,29.87364959716797,32.56999969482422,32.970001220703125,32.529998779296875,32.65999984741211,9019000
2023-05-02,29.846134185791016,32.540000915527344,32.540000915527344,31.899999618530273,32.400001525878906,12960300
2023-05-03,30.075435638427734,32.790000915527344,33.09000015258789,32.22999954223633,32.40999984741211,13047900
2023-05-04,29.800270080566406,32.4900016784668,32.880001068115234,32.33000183105469,32.70000076293945,9702200
2023-05-05,30.479007720947266,33.22999954223633,33.310001373291016,32.599998474121094,32.650001525878906,11869800
2023-05-08,30.130470275878906,32.849998474121094,33.22999954223633,32.77000045776367,33.18000030517578,7797600
2023-05-09,30.002058029174805,32.709999084472656,32.900001525878906,32.619998931884766,32.84000015258789,6139300
2023-05-10,29.891990661621094,32.59000015258789,32.880001068115234,32.31999969482422,32.66999816894531,6270700
2023-05-11,29.7452392578125,32.43000030517578,32.59000015258789,32.33000183105469,32.47999954223633,6421700
2023-05-12,29.96536636352539,32.66999816894531,32.689998626708984,32.38999938964844,32.38999938964844,9123000
2023-05-15,29.68103790283203,32.36000061035156,32.810001373291016,32.2599983215332,32.75,5532700
2023-05-16,29.222429275512695,31.860000610351562,32.34000015258789,31.84000015258789,32.34000015258789,6446900
2023-05-17,29.460905075073242,32.119998931884766,32.15999984741211,31.729999542236328,31.889999389648438,7575100
2023-05-18,29.231599807739258,31.8700008392334,31.959999084472656,31.639999389648438,31.850000381469727,5969500
2023-05-19,29.19491195678711,31.829999923706055,32.09000015258789,31.770000457763672,32.0,4508200
2023-05-22,29.268285751342773,31.90999984741211,32.0099983215332,31.6200008392334,31.959999084472656,7028600
2023-05-23,29.369182586669922,32.02000045776367,32.06999969482422,31.860000610351562,32.060001373291016,6309600
2023-05-24,29.2774600982666,31.920000076293945,32.130001068115234,31.700000762939453,32.04999923706055,10550000
2023-05-25,28.93808937072754,31.549999237060547,31.709999084472656,31.270000457763672,31.559999465942383,9500400
2023-05-26,28.809680938720703,31.40999984741211,31.670000076293945,31.219999313354492,31.43000030517578,13065200
2023-05-30,28.433622360229492,31.0,31.56999969482422,30.8700008392334,31.280000686645508,11161900
2023-05-31,28.543689727783203,31.1200008392334,31.25,30.700000762939453,31.1299991607666,21178800
2023-06-01,28.58955192565918,31.170000076293945,31.329999923706055,31.030000686645508,31.329999923706055,7627000
2023-06-02,28.84636688232422,31.450000762939453,31.510000228881836,31.149999618530273,31.280000686645508,7180100
2023-06-05,28.717960357666016,31.309999465942383,31.850000381469727,31.290000915527344,31.530000686645508,5118300
2023-06-06,28.507001876831055,31.079999923706055,31.170000076293945,30.799999237060547,30.8799991607666,12374900
2023-06-07,28.717960357666016,31.309999465942383,31.360000610351562,30.799999237060547,31.010000228881836,10559100
2023-06-08,28.809680938720703,31.40999984741211,31.43000030517578,31.15999984741211,31.260000228881836,9675200
2023-06-09,28.717960357666016,31.309999465942383,31.350000381469727,31.170000076293945,31.309999465942383,6253800
2023-06-12,28.644580841064453,31.229999542236328,31.34000015258789,30.989999771118164,31.299999237060547,16030800
2023-06-13,28.91057777404785,31.520000457763672,31.559999465942383,31.149999618530273,31.260000228881836,10548300
2023-06-14,29.130708694458008,31.760000228881836,31.850000381469727,31.56999969482422,31.639999389648438,11167700
2023-06-15,29.130708694458008,31.760000228881836,31.989999771118164,31.709999084472656,31.989999771118164,14698800
2023-06-16,29.50676155090332,32.16999816894531,32.279998779296875,31.65999984741211,31.850000381469727,15546600
2023-06-20,29.286630630493164,31.93000030517578,32.20000076293945,31.920000076293945,32.06999969482422,7552400
2023-06-21,29.112363815307617,31.739999771118164,32.04999923706055,31.520000457763672,31.940000534057617,8777800
2023-06-22,29.2774600982666,31.920000076293945,32.029998779296875,31.729999542236328,31.889999389648438,10435600
2023-06-23,28.598722457885742,31.18000030517578,31.989999771118164,31.100000381469727,31.959999084472656,12388400
2023-06-26,28.543689727783203,31.1200008392334,31.200000762939453,30.8799991607666,31.149999618530273,6105000
2023-06-27,28.662927627563477,31.25,31.309999465942383,31.059999465942383,31.1200008392334,6715700
2023-06-28,28.341901779174805,30.899999618530273,31.100000381469727,30.709999084472656,31.100000381469727,6315300
2023-06-29,28.39729118347168,30.760000228881836,30.790000915527344,30.469999313354492,30.56999969482422,9003000
2023-06-30,28.868118286132812,31.270000457763672,31.31999969482422,30.81999969482422,30.8799991607666,7932800
2023-07-03,29.05275535583496,31.469999313354492,31.479999542236328,31.15999984741211,31.25,3517200
2023-07-05,29.311248779296875,31.75,31.760000228881836,31.239999771118164,31.420000076293945,7314600
2023-07-06,29.7266845703125,32.20000076293945,32.439998626708984,32.02000045776367,32.209999084472656,16423200
2023-07-07,29.32048225402832,31.760000228881836,32.09000015258789,31.719999313354492,32.029998779296875,9743600
2023-07-10,29.043521881103516,31.459999084472656,31.739999771118164,31.43000030517578,31.459999084472656,14525200
2023-07-11,28.97890281677246,31.389999389648438,31.56999969482422,31.290000915527344,31.56999969482422,8589700
2023-07-12,28.868118286132812,31.270000457763672,31.639999389648438,31.25,31.479999542236328,8681600
2023-07-13,29.08968734741211,31.510000228881836,31.549999237060547,31.25,31.299999237060547,7415200
2023-07-14,29.228158950805664,31.65999984741211,31.780000686645508,31.25,31.549999237060547,7371300
2023-07-17,29.182003021240234,31.610000610351562,31.899999618530273,31.469999313354492,31.639999389648438,5706800
2023-07-18,29.135841369628906,31.559999465942383,31.959999084472656,31.299999237060547,31.59000015258789,6801900
2023-07-19,29.44049644470215,31.889999389648438,32.099998474121094,31.690000534057617,31.709999084472656,5167000
2023-07-20,29.93902015686035,32.43000030517578,32.540000915527344,31.850000381469727,31.850000381469727,7862800
2023-07-21,30.077495574951172,32.58000183105469,32.790000915527344,32.439998626708984,32.619998931884766,23786200
2023-07-24,29.874399185180664,32.36000061035156,32.619998931884766,32.31999969482422,32.560001373291016,6954900
2023-07-25,29.837465286254883,32.31999969482422,32.369998931884766,32.11000061035156,32.29999923706055,5967100
2023-07-26,30.040573120117188,32.540000915527344,32.72999954223633,32.16999816894531,32.22999954223633,11678300
2023-07-27,31.166854858398438,33.7599983215332,34.36000061035156,33.689998626708984,33.83000183105469,21483200
2023-07-28,31.314565658569336,33.91999816894531,34.099998474121094,33.54999923706055,33.959999084472656,14640300
2023-07-31,31.397653579711914,34.0099983215332,34.06999969482422,33.2599983215332,33.65999984741211,17658200
2023-08-01,31.508438110351562,34.130001068115234,34.16999816894531,33.72999954223633,34.150001525878906,15290200
2023-08-02,31.813087463378906,34.459999084472656,34.65999984741211,34.06999969482422,34.15999984741211,13651200
2023-08-03,31.323802947998047,33.93000030517578,34.52000045776367,33.91999816894531,34.52000045776367,7095200
2023-08-04,31.01915168762207,33.599998474121094,33.970001220703125,33.56999969482422,33.81999969482422,6399400
2023-08-07,31.222253799438477,33.81999969482422,33.970001220703125,33.619998931884766,33.810001373291016,7038000
2023-08-08,30.86220359802246,33.43000030517578,33.77000045776367,33.22999954223633,33.70000076293945,7337300
2023-08-09,31.037609100341797,33.619998931884766,33.90999984741211,33.29999923706055,33.40999984741211,7467700
2023-08-10,30.834508895874023,33.400001525878906,33.91999816894531,33.38999938964844,33.77000045776367,6378100
2023-08-11,31.20378303527832,33.79999923706055,33.84000015258789,33.439998626708984,33.459999084472656,6299500
2023-08-14,31.148393630981445,33.7400016784668,34.040000915527344,33.63999938964844,33.959999084472656,5137800
2023-08-15,30.89913558959961,33.470001220703125,33.63999938964844,33.33000183105469,33.630001068115234,6187000
2023-08-16,31.249942779541016,33.849998474121094,34.310001373291016,33.779998779296875,34.08000183105469,10147900
2023-08-17,31.083772659301758,33.66999816894531,33.880001068115234,33.59000015258789,33.83000183105469,8022800
2023-08-18,31.157629013061523,33.75,33.84000015258789,33.58000183105469,33.619998931884766,6949200
2023-08-21,31.046838760375977,33.630001068115234,33.810001373291016,33.47999954223633,33.7599983215332,6137100
2023-08-22,30.88067054748535,33.45000076293945,33.77000045776367,33.380001068115234,33.5,8243900
2023-08-23,31.065309524536133,33.650001525878906,33.66999816894531,33.45000076293945,33.650001525878906,7307800
2023-08-24,30.86220359802246,33.43000030517578,33.88999938964844,33.38999938964844,33.619998931884766,8285000
2023-08-25,30.723726272583008,33.279998779296875,33.599998474121094,33.189998626708984,33.439998626708984,8166600
2023-08-28,31.111469268798828,33.70000076293945,33.72999954223633,33.38999938964844,33.47999954223633,5062300
2023-08-29,31.29610824584961,33.900001525878906,33.939998626708984,33.4900016784668,33.779998779296875,5021200
2023-08-30,31.17609405517578,33.77000045776367,33.97999954223633,33.70000076293945,33.90999984741211,4271900
2023-08-31,31.065309524536133,33.650001525878906,33.88999938964844,33.59000015258789,33.7400016784668,5056200
2023-09-01,30.97298812866211,33.54999923706055,33.79999923706055,33.52000045776367,33.7599983215332,6084000
2023-09-05,30.51138687133789,33.04999923706055,33.58000183105469,32.810001373291016,33.52000045776367,7560700
2023-09-06,30.649873733520508,33.20000076293945,33.2599983215332,33.029998779296875,33.06999969482422,6900600
2023-09-07,30.751428604125977,33.310001373291016,33.56999969482422,33.209999084472656,33.439998626708984,5628800
2023-09-08,30.797582626342773,33.36000061035156,33.470001220703125,33.20000076293945,33.34000015258789,5411200
2023-09-11,30.954524993896484,33.529998779296875,33.720001220703125,33.369998931884766,33.43000030517578,6079100
2023-09-12,30.705263137817383,33.2599983215332,33.58000183105469,33.18000030517578,33.5,6124700
2023-09-13,30.58525276184082,33.130001068115234,33.47999954223633,32.869998931884766,33.36000061035156,8433200
2023-09-14,31.083772659301758,33.66999816894531,33.7599983215332,33.130001068115234,33.130001068115234,10580900
2023-09-15,30.742189407348633,33.29999923706055,33.83000183105469,33.25,33.59000015258789,40430900
2023-09-18,31.065309524536133,33.650001525878906,33.68000030517578,33.13999938964844,33.41999816894531,8396500
2023-09-19,30.843740463256836,33.40999984741211,33.84000015258789,33.33000183105469,33.84000015258789,7679300
2023-09-20,31.17609405517578,33.77000045776367,33.900001525878906,33.41999816894531,33.459999084472656,6724100
2023-09-21,30.769893646240234,33.33000183105469,33.84000015258789,33.29999923706055,33.81999969482422,11674900
2023-09-22,30.576017379760742,33.119998931884766,33.4900016784668,33.099998474121094,33.27000045776367,6051000
2023-09-25,29.985179901123047,32.47999954223633,33.08000183105469,32.38999938964844,32.95000076293945,5659200
2023-09-26,29.68975830078125,32.15999984741211,32.529998779296875,32.150001525878906,32.470001220703125,6557800
2023-09-27,29.23739242553711,31.670000076293945,32.20000076293945,31.65999984741211,32.130001068115234,5324600
2023-09-28,29.242036819458008,31.459999084472656,31.6200008392334,31.290000915527344,31.559999465942383,5889300
2023-09-29,29.34428596496582,31.56999969482422,31.760000228881836,31.399999618530273,31.59000015258789,5919600
2023-10-02,29.009662628173828,31.209999084472656,31.530000686645508,31.040000915527344,31.479999542236328,6266600
2023-10-03,28.89812660217285,31.09000015258789,31.229999542236328,30.920000076293945,31.06999969482422,6459700
2023-10-04,29.46512222290039,31.700000762939453,31.739999771118164,31.139999389648438,31.209999084472656,9311400
2023-10-05,28.08016586303711,30.209999084472656,31.719999313354492,30.139999389648438,31.709999084472656,15400000
2023-10-06,27.950037002563477,30.06999969482422,30.139999389648438,29.18000030517578,30.079999923706055,10862900
2023-10-09,27.6433048248291,29.739999771118164,30.18000030517578,29.540000915527344,30.040000915527344,7824400
2023-10-10,28.154529571533203,30.290000915527344,30.3700008392334,29.719999313354492,29.979999542236328,8261900
2023-10-11,27.22502899169922,29.290000915527344,30.420000076293945,29.139999389648438,30.3700008392334,9754800
2023-10-12,25.93302345275879,27.899999618530273,29.239999771118164,27.65999984741211,29.18000030517578,16014100
2023-10-13,26.128219604492188,28.110000610351562,28.399999618530273,27.790000915527344,27.899999618530273,7916800
2023-10-16,26.50002098083496,28.510000228881836,28.530000686645508,27.809999465942383,28.25,8159600
2023-10-17,26.7509822845459,28.780000686645508,28.969999313354492,28.389999389648438,28.40999984741211,7096400
2023-10-18,26.760278701782227,28.790000915527344,29.110000610351562,28.700000762939453,28.84000015258789,4922200
2023-10-19,26.444250106811523,28.450000762939453,28.950000762939453,28.440000534057617,28.790000915527344,6685900
2023-10-20,26.630149841308594,28.649999618530273,28.90999984741211,28.399999618530273,28.479999542236328,9031600
2023-10-23,26.33271026611328,28.329999923706055,28.739999771118164,28.31999969482422,28.6299991607666,7710100
2023-10-24,27.057720184326172,29.110000610351562,29.260000228881836,28.399999618530273,28.420000076293945,9904500
2023-10-25,27.048423767089844,29.100000381469727,29.360000610351562,28.90999984741211,29.059999465942383,10816700
2023-10-26,27.429523468017578,29.510000228881836,31.06999969482422,29.18000030517578,30.8700008392334,14559400
2023-10-27,27.76413917541504,29.8700008392334,30.280000686645508,29.34000015258789,29.3700008392334,15490200
2023-10-30,27.903562545776367,30.020000457763672,30.260000228881836,29.809999465942383,30.0,13125700
2023-10-31,28.191707611083984,30.329999923706055,30.530000686645508,30.1200008392334,30.170000076293945,10628000
2023-11-01,28.312541961669922,30.459999084472656,30.6200008392334,30.209999084472656,30.420000076293945,9440600
2023-11-02,28.68433952331543,30.860000610351562,30.959999084472656,30.450000762939453,30.56999969482422,9706300
2023-11-03,28.926013946533203,31.1200008392334,31.559999465942383,31.06999969482422,31.1200008392334,9100700
2023-11-06,28.78658676147461,30.969999313354492,31.350000381469727,30.950000762939453,31.06999969482422,6155700
2023-11-07,28.814472198486328,31.0,31.149999618530273,30.829999923706055,30.969999313354492,8222300
2023-11-08,28.86094856262207,31.049999237060547,31.190000534057617,30.950000762939453,31.06999969482422,7223300
2023-11-09,28.721521377563477,30.899999618530273,31.260000228881836,30.8700008392334,31.260000228881836,7518300
2023-11-10,28.78658676147461,30.969999313354492,31.059999465942383,30.81999969482422,30.899999618530273,7836200
2023-11-13,29.07473373413086,31.280000686645508,31.3700008392334,30.860000610351562,30.959999084472656,6601800
2023-11-14,29.632427215576172,31.8799991607666,31.989999771118164,31.5,31.56999969482422,10032800
2023-11-15,29.6417236328125,31.889999389648438,32.0,31.780000686645508,31.940000534057617,7162700
2023-11-16,29.53948402404785,31.780000686645508,32.209999084472656,31.649999618530273,31.959999084472656,7302700
2023-11-17,29.493003845214844,31.729999542236328,31.950000762939453,31.450000762939453,31.950000762939453,6947400
2023-11-20,29.53948402404785,31.780000686645508,31.889999389648438,31.399999618530273,31.6200008392334,5239000
2023-11-21,29.660316467285156,31.90999984741211,32.02000045776367,31.670000076293945,31.700000762939453,5339700
2023-11-22,30.125062942504883,32.40999984741211,32.43000030517578,32.0099983215332,32.060001373291016,6123900
2023-11-24,30.320261001586914,32.619998931884766,32.7400016784668,32.369998931884766,32.369998931884766,3426100
2023-11-27,30.255191802978516,32.54999923706055,32.720001220703125,32.459999084472656,32.54999923706055,8790400
2023-11-28,29.967050552368164,32.2400016784668,32.68000030517578,32.18000030517578,32.54999923706055,7068100
2023-11-29,29.493003845214844,31.729999542236328,32.2599983215332,31.65999984741211,32.2400016784668,7236500
2023-11-30,29.34428596496582,31.56999969482422,31.860000610351562,31.200000762939453,31.780000686645508,21381600
2023-12-01,29.90198516845703,32.16999816894531,32.189998626708984,31.6299991607666,31.65999984741211,8212900
2023-12-04,29.957754135131836,32.22999954223633,32.43000030517578,32.119998931884766,32.119998931884766,5379200
2023-12-05,29.7718505859375,32.029998779296875,32.20000076293945,31.920000076293945,32.119998931884766,4578400
2023-12-06,29.920574188232422,32.189998626708984,32.22999954223633,31.81999969482422,32.04999923706055,5957500
2023-12-07,30.078594207763672,32.36000061035156,32.459999084472656,32.09000015258789,32.25,6874300
2023-12-08,29.84621810913086,32.11000061035156,32.33000183105469,32.08000183105469,32.33000183105469,8254100
2023-12-11,30.45038604736328,32.7599983215332,32.790000915527344,32.45000076293945,32.45000076293945,7108500
2023-12-12,30.366731643676758,32.66999816894531,33.02000045776367,32.56999969482422,33.02000045776367,5925600
2023-12-13,30.89655113220215,33.2400016784668,33.290000915527344,32.54999923706055,32.709999084472656,7104500
2023-12-14,29.939163208007812,32.209999084472656,33.650001525878906,32.16999816894531,33.310001373291016,13049700
2023-12-15,29.71608543395996,31.969999313354492,32.5,31.8700008392334,32.18000030517578,18610900
2023-12-18,30.11577033996582,32.400001525878906,32.59000015258789,31.809999465942383,32.119998931884766,6357300
2023-12-19,30.24590492248535,32.540000915527344,32.650001525878906,32.2599983215332,32.29999923706055,5632900
2023-12-20,30.004226684570312,32.279998779296875,32.72999954223633,32.2599983215332,32.34000015258789,7322700
2023-12-21,30.22730827331543,32.52000045776367,32.54999923706055,32.2400016784668,32.380001068115234,4853900
2023-12-22,30.515459060668945,32.83000183105469,32.97999954223633,32.459999084472656,32.470001220703125,4467700
2023-12-26,30.719938278198242,33.04999923706055,33.130001068115234,32.709999084472656,32.810001373291016,3492500
2023-12-27,30.775714874267578,33.11000061035156,33.20000076293945,32.970001220703125,33.060001373291016,4895300
2023-12-28,30.99879264831543,33.349998474121094,33.369998931884766,33.119998931884766,33.18000030517578,3808000
2023-12-29,30.970909118652344,33.31999969482422,33.369998931884766,33.13999938964844,33.2599983215332,4988400
2024-01-02,31.017385482788086,33.369998931884766,33.63999938964844,33.2400016784668,33.380001068115234,7861000
2024-01-03,30.292377471923828,32.59000015258789,33.060001373291016,32.400001525878906,33.04999923706055,9610100
2024-01-04,30.287694931030273,32.369998931884766,32.599998474121094,32.220001220703125,32.33000183105469,7351300
2024-01-05,29.913427352905273,31.969999313354492,32.279998779296875,31.649999618530273,32.2400016784668,5261600
2024-01-08,29.76371955871582,31.809999465942383,32.0,31.530000686645508,31.760000228881836,18370600
2024-01-09,29.92278289794922,31.979999542236328,31.989999771118164,31.479999542236328,31.639999389648438,9428500
2024-01-10,29.726295471191406,31.770000457763672,32.060001373291016,31.639999389648438,31.950000762939453,7003200
2024-01-11,29.894712448120117,31.950000762939453,31.979999542236328,31.549999237060547,31.68000030517578,6696300
2024-01-12,29.85728645324707,31.90999984741211,32.150001525878906,31.81999969482422,32.09000015258789,6273500
2024-01-16,29.782434463500977,31.829999923706055,31.940000534057617,31.6200008392334,31.90999984741211,8093300
2024-01-17,29.698225021362305,31.739999771118164,32.02000045776367,31.65999984741211,31.760000228881836,6070900
2024-01-18,29.754365921020508,31.799999237060547,31.84000015258789,31.3799991607666,31.540000915527344,8788400
2024-01-19,29.838571548461914,31.889999389648438,31.959999084472656,31.40999984741211,31.770000457763672,7295500
2024-01-22,29.473663330078125,31.5,31.90999984741211,31.489999771118164,31.760000228881836,6014300
2024-01-23,29.698225021362305,31.739999771118164,31.799999237060547,31.280000686645508,31.510000228881836,6970400
2024-01-24,29.136821746826172,31.139999389648438,31.770000457763672,31.06999969482422,31.729999542236328,6216700
2024-01-25,29.557872772216797,31.59000015258789,31.600000381469727,31.190000534057617,31.299999237060547,7898800
2024-01-26,29.92278289794922,31.979999542236328,32.02000045776367,31.729999542236328,31.729999542236328,4879400
2024-01-29,29.95085334777832,32.0099983215332,32.04999923706055,31.899999618530273,31.940000534057617,10680000
2024-01-30,29.754365921020508,31.799999237060547,32.09000015258789,31.739999771118164,32.029998779296875,5829800
2024-01-31,29.417522430419922,31.440000534057617,31.899999618530273,31.329999923706055,31.8799991607666,6336000
2024-02-01,29.92278289794922,31.979999542236328,32.0099983215332,31.219999313354492,31.510000228881836,8024300
2024-02-02,29.614015579223633,31.649999618530273,31.899999618530273,31.389999389648438,31.770000457763672,5962900
2024-02-05,29.043251037597656,31.040000915527344,31.479999542236328,31.0,31.469999313354492,8392600
2024-02-06,29.108753204345703,31.110000610351562,31.239999771118164,30.920000076293945,31.110000610351562,12983700
2024-02-07,29.24909782409668,31.260000228881836,31.579999923706055,31.15999984741211,31.450000762939453,7611000
2024-02-08,29.46430778503418,31.489999771118164,31.520000457763672,31.139999389648438,31.239999771118164,6873200
2024-02-09,29.146177291870117,31.149999618530273,31.489999771118164,30.950000762939453,31.450000762939453,5257400
2024-02-12,29.30524253845215,31.31999969482422,31.360000610351562,30.950000762939453,31.09000015258789,6261200
2024-02-13,28.930971145629883,30.920000076293945,31.5,30.719999313354492,31.479999542236328,10990900
2024-02-14,29.09939193725586,31.100000381469727,31.149999618530273,30.739999771118164,30.829999923706055,8864000
2024-02-15,29.090038299560547,31.09000015258789,31.420000076293945,31.049999237060547,31.15999984741211,6392800
2024-02-16,28.97775650024414,30.969999313354492,31.110000610351562,30.68000030517578,31.059999465942383,11899500
2024-02-20,29.22102928161621,31.229999542236328,31.559999465942383,30.729999542236328,30.989999771118164,15705100
2024-02-21,29.567230224609375,31.600000381469727,31.65999984741211,31.360000610351562,31.450000762939453,11466600
2024-02-22,28.416353225708008,30.3700008392334,30.959999084472656,29.989999771118164,30.56999969482422,16363500
2024-02-23,28.24793243408203,30.190000534057617,30.450000762939453,29.920000076293945,30.450000762939453,24281800
2024-02-26,27.60231590270996,29.5,30.079999923706055,29.170000076293945,30.049999237060547,20269400
2024-02-27,27.60231590270996,29.5,29.729999542236328,29.31999969482422,29.399999618530273,10699500
2024-02-28,28.098220825195312,30.030000686645508,30.100000381469727,29.31999969482422,29.420000076293945,9757900
2024-02-29,27.985944747924805,29.90999984741211,30.469999313354492,29.770000457763672,30.079999923706055,10848200
2024-03-01,27.396472930908203,29.280000686645508,29.450000762939453,28.850000381469727,28.90999984741211,47327200
2024-03-04,27.228050231933594,29.100000381469727,29.329999923706055,29.06999969482422,29.200000762939453,19511900
2024-03-05,27.218692779541016,29.09000015258789,29.360000610351562,29.030000686645508,29.18000030517578,10791600
2024-03-06,27.321617126464844,29.200000762939453,29.399999618530273,29.170000076293945,29.239999771118164,7722800
2024-03-07,27.097055435180664,28.959999084472656,29.229999542236328,28.920000076293945,29.18000030517578,7363700
2024-03-08,27.265472412109375,29.139999389648438,29.200000762939453,28.899999618530273,29.049999237060547,9728500
2024-03-11,27.415184020996094,29.299999237060547,29.469999313354492,29.209999084472656,29.270000457763672,6977700
2024-03-12,27.405826568603516,29.290000915527344,29.43000030517578,29.25,29.34000015258789,7185400
2024-03-13,27.040912628173828,28.899999618530273,29.5,28.889999389648438,29.3799991607666,14514800
2024-03-14,27.13448143005371,29.0,29.290000915527344,28.809999465942383,28.899999618530273,16255000
2024-03-15,27.02220344543457,28.8799991607666,29.06999969482422,28.6200008392334,29.020000457763672,28531300
2024-03-18,27.611679077148438,29.510000228881836,29.559999465942383,28.799999237060547,28.8700008392334,13215300
2024-03-19,27.424541473388672,29.309999465942383,29.90999984741211,29.260000228881836,29.489999771118164,13656700
2024-03-20,27.798810958862305,29.709999084472656,29.729999542236328,29.290000915527344,29.350000381469727,12464500
2024-03-21,27.67717170715332,29.579999923706055,29.860000610351562,29.540000915527344,29.649999618530273,9582100
2024-03-22,27.883018493652344,29.799999237060547,29.860000610351562,29.530000686645508,29.579999923706055,7166700
2024-03-25,28.519275665283203,30.479999542236328,30.530000686645508,29.860000610351562,29.920000076293945,18795000
2024-03-26,28.753196716308594,30.729999542236328,31.020000457763672,30.440000534057617,30.440000534057617,18452600
2024-03-27,28.823862075805664,30.59000015258789,30.950000762939453,30.420000076293945,30.540000915527344,15201900
2024-03-28,28.89924430847168,30.670000076293945,31.049999237060547,30.610000610351562,30.809999465942383,7269500
2024-04-01,29.426912307739258,31.229999542236328,31.299999237060547,30.739999771118164,30.850000381469727,11031400
2024-04-02,29.134811401367188,30.920000076293945,31.3799991607666,30.649999618530273,31.350000381469727,14180800
2024-04-03,29.219614028930664,31.010000228881836,31.15999984741211,30.700000762939453,30.790000915527344,8703400
2024-04-04,28.908666610717773,30.68000030517578,31.309999465942383,30.670000076293945,31.239999771118164,7327800
2024-04-05,28.993471145629883,30.770000457763672,30.860000610351562,30.459999084472656,30.700000762939453,8528000
2024-04-08,29.021738052368164,30.799999237060547,31.0,30.690000534057617,30.760000228881836,6350700
2024-04-09,29.219614028930664,31.010000228881836,31.149999618530273,30.84000015258789,30.920000076293945,4619600
2024-04-10,28.880401611328125,30.649999618530273,30.780000686645508,30.280000686645508,30.739999771118164,7752500
2024-04-11,29.04058265686035,30.81999969482422,31.149999618530273,30.68000030517578,30.739999771118164,6927000
2024-04-12,28.47522735595703,30.219999313354492,30.809999465942383,30.18000030517578,30.790000915527344,9627800
2024-04-15,28.6731014251709,30.43000030517578,30.530000686645508,30.209999084472656,30.329999923706055,10277700
2024-04-16,28.682523727416992,30.440000534057617,30.549999237060547,30.209999084472656,30.420000076293945,10322500
2024-04-17,29.09712028503418,30.8799991607666,30.90999984741211,30.520000457763672,30.809999465942383,10022000
2024-04-18,29.332685470581055,31.1299991607666,31.170000076293945,30.799999237060547,31.06999969482422,7467900
2024-04-19,29.68132209777832,31.5,31.600000381469727,31.020000457763672,31.229999542236328,8631500
2024-04-22,29.926315307617188,31.760000228881836,31.770000457763672,31.420000076293945,31.68000030517578,7411500
2024-04-23,29.926315307617188,31.760000228881836,31.81999969482422,31.520000457763672,31.59000015258789,7904000
2024-04-24,30.472827911376953,32.34000015258789,32.45000076293945,31.190000534057617,31.229999542236328,11479400
2024-04-25,31.88622283935547,33.84000015258789,34.47999954223633,33.29999923706055,33.95000076293945,14559000
2024-04-26,31.773151397705078,33.720001220703125,33.9900016784668,33.45000076293945,33.4900016784668,9684800
2024-04-29,31.754302978515625,33.70000076293945,33.91999816894531,33.59000015258789,33.79999923706055,8915700
2024-04-30,31.754302978515625,33.70000076293945,33.7599983215332,33.36000061035156,33.72999954223633,6026200
2024-05-01,31.415090560913086,33.34000015258789,33.56999969482422,33.209999084472656,33.38999938964844,6235700
2024-05-02,31.622390747070312,33.560001373291016,33.7599983215332,33.25,33.459999084472656,6371900
2024-05-03,31.876800537109375,33.83000183105469,33.880001068115234,33.41999816894531,33.63999938964844,7463400
2024-05-06,31.622390747070312,33.560001373291016,33.97999954223633,33.45000076293945,33.900001525878906,5029600
2024-05-07,31.85795783996582,33.810001373291016,33.869998931884766,33.52000045776367,33.75,5831500
2024-05-08,31.754302978515625,33.70000076293945,33.939998626708984,33.630001068115234,33.900001525878906,4682000
2024-05-09,32.027565002441406,33.9900016784668,34.02000045776367,33.689998626708984,33.779998779296875,5701500
2024-05-10,32.06524658203125,34.029998779296875,34.06999969482422,33.790000915527344,33.95000076293945,5300000
2024-05-13,32.150054931640625,34.119998931884766,34.22999954223633,33.810001373291016,34.0,8073000
2024-05-14,32.19716262817383,34.16999816894531,34.25,33.900001525878906,34.099998474121094,7824900
2024-05-15,31.85795783996582,33.810001373291016,34.22999954223633,33.779998779296875,34.150001525878906,7792300
2024-05-16,32.16889953613281,34.13999938964844,34.369998931884766,33.810001373291016,33.810001373291016,6793800
2024-05-17,31.80141830444336,33.75,34.06999969482422,33.720001220703125,34.06999969482422,6118900
2024-05-20,31.73546028137207,33.68000030517578,33.81999969482422,33.59000015258789,33.7599983215332,7793700
2024-05-21,31.999290466308594,33.959999084472656,33.97999954223633,33.720001220703125,33.81999969482422,5827100
2024-05-22,32.29140090942383,34.27000045776367,34.33000183105469,33.77000045776367,33.88999938964844,4823100
2024-05-23,32.01814270019531,33.97999954223633,34.31999969482422,33.95000076293945,34.06999969482422,4483500
2024-05-24,32.21602249145508,34.189998626708984,34.40999984741211,34.040000915527344,34.040000915527344,5208500
2024-05-28,31.76372718811035,33.709999084472656,34.150001525878906,33.63999938964844,34.0099983215332,8073000
2024-05-29,31.716611862182617,33.65999984741211,33.779998779296875,33.349998474121094,33.650001525878906,4758000
2024-05-30,31.94276237487793,33.900001525878906,34.0,33.65999984741211,33.68000030517578,5416200
2024-05-31,32.27254867553711,34.25,34.27000045776367,33.88999938964844,33.91999816894531,13476700
2024-06-03,32.385623931884766,34.369998931884766,34.529998779296875,34.029998779296875,34.209999084472656,5123600
2024-06-04,32.80964279174805,34.81999969482422,35.0,34.18000030517578,34.27000045776367,9058900
2024-06-05,32.77195358276367,34.779998779296875,34.9900016784668,34.52000045776367,34.90999984741211,8207600
2024-06-06,32.51753616333008,34.5099983215332,34.9900016784668,34.459999084472656,34.720001220703125,5851900
2024-06-07,32.630615234375,34.630001068115234,34.86000061035156,34.40999984741211,34.439998626708984,5701200
2024-06-10,32.18775177001953,34.15999984741211,34.630001068115234,34.0099983215332,34.619998931884766,4118700
2024-06-11,31.876800537109375,33.83000183105469,34.15999984741211,33.65999984741211,34.099998474121094,9201000
2024-06-12,31.669504165649414,33.61000061035156,34.0099983215332,33.599998474121094,33.90999984741211,5574600
2024-06-13,32.093528747558594,34.060001373291016,34.09000015258789,33.439998626708984,33.470001220703125,8398500
2024-06-14,32.07468032836914,34.040000915527344,34.2599983215332,33.91999816894531,34.02000045776367,4589000
2024-06-17,32.6871452331543,34.689998626708984,34.72999954223633,33.93000030517578,34.2400016784668,8986800
2024-06-18,32.49869918823242,34.4900016784668,34.77000045776367,34.279998779296875,34.66999816894531,4621900
2024-06-20,32.234859466552734,34.209999084472656,34.52000045776367,33.939998626708984,34.43000030517578,7070300
2024-06-21,32.39503860473633,34.380001068115234,34.66999816894531,34.11000061035156,34.40999984741211,15945700
2024-06-24,32.66830062866211,34.66999816894531,34.70000076293945,34.2599983215332,34.40999984741211,7818500
2024-06-25,32.42332077026367,34.40999984741211,34.810001373291016,34.279998779296875,34.68000030517578,5651100
2024-06-26,32.37620162963867,34.36000061035156,34.45000076293945,33.970001220703125,34.189998626708984,4762800
2024-06-27,32.150054931640625,34.119998931884766,34.58000183105469,33.9900016784668,34.5099983215332,9231800
2024-06-28,31.67119598388672,33.400001525878906,33.869998931884766,33.310001373291016,33.869998931884766,12137900
2024-07-01,31.140180587768555,32.84000015258789,33.61000061035156,32.79999923706055,33.400001525878906,5835900
2024-07-02,31.08328628540039,32.779998779296875,33.0099983215332,32.56999969482422,32.959999084472656,9243300
2024-07-03,31.026397705078125,32.720001220703125,32.93000030517578,32.56999969482422,32.7599983215332,5340800
2024-07-05,30.96949577331543,32.65999984741211,32.79999923706055,32.470001220703125,32.720001220703125,7262800
2024-07-08,30.61865234375,32.290000915527344,32.63999938964844,32.16999816894531,32.540000915527344,12207000
2024-07-09,30.296249389648438,31.950000762939453,32.400001525878906,31.93000030517578,32.380001068115234,6775000
2024-07-10,30.296249389648438,31.950000762939453,32.31999969482422,31.84000015258789,31.989999771118164,10725600
2024-07-11,30.751401901245117,32.43000030517578,32.58000183105469,31.799999237060547,31.799999237060547,6833600
2024-07-12,30.931568145751953,32.619998931884766,32.79999923706055,32.369998931884766,32.369998931884766,4638500
2024-07-15,30.978979110717773,32.66999816894531,32.849998474121094,32.41999816894531,32.52000045776367,9470000
2024-07-16,30.96949577331543,32.65999984741211,32.97999954223633,32.540000915527344,32.68000030517578,7813600
2024-07-17,31.367759704589844,33.08000183105469,33.18000030517578,32.790000915527344,32.869998931884766,13082500
2024-07-18,31.424652099609375,33.13999938964844,33.61000061035156,32.95000076293945,33.02000045776367,6338500
2024-07-19,31.272932052612305,32.97999954223633,33.43000030517578,32.72999954223633,33.38999938964844,4626700
2024-07-22,31.13069725036621,32.83000183105469,33.119998931884766,32.7400016784668,32.97999954223633,7473000
2024-07-23,30.941049575805664,32.630001068115234,32.959999084472656,32.560001373291016,32.779998779296875,6730000
2024-07-24,31.07380485534668,32.77000045776367,32.84000015258789,32.27000045776367,32.7599983215332,11507900
2024-07-25,31.491029739379883,33.209999084472656,34.61000061035156,33.08000183105469,33.880001068115234,17925900
2024-07-26,31.99359703063965,33.7400016784668,33.869998931884766,33.08000183105469,33.20000076293945,12633200
2024-07-29,32.39186096191406,34.15999984741211,34.189998626708984,33.63999938964844,33.68000030517578,10122100
2024-07-30,32.35392761230469,34.119998931884766,34.2400016784668,33.689998626708984,34.0099983215332,8023900
2024-07-31,32.50564193725586,34.279998779296875,34.52000045776367,33.709999084472656,34.0,7192800
2024-08-01,32.77115249633789,34.560001373291016,34.689998626708984,34.0099983215332,34.380001068115234,7731000
2024-08-02,33.25475311279297,35.06999969482422,35.2400016784668,34.459999084472656,34.900001525878906,11433800
2024-08-05,32.52460861206055,34.29999923706055,35.529998779296875,33.959999084472656,35.380001068115234,11432200
2024-08-06,32.69529724121094,34.47999954223633,34.95000076293945,34.20000076293945,34.2400016784668,7509900
2024-08-07,32.790122985839844,34.58000183105469,34.93000030517578,34.2599983215332,34.560001373291016,5902900
2024-08-08,32.742706298828125,34.529998779296875,34.7400016784668,34.18000030517578,34.439998626708984,5334800
2024-08-09,32.77115249633789,34.560001373291016,34.59000015258789,34.060001373291016,34.40999984741211,4352800
2024-08-12,32.99872970581055,34.79999923706055,34.869998931884766,34.439998626708984,34.529998779296875,5320400
2024-08-13,33.33061599731445,35.150001525878906,35.220001220703125,34.779998779296875,34.849998474121094,6064900
2024-08-14,33.48233413696289,35.310001373291016,35.4900016784668,35.0099983215332,35.150001525878906,6839900
2024-08-15,33.50130081176758,35.33000183105469,35.459999084472656,35.209999084472656,35.310001373291016,9379300
2024-08-16,33.558189392089844,35.38999938964844,35.459999084472656,35.2400016784668,35.2400016784668,6996400
2024-08-19,33.77629089355469,35.619998931884766,35.63999938964844,35.31999969482422,35.369998931884766,4946200
2024-08-20,33.88059616088867,35.72999954223633,35.79999923706055,35.470001220703125,35.61000061035156,5170400
2024-08-21,33.64352798461914,35.47999954223633,35.959999084472656,35.41999816894531,35.79999923706055,6966100
2024-08-22,33.823692321777344,35.66999816894531,35.790000915527344,35.439998626708984,35.619998931884766,4699500
2024-08-23,33.88059616088867,35.72999954223633,35.90999984741211,35.529998779296875,35.83000183105469,3964100
2024-08-26,34.259891510009766,36.130001068115234,36.2400016784668,35.75,35.79999923706055,4579000
2024-08-27,34.487464904785156,36.369998931884766,36.45000076293945,36.18000030517578,36.29999923706055,4383500
2024-08-28,34.34523010253906,36.220001220703125,36.45000076293945,35.970001220703125,36.45000076293945,4878300
2024-08-29,34.297821044921875,36.16999816894531,36.40999984741211,35.900001525878906,36.31999969482422,4939800
2024-08-30,34.71504211425781,36.61000061035156,36.79999923706055,36.15999984741211,36.15999984741211,7530100
2024-09-03,35.22710037231445,37.150001525878906,37.58000183105469,36.189998626708984,36.5099983215332,9001800
2024-09-04,35.30295181274414,37.22999954223633,37.380001068115234,36.83000183105469,36.91999816894531,7264100
2024-09-05,35.05641174316406,36.970001220703125,37.36000061035156,36.7599983215332,37.36000061035156,5283300
2024-09-06,34.95210266113281,36.86000061035156,37.29999923706055,36.84000015258789,36.849998474121094,5657800
2024-09-09,35.340877532958984,37.27000045776367,37.4900016784668,36.689998626708984,36.72999954223633,7010900
2024-09-10,35.274505615234375,37.20000076293945,37.400001525878906,37.02000045776367,37.29999923706055,4292000
2024-09-11,35.1227912902832,37.040000915527344,37.18000030517578,36.66999816894531,37.16999816894531,4888100
2024-09-12,35.13227081298828,37.04999923706055,37.13999938964844,36.790000915527344,37.040000915527344,4851900
2024-09-13,35.66328811645508,37.61000061035156,37.689998626708984,37.119998931884766,37.150001525878906,5462300
2024-09-16,35.41674041748047,37.349998474121094,37.84000015258789,37.27000045776367,37.81999969482422,4810000
2024-09-17,35.55897903442383,37.5,37.61000061035156,37.27000045776367,37.31999969482422,5798600
2024-09-18,35.55897903442383,37.5,37.66999816894531,37.29999923706055,37.369998931884766,13960700
2024-09-19,35.55897903442383,37.5,37.70000076293945,37.369998931884766,37.650001525878906,11965800
2024-09-20,35.52104568481445,37.459999084472656,37.630001068115234,37.29999923706055,37.34000015258789,17177900
2024-09-23,36.04257583618164,38.0099983215332,38.060001373291016,37.470001220703125,37.56999969482422,7445400
2024-09-24,35.87189865112305,37.83000183105469,38.279998779296875,37.72999954223633,37.95000076293945,4663400
2024-09-25,35.63483810424805,37.58000183105469,37.90999984741211,37.54999923706055,37.83000183105469,4268100
2024-09-26,35.587425231933594,37.529998779296875,37.72999954223633,37.369998931884766,37.61000061035156,5353200
2024-09-27,35.70191192626953,37.41999816894531,37.81999969482422,37.34000015258789,37.400001525878906,4627600
2024-09-30,35.759159088134766,37.47999954223633,37.81999969482422,37.349998474121094,37.619998931884766,6986600
2024-10-01,35.48247146606445,37.189998626708984,37.720001220703125,37.13999938964844,37.720001220703125,11057500
2024-10-02,35.32027816772461,37.02000045776367,37.189998626708984,36.779998779296875,37.15999984741211,6426600
2024-10-03,34.957725524902344,36.63999938964844,36.91999816894531,36.54999923706055,36.849998474121094,6025600
2024-10-04,34.71920394897461,36.38999938964844,36.59000015258789,36.2400016784668,36.58000183105469,9473500
2024-10-07,34.49022674560547,36.150001525878906,36.5099983215332,36.119998931884766,36.400001525878906,9697500
2024-10-08,34.537933349609375,36.20000076293945,36.27000045776367,35.95000076293945,36.150001525878906,6386900
2024-10-09,34.557010650634766,36.220001220703125,36.36000061035156,36.060001373291016,36.20000076293945,11880200
2024-10-10,34.83369064331055,36.5099983215332,36.540000915527344,36.060001373291016,36.279998779296875,8529100
2024-10-11,34.70966720581055,36.380001068115234,36.650001525878906,36.189998626708984,36.599998474121094,4923000
2024-10-14,34.96726989746094,36.650001525878906,36.720001220703125,36.349998474121094,36.400001525878906,7226500
2024-10-15,35.2248649597168,36.91999816894531,37.20000076293945,36.540000915527344,36.63999938964844,8014700
2024-10-16,34.957725524902344,36.63999938964844,37.02000045776367,36.59000015258789,36.83000183105469,6041400
2024-10-17,34.82415771484375,36.5,36.689998626708984,36.45000076293945,36.63999938964844,6886500
2024-10-18,35.24394989013672,36.939998626708984,36.959999084472656,36.13999938964844,36.22999954223633,9535600
2024-10-21,35.23441696166992,36.93000030517578,37.27000045776367,36.650001525878906,36.900001525878906,9822700
2024-10-22,35.2248649597168,36.91999816894531,36.9900016784668,36.63999938964844,36.810001373291016,6768300
2024-10-23,35.01497268676758,36.70000076293945,36.95000076293945,36.529998779296875,36.68000030517578,9425200
2024-10-24,33.33578109741211,34.939998626708984,35.779998779296875,34.54999923706055,35.33000183105469,19980500
2024-10-25,32.992313385009766,34.58000183105469,35.16999816894531,34.54999923706055,35.0,9207300
2024-10-28,32.30537033081055,33.86000061035156,35.0,33.79999923706055,34.939998626708984,15145700
2024-10-29,31.370363235473633,32.880001068115234,33.13999938964844,32.36000061035156,32.4900016784668,55115500
2024-10-30,31.475318908691406,32.9900016784668,33.09000015258789,32.75,32.880001068115234,42889600
2024-10-31,31.43714714050293,32.95000076293945,33.119998931884766,32.83000183105469,32.959999084472656,17641900
2024-11-01,31.31311798095703,32.81999969482422,32.97999954223633,32.61000061035156,32.91999816894531,12592800
2024-11-04,31.17954444885254,32.68000030517578,33.22999954223633,32.56999969482422,32.900001525878906,11360200
2024-11-05,31.11275863647461,32.61000061035156,32.68000030517578,32.400001525878906,32.619998931884766,10417100
2024-11-06,31.46576690673828,32.97999954223633,33.08000183105469,32.439998626708984,32.58000183105469,14119700
2024-11-07,31.408523559570312,32.91999816894531,33.20000076293945,32.900001525878906,33.0,7135400
2024-11-08,31.370363235473633,32.880001068115234,33.08000183105469,32.810001373291016,32.97999954223633,6852900
2024-11-11,31.675668716430664,33.20000076293945,33.220001220703125,32.709999084472656,32.86000061035156,8233200
2024-11-12,31.809246063232422,33.34000015258789,33.5099983215332,32.97999954223633,33.130001068115234,8982000
2024-11-13,32.01914596557617,33.560001373291016,33.709999084472656,33.0099983215332,33.209999084472656,9806700
2024-11-14,31.847402572631836,33.380001068115234,33.68000030517578,33.34000015258789,33.5,9300100
2024-11-15,30.206377029418945,31.65999984741211,33.31999969482422,31.479999542236328,33.290000915527344,17313300
2024-11-18,29.805660247802734,31.239999771118164,31.899999618530273,31.149999618530273,31.889999389648438,16062500
2024-11-19,30.072803497314453,31.520000457763672,31.559999465942383,30.90999984741211,31.299999237060547,10814400
2024-11-20,30.56892967224121,32.040000915527344,32.060001373291016,31.31999969482422,31.489999771118164,8493300
2024-11-21,30.759750366210938,32.2400016784668,32.29999923706055,31.8700008392334,32.0099983215332,7192400
2024-11-22,31.16046142578125,32.65999984741211,32.7400016784668,32.130001068115234,32.130001068115234,12793900
2024-11-25,31.34174156188965,32.849998474121094,32.91999816894531,32.5,32.880001068115234,15501300
2024-11-26,31.150924682617188,32.650001525878906,33.040000915527344,32.619998931884766,32.849998474121094,9592900
2024-11-27,31.084136962890625,32.58000183105469,32.79999923706055,32.279998779296875,32.79999923706055,8454600
2024-11-29,31.150924682617188,32.650001525878906,32.75,32.45000076293945,32.59000015258789,4642600
2024-12-02,31.04597282409668,32.540000915527344,32.86000061035156,32.16999816894531,32.72999954223633,10197700
2024-12-03,30.893321990966797,32.380001068115234,32.560001373291016,32.04999923706055,32.470001220703125,7430500
2024-12-04,31.122299194335938,32.619998931884766,32.93000030517578,32.16999816894531,32.349998474121094,7851500
2024-12-05,31.46576690673828,32.97999954223633,33.0,32.459999084472656,32.7400016784668,7365800
2024-12-06,31.21771240234375,32.720001220703125,33.33000183105469,32.689998626708984,33.06999969482422,9582700
2024-12-09,32.05730056762695,33.599998474121094,33.779998779296875,32.779998779296875,32.779998779296875,14680600
2024-12-10,31.980972290039062,33.52000045776367,33.63999938964844,33.02000045776367,33.52000045776367,7159400
2024-12-11,31.732913970947266,33.2599983215332,33.86000061035156,33.11000061035156,33.70000076293945,7551900
2024-12-12,32.257659912109375,33.810001373291016,33.970001220703125,33.619998931884766,33.75,8011300
2024-12-13,32.00960159301758,33.54999923706055,33.91999816894531,33.369998931884766,33.54999923706055,5970600
2024-12-16,31.599342346191406,33.119998931884766,33.810001373291016,33.099998474121094,33.540000915527344,11443200
2024-12-17,31.523019790649414,33.040000915527344,33.47999954223633,32.970001220703125,32.97999954223633,13863700
2024-12-18,31.03643035888672,32.529998779296875,33.11000061035156,32.4900016784668,32.84000015258789,17211000
2024-12-19,30.91240119934082,32.400001525878906,32.720001220703125,32.119998931884766,32.36000061035156,17074100
2024-12-20,30.883777618408203,32.369998931884766,32.65999984741211,31.93000030517578,32.25,25034800
2024-12-23,30.769289016723633,32.25,32.5,31.8700008392334,32.31999969482422,6608400
2024-12-24,30.960105895996094,32.45000076293945,32.4900016784668,32.04999923706055,32.18000030517578,2249000
2024-12-26,30.826534271240234,32.310001373291016,32.4900016784668,32.279998779296875,32.369998931884766,4190200
2024-12-27,30.78837013244629,32.27000045776367,32.459999084472656,32.02000045776367,32.02000045776367,6018400
2024-12-30,30.492603302001953,31.959999084472656,32.290000915527344,31.709999084472656,32.27000045776367,9324800
2024-12-31,30.64525604248047,32.119998931884766,32.189998626708984,31.850000381469727,32.040000915527344,5259300
2025-01-02,30.301788330078125,31.760000228881836,32.439998626708984,31.729999542236328,32.31999969482422,5071600
2025-01-03,30.31139373779297,31.540000915527344,31.719999313354492,31.290000915527344,31.690000534057617,5071100
2025-01-06,29.869314193725586,31.079999923706055,31.729999542236328,31.040000915527344,31.479999542236328,7561200
2025-01-07,29.484895706176758,30.68000030517578,31.239999771118164,30.56999969482422,31.0,8271600
2025-01-08,29.90775489807129,31.1200008392334,31.170000076293945,30.3799991607666,30.719999313354492,8401400
2025-01-10,29.196578979492188,30.3799991607666,31.190000534057617,30.31999969482422,30.8700008392334,9825200
2025-01-13,29.58100128173828,30.780000686645508,30.850000381469727,30.1200008392334,30.3799991607666,11769600
2025-01-14,29.92697525024414,31.139999389648438,31.15999984741211,30.6299991607666,30.700000762939453,6417800
2025-01-15,29.76359748840332,30.969999313354492,31.389999389648438,30.729999542236328,31.389999389648438,7139900
2025-01-16,30.0615234375,31.280000686645508,31.31999969482422,30.790000915527344,31.0,7347900
2025-01-17,30.388280868530273,31.6200008392334,31.780000686645508,31.420000076293945,31.59000015258789,6930300
2025-01-21,30.47477149963379,31.709999084472656,31.850000381469727,31.530000686645508,31.729999542236328,7990100
2025-01-22,30.272953033447266,31.5,31.760000228881836,31.469999313354492,31.59000015258789,8788800
2025-01-23,29.840484619140625,31.049999237060547,31.639999389648438,30.829999923706055,31.639999389648438,7784800
2025-01-24,29.936586380004883,31.149999618530273,31.260000228881836,30.8700008392334,31.1200008392334,9111700
2025-01-27,30.590097427368164,31.829999923706055,31.950000762939453,31.329999923706055,31.3700008392334,8783400
2025-01-28,30.119184494018555,31.34000015258789,31.8799991607666,31.209999084472656,31.6200008392334,9469700
2025-01-29,30.618928909301758,31.860000610351562,32.0099983215332,31.43000030517578,31.479999542236328,7974300
2025-01-30,30.984130859375,32.2400016784668,32.369998931884766,31.860000610351562,32.130001068115234,5271100
2025-01-31,30.849576950073242,32.099998474121094,32.400001525878906,31.90999984741211,32.0,5825000
2025-02-03,31.272441864013672,32.540000915527344,32.810001373291016,31.969999313354492,32.099998474121094,13550400
2025-02-04,30.0615234375,31.280000686645508,32.27000045776367,31.239999771118164,32.209999084472656,7271900
2025-02-05,29.9173641204834,31.1299991607666,31.639999389648438,31.059999465942383,31.260000228881836,8672300
2025-02-06,29.792430877685547,31.0,31.450000762939453,30.81999969482422,31.450000762939453,12561400
2025-02-07,29.83087158203125,31.040000915527344,31.459999084472656,30.920000076293945,31.459999084472656,7780900
2025-02-10,29.696325302124023,30.899999618530273,31.139999389648438,30.670000076293945,31.1200008392334,9896300
2025-02-11,30.330615997314453,31.559999465942383,31.610000610351562,30.850000381469727,30.950000762939453,7698700
2025-02-12,30.43633270263672,31.670000076293945,31.799999237060547,31.18000030517578,31.190000534057617,6950800
2025-02-13,30.628541946411133,31.8700008392334,32.02000045776367,31.709999084472656,31.770000457763672,10085800
2025-02-14,30.4171085357666,31.649999618530273,32.20000076293945,31.6200008392334,31.889999389648438,9638400
2025-02-18,31.18594741821289,32.45000076293945,32.54999923706055,31.360000610351562,31.450000762939453,10351500
2025-02-19,31.503089904785156,32.779998779296875,32.959999084472656,32.45000076293945,32.529998779296875,11260400
2025-02-20,31.84906768798828,33.13999938964844,33.220001220703125,32.529998779296875,32.68000030517578,11560200
2025-02-21,32.71400833129883,34.040000915527344,34.13999938964844,33.18000030517578,33.31999969482422,17595200
2025-02-24,32.7908935546875,34.119998931884766,34.41999816894531,33.86000061035156,34.029998779296875,15295500
2025-02-25,33.57895278930664,34.939998626708984,35.970001220703125,34.54999923706055,34.91999816894531,19807900
2025-02-26,32.425697326660156,33.7400016784668,34.84000015258789,33.66999816894531,34.7400016784668,14341100
2025-02-27,32.30076599121094,33.61000061035156,33.880001068115234,32.70000076293945,32.79999923706055,68945100
2025-02-28,32.21426773071289,33.52000045776367,34.22999954223633,33.31999969482422,33.86000061035156,36652200
2025-03-03,32.80050277709961,34.130001068115234,34.36000061035156,33.29999923706055,33.310001373291016,22251000
2025-03-04,32.2911491394043,33.599998474121094,34.58000183105469,33.56999969482422,34.470001220703125,13982600
2025-03-05,32.002838134765625,33.29999923706055,33.810001373291016,33.25,33.31999969482422,8710300
2025-03-06,32.22386932373047,33.529998779296875,33.66999816894531,33.040000915527344,33.22999954223633,11209600
2025-03-07,32.04127883911133,33.34000015258789,34.06999969482422,33.20000076293945,33.470001220703125,11650300
2025-03-10,31.272441864013672,32.540000915527344,34.04999923706055,32.400001525878906,33.59000015258789,21290600
2025-03-11,31.945173263549805,33.2400016784668,33.41999816894531,32.380001068115234,32.63999938964844,16307900
2025-03-12,31.53192138671875,32.810001373291016,33.04999923706055,32.4900016784668,32.810001373291016,10319500
2025-03-13,31.820240020751953,33.11000061035156,33.130001068115234,32.36000061035156,32.83000183105469,12558700
2025-03-14,32.28153991699219,33.59000015258789,33.689998626708984,32.91999816894531,32.9900016784668,12290600
2025-03-17,32.52179718017578,33.84000015258789,33.9900016784668,33.52000045776367,33.529998779296875,9406700
2025-03-18,32.28153991699219,33.59000015258789,33.88999938964844,33.529998779296875,33.84000015258789,10849500
2025-03-19,32.16621780395508,33.470001220703125,33.68000030517578,33.13999938964844,33.47999954223633,12172600
2025-03-20,32.127769470214844,33.43000030517578,33.650001525878906,33.25,33.5,13866600
2025-03-21,32.24309539794922,33.54999923706055,33.68000030517578,33.06999969482422,33.470001220703125,18009400
2025-03-24,32.531410217285156,33.849998474121094,33.959999084472656,33.36000061035156,33.54999923706055,16186600
2025-03-25,32.51218795776367,33.83000183105469,33.90999984741211,33.54999923706055,33.79999923706055,13176200
2025-03-26,32.73323440551758,34.060001373291016,34.2400016784668,33.81999969482422,33.900001525878906,14911900
2025-03-27,32.92544174194336,34.2599983215332,34.380001068115234,34.11000061035156,34.189998626708984,13064300
2025-03-28,32.64485549926758,33.7400016784668,34.27000045776367,33.45000076293945,34.09000015258789,17025400
2025-03-31,33.109275817871094,34.220001220703125,34.369998931884766,33.83000183105469,33.959999084472656,14302200
2025-04-01,33.83492660522461,34.970001220703125,35.16999816894531,34.380001068115234,35.0,13994600
2025-04-02,33.99940872192383,35.13999938964844,35.209999084472656,34.58000183105469,35.04999923706055,14860700
2025-04-03,34.4735107421875,35.630001068115234,35.790000915527344,34.970001220703125,35.369998931884766,22674800
2025-04-04,32.71258544921875,33.810001373291016,36.119998931884766,33.779998779296875,35.939998626708984,16132000
2025-04-07,32.5093994140625,33.599998474121094,34.099998474121094,32.709999084472656,33.220001220703125,17222500
2025-04-08,32.48037338256836,33.56999969482422,34.31999969482422,33.2400016784668,33.810001373291016,18195400
2025-04-09,33.56401824951172,34.689998626708984,34.88999938964844,33.099998474121094,33.66999816894531,20185900
2025-04-10,33.6220703125,34.75,35.279998779296875,34.22999954223633,34.720001220703125,14405500
2025-04-11,34.01876449584961,35.15999984741211,35.41999816894531,34.4900016784668,35.0,11237300
2025-04-14,34.550907135009766,35.709999084472656,35.84000015258789,35.099998474121094,35.25,11472500
2025-04-15,34.24129867553711,35.38999938964844,35.900001525878906,35.349998474121094,35.81999969482422,7414100
2025-04-16,33.97038650512695,35.11000061035156,35.709999084472656,35.0099983215332,35.599998474121094,9609400
2025-04-17,34.2509765625,35.400001525878906,35.779998779296875,35.06999969482422,35.22999954223633,13957300
2025-04-21,34.16389465332031,35.310001373291016,35.619998931884766,34.97999954223633,35.4900016784668,9336100
2025-04-22,34.32837677001953,35.47999954223633,35.72999954223633,35.09000015258789,35.529998779296875,13451900
2025-04-23,34.047786712646484,35.189998626708984,35.540000915527344,34.720001220703125,35.380001068115234,20242000
2025-04-24,33.34148406982422,34.459999084472656,35.400001525878906,33.90999984741211,34.220001220703125,15724200
2025-04-25,33.28343200683594,34.400001525878906,34.7599983215332,34.16999816894531,34.7599983215332,9610800
2025-04-28,32.93511962890625,34.040000915527344,34.61000061035156,33.939998626708984,34.5,12503500
2025-04-29,33.11894989013672,34.22999954223633,34.369998931884766,33.560001373291016,34.06999969482422,11577000
2025-04-30,33.46726989746094,34.59000015258789,34.7400016784668,33.91999816894531,34.4900016784668,11708800
2025-05-01,32.93511962890625,34.040000915527344,34.38999938964844,33.9900016784668,34.290000915527344,9528800
2025-05-02,33.29310607910156,34.40999984741211,34.63999938964844,34.02000045776367,34.04999923706055,38558900
2025-05-05,33.331809997558594,34.45000076293945,34.709999084472656,34.27000045776367,34.59000015258789,48691500
2025-05-06,33.012516021728516,34.119998931884766,34.400001525878906,33.97999954223633,34.34000015258789,15289000
2025-05-07,32.93511962890625,34.040000915527344,34.41999816894531,33.81999969482422,34.41999816894531,11804400
2025-05-08,33.03186798095703,34.13999938964844,34.310001373291016,34.0,34.119998931884766,8248900
2025-05-09,32.45134735107422,33.540000915527344,34.119998931884766,33.5099983215332,34.04999923706055,10315700
2025-05-12,32.42231369018555,33.5099983215332,33.869998931884766,33.150001525878906,33.70000076293945,12199600
2025-05-13,32.00627517700195,33.08000183105469,33.7599983215332,33.060001373291016,33.529998779296875,11835300
2025-05-14,31.6579647064209,32.720001220703125,33.0099983215332,32.41999816894531,33.0,10418700
2025-05-15,32.45134735107422,33.540000915527344,33.56999969482422,32.849998474121094,32.88999938964844,8321900
2025-05-16,32.722259521484375,33.81999969482422,33.83000183105469,33.45000076293945,33.540000915527344,8741800
2025-05-19,32.731937408447266,33.83000183105469,33.939998626708984,33.7400016784668,33.810001373291016,8217000
2025-05-20,32.770633697509766,33.869998931884766,33.939998626708984,33.7599983215332,33.810001373291016,7344800
2025-05-21,32.499725341796875,33.59000015258789,33.959999084472656,33.43000030517578,33.939998626708984,8959900
2025-05-22,31.938547134399414,33.0099983215332,33.709999084472656,32.970001220703125,33.529998779296875,8868700
2025-05-23,31.85146713256836,32.91999816894531,33.060001373291016,32.66999816894531,32.95000076293945,8765500
2025-05-27,31.803091049194336,32.869998931884766,33.150001525878906,32.75,33.11000061035156,11803500
2025-05-28,31.66763687133789,32.72999954223633,33.04999923706055,32.630001068115234,32.880001068115234,7292100
2025-05-29,32.3642692565918,33.45000076293945,33.5,32.65999984741211,32.79999923706055,12300900
2025-05-30,32.577125549316406,33.66999816894531,33.81999969482422,33.33000183105469,33.54999923706055,18639200
2025-06-02,32.17076110839844,33.25,33.540000915527344,32.7400016784668,33.439998626708984,12124200
2025-06-03,31.75471305847168,32.81999969482422,33.150001525878906,32.689998626708984,33.04999923706055,14761800
2025-06-04,31.73536491394043,32.79999923706055,33.220001220703125,32.709999084472656,32.81999969482422,11215600
2025-06-05,31.503158569335938,32.560001373291016,32.880001068115234,32.4900016784668,32.7400016784668,10097500
2025-06-06,31.706340789794922,32.77000045776367,32.849998474121094,32.560001373291016,32.68000030517578,8121200
2025-06-09,31.89984893798828,32.970001220703125,33.02000045776367,32.63999938964844,32.720001220703125,8992500
2025-06-10,31.880495071411133,32.95000076293945,33.29999923706055,32.77000045776367,32.970001220703125,8909500
2025-06-11,31.79341697692871,32.86000061035156,32.91999816894531,32.4900016784668,32.880001068115234,11661900
2025-06-12,32.0643310546875,33.13999938964844,33.150001525878906,32.66999816894531,32.86000061035156,8522700
2025-06-13,31.948225021362305,33.02000045776367,33.38999938964844,32.95000076293945,33.0099983215332,8612800
2025-06-16,32.02562713623047,33.099998474121094,33.459999084472656,32.84000015258789,33.11000061035156,8379500
2025-06-17,31.803091049194336,32.869998931884766,33.18000030517578,32.75,33.02000045776367,9893300
2025-06-18,32.132057189941406,33.209999084472656,33.279998779296875,32.79999923706055,32.88999938964844,8033200
2025-06-20,32.49005126953125,33.58000183105469,33.900001525878906,33.220001220703125,33.47999954223633,17753800
2025-06-23,32.18043518066406,33.2599983215332,33.68000030517578,32.900001525878906,33.68000030517578,9094900
2025-06-24,32.461021423339844,33.54999923706055,33.619998931884766,33.16999816894531,33.209999084472656,9916300
2025-06-25,31.909523010253906,32.97999954223633,33.56999969482422,32.900001525878906,33.529998779296875,9680400
2025-06-26,31.967578887939453,33.040000915527344,33.20000076293945,32.97999954223633,33.08000183105469,9079800
2025-06-27,32.00654602050781,32.849998474121094,33.029998779296875,32.599998474121094,32.84000015258789,10276000
2025-06-30,32.21115493774414,33.060001373291016,33.15999984741211,32.810001373291016,32.86000061035156,11541500
2025-07-01,32.70806121826172,33.56999969482422,34.060001373291016,32.97999954223633,33.09000015258789,12070000
2025-07-02,32.97113037109375,33.84000015258789,33.93000030517578,33.470001220703125,33.630001068115234,8501900
2025-07-03,32.92241668701172,33.790000915527344,33.91999816894531,33.68000030517578,33.77000045776367,5376500
2025-07-07,32.91267013549805,33.779998779296875,33.970001220703125,33.58000183105469,33.790000915527344,12706000
2025-07-08,33.15625,34.029998779296875,34.13999938964844,33.529998779296875,33.720001220703125,10801000
2025-07-09,32.786006927490234,33.650001525878906,34.08000183105469,33.189998626708984,34.06999969482422,13571800
2025-07-10,32.786006927490234,33.650001525878906,33.7400016784668,33.029998779296875,33.540000915527344,13439700
2025-07-11,32.63011932373047,33.4900016784668,33.650001525878906,33.27000045776367,33.5,7878100
2025-07-14,32.40602111816406,33.2599983215332,33.47999954223633,33.04999923706055,33.47999954223633,8447300
2025-07-15,31.899375915527344,32.7400016784668,33.310001373291016,32.709999084472656,33.279998779296875,10900700
2025-07-16,32.357303619384766,33.209999084472656,33.2599983215332,32.70000076293945,32.7599983215332,8831100
2025-07-17,33.01984405517578,33.88999938964844,33.91999816894531,33.119998931884766,33.220001220703125,7942500
2025-07-18,32.6788330078125,33.540000915527344,34.099998474121094,33.52000045776367,33.95000076293945,7624000
2025-07-21,32.464481353759766,33.31999969482422,33.66999816894531,33.220001220703125,33.630001068115234,10604600
2025-07-22,32.91267013549805,33.779998779296875,33.900001525878906,33.220001220703125,33.34000015258789,9814700
2025-07-23,32.63985824584961,33.5,33.84000015258789,33.380001068115234,33.75,13512000
2025-07-24,32.70806121826172,33.56999969482422,34.189998626708984,33.0,34.02000045776367,17779600
2025-07-25,32.41576385498047,33.27000045776367,33.4900016784668,33.08000183105469,33.45000076293945,9825500
2025-07-28,32.123470306396484,32.970001220703125,33.52000045776367,32.91999816894531,33.099998474121094,10470600
2025-07-29,32.980873107910156,33.849998474121094,33.970001220703125,32.900001525878906,33.060001373291016,10893300
2025-07-30,32.95164489746094,33.81999969482422,34.43000030517578,33.720001220703125,33.88999938964844,11221700
2025-07-31,31.811683654785156,32.650001525878906,33.61000061035156,32.54999923706055,33.47999954223633,11679600
2025-08-01,32.464481353759766,33.31999969482422,33.47999954223633,32.790000915527344,32.880001068115234,11688100
2025-08-04,32.425506591796875,33.279998779296875,33.45000076293945,32.91999816894531,33.25,9301500
2025-08-05,32.464481353759766,33.31999969482422,33.810001373291016,33.279998779296875,33.290000915527344,9631700
2025-08-06,32.55217361450195,33.40999984741211,33.63999938964844,33.08000183105469,33.380001068115234,8084700
2025-08-07,33.02959060668945,33.900001525878906,34.02000045776367,33.439998626708984,33.58000183105469,6568200
2025-08-08,33.53623580932617,34.41999816894531,34.439998626708984,33.900001525878906,33.900001525878906,6663000
2025-08-11,33.731101989746094,34.619998931884766,34.849998474121094,34.33000183105469,34.45000076293945,9194100
2025-08-12,33.91622543334961,34.810001373291016,34.84000015258789,34.52000045776367,34.68000030517578,7706000
2025-08-13,33.925968170166016,34.81999969482422,34.9900016784668,34.59000015258789,34.81999969482422,7758900
2025-08-14,33.7408447265625,34.630001068115234,34.79999923706055,34.52000045776367,34.7599983215332,5871900
2025-08-15,33.886993408203125,34.779998779296875,34.81999969482422,34.4900016784668,34.72999954223633,6248200
2025-08-18,33.76033401489258,34.650001525878906,35.0,34.61000061035156,34.779998779296875,6266200
2025-08-19,34.27672576904297,35.18000030517578,35.20000076293945,34.66999816894531,34.77000045776367,5824500
2025-08-20,34.27672576904297,35.18000030517578,35.939998626708984,35.150001525878906,35.349998474121094,9400800
2025-08-21,34.29621124267578,35.20000076293945,35.38999938964844,34.970001220703125,34.9900016784668,6090300
2025-08-22,34.23774719238281,35.13999938964844,35.59000015258789,35.060001373291016,35.369998931884766,5121700
2025-08-25,30.301481246948242,31.100000381469727,32.65999984741211,31.0,32.45000076293945,42830100
2025-08-26,28.206684112548828,28.950000762939453,31.0,28.93000030517578,31.0,63338100
2025-08-27,28.9569149017334,29.719999313354492,29.780000686645508,28.700000762939453,29.0,41485200
2025-08-28,28.53795623779297,29.290000915527344,29.81999969482422,29.219999313354492,29.780000686645508,21962900
2025-08-29,28.343090057373047,29.09000015258789,29.739999771118164,29.059999465942383,29.299999237060547,22203000
2025-09-02,28.167713165283203,28.90999984741211,29.15999984741211,28.600000381469727,29.079999923706055,29183800
2025-09-03,28.343090057373047,29.09000015258789,29.209999084472656,28.59000015258789,28.729999542236328,37011400
2025-09-04,28.498981475830078,29.25,29.389999389648438,28.700000762939453,29.200000762939453,34412600
2025-09-05,27.914386749267578,28.649999618530273,29.3700008392334,28.610000610351562,29.25,21098400
2025-09-08,26.920576095581055,27.6299991607666,28.6299991607666,27.239999771118164,28.59000015258789,34840200
2025-09-09,26.901090621948242,27.610000610351562,27.860000610351562,27.459999084472656,27.639999389648438,19003600
2025-09-10,26.735456466674805,27.440000534057617,27.479999542236328,27.100000381469727,27.459999084472656,19227900
2025-09-11,26.88160514831543,27.59000015258789,27.790000915527344,27.329999923706055,27.399999618530273,15495900
2025-09-12,26.530845642089844,27.229999542236328,27.59000015258789,27.020000457763672,27.559999465942383,15138100
2025-09-15,26.06317138671875,26.75,27.399999618530273,26.690000534057617,27.34000015258789,32401600
2025-09-16,26.267778396606445,26.959999084472656,27.09000015258789,26.579999923706055,26.739999771118164,20150000
2025-09-17,26.560077667236328,27.260000228881836,27.469999313354492,26.959999084472656,27.020000457763672,23760600
2025-09-18,26.501617431640625,27.200000762939453,27.450000762939453,27.079999923706055,27.139999389648438,12364700
2025-09-19,26.413928985595703,27.110000610351562,27.309999465942383,27.049999237060547,27.299999237060547,26591200
2025-09-22,25.28371238708496,25.950000762939453,26.790000915527344,25.920000076293945,26.75,23838600
2025-09-23,25.819589614868164,26.5,26.6200008392334,26.040000915527344,26.100000381469727,19629400
2025-09-24,25.57600975036621,26.25,26.549999237060547,26.1299991607666,26.200000762939453,17915600
2025-09-25,25.088848114013672,25.75,26.479999542236328,25.670000076293945,26.389999389648438,20503100
2025-09-26,25.069185256958008,25.5,25.719999313354492,25.399999618530273,25.639999389648438,20317600
2025-09-29,25.236312866210938,25.670000076293945,25.700000762939453,25.350000381469727,25.600000381469727,17747300
2025-09-30,25.079017639160156,25.510000228881836,25.729999542236328,25.420000076293945,25.649999618530273,17966900
2025-10-01,25.167497634887695,25.600000381469727,25.8700008392334,25.559999465942383,25.59000015258789,15747500
2025-10-02,25.305130004882812,25.739999771118164,25.760000228881836,25.270000457763672,25.559999465942383,12965400
2025-10-03,25.4034423828125,25.84000015258789,25.989999771118164,25.670000076293945,25.700000762939453,10325900
2025-10-06,24.8725643157959,25.299999237060547,25.829999923706055,25.190000534057617,25.799999237060547,23707300
2025-10-07,24.902057647705078,25.329999923706055,25.5,25.030000686645508,25.280000686645508,15276700
2025-10-08,25.1478328704834,25.579999923706055,25.600000381469727,25.110000610351562,25.290000915527344,13028700
2025-10-09,25.413272857666016,25.850000381469727,26.010000228881836,25.479999542236328,25.670000076293945,19416200
2025-10-10,25.383779525756836,25.81999969482422,26.030000686645508,25.709999084472656,25.920000076293945,11763200
2025-10-13,25.973642349243164,26.420000076293945,27.290000915527344,25.530000686645508,25.770000457763672,32613300
2025-10-14,26.23908042907715,26.690000534057617,26.739999771118164,26.100000381469727,26.299999237060547,17088400
2025-10-15,26.475027084350586,26.93000030517578,26.979999542236328,26.520000457763672,26.6299991607666,12270100
2025-10-16,27.251678466796875,27.719999313354492,27.780000686645508,27.030000686645508,27.059999465942383,28932500
2025-10-17,27.556442260742188,28.030000686645508,28.1299991607666,27.5,27.75,23230600
2025-10-20,27.281173706054688,27.75,28.170000076293945,27.729999542236328,27.989999771118164,11046600
2025-10-21,27.202524185180664,27.670000076293945,27.979999542236328,27.639999389648438,27.84000015258789,10676900
2025-10-22,26.92725372314453,27.389999389648438,28.100000381469727,27.3700008392334,27.729999542236328,15831000
2025-10-23,27.084550857543945,27.549999237060547,27.670000076293945,27.3799991607666,27.510000228881836,12124800
2025-10-24,26.701141357421875,27.15999984741211,27.729999542236328,27.15999984741211,27.610000610351562,10217600
2025-10-27,28.736167907714844,29.229999542236328,30.010000228881836,28.3799991607666,29.75,53680800
2025-10-28,28.36258888244629,28.850000381469727,29.100000381469727,28.360000610351562,29.020000457763672,26860700
2025-10-29,26.691308975219727,27.149999618530273,28.65999984741211,27.09000015258789,28.530000686645508,29978800
2025-10-30,27.21235466003418,27.68000030517578,27.889999389648438,27.239999771118164,27.31999969482422,21264100
2025-10-31,26.701141357421875,27.15999984741211,27.5,26.829999923706055,27.5,22073400
2025-11-03,26.189926147460938,26.639999389648438,27.100000381469727,26.540000915527344,27.100000381469727,19617000
2025-11-04,26.01296615600586,26.459999084472656,26.899999618530273,26.399999618530273,26.860000610351562,16092100
2025-11-05,26.268573760986328,26.719999313354492,26.809999465942383,26.329999923706055,26.450000762939453,12807300
2025-11-06,25.914655685424805,26.360000610351562,26.6200008392334,26.219999313354492,26.540000915527344,12916800
2025-11-07,25.521411895751953,25.959999084472656,26.670000076293945,25.8799991607666,26.600000381469727,19727500
2025-11-10,25.678712844848633,26.1200008392334,26.200000762939453,25.850000381469727,26.0,22572300
2025-11-11,26.278406143188477,26.729999542236328,26.93000030517578,26.18000030517578,26.18000030517578,17000800
2025-11-12,26.445531845092773,26.899999618530273,27.299999237060547,26.780000686645508,26.8799991607666,11843700
2025-11-13,26.543842315673828,27.0,27.15999984741211,26.790000915527344,26.8799991607666,25615000
2025-11-14,26.671648025512695,27.1299991607666,27.329999923706055,26.829999923706055,27.110000610351562,18295500
2025-11-17,26.504518508911133,26.959999084472656,27.40999984741211,26.889999389648438,27.209999084472656,23188000
2025-11-18,26.95674705505371,27.420000076293945,27.479999542236328,26.8700008392334,27.020000457763672,12137000
2025-11-19,26.435701370239258,26.889999389648438,27.360000610351562,26.729999542236328,27.290000915527344,8917800
2025-11-20,26.750293731689453,27.209999084472656,27.309999465942383,26.84000015258789,26.860000610351562,14598000
2025-11-21,27.271339416503906,27.739999771118164,27.93000030517578,27.299999237060547,27.309999465942383,15256000
2025-11-24,26.897762298583984,27.360000610351562,27.68000030517578,27.149999618530273,27.6299991607666,19631700
2025-11-25,26.592998504638672,27.049999237060547,27.43000030517578,26.770000457763672,27.399999618530273,19179700
2025-11-26,27.21235466003418,27.68000030517578,27.690000534057617,26.950000762939453,27.030000686645508,11864200
2025-11-28,27.428638458251953,27.899999618530273,27.959999084472656,27.6299991607666,27.68000030517578,6348300
2025-12-01,27.694076538085938,28.170000076293945,28.200000762939453,27.770000457763672,27.84000015258789,12673100
2025-12-02,27.65475082397461,28.1299991607666,28.209999084472656,27.790000915527344,28.110000610351562,11618100
2025-12-03,27.85137367248535,28.329999923706055,28.440000534057617,27.989999771118164,28.149999618530273,16777900
2025-12-04,28.097150802612305,28.579999923706055,28.610000610351562,28.200000762939453,28.239999771118164,15526600
2025-12-05,28.205291748046875,28.690000534057617,28.760000228881836,28.260000228881836,28.56999969482422,15669700
2025-12-08,28.510053634643555,29.0,29.1200008392334,28.559999465942383,28.559999465942383,15805700
2025-12-09,28.56903839111328,29.059999465942383,29.899999618530273,28.770000457763672,29.059999465942383,21258800
2025-12-10,29.03110122680664,29.530000686645508,29.610000610351562,29.06999969482422,29.06999969482422,18699600
2025-12-11,28.97211265563965,29.469999313354492,29.709999084472656,29.389999389648438,29.559999465942383,14532700
2025-12-12,29.011438369750977,29.510000228881836,29.670000076293945,29.209999084472656,29.56999969482422,16504900
2025-12-15,28.736167907714844,29.229999542236328,29.479999542236328,28.760000228881836,29.360000610351562,23521300
2025-12-16,28.10698127746582,28.59000015258789,29.469999313354492,28.43000030517578,29.34000015258789,19314200
2025-12-17,27.57610321044922,28.049999237060547,28.729999542236328,28.020000457763672,28.5,15742400
2025-12-18,27.625259399414062,28.100000381469727,28.399999618530273,27.959999084472656,28.020000457763672,16502200
2025-12-19,27.418806076049805,27.889999389648438,28.1299991607666,27.81999969482422,28.100000381469727,27699900
2025-12-22,27.762893676757812,28.239999771118164,28.3799991607666,27.739999771118164,27.860000610351562,10752800
2025-12-23,27.428638458251953,27.899999618530273,28.239999771118164,27.860000610351562,28.239999771118164,9156600
2025-12-24,27.526948928833008,28.0,28.049999237060547,27.84000015258789,27.8700008392334,4319800
2025-12-26,27.625259399414062,28.100000381469727,28.110000610351562,27.899999618530273,27.969999313354492,5889600
2025-12-29,27.684246063232422,28.15999984741211,28.399999618530273,28.049999237060547,28.1200008392334,6962500
2025-12-30,27.674413681030273,28.149999618530273,28.25,28.079999923706055,28.110000610351562,5929000
2025-12-31,27.536779403686523,28.010000228881836,28.25,28.0,28.100000381469727,5834600
2026-01-02,27.48721694946289,27.729999542236328,27.969999313354492,27.690000534057617,27.81999969482422,9152700
2026-01-05,27.080806732177734,27.31999969482422,27.700000762939453,27.049999237060547,27.639999389648438,12995500
2026-01-06,27.10063362121582,27.34000015258789,27.479999542236328,26.969999313354492,27.229999542236328,9694900
2026-01-07,27.01142120361328,27.25,27.489999771118164,27.09000015258789,27.360000610351562,9319400
2026-01-08,27.368268966674805,27.610000610351562,27.860000610351562,27.139999389648438,27.170000076293945,7437100
2026-01-09,27.546693801879883,27.790000915527344,28.010000228881836,27.469999313354492,27.520000457763672,6849300
2026-01-12,27.457481384277344,27.700000762939453,27.979999542236328,27.540000915527344,27.68000030517578,10714300
2026-01-13,27.477304458618164,27.719999313354492,27.969999313354492,27.479999542236328,27.65999984741211,8231100
2026-01-14,27.873804092407227,28.1200008392334,28.360000610351562,27.68000030517578,27.75,11545800
2026-01-15,27.655729293823242,27.899999618530273,28.219999313354492,27.8700008392334,28.100000381469727,9984300
2026-01-16,27.170019149780273,27.40999984741211,27.93000030517578,27.31999969482422,27.920000076293945,17315100
2026-01-20,27.705293655395508,27.950000762939453,28.1200008392334,27.079999923706055,27.260000228881836,16865300
2026-01-21,27.457481384277344,27.700000762939453,28.079999923706055,27.389999389648438,27.8799991607666,10055600
2026-01-22,27.308794021606445,27.549999237060547,27.719999313354492,27.329999923706055,27.670000076293945,12133700
2026-01-23,27.516956329345703,27.760000228881836,27.850000381469727,27.459999084472656,27.56999969482422,9761200
2026-01-26,27.457481384277344,27.700000762939453,27.780000686645508,27.479999542236328,27.739999771118164,7923300
2026-01-27,27.34844398498535,27.59000015258789,27.639999389648438,27.209999084472656,27.59000015258789,9154600
2026-01-28,26.476146697998047,26.709999084472656,27.760000228881836,26.399999618530273,27.540000915527344,12373100
2026-01-29,26.58518409729004,26.81999969482422,27.020000457763672,26.639999389648438,26.770000457763672,12411700
2026-01-30,27.199758529663086,27.440000534057617,27.530000686645508,26.770000457763672,26.81999969482422,11489500
2026-02-02,27.229494094848633,27.469999313354492,27.59000015258789,27.229999542236328,27.420000076293945,8480900
2026-02-03,27.725116729736328,27.969999313354492,28.200000762939453,27.200000762939453,27.290000915527344,9026600
2026-02-04,28.20091438293457,28.450000762939453,28.600000381469727,28.1299991607666,28.229999542236328,10145300
2026-02-05,27.764766693115234,28.010000228881836,28.700000762939453,27.860000610351562,28.65999984741211,9705500
2026-02-06,28.161264419555664,28.40999984741211,28.440000534057617,27.920000076293945,27.989999771118164,7810400
2026-02-09,28.26038932800293,28.510000228881836,28.540000915527344,27.850000381469727,28.329999923706055,12899900
2026-02-10,28.458637237548828,28.709999084472656,28.829999923706055,28.299999237060547,28.399999618530273,13807400
2026-02-11,29.628305435180664,29.889999389648438,29.950000762939453,28.649999618530273,28.700000762939453,14315900
2026-02-12,29.64813232421875,29.90999984741211,30.149999618530273,29.709999084472656,29.709999084472656,10041200
2026-02-13,29.430057525634766,29.690000534057617,30.100000381469727,29.360000610351562,29.860000610351562,9094700
2026-02-17,28.87495994567871,29.1299991607666,29.90999984741211,28.8799991607666,29.75,10660300
2026-02-18,28.884872436523438,29.139999389648438,29.399999618530273,28.84000015258789,29.1299991607666,6377900
2026-02-19,28.845224380493164,29.100000381469727,29.219999313354492,28.850000381469727,29.139999389648438,7446600
2026-02-20,29.2813720703125,29.540000915527344,29.579999923706055,29.0,29.149999618530273,6802900
2026-02-23,29.509357452392578,29.770000457763672,30.079999923706055,29.40999984741211,29.540000915527344,12729400
2026-02-24,30.75832748413086,31.030000686645508,31.5,30.31999969482422,30.68000030517578,19243600
2026-02-25,29.886030197143555,30.149999618530273,31.1200008392334,29.959999084472656,30.989999771118164,15931400
2026-02-26,30.064455032348633,30.329999923706055,30.729999542236328,30.049999237060547,30.34000015258789,15557900
2026-02-27,30.014892578125,30.280000686645508,30.639999389648438,30.209999084472656,30.31999969482422,13256600
2026-03-02,29.707605361938477,29.969999313354492,30.350000381469727,29.940000534057617,30.15999984741211,8463700
2026-03-03,29.311107635498047,29.56999969482422,30.100000381469727,29.549999237060547,29.950000762939453,8075000
2026-03-04,28.617237091064453,28.8700008392334,29.6299991607666,28.84000015258789,29.6299991607666,9101300
2026-03-05,27.804414749145508,28.049999237060547,28.770000457763672,28.020000457763672,28.709999084472656,12280800
2026-03-06,28.00266456604004,28.25,28.329999923706055,27.719999313354492,27.93000030517578,7853600
2026-03-09,27.943191528320312,28.190000534057617,28.239999771118164,27.479999542236328,28.110000610351562,10723500
2026-03-10,27.794504165649414,28.040000915527344,28.329999923706055,27.850000381469727,28.0,7821500
2026-03-11,27.40791893005371,27.649999618530273,28.079999923706055,27.329999923706055,28.020000457763672,8802500
2026-03-12,26.694223403930664,26.93000030517578,27.639999389648438,26.920000076293945,27.450000762939453,10743600
2026-03-13,27.170019149780273,27.40999984741211,27.459999084472656,27.040000915527344,27.149999618530273,9508200
2026-03-16,27.308794021606445,27.549999237060547,28.020000457763672,27.510000228881836,27.6200008392334,10204900
2026-03-17,27.3286190032959,27.56999969482422,27.799999237060547,27.459999084472656,27.780000686645508,7220500
2026-03-18,26.832996368408203,27.06999969482422,27.309999465942383,26.84000015258789,27.229999542236328,11587700
2026-03-19,26.912296295166016,27.149999618530273,27.5,27.040000915527344,27.100000381469727,10211900
2026-03-20,26.35719871520996,26.59000015258789,27.280000686645508,26.559999465942383,27.18000030517578,18317100
2026-03-23,26.317548751831055,26.549999237060547,26.940000534057617,26.190000534057617,26.940000534057617,11704600
2026-03-24,25.980525970458984,26.209999084472656,26.790000915527344,26.139999389648438,26.43000030517578,8879300
2026-03-25,26.13912582397461,26.3700008392334,26.479999542236328,26.0,26.31999969482422,9108000
2026-03-26,26.040000915527344,26.270000457763672,26.68000030517578,26.190000534057617,26.440000534057617,9865800
2026-03-27,26.229999542236328,26.229999542236328,26.56999969482422,26.0,26.06999969482422,10147900
2026-03-30,26.450000762939453,26.450000762939453,26.700000762939453,25.989999771118164,26.280000686645508,11534500
2026-03-31,26.329999923706055,26.329999923706055,26.600000381469727,25.84000015258789,26.59000015258789,9131100
2026-04-01,25.690000534057617,25.690000534057617,26.209999084472656,25.530000686645508,25.969999313354492,11980100
2026-04-02,25.309999465942383,25.309999465942383,25.729999542236328,25.110000610351562,25.729999542236328,10579500
2026-04-06,25.700000762939453,25.700000762939453,25.75,24.8799991607666,25.170000076293945,10558800
2026-04-07,25.469999313354492,25.469999313354492,25.760000228881836,25.299999237060547,25.700000762939453,8055700
2026-04-08,25.84000015258789,25.84000015258789,25.950000762939453,25.559999465942383,25.600000381469727,8623700
2026-04-09,26.420000076293945,26.420000076293945,26.549999237060547,25.600000381469727,25.600000381469727,9151500
2026-04-10,26.56999969482422,26.56999969482422,26.579999923706055,26.15999984741211,26.459999084472656,11870800
2026-04-13,26.040000915527344,26.040000915527344,26.530000686645508,25.690000534057617,26.530000686645508,13259200
2026-04-14,26.020000457763672,26.020000457763672,26.18000030517578,25.559999465942383,25.809999465942383,11505500
2026-04-15,26.0,26.0,26.18000030517578,25.559999465942383,25.8700008392334,9802700
2026-04-16,26.040000915527344,26.040000915527344,26.350000381469727,25.84000015258789,25.940000534057617,10868900
2026-04-17,26.530000686645508,26.530000686645508,26.6299991607666,26.0,26.040000915527344,11331300
2026-04-20,26.5,26.5,26.809999465942383,26.3799991607666,26.530000686645508,9917100
2026-04-21,26.440000534057617,26.440000534057617,26.739999771118164,26.209999084472656,26.459999084472656,16324200
2026-04-22,26.540000915527344,26.540000915527344,26.959999084472656,26.43000030517578,26.649999618530273,14321600
2026-04-23,28.530000686645508,28.530000686645508,28.75,27.1200008392334,27.290000915527344,20269900
2026-04-24,29.219999313354492,29.219999313354492,29.280000686645508,28.299999237060547,28.530000686645508,15054100
2026-04-27,28.149999618530273,28.149999618530273,29.190000534057617,28.0,29.049999237060547,20865900
2026-04-28,28.790000915527344,28.790000915527344,29.290000915527344,28.469999313354492,28.639999389648438,13133700
2026-04-29,28.93000030517578,28.93000030517578,29.0,28.559999465942383,28.739999771118164,15313900
2026-04-30,29.399999618530273,29.399999618530273,29.579999923706055,28.969999313354492,28.969999313354492,10522100
2026-05-01,29.09000015258789,29.09000015258789,29.56999969482422,28.760000228881836,29.530000686645508,7140100
2026-05-04,28.8700008392334,28.8700008392334,29.329999923706055,28.59000015258789,28.969999313354492,7953800
2026-05-05,28.920000076293945,28.920000076293945,29.270000457763672,28.440000534057617,28.799999237060547,8820100
2026-05-06,28.559999465942383,28.559999465942383,29.139999389648438,28.280000686645508,28.809999465942383,11812200
2026-05-07,28.520000457763672,28.520000457763672,28.719999313354492,27.84000015258789,28.440000534057617,9434500
2026-05-08,28.829999923706055,28.829999923706055,29.170000076293945,28.459999084472656,28.520000457763672,9205700
2026-05-11,28.709999084472656,28.709999084472656,29.0,28.549999237060547,28.829999923706055,9720900
2026-05-12,29.170000076293945,29.170000076293945,29.450000762939453,28.739999771118164,28.93000030517578,9260300
2026-05-13,29.309999465942383,29.309999465942383,29.68000030517578,29.0,29.1299991607666,8361100
2026-05-14,29.100000381469727,29.100000381469727,29.5,28.90999984741211,29.450000762939453,7724900
2026-05-15,28.93000030517578,28.93000030517578,29.329999923706055,28.770000457763672,29.329999923706055,8004600
2026-05-18,29.43000030517578,29.43000030517578,29.5,28.950000762939453,29.020000457763672,8734900
2026-05-19,28.850000381469727,28.850000381469727,29.670000076293945,28.809999465942383,29.489999771118164,12356300
2026-05-20,28.690000534057617,28.690000534057617,28.979999542236328,28.540000915527344,28.860000610351562,15343100
2026-05-21,28.780000686645508,28.780000686645508,28.90999984741211,28.280000686645508,28.75,9058000
2026-05-22,29.1200008392334,29.1200008392334,29.280000686645508,28.65999984741211,28.719999313354492,5933200
2026-05-26,29.549999237060547,29.549999237060547,30.219999313354492,29.010000228881836,29.010000228881836,14386000
2026-05-27,30.100000381469727,30.100000381469727,30.540000915527344,29.56999969482422,29.75,9952500
2026-05-28,30.040000915527344,30.040000915527344,30.229999542236328,29.770000457763672,29.950000762939453,9145300
2026-05-29,30.030000686645508,30.030000686645508,30.290000915527344,29.739999771118164,29.989999771118164,18202700
2026-06-01,30.200000762939453,30.200000762939453,30.329999923706055,29.670000076293945,29.809999465942383,10422500
2026-06-02,30.360000610351562,30.360000610351562,30.520000457763672,29.920000076293945,30.209999084472656,10208100
2026-06-03,30.549999237060547,30.549999237060547,31.040000915527344,30.190000534057617,30.299999237060547,12286700
2026-06-04,30.059999465942383,30.059999465942383,30.920000076293945,30.0,30.8799991607666,9879100
2026-06-05,30.530000686645508,30.530000686645508,30.940000534057617,30.209999084472656,30.3799991607666,9765400
