Date,Adj Close,Close,High,Low,Open,Volume
2013-01-02,33.564666748046875,48.75,50.13999938964844,47.9900016784668,48.08000183105469,15479100
2013-01-03,34.260047912597656,49.7599983215332,50.31999969482422,48.5,48.75,9286800
2013-01-04,35.24460220336914,51.189998626708984,51.33000183105469,49.560001373291016,50.0,10554500
2013-01-07,35.03118133544922,50.880001068115234,51.79999923706055,50.689998626708984,51.119998931884766,8285800
2013-01-08,35.87803268432617,52.11000061035156,52.27000045776367,50.459999084472656,51.06999969482422,9671600
2013-01-09,36.0845832824707,52.40999984741211,53.93000030517578,52.16999816894531,52.459999084472656,14221200
2013-01-10,36.10523986816406,52.439998626708984,52.90999984741211,51.400001525878906,52.5,9855600
2013-01-11,36.160316467285156,52.52000045776367,52.65999984741211,51.5,52.400001525878906,5881500
2013-01-14,35.91934585571289,52.16999816894531,52.79999923706055,51.689998626708984,52.36000061035156,3486600
2013-01-15,36.2222900390625,52.61000061035156,52.779998779296875,51.790000915527344,51.9900016784668,4091500
2013-01-16,35.692142486572266,51.84000015258789,52.5,51.810001373291016,52.4900016784668,6484600
2013-01-17,35.71968460083008,51.880001068115234,52.27000045776367,51.689998626708984,51.9900016784668,5246300
2013-01-18,35.95376205444336,52.220001220703125,52.779998779296875,51.959999084472656,52.61000061035156,6015900
2013-01-22,36.876365661621094,53.560001373291016,53.66999816894531,52.06999969482422,52.130001068115234,6978300
2013-01-23,36.67670822143555,53.27000045776367,53.939998626708984,52.880001068115234,53.709999084472656,5553600
2013-01-24,36.291133880615234,52.709999084472656,53.5,52.650001525878906,53.25,6960000
2013-01-25,36.291133880615234,52.709999084472656,53.11000061035156,52.220001220703125,53.040000915527344,5510000
2013-01-28,36.35999298095703,52.810001373291016,53.5,52.540000915527344,53.310001373291016,5998900
2013-01-29,35.16887664794922,51.08000183105469,52.7400016784668,51.0099983215332,52.599998474121094,10300800
2013-01-30,35.49935531616211,51.560001373291016,52.08000183105469,50.900001525878906,51.43000030517578,9761100
2013-01-31,38.039947509765625,55.25,55.369998931884766,52.59000015258789,53.369998931884766,18260500
2013-02-01,38.466819763183594,55.869998931884766,55.939998626708984,54.2599983215332,54.7599983215332,10574200
2013-02-04,37.42029571533203,54.349998474121094,55.47999954223633,53.84000015258789,55.349998474121094,8675900
2013-02-05,37.681922912597656,54.72999954223633,55.18000030517578,54.310001373291016,54.400001525878906,4358900
2013-02-06,37.3858757019043,54.29999923706055,54.63999938964844,53.25,53.47999954223633,8693400
2013-02-07,36.86949157714844,53.54999923706055,54.33000183105469,52.959999084472656,54.22999954223633,6635500
2013-02-08,37.62685775756836,54.650001525878906,54.66999816894531,54.11000061035156,54.349998474121094,6503900
2013-02-11,37.069149017333984,53.84000015258789,54.650001525878906,53.38999938964844,54.650001525878906,5706300
2013-02-12,36.97276306152344,53.70000076293945,54.349998474121094,53.54999923706055,54.279998779296875,6637100
2013-02-13,36.903907775878906,53.599998474121094,55.099998474121094,53.41999816894531,53.72999954223633,10476500
2013-02-14,36.766212463378906,53.400001525878906,53.869998931884766,52.70000076293945,53.869998931884766,6078600
2013-02-15,36.42193603515625,52.900001525878906,53.540000915527344,52.29999923706055,53.38999938964844,6449400
2013-02-19,35.28591537475586,51.25,51.59000015258789,50.599998474121094,51.290000915527344,11136100
2013-02-20,34.3426628112793,49.880001068115234,51.650001525878906,49.70000076293945,51.619998931884766,8738000
2013-02-21,33.80562210083008,49.099998474121094,49.33000183105469,48.290000915527344,49.33000183105469,10965800
2013-02-22,34.92789840698242,50.72999954223633,50.869998931884766,49.47999954223633,49.599998474121094,10222200
2013-02-25,34.70757293701172,50.40999984741211,53.150001525878906,50.380001068115234,51.900001525878906,9580000
2013-02-26,34.652496337890625,50.33000183105469,50.95000076293945,49.13999938964844,50.83000183105469,7426300
2013-02-27,35.093143463134766,50.970001220703125,51.369998931884766,50.41999816894531,50.459999084472656,5092100
2013-02-28,35.451168060302734,51.4900016784668,52.630001068115234,51.029998779296875,51.06999969482422,7683700
2013-03-01,35.32722473144531,51.310001373291016,51.900001525878906,50.720001220703125,51.279998779296875,4937700
2013-03-04,35.320343017578125,51.29999923706055,51.29999923706055,49.83000183105469,50.20000076293945,7179000
2013-03-05,34.900352478027344,50.689998626708984,51.880001068115234,50.40999984741211,51.560001373291016,5117600
2013-03-06,35.80229949951172,52.0,52.34000015258789,50.83000183105469,51.16999816894531,6614800
2013-03-07,36.11901092529297,52.459999084472656,52.56999969482422,51.599998474121094,52.08000183105469,4561200
2013-03-08,36.03639221191406,52.34000015258789,52.7400016784668,51.93000030517578,52.56999969482422,4183400
2013-03-11,36.38752365112305,52.849998474121094,53.97999954223633,52.59000015258789,52.779998779296875,8109200
2013-03-12,36.31179428100586,52.7400016784668,53.16999816894531,52.189998626708984,52.849998474121094,3674400
2013-03-13,36.607852935791016,53.16999816894531,53.439998626708984,52.279998779296875,52.97999954223633,5454100
2013-03-14,36.71112060546875,53.31999969482422,53.68000030517578,52.900001525878906,53.22999954223633,3435600
2013-03-15,36.89702606201172,53.59000015258789,53.59000015258789,52.79999923706055,53.20000076293945,4169100
2013-03-18,36.828182220458984,53.4900016784668,53.95000076293945,52.2599983215332,52.66999816894531,4615700
2013-03-19,36.5648193359375,52.7599983215332,53.619998931884766,52.22999954223633,53.40999984741211,5435700
2013-03-20,37.64596939086914,54.31999969482422,55.099998474121094,53.04999923706055,53.060001373291016,9038400
2013-03-21,37.29250717163086,53.810001373291016,54.95000076293945,53.790000915527344,54.16999816894531,4428700
2013-03-22,37.31331253051758,53.84000015258789,54.279998779296875,53.650001525878906,54.09000015258789,3227500
2013-03-25,37.78456497192383,54.52000045776367,55.790000915527344,54.25,54.40999984741211,7020500
2013-03-26,39.19837188720703,56.560001373291016,56.83000183105469,54.97999954223633,55.29999923706055,8934700
2013-03-27,39.032047271728516,56.31999969482422,56.439998626708984,55.70000076293945,56.150001525878906,4370700
2013-03-28,39.052825927734375,56.349998474121094,56.75,55.93000030517578,56.4900016784668,3920700
2013-04-01,38.36673355102539,55.36000061035156,56.70000076293945,55.209999084472656,56.349998474121094,3792500
2013-04-02,38.11723709106445,55.0,55.90999984741211,54.40999984741211,55.790000915527344,4891000
2013-04-03,37.27865219116211,53.790000915527344,55.0,53.099998474121094,54.959999084472656,6631600
2013-04-04,37.07073974609375,53.4900016784668,53.77000045776367,52.79999923706055,53.72999954223633,4330600
2013-04-05,36.537086486816406,52.720001220703125,52.79999923706055,50.959999084472656,52.36000061035156,7548300
2013-04-08,37.83308792114258,54.59000015258789,54.65999984741211,52.86000061035156,52.93000030517578,7437600
2013-04-09,38.013267517089844,54.849998474121094,55.2400016784668,54.2400016784668,54.65999984741211,4449900
2013-04-10,38.4637451171875,55.5,55.70000076293945,55.0099983215332,55.20000076293945,3699600
2013-04-11,38.096439361572266,54.970001220703125,55.7599983215332,54.75,55.599998474121094,4345500
2013-04-12,38.803340911865234,55.9900016784668,56.150001525878906,54.560001373291016,54.869998931884766,5208300
2013-04-15,37.11232376098633,53.54999923706055,55.81999969482422,53.2400016784668,55.400001525878906,7886100
2013-04-16,37.7291259765625,54.439998626708984,54.86000061035156,54.150001525878906,54.189998626708984,4285000
2013-04-17,36.641056060791016,52.869998931884766,53.97999954223633,52.369998931884766,53.880001068115234,6108100
2013-04-18,36.01039123535156,51.959999084472656,53.16999816894531,51.45000076293945,53.0099983215332,7042400
2013-04-19,36.77273178100586,53.060001373291016,53.11000061035156,52.150001525878906,52.29999923706055,4490000
2013-04-22,37.01528549194336,53.40999984741211,53.540000915527344,52.88999938964844,53.439998626708984,4257500
2013-04-23,37.31331253051758,53.84000015258789,54.150001525878906,53.220001220703125,53.810001373291016,3458400
2013-04-24,37.99248123168945,54.81999969482422,55.18000030517578,54.08000183105469,54.08000183105469,5229800
2013-04-25,39.57260513305664,57.099998474121094,57.11000061035156,55.31999969482422,55.31999969482422,8724700
2013-04-26,38.928077697753906,56.16999816894531,56.709999084472656,55.79999923706055,56.119998931884766,4987300
2013-04-29,38.581565856933594,55.66999816894531,56.02000045776367,54.209999084472656,55.77000045776367,6553400
2013-04-30,38.98352813720703,56.25,56.54999923706055,55.619998931884766,55.630001068115234,5054800
2013-05-01,38.98352813720703,56.25,56.84000015258789,55.88999938964844,56.119998931884766,6781800
2013-05-02,39.48252487182617,56.970001220703125,57.880001068115234,55.91999816894531,57.29999923706055,9819400
2013-05-03,39.57954788208008,57.11000061035156,57.7400016784668,56.900001525878906,57.68000030517578,5337800
2013-05-06,39.309261322021484,56.720001220703125,57.4900016784668,56.66999816894531,57.15999984741211,3783300
2013-05-07,39.34391403198242,56.77000045776367,57.0,56.119998931884766,56.86000061035156,2994700
2013-05-08,39.51023483276367,57.0099983215332,57.16999816894531,56.40999984741211,56.83000183105469,3435500
2013-05-09,39.51023483276367,57.0099983215332,57.5,56.459999084472656,56.66999816894531,4227000
2013-05-10,40.348812103271484,58.220001220703125,58.22999954223633,57.0,57.0,4257000
2013-05-13,40.68147277832031,58.70000076293945,58.79999923706055,57.81999969482422,58.25,4944100
2013-05-14,41.228981018066406,59.4900016784668,59.970001220703125,58.61000061035156,58.900001525878906,6758800
2013-05-15,40.494354248046875,58.43000030517578,59.5,58.20000076293945,59.290000915527344,4767600
2013-05-16,40.16862869262695,57.959999084472656,59.119998931884766,57.91999816894531,58.16999816894531,4212800
2013-05-17,40.639892578125,58.63999938964844,58.75,58.2400016784668,58.2599983215332,3864700
2013-05-20,40.84086227416992,58.93000030517578,59.2599983215332,58.59000015258789,58.709999084472656,4129000
2013-05-21,41.2220458984375,59.47999954223633,59.65999984741211,58.72999954223633,58.83000183105469,4145700
2013-05-22,40.6676139831543,58.68000030517578,60.540000915527344,58.290000915527344,59.54999923706055,6194700
2013-05-23,40.057735443115234,57.79999923706055,58.0,56.4900016784668,57.34000015258789,7137300
2013-05-24,39.88447570800781,57.54999923706055,57.70000076293945,56.81999969482422,57.5,3464100
2013-05-28,40.709197998046875,58.7400016784668,59.56999969482422,58.40999984741211,58.5,4838200
2013-05-29,40.660682678222656,58.66999816894531,59.380001068115234,58.209999084472656,58.560001373291016,4412400
2013-05-30,40.709197998046875,58.7400016784668,59.439998626708984,58.630001068115234,58.77000045776367,3046900
2013-05-31,40.12705993652344,57.900001525878906,59.349998474121094,57.88999938964844,58.810001373291016,4097100
2013-06-03,40.14783477783203,57.93000030517578,58.4900016784668,57.040000915527344,58.29999923706055,3846800
2013-06-04,40.51514434814453,58.459999084472656,59.04999923706055,57.900001525878906,57.9900016784668,3959300
2013-06-05,39.745872497558594,57.349998474121094,59.0,57.209999084472656,58.900001525878906,8307600
2013-06-06,39.52410125732422,57.029998779296875,57.56999969482422,56.25,57.4900016784668,7671900
2013-06-07,39.6904411315918,57.27000045776367,57.939998626708984,56.959999084472656,57.290000915527344,6303700
2013-06-10,39.808250427246094,57.439998626708984,58.38999938964844,57.11000061035156,57.40999984741211,5425200
2013-06-11,38.90730285644531,56.13999938964844,56.83000183105469,55.689998626708984,56.58000183105469,5882400
2013-06-12,38.380584716796875,55.380001068115234,56.75,55.119998931884766,56.470001220703125,4931800
2013-06-13,39.20530700683594,56.56999969482422,56.65999984741211,54.79999923706055,55.33000183105469,5095700
2013-06-14,39.11520767211914,56.439998626708984,57.15999984741211,56.02000045776367,56.38999938964844,3305200
2013-06-17,39.57954788208008,57.11000061035156,57.84000015258789,56.7400016784668,57.310001373291016,5189600
2013-06-18,39.79570770263672,57.06999969482422,57.540000915527344,56.939998626708984,57.220001220703125,3070800
2013-06-19,39.38429641723633,56.47999954223633,57.47999954223633,56.369998931884766,57.02000045776367,3266700
2013-06-20,37.5712776184082,53.880001068115234,55.40999984741211,53.540000915527344,55.2599983215332,9242800
2013-06-21,36.462547302246094,52.290000915527344,54.5,51.91999816894531,54.4900016784668,9595700
2013-06-24,34.49612808227539,49.470001220703125,50.83000183105469,47.95000076293945,50.470001220703125,17991200
2013-06-25,35.36079788208008,50.709999084472656,51.47999954223633,50.400001525878906,50.70000076293945,9670200
2013-06-26,35.8280029296875,51.380001068115234,51.810001373291016,50.5,51.150001525878906,10963200
2013-06-27,36.87397766113281,52.880001068115234,52.880001068115234,51.849998474121094,51.900001525878906,8306400
2013-06-28,36.90884017944336,52.93000030517578,53.40999984741211,52.27000045776367,52.540000915527344,7232400
2013-07-01,36.936737060546875,52.970001220703125,54.45000076293945,52.90999984741211,53.97999954223633,4950700
2013-07-02,36.113895416259766,51.790000915527344,53.599998474121094,51.5,53.54999923706055,6734700
2013-07-03,36.113895416259766,51.790000915527344,52.279998779296875,50.66999816894531,51.22999954223633,3343100
2013-07-05,36.567142486572266,52.439998626708984,52.65999984741211,51.65999984741211,52.310001373291016,3338500
2013-07-08,36.59504318237305,52.47999954223633,53.400001525878906,52.41999816894531,52.619998931884766,5535500
2013-07-09,37.034358978271484,53.11000061035156,53.310001373291016,51.959999084472656,52.68000030517578,5198400
2013-07-10,37.06224060058594,53.150001525878906,53.380001068115234,52.7400016784668,53.06999969482422,3147000
2013-07-11,38.03150177001953,54.540000915527344,54.56999969482422,53.849998474121094,54.040000915527344,5540900
2013-07-12,37.73862075805664,54.119998931884766,54.95000076293945,53.959999084472656,54.5,3386900
2013-07-15,38.233726501464844,54.83000183105469,55.22999954223633,54.29999923706055,54.31999969482422,3492100
2013-07-16,38.34529495239258,54.9900016784668,55.13999938964844,54.52000045776367,55.08000183105469,3063600
2013-07-17,38.289520263671875,54.90999984741211,55.25,54.810001373291016,54.91999816894531,2615900
2013-07-18,39.16812515258789,56.16999816894531,56.43000030517578,55.0,55.0,4217100
2013-07-19,39.021690368652344,55.959999084472656,56.150001525878906,55.54999923706055,56.08000183105469,3900100
2013-07-22,39.15418243408203,56.150001525878906,56.43000030517578,55.27000045776367,55.63999938964844,4093300
2013-07-23,38.84737014770508,55.709999084472656,56.54999923706055,55.689998626708984,56.5,3246700
2013-07-24,38.31740951538086,54.95000076293945,56.20000076293945,54.58000183105469,56.06999969482422,5579800
2013-07-25,37.93388366699219,54.400001525878906,54.81999969482422,52.900001525878906,54.810001373291016,8785100
2013-07-26,38.32439422607422,54.959999084472656,55.08000183105469,53.90999984741211,54.36000061035156,3849400
2013-07-29,38.2476806640625,54.849998474121094,55.52000045776367,54.619998931884766,54.77000045776367,3070600
2013-07-30,39.23786926269531,56.27000045776367,56.439998626708984,55.150001525878906,55.150001525878906,5014500
2013-07-31,38.7497444152832,55.56999969482422,56.45000076293945,55.5099983215332,56.38999938964844,4488100
2013-08-01,39.886356353759766,57.20000076293945,57.40999984741211,55.970001220703125,56.11000061035156,5179300
2013-08-02,40.088592529296875,57.4900016784668,57.720001220703125,56.70000076293945,57.13999938964844,2893900
2013-08-05,40.31172561645508,57.810001373291016,57.86000061035156,57.25,57.4900016784668,2727100
2013-08-06,39.60047149658203,56.790000915527344,58.11000061035156,56.75,57.91999816894531,3399100
2013-08-07,39.18207931518555,56.189998626708984,56.970001220703125,55.88999938964844,56.63999938964844,2814900
2013-08-08,39.53770446777344,56.70000076293945,57.08000183105469,56.2599983215332,56.52000045776367,2480300
2013-08-09,39.140228271484375,56.130001068115234,56.88999938964844,55.880001068115234,56.66999816894531,2420000
2013-08-12,39.34943389892578,56.43000030517578,57.09000015258789,55.84000015258789,55.959999084472656,2964700
2013-08-13,39.572566986083984,56.75,56.95000076293945,56.0099983215332,56.83000183105469,3188100
2013-08-14,39.52376937866211,56.68000030517578,56.95000076293945,56.349998474121094,56.540000915527344,2013700
2013-08-15,39.495872497558594,56.63999938964844,56.939998626708984,55.720001220703125,56.27000045776367,3158300
2013-08-16,39.2657470703125,56.310001373291016,57.060001373291016,56.310001373291016,56.599998474121094,2619200
2013-08-19,39.635337829589844,56.84000015258789,57.5,56.29999923706055,56.29999923706055,4868000
2013-08-20,39.64229965209961,56.849998474121094,57.36000061035156,56.65999984741211,56.939998626708984,2433600
2013-08-21,39.12628173828125,56.11000061035156,56.790000915527344,55.86000061035156,56.7400016784668,3532700
2013-08-22,39.56560134887695,56.7400016784668,57.29999923706055,56.33000183105469,56.33000183105469,3031400
2013-08-23,39.74690246582031,57.0,57.45000076293945,56.810001373291016,56.939998626708984,4298100
2013-08-26,39.30062484741211,56.36000061035156,57.45000076293945,56.16999816894531,57.02000045776367,6541700
2013-08-27,38.05242156982422,54.56999969482422,56.279998779296875,54.36000061035156,55.709999084472656,5938000
2013-08-28,39.03564453125,55.97999954223633,56.279998779296875,54.709999084472656,54.720001220703125,4277600
2013-08-29,39.558616638183594,56.72999954223633,57.130001068115234,55.849998474121094,55.900001525878906,3386500
2013-08-30,39.29364013671875,56.349998474121094,56.97999954223633,55.959999084472656,56.720001220703125,2793100
2013-09-03,40.388427734375,57.91999816894531,58.09000015258789,56.9900016784668,57.060001373291016,7055000
2013-09-04,40.96720504760742,58.75,58.95000076293945,57.9900016784668,58.29999923706055,5885700
2013-09-05,41.071800231933594,58.900001525878906,59.45000076293945,58.79999923706055,58.970001220703125,3639300
2013-09-06,41.30889892578125,59.2400016784668,59.599998474121094,58.029998779296875,58.970001220703125,4198600
2013-09-09,42.88481140136719,61.5,61.529998779296875,59.84000015258789,59.880001068115234,6921500
2013-09-10,43.93775939941406,63.0099983215332,63.290000915527344,62.52000045776367,62.91999816894531,7238100
2013-09-11,44.26549530029297,63.47999954223633,63.97999954223633,62.81999969482422,62.9900016784668,5036100
2013-09-12,43.82619857788086,62.849998474121094,63.72999954223633,62.29999923706055,63.5,5217700
2013-09-13,44.30733108520508,63.540000915527344,63.619998931884766,62.5099983215332,63.09000015258789,3169300
2013-09-16,44.384033203125,63.650001525878906,64.72000122070312,63.43000030517578,64.13999938964844,4520700
2013-09-17,44.80241775512695,64.25,64.36000061035156,63.619998931884766,63.619998931884766,3338000
2013-09-18,45.321266174316406,64.63999938964844,64.72000122070312,63.189998626708984,64.06999969482422,5154700
2013-09-19,45.994354248046875,65.5999984741211,65.93000030517578,64.9800033569336,65.05999755859375,5874500
2013-09-20,45.6437873840332,65.0999984741211,65.86000061035156,64.83000183105469,65.86000061035156,5416200
2013-09-23,45.419429779052734,64.77999877929688,65.55000305175781,64.4000015258789,64.72000122070312,4402900
2013-09-24,46.34492111206055,66.0999984741211,66.5,64.62000274658203,64.66999816894531,6042900
2013-09-25,46.218719482421875,65.91999816894531,66.62999725341797,65.69999694824219,66.1500015258789,5316300
2013-09-26,46.905826568603516,66.9000015258789,67.3499984741211,66.25,66.30000305175781,4791900
2013-09-27,46.190677642822266,65.87999725341797,66.77999877929688,65.51000213623047,66.6500015258789,5319700
2013-09-30,46.56927490234375,66.41999816894531,66.87000274658203,64.19999694824219,64.45999908447266,6634200
2013-10-01,46.95490264892578,66.97000122070312,67.04000091552734,66.12000274658203,66.81999969482422,3531400
2013-10-02,46.70249938964844,66.61000061035156,67.0199966430664,66.16000366210938,66.68000030517578,3162400
2013-10-03,46.274803161621094,66.0,67.16000366210938,65.69999694824219,66.87999725341797,5123400
2013-10-04,46.5272102355957,66.36000061035156,66.70999908447266,65.91000366210938,66.04000091552734,3136600
2013-10-07,46.05746078491211,65.69000244140625,66.38999938964844,65.4000015258789,65.69999694824219,2073200
2013-10-08,45.10392379760742,64.33000183105469,66.3499984741211,63.4900016784668,65.73999786376953,5538100
2013-10-09,45.510562896728516,64.91000366210938,65.44999694824219,63.880001068115234,64.7699966430664,4134200
2013-10-10,46.471126556396484,66.27999877929688,66.66000366210938,65.86000061035156,65.88999938964844,2923400
2013-10-11,47.90845489501953,68.33000183105469,68.3499984741211,66.55000305175781,66.58000183105469,4494800
2013-10-14,48.30107879638672,68.88999938964844,68.91000366210938,67.44999694824219,67.79000091552734,3842300
2013-10-15,48.45532989501953,69.11000061035156,70.62000274658203,68.98999786376953,69.26000213623047,6465600
2013-10-16,48.74980926513672,69.52999877929688,70.20999908447266,69.23999786376953,69.76000213623047,4435200
2013-10-17,49.75944519042969,70.97000122070312,71.0,69.0199966430664,69.3499984741211,6003000
2013-10-18,50.84619140625,72.5199966430664,73.06999969482422,71.80999755859375,71.8499984741211,8659200
2013-10-21,51.34401321411133,73.2300033569336,73.23999786376953,72.08999633789062,72.7300033569336,5342100
2013-10-22,51.077571868896484,72.8499984741211,73.48999786376953,70.30000305175781,72.63999938964844,8149300
2013-10-23,49.74540710449219,70.94999694824219,72.3499984741211,70.66000366210938,72.3499984741211,6151500
2013-10-24,50.90228271484375,72.5999984741211,72.7699966430664,71.5199966430664,71.75,4018700
2013-10-25,50.41149139404297,71.9000015258789,72.54000091552734,70.9000015258789,72.48999786376953,6586600
2013-10-28,49.90666961669922,71.18000030517578,72.12000274658203,70.66000366210938,71.91999816894531,2884900
2013-10-29,49.983802795410156,71.29000091552734,71.48999786376953,70.37999725341797,70.87000274658203,4030800
2013-10-30,50.01184844970703,71.33000183105469,72.33000183105469,70.72000122070312,71.77999877929688,3166100
2013-10-31,49.23359680175781,70.22000122070312,71.48999786376953,69.68000030517578,70.94999694824219,4911900
2013-11-01,48.995201110839844,69.87999725341797,71.0999984741211,69.55000305175781,70.94999694824219,4610900
2013-11-04,48.94612121582031,69.80999755859375,70.36000061035156,69.30999755859375,69.88999938964844,3462800
2013-11-05,48.89704513549805,69.73999786376953,70.05999755859375,69.19999694824219,69.69000244140625,2526300
2013-11-06,49.450931549072266,70.52999877929688,70.98999786376953,69.76000213623047,69.87999725341797,3493200
2013-11-07,47.99958801269531,68.45999908447266,71.0,68.19000244140625,70.87000274658203,6167300
2013-11-08,48.93912124633789,69.80000305175781,70.23999786376953,68.62999725341797,68.62999725341797,4122400
2013-11-11,49.359806060791016,70.4000015258789,70.7699966430664,69.44000244140625,69.83999633789062,2578200
2013-11-12,49.66829299926758,70.83999633789062,71.43000030517578,70.06999969482422,70.30999755859375,4590000
2013-11-13,50.446537017822266,71.94999694824219,72.13999938964844,70.61000061035156,70.69999694824219,4800900
2013-11-14,50.04690170288086,71.37999725341797,72.47000122070312,71.37999725341797,72.08000183105469,4166800
2013-11-15,49.93472671508789,71.22000122070312,71.87999725341797,70.51000213623047,70.91000366210938,4340700
2013-11-18,49.61919403076172,70.7699966430664,72.79000091552734,70.41999816894531,71.66000366210938,4063800
2013-11-19,48.62360382080078,69.3499984741211,71.12000274658203,69.13999938964844,70.80000305175781,3973900
2013-11-20,48.42729187011719,69.06999969482422,70.1500015258789,68.88999938964844,69.77999877929688,2884600
2013-11-21,49.06531524658203,69.9800033569336,70.47000122070312,69.27999877929688,69.44000244140625,3414600
2013-11-22,49.40886306762695,70.47000122070312,70.55999755859375,69.55999755859375,70.02999877929688,3119800
2013-11-25,49.26163864135742,70.26000213623047,71.16000366210938,69.66999816894531,70.56999969482422,2475800
2013-11-26,49.61919403076172,70.7699966430664,71.2699966430664,70.05000305175781,70.12999725341797,3200000
2013-11-27,50.15908432006836,71.54000091552734,72.0,70.58999633789062,70.9800033569336,3127400
2013-11-29,50.257240295410156,71.68000030517578,72.37999725341797,71.54000091552734,71.97000122070312,2235900
2013-12-02,50.22218322753906,71.62999725341797,72.22000122070312,71.13999938964844,71.69999694824219,2614100
2013-12-03,50.27125930786133,71.69999694824219,72.62999725341797,71.19999694824219,71.43000030517578,4777500
2013-12-04,52.241451263427734,74.51000213623047,74.94000244140625,71.4000015258789,71.44000244140625,8193800
2013-12-05,52.907535552978516,75.45999908447266,76.30000305175781,74.37999725341797,74.37999725341797,6668500
2013-12-06,53.1248893737793,75.7699966430664,76.26000213623047,74.43000030517578,76.23999786376953,4390100
2013-12-09,53.903141021728516,76.87999725341797,77.43000030517578,75.95999908447266,76.0,5262100
2013-12-10,53.68578338623047,76.56999969482422,77.19000244140625,76.08000183105469,76.45999908447266,3707600
2013-12-11,53.64373016357422,76.51000213623047,77.69999694824219,76.30000305175781,77.29000091552734,4759000
2013-12-12,53.412353515625,76.18000030517578,77.1500015258789,75.9000015258789,76.54000091552734,3941100
2013-12-13,53.68578338623047,76.56999969482422,76.94999694824219,75.87000274658203,76.87000274658203,3326800
2013-12-16,54.25369644165039,77.37999725341797,77.91000366210938,77.0,77.01000213623047,3415600
2013-12-17,54.22563934326172,77.33999633789062,77.95999908447266,76.55999755859375,77.83000183105469,3599400
2013-12-18,54.979286193847656,78.05999755859375,78.12000274658203,76.4000015258789,77.58999633789062,4228500
2013-12-19,54.29609680175781,77.08999633789062,78.12999725341797,76.72000122070312,77.91000366210938,3934200
2013-12-20,53.92983627319336,76.56999969482422,77.37000274658203,76.19999694824219,77.25,4923000
2013-12-23,54.03549575805664,76.72000122070312,77.05000305175781,76.23999786376953,76.7699966430664,3015900
2013-12-24,54.690528869628906,77.6500015258789,77.98999786376953,76.69999694824219,76.7699966430664,1724600
2013-12-26,55.45117950439453,78.7300033569336,79.0,78.01000213623047,78.01000213623047,2749800
2013-12-27,55.10606384277344,78.23999786376953,79.25,78.0999984741211,78.98999786376953,2752200
2013-12-30,55.352577209472656,78.58999633789062,79.12000274658203,78.0199966430664,78.61000061035156,2824300
2013-12-31,55.549808502197266,78.87000274658203,78.9800033569336,78.19999694824219,78.91999816894531,2553500
2014-01-02,56.049842834472656,79.58000183105469,80.0,78.51000213623047,78.62999725341797,3861400
2014-01-03,55.183528900146484,78.3499984741211,79.66999816894531,77.80999755859375,79.58000183105469,3672800
2014-01-06,54.422874450683594,77.2699966430664,78.79000091552734,76.76000213623047,78.62000274658203,4753900
2014-01-07,55.62727355957031,78.9800033569336,79.41999816894531,77.98999786376953,78.04000091552734,4349200
2014-01-08,57.17676544189453,81.18000030517578,81.23999786376953,79.0,79.72000122070312,5799300
2014-01-09,56.775299072265625,80.61000061035156,81.8499984741211,80.3499984741211,81.56999969482422,4813300
2014-01-10,56.761234283447266,80.58999633789062,80.7300033569336,79.73999786376953,79.93000030517578,3615700
2014-01-13,55.761077880859375,79.16999816894531,81.0999984741211,79.0,80.23999786376953,3786600
2014-01-14,56.55697250366211,80.30000305175781,80.63999938964844,78.58999633789062,79.16000366210938,3410600
2014-01-15,57.05702590942383,81.01000213623047,81.13999938964844,80.16999816894531,80.66000366210938,2634500
2014-01-16,56.958438873291016,80.87000274658203,81.1500015258789,80.19000244140625,80.52999877929688,5505200
2014-01-17,57.70500183105469,81.93000030517578,81.95999908447266,80.51000213623047,81.01000213623047,4400900
2014-01-21,57.775428771972656,82.02999877929688,82.4800033569336,81.5999984741211,82.31999969482422,5106200
2014-01-22,56.67670440673828,80.47000122070312,80.94000244140625,79.7300033569336,80.83000183105469,6121200
2014-01-23,55.44413757324219,78.72000122070312,79.37999725341797,77.30000305175781,79.37999725341797,5625300
2014-01-24,52.05636215209961,73.91000366210938,77.86000061035156,73.8499984741211,77.66999816894531,10522000
2014-01-27,51.6971435546875,73.4000015258789,75.55000305175781,72.69000244140625,74.86000061035156,6933500
2014-01-28,53.007198333740234,75.26000213623047,75.4000015258789,73.88999938964844,74.0,4913400
2014-01-29,52.070438385009766,73.93000030517578,75.19999694824219,73.52999877929688,74.44000244140625,7135300
2014-01-30,54.87364196777344,77.91000366210938,78.45999908447266,73.04000091552734,73.20999908447266,9040100
2014-01-31,53.894630432128906,76.5199966430664,77.9800033569336,76.2699966430664,76.93000030517578,6509100
2014-02-03,52.47895050048828,74.51000213623047,77.0199966430664,73.44000244140625,76.5999984741211,8075200
2014-02-04,52.84519958496094,75.02999877929688,75.69999694824219,74.31999969482422,74.75,4039800
2014-02-05,52.10566329956055,73.9800033569336,75.05999755859375,69.1500015258789,71.23999786376953,11488200
2014-02-06,53.725589752197266,76.27999877929688,76.5199966430664,75.08999633789062,75.08999633789062,4810500
2014-02-07,54.211585998535156,76.97000122070312,77.18000030517578,75.6500015258789,76.06999969482422,3400200
2014-02-10,53.55654525756836,76.04000091552734,77.04000091552734,75.80000305175781,76.79000091552734,3989100
2014-02-11,55.16240692138672,78.31999969482422,78.69000244140625,76.5999984741211,76.5999984741211,5615100
2014-02-12,55.48638916015625,78.77999877929688,79.2699966430664,77.98999786376953,78.52999877929688,4429700
2014-02-13,55.49345397949219,78.79000091552734,79.33000183105469,77.61000061035156,77.75,4441600
2014-02-14,56.45132064819336,80.1500015258789,80.37999725341797,78.66000366210938,78.88999938964844,4569100
2014-02-18,56.866844177246094,80.73999786376953,81.12999725341797,79.69000244140625,80.0,5051100
2014-02-19,56.127323150634766,79.69000244140625,80.69999694824219,79.43000030517578,80.33000183105469,4464600
2014-02-20,56.761234283447266,80.58999633789062,81.19999694824219,79.41999816894531,79.7300033569336,3642600
2014-02-21,56.97250747680664,80.88999938964844,81.31999969482422,80.05000305175781,80.75,3626900
2014-02-24,59.451725006103516,84.41000366210938,85.31999969482422,80.87999725341797,81.0199966430664,8025200
2014-02-25,58.66288757324219,83.29000091552734,84.98999786376953,82.87999725341797,84.41000366210938,4712700
2014-02-26,58.57131576538086,83.16000366210938,84.4800033569336,82.87000274658203,83.75,3029500
2014-02-27,59.95883560180664,85.12999725341797,85.86000061035156,83.2300033569336,83.2300033569336,4611000
2014-02-28,60.04335403442383,85.25,85.48999786376953,84.37999725341797,85.13999938964844,3816000
2014-03-03,60.550479888916016,85.97000122070312,86.25,83.08999633789062,83.2300033569336,4542400
2014-03-04,61.3533935546875,87.11000061035156,87.41999816894531,86.52999877929688,86.6500015258789,4149400
2014-03-05,61.43085861206055,87.22000122070312,88.04000091552734,86.6500015258789,87.1500015258789,3616900
2014-03-06,61.84642028808594,87.80999755859375,88.05000305175781,87.11000061035156,87.26000213623047,2648400
2014-03-07,61.29704284667969,87.02999877929688,88.27999877929688,86.5999984741211,87.97000122070312,3096900
2014-03-10,60.22649383544922,85.51000213623047,87.0999984741211,84.91000366210938,86.72000122070312,3885200
2014-03-11,59.43764877319336,84.38999938964844,86.80000305175781,84.0999984741211,85.69999694824219,4166900
2014-03-12,59.9517936706543,85.12000274658203,85.5,83.19999694824219,84.19999694824219,3812900
2014-03-13,57.88813400268555,82.19000244140625,85.19999694824219,81.5999984741211,85.13999938964844,5757400
2014-03-14,57.93040084838867,82.25,82.73999786376953,80.9800033569336,81.54000091552734,6130600
2014-03-17,59.064353942871094,83.86000061035156,84.05999755859375,82.52999877929688,82.54000091552734,4988600
2014-03-18,58.85306167602539,83.55999755859375,84.43000030517578,83.12000274658203,83.66000366210938,3862600
2014-03-19,57.98149490356445,81.83000183105469,83.5199966430664,81.25,83.25,3686200
2014-03-20,57.691001892089844,81.41999816894531,82.23999786376953,80.5,81.43000030517578,3990500
2014-03-21,57.691001892089844,81.41999816894531,82.55999755859375,80.75,81.66000366210938,3889400
2014-03-24,56.961204528808594,80.38999938964844,82.20999908447266,79.04000091552734,82.12999725341797,4231900
2014-03-25,55.8345832824707,78.80000305175781,81.33000183105469,78.77999877929688,80.81999969482422,5043400
2014-03-26,54.7504768371582,77.2699966430664,79.16000366210938,77.2300033569336,79.1500015258789,5574600
2014-03-27,54.7646598815918,77.29000091552734,77.51000213623047,74.70999908447266,77.16000366210938,7482500
2014-03-28,55.44486618041992,78.25,78.91999816894531,77.3499984741211,77.76000213623047,5304600
2014-03-31,57.23752212524414,80.77999877929688,81.05000305175781,79.2699966430664,79.2699966430664,6563000
2014-04-01,58.63339614868164,82.75,84.23999786376953,82.36000061035156,84.02999877929688,6795000
2014-04-02,58.71842956542969,82.87000274658203,83.4000015258789,82.20999908447266,83.0999984741211,3166800
2014-04-03,57.7335319519043,81.4800033569336,83.37999725341797,81.01000213623047,82.9000015258789,4175300
2014-04-04,55.487388610839844,78.30999755859375,82.9000015258789,77.76000213623047,82.79000091552734,6955100
2014-04-07,53.32628631591797,75.26000213623047,77.0999984741211,74.29000091552734,77.06999969482422,9675900
2014-04-08,54.27576446533203,76.5999984741211,76.69000244140625,74.19999694824219,75.26000213623047,6943800
2014-04-09,54.99846649169922,77.62000274658203,78.25,76.73999786376953,78.19000244140625,5642600
2014-04-10,53.60970687866211,75.66000366210938,79.25,75.22000122070312,78.58000183105469,6568300
2014-04-11,52.87278747558594,74.62000274658203,76.58000183105469,73.72000122070312,73.98999786376953,4407400
2014-04-14,52.901161193847656,74.66000366210938,76.41000366210938,73.70999908447266,75.0999984741211,4448400
2014-04-15,51.85246658325195,73.18000030517578,74.69000244140625,71.08999633789062,74.69000244140625,9280500
2014-04-16,54.1269416809082,76.38999938964844,76.38999938964844,73.9800033569336,74.13999938964844,6379600
2014-04-17,54.17654800415039,76.45999908447266,77.0199966430664,75.61000061035156,75.95999908447266,4184000
2014-04-21,53.65930938720703,75.7300033569336,76.6500015258789,75.22000122070312,76.6500015258789,4073600
2014-04-22,56.72735595703125,80.05999755859375,80.29000091552734,77.25,77.8499984741211,7712400
2014-04-23,55.232295989990234,77.94999694824219,80.25,77.55000305175781,80.25,5261600
2014-04-24,56.31642150878906,79.4800033569336,79.93000030517578,77.8499984741211,79.58999633789062,6232600
2014-04-25,54.55918884277344,77.0,79.4800033569336,75.7300033569336,79.44999694824219,12336100
2014-04-28,52.709835052490234,74.38999938964844,77.70999908447266,73.01000213623047,76.83999633789062,13529100
2014-04-29,55.7070426940918,78.62000274658203,78.87999725341797,74.73999786376953,74.91999816894531,8988200
2014-04-30,56.06839370727539,79.12999725341797,79.3499984741211,77.12999725341797,77.44999694824219,5263100
2014-05-01,56.22428512573242,79.3499984741211,79.9000015258789,77.91000366210938,78.93000030517578,4085900
2014-05-02,57.10999298095703,80.5999984741211,81.25,80.0,80.68000030517578,5367600
2014-05-05,56.5006217956543,79.73999786376953,79.94000244140625,77.95999908447266,79.5,4795100
2014-05-06,55.91961669921875,78.91999816894531,79.94999694824219,78.6500015258789,79.04000091552734,3769300
2014-05-07,55.09059524536133,77.75,79.23999786376953,76.93000030517578,79.01000213623047,10835200
2014-05-08,52.97199249267578,74.76000213623047,77.62999725341797,73.5,74.2300033569336,11342100
2014-05-09,52.91531753540039,74.68000030517578,76.19999694824219,74.08999633789062,76.16000366210938,6184600
2014-05-12,53.80101776123047,75.93000030517578,77.0,75.37999725341797,75.45999908447266,4964400
2014-05-13,53.77975845336914,75.9000015258789,76.97000122070312,75.41000366210938,76.0,4206400
2014-05-14,52.213836669921875,73.69000244140625,76.08999633789062,73.48999786376953,75.95999908447266,7566200
2014-05-15,52.015438079833984,73.41000366210938,73.94999694824219,71.70999908447266,73.9000015258789,6827700
2014-05-16,51.83830642700195,73.16000366210938,73.44999694824219,72.02999877929688,73.2300033569336,4984000
2014-05-19,52.646060943603516,74.30000305175781,74.4000015258789,72.0,72.22000122070312,5870700
2014-05-20,51.35647201538086,72.4800033569336,74.30000305175781,72.16999816894531,74.20999908447266,5073000
2014-05-21,52.348472595214844,73.87999725341797,73.9800033569336,72.83000183105469,72.91000366210938,3628400
2014-05-22,52.98614501953125,74.77999877929688,75.19000244140625,74.06999969482422,74.06999969482422,4188900
2014-05-23,53.07119369506836,74.9000015258789,75.05999755859375,73.80999755859375,74.7699966430664,2902900
2014-05-27,53.80808639526367,75.94000244140625,75.94999694824219,74.52999877929688,75.30999755859375,4923000
2014-05-28,53.8293571472168,75.97000122070312,76.4000015258789,74.9800033569336,76.38999938964844,5465500
2014-05-29,54.56625747680664,77.01000213623047,77.12000274658203,75.98999786376953,76.48999786376953,3990100
2014-05-30,54.219058990478516,76.5199966430664,77.2300033569336,75.94999694824219,76.9800033569336,5479300
2014-06-02,54.863868713378906,77.43000030517578,77.56999969482422,76.08000183105469,76.91999816894531,3493200
2014-06-03,53.45382308959961,75.44000244140625,75.68000030517578,74.19999694824219,75.30000305175781,8992400
2014-06-04,53.97815704345703,76.18000030517578,76.48999786376953,74.44999694824219,75.02999877929688,3757600
2014-06-05,53.24835205078125,75.1500015258789,76.58999633789062,75.0,76.37000274658203,4070600
2014-06-06,52.75234603881836,74.44999694824219,75.06999969482422,74.08999633789062,75.06999969482422,4315200
2014-06-09,51.61155700683594,72.83999633789062,73.44999694824219,71.5,73.16000366210938,7997700
2014-06-10,51.74618148803711,73.02999877929688,73.04000091552734,71.0999984741211,71.69999694824219,8359100
2014-06-11,52.29177474975586,73.80000305175781,74.68000030517578,73.30000305175781,73.30000305175781,5032800
2014-06-12,51.53361892700195,72.7300033569336,73.94999694824219,72.51000213623047,73.94999694824219,2828600
2014-06-13,52.2705192565918,73.7699966430664,74.04000091552734,72.72000122070312,73.12999725341797,2986700
2014-06-16,51.859561920166016,73.19000244140625,73.2699966430664,72.56999969482422,73.08999633789062,4407400
2014-06-17,52.19965744018555,73.66999816894531,74.06999969482422,72.69999694824219,73.01000213623047,3988400
2014-06-18,52.90593719482422,74.16000366210938,74.45999908447266,72.3499984741211,73.04000091552734,5119100
2014-06-19,53.44099807739258,74.91000366210938,75.55000305175781,74.43000030517578,74.44000244140625,4110800
2014-06-20,53.769161224365234,75.37000274658203,75.44999694824219,74.69999694824219,75.44000244140625,4633300
2014-06-23,53.59080123901367,75.12000274658203,75.20999908447266,74.37999725341797,74.69999694824219,3404500
2014-06-24,53.376792907714844,74.81999969482422,76.19999694824219,74.7699966430664,75.45999908447266,4271100
2014-06-25,53.80481719970703,75.41999816894531,75.93000030517578,74.30000305175781,74.45999908447266,4790400
2014-06-26,54.753639221191406,76.75,77.94000244140625,76.4000015258789,76.79000091552734,6719500
2014-06-27,54.161521911621094,75.91999816894531,77.0999984741211,75.80999755859375,77.02999877929688,4536800
2014-06-30,54.37553024291992,76.22000122070312,77.16000366210938,75.5199966430664,76.27999877929688,3401000
2014-07-01,55.48844528198242,77.77999877929688,78.16999816894531,76.52999877929688,77.30999755859375,5048500
2014-07-02,55.302955627441406,77.5199966430664,78.5,77.4800033569336,77.83999633789062,3817700
2014-07-03,55.602596282958984,77.94000244140625,78.12999725341797,77.19999694824219,77.97000122070312,2665200
2014-07-07,54.88204574584961,76.93000030517578,77.88999938964844,76.62999725341797,77.7699966430664,3285800
2014-07-08,53.5622673034668,75.08000183105469,75.80000305175781,74.5,75.7699966430664,7819800
2014-07-09,54.140113830566406,75.88999938964844,75.91999816894531,74.11000061035156,74.69999694824219,2959200
2014-07-10,53.45524978637695,74.93000030517578,75.31999969482422,73.93000030517578,74.48999786376953,2755000
2014-07-11,53.21981430053711,74.5999984741211,75.26000213623047,74.33000183105469,75.26000213623047,3458200
2014-07-14,53.469512939453125,74.94999694824219,75.97000122070312,74.80999755859375,75.16999816894531,2790900
2014-07-15,52.94872283935547,74.22000122070312,75.69999694824219,73.72000122070312,75.4000015258789,4577600
2014-07-16,52.64910888671875,73.80000305175781,75.25,73.80000305175781,74.80999755859375,5882300
2014-07-17,52.335201263427734,73.36000061035156,74.19999694824219,71.91999816894531,72.3499984741211,10302000
2014-07-18,51.964237213134766,72.83999633789062,73.63999938964844,72.76000213623047,73.4800033569336,4139700
2014-07-21,51.51477813720703,72.20999908447266,72.77999877929688,72.01000213623047,72.33999633789062,3717600
2014-07-22,52.69903564453125,73.87000274658203,74.30000305175781,72.86000061035156,72.86000061035156,4419400
2014-07-23,52.606300354003906,73.73999786376953,74.41000366210938,73.27999877929688,74.37000274658203,2047100
2014-07-24,52.14972686767578,73.0999984741211,74.19999694824219,73.08000183105469,74.06999969482422,2562600
2014-07-25,52.17826843261719,73.13999938964844,73.69000244140625,72.5,73.0,2602300
2014-07-28,52.72758102416992,73.91000366210938,74.52999877929688,73.2300033569336,73.41999816894531,2963500
2014-07-29,53.20555877685547,74.58000183105469,75.5,74.52999877929688,74.93000030517578,4269700
2014-07-30,53.34109115600586,74.7699966430664,75.08000183105469,74.01000213623047,75.01000213623047,2622700
2014-07-31,52.68477249145508,73.8499984741211,74.62000274658203,73.4000015258789,74.05999755859375,3209600
2014-08-01,51.878639221191406,72.72000122070312,74.27999877929688,72.0199966430664,73.51000213623047,3836600
2014-08-04,52.435081481933594,73.5,73.63999938964844,72.20999908447266,72.73999786376953,3136900
2014-08-05,51.26510238647461,71.86000061035156,73.44000244140625,71.36000061035156,73.05999755859375,4078900
2014-08-06,48.64692306518555,68.19000244140625,70.68000030517578,67.81999969482422,70.63999938964844,11083300
2014-08-07,47.60535430908203,66.7300033569336,67.8499984741211,65.83000183105469,67.81999969482422,13964000
2014-08-08,48.60411071777344,68.12999725341797,68.18000030517578,66.52999877929688,67.05000305175781,7432000
2014-08-11,48.960819244384766,68.62999725341797,69.0999984741211,67.66999816894531,68.4800033569336,5088500
2014-08-12,48.58983612060547,68.11000061035156,68.91000366210938,67.31999969482422,68.4000015258789,4392400
2014-08-13,48.46143341064453,67.93000030517578,68.51000213623047,67.58000183105469,68.4800033569336,4577200
2014-08-14,48.93227767944336,68.58999633789062,68.69999694824219,67.94999694824219,68.38999938964844,3101100
2014-08-15,48.81100082397461,68.41999816894531,69.05000305175781,67.5,68.54000091552734,3174700
2014-08-18,49.153438568115234,68.9000015258789,69.08000183105469,68.16999816894531,68.76000213623047,3798900
2014-08-19,49.10349655151367,68.83000183105469,69.7699966430664,68.80000305175781,69.38999938964844,3077800
2014-08-20,49.32465362548828,69.13999938964844,69.30999755859375,68.66000366210938,68.73999786376953,2650500
2014-08-21,49.403114318847656,69.25,69.4800033569336,68.72000122070312,69.18000030517578,2560600
2014-08-22,49.37458419799805,69.20999908447266,69.33000183105469,68.52999877929688,68.94000244140625,2404800
2014-08-25,49.01787567138672,68.70999908447266,69.5,67.97000122070312,69.47000122070312,4587900
2014-08-26,48.404361724853516,67.8499984741211,68.69000244140625,67.55000305175781,68.54000091552734,5517300
2014-08-27,48.18320846557617,67.54000091552734,68.12999725341797,67.2699966430664,67.94000244140625,4035200
2014-08-28,48.26168441772461,67.6500015258789,67.91999816894531,66.80999755859375,67.06999969482422,3607900
2014-08-29,47.448402404785156,66.51000213623047,67.6500015258789,66.04000091552734,67.61000061035156,6359400
2014-09-02,45.01569366455078,63.099998474121094,65.1500015258789,62.119998931884766,65.08999633789062,16500900
2014-09-03,45.329593658447266,63.540000915527344,64.44000244140625,63.0,63.02000045776367,8043500
2014-09-04,45.00143814086914,63.08000183105469,63.77000045776367,62.790000915527344,63.380001068115234,6428900
2014-09-05,44.81594467163086,62.81999969482422,62.95000076293945,62.11000061035156,62.900001525878906,5800100
2014-09-08,44.537723541259766,62.43000030517578,62.58000183105469,61.84000015258789,62.439998626708984,7516800
2014-09-09,44.837345123291016,62.849998474121094,63.290000915527344,62.209999084472656,62.290000915527344,5650200
2014-09-10,44.88727951049805,62.91999816894531,63.0099983215332,62.150001525878906,62.5,6064600
2014-09-11,45.40807342529297,63.650001525878906,64.12999725341797,62.68000030517578,62.689998626708984,5267600
2014-09-12,45.0870361328125,63.20000076293945,63.9900016784668,63.02000045776367,63.84000015258789,4246900
2014-09-15,44.33797073364258,62.150001525878906,62.88999938964844,61.970001220703125,62.810001373291016,6023600
2014-09-16,43.63882827758789,61.16999816894531,61.400001525878906,59.52000045776367,59.79999923706055,12739300
2014-09-17,44.85874557495117,62.880001068115234,63.18000030517578,60.45000076293945,60.66999816894531,9889200
2014-09-18,45.98776626586914,63.95000076293945,64.5999984741211,62.900001525878906,62.95000076293945,9570900
2014-09-19,44.82279586791992,62.33000183105469,64.0999984741211,62.150001525878906,64.0,6368700
2014-09-22,43.319828033447266,60.2400016784668,61.470001220703125,59.79999923706055,61.459999084472656,8788200
2014-09-23,43.866363525390625,61.0,61.369998931884766,59.75,59.84000015258789,9554100
2014-09-24,44.20435333251953,61.470001220703125,61.540000915527344,60.81999969482422,60.88999938964844,3646200
2014-09-25,43.35578918457031,60.290000915527344,61.470001220703125,60.04999923706055,61.439998626708984,6051000
2014-09-26,44.53514862060547,61.93000030517578,62.540000915527344,61.16999816894531,61.16999816894531,6581300
2014-09-29,43.25510787963867,60.150001525878906,61.060001373291016,59.869998931884766,60.5099983215332,7797100
2014-09-30,44.73650360107422,62.209999084472656,62.9900016784668,59.08000183105469,60.16999816894531,11318400
2014-10-01,44.038963317871094,61.2400016784668,61.4900016784668,60.2400016784668,60.97999954223633,7242900
2014-10-02,44.49198913574219,61.869998931884766,62.709999084472656,60.36000061035156,61.349998474121094,7001400
2014-10-03,44.93785095214844,62.4900016784668,63.29999923706055,62.20000076293945,62.279998779296875,4829000
2014-10-06,45.24707794189453,62.91999816894531,64.37999725341797,62.529998779296875,64.1500015258789,5932500
2014-10-07,43.91669845581055,61.06999969482422,62.08000183105469,60.880001068115234,60.900001525878906,5482100
2014-10-08,44.51357650756836,61.900001525878906,61.9900016784668,60.369998931884766,61.040000915527344,6446500
2014-10-09,43.585906982421875,60.61000061035156,62.29999923706055,60.16999816894531,61.970001220703125,4646000
2014-10-10,43.4205207824707,60.380001068115234,61.97999954223633,60.150001525878906,60.5,8483500
2014-10-13,42.39936447143555,58.959999084472656,61.130001068115234,58.90999984741211,60.79999923706055,6013800
2014-10-14,42.866783142089844,59.61000061035156,60.619998931884766,57.939998626708984,58.060001373291016,7459100
2014-10-15,43.377357482910156,60.31999969482422,60.9900016784668,57.9900016784668,59.18000030517578,10882700
2014-10-16,46.0596809387207,64.05000305175781,64.23999786376953,59.849998474121094,61.150001525878906,11192600
2014-10-17,45.83675765991211,63.7400016784668,65.83000183105469,63.65999984741211,64.44000244140625,8634700
2014-10-20,45.24707794189453,62.91999816894531,63.72999954223633,62.459999084472656,63.459999084472656,5747100
2014-10-21,46.41205596923828,64.54000091552734,64.88999938964844,63.150001525878906,63.45000076293945,4471000
2014-10-22,45.42686080932617,63.16999816894531,64.62999725341797,63.02000045776367,64.55999755859375,4370400
2014-10-23,45.47000503540039,63.22999954223633,64.19000244140625,62.939998626708984,63.63999938964844,3821700
2014-10-24,45.12482452392578,62.75,63.18000030517578,62.04999923706055,63.119998931884766,5045700
2014-10-27,44.585487365722656,62.0,62.459999084472656,61.33000183105469,62.36000061035156,4535500
2014-10-28,43.6434326171875,60.689998626708984,60.9900016784668,59.70000076293945,60.650001525878906,12702300
2014-10-29,43.866363525390625,61.0,62.189998626708984,60.29999923706055,61.38999938964844,8451500
2014-10-30,44.225929260253906,61.5,61.90999984741211,60.5,60.5,5112800
2014-10-31,44.772457122802734,62.2599983215332,62.959999084472656,62.25,62.459999084472656,7296300
2014-11-03,44.85155487060547,62.369998931884766,63.189998626708984,62.09000015258789,62.2599983215332,4874700
2014-11-04,42.90992736816406,59.66999816894531,61.34000015258789,59.29999923706055,61.2599983215332,9488700
2014-11-05,41.93193435668945,58.310001373291016,59.18000030517578,57.650001525878906,58.310001373291016,11024700
2014-11-06,42.1117057800293,58.560001373291016,58.720001220703125,57.88999938964844,58.43000030517578,3821600
2014-11-07,42.80925369262695,59.529998779296875,59.72999954223633,58.43000030517578,58.65999984741211,4862700
2014-11-10,42.77330017089844,59.47999954223633,59.86000061035156,59.29999923706055,59.689998626708984,5893100
2014-11-11,44.3769416809082,61.709999084472656,61.72999954223633,59.13999938964844,59.560001373291016,6541500
2014-11-12,44.276268005371094,61.56999969482422,62.060001373291016,61.130001068115234,61.29999923706055,5692200
2014-11-13,45.18235397338867,62.83000183105469,63.400001525878906,61.81999969482422,61.86000061035156,7046900
2014-11-14,45.67135238647461,63.5099983215332,63.56999969482422,62.650001525878906,62.77000045776367,4320000
2014-11-17,44.95942306518555,62.52000045776367,63.150001525878906,62.119998931884766,63.02000045776367,4412500
2014-11-18,45.66416549682617,63.5,64.06999969482422,61.15999984741211,62.08000183105469,7888500
2014-11-19,45.02415084838867,62.61000061035156,65.01000213623047,62.29999923706055,63.36000061035156,4793700
2014-11-20,45.009769439697266,62.59000015258789,63.47999954223633,62.099998474121094,62.459999084472656,4236800
2014-11-21,45.85832214355469,63.77000045776367,65.3499984741211,63.540000915527344,64.33000183105469,5759600
2014-11-24,46.12440490722656,64.13999938964844,64.23999786376953,63.709999084472656,63.90999984741211,3806700
2014-11-25,45.70011901855469,63.54999923706055,64.77999877929688,63.02000045776367,64.19999694824219,4384200
2014-11-26,45.46281051635742,63.220001220703125,63.849998474121094,62.93000030517578,63.5,2452200
2014-11-28,45.80080032348633,63.689998626708984,63.93000030517578,62.93000030517578,63.40999984741211,2273900
2014-12-01,44.20435333251953,61.470001220703125,63.470001220703125,61.02000045776367,62.599998474121094,5832400
2014-12-02,44.103668212890625,61.33000183105469,61.880001068115234,61.11000061035156,61.61000061035156,4531400
2014-12-03,43.69378662109375,60.7599983215332,61.09000015258789,60.119998931884766,60.439998626708984,5747700
2014-12-04,42.435306549072266,59.0099983215332,60.45000076293945,58.40999984741211,60.290000915527344,8970200
2014-12-05,42.586334228515625,59.220001220703125,59.70000076293945,59.040000915527344,59.459999084472656,4495400
2014-12-08,40.752567291259766,56.66999816894531,59.209999084472656,56.34000015258789,58.790000915527344,7782600
2014-12-09,40.34986877441406,56.11000061035156,56.61000061035156,55.11000061035156,55.27000045776367,8817800
2014-12-10,39.20646286010742,54.52000045776367,56.099998474121094,53.97999954223633,55.95000076293945,9000000
2014-12-11,40.17008590698242,55.86000061035156,56.29999923706055,54.54999923706055,54.959999084472656,7237300
2014-12-12,39.803321838378906,55.349998474121094,56.150001525878906,55.18000030517578,55.63999938964844,4948800
2014-12-15,39.56602096557617,55.02000045776367,56.40999984741211,55.0099983215332,55.65999984741211,6356300
2014-12-16,38.390377044677734,52.900001525878906,54.40999984741211,52.869998931884766,54.290000915527344,7185800
2014-12-17,37.962188720703125,52.310001373291016,52.45000076293945,49.81999969482422,51.59000015258789,18044900
2014-12-18,39.47167205810547,54.38999938964844,54.459999084472656,52.900001525878906,52.95000076293945,8168100
2014-12-19,40.959388732910156,56.439998626708984,56.540000915527344,54.540000915527344,54.77000045776367,9053000
2014-12-22,41.04649353027344,56.560001373291016,56.77000045776367,55.380001068115234,56.47999954223633,5703000
2014-12-23,42.149574279785156,58.08000183105469,58.54999923706055,56.619998931884766,56.66999816894531,5464200
2014-12-24,42.08425521850586,57.9900016784668,58.540000915527344,57.790000915527344,58.34000015258789,1735900
2014-12-26,42.28020095825195,58.2599983215332,58.619998931884766,58.029998779296875,58.040000915527344,1861500
2014-12-29,42.67207717895508,58.79999923706055,59.18000030517578,57.810001373291016,58.220001220703125,3894700
2014-12-30,42.447113037109375,58.4900016784668,58.959999084472656,58.0,58.58000183105469,3029700
2014-12-31,42.20762252807617,58.15999984741211,58.75,58.04999923706055,58.470001220703125,3023800
2015-01-02,40.8577880859375,56.29999923706055,58.54999923706055,55.400001525878906,58.15999984741211,7411200
2015-01-05,39.740196228027344,54.7599983215332,55.70000076293945,54.5,55.70000076293945,5180900
2015-01-06,38.724205017089844,53.36000061035156,54.72999954223633,52.61000061035156,54.54999923706055,8078500
2015-01-07,40.00146484375,55.119998931884766,55.22999954223633,54.0,54.709999084472656,6706300
2015-01-08,40.545738220214844,55.869998931884766,56.43000030517578,55.599998474121094,55.91999816894531,7126600
2015-01-09,39.994197845458984,55.11000061035156,55.83000183105469,54.630001068115234,55.38999938964844,6444000
2015-01-12,39.92161560058594,55.0099983215332,55.279998779296875,54.5,54.810001373291016,7174100
2015-01-13,40.24094009399414,55.45000076293945,56.63999938964844,55.27000045776367,55.650001525878906,4935600
2015-01-14,39.80552291870117,54.849998474121094,54.939998626708984,53.470001220703125,54.45000076293945,5238900
2015-01-15,39.798248291015625,54.84000015258789,55.79999923706055,54.63999938964844,55.25,3839300
2015-01-16,39.834529876708984,54.88999938964844,55.349998474121094,54.189998626708984,54.5099983215332,4917300
2015-01-20,38.60808181762695,53.20000076293945,54.70000076293945,52.279998779296875,54.63999938964844,8433700
2015-01-21,38.68064498901367,53.29999923706055,53.90999984741211,52.43000030517578,52.720001220703125,6249300
2015-01-22,39.1668701171875,53.970001220703125,54.540000915527344,53.470001220703125,53.79999923706055,5095200
2015-01-23,39.10882568359375,53.88999938964844,54.20000076293945,53.02000045776367,53.83000183105469,3569400
2015-01-26,41.220645904541016,56.79999923706055,56.83000183105469,54.33000183105469,54.45000076293945,6755900
2015-01-27,41.31499099731445,56.93000030517578,57.22999954223633,55.91999816894531,56.279998779296875,5819200
2015-01-28,40.65459060668945,56.02000045776367,56.900001525878906,55.84000015258789,56.77000045776367,6499800
2015-01-29,40.24094009399414,55.45000076293945,57.31999969482422,54.31999969482422,56.68000030517578,6785100
2015-01-30,39.45716094970703,54.369998931884766,55.40999984741211,54.20000076293945,54.630001068115234,5866200
2015-02-02,40.13207244873047,55.29999923706055,55.349998474121094,53.25,54.369998931884766,4962300
2015-02-03,41.895572662353516,57.72999954223633,57.970001220703125,55.45000076293945,55.560001373291016,7706500
2015-02-04,40.2119140625,55.40999984741211,57.25,55.279998779296875,57.029998779296875,7641100
2015-02-05,40.690879821777344,56.06999969482422,56.220001220703125,55.2599983215332,55.81999969482422,4903700
2015-02-06,40.182884216308594,55.369998931884766,56.880001068115234,55.13999938964844,56.77000045776367,4639600
2015-02-09,40.436893463134766,55.720001220703125,56.0,54.56999969482422,54.95000076293945,3352700
2015-02-10,41.830257415771484,57.63999938964844,57.869998931884766,56.02000045776367,56.279998779296875,5410800
2015-02-11,41.19888687133789,56.77000045776367,57.5,56.439998626708984,57.5,4219400
2015-02-12,42.6140251159668,58.720001220703125,58.790000915527344,56.93000030517578,56.959999084472656,5048400
2015-02-13,43.85500717163086,60.43000030517578,60.959999084472656,58.900001525878906,58.97999954223633,9508400
2015-02-17,43.85500717163086,60.43000030517578,61.59000015258789,59.720001220703125,60.34000015258789,7741800
2015-02-18,43.94934844970703,60.560001373291016,60.86000061035156,59.86000061035156,60.33000183105469,3891800
2015-02-19,43.884037017822266,60.470001220703125,60.88999938964844,60.349998474121094,60.5,2726000
2015-02-20,43.79694366455078,60.349998474121094,60.75,60.029998779296875,60.630001068115234,2541000
2015-02-23,42.60676193237305,58.709999084472656,59.52000045776367,58.27000045776367,59.349998474121094,5363400
2015-02-24,40.748939514160156,56.150001525878906,57.29999923706055,55.959999084472656,57.0,9103900
2015-02-25,40.8577880859375,56.29999923706055,56.400001525878906,54.5,55.33000183105469,9450200
2015-02-26,41.1480827331543,56.70000076293945,57.400001525878906,55.88999938964844,55.88999938964844,6397600
2015-02-27,41.293235778808594,56.900001525878906,57.2400016784668,56.34000015258789,56.4900016784668,4253500
2015-03-02,41.43111038208008,57.09000015258789,57.4900016784668,56.220001220703125,56.650001525878906,4085300
2015-03-03,41.539974212646484,57.2400016784668,58.27000045776367,57.13999938964844,57.400001525878906,4361600
2015-03-04,41.36579895019531,57.0,57.02000045776367,55.13999938964844,56.540000915527344,6297900
2015-03-05,40.90134811401367,56.36000061035156,57.20000076293945,55.900001525878906,56.939998626708984,4205900
2015-03-06,39.97969055175781,55.09000015258789,56.310001373291016,55.029998779296875,56.040000915527344,5353100
2015-03-09,39.03624725341797,53.790000915527344,55.38999938964844,53.25,55.130001068115234,7622400
2015-03-10,38.11458969116211,52.52000045776367,53.060001373291016,52.2599983215332,52.599998474121094,7897300
2015-03-11,37.316307067871094,51.41999816894531,52.95000076293945,51.2400016784668,52.66999816894531,7274500
2015-03-12,37.67915725708008,51.91999816894531,52.0,51.290000915527344,51.58000183105469,8261400
2015-03-13,38.00572967529297,52.369998931884766,52.5,51.5099983215332,51.7599983215332,5213900
2015-03-16,38.39762496948242,52.90999984741211,53.9900016784668,51.34000015258789,52.16999816894531,7822700
2015-03-17,38.70967483520508,53.34000015258789,54.290000915527344,53.16999816894531,53.560001373291016,5220000
2015-03-18,39.76922607421875,54.79999923706055,54.95000076293945,52.5,52.81999969482422,6537400
2015-03-19,41.26010513305664,56.18000030517578,56.22999954223633,54.25,54.33000183105469,8326800
2015-03-20,41.157291412353516,56.040000915527344,56.9900016784668,55.79999923706055,56.77000045776367,6378700
2015-03-23,41.11322784423828,55.97999954223633,57.369998931884766,55.29999923706055,55.9900016784668,4337000
2015-03-24,40.900238037109375,55.689998626708984,56.439998626708984,55.43000030517578,55.88999938964844,5823300
2015-03-25,40.48896789550781,55.130001068115234,55.939998626708984,55.029998779296875,55.900001525878906,3465600
2015-03-26,40.16582107543945,54.689998626708984,55.34000015258789,54.599998474121094,55.16999816894531,3459400
2015-03-27,40.209877014160156,54.75,55.27000045776367,54.5,55.02000045776367,3057600
2015-03-30,40.60647201538086,55.290000915527344,55.54999923706055,53.97999954223633,55.0099983215332,3307400
2015-03-31,40.4228630065918,55.040000915527344,56.540000915527344,54.900001525878906,55.209999084472656,5096800
2015-04-01,40.371456146240234,54.970001220703125,55.650001525878906,54.06999969482422,55.279998779296875,4879000
2015-04-02,41.25276565551758,56.16999816894531,56.439998626708984,54.720001220703125,55.099998474121094,3518100
2015-04-06,41.752174377441406,56.849998474121094,57.15999984741211,55.63999938964844,56.11000061035156,2851100
2015-04-07,41.135257720947266,56.0099983215332,56.91999816894531,55.970001220703125,56.720001220703125,2681600
2015-04-08,41.81093215942383,56.93000030517578,57.599998474121094,55.75,56.79999923706055,6103500
2015-04-09,43.742469787597656,59.560001373291016,59.900001525878906,57.599998474121094,57.61000061035156,10934800
2015-04-10,43.54418182373047,59.290000915527344,59.43000030517578,58.66999816894531,59.400001525878906,5728300
2015-04-13,42.63348388671875,58.04999923706055,59.0,57.7599983215332,58.93000030517578,4253300
2015-04-14,40.98102569580078,55.79999923706055,56.5,55.220001220703125,56.029998779296875,8293300
2015-04-15,41.693424224853516,56.77000045776367,57.29999923706055,55.040000915527344,55.65999984741211,6781700
2015-04-16,41.289493560791016,56.220001220703125,57.150001525878906,56.0099983215332,56.75,4768100
2015-04-17,40.5109977722168,55.15999984741211,56.45000076293945,54.650001525878906,55.68000030517578,5899600
2015-04-20,41.377628326416016,56.34000015258789,57.25,55.540000915527344,55.599998474121094,5629600
2015-04-21,40.716636657714844,55.439998626708984,56.650001525878906,55.060001373291016,56.470001220703125,6059300
2015-04-22,41.41434097290039,56.38999938964844,56.63999938964844,55.2400016784668,55.54999923706055,4775700
2015-04-23,40.481632232666016,55.119998931884766,55.81999969482422,53.9900016784668,54.790000915527344,8784600
2015-04-24,40.57710266113281,55.25,56.38999938964844,55.189998626708984,55.619998931884766,4236400
2015-04-27,40.018924713134766,54.4900016784668,55.70000076293945,54.25,55.5,3897300
2015-04-28,40.67991256713867,55.38999938964844,55.790000915527344,54.5099983215332,54.540000915527344,6178400
2015-04-29,38.85118865966797,52.900001525878906,53.5099983215332,52.0099983215332,53.5,10481900
2015-04-30,38.836509704589844,52.880001068115234,53.34000015258789,52.529998779296875,52.810001373291016,5489900
2015-05-01,38.82181167602539,52.86000061035156,53.43000030517578,52.720001220703125,53.290000915527344,4308100
2015-05-04,39.27714538574219,53.47999954223633,54.72999954223633,53.33000183105469,53.470001220703125,7255400
2015-05-05,38.976036071777344,53.06999969482422,53.83000183105469,52.5099983215332,53.459999084472656,4373800
2015-05-06,38.30037307739258,52.150001525878906,53.4900016784668,51.650001525878906,53.41999816894531,5020900
2015-05-07,38.3150520324707,52.16999816894531,53.06999969482422,52.060001373291016,52.20000076293945,4226700
2015-05-08,38.733680725097656,52.7400016784668,53.0,52.119998931884766,52.869998931884766,3470100
2015-05-11,38.08003616333008,51.849998474121094,52.689998626708984,51.84000015258789,52.63999938964844,3490800
2015-05-12,38.25630187988281,52.09000015258789,52.560001373291016,51.310001373291016,51.709999084472656,3242700
2015-05-13,38.219581604003906,52.040000915527344,52.88999938964844,51.790000915527344,52.279998779296875,4235500
2015-05-14,37.85237121582031,51.540000915527344,52.439998626708984,51.43000030517578,52.41999816894531,3312500
2015-05-15,37.43375778198242,50.970001220703125,51.79999923706055,50.86000061035156,51.5099983215332,4267800
2015-05-18,37.206085205078125,50.65999984741211,50.9900016784668,50.310001373291016,50.369998931884766,5279900
2015-05-19,37.05918502807617,50.459999084472656,50.7599983215332,50.119998931884766,50.63999938964844,3241900
2015-05-20,37.991920471191406,51.72999954223633,52.119998931884766,50.599998474121094,50.689998626708984,4801400
2015-05-21,38.5867919921875,52.540000915527344,52.75,51.810001373291016,51.849998474121094,3727300
2015-05-22,38.153480529785156,51.95000076293945,52.68000030517578,51.880001068115234,52.599998474121094,3491500
2015-05-26,36.669944763183594,49.93000030517578,51.63999938964844,49.56999969482422,51.58000183105469,8378700
2015-05-27,37.125282287597656,50.54999923706055,50.689998626708984,49.63999938964844,50.13999938964844,5025100
2015-05-28,37.49250030517578,51.04999923706055,51.29999923706055,50.220001220703125,50.5099983215332,4301600
2015-05-29,37.3309211730957,50.83000183105469,51.52000045776367,50.7400016784668,51.310001373291016,7359800
2015-06-01,36.684635162353516,49.95000076293945,50.18000030517578,49.68000030517578,50.18000030517578,5866700
2015-06-02,37.41905975341797,50.95000076293945,51.119998931884766,49.79999923706055,49.95000076293945,4220900
2015-06-03,38.55741882324219,52.5,52.68000030517578,51.0,51.0,7871500
2015-06-04,40.38615036010742,54.9900016784668,55.36000061035156,53.099998474121094,53.349998474121094,13095600
2015-06-05,40.393497467041016,55.0,55.22999954223633,54.13999938964844,54.939998626708984,8010400
2015-06-08,38.34443283081055,52.209999084472656,53.2599983215332,52.13999938964844,53.189998626708984,6633700
2015-06-09,38.138797760009766,51.93000030517578,52.540000915527344,51.63999938964844,51.91999816894531,5128300
2015-06-10,38.351783752441406,52.220001220703125,52.45000076293945,51.75,52.349998474121094,3411900
2015-06-11,39.14496612548828,53.29999923706055,53.40999984741211,51.7599983215332,52.33000183105469,4143700
2015-06-12,38.36647415161133,52.2400016784668,52.95000076293945,52.0099983215332,52.88999938964844,3150700
2015-06-15,38.19754409790039,52.0099983215332,52.529998779296875,51.79999923706055,51.97999954223633,3068200
2015-06-16,38.373809814453125,52.25,52.91999816894531,51.83000183105469,51.93000030517578,3191200
2015-06-17,39.02745056152344,53.13999938964844,53.22999954223633,52.45000076293945,52.720001220703125,4673100
2015-06-18,40.4178352355957,54.36000061035156,54.5,52.630001068115234,52.630001068115234,8198000
2015-06-19,39.451255798339844,53.060001373291016,54.25,53.04999923706055,53.970001220703125,4910100
2015-06-22,39.28025436401367,52.83000183105469,53.560001373291016,52.349998474121094,53.560001373291016,3294600
2015-06-23,39.26537322998047,52.810001373291016,53.0,51.90999984741211,52.72999954223633,3157500
2015-06-24,38.588768005371094,51.900001525878906,53.040000915527344,51.810001373291016,52.81999969482422,3958300
2015-06-25,38.35084915161133,51.58000183105469,52.2599983215332,51.4900016784668,52.130001068115234,2953000
2015-06-26,38.06831359863281,51.20000076293945,51.47999954223633,50.81999969482422,51.40999984741211,3997400
2015-06-29,37.2801628112793,50.13999938964844,50.90999984741211,49.939998626708984,50.130001068115234,4339900
2015-06-30,39.0869255065918,52.56999969482422,53.029998779296875,51.220001220703125,51.27000045776367,8661700
2015-07-01,40.284000396728516,54.18000030517578,54.70000076293945,53.709999084472656,54.40999984741211,19237100
2015-07-02,40.016334533691406,53.81999969482422,55.25,53.599998474121094,54.869998931884766,5828500
2015-07-06,40.514488220214844,54.4900016784668,54.790000915527344,53.0,53.08000183105469,6320100
2015-07-07,42.075889587402344,56.59000015258789,56.91999816894531,54.04999923706055,54.5,9566000
2015-07-08,40.00146484375,53.79999923706055,56.22999954223633,53.36000061035156,55.58000183105469,5994500
2015-07-09,40.43271255493164,54.380001068115234,55.470001220703125,54.040000915527344,54.84000015258789,4322200
2015-07-10,40.77472686767578,54.84000015258789,55.560001373291016,54.47999954223633,55.47999954223633,2670100
2015-07-13,42.5517463684082,57.22999954223633,57.77000045776367,56.2599983215332,56.529998779296875,11034200
2015-07-14,41.24315643310547,55.470001220703125,57.20000076293945,55.400001525878906,57.15999984741211,10059900
2015-07-15,40.484764099121094,54.45000076293945,55.470001220703125,53.7599983215332,55.41999816894531,6834600
2015-07-16,40.83421325683594,54.91999816894531,55.13999938964844,54.279998779296875,54.79999923706055,3426600
2015-07-17,40.350921630859375,54.27000045776367,54.91999816894531,54.130001068115234,54.869998931884766,2562300
2015-07-20,40.618587493896484,54.630001068115234,55.189998626708984,53.86000061035156,54.369998931884766,3138500
2015-07-21,40.767303466796875,54.83000183105469,55.349998474121094,54.45000076293945,54.619998931884766,2793600
2015-07-22,40.863956451416016,54.959999084472656,55.29999923706055,53.849998474121094,54.09000015258789,5286000
2015-07-23,41.436458587646484,55.72999954223633,57.5,54.720001220703125,57.40999984741211,7763200
2015-07-24,40.7524299621582,54.810001373291016,56.0,54.56999969482422,55.9900016784668,3408300
2015-07-27,39.8453254699707,53.59000015258789,54.4900016784668,53.36000061035156,53.779998779296875,5279700
2015-07-28,40.2542610168457,54.13999938964844,54.83000183105469,53.849998474121094,54.0,5003300
2015-07-29,40.350921630859375,54.27000045776367,54.9900016784668,53.9900016784668,54.349998474121094,4130200
2015-07-30,41.6446418762207,56.0099983215332,56.41999816894531,54.560001373291016,54.810001373291016,6933700
2015-07-31,41.66695022583008,56.040000915527344,56.619998931884766,55.720001220703125,56.20000076293945,3566900
2015-08-03,41.079566955566406,55.25,56.02000045776367,55.08000183105469,55.84000015258789,3485100
2015-08-04,40.893699645996094,55.0,56.099998474121094,54.650001525878906,55.529998779296875,4795400
2015-08-05,41.61491012573242,55.970001220703125,56.689998626708984,55.61000061035156,55.779998779296875,3903300
2015-08-06,41.65951156616211,56.029998779296875,56.5,55.16999816894531,55.66999816894531,3511500
2015-08-07,42.23202133178711,56.79999923706055,57.47999954223633,56.060001373291016,56.25,3916500
2015-08-10,42.194862365722656,56.75,57.380001068115234,56.40999984741211,57.36000061035156,5160800
2015-08-11,40.4178352355957,54.36000061035156,55.9900016784668,54.040000915527344,55.9900016784668,5729300
2015-08-12,39.76353454589844,53.47999954223633,53.56999969482422,52.06999969482422,53.290000915527344,5902300
2015-08-13,39.49587631225586,53.119998931884766,53.81999969482422,53.099998474121094,53.70000076293945,3736800
2015-08-14,38.96797180175781,52.40999984741211,53.709999084472656,52.29999923706055,53.279998779296875,4339000
2015-08-17,38.80439376831055,52.189998626708984,52.470001220703125,51.720001220703125,51.900001525878906,4183000
2015-08-18,38.529296875,51.81999969482422,52.15999984741211,51.56999969482422,52.0,3121400
2015-08-19,37.68911361694336,50.689998626708984,51.59000015258789,50.4900016784668,51.5099983215332,5024800
2015-08-20,36.35821533203125,48.900001525878906,50.349998474121094,48.88999938964844,50.0,6888100
2015-08-21,35.68161392211914,47.9900016784668,48.869998931884766,47.13999938964844,48.029998779296875,8987900
2015-08-24,34.239173889160156,46.04999923706055,46.04999923706055,40.0,43.11000061035156,8055200
2015-08-25,33.257713317871094,44.72999954223633,48.060001373291016,44.720001220703125,48.04999923706055,6298200
2015-08-26,33.59231185913086,45.18000030517578,45.86000061035156,43.70000076293945,45.529998779296875,8633900
2015-08-27,35.13882827758789,47.2599983215332,47.43000030517578,46.099998474121094,46.099998474121094,10082400
2015-08-28,35.21318817138672,47.36000061035156,47.560001373291016,46.619998931884766,46.650001525878906,2980100
2015-08-31,34.373008728027344,46.22999954223633,47.04999923706055,46.02000045776367,46.75,3911300
2015-09-01,33.703834533691406,45.33000183105469,46.09000015258789,44.650001525878906,45.119998931884766,6086900
2015-09-02,34.12020492553711,45.88999938964844,46.060001373291016,45.15999984741211,45.869998931884766,5314400
2015-09-03,35.44367218017578,47.66999816894531,48.029998779296875,46.06999969482422,46.15999984741211,6828600
2015-09-04,35.369319915771484,47.56999969482422,48.400001525878906,46.619998931884766,46.880001068115234,4514600
2015-09-08,36.045936584472656,48.47999954223633,48.86000061035156,47.59000015258789,48.5099983215332,4652800
2015-09-09,35.59981918334961,47.880001068115234,49.349998474121094,47.790000915527344,49.0,4089000
2015-09-10,34.60350036621094,46.540000915527344,47.7400016784668,45.86000061035156,47.290000915527344,7951900
2015-09-11,34.85629653930664,46.880001068115234,47.099998474121094,46.13999938964844,46.20000076293945,3252000
2015-09-14,34.737335205078125,46.720001220703125,46.95000076293945,46.099998474121094,46.90999984741211,4167800
2015-09-15,35.30242156982422,47.47999954223633,47.58000183105469,46.349998474121094,46.84000015258789,3964200
2015-09-16,36.2169303894043,48.709999084472656,48.869998931884766,47.63999938964844,47.91999816894531,6026300
2015-09-17,35.4288215637207,47.650001525878906,48.709999084472656,47.630001068115234,48.70000076293945,5844300
2015-09-18,34.117191314697266,45.2599983215332,46.779998779296875,45.060001373291016,46.4900016784668,6609700
2015-09-21,33.67243957519531,44.66999816894531,45.61000061035156,44.43000030517578,45.2400016784668,4558800
2015-09-22,32.730186462402344,43.41999816894531,43.75,43.0,43.709999084472656,6520300
2015-09-23,31.486408233642578,41.77000045776367,43.38999938964844,41.459999084472656,43.18000030517578,7778000
2015-09-24,31.58441162109375,41.900001525878906,42.27000045776367,41.5099983215332,41.63999938964844,5585800
2015-09-25,31.39595603942871,41.650001525878906,42.369998931884766,41.400001525878906,42.349998474121094,4371800
2015-09-28,30.34816551208496,40.2599983215332,41.619998931884766,40.11000061035156,41.470001220703125,4590100
2015-09-29,28.501346588134766,37.810001373291016,40.15999984741211,37.689998626708984,39.470001220703125,10730900
2015-09-30,28.621944427490234,37.970001220703125,39.09000015258789,37.400001525878906,38.27000045776367,9426700
2015-10-01,27.87569236755371,36.97999954223633,38.4900016784668,36.529998779296875,38.369998931884766,7575500
2015-10-02,30.8079891204834,40.869998931884766,41.25,37.939998626708984,38.5,17678400
2015-10-05,33.0844612121582,43.88999938964844,44.880001068115234,41.2599983215332,41.33000183105469,17995200
2015-10-06,33.83074188232422,44.880001068115234,45.06999969482422,42.880001068115234,43.720001220703125,10385000
2015-10-07,34.53931427001953,45.81999969482422,46.630001068115234,44.709999084472656,45.5,9396100
2015-10-08,35.49665069580078,47.09000015258789,47.41999816894531,45.13999938964844,45.2400016784668,6018600
2015-10-09,35.41373062133789,46.97999954223633,47.34000015258789,46.06999969482422,46.56999969482422,6336500
2015-10-12,34.77300262451172,46.130001068115234,47.81999969482422,45.7400016784668,46.97999954223633,5769800
2015-10-13,35.391109466552734,46.95000076293945,47.810001373291016,46.0,46.099998474121094,6386600
2015-10-14,36.242923736572266,48.08000183105469,48.47999954223633,46.72999954223633,46.7599983215332,7741700
2015-10-15,37.28317642211914,49.459999084472656,50.5,48.81999969482422,49.900001525878906,8558100
2015-10-16,37.47916030883789,49.720001220703125,50.33000183105469,47.25,47.400001525878906,9534500
2015-10-19,35.83585739135742,47.540000915527344,48.9900016784668,46.7400016784668,48.86000061035156,9679000
2015-10-20,35.67002487182617,47.31999969482422,48.06999969482422,46.869998931884766,47.54999923706055,4768400
2015-10-21,35.308197021484375,46.84000015258789,47.5099983215332,46.11000061035156,46.97999954223633,5676600
2015-10-22,35.12728500366211,46.599998474121094,48.599998474121094,45.95000076293945,48.31999969482422,9275000
2015-10-23,37.07963943481445,49.189998626708984,49.540000915527344,46.93000030517578,47.2400016784668,7473300
2015-10-26,36.80827331542969,48.83000183105469,49.40999984741211,48.25,49.20000076293945,4084700
2015-10-27,35.83585739135742,47.540000915527344,48.81999969482422,47.150001525878906,47.90999984741211,4992900
2015-10-28,36.5142936706543,48.439998626708984,48.68000030517578,47.40999984741211,47.95000076293945,3076300
2015-10-29,36.82335662841797,48.849998474121094,49.689998626708984,48.2599983215332,49.0,3844600
2015-10-30,37.32084655761719,49.5099983215332,49.779998779296875,48.779998779296875,48.93000030517578,4156700
2015-11-02,38.1500358581543,50.61000061035156,51.63999938964844,49.70000076293945,49.75,5298200
2015-11-03,38.37619400024414,50.90999984741211,51.4900016784668,49.70000076293945,49.88999938964844,4598900
2015-11-04,37.45655059814453,49.689998626708984,52.13999938964844,49.279998779296875,51.689998626708984,6499200
2015-11-05,37.35101318359375,49.54999923706055,50.459999084472656,49.20000076293945,49.630001068115234,3673200
2015-11-06,37.524375915527344,49.779998779296875,49.880001068115234,49.0,49.310001373291016,2935600
2015-11-09,35.134822845458984,46.61000061035156,48.900001525878906,46.150001525878906,48.79999923706055,7665300
2015-11-10,35.37603759765625,46.93000030517578,46.939998626708984,45.77000045776367,46.31999969482422,3975000
2015-11-11,35.04437255859375,46.4900016784668,47.099998474121094,46.18000030517578,47.06999969482422,3269300
2015-11-12,34.69761276245117,46.029998779296875,47.380001068115234,45.70000076293945,46.099998474121094,2934600
2015-11-13,34.44132614135742,45.689998626708984,46.400001525878906,45.2400016784668,45.810001373291016,2896600
2015-11-16,34.69007873535156,46.02000045776367,46.20000076293945,44.83000183105469,45.58000183105469,3140100
2015-11-17,34.18501663208008,45.349998474121094,46.36000061035156,45.060001373291016,46.20000076293945,5166000
2015-11-18,34.66745376586914,45.9900016784668,46.060001373291016,44.529998779296875,45.369998931884766,4393400
2015-11-19,34.72776794433594,46.06999969482422,46.27000045776367,45.470001220703125,45.959999084472656,3150700
2015-11-20,33.98149490356445,45.08000183105469,46.33000183105469,44.599998474121094,46.18000030517578,5739700
2015-11-23,34.06441879272461,45.189998626708984,46.0,44.880001068115234,44.880001068115234,8028500
2015-11-24,33.8458251953125,44.900001525878906,45.27000045776367,44.38999938964844,44.97999954223633,7365500
2015-11-25,33.7855110168457,44.81999969482422,45.22999954223633,44.40999984741211,45.16999816894531,4180900
2015-11-27,33.40860366821289,44.31999969482422,44.619998931884766,43.650001525878906,44.540000915527344,2493600
2015-11-30,33.21261978149414,44.060001373291016,45.040000915527344,43.95000076293945,44.43000030517578,5941200
2015-12-01,33.77043914794922,44.79999923706055,44.959999084472656,43.61000061035156,44.5,6002900
2015-12-02,34.05689239501953,45.18000030517578,46.220001220703125,44.36000061035156,44.529998779296875,5707900
2015-12-03,32.820655822753906,43.540000915527344,45.5,43.130001068115234,45.45000076293945,4206900
2015-12-04,32.9337158203125,43.689998626708984,44.02000045776367,42.79999923706055,43.529998779296875,4565800
2015-12-07,32.504051208496094,43.119998931884766,43.689998626708984,42.83000183105469,43.459999084472656,4632900
2015-12-08,32.07437515258789,42.54999923706055,42.81999969482422,41.560001373291016,42.45000076293945,3418100
2015-12-09,32.941253662109375,43.70000076293945,45.25,43.099998474121094,43.349998474121094,7648400
2015-12-10,32.26282501220703,42.79999923706055,44.349998474121094,42.5099983215332,43.849998474121094,6189000
2015-12-11,31.101974487304688,41.2599983215332,42.220001220703125,41.029998779296875,42.040000915527344,5525300
2015-12-14,30.468774795532227,40.41999816894531,42.02000045776367,40.220001220703125,41.02000045776367,6339500
2015-12-15,31.275352478027344,41.4900016784668,42.209999084472656,40.689998626708984,40.93000030517578,5700800
2015-12-16,32.71510696411133,43.400001525878906,43.650001525878906,41.66999816894531,42.0,5578200
2015-12-17,31.524091720581055,41.81999969482422,43.90999984741211,41.79999923706055,43.720001220703125,4816100
2015-12-18,31.799758911132812,41.529998779296875,42.18000030517578,41.15999984741211,41.209999084472656,5551400
2015-12-21,32.19025802612305,42.040000915527344,42.45000076293945,41.45000076293945,41.83000183105469,3837200
2015-12-22,32.87174606323242,42.93000030517578,43.16999816894531,41.90999984741211,42.150001525878906,4937200
2015-12-23,34.081565856933594,44.5099983215332,44.900001525878906,43.2599983215332,43.38999938964844,5807300
2015-12-24,33.96670150756836,44.36000061035156,44.709999084472656,43.5099983215332,44.33000183105469,2251400
2015-12-28,33.782920837402344,44.119998931884766,44.290000915527344,43.20000076293945,43.810001373291016,3346500
2015-12-29,33.982017517089844,44.380001068115234,45.0,43.97999954223633,44.439998626708984,3096800
2015-12-30,33.68339157104492,43.9900016784668,44.47999954223633,43.77000045776367,44.279998779296875,2296700
2015-12-31,33.56854248046875,43.84000015258789,44.25,43.5099983215332,43.650001525878906,2971100
2016-01-04,33.23162078857422,43.400001525878906,43.400001525878906,41.45000076293945,42.79999923706055,6463200
2016-01-05,33.7216796875,44.040000915527344,44.849998474121094,43.38999938964844,43.63999938964844,5243200
2016-01-06,32.6879768371582,42.689998626708984,43.349998474121094,42.06999969482422,43.099998474121094,5008400
2016-01-07,29.694061279296875,38.779998779296875,41.349998474121094,38.75,41.279998779296875,13427600
2016-01-08,29.870176315307617,39.0099983215332,40.599998474121094,38.90999984741211,39.29999923706055,6677400
2016-01-11,29.854867935180664,38.9900016784668,40.40999984741211,38.560001373291016,39.59000015258789,5969300
2016-01-12,29.79360580444336,38.90999984741211,40.0,38.15999984741211,39.310001373291016,6085200
2016-01-13,28.308135986328125,36.970001220703125,39.400001525878906,36.72999954223633,39.150001525878906,5755600
2016-01-14,28.675678253173828,37.45000076293945,37.810001373291016,35.970001220703125,37.29999923706055,7354100
2016-01-15,29.64811897277832,38.720001220703125,39.45000076293945,37.13999938964844,37.470001220703125,10745500
2016-01-19,29.426067352294922,38.43000030517578,39.59000015258789,37.66999816894531,39.540000915527344,5293100
2016-01-20,28.491899490356445,37.209999084472656,37.689998626708984,34.880001068115234,37.59000015258789,7466100
2016-01-21,28.821157455444336,37.63999938964844,37.900001525878906,36.29999923706055,37.06999969482422,4490600
2016-01-22,29.88548469543457,39.029998779296875,39.68000030517578,38.380001068115234,39.2599983215332,7328400
2016-01-25,29.946744918823242,39.11000061035156,40.130001068115234,38.91999816894531,39.02000045776367,5972300
2016-01-26,31.29438591003418,40.869998931884766,41.08000183105469,38.31999969482422,39.130001068115234,6414800
2016-01-27,31.8456974029541,41.59000015258789,42.369998931884766,40.630001068115234,41.0099983215332,9545000
2016-01-28,32.764556884765625,42.790000915527344,43.869998931884766,42.0099983215332,42.459999084472656,7994200
2016-01-29,34.53333282470703,45.099998474121094,45.11000061035156,42.939998626708984,43.0,8823500
2016-02-01,34.17344665527344,44.630001068115234,44.90999984741211,43.54999923706055,44.779998779296875,6181200
2016-02-02,32.312774658203125,42.20000076293945,44.0,41.709999084472656,44.0,8301800
2016-02-03,32.588436126708984,42.560001373291016,42.86000061035156,40.66999816894531,42.40999984741211,6813700
2016-02-04,32.680320739746094,42.68000030517578,43.47999954223633,41.81999969482422,42.400001525878906,4476400
2016-02-05,32.14432144165039,41.97999954223633,42.4900016784668,40.900001525878906,42.47999954223633,5094500
2016-02-08,31.034048080444336,40.529998779296875,41.31999969482422,39.290000915527344,41.31999969482422,5421600
2016-02-09,30.306625366210938,39.58000183105469,40.630001068115234,39.02000045776367,39.810001373291016,5411100
2016-02-10,30.72776985168457,40.130001068115234,41.27000045776367,39.470001220703125,39.959999084472656,6506400
2016-02-11,30.819656372070312,40.25,41.02000045776367,39.16999816894531,39.20000076293945,5466700
2016-02-12,33.75996017456055,44.09000015258789,44.34000015258789,41.25,41.279998779296875,7696700
2016-02-16,35.08463668823242,45.81999969482422,45.97999954223633,43.939998626708984,44.810001373291016,6315700
2016-02-17,35.46748733520508,46.31999969482422,46.65999984741211,45.380001068115234,46.099998474121094,5866100
2016-02-18,35.23777770996094,46.02000045776367,46.709999084472656,45.25,46.439998626708984,4803500
2016-02-19,35.115264892578125,45.86000061035156,46.0,45.16999816894531,45.38999938964844,4024700
2016-02-22,36.3786735534668,47.5099983215332,48.279998779296875,46.970001220703125,46.970001220703125,5381100
2016-02-23,36.164276123046875,47.22999954223633,47.849998474121094,46.43000030517578,47.06999969482422,4063200
2016-02-24,35.92689895629883,46.91999816894531,47.150001525878906,45.36000061035156,46.400001525878906,4291000
2016-02-25,36.3250732421875,47.439998626708984,47.45000076293945,46.099998474121094,46.900001525878906,3104200
2016-02-26,36.69260787963867,47.91999816894531,48.400001525878906,47.650001525878906,47.900001525878906,4756100
2016-02-29,36.96826934814453,48.279998779296875,48.59000015258789,47.599998474121094,47.90999984741211,4780200
2016-03-01,38.82126998901367,50.70000076293945,51.75,48.81999969482422,49.02000045776367,10032600
2016-03-02,39.08161163330078,51.040000915527344,51.13999938964844,50.16999816894531,50.54999923706055,5616900
2016-03-03,40.27611541748047,52.599998474121094,53.25,50.81999969482422,50.97999954223633,9082700
2016-03-04,39.66355514526367,51.79999923706055,52.59000015258789,50.849998474121094,52.529998779296875,6808300
2016-03-07,38.92082214355469,50.83000183105469,51.720001220703125,50.459999084472656,50.720001220703125,5109000
2016-03-08,37.496604919433594,48.970001220703125,50.400001525878906,48.75,50.290000915527344,4313200
2016-03-09,38.33888244628906,50.06999969482422,50.45000076293945,49.22999954223633,49.400001525878906,3537400
2016-03-10,38.74470138549805,50.599998474121094,51.31999969482422,50.02000045776367,51.220001220703125,4829300
2016-03-11,39.495094299316406,51.58000183105469,51.959999084472656,50.88999938964844,51.2400016784668,5175200
2016-03-14,40.077030181884766,52.34000015258789,52.84000015258789,51.5,51.599998474121094,4425700
2016-03-15,39.77074432373047,51.939998626708984,52.95000076293945,51.290000915527344,52.7599983215332,4034300
2016-03-16,40.85039520263672,53.349998474121094,53.47999954223633,51.619998931884766,51.81999969482422,5043000
2016-03-17,41.417015075683594,54.09000015258789,54.52000045776367,53.25,53.439998626708984,5534900
2016-03-18,41.61102294921875,53.619998931884766,54.79999923706055,53.34000015258789,54.7599983215332,7248900
2016-03-21,41.33941650390625,53.27000045776367,53.4900016784668,52.220001220703125,53.31999969482422,4361700
2016-03-22,41.347171783447266,53.279998779296875,54.060001373291016,52.779998779296875,52.779998779296875,3544900
2016-03-23,40.648746490478516,52.380001068115234,53.06999969482422,52.02000045776367,53.06999969482422,2949100
2016-03-24,40.718589782714844,52.470001220703125,52.5,50.959999084472656,51.75,4955600
2016-03-28,40.30728530883789,51.939998626708984,52.61000061035156,51.2400016784668,52.470001220703125,3312100
2016-03-29,40.76515197753906,52.529998779296875,53.04999923706055,51.779998779296875,52.4900016784668,4472100
2016-03-30,40.5323371887207,52.22999954223633,53.689998626708984,51.7400016784668,53.099998474121094,3640200
2016-03-31,40.10551834106445,51.68000030517578,52.25,51.33000183105469,52.13999938964844,4371100
2016-04-01,40.136566162109375,51.720001220703125,51.939998626708984,49.59000015258789,50.869998931884766,4988400
2016-04-04,39.19755935668945,50.5099983215332,51.810001373291016,50.470001220703125,51.5,4996500
2016-04-05,38.76297378540039,49.95000076293945,50.400001525878906,49.599998474121094,49.9900016784668,4252000
2016-04-06,38.631046295166016,49.779998779296875,49.9900016784668,48.56999969482422,49.959999084472656,4547200
2016-04-07,38.972511291503906,50.220001220703125,51.16999816894531,49.72999954223633,50.33000183105469,8948200
2016-04-08,38.39824295043945,49.47999954223633,50.900001525878906,49.220001220703125,50.900001525878906,3770900
2016-04-11,38.26631164550781,49.310001373291016,50.209999084472656,49.27000045776367,49.86000061035156,3093900
2016-04-12,38.43703842163086,49.529998779296875,49.869998931884766,49.029998779296875,49.310001373291016,2878100
2016-04-13,39.56229019165039,50.97999954223633,51.15999984741211,49.63999938964844,50.040000915527344,4019600
2016-04-14,39.34500503540039,50.70000076293945,51.75,50.470001220703125,51.61000061035156,3262600
2016-04-15,39.53125,50.939998626708984,51.099998474121094,50.119998931884766,50.5,2858900
2016-04-18,39.70197677612305,51.15999984741211,51.31999969482422,50.33000183105469,50.66999816894531,3447000
2016-04-19,40.74186706542969,52.5,53.310001373291016,51.2400016784668,51.33000183105469,7144300
2016-04-20,40.493526458740234,52.18000030517578,53.209999084472656,51.68000030517578,53.02000045776367,7144200
2016-04-21,36.77632522583008,47.38999938964844,48.099998474121094,46.0099983215332,47.95000076293945,21186400
2016-04-22,36.3727912902832,46.869998931884766,48.2400016784668,46.599998474121094,47.119998931884766,7253300
2016-04-25,35.557945251464844,45.81999969482422,46.849998474121094,45.66999816894531,46.7400016784668,5139200
2016-04-26,35.775245666503906,46.099998474121094,46.099998474121094,45.290000915527344,45.939998626708984,3431600
2016-04-27,35.4415397644043,45.66999816894531,46.43000030517578,45.58000183105469,46.0,3633300
2016-04-28,35.58899688720703,45.86000061035156,46.7400016784668,45.400001525878906,45.45000076293945,3639000
2016-04-29,35.038002014160156,45.150001525878906,46.189998626708984,44.959999084472656,45.81999969482422,4755200
2016-05-02,36.279659271240234,46.75,47.38999938964844,46.310001373291016,46.43000030517578,4468500
2016-05-03,35.51914978027344,45.77000045776367,46.2599983215332,45.380001068115234,46.2599983215332,3377000
2016-05-04,35.084571838378906,45.209999084472656,45.61000061035156,44.880001068115234,45.22999954223633,4500800
2016-05-05,34.494781494140625,44.45000076293945,45.5,44.2599983215332,45.5,4522700
2016-05-06,35.30186462402344,45.4900016784668,45.540000915527344,44.369998931884766,44.45000076293945,3543900
2016-05-09,34.88279724121094,44.95000076293945,45.720001220703125,44.41999816894531,45.349998474121094,3706200
2016-05-10,35.79075622558594,46.119998931884766,46.27000045776367,45.11000061035156,45.16999816894531,2423000
2016-05-11,35.27857971191406,45.459999084472656,46.04999923706055,45.349998474121094,45.970001220703125,2271100
2016-05-12,35.41826248168945,45.63999938964844,45.84000015258789,44.93000030517578,45.720001220703125,2749900
2016-05-13,34.83623504638672,44.88999938964844,45.7599983215332,44.880001068115234,45.25,2379400
2016-05-16,35.37169647216797,45.58000183105469,45.9900016784668,44.86000061035156,44.91999816894531,3201000
2016-05-17,35.247535705566406,45.41999816894531,46.20000076293945,45.15999984741211,45.5099983215332,2457800
2016-05-18,34.79743194580078,44.84000015258789,45.7599983215332,44.58000183105469,45.150001525878906,2470400
2016-05-19,34.393898010253906,44.31999969482422,44.86000061035156,44.06999969482422,44.72999954223633,3532000
2016-05-20,34.91383743286133,44.9900016784668,45.2599983215332,44.5,44.709999084472656,2490300
2016-05-23,34.960391998291016,45.04999923706055,45.470001220703125,44.9900016784668,45.0099983215332,3321900
2016-05-24,35.348419189453125,45.54999923706055,45.900001525878906,45.29999923706055,45.5,3255000
2016-05-25,35.93044662475586,46.29999923706055,46.560001373291016,45.650001525878906,45.7400016784668,5251800
2016-05-26,35.247535705566406,45.41999816894531,46.52000045776367,44.900001525878906,46.41999816894531,3183000
2016-05-27,35.84508514404297,46.189998626708984,46.47999954223633,45.27000045776367,45.4900016784668,3527900
2016-05-31,35.883880615234375,46.2400016784668,46.66999816894531,45.959999084472656,46.369998931884766,3296500
2016-06-01,35.97700881958008,46.36000061035156,46.529998779296875,45.08000183105469,45.08000183105469,2810400
2016-06-02,36.29519271850586,46.77000045776367,46.939998626708984,46.130001068115234,46.189998626708984,3565900
2016-06-03,36.279659271240234,46.75,46.970001220703125,45.88999938964844,46.720001220703125,4054000
2016-06-06,36.17101287841797,46.61000061035156,46.75,45.86000061035156,46.310001373291016,3829100
2016-06-07,36.76856231689453,47.380001068115234,47.72999954223633,46.5,46.54999923706055,4238700
2016-06-08,36.93928909301758,47.599998474121094,48.189998626708984,47.150001525878906,47.66999816894531,3399100
2016-06-09,36.683197021484375,47.27000045776367,47.72999954223633,47.04999923706055,47.40999984741211,2197800
2016-06-10,35.891639709472656,46.25,46.689998626708984,46.11000061035156,46.52000045776367,3827900
2016-06-13,35.70540237426758,46.0099983215332,46.790000915527344,45.79999923706055,45.9900016784668,3443500
2016-06-14,36.39606475830078,46.900001525878906,46.939998626708984,45.5,45.779998779296875,4330500
2016-06-15,36.442630767822266,46.959999084472656,47.560001373291016,46.68000030517578,46.970001220703125,3384100
2016-06-16,36.070133209228516,46.47999954223633,46.65999984741211,46.04999923706055,46.5,3346900
2016-06-17,36.442630767822266,46.959999084472656,47.189998626708984,46.54999923706055,46.709999084472656,3392000
2016-06-20,34.92155456542969,44.310001373291016,46.959999084472656,44.220001220703125,46.720001220703125,6569700
2016-06-21,35.61509704589844,45.189998626708984,45.29999923706055,43.880001068115234,44.41999816894531,3677300
2016-06-22,35.410194396972656,44.93000030517578,45.56999969482422,44.779998779296875,45.400001525878906,3354800
2016-06-23,36.379581451416016,46.15999984741211,46.16999816894531,45.45000076293945,45.470001220703125,3965200
2016-06-24,34.133453369140625,43.310001373291016,44.83000183105469,43.20000076293945,44.279998779296875,5288800
2016-06-27,32.959144592285156,41.81999969482422,42.88999938964844,41.45000076293945,42.84000015258789,5179300
2016-06-28,33.4871826171875,42.4900016784668,42.939998626708984,42.02000045776367,42.68000030517578,3712800
2016-06-29,34.38563919067383,43.630001068115234,43.900001525878906,42.7599983215332,43.08000183105469,3725500
2016-06-30,34.275299072265625,43.4900016784668,43.95000076293945,42.56999969482422,43.95000076293945,3913200
2016-07-01,34.44868087768555,43.709999084472656,44.34000015258789,43.5,43.599998474121094,2519500
2016-07-05,33.73149871826172,42.79999923706055,43.400001525878906,42.56999969482422,43.400001525878906,2959000
2016-07-06,34.36199951171875,43.599998474121094,43.63999938964844,42.290000915527344,42.52000045776367,3818100
2016-07-07,34.33047103881836,43.560001373291016,44.20000076293945,43.16999816894531,43.68000030517578,2495300
2016-07-08,34.779701232910156,44.130001068115234,44.369998931884766,43.5099983215332,43.95000076293945,2959600
2016-07-11,36.190433502197266,45.91999816894531,46.529998779296875,44.75,45.0,6607500
2016-07-12,36.67117691040039,46.529998779296875,46.790000915527344,46.20000076293945,46.41999816894531,5416900
2016-07-13,36.119510650634766,45.83000183105469,46.470001220703125,45.38999938964844,46.459999084472656,3803300
2016-07-14,36.261356353759766,46.0099983215332,46.13999938964844,45.5099983215332,46.09000015258789,2845500
2016-07-15,36.39534378051758,46.18000030517578,46.599998474121094,45.81999969482422,46.04999923706055,2537200
2016-07-18,36.99431228637695,46.939998626708984,47.099998474121094,45.880001068115234,46.599998474121094,4358700
2016-07-19,36.52145004272461,46.34000015258789,46.66999816894531,45.95000076293945,46.560001373291016,3600200
2016-07-20,37.01007080078125,46.959999084472656,46.9900016784668,46.25,46.41999816894531,2738100
2016-07-21,36.81304168701172,46.709999084472656,47.31999969482422,46.470001220703125,46.959999084472656,1978700
2016-07-22,37.29379653930664,47.31999969482422,47.470001220703125,46.68000030517578,46.709999084472656,4444900
2016-07-25,37.672096252441406,47.79999923706055,48.5,47.56999969482422,47.58000183105469,6055200
2016-07-26,39.89459228515625,50.619998931884766,50.900001525878906,49.27000045776367,49.27000045776367,10343600
2016-07-27,39.55569839477539,50.189998626708984,50.79999923706055,49.41999816894531,50.349998474121094,4656800
2016-07-28,40.01280975341797,50.77000045776367,50.959999084472656,49.869998931884766,50.0099983215332,3567700
2016-07-29,39.918235778808594,50.650001525878906,51.22999954223633,49.470001220703125,49.63999938964844,4929600
2016-08-01,39.5951042175293,50.2400016784668,50.7400016784668,49.65999984741211,50.52000045776367,2978800
2016-08-02,39.23257064819336,49.779998779296875,50.2400016784668,49.5099983215332,50.20000076293945,3031000
2016-08-03,39.3823127746582,49.970001220703125,50.09000015258789,49.09000015258789,49.5,2299600
2016-08-04,39.55569839477539,50.189998626708984,50.970001220703125,49.79999923706055,50.2400016784668,3278100
2016-08-05,39.30350112915039,49.869998931884766,50.66999816894531,49.7599983215332,50.38999938964844,3198600
2016-08-08,40.16255187988281,50.959999084472656,50.9900016784668,50.130001068115234,50.22999954223633,4681900
2016-08-09,40.85609817504883,51.84000015258789,51.86000061035156,50.63999938964844,51.0,5591800
2016-08-10,40.76152420043945,51.720001220703125,52.380001068115234,51.34000015258789,51.9900016784668,3267900
2016-08-11,41.04524612426758,52.08000183105469,52.560001373291016,51.72999954223633,51.86000061035156,3008800
2016-08-12,40.82456970214844,51.79999923706055,52.16999816894531,51.619998931884766,52.02000045776367,2331600
2016-08-15,41.423545837402344,52.560001373291016,52.849998474121094,52.15999984741211,52.189998626708984,2923300
2016-08-16,41.26592254638672,52.36000061035156,52.59000015258789,52.060001373291016,52.5099983215332,1940500
2016-08-17,41.368377685546875,52.4900016784668,52.650001525878906,52.040000915527344,52.540000915527344,2154000
2016-08-18,41.07676696777344,52.119998931884766,52.689998626708984,52.04999923706055,52.470001220703125,3348900
2016-08-19,41.147701263427734,52.209999084472656,52.380001068115234,51.290000915527344,51.720001220703125,4980000
2016-08-22,41.439308166503906,52.58000183105469,52.63999938964844,51.91999816894531,52.209999084472656,3334200
2016-08-23,41.155582427978516,52.220001220703125,53.0,52.189998626708984,52.7400016784668,3366400
2016-08-24,39.6896858215332,50.36000061035156,52.400001525878906,50.16999816894531,52.220001220703125,5748100
2016-08-25,40.00493240356445,50.7599983215332,51.2400016784668,50.119998931884766,50.20000076293945,3619500
2016-08-26,39.66603469848633,50.33000183105469,50.95000076293945,49.88999938964844,50.790000915527344,3395600
2016-08-29,40.11526107788086,50.900001525878906,51.09000015258789,50.040000915527344,50.41999816894531,2731100
2016-08-30,40.16255187988281,50.959999084472656,51.11000061035156,50.689998626708984,51.099998474121094,2267800
2016-08-31,39.57146453857422,50.209999084472656,50.880001068115234,50.08000183105469,50.77000045776367,2990100
2016-09-01,42.40869903564453,53.810001373291016,53.9900016784668,51.880001068115234,51.970001220703125,10427100
2016-09-02,42.50325393676758,53.93000030517578,54.70000076293945,53.45000076293945,53.88999938964844,6400800
2016-09-06,43.13376235961914,54.72999954223633,54.7599983215332,54.0,54.06999969482422,4067300
2016-09-07,43.38595962524414,55.04999923706055,55.470001220703125,54.84000015258789,54.88999938964844,3879200
2016-09-08,43.882469177246094,55.68000030517578,55.9900016784668,55.5099983215332,55.900001525878906,3854100
2016-09-09,43.85094451904297,55.63999938964844,56.18000030517578,55.31999969482422,55.5,5488200
2016-09-12,44.83610153198242,56.88999938964844,57.150001525878906,54.84000015258789,55.0,5663900
2016-09-13,44.56026077270508,56.540000915527344,57.189998626708984,55.880001068115234,56.45000076293945,4653200
2016-09-14,45.955223083496094,58.310001373291016,58.349998474121094,57.11000061035156,57.470001220703125,7927700
2016-09-15,46.0498046875,58.43000030517578,58.560001373291016,57.779998779296875,58.220001220703125,5344000
2016-09-16,45.955223083496094,58.310001373291016,58.650001525878906,58.0099983215332,58.2599983215332,4091200
2016-09-19,45.1828727722168,57.33000183105469,58.400001525878906,56.90999984741211,58.38999938964844,5460300
2016-09-20,44.91948318481445,56.279998779296875,56.97999954223633,55.83000183105469,56.61000061035156,3983700
2016-09-21,45.30257797241211,56.7599983215332,56.93000030517578,56.119998931884766,56.4900016784668,3707400
2016-09-22,45.62982177734375,57.16999816894531,57.439998626708984,56.72999954223633,56.939998626708984,3356600
2016-09-23,45.797447204589844,57.380001068115234,57.43000030517578,55.93000030517578,56.720001220703125,3643300
2016-09-26,45.06315231323242,56.459999084472656,56.869998931884766,56.06999969482422,56.83000183105469,2782100
2016-09-27,45.40635299682617,56.88999938964844,57.33000183105469,56.310001373291016,56.5,2239400
2016-09-28,45.87725067138672,57.47999954223633,57.5099983215332,56.279998779296875,57.029998779296875,3187300
2016-09-29,45.43827438354492,56.93000030517578,58.11000061035156,56.65999984741211,57.5099983215332,3192100
2016-09-30,45.925148010253906,57.540000915527344,57.869998931884766,56.310001373291016,56.75,3827800
2016-10-03,46.98667907714844,58.869998931884766,59.5,58.43000030517578,59.099998474121094,5138600
2016-10-04,46.938785552978516,58.810001373291016,59.810001373291016,58.36000061035156,59.810001373291016,4675900
2016-10-05,46.98667907714844,58.869998931884766,59.5,58.810001373291016,58.86000061035156,3741100
2016-10-06,46.93081283569336,58.79999923706055,59.25,58.47999954223633,58.619998931884766,3188600
2016-10-07,46.5955924987793,58.380001068115234,58.84000015258789,58.0,58.33000183105469,3090900
2016-10-10,47.146297454833984,59.06999969482422,59.34000015258789,58.369998931884766,58.59000015258789,2669300
2016-10-11,47.05850601196289,58.959999084472656,60.0,58.77000045776367,59.43000030517578,4038400
2016-10-12,46.898868560791016,58.7599983215332,59.130001068115234,58.47999954223633,58.7599983215332,1951400
2016-10-13,46.36412048339844,58.09000015258789,58.279998779296875,57.16999816894531,58.16999816894531,2702100
2016-10-14,46.076786041259766,57.72999954223633,58.75,56.72999954223633,58.52000045776367,3827500
2016-10-17,45.94908905029297,57.56999969482422,57.959999084472656,56.400001525878906,56.54999923706055,3310500
2016-10-18,45.85331344604492,57.45000076293945,58.220001220703125,57.380001068115234,58.119998931884766,2521700
2016-10-19,46.41999435424805,58.15999984741211,58.439998626708984,57.099998474121094,57.5,2167200
2016-10-20,46.21247482299805,57.900001525878906,58.290000915527344,57.58000183105469,57.869998931884766,2893900
2016-10-21,45.62184524536133,57.15999984741211,58.0099983215332,57.099998474121094,57.779998779296875,3277500
2016-10-24,46.25239562988281,57.95000076293945,58.04999923706055,57.38999938964844,57.40999984741211,2652700
2016-10-25,46.29228591918945,58.0,58.33000183105469,57.45000076293945,57.72999954223633,2020000
2016-10-26,46.308250427246094,58.02000045776367,58.72999954223633,57.56999969482422,57.7400016784668,2186000
2016-10-27,45.52607345581055,57.040000915527344,58.0,56.619998931884766,58.0,3088300
2016-10-28,46.092750549316406,57.75,58.130001068115234,57.04999923706055,57.04999923706055,3023300
2016-10-31,46.196510314941406,57.880001068115234,58.400001525878906,57.630001068115234,57.91999816894531,2123000
2016-11-01,46.79511642456055,58.630001068115234,59.47999954223633,58.15999984741211,58.47999954223633,5447300
2016-11-02,45.965057373046875,57.59000015258789,58.66999816894531,57.040000915527344,58.43000030517578,3994400
2016-11-03,45.286643981933594,56.7400016784668,57.79999923706055,56.31999969482422,57.310001373291016,6168500
2016-11-04,47.15427017211914,59.08000183105469,59.970001220703125,58.65999984741211,59.16999816894531,7782500
2016-11-07,47.002620697021484,58.88999938964844,60.099998474121094,58.54999923706055,60.0099983215332,5180500
2016-11-08,47.47352600097656,59.47999954223633,59.529998779296875,58.5099983215332,58.83000183105469,4576400
2016-11-09,47.6571159362793,59.709999084472656,59.900001525878906,58.709999084472656,58.779998779296875,4056800
2016-11-10,46.7631950378418,58.59000015258789,60.560001373291016,58.52000045776367,59.97999954223633,5118400
2016-11-11,46.29228591918945,58.0,58.61000061035156,57.33000183105469,58.5,3534200
2016-11-14,45.52607345581055,57.040000915527344,58.08000183105469,56.13999938964844,57.70000076293945,4464900
2016-11-15,47.050533294677734,58.95000076293945,59.209999084472656,56.880001068115234,57.04999923706055,4432300
2016-11-16,46.41201400756836,58.150001525878906,58.95000076293945,57.68000030517578,58.66999816894531,3628900
2016-11-17,47.728939056396484,59.79999923706055,60.38999938964844,58.720001220703125,58.77000045776367,5681800
2016-11-18,48.35948181152344,60.59000015258789,60.95000076293945,60.029998779296875,60.029998779296875,3818600
2016-11-21,49.253395080566406,61.709999084472656,62.400001525878906,61.279998779296875,61.95000076293945,5571500
2016-11-22,50.019622802734375,62.66999816894531,62.779998779296875,61.2400016784668,61.900001525878906,4002100
2016-11-23,49.82008361816406,62.41999816894531,62.709999084472656,62.04999923706055,62.290000915527344,2315900
2016-11-25,50.15530776977539,62.84000015258789,62.95000076293945,62.279998779296875,62.310001373291016,1265700
2016-11-28,49.92384719848633,62.54999923706055,63.380001068115234,62.529998779296875,62.97999954223633,3656200
2016-11-29,49.604583740234375,62.150001525878906,62.86000061035156,62.099998474121094,62.5,2710100
2016-11-30,50.019622802734375,62.66999816894531,62.869998931884766,62.209999084472656,62.56999969482422,3991500
2016-12-01,49.6285285949707,62.18000030517578,62.630001068115234,60.369998931884766,62.560001373291016,7290900
2016-12-02,48.678741455078125,60.9900016784668,62.349998474121094,60.95000076293945,61.529998779296875,6028000
2016-12-05,48.78250503540039,61.119998931884766,61.9900016784668,60.869998931884766,61.630001068115234,3640000
2016-12-06,49.8599853515625,62.470001220703125,62.790000915527344,61.349998474121094,61.70000076293945,4268500
2016-12-07,50.0275993347168,62.68000030517578,62.79999923706055,61.90999984741211,62.5099983215332,4313000
2016-12-08,43.63447189331055,54.66999816894531,62.7400016784668,54.0,62.70000076293945,21682200
2016-12-09,44.169227600097656,55.34000015258789,58.349998474121094,55.20000076293945,58.209999084472656,16817700
2016-12-12,44.79975509643555,56.130001068115234,56.41999816894531,55.529998779296875,55.900001525878906,8353300
2016-12-13,46.172569274902344,57.849998474121094,58.25,56.810001373291016,57.720001220703125,7900900
2016-12-14,46.060829162597656,57.709999084472656,59.150001525878906,56.86000061035156,57.869998931884766,7086100
2016-12-15,44.84765625,56.189998626708984,57.75,56.02000045776367,57.52000045776367,5977000
2016-12-16,45.50212860107422,57.0099983215332,57.58000183105469,56.689998626708984,56.84000015258789,7032000
2016-12-19,44.21684646606445,54.70000076293945,56.290000915527344,54.540000915527344,56.119998931884766,6257700
2016-12-20,43.86117935180664,54.2599983215332,55.130001068115234,53.83000183105469,54.9900016784668,6465700
2016-12-21,44.07135009765625,54.52000045776367,54.77000045776367,53.79999923706055,54.5,3981900
2016-12-22,43.828853607177734,54.220001220703125,54.5099983215332,53.9900016784668,54.5,2924000
2016-12-23,43.853092193603516,54.25,54.56999969482422,54.0,54.029998779296875,1905500
2016-12-27,43.804588317871094,54.189998626708984,54.58000183105469,54.029998779296875,54.310001373291016,2125300
2016-12-28,43.54591751098633,53.869998931884766,54.33000183105469,53.810001373291016,54.099998474121094,1819700
2016-12-29,43.69950485229492,54.060001373291016,54.220001220703125,53.59000015258789,53.93000030517578,1608500
2016-12-30,43.17407989501953,53.40999984741211,54.38999938964844,53.06999969482422,54.380001068115234,3336400
2017-01-03,43.109405517578125,53.33000183105469,53.7400016784668,52.540000915527344,53.619998931884766,6503200
2017-01-04,44.44318771362305,54.97999954223633,55.0,53.52000045776367,53.70000076293945,5336700
2017-01-05,44.52403259277344,55.08000183105469,55.77000045776367,55.02000045776367,55.18000030517578,3978400
2017-01-06,44.83928298950195,55.470001220703125,55.630001068115234,54.58000183105469,54.849998474121094,3248300
2017-01-09,45.03329086303711,55.709999084472656,56.31999969482422,55.54999923706055,56.130001068115234,4363000
2017-01-10,45.76079559326172,56.61000061035156,57.459999084472656,55.63999938964844,56.0,5579200
2017-01-11,45.01712417602539,55.689998626708984,56.720001220703125,55.150001525878906,56.68000030517578,3669700
2017-01-12,44.831207275390625,55.459999084472656,55.97999954223633,54.86000061035156,55.7400016784668,2608100
2017-01-13,44.685699462890625,55.279998779296875,55.79999923706055,55.150001525878906,55.400001525878906,2033900
2017-01-17,45.25962829589844,55.9900016784668,56.7400016784668,55.06999969482422,55.09000015258789,4807900
2017-01-18,45.30004119873047,56.040000915527344,56.40999984741211,55.560001373291016,56.29999923706055,2761700
2017-01-19,45.13837814331055,55.84000015258789,56.41999816894531,55.689998626708984,56.099998474121094,2023700
2017-01-20,45.057533264160156,55.7400016784668,56.209999084472656,55.54999923706055,55.849998474121094,2193400
2017-01-23,44.83928298950195,55.470001220703125,56.400001525878906,55.310001373291016,55.81999969482422,3423000
2017-01-24,45.23537826538086,55.959999084472656,56.04999923706055,55.36000061035156,55.720001220703125,3941800
2017-01-25,45.79314422607422,56.650001525878906,56.75,56.04999923706055,56.439998626708984,5757200
2017-01-26,42.36572265625,52.40999984741211,55.38999938964844,51.900001525878906,54.709999084472656,17091800
2017-01-27,43.10132598876953,53.31999969482422,53.779998779296875,52.70000076293945,52.75,8064300
2017-01-30,42.68098068237305,52.79999923706055,53.5,52.63999938964844,53.0,4023400
2017-01-31,42.503150939941406,52.58000183105469,53.029998779296875,52.27000045776367,52.720001220703125,3394400
2017-02-01,41.83221435546875,51.75,52.2599983215332,51.470001220703125,52.189998626708984,5836300
2017-02-02,41.78370666503906,51.689998626708984,51.95000076293945,51.54999923706055,51.7599983215332,3946000
2017-02-03,41.88072204589844,51.810001373291016,52.25,51.709999084472656,51.900001525878906,3640300
2017-02-06,42.018131256103516,51.97999954223633,52.45000076293945,51.83000183105469,52.16999816894531,2458500
2017-02-07,41.985801696777344,51.939998626708984,52.0099983215332,51.5099983215332,51.939998626708984,2848800
2017-02-08,42.1474723815918,52.13999938964844,52.369998931884766,51.630001068115234,51.810001373291016,2913100
2017-02-09,42.78607177734375,52.93000030517578,53.279998779296875,52.13999938964844,52.13999938964844,5184900
2017-02-10,42.632484436035156,52.7400016784668,53.310001373291016,52.650001525878906,53.27000045776367,2378400
2017-02-13,42.971988677978516,53.15999984741211,53.349998474121094,52.650001525878906,52.849998474121094,2893000
2017-02-14,42.89114761352539,53.060001373291016,54.2599983215332,52.779998779296875,53.79999923706055,3362700
2017-02-15,42.842655181884766,53.0,53.2400016784668,52.72999954223633,53.099998474121094,2811200
2017-02-16,42.44654846191406,52.5099983215332,53.099998474121094,52.130001068115234,53.099998474121094,4684300
2017-02-17,42.05854034423828,52.029998779296875,52.41999816894531,51.849998474121094,52.150001525878906,3045000
2017-02-21,42.06663513183594,52.040000915527344,52.29999923706055,51.83000183105469,52.189998626708984,2277700
2017-02-22,42.01005172729492,51.970001220703125,52.209999084472656,51.689998626708984,52.040000915527344,2108600
2017-02-23,41.84838104248047,51.77000045776367,52.36000061035156,51.70000076293945,52.08000183105469,2412700
2017-02-24,42.17171859741211,52.16999816894531,52.20000076293945,51.349998474121094,51.5099983215332,2432300
2017-02-27,42.769901275634766,52.90999984741211,52.97999954223633,51.900001525878906,52.16999816894531,3463400
2017-02-28,42.80222702026367,52.95000076293945,53.400001525878906,52.79999923706055,52.90999984741211,3081900
2017-03-01,44.42702102661133,54.959999084472656,55.33000183105469,54.43000030517578,54.650001525878906,7705900
2017-03-02,43.37616729736328,53.65999984741211,54.900001525878906,53.310001373291016,54.900001525878906,5064400
2017-03-03,43.52166748046875,53.84000015258789,53.90999984741211,53.08000183105469,53.529998779296875,3150500
2017-03-06,43.90159606933594,54.310001373291016,54.52000045776367,53.68000030517578,53.709999084472656,2974500
2017-03-07,43.89351272583008,54.29999923706055,54.36000061035156,53.849998474121094,54.25,3265100
2017-03-08,43.63483810424805,53.97999954223633,54.619998931884766,53.95000076293945,54.27000045776367,2267600
2017-03-09,43.44892120361328,53.75,54.20000076293945,53.380001068115234,53.95000076293945,2444800
2017-03-10,43.82075500488281,54.209999084472656,54.45000076293945,53.95000076293945,53.970001220703125,2581600
2017-03-13,44.596771240234375,55.16999816894531,55.439998626708984,54.380001068115234,54.38999938964844,3961700
2017-03-14,44.91203689575195,55.560001373291016,56.06999969482422,55.0,55.15999984741211,3706100
2017-03-15,45.34854507446289,56.099998474121094,56.279998779296875,55.310001373291016,55.70000076293945,3603300
2017-03-16,45.68805694580078,56.52000045776367,56.7400016784668,55.189998626708984,56.0099983215332,5761500
2017-03-17,46.213478088378906,57.16999816894531,57.5,56.41999816894531,56.65999984741211,5484100
2017-03-20,46.36707305908203,57.36000061035156,57.91999816894531,57.130001068115234,57.47999954223633,5675500
2017-03-21,45.785736083984375,55.91999816894531,57.5,55.79999923706055,56.650001525878906,4341300
2017-03-22,45.73661422729492,55.86000061035156,56.25,55.630001068115234,55.7400016784668,2998700
2017-03-23,45.51554870605469,55.59000015258789,56.11000061035156,55.5,55.79999923706055,2609800
2017-03-24,45.54010009765625,55.619998931884766,55.970001220703125,55.22999954223633,55.970001220703125,1999500
2017-03-27,46.36707305908203,56.630001068115234,56.95000076293945,54.709999084472656,55.029998779296875,3301600
2017-03-28,46.61269760131836,56.93000030517578,57.45000076293945,56.54999923706055,56.650001525878906,2985600
2017-03-29,46.87471008300781,57.25,57.34000015258789,56.70000076293945,56.720001220703125,2836000
2017-03-30,46.694580078125,57.029998779296875,57.540000915527344,57.0,57.29999923706055,2469600
2017-03-31,46.727325439453125,57.06999969482422,57.220001220703125,56.59000015258789,56.7599983215332,1973100
2017-04-03,46.817405700683594,57.18000030517578,58.47999954223633,56.83000183105469,57.97999954223633,6519600
2017-04-04,46.39981460571289,56.66999816894531,57.060001373291016,56.38999938964844,56.970001220703125,2888800
2017-04-05,45.99043273925781,56.16999816894531,57.33000183105469,56.099998474121094,56.959999084472656,3583500
2017-04-06,46.40800476074219,56.68000030517578,57.04999923706055,56.13999938964844,56.20000076293945,2761500
2017-04-07,46.01499557495117,56.20000076293945,56.900001525878906,56.040000915527344,56.560001373291016,3132100
2017-04-10,45.490989685058594,55.560001373291016,56.279998779296875,55.18000030517578,56.2599983215332,4896100
2017-04-11,45.974056243896484,56.150001525878906,56.290000915527344,55.41999816894531,55.70000076293945,2868200
2017-04-12,46.26881408691406,56.5099983215332,56.72999954223633,56.119998931884766,56.2599983215332,2674800
2017-04-13,45.76935577392578,55.900001525878906,56.939998626708984,55.720001220703125,56.5,2513500
2017-04-17,46.21150207519531,56.439998626708984,56.77000045776367,55.70000076293945,55.939998626708984,3024800
2017-04-18,46.563568115234375,56.869998931884766,57.04999923706055,56.06999969482422,56.15999984741211,3170800
2017-04-19,46.41619110107422,56.689998626708984,56.880001068115234,56.31999969482422,56.83000183105469,2637500
2017-04-20,47.300472259521484,57.77000045776367,57.939998626708984,56.849998474121094,57.099998474121094,3622300
2017-04-21,46.98115539550781,57.380001068115234,57.77000045776367,56.959999084472656,57.77000045776367,2722200
2017-04-24,47.20222091674805,57.650001525878906,58.0,57.189998626708984,57.84000015258789,2942000
2017-04-25,47.87360382080078,58.470001220703125,58.81999969482422,57.83000183105469,57.88999938964844,3674000
2017-04-26,48.52043533325195,59.2599983215332,59.599998474121094,58.72999954223633,59.599998474121094,7849500
2017-04-27,48.4713134765625,59.20000076293945,59.849998474121094,57.310001373291016,57.7400016784668,7873300
2017-04-28,48.29937744140625,58.9900016784668,59.5,58.63999938964844,59.310001373291016,4141400
2017-05-01,48.62687301635742,59.38999938964844,59.849998474121094,58.86000061035156,59.279998779296875,3437100
2017-05-02,48.463130950927734,59.189998626708984,59.7400016784668,59.16999816894531,59.470001220703125,2684600
2017-05-03,48.56138229370117,59.310001373291016,59.36000061035156,58.779998779296875,59.220001220703125,2237300
2017-05-04,47.89817428588867,58.5,59.540000915527344,58.4900016784668,59.4900016784668,2609500
2017-05-05,48.10287094116211,58.75,58.939998626708984,57.88999938964844,58.38999938964844,4270000
2017-05-08,46.83376693725586,57.20000076293945,57.970001220703125,56.810001373291016,57.90999984741211,4730200
2017-05-09,47.521549224853516,58.040000915527344,58.29999923706055,57.33000183105469,57.47999954223633,3084700
2017-05-10,47.758975982666016,58.33000183105469,58.529998779296875,57.83000183105469,57.9900016784668,2842700
2017-05-11,47.046653747558594,57.459999084472656,58.29999923706055,57.369998931884766,58.25,3400300
2017-05-12,48.02098846435547,58.650001525878906,59.13999938964844,58.09000015258789,58.099998474121094,4192000
2017-05-15,47.734413146972656,58.29999923706055,58.70000076293945,58.130001068115234,58.650001525878906,2662300
2017-05-16,47.57067108154297,58.099998474121094,58.720001220703125,57.81999969482422,58.25,3220800
2017-05-17,46.53900909423828,56.84000015258789,57.65999984741211,56.75,57.630001068115234,4702900
2017-05-18,46.54719543457031,56.849998474121094,57.459999084472656,56.33000183105469,56.459999084472656,3643600
2017-05-19,46.48169708251953,56.77000045776367,57.720001220703125,56.540000915527344,57.0099983215332,3950100
2017-05-22,47.2431526184082,57.70000076293945,57.97999954223633,57.25,57.47999954223633,4428600
2017-05-23,47.10395812988281,57.529998779296875,58.560001373291016,57.369998931884766,57.900001525878906,2673400
2017-05-24,47.10395812988281,57.529998779296875,57.75,57.380001068115234,57.470001220703125,1749600
2017-05-25,47.44784927368164,57.95000076293945,58.099998474121094,57.310001373291016,57.5,2303200
2017-05-26,47.50516128540039,58.02000045776367,58.4900016784668,57.81999969482422,58.040000915527344,1740900
2017-05-30,48.061920166015625,58.70000076293945,58.95000076293945,58.040000915527344,58.040000915527344,3143100
2017-05-31,48.41400146484375,59.130001068115234,59.470001220703125,58.209999084472656,58.90999984741211,4644500
2017-06-01,50.8048095703125,62.04999923706055,62.36000061035156,59.54999923706055,59.560001373291016,9716000
2017-06-02,51.21419906616211,62.54999923706055,62.7599983215332,61.630001068115234,62.0,4715600
2017-06-05,51.09957504272461,62.40999984741211,62.77000045776367,62.0,62.470001220703125,3044300
2017-06-06,52.123043060302734,63.65999984741211,64.16000366210938,62.029998779296875,62.310001373291016,5598700
2017-06-07,52.28679275512695,63.86000061035156,63.970001220703125,63.11000061035156,63.65999984741211,3272400
2017-06-08,52.91724395751953,64.62999725341797,64.70999908447266,63.560001373291016,63.79999923706055,3905300
2017-06-09,52.14759063720703,63.689998626708984,64.88999938964844,62.5099983215332,64.55000305175781,4220200
2017-06-12,52.360477447509766,63.95000076293945,64.13999938964844,62.880001068115234,63.68000030517578,2793700
2017-06-13,53.113746643066406,64.87000274658203,65.30000305175781,64.36000061035156,64.36000061035156,3174200
2017-06-14,53.416690826416016,65.23999786376953,65.58999633789062,64.55000305175781,64.63999938964844,3874200
2017-06-15,53.03186798095703,64.7699966430664,64.97000122070312,64.33000183105469,64.5999984741211,2251200
2017-06-16,53.212005615234375,64.98999786376953,65.12000274658203,64.52999877929688,64.97000122070312,3131900
2017-06-19,54.1372184753418,66.12000274658203,66.22000122070312,65.31999969482422,65.52999877929688,4092400
2017-06-20,53.499725341796875,64.62000274658203,65.19999694824219,64.31999969482422,65.08999633789062,2969400
2017-06-21,53.45833206176758,64.56999969482422,64.69999694824219,64.27999877929688,64.38999938964844,1832900
2017-06-22,53.26789855957031,64.33999633789062,64.69000244140625,64.16000366210938,64.58999633789062,1583900
2017-06-23,53.78948974609375,64.97000122070312,64.9800033569336,63.77000045776367,64.30000305175781,2254000
2017-06-26,53.392093658447266,64.48999786376953,65.30000305175781,64.23999786376953,64.9800033569336,2568700
2017-06-27,53.10232162475586,64.13999938964844,65.0999984741211,64.08000183105469,64.62999725341797,2054700
2017-06-28,53.772926330566406,64.94999694824219,65.0999984741211,64.19000244140625,64.4800033569336,1897300
2017-06-29,52.58073806762695,63.5099983215332,64.9000015258789,62.880001068115234,64.8499984741211,2751600
2017-06-30,52.89533996582031,63.88999938964844,64.33999633789062,63.33000183105469,63.599998474121094,2483500
2017-07-03,51.8521842956543,62.630001068115234,63.459999084472656,62.119998931884766,63.29999923706055,2667100
2017-07-05,51.96808624267578,62.77000045776367,63.060001373291016,62.2599983215332,62.65999984741211,2316100
2017-07-06,50.958038330078125,61.54999923706055,62.54999923706055,61.45000076293945,62.25,3215700
2017-07-07,51.140167236328125,61.77000045776367,61.9900016784668,61.290000915527344,61.7599983215332,5525900
2017-07-10,51.47133255004883,62.16999816894531,62.54999923706055,61.54999923706055,61.7599983215332,3038100
2017-07-11,51.2395133972168,61.88999938964844,62.5,61.56999969482422,62.2599983215332,2100300
2017-07-12,51.562400817871094,62.279998779296875,62.689998626708984,62.06999969482422,62.06999969482422,1733700
2017-07-13,51.47133255004883,62.16999816894531,62.65999984741211,61.58000183105469,62.65999984741211,2514900
2017-07-14,50.56063461303711,61.06999969482422,61.310001373291016,59.70000076293945,60.18000030517578,5870600
2017-07-17,50.61859130859375,61.13999938964844,61.27000045776367,60.380001068115234,61.0,2807900
2017-07-18,51.71971130371094,62.470001220703125,62.810001373291016,61.29999923706055,61.63999938964844,2907700
2017-07-19,51.26435089111328,61.91999816894531,62.66999816894531,61.52000045776367,62.619998931884766,2166800
2017-07-20,51.46305465698242,62.15999984741211,62.369998931884766,61.75,62.150001525878906,2067600
2017-07-21,51.62863540649414,62.36000061035156,62.77000045776367,62.25,62.25,1761000
2017-07-24,51.91841125488281,62.709999084472656,63.41999816894531,62.470001220703125,62.56999969482422,2577300
2017-07-25,51.84389877319336,62.619998931884766,63.0,61.900001525878906,62.970001220703125,4178700
2017-07-26,51.040828704833984,61.650001525878906,62.7400016784668,61.650001525878906,62.0,5064400
2017-07-27,51.55412673950195,62.27000045776367,62.900001525878906,60.900001525878906,61.459999084472656,4247300
2017-07-28,50.73448944091797,61.279998779296875,62.83000183105469,60.0,62.189998626708984,2928600
2017-07-31,51.0077018737793,61.61000061035156,62.63999938964844,61.61000061035156,61.650001525878906,4122200
2017-08-01,50.69309616088867,61.22999954223633,62.380001068115234,61.08000183105469,62.099998474121094,3092400
2017-08-02,50.1218376159668,60.540000915527344,61.59000015258789,60.0099983215332,61.439998626708984,3664800
2017-08-03,50.32053756713867,60.779998779296875,61.09000015258789,60.31999969482422,60.540000915527344,2124400
2017-08-04,50.47784423828125,60.970001220703125,61.59000015258789,60.369998931884766,60.7400016784668,1898200
2017-08-07,50.56063461303711,61.06999969482422,61.72999954223633,60.93000030517578,61.220001220703125,2437800
2017-08-08,50.50267791748047,61.0,61.75,60.7599983215332,61.189998626708984,3351500
2017-08-09,50.32053756713867,60.779998779296875,60.90999984741211,60.369998931884766,60.61000061035156,3295500
2017-08-10,49.8072395324707,60.15999984741211,61.189998626708984,60.099998474121094,60.61000061035156,4397600
2017-08-11,49.393272399902344,59.65999984741211,60.369998931884766,59.4900016784668,60.02000045776367,3053500
2017-08-14,50.32881546020508,60.790000915527344,60.900001525878906,60.02000045776367,60.130001068115234,3118800
2017-08-15,51.21467971801758,61.86000061035156,61.970001220703125,60.900001525878906,61.02000045776367,2895600
2017-08-16,50.94976043701172,61.540000915527344,62.25,61.290000915527344,62.02000045776367,2091800
2017-08-17,49.76583480834961,60.11000061035156,61.81999969482422,60.029998779296875,61.5,2876400
2017-08-18,49.683040618896484,60.0099983215332,60.40999984741211,59.15999984741211,59.95000076293945,2830200
2017-08-21,49.88173294067383,60.25,60.52000045776367,59.810001373291016,60.2400016784668,2077800
2017-08-22,50.14667510986328,60.56999969482422,61.18000030517578,60.38999938964844,60.400001525878906,2103200
2017-08-23,49.58369827270508,59.88999938964844,60.33000183105469,59.54999923706055,59.84000015258789,1894300
2017-08-24,49.87345886230469,60.2400016784668,60.310001373291016,59.720001220703125,59.939998626708984,1527100
2017-08-25,49.774105072021484,60.119998931884766,60.40999984741211,59.59000015258789,59.849998474121094,1542300
2017-08-28,49.90658187866211,60.279998779296875,60.52000045776367,59.849998474121094,60.45000076293945,2313100
2017-08-29,50.262577056884766,60.709999084472656,60.84000015258789,59.91999816894531,59.9900016784668,1548300
2017-08-30,50.13840103149414,60.560001373291016,60.97999954223633,60.369998931884766,60.900001525878906,1297400
2017-08-31,51.50445556640625,62.209999084472656,62.27000045776367,60.68000030517578,60.849998474121094,2837500
2017-09-01,52.05086898803711,62.869998931884766,63.20000076293945,62.33000183105469,63.0,2591400
2017-09-05,51.87702560424805,62.65999984741211,63.25,61.869998931884766,62.540000915527344,2193300
2017-09-06,52.37376403808594,63.2599983215332,63.58000183105469,62.77000045776367,62.86000061035156,2634900
2017-09-07,52.48139190673828,63.38999938964844,63.869998931884766,63.2599983215332,63.459999084472656,2250900
2017-09-08,52.25785446166992,63.119998931884766,63.56999969482422,62.900001525878906,63.47999954223633,1956500
2017-09-11,53.21823501586914,64.27999877929688,64.38999938964844,63.29999923706055,63.310001373291016,3002600
2017-09-12,53.38381576538086,64.4800033569336,64.66999816894531,63.66999816894531,64.25,2152600
2017-09-13,53.3506965637207,64.44000244140625,64.76000213623047,63.90999984741211,64.45999908447266,2236300
2017-09-14,53.0609245300293,64.08999633789062,64.37999725341797,63.790000915527344,64.31999969482422,3079300
2017-09-15,52.365478515625,63.25,63.900001525878906,63.20000076293945,63.86000061035156,2957800
2017-09-18,52.680091857910156,63.630001068115234,64.02999877929688,63.400001525878906,63.47999954223633,2339800
2017-09-19,53.42520523071289,64.52999877929688,64.91000366210938,63.849998474121094,63.970001220703125,2990600
2017-09-20,53.2828483581543,63.630001068115234,64.04000091552734,62.95000076293945,63.93000030517578,2742600
2017-09-21,53.27448272705078,63.619998931884766,63.95000076293945,63.2400016784668,63.630001068115234,2045100
2017-09-22,53.23260498046875,63.56999969482422,64.01000213623047,63.36000061035156,63.5,1344400
2017-09-25,52.17750930786133,62.310001373291016,63.459999084472656,62.290000915527344,63.119998931884766,2174900
2017-09-26,52.897647857666016,63.16999816894531,63.31999969482422,62.439998626708984,62.869998931884766,1378500
2017-09-27,53.72666549682617,64.16000366210938,64.30999755859375,63.290000915527344,63.470001220703125,2428500
2017-09-28,53.291221618652344,63.63999938964844,64.0999984741211,63.4900016784668,64.04000091552734,2645700
2017-09-29,53.72666549682617,64.16000366210938,64.63999938964844,63.849998474121094,64.1500015258789,2271100
2017-10-02,54.40496063232422,64.97000122070312,65.37999725341797,62.81999969482422,63.099998474121094,4541400
2017-10-03,54.337955474853516,64.88999938964844,65.44999694824219,64.47000122070312,65.0,2170900
2017-10-04,54.480308532714844,65.05999755859375,65.4000015258789,64.45999908447266,64.88999938964844,2359800
2017-10-05,54.46356964111328,65.04000091552734,65.88999938964844,64.80000305175781,65.05000305175781,2233000
2017-10-06,53.81040573120117,64.26000213623047,64.58999633789062,63.470001220703125,64.06999969482422,2792600
2017-10-09,53.307979583740234,63.65999984741211,63.939998626708984,63.0099983215332,63.7599983215332,2969600
2017-10-10,53.056758880615234,63.36000061035156,64.43000030517578,63.27000045776367,64.13999938964844,2743300
2017-10-11,53.02326202392578,63.31999969482422,63.83000183105469,63.209999084472656,63.43000030517578,1946800
2017-10-12,51.64994430541992,61.68000030517578,63.45000076293945,61.529998779296875,63.099998474121094,5107200
2017-10-13,51.92628479003906,62.0099983215332,62.439998626708984,60.91999816894531,61.790000915527344,4231500
2017-10-16,52.58782196044922,62.79999923706055,63.290000915527344,62.2400016784668,62.380001068115234,3144100
2017-10-17,52.17750930786133,62.310001373291016,62.720001220703125,62.06999969482422,62.599998474121094,1901000
2017-10-18,51.82579803466797,61.88999938964844,62.529998779296875,61.86000061035156,62.31999969482422,2000200
2017-10-19,52.2026252746582,62.34000015258789,62.439998626708984,61.209999084472656,61.4900016784668,2307800
2017-10-20,52.49570846557617,62.689998626708984,62.810001373291016,62.279998779296875,62.689998626708984,2128600
2017-10-23,52.864158630371094,63.130001068115234,63.650001525878906,62.54999923706055,62.61000061035156,3120000
2017-10-24,52.88091278076172,63.150001525878906,63.47999954223633,62.810001373291016,63.349998474121094,2883200
2017-10-25,52.679931640625,62.90999984741211,64.30999755859375,62.54999923706055,63.209999084472656,3776900
2017-10-26,52.40359878540039,62.58000183105469,64.19999694824219,60.880001068115234,64.0,5236100
2017-10-27,51.70857238769531,61.75,62.599998474121094,60.849998474121094,62.58000183105469,4075900
2017-10-30,51.465721130371094,61.459999084472656,61.86000061035156,60.880001068115234,61.63999938964844,2225700
2017-10-31,53.07350540161133,63.380001068115234,63.75,62.08000183105469,62.779998779296875,3876700
2017-11-01,53.90251922607422,64.37000274658203,65.0,64.16999816894531,65.0,4626400
2017-11-02,54.34634017944336,64.9000015258789,65.16999816894531,64.19999694824219,64.3499984741211,3066400
2017-11-03,55.16697692871094,65.87999725341797,65.93000030517578,64.41000366210938,64.58999633789062,3493300
2017-11-06,55.72802734375,66.55000305175781,67.37999725341797,65.80000305175781,65.87000274658203,3201600
2017-11-07,56.389556884765625,67.33999633789062,68.41000366210938,67.2699966430664,67.66999816894531,3422000
2017-11-08,56.85849380493164,67.9000015258789,67.9800033569336,67.01000213623047,67.3499984741211,3387900
2017-11-09,56.45653533935547,67.41999816894531,67.94999694824219,66.8499984741211,67.37000274658203,2952600
2017-11-10,56.439788818359375,67.4000015258789,67.83999633789062,67.2699966430664,67.43000030517578,1877700
2017-11-13,56.314178466796875,67.25,67.72000122070312,66.88999938964844,67.19999694824219,3620500
2017-11-14,56.330928802490234,67.2699966430664,67.44000244140625,66.31999969482422,66.95999908447266,2364700
2017-11-15,55.476810455322266,66.25,66.75,64.5,66.72000122070312,2033500
2017-11-16,55.836875915527344,66.68000030517578,67.19999694824219,66.48999786376953,66.54000091552734,2511400
2017-11-17,55.68614196777344,66.5,67.04000091552734,66.33999633789062,66.69999694824219,1573000
2017-11-20,56.17183303833008,67.08000183105469,67.45999908447266,66.80999755859375,66.8499984741211,2067000
2017-11-21,56.76637649536133,67.79000091552734,67.87000274658203,67.16000366210938,67.16000366210938,2538400
2017-11-22,56.691017150878906,67.69999694824219,67.9000015258789,67.38999938964844,67.55999755859375,1887000
2017-11-24,56.649147033691406,67.6500015258789,67.94000244140625,67.47000122070312,67.69000244140625,749200
2017-11-27,56.74126052856445,67.76000213623047,67.91999816894531,67.44999694824219,67.55999755859375,1424600
2017-11-28,57.243682861328125,68.36000061035156,68.44000244140625,67.5,67.66999816894531,4138500
2017-11-29,56.57378005981445,67.55999755859375,68.5,67.0199966430664,68.48999786376953,2866700
2017-11-30,58.0224609375,69.29000091552734,69.30999755859375,67.1500015258789,67.5,3992000
2017-12-01,58.483001708984375,69.83999633789062,70.45999908447266,68.48999786376953,69.69000244140625,3352700
2017-12-04,58.432777404785156,69.77999877929688,70.31999969482422,69.45999908447266,70.18000030517578,2702900
2017-12-05,58.148075103759766,69.44000244140625,70.23999786376953,69.0199966430664,69.5,1894200
2017-12-06,57.57026672363281,68.75,69.30999755859375,68.22000122070312,69.19000244140625,2797300
2017-12-07,58.28205108642578,69.5999984741211,69.70999908447266,68.7300033569336,68.94000244140625,1829100
2017-12-08,58.918460845947266,70.36000061035156,70.83999633789062,69.91999816894531,69.9800033569336,2842100
2017-12-11,59.513004302978516,71.06999969482422,71.41999816894531,70.55000305175781,71.12999725341797,3152900
2017-12-12,58.68398666381836,70.08000183105469,71.0,70.01000213623047,71.0,2105600
2017-12-13,59.31203079223633,70.83000183105469,70.94000244140625,70.19999694824219,70.76000213623047,3622700
2017-12-14,59.07755661010742,70.55000305175781,71.19999694824219,70.48999786376953,70.88999938964844,2265100
2017-12-15,59.035682678222656,70.5,70.80000305175781,70.0999984741211,70.66000366210938,2190600
2017-12-18,59.55487060546875,71.12000274658203,71.5999984741211,70.25,70.81999969482422,3475900
2017-12-19,60.26664733886719,71.97000122070312,72.19999694824219,71.37999725341797,71.43000030517578,3382100
2017-12-20,59.860591888427734,70.76000213623047,71.18000030517578,70.5,71.0999984741211,3554800
2017-12-21,59.471439361572266,70.30000305175781,70.97000122070312,70.19999694824219,70.83999633789062,3277900
2017-12-22,58.99769592285156,69.73999786376953,70.12000274658203,69.52999877929688,70.12000274658203,2196500
2017-12-26,59.32761764526367,70.12999725341797,70.31999969482422,69.5,69.61000061035156,945900
2017-12-27,59.928253173828125,70.83999633789062,70.97000122070312,70.0999984741211,70.19000244140625,1681300
2017-12-28,59.20073699951172,69.9800033569336,70.8499984741211,69.91000366210938,70.61000061035156,1331300
2017-12-29,58.78620910644531,69.48999786376953,70.0,69.45999908447266,69.9800033569336,1863400
2018-01-02,58.4562873840332,69.0999984741211,69.86000061035156,68.5,69.0,2908200
2018-01-03,57.79643630981445,68.31999969482422,69.22000122070312,67.58000183105469,69.12000274658203,4645900
2018-01-04,57.65261459350586,68.1500015258789,68.87999725341797,67.94000244140625,68.66999816894531,3495400
2018-01-05,57.45804214477539,67.91999816894531,68.95999908447266,67.5,68.70999908447266,4004900
2018-01-08,57.52572250366211,68.0,68.66000366210938,67.58000183105469,68.08000183105469,2874900
2018-01-09,58.811588287353516,69.5199966430664,69.73999786376953,68.69999694824219,69.0,2972400
2018-01-10,59.25149154663086,70.04000091552734,70.08999633789062,68.93000030517578,69.11000061035156,2933300
2018-01-11,59.750614166259766,70.62999725341797,70.69999694824219,69.62999725341797,70.25,2901800
2018-01-12,60.080543518066406,71.0199966430664,71.23999786376953,70.48999786376953,70.70999908447266,2914800
2018-01-16,61.476375579833984,72.66999816894531,73.9800033569336,72.05999755859375,73.16000366210938,4980600
2018-01-17,62.18699264526367,73.51000213623047,74.16000366210938,72.87999725341797,72.98999786376953,4289000
2018-01-18,62.37310028076172,73.7300033569336,74.25,73.05999755859375,73.52999877929688,3654200
2018-01-19,63.0329704284668,74.51000213623047,75.0,73.77999877929688,73.81999969482422,3396000
2018-01-22,65.22400665283203,77.0999984741211,77.27999877929688,75.1500015258789,75.62000274658203,6841400
2018-01-23,65.69776153564453,77.66000366210938,78.56999969482422,77.16000366210938,77.4000015258789,4591800
2018-01-24,65.51162719726562,77.44000244140625,78.55999755859375,77.2300033569336,77.81999969482422,6287700
2018-01-25,63.75204086303711,75.36000061035156,77.5,74.69999694824219,77.08999633789062,7026800
2018-01-26,63.87046813964844,75.5,76.08000183105469,74.5199966430664,75.80999755859375,7810300
2018-01-29,66.85672760009766,79.02999877929688,79.83999633789062,75.12999725341797,75.2699966430664,8797300
2018-01-30,66.3068618774414,78.37999725341797,79.58999633789062,77.9000015258789,78.4000015258789,6925800
2018-01-31,65.57929992675781,77.5199966430664,79.22000122070312,77.13999938964844,78.95999908447266,4886100
2018-02-01,66.16304016113281,78.20999908447266,79.27999877929688,77.19999694824219,77.63999938964844,4567500
2018-02-02,63.599769592285156,75.18000030517578,77.0199966430664,75.0999984741211,76.70999908447266,3755100
2018-02-05,61.23106384277344,72.37999725341797,75.48999786376953,71.94000244140625,74.69000244140625,6098500
2018-02-06,62.694576263427734,74.11000061035156,74.4000015258789,70.55000305175781,71.0999984741211,5975900
2018-02-07,62.119319915771484,73.43000030517578,74.7300033569336,73.19999694824219,74.26000213623047,3779300
2018-02-08,60.055152893066406,70.98999786376953,74.2300033569336,70.87000274658203,74.0999984741211,4681300
2018-02-09,60.06362533569336,71.0,71.62000274658203,68.12999725341797,71.4000015258789,6199900
2018-02-12,60.52044677734375,71.54000091552734,72.58999633789062,70.93000030517578,71.8499984741211,2813800
2018-02-13,61.8824348449707,73.1500015258789,73.25,71.5999984741211,71.5999984741211,4221700
2018-02-14,62.9821891784668,74.44999694824219,74.80999755859375,72.61000061035156,72.66999816894531,2756200
2018-02-15,63.31211853027344,74.83999633789062,75.70999908447266,74.37999725341797,75.29000091552734,2280700
2018-02-16,63.46440505981445,75.0199966430664,75.80999755859375,74.62000274658203,74.91000366210938,1840500
2018-02-20,63.481319427490234,75.04000091552734,75.2699966430664,74.1500015258789,74.31999969482422,2336200
2018-02-21,63.49822998046875,75.05999755859375,76.16999816894531,75.01000213623047,75.22000122070312,1993400
2018-02-22,61.713260650634766,72.94999694824219,75.37999725341797,72.4800033569336,75.04000091552734,4257900
2018-02-23,62.88069534301758,74.33000183105469,74.33000183105469,73.3499984741211,73.41999816894531,1801800
2018-02-26,62.55921936035156,73.94999694824219,74.8499984741211,73.94999694824219,74.56999969482422,2100200
2018-02-27,61.78938293457031,73.04000091552734,74.31999969482422,73.0199966430664,74.19999694824219,2631800
2018-02-28,61.59481430053711,72.80999755859375,73.76000213623047,72.80999755859375,73.29000091552734,2410000
2018-03-01,59.93671417236328,70.8499984741211,72.83000183105469,70.5999984741211,72.5,2900400
2018-03-02,60.49506759643555,71.51000213623047,71.62999725341797,69.26000213623047,70.0,3074700
2018-03-05,60.545799255371094,71.56999969482422,71.81999969482422,69.93000030517578,71.18000030517578,1873700
2018-03-06,61.45100402832031,72.63999938964844,72.93000030517578,71.87999725341797,72.02999877929688,2462600
2018-03-07,61.78938293457031,73.04000091552734,73.36000061035156,71.68000030517578,71.75,2308200
2018-03-08,64.81795501708984,76.62000274658203,77.1500015258789,74.27999877929688,74.5999984741211,5754500
2018-03-09,64.69105529785156,76.47000122070312,77.01000213623047,75.0999984741211,76.61000061035156,3062300
2018-03-12,63.98042678833008,75.62999725341797,77.0,75.44999694824219,76.5999984741211,3269900
2018-03-13,62.48307800292969,73.86000061035156,76.1500015258789,73.44000244140625,75.87000274658203,3147700
2018-03-14,62.51692199707031,73.9000015258789,74.55000305175781,73.23999786376953,74.0,3332300
2018-03-15,63.25291061401367,74.7699966430664,75.30999755859375,73.91999816894531,74.19000244140625,1975700
2018-03-16,63.489776611328125,75.05000305175781,75.16999816894531,74.48999786376953,74.7699966430664,2079100
2018-03-19,63.489776611328125,75.05000305175781,75.27999877929688,74.44999694824219,74.75,2524100
2018-03-20,63.57439041137695,75.1500015258789,75.48999786376953,74.77999877929688,74.9000015258789,1753000
2018-03-21,62.651527404785156,73.31999969482422,74.70999908447266,72.7300033569336,74.02999877929688,2889400
2018-03-22,60.95962142944336,71.33999633789062,72.81999969482422,71.33000183105469,72.73999786376953,3250900
2018-03-23,59.23353958129883,69.31999969482422,71.55000305175781,69.30999755859375,71.3499984741211,3926200
2018-03-26,60.199127197265625,70.44999694824219,71.04000091552734,69.94000244140625,70.5999984741211,5961500
2018-03-27,61.233062744140625,71.66000366210938,73.1500015258789,71.0,71.52999877929688,4180900
2018-03-28,60.48110580444336,70.77999877929688,71.86000061035156,70.36000061035156,71.68000030517578,3150600
2018-03-29,61.43812942504883,71.9000015258789,72.23999786376953,70.83999633789062,71.26000213623047,6249700
2018-04-02,60.310211181640625,70.58000183105469,73.61000061035156,70.05999755859375,72.69999694824219,2704200
2018-04-03,60.62636184692383,70.94999694824219,71.19999694824219,70.05999755859375,71.19999694824219,1972600
2018-04-04,59.848785400390625,70.04000091552734,70.13999938964844,68.45999908447266,69.5,5175800
2018-04-05,60.763092041015625,71.11000061035156,71.9000015258789,70.36000061035156,70.70999908447266,4065500
2018-04-06,59.148101806640625,69.22000122070312,70.75,68.62000274658203,70.2300033569336,2292400
2018-04-09,59.71206283569336,69.87999725341797,70.83000183105469,69.45999908447266,69.70999908447266,2494800
2018-04-10,61.019447326660156,71.41000366210938,71.91000366210938,70.87999725341797,71.11000061035156,3267100
2018-04-11,60.54091262817383,70.8499984741211,71.80999755859375,70.76000213623047,70.87999725341797,1763500
2018-04-12,61.83974838256836,72.37000274658203,72.80000305175781,71.04000091552734,71.2300033569336,4233500
2018-04-13,61.36977767944336,71.81999969482422,73.25,71.52999877929688,73.25,2234000
2018-04-16,62.33536148071289,72.94999694824219,73.26000213623047,71.69000244140625,72.26000213623047,1934500
2018-04-17,62.80533218383789,73.5,74.29000091552734,73.33999633789062,73.70999908447266,2547300
2018-04-18,63.591461181640625,74.41999816894531,75.58000183105469,73.68000030517578,73.68000030517578,3372400
2018-04-19,63.09585189819336,73.83999633789062,75.0,73.83000183105469,75.0,3040600
2018-04-20,63.138607025146484,73.88999938964844,74.48999786376953,73.66000366210938,73.97000122070312,2758600
2018-04-23,63.608577728271484,74.44000244140625,74.9800033569336,73.68000030517578,73.9000015258789,2380700
2018-04-24,63.05315017700195,73.79000091552734,75.0,73.29000091552734,74.9800033569336,2125900
2018-04-25,61.81411361694336,72.33999633789062,73.94999694824219,71.97000122070312,73.41999816894531,4083100
2018-04-26,62.47208023071289,73.11000061035156,74.5,72.55000305175781,73.4000015258789,4937400
2018-04-27,61.80556869506836,72.33000183105469,73.38999938964844,72.18000030517578,73.38999938964844,2282800
2018-04-30,62.66006851196289,73.33000183105469,73.8499984741211,72.83999633789062,72.94999694824219,2653800
2018-05-01,63.96744155883789,74.86000061035156,75.01000213623047,73.61000061035156,73.88999938964844,3493500
2018-05-02,64.3006820678711,75.25,75.69999694824219,74.55999755859375,74.77999877929688,3853900
2018-05-03,64.39470672607422,75.36000061035156,75.68000030517578,73.9800033569336,75.0,2737600
2018-05-04,65.26627349853516,76.37999725341797,76.94999694824219,74.94999694824219,75.0999984741211,2435400
2018-05-07,65.69351196289062,76.87999725341797,77.2699966430664,76.16999816894531,76.75,2886300
2018-05-08,65.48844146728516,76.63999938964844,77.48999786376953,76.3499984741211,76.87999725341797,2907000
2018-05-09,66.55656433105469,77.88999938964844,77.95999908447266,76.66000366210938,76.77999877929688,2052400
2018-05-10,67.50505065917969,79.0,79.62000274658203,77.81999969482422,78.05000305175781,2682900
2018-05-11,66.77017211914062,78.13999938964844,78.83000183105469,77.91999816894531,78.83000183105469,2554400
2018-05-14,66.21476745605469,77.48999786376953,78.63999938964844,76.5199966430664,78.13999938964844,4299100
2018-05-15,66.54801940917969,77.87999725341797,78.0999984741211,76.66000366210938,77.44999694824219,2353800
2018-05-16,66.95816040039062,78.36000061035156,78.69999694824219,77.61000061035156,77.6500015258789,1819100
2018-05-17,66.70182800292969,78.05999755859375,79.2300033569336,77.38999938964844,78.5,2301200
2018-05-18,66.57364654541016,77.91000366210938,78.38999938964844,77.83000183105469,78.05999755859375,2433500
2018-05-21,67.72721099853516,79.26000213623047,79.76000213623047,78.87999725341797,78.97000122070312,2723100
2018-05-22,67.50505065917969,79.0,79.5199966430664,78.80999755859375,79.29000091552734,1724500
2018-05-23,67.76141357421875,79.30000305175781,79.30000305175781,78.08000183105469,78.54000091552734,1823600
2018-05-24,67.76994323730469,79.30999755859375,79.81999969482422,78.88999938964844,79.36000061035156,1549400
2018-05-25,67.80412292480469,79.3499984741211,79.5999984741211,79.0199966430664,79.11000061035156,1533200
2018-05-29,68.00065612792969,79.58000183105469,80.02999877929688,78.70999908447266,78.81999969482422,2057900
2018-05-30,68.58172607421875,80.26000213623047,80.56999969482422,79.72000122070312,80.08999633789062,2245700
2018-05-31,68.88079071044922,80.61000061035156,80.87999725341797,79.91000366210938,80.4000015258789,4598100
2018-06-01,68.76114654541016,80.47000122070312,80.47000122070312,78.91000366210938,79.48999786376953,4074100
2018-06-04,68.20574951171875,79.81999969482422,80.55000305175781,79.23999786376953,80.55000305175781,4313200
2018-06-05,67.24871063232422,78.69999694824219,80.26000213623047,78.5999984741211,79.5,5680400
2018-06-06,67.4195785522461,78.9000015258789,78.98999786376953,77.12000274658203,78.2699966430664,5893600
2018-06-07,66.37712097167969,77.68000030517578,79.16999816894531,77.20999908447266,79.02999877929688,3975400
2018-06-08,66.65054321289062,78.0,78.69999694824219,77.66999816894531,77.95999908447266,3659600
2018-06-11,67.61613464355469,79.12999725341797,79.43000030517578,78.26000213623047,78.33000183105469,4188900
2018-06-12,68.60734558105469,80.29000091552734,80.9000015258789,79.36000061035156,79.38999938964844,4659600
2018-06-13,68.63299560546875,80.31999969482422,80.4800033569336,79.2699966430664,80.0199966430664,3561200
2018-06-14,68.87226104736328,80.5999984741211,81.0,80.12000274658203,80.52999877929688,3424800
2018-06-15,68.67572021484375,80.37000274658203,80.4800033569336,79.44999694824219,80.04000091552734,4950100
2018-06-18,69.44474029541016,81.2699966430664,81.44999694824219,79.5,79.56999969482422,2589700
2018-06-19,68.42705535888672,79.33999633789062,80.44000244140625,79.05000305175781,79.22000122070312,6788600
2018-06-20,69.01350402832031,80.0199966430664,80.98999786376953,79.75,80.02999877929688,4141000
2018-06-21,68.47881317138672,79.4000015258789,80.05000305175781,79.1500015258789,80.0,4388000
2018-06-22,68.82377624511719,79.80000305175781,80.19000244140625,79.54000091552734,80.0,3110000
2018-06-25,65.42570495605469,75.86000061035156,79.31999969482422,75.56999969482422,79.27999877929688,5401400
2018-06-26,66.6072769165039,77.2300033569336,77.61000061035156,75.58999633789062,75.9800033569336,4320200
2018-06-27,65.48609161376953,75.93000030517578,77.88999938964844,75.91999816894531,77.5999984741211,3044100
2018-06-28,65.21873474121094,75.62000274658203,76.33999633789062,75.36000061035156,75.94999694824219,3055100
2018-06-29,65.85694885253906,76.36000061035156,77.1500015258789,76.0999984741211,76.91000366210938,3899200
2018-07-02,61.46704864501953,71.2699966430664,73.1500015258789,70.06999969482422,72.80000305175781,9066100
2018-07-03,61.19106674194336,70.94999694824219,72.02999877929688,70.5999984741211,71.02999877929688,2532700
2018-07-05,62.28639221191406,72.22000122070312,72.38999938964844,70.80999755859375,71.4000015258789,3638800
2018-07-06,62.41575241088867,72.37000274658203,72.45999908447266,71.70999908447266,72.16999816894531,3287100
2018-07-09,63.23508834838867,73.31999969482422,74.08999633789062,72.54000091552734,73.75,4075100
2018-07-10,63.502445220947266,73.62999725341797,73.76000213623047,72.3499984741211,73.44999694824219,3487200
2018-07-11,62.355384826660156,72.30000305175781,73.05000305175781,71.62000274658203,72.22000122070312,4176600
2018-07-12,63.114349365234375,73.18000030517578,73.36000061035156,72.5,72.75,2948300
2018-07-13,63.58868408203125,73.7300033569336,73.77999877929688,72.80999755859375,73.23999786376953,1971500
2018-07-16,63.89055252075195,74.08000183105469,74.44999694824219,73.36000061035156,73.62999725341797,3475400
2018-07-17,64.244140625,74.48999786376953,74.76000213623047,73.4800033569336,73.75,2679800
2018-07-18,64.39937591552734,74.66999816894531,74.83999633789062,73.70999908447266,74.41999816894531,2717800
2018-07-19,63.86468505859375,74.05000305175781,74.97000122070312,73.93000030517578,74.5,4403700
2018-07-20,63.69219207763672,73.8499984741211,74.2699966430664,73.56999969482422,74.25,3114200
2018-07-23,63.7008171081543,73.86000061035156,74.31999969482422,72.87999725341797,73.7300033569336,4004500
2018-07-24,64.2527847290039,74.5,76.0999984741211,73.91999816894531,74.70999908447266,3925100
2018-07-25,64.7874984741211,75.12000274658203,75.72000122070312,74.80000305175781,75.0999984741211,3544600
2018-07-26,61.49293518066406,71.30000305175781,72.98999786376953,70.23999786376953,72.5,7859200
2018-07-27,61.6912956237793,71.52999877929688,72.41000366210938,70.5,70.9800033569336,4228700
2018-07-30,60.59598159790039,70.26000213623047,71.5,70.0999984741211,71.48999786376953,3161800
2018-07-31,62.01039123535156,71.9000015258789,72.23999786376953,70.4800033569336,70.4800033569336,3767900
2018-08-01,59.517921447753906,69.01000213623047,72.0999984741211,68.62999725341797,71.81999969482422,5459400
2018-08-02,59.02631759643555,68.44000244140625,68.6500015258789,67.27999877929688,67.7300033569336,7001300
2018-08-03,59.207427978515625,68.6500015258789,68.93000030517578,68.08000183105469,68.5,4341400
2018-08-06,59.6817741394043,69.19999694824219,69.43000030517578,68.2699966430664,68.6500015258789,3015900
2018-08-07,59.53514862060547,69.02999877929688,69.72000122070312,68.95999908447266,69.58000183105469,2621000
2018-08-08,59.2160530090332,68.66000366210938,69.62999725341797,68.5,69.1500015258789,2152900
2018-08-09,59.095314025878906,68.5199966430664,69.36000061035156,68.47000122070312,68.86000061035156,2265000
2018-08-10,58.5174674987793,67.8499984741211,68.47000122070312,67.36000061035156,68.25,4125600
2018-08-13,57.861995697021484,67.08999633789062,68.0,67.04000091552734,67.66999816894531,3357100
2018-08-14,57.54289245605469,66.72000122070312,67.13999938964844,66.06999969482422,67.0,5588900
2018-08-15,55.593746185302734,64.45999908447266,66.12000274658203,64.0199966430664,66.12000274658203,5858500
2018-08-16,56.15434265136719,65.11000061035156,65.9800033569336,64.81999969482422,65.0,3369100
2018-08-17,56.80118942260742,65.86000061035156,65.94999694824219,64.83999633789062,65.12000274658203,2662600
2018-08-20,56.60281753540039,65.62999725341797,66.98999786376953,65.47000122070312,66.25,3151700
2018-08-21,57.14616394042969,66.26000213623047,66.4000015258789,65.52999877929688,65.79000091552734,4662100
2018-08-22,56.611446380615234,65.63999938964844,66.20999908447266,65.55999755859375,66.19000244140625,1971600
2018-08-23,56.49933624267578,65.51000213623047,66.08999633789062,65.31999969482422,65.68000030517578,2062200
2018-08-24,56.52519607543945,65.54000091552734,65.87999725341797,65.4800033569336,65.62000274658203,1571300
2018-08-27,57.54289245605469,66.72000122070312,67.52999877929688,66.0,66.02999877929688,3265800
2018-08-28,57.094417572021484,66.19999694824219,67.0,65.94999694824219,67.0,2949700
2018-08-29,57.111663818359375,66.22000122070312,66.83000183105469,65.86000061035156,66.38999938964844,4214600
2018-08-30,56.67182159423828,65.70999908447266,66.36000061035156,65.5999984741211,66.25,4605100
2018-08-31,56.42169952392578,65.41999816894531,65.87999725341797,65.05999755859375,65.58000183105469,3416900
2018-09-04,55.62824249267578,64.5,65.41999816894531,64.30000305175781,65.30999755859375,3337700
2018-09-05,54.429439544677734,63.11000061035156,64.20999908447266,63.04999923706055,64.16999816894531,8560000
2018-09-06,52.67866134643555,61.08000183105469,62.83000183105469,60.56999969482422,62.7599983215332,10044900
2018-09-07,52.28192901611328,60.619998931884766,61.209999084472656,59.75,60.349998474121094,7472300
2018-09-10,52.78215408325195,61.20000076293945,61.45000076293945,60.70000076293945,60.7599983215332,5747700
2018-09-11,52.17843246459961,60.5,60.599998474121094,59.11000061035156,60.27000045776367,6141900
2018-09-12,52.816650390625,61.2400016784668,61.459999084472656,59.81999969482422,59.91999816894531,6287900
2018-09-13,52.82527542114258,61.25,62.349998474121094,61.06999969482422,61.7400016784668,3753500
2018-09-14,52.96326446533203,61.40999984741211,62.70000076293945,60.95000076293945,62.2599983215332,4549300
2018-09-17,52.808021545410156,61.22999954223633,61.790000915527344,61.09000015258789,61.33000183105469,3887500
2018-09-18,52.74689483642578,60.40999984741211,60.79999923706055,59.84000015258789,60.63999938964844,3881600
2018-09-19,53.218406677246094,60.95000076293945,61.150001525878906,60.58000183105469,60.7400016784668,5247600
2018-09-20,53.23585891723633,60.970001220703125,61.63999938964844,60.869998931884766,61.349998474121094,5494300
2018-09-21,53.218406677246094,60.95000076293945,61.79999923706055,60.88999938964844,61.349998474121094,4294200
2018-09-24,52.790565490722656,60.459999084472656,60.61000061035156,59.84000015258789,60.45000076293945,3784200
2018-09-25,52.96518325805664,60.65999984741211,60.91999816894531,60.290000915527344,60.5,3237800
2018-09-26,52.23175048828125,59.81999969482422,60.900001525878906,59.7400016784668,60.599998474121094,3083000
2018-09-27,52.17934799194336,59.7599983215332,60.029998779296875,59.040000915527344,59.45000076293945,2676300
2018-09-28,51.80390548706055,59.33000183105469,59.90999984741211,59.04999923706055,59.619998931884766,5002000
2018-10-01,52.17062759399414,59.75,60.130001068115234,58.630001068115234,59.02000045776367,6229400
2018-10-02,51.690391540527344,59.20000076293945,59.97999954223633,59.119998931884766,59.41999816894531,3341600
2018-10-03,53.10489273071289,60.81999969482422,61.470001220703125,60.04999923706055,60.189998626708984,6531100
2018-10-04,51.82136154174805,59.349998474121094,61.06999969482422,59.150001525878906,60.529998779296875,3771800
2018-10-05,51.25382614135742,58.70000076293945,59.790000915527344,57.7599983215332,59.18000030517578,4778100
2018-10-08,50.91329574584961,58.310001373291016,59.06999969482422,57.61000061035156,57.959999084472656,3510700
2018-10-09,50.8870849609375,58.279998779296875,58.43000030517578,57.7599983215332,58.22999954223633,4086900
2018-10-10,49.18445587158203,56.33000183105469,58.25,56.220001220703125,58.15999984741211,6780700
2018-10-11,48.451011657714844,55.4900016784668,56.619998931884766,55.04999923706055,55.97999954223633,7758500
2018-10-12,49.02729415893555,56.150001525878906,57.06999969482422,55.63999938964844,56.650001525878906,5193800
2018-10-15,48.7391471862793,55.81999969482422,56.290000915527344,55.58000183105469,55.77000045776367,4002800
2018-10-16,50.005218505859375,57.27000045776367,57.45000076293945,56.09000015258789,57.0,4428700
2018-10-17,50.083797454833984,57.36000061035156,58.09000015258789,56.7400016784668,57.189998626708984,2941400
2018-10-18,48.93124008178711,56.040000915527344,57.68000030517578,55.93000030517578,57.29999923706055,5580700
2018-10-19,48.59945297241211,55.65999984741211,56.54999923706055,55.29999923706055,55.790000915527344,7139200
2018-10-22,47.927120208740234,54.88999938964844,56.130001068115234,54.79999923706055,56.06999969482422,4811900
2018-10-23,46.59994125366211,53.369998931884766,53.9900016784668,52.61000061035156,53.54999923706055,5928600
2018-10-24,45.40372085571289,52.0,53.709999084472656,51.880001068115234,53.5,7276400
2018-10-25,47.37702941894531,54.2599983215332,54.540000915527344,52.099998474121094,52.150001525878906,9833200
2018-10-26,45.74425506591797,52.38999938964844,53.66999816894531,51.720001220703125,53.52000045776367,4746000
2018-10-29,44.294830322265625,50.72999954223633,52.959999084472656,50.0099983215332,52.90999984741211,7298900
2018-10-30,44.43453598022461,50.88999938964844,51.02000045776367,49.279998779296875,50.279998779296875,6268800
2018-10-31,44.55677032470703,51.029998779296875,52.439998626708984,50.380001068115234,51.91999816894531,5829700
2018-11-01,49.82184982299805,57.060001373291016,57.45000076293945,51.13999938964844,51.29999923706055,12596800
2018-11-02,49.11460494995117,56.25,57.88999938964844,55.4900016784668,57.56999969482422,7360000
2018-11-05,48.12794876098633,55.119998931884766,56.25,54.650001525878906,55.869998931884766,4870900
2018-11-06,48.38115310668945,55.40999984741211,55.54999923706055,54.279998779296875,54.91999816894531,4833000
2018-11-07,49.39401626586914,56.56999969482422,56.880001068115234,55.27000045776367,55.900001525878906,5417900
2018-11-08,46.89680480957031,53.709999084472656,54.369998931884766,52.79999923706055,53.7400016784668,8911400
2018-11-09,45.482303619384766,52.09000015258789,53.81999969482422,51.86000061035156,53.54999923706055,4708000
2018-11-12,44.53057098388672,51.0,52.470001220703125,50.81999969482422,51.97999954223633,4297900
2018-11-13,45.01080322265625,51.54999923706055,53.0,51.34000015258789,51.630001068115234,7316500
2018-11-14,45.822837829589844,52.47999954223633,53.0099983215332,51.93000030517578,52.040000915527344,5650100
2018-11-15,46.91427230834961,53.72999954223633,53.9900016784668,52.22999954223633,52.7599983215332,5811300
2018-11-16,46.984127044677734,53.810001373291016,54.22999954223633,52.810001373291016,53.220001220703125,5931300
2018-11-19,44.05034255981445,50.45000076293945,54.04999923706055,50.209999084472656,53.880001068115234,5102800
2018-11-20,43.94557189941406,50.33000183105469,50.709999084472656,48.63999938964844,49.400001525878906,6720400
2018-11-21,45.36878967285156,51.959999084472656,52.880001068115234,51.02000045776367,51.2400016784668,3606800
2018-11-23,44.30356979370117,50.7400016784668,51.68000030517578,50.63999938964844,51.560001373291016,1502800
2018-11-26,47.53419876098633,54.439998626708984,54.66999816894531,51.93000030517578,51.970001220703125,6796200
2018-11-27,47.246070861816406,54.11000061035156,54.41999816894531,52.900001525878906,53.83000183105469,5064700
2018-11-28,48.154144287109375,55.150001525878906,55.369998931884766,53.29999923706055,54.849998474121094,4227900
2018-11-29,47.56040573120117,54.470001220703125,55.13999938964844,53.56999969482422,54.7599983215332,3813600
2018-11-30,47.97078323364258,54.939998626708984,55.130001068115234,53.779998779296875,54.209999084472656,4988700
2018-12-03,50.939476013183594,58.34000015258789,59.209999084472656,57.689998626708984,58.13999938964844,9973200
2018-12-04,48.5208625793457,55.56999969482422,57.95000076293945,55.150001525878906,57.79999923706055,5183700
2018-12-06,48.625633239746094,55.689998626708984,55.720001220703125,52.79999923706055,54.119998931884766,5472300
2018-12-07,46.57374954223633,53.34000015258789,56.20000076293945,53.119998931884766,55.13999938964844,6664500
2018-12-10,46.678524017333984,53.459999084472656,54.790000915527344,52.72999954223633,53.869998931884766,3868100
2018-12-11,47.35957336425781,54.2400016784668,56.47999954223633,54.060001373291016,54.880001068115234,4943700
2018-12-12,48.39862823486328,55.43000030517578,56.31999969482422,54.650001525878906,55.22999954223633,4707100
2018-12-13,48.11048126220703,55.099998474121094,56.4900016784668,54.59000015258789,56.20000076293945,4999500
2018-12-14,47.88345718383789,54.84000015258789,56.04999923706055,54.13999938964844,54.290000915527344,4810800
2018-12-17,46.573280334472656,52.61000061035156,54.33000183105469,51.900001525878906,53.63999938964844,4086900
2018-12-18,46.88312911987305,52.959999084472656,53.79999923706055,52.02000045776367,53.0099983215332,5689900
2018-12-19,45.34278869628906,51.220001220703125,53.43000030517578,50.63999938964844,53.25,8284200
2018-12-20,44.56376266479492,50.34000015258789,51.63999938964844,49.38999938964844,50.56999969482422,5337600
2018-12-21,42.94374465942383,48.5099983215332,51.02000045776367,48.18000030517578,50.38999938964844,6817200
2018-12-24,42.88176727294922,48.439998626708984,49.349998474121094,47.38999938964844,47.88999938964844,2384600
2018-12-26,45.54639434814453,51.45000076293945,51.54999923706055,48.02000045776367,48.720001220703125,3844800
2018-12-27,45.271949768066406,51.13999938964844,51.22999954223633,49.09000015258789,50.599998474121094,3074400
2018-12-28,45.04180145263672,50.880001068115234,52.0,50.36000061035156,51.20000076293945,3072100
2018-12-31,46.07754898071289,52.04999923706055,52.189998626708984,50.97999954223633,51.33000183105469,4322000
2019-01-02,47.945430755615234,54.15999984741211,54.720001220703125,50.88999938964844,50.970001220703125,4282700
2019-01-03,46.2280387878418,52.220001220703125,53.880001068115234,52.060001373291016,53.52000045776367,4240600
2019-01-04,48.839534759521484,55.16999816894531,55.349998474121094,53.5,53.650001525878906,4072000
2019-01-07,49.1051139831543,55.470001220703125,56.060001373291016,54.08000183105469,55.2400016784668,3223900
2019-01-08,50.08774948120117,56.58000183105469,56.72999954223633,55.369998931884766,56.040000915527344,3856700
2019-01-09,50.388736724853516,56.91999816894531,57.63999938964844,56.689998626708984,56.880001068115234,4145500
2019-01-10,50.22053527832031,56.72999954223633,57.5,56.0099983215332,56.459999084472656,3087200
2019-01-11,50.424156188964844,56.959999084472656,57.04999923706055,55.529998779296875,56.47999954223633,2288600
2019-01-14,49.40610885620117,55.810001373291016,56.099998474121094,55.08000183105469,56.099998474121094,2868600
2019-01-15,50.1054573059082,56.599998474121094,56.849998474121094,55.83000183105469,56.220001220703125,4092300
2019-01-16,50.26480484008789,56.779998779296875,57.88999938964844,56.61000061035156,56.81999969482422,2595200
2019-01-17,50.503822326660156,57.04999923706055,57.41999816894531,55.97999954223633,56.33000183105469,3944800
2019-01-18,51.07923889160156,57.70000076293945,58.209999084472656,56.470001220703125,57.599998474121094,8034100
2019-01-22,50.503822326660156,57.04999923706055,57.5,55.81999969482422,57.47999954223633,6412700
2019-01-23,50.716285705566406,57.290000915527344,57.65999984741211,56.779998779296875,57.349998474121094,6251300
2019-01-24,49.9018440246582,56.369998931884766,57.63999938964844,55.25,55.630001068115234,7920500
2019-01-25,50.4152946472168,56.95000076293945,57.5,56.36000061035156,56.900001525878906,4404800
2019-01-28,49.804466247558594,56.2599983215332,57.38999938964844,55.810001373291016,56.38999938964844,2881400
2019-01-29,49.81332015991211,56.27000045776367,56.86000061035156,56.130001068115234,56.29999923706055,2070300
2019-01-30,52.23891830444336,59.0099983215332,59.13999938964844,56.63999938964844,56.97999954223633,5517300
2019-01-31,51.663509368896484,58.36000061035156,59.650001525878906,58.09000015258789,59.540000915527344,5201600
2019-02-01,53.0179443359375,59.88999938964844,59.939998626708984,58.34000015258789,58.34000015258789,3816700
2019-02-04,52.318599700927734,59.099998474121094,59.959999084472656,58.83000183105469,59.79999923706055,1738300
2019-02-05,52.80548095703125,59.650001525878906,59.70000076293945,59.0099983215332,59.11000061035156,2307700
2019-02-06,53.87664794921875,60.86000061035156,61.209999084472656,59.75,59.75,3979100
2019-02-07,52.62843322753906,59.45000076293945,60.70000076293945,59.04999923706055,60.38999938964844,3765000
2019-02-08,52.23891830444336,59.0099983215332,59.790000915527344,58.41999816894531,59.040000915527344,2328600
2019-02-11,52.76121520996094,59.599998474121094,59.95000076293945,58.720001220703125,59.52000045776367,2631500
2019-02-12,53.230403900146484,60.130001068115234,61.09000015258789,59.849998474121094,60.0,2796500
2019-02-13,53.44287109375,60.369998931884766,60.959999084472656,60.02000045776367,60.619998931884766,2177500
2019-02-14,52.557613372802734,59.369998931884766,59.79999923706055,57.459999084472656,59.43000030517578,5207300
2019-02-15,53.38974380493164,60.310001373291016,60.400001525878906,58.779998779296875,59.5,2742700
2019-02-19,54.13337326049805,61.150001525878906,61.84000015258789,60.56999969482422,60.56999969482422,4914800
2019-02-20,54.3104248046875,61.349998474121094,61.83000183105469,60.33000183105469,61.18000030517578,4959100
2019-02-21,54.45206832885742,61.5099983215332,61.81999969482422,60.77000045776367,61.310001373291016,2575200
2019-02-22,54.540584564208984,61.61000061035156,62.22999954223633,61.11000061035156,61.790000915527344,2137000
2019-02-25,54.062538146972656,61.06999969482422,62.150001525878906,61.040000915527344,62.04999923706055,3367800
2019-02-26,54.69108581542969,61.779998779296875,62.560001373291016,60.90999984741211,61.0,3733800
2019-02-27,54.3812370300293,61.43000030517578,62.0,60.970001220703125,61.779998779296875,3242000
2019-02-28,54.3812370300293,61.43000030517578,62.04999923706055,60.900001525878906,61.15999984741211,3968300
2019-03-01,53.469425201416016,60.400001525878906,61.97999954223633,60.22999954223633,61.97999954223633,3619700
2019-03-04,52.8143424987793,59.65999984741211,60.650001525878906,59.220001220703125,60.45000076293945,3908100
2019-03-05,52.77008056640625,59.61000061035156,60.099998474121094,59.52000045776367,59.900001525878906,2045500
2019-03-06,53.6995964050293,60.65999984741211,62.029998779296875,60.0,60.0,4859400
2019-03-07,53.10648727416992,59.9900016784668,60.439998626708984,59.220001220703125,60.380001068115234,3781300
2019-03-08,53.32779312133789,60.2400016784668,60.34000015258789,59.040000915527344,59.099998474121094,2459100
2019-03-11,53.24811935424805,60.150001525878906,60.61000061035156,59.88999938964844,60.349998474121094,2383700
2019-03-12,52.3717155456543,59.15999984741211,60.40999984741211,59.029998779296875,60.400001525878906,3351000
2019-03-13,52.53105926513672,59.34000015258789,59.86000061035156,59.11000061035156,59.459999084472656,2254600
2019-03-14,52.601871490478516,59.41999816894531,59.41999816894531,58.279998779296875,59.369998931884766,3396600
2019-03-15,52.902854919433594,59.7599983215332,60.63999938964844,59.470001220703125,59.939998626708984,2941200
2019-03-18,53.186153411865234,60.08000183105469,60.220001220703125,59.310001373291016,60.029998779296875,3512000
2019-03-19,53.17717361450195,59.29999923706055,59.93000030517578,59.0099983215332,59.689998626708984,4210100
2019-03-20,53.0337028503418,59.13999938964844,59.59000015258789,58.58000183105469,59.22999954223633,2548500
2019-03-21,54.88099670410156,61.20000076293945,61.25,58.900001525878906,59.20000076293945,3915300
2019-03-22,53.41930389404297,59.56999969482422,60.810001373291016,59.31999969482422,60.63999938964844,4109300
2019-03-25,53.15924072265625,59.279998779296875,59.900001525878906,58.560001373291016,59.43000030517578,3531000
2019-03-26,53.89457321166992,60.099998474121094,60.369998931884766,59.349998474121094,59.349998474121094,3041200
2019-03-27,52.935062408447266,59.029998779296875,60.2400016784668,58.88999938964844,60.099998474121094,2736600
2019-03-28,54.100830078125,60.33000183105469,60.5,59.029998779296875,59.029998779296875,3817100
2019-03-29,54.66579055786133,60.959999084472656,61.119998931884766,59.93000030517578,60.4900016784668,4571800
2019-04-01,56.80900573730469,63.349998474121094,63.47999954223633,62.279998779296875,62.45000076293945,4117000
2019-04-02,58.15412521362305,64.8499984741211,64.9800033569336,63.08000183105469,63.43000030517578,5870500
2019-04-03,57.54433822631836,64.16999816894531,66.05000305175781,64.04000091552734,65.0,4425500
2019-04-04,58.83565902709961,65.61000061035156,65.68000030517578,64.01000213623047,64.33000183105469,4354000
2019-04-05,59.113651275634766,65.91999816894531,65.97000122070312,65.4000015258789,65.7300033569336,2779500
2019-04-08,59.22126388549805,66.04000091552734,66.47000122070312,65.5999984741211,66.30999755859375,2183000
2019-04-09,58.763912200927734,65.52999877929688,65.63999938964844,65.06999969482422,65.5199966430664,2711700
2019-04-10,59.05087661743164,65.8499984741211,66.19999694824219,65.55999755859375,65.93000030517578,1773400
2019-04-11,59.25713348388672,66.08000183105469,66.20999908447266,65.63999938964844,66.01000213623047,2558400
2019-04-12,59.96556091308594,66.87000274658203,67.13999938964844,66.37999725341797,66.5,2631400
2019-04-15,59.66067123413086,66.52999877929688,67.33000183105469,66.01000213623047,67.19000244140625,2574200
2019-04-16,61.122371673583984,68.16000366210938,68.20999908447266,66.69999694824219,66.80000305175781,2776300
2019-04-17,60.89818572998047,67.91000366210938,68.23999786376953,67.5199966430664,68.22000122070312,6536900
2019-04-18,61.176170349121094,68.22000122070312,69.5999984741211,66.80999755859375,69.04000091552734,7743900
2019-04-22,59.9296989440918,66.83000183105469,67.9800033569336,66.5199966430664,67.76000213623047,4830100
2019-04-23,60.14491271972656,67.06999969482422,67.62999725341797,66.37999725341797,66.5199966430664,3575800
2019-04-24,60.11800765991211,67.04000091552734,67.19999694824219,66.47000122070312,66.87999725341797,3889800
2019-04-25,60.207679748535156,67.13999938964844,67.41000366210938,66.66000366210938,66.94000244140625,2778000
2019-04-26,60.85334396362305,67.86000061035156,68.4000015258789,67.05000305175781,67.51000213623047,2354900
2019-04-29,61.041664123535156,68.06999969482422,68.45999908447266,67.70999908447266,68.36000061035156,2574400
2019-04-30,60.12697219848633,67.05000305175781,67.63999938964844,66.80000305175781,67.37000274658203,3381600
2019-05-01,60.86231994628906,67.87000274658203,68.55000305175781,67.56999969482422,67.80000305175781,2402900
2019-05-02,60.467742919921875,67.43000030517578,68.22000122070312,66.76000213623047,67.5199966430664,1717400
2019-05-03,61.37345886230469,68.44000244140625,68.47000122070312,67.66000366210938,67.9000015258789,1801300
2019-05-06,59.696533203125,66.56999969482422,67.02999877929688,65.72000122070312,66.69999694824219,4015500
2019-05-07,57.79542541503906,64.44999694824219,66.62000274658203,62.7599983215332,66.06999969482422,9768200
2019-05-08,58.57560729980469,65.31999969482422,65.95999908447266,64.05999755859375,64.66000366210938,3085100
2019-05-09,58.181034088134766,64.87999725341797,65.31999969482422,63.29999923706055,64.38999938964844,4101700
2019-05-10,58.710113525390625,65.47000122070312,65.76000213623047,63.650001525878906,64.2300033569336,2697300
2019-05-13,55.69703674316406,62.11000061035156,63.689998626708984,61.36000061035156,63.650001525878906,5494400
2019-05-14,56.24406051635742,62.720001220703125,63.43000030517578,61.93000030517578,62.5099983215332,2951700
2019-05-15,56.4503173828125,62.95000076293945,63.36000061035156,61.7400016784668,62.29999923706055,1863800
2019-05-16,56.853843688964844,63.400001525878906,63.84000015258789,63.02000045776367,63.529998779296875,2336600
2019-05-17,54.082889556884766,60.310001373291016,62.90999984741211,60.2599983215332,62.61000061035156,6115200
2019-05-20,53.10544204711914,59.220001220703125,59.790000915527344,57.40999984741211,59.650001525878906,10406600
2019-05-21,52.62120056152344,58.68000030517578,59.9900016784668,58.58000183105469,59.599998474121094,6494700
2019-05-22,52.54048156738281,58.59000015258789,59.150001525878906,58.119998931884766,58.459999084472656,4724300
2019-05-23,51.0877571105957,56.970001220703125,57.869998931884766,56.20000076293945,57.7599983215332,6210800
2019-05-24,51.500267028808594,57.43000030517578,58.099998474121094,56.630001068115234,57.38999938964844,3831900
2019-05-28,50.9711799621582,56.84000015258789,58.36000061035156,56.63999938964844,57.630001068115234,5587100
2019-05-29,50.80976486206055,56.65999984741211,57.119998931884766,56.04999923706055,56.18000030517578,6489000
2019-05-30,49.80540466308594,55.540000915527344,57.04999923706055,55.2400016784668,56.7599983215332,4286500
2019-05-31,49.321170806884766,55.0,55.599998474121094,54.279998779296875,54.959999084472656,6388500
2019-06-03,47.473854064941406,52.939998626708984,54.54999923706055,52.529998779296875,54.5,6238700
2019-06-04,49.87715148925781,55.619998931884766,55.7599983215332,53.470001220703125,53.54999923706055,7773700
2019-06-05,49.38393020629883,55.06999969482422,55.720001220703125,53.20000076293945,55.720001220703125,7353600
2019-06-06,48.98039245605469,54.619998931884766,55.40999984741211,54.16999816894531,55.2400016784668,2432500
2019-06-07,50.28965377807617,56.08000183105469,56.880001068115234,55.04999923706055,55.11000061035156,4350700
2019-06-10,52.12797546386719,58.130001068115234,58.86000061035156,56.79999923706055,56.880001068115234,9808300
2019-06-11,52.63016128540039,58.689998626708984,59.5099983215332,58.400001525878906,58.79999923706055,3880200
2019-06-12,51.15052795410156,57.040000915527344,58.4900016784668,56.779998779296875,58.15999984741211,4447900
2019-06-13,51.401615142822266,57.31999969482422,57.90999984741211,57.099998474121094,57.54999923706055,5654500
2019-06-14,51.36574935913086,57.279998779296875,57.619998931884766,56.84000015258789,57.31999969482422,2058500
2019-06-17,51.168460845947266,57.060001373291016,57.790000915527344,56.779998779296875,57.529998779296875,2938900
2019-06-18,54.06822204589844,59.47999954223633,59.7400016784668,56.779998779296875,56.849998474121094,6488800
2019-06-19,53.61371994018555,58.97999954223633,59.5,58.29999923706055,59.5,3386600
2019-06-20,54.022769927978516,59.43000030517578,60.290000915527344,59.099998474121094,59.709999084472656,4085200
2019-06-21,53.84096908569336,59.22999954223633,59.68000030517578,58.61000061035156,59.029998779296875,3810900
2019-06-24,53.40463638305664,58.75,59.439998626708984,58.619998931884766,59.189998626708984,3580900
2019-06-25,52.17747116088867,57.400001525878906,58.790000915527344,57.22999954223633,58.779998779296875,3299200
2019-06-26,53.34101486206055,58.68000030517578,58.869998931884766,57.63999938964844,57.95000076293945,4219800
2019-06-27,53.431907653808594,58.779998779296875,58.9900016784668,58.25,58.7599983215332,3627800
2019-06-28,53.71370315551758,59.09000015258789,59.27000045776367,58.68000030517578,59.130001068115234,3969200
2019-07-01,56.331668853759766,61.970001220703125,62.7599983215332,61.59000015258789,62.209999084472656,6062500
2019-07-02,56.47710037231445,62.130001068115234,62.25,61.349998474121094,61.599998474121094,3682100
2019-07-03,56.558921813964844,62.220001220703125,62.439998626708984,61.59000015258789,62.31999969482422,1303800
2019-07-05,56.2134895324707,61.84000015258789,62.02000045776367,61.130001068115234,61.7400016784668,2300600
2019-07-08,56.37711715698242,62.02000045776367,62.13999938964844,61.22999954223633,61.400001525878906,1768600
2019-07-09,57.17704391479492,62.900001525878906,63.29999923706055,61.709999084472656,61.77000045776367,3757100
2019-07-10,56.586185455322266,62.25,63.2400016784668,61.66999816894531,63.18000030517578,3413400
2019-07-11,56.90434646606445,62.599998474121094,63.54999923706055,62.33000183105469,62.5,2573500
2019-07-12,57.47702407836914,63.22999954223633,63.279998779296875,62.560001373291016,62.65999984741211,2052100
2019-07-15,58.14060592651367,63.959999084472656,63.9900016784668,63.2400016784668,63.400001525878906,2459400
2019-07-16,58.84054946899414,64.7300033569336,64.91000366210938,63.93000030517578,64.1500015258789,3041300
2019-07-17,58.34967803955078,64.19000244140625,64.80000305175781,63.83000183105469,64.79000091552734,2005100
2019-07-18,58.47694396972656,64.33000183105469,64.5,63.33000183105469,63.95000076293945,2622400
2019-07-19,58.10424041748047,63.91999816894531,64.68000030517578,63.84000015258789,64.55000305175781,3545400
2019-07-22,58.16788101196289,63.9900016784668,64.38999938964844,63.720001220703125,64.23999786376953,3053600
2019-07-23,59.28595733642578,65.22000122070312,65.37000274658203,63.959999084472656,64.38999938964844,4122600
2019-07-24,59.0223503112793,64.93000030517578,65.41000366210938,63.75,65.0,4054500
2019-07-25,56.949806213378906,62.650001525878906,63.95000076293945,61.689998626708984,63.29999923706055,8474900
2019-07-26,57.41340255737305,63.15999984741211,63.88999938964844,62.630001068115234,63.099998474121094,4191400
2019-07-29,56.68618392944336,62.36000061035156,63.209999084472656,61.95000076293945,63.0,4087800
2019-07-30,55.81352996826172,61.400001525878906,61.959999084472656,61.13999938964844,61.880001068115234,2749400
2019-07-31,54.94086837768555,60.439998626708984,61.209999084472656,59.66999816894531,61.189998626708984,4696600
2019-08-01,53.45009231567383,58.79999923706055,61.41999816894531,57.880001068115234,60.470001220703125,5115700
2019-08-02,51.70478439331055,56.880001068115234,58.66999816894531,56.470001220703125,58.08000183105469,5599000
2019-08-05,49.56858825683594,54.529998779296875,55.459999084472656,53.970001220703125,54.41999816894531,5657000
2019-08-06,49.53223419189453,54.4900016784668,55.630001068115234,53.97999954223633,55.220001220703125,3649200
2019-08-07,49.07773208618164,53.9900016784668,54.349998474121094,52.5099983215332,53.5,4138200
2019-08-08,50.29581069946289,55.33000183105469,55.63999938964844,54.5099983215332,54.630001068115234,4331400
2019-08-09,49.05955123901367,53.970001220703125,55.0,53.40999984741211,54.83000183105469,2963400
2019-08-12,47.51422119140625,52.27000045776367,53.220001220703125,52.209999084472656,53.029998779296875,4726600
2019-08-13,48.74138259887695,53.619998931884766,55.11000061035156,52.099998474121094,52.290000915527344,6696300
2019-08-14,47.0778923034668,51.790000915527344,52.720001220703125,51.68000030517578,52.36000061035156,3600500
2019-08-15,46.732460021972656,51.40999984741211,52.34000015258789,51.16999816894531,51.93000030517578,2400200
2019-08-16,47.632389068603516,52.400001525878906,52.689998626708984,51.630001068115234,51.900001525878906,2769900
2019-08-19,49.69586181640625,54.66999816894531,54.880001068115234,51.16999816894531,53.9900016784668,3936300
2019-08-20,50.0958251953125,55.11000061035156,55.540000915527344,53.93000030517578,53.939998626708984,6162600
2019-08-21,50.11400604248047,55.130001068115234,55.650001525878906,54.599998474121094,55.529998779296875,2325300
2019-08-22,49.45951461791992,54.40999984741211,55.599998474121094,53.93000030517578,55.380001068115234,2661100
2019-08-23,48.27779006958008,53.11000061035156,54.2599983215332,52.5099983215332,53.869998931884766,4605900
2019-08-26,48.786842346191406,53.66999816894531,54.099998474121094,53.09000015258789,53.849998474121094,2233100
2019-08-27,49.350433349609375,54.290000915527344,54.7599983215332,53.88999938964844,54.150001525878906,4024600
2019-08-28,49.54132843017578,54.5,54.720001220703125,53.720001220703125,54.15999984741211,1929200
2019-08-29,50.12309646606445,55.13999938964844,55.72999954223633,55.06999969482422,55.150001525878906,2454200
2019-08-30,50.42307662963867,55.470001220703125,56.040000915527344,55.29999923706055,55.54999923706055,2182600
2019-09-03,49.34134292602539,54.279998779296875,54.58000183105469,53.33000183105469,54.43000030517578,4031600
2019-09-04,50.05946350097656,55.06999969482422,55.959999084472656,54.68000030517578,55.70000076293945,3923800
2019-09-05,51.02301788330078,56.130001068115234,56.58000183105469,55.43000030517578,55.7400016784668,6456600
2019-09-06,51.077552795410156,56.189998626708984,56.790000915527344,55.709999084472656,55.95000076293945,5781500
2019-09-09,52.795597076416016,58.08000183105469,58.22999954223633,56.95000076293945,57.29999923706055,3629700
2019-09-10,53.64097595214844,59.0099983215332,59.13999938964844,57.560001373291016,58.18000030517578,4292400
2019-09-11,53.90459442138672,59.29999923706055,59.720001220703125,58.06999969482422,59.439998626708984,3114900
2019-09-12,54.6772575378418,60.150001525878906,60.459999084472656,59.099998474121094,59.5099983215332,3687700
2019-09-13,53.94096374511719,59.34000015258789,60.869998931884766,59.310001373291016,60.45000076293945,2484800
2019-09-16,54.213661193847656,59.63999938964844,59.7599983215332,58.91999816894531,59.04999923706055,3266200
2019-09-17,54.4346809387207,59.11000061035156,59.15999984741211,57.22999954223633,58.06999969482422,5347800
2019-09-18,53.762420654296875,58.380001068115234,59.0,57.70000076293945,58.900001525878906,2629000
2019-09-19,53.02569580078125,57.58000183105469,58.939998626708984,57.349998474121094,58.599998474121094,3807300
2019-09-20,51.87456130981445,56.33000183105469,57.869998931884766,56.27000045776367,57.650001525878906,4804300
2019-09-23,51.745635986328125,56.189998626708984,56.709999084472656,55.650001525878906,55.849998474121094,4803500
2019-09-24,51.266761779785156,55.66999816894531,57.099998474121094,55.560001373291016,56.75,3653100
2019-09-25,52.565242767333984,57.08000183105469,57.15999984741211,54.95000076293945,55.52000045776367,3562200
2019-09-26,51.46015167236328,55.880001068115234,56.68000030517578,55.2599983215332,56.189998626708984,3148400
2019-09-27,52.59286880493164,57.11000061035156,59.25,56.81999969482422,58.54999923706055,16478200
2019-09-30,53.19145965576172,57.7599983215332,58.09000015258789,57.25,57.34000015258789,5858700
2019-10-01,52.68495559692383,57.209999084472656,58.68000030517578,56.939998626708984,58.0,6662800
2019-10-02,52.0311164855957,56.5,57.38999938964844,56.349998474121094,56.91999816894531,67798200
2019-10-03,51.52461624145508,55.95000076293945,56.93000030517578,55.20000076293945,56.45000076293945,7851700
2019-10-04,51.5706672668457,56.0,56.04999923706055,55.0099983215332,55.88999938964844,4357800
2019-10-07,50.60371398925781,54.95000076293945,55.709999084472656,54.779998779296875,55.560001373291016,5310100
2019-10-08,49.240779876708984,53.470001220703125,54.709999084472656,53.380001068115234,54.29999923706055,5058500
2019-10-09,49.88541030883789,54.16999816894531,54.27000045776367,53.66999816894531,53.81999969482422,3560600
2019-10-10,50.45636749267578,54.790000915527344,55.56999969482422,54.040000915527344,54.13999938964844,5338700
2019-10-11,53.02569580078125,57.58000183105469,58.22999954223633,55.75,55.81999969482422,7467300
2019-10-14,52.50077819824219,57.0099983215332,57.47999954223633,56.91999816894531,57.18000030517578,2318500
2019-10-15,52.77704620361328,57.310001373291016,57.650001525878906,56.689998626708984,57.02000045776367,3521800
2019-10-16,52.869140625,57.40999984741211,58.0,57.18000030517578,57.220001220703125,2534800
2019-10-17,52.813880920410156,57.349998474121094,57.77000045776367,57.349998474121094,57.599998474121094,1501900
2019-10-18,52.915184020996094,57.459999084472656,57.75,57.029998779296875,57.15999984741211,2284300
2019-10-21,53.384849548339844,57.970001220703125,58.400001525878906,57.63999938964844,58.0,3658800
2019-10-22,53.98342514038086,58.619998931884766,59.02000045776367,58.04999923706055,58.310001373291016,4021600
2019-10-23,54.535972595214844,59.220001220703125,59.290000915527344,58.18000030517578,58.5099983215332,3650000
2019-10-24,56.322532653808594,61.15999984741211,61.84000015258789,59.5,59.65999984741211,7310600
2019-10-25,56.37778854370117,61.220001220703125,61.619998931884766,60.5099983215332,60.63999938964844,3004700
2019-10-28,57.464454650878906,62.400001525878906,62.779998779296875,61.47999954223633,61.47999954223633,2964200
2019-10-29,57.096092224121094,62.0,62.27000045776367,61.38999938964844,62.16999816894531,2730200
2019-10-30,57.5933837890625,62.540000915527344,62.599998474121094,61.65999984741211,62.0,2231700
2019-10-31,56.94874954223633,61.84000015258789,62.540000915527344,61.439998626708984,62.27000045776367,2629400
2019-11-01,58.06304168701172,63.04999923706055,63.06999969482422,61.93000030517578,62.34000015258789,2930700
2019-11-04,58.983943939208984,64.05000305175781,64.19999694824219,63.38999938964844,63.72999954223633,3692700
2019-11-05,58.68925476074219,63.72999954223633,64.76000213623047,63.63999938964844,64.22000122070312,4310300
2019-11-06,58.15513229370117,63.150001525878906,63.77000045776367,62.709999084472656,63.72999954223633,2613900
2019-11-07,58.76293182373047,63.810001373291016,64.3499984741211,63.63999938964844,63.90999984741211,2336400
2019-11-08,59.01157760620117,64.08000183105469,64.08000183105469,63.27000045776367,63.75,2215000
2019-11-11,58.14592742919922,63.13999938964844,63.33000183105469,62.5099983215332,63.09000015258789,3325700
2019-11-12,57.53812789916992,62.47999954223633,63.33000183105469,62.209999084472656,63.130001068115234,2511400
2019-11-13,57.243438720703125,62.15999984741211,62.54999923706055,62.0,62.220001220703125,2517000
2019-11-14,57.45524215698242,62.38999938964844,62.45000076293945,61.95000076293945,62.189998626708984,1611800
2019-11-15,57.71310043334961,62.66999816894531,62.88999938964844,62.22999954223633,62.70000076293945,2377300
2019-11-18,57.22500991821289,62.13999938964844,62.599998474121094,61.65999984741211,62.599998474121094,3805800
2019-11-19,57.013214111328125,61.90999984741211,62.529998779296875,61.2599983215332,62.400001525878906,2341000
2019-11-20,55.88970947265625,60.689998626708984,61.93000030517578,60.540000915527344,61.45000076293945,2994700
2019-11-21,55.576595306396484,60.349998474121094,61.04999923706055,60.310001373291016,60.86000061035156,2968700
2019-11-22,56.45146179199219,61.29999923706055,61.45000076293945,60.540000915527344,60.599998474121094,2289900
2019-11-25,58.39456558227539,63.40999984741211,63.459999084472656,61.5,61.650001525878906,3025600
2019-11-26,57.99858093261719,62.97999954223633,63.65999984741211,62.66999816894531,63.540000915527344,2684900
2019-11-27,58.40377426147461,63.41999816894531,63.75,63.02000045776367,63.02000045776367,1532600
2019-11-29,57.78676986694336,62.75,63.099998474121094,62.56999969482422,62.959999084472656,1407400
2019-12-02,57.73151397705078,62.689998626708984,63.220001220703125,62.529998779296875,62.70000076293945,2074600
2019-12-03,57.03163146972656,61.93000030517578,62.02000045776367,61.13999938964844,61.59000015258789,3114600
2019-12-04,57.73151397705078,62.689998626708984,63.08000183105469,62.02000045776367,62.06999969482422,2285700
2019-12-05,58.26564407348633,63.27000045776367,63.4900016784668,62.470001220703125,62.91999816894531,2934500
2019-12-06,59.07604217529297,64.1500015258789,64.5199966430664,63.77000045776367,63.81999969482422,2983200
2019-12-09,59.094451904296875,64.16999816894531,64.51000213623047,63.869998931884766,64.0999984741211,2846100
2019-12-10,59.07604217529297,64.1500015258789,64.63999938964844,63.650001525878906,64.05000305175781,2342600
2019-12-11,60.264007568359375,65.44000244140625,65.58000183105469,64.1500015258789,64.37999725341797,3450200
2019-12-12,63.26615905761719,68.69999694824219,69.19000244140625,65.91000366210938,66.30999755859375,6772200
2019-12-13,63.579254150390625,69.04000091552734,69.73999786376953,68.5,68.5,5350700
2019-12-16,63.42094802856445,68.0999984741211,69.37000274658203,68.02999877929688,68.9000015258789,3394600
2019-12-17,63.52338409423828,68.20999908447266,68.5,67.79000091552734,68.41999816894531,4262900
2019-12-18,64.23117065429688,68.97000122070312,69.9000015258789,68.36000061035156,69.58000183105469,5833200
2019-12-19,64.42674255371094,69.18000030517578,69.5,68.72000122070312,68.97000122070312,2779400
2019-12-20,63.82139205932617,68.52999877929688,69.68000030517578,68.43000030517578,69.68000030517578,4474300
2019-12-23,64.65025329589844,69.41999816894531,69.72000122070312,68.62999725341797,68.62999725341797,4064200
2019-12-24,64.52918243408203,69.29000091552734,69.58999633789062,69.01000213623047,69.38999938964844,630400
2019-12-26,65.134521484375,69.94000244140625,69.95999908447266,69.30999755859375,69.5199966430664,1463200
2019-12-27,64.94827270507812,69.73999786376953,70.33999633789062,69.33000183105469,70.05999755859375,3001800
2019-12-30,64.53852081298828,69.30000305175781,69.9800033569336,69.1500015258789,69.87999725341797,1703500
2019-12-31,64.29637145996094,69.04000091552734,69.27999877929688,68.88999938964844,69.0999984741211,1846900
2020-01-02,65.93544006347656,70.80000305175781,70.94000244140625,69.79000091552734,69.87999725341797,5299600
2020-01-03,64.92963409423828,69.72000122070312,70.1500015258789,69.38999938964844,69.62000274658203,2822400
2020-01-06,65.27420806884766,70.08999633789062,70.12000274658203,69.04000091552734,69.18000030517578,2922500
2020-01-07,65.33940124511719,70.16000366210938,70.19999694824219,69.5,69.55000305175781,2262800
2020-01-08,65.93544006347656,70.80000305175781,71.30000305175781,69.88999938964844,70.0,3455300
2020-01-09,66.60594940185547,71.5199966430664,71.72000122070312,71.02999877929688,71.51000213623047,3011300
2020-01-10,66.03787231445312,70.91000366210938,71.94000244140625,70.76000213623047,71.72000122070312,2217100
2020-01-13,67.2020034790039,72.16000366210938,72.4000015258789,71.05000305175781,71.23999786376953,2563000
2020-01-14,68.31954193115234,73.36000061035156,73.48999786376953,72.2300033569336,72.41000366210938,3693000
2020-01-15,67.77007293701172,72.7699966430664,73.52999877929688,72.4000015258789,73.5,2602600
2020-01-16,68.35679626464844,73.4000015258789,73.41000366210938,72.80999755859375,73.11000061035156,3605300
2020-01-17,68.97142791748047,74.05999755859375,74.29000091552734,73.51000213623047,73.51000213623047,3296000
2020-01-21,65.24626922607422,70.05999755859375,71.33999633789062,68.8499984741211,69.5199966430664,10307100
2020-01-22,64.6781997680664,69.44999694824219,70.7300033569336,69.19000244140625,70.5999984741211,4340000
2020-01-23,64.6781997680664,69.44999694824219,69.6500015258789,67.47000122070312,67.68000030517578,7292600
2020-01-24,63.18812561035156,67.8499984741211,69.26000213623047,66.97000122070312,69.26000213623047,5362700
2020-01-27,58.922813415527344,63.27000045776367,64.33000183105469,61.08000183105469,62.720001220703125,12594300
2020-01-28,59.98448181152344,64.41000366210938,64.58999633789062,63.130001068115234,64.16999816894531,4731500
2020-01-29,60.25454330444336,64.69999694824219,65.37000274658203,63.900001525878906,65.0,5874900
2020-01-30,61.6514892578125,66.19999694824219,66.33999633789062,63.5099983215332,63.56999969482422,8015300
2020-01-31,60.8226318359375,65.30999755859375,65.61000061035156,64.4800033569336,65.5999984741211,6778700
2020-02-03,61.986751556396484,66.55999755859375,67.55999755859375,65.93000030517578,66.11000061035156,6054900
2020-02-04,63.17880630493164,67.83999633789062,69.08000183105469,66.86000061035156,67.05000305175781,5983500
2020-02-05,63.22536849975586,67.88999938964844,69.37000274658203,67.48999786376953,69.05999755859375,5040700
2020-02-06,64.69680786132812,69.47000122070312,69.5999984741211,68.33000183105469,68.4000015258789,5556800
2020-02-07,62.21026611328125,66.80000305175781,68.0,66.51000213623047,67.69999694824219,6581900
2020-02-10,63.4768180847168,68.16000366210938,68.25,66.08999633789062,66.08999633789062,3569300
2020-02-11,64.1194076538086,68.8499984741211,69.54000091552734,67.91000366210938,68.62999725341797,3078800
2020-02-12,66.24274444580078,71.12999725341797,71.37999725341797,69.66000366210938,69.91000366210938,5839000
2020-02-13,64.54779815673828,69.30999755859375,70.55000305175781,69.16999816894531,70.41000366210938,3572200
2020-02-14,63.39300537109375,68.06999969482422,69.19999694824219,67.9800033569336,69.0,3813700
2020-02-18,63.4768180847168,68.16000366210938,68.8499984741211,67.16000366210938,68.23999786376953,3797800
2020-02-19,64.35224151611328,69.0999984741211,69.93000030517578,68.26000213623047,68.44000244140625,3183600
2020-02-20,62.806304931640625,67.44000244140625,68.52999877929688,66.70999908447266,68.4800033569336,4068400
2020-02-21,61.092708587646484,65.5999984741211,66.9800033569336,65.55999755859375,66.80000305175781,5222700
2020-02-24,57.935638427734375,62.209999084472656,63.439998626708984,62.18000030517578,62.439998626708984,5799300
2020-02-25,56.0264892578125,60.15999984741211,63.27000045776367,59.5099983215332,63.040000915527344,6769600
2020-02-26,55.09519577026367,59.15999984741211,61.2599983215332,58.439998626708984,60.560001373291016,7137400
2020-02-27,54.41535949707031,58.43000030517578,61.0099983215332,56.279998779296875,57.720001220703125,8874500
2020-02-28,54.3036003112793,58.310001373291016,58.79999923706055,56.619998931884766,56.81999969482422,6556700
2020-03-02,54.25703430175781,58.2599983215332,58.900001525878906,56.599998474121094,58.900001525878906,6246600
2020-03-03,52.05918502807617,55.900001525878906,59.52000045776367,55.47999954223633,58.599998474121094,6564400
2020-03-04,53.31643295288086,57.25,57.84000015258789,55.470001220703125,56.77000045776367,6957900
2020-03-05,51.16514587402344,54.939998626708984,56.709999084472656,54.56999969482422,55.599998474121094,7765200
2020-03-06,51.09064483642578,54.86000061035156,56.09000015258789,52.540000915527344,53.0,10002600
2020-03-09,46.247928619384766,49.65999984741211,52.84000015258789,49.0,51.0099983215332,6998200
2020-03-10,49.71233367919922,53.380001068115234,53.5099983215332,49.58000183105469,51.81999969482422,6690500
2020-03-11,45.2887077331543,48.630001068115234,51.779998779296875,48.220001220703125,51.779998779296875,9930800
2020-03-12,41.116512298583984,44.150001525878906,46.59000015258789,39.060001373291016,42.400001525878906,13388200
2020-03-13,45.64259338378906,49.0099983215332,49.099998474121094,42.869998931884766,48.02000045776367,12515900
2020-03-16,37.6148567199707,40.38999938964844,45.099998474121094,39.20000076293945,40.52000045776367,12380000
2020-03-17,38.81169509887695,40.86000061035156,43.290000915527344,35.91999816894531,40.7599983215332,12774700
2020-03-18,35.791107177734375,37.68000030517578,40.099998474121094,33.29999923706055,36.7400016784668,14302400
2020-03-19,38.336761474609375,40.36000061035156,44.66999816894531,33.86000061035156,36.75,11399000
2020-03-20,41.138885498046875,43.310001373291016,47.0,41.790000915527344,42.150001525878906,12859300
2020-03-23,41.27186584472656,43.45000076293945,45.33000183105469,41.61000061035156,43.5099983215332,8152100
2020-03-24,42.59217834472656,44.84000015258789,47.81999969482422,44.25,46.45000076293945,8884100
2020-03-25,44.976356506347656,47.349998474121094,51.66999816894531,44.77000045776367,46.849998474121094,10707200
2020-03-26,45.935726165771484,48.36000061035156,52.93000030517578,46.5099983215332,48.58000183105469,10423600
2020-03-27,39.98952865600586,42.099998474121094,46.20000076293945,42.0,45.54999923706055,11598500
2020-03-30,41.30985641479492,43.4900016784668,44.72999954223633,41.25,41.75,7415000
2020-03-31,40.34098434448242,42.470001220703125,43.93000030517578,41.79999923706055,43.439998626708984,5226500
2020-04-01,38.27976989746094,40.29999923706055,41.20000076293945,39.66999816894531,40.31999969482422,7348900
2020-04-02,38.25127410888672,40.27000045776367,41.310001373291016,39.630001068115234,39.900001525878906,6400200
2020-04-03,36.019073486328125,37.91999816894531,40.4900016784668,36.79999923706055,40.25,8805500
2020-04-06,38.65971374511719,40.70000076293945,41.41999816894531,39.72999954223633,40.560001373291016,7713800
2020-04-07,40.5594596862793,42.70000076293945,44.75,42.18000030517578,43.63999938964844,8789800
2020-04-08,44.21646499633789,46.54999923706055,47.52000045776367,43.18000030517578,43.7400016784668,7634800
2020-04-09,45.46078872680664,47.86000061035156,49.88999938964844,46.150001525878906,48.40999984741211,7266000
2020-04-13,44.15946578979492,46.4900016784668,47.630001068115234,45.5099983215332,47.59000015258789,4790700
2020-04-14,45.71725082397461,48.130001068115234,48.25,46.09000015258789,47.59000015258789,5202000
2020-04-15,44.7388801574707,47.099998474121094,48.0,45.650001525878906,46.0099983215332,6095200
2020-04-16,43.59904479980469,45.900001525878906,47.58000183105469,44.54999923706055,47.16999816894531,7540900
2020-04-17,44.65340042114258,47.0099983215332,48.189998626708984,46.209999084472656,47.5,10000100
2020-04-20,40.96790313720703,43.130001068115234,46.099998474121094,43.06999969482422,45.95000076293945,11410300
2020-04-21,38.65021896362305,40.689998626708984,43.119998931884766,40.41999816894531,43.119998931884766,15101300
2020-04-22,38.973167419433594,41.029998779296875,41.869998931884766,40.310001373291016,41.63999938964844,19818900
2020-04-23,43.656028747558594,45.959999084472656,46.4900016784668,43.86000061035156,45.16999816894531,19525700
2020-04-24,41.5853157043457,43.779998779296875,46.369998931884766,43.290000915527344,46.04999923706055,15670900
2020-04-27,44.05498123168945,46.380001068115234,48.470001220703125,44.060001373291016,44.68000030517578,16024200
2020-04-28,44.244956970214844,46.58000183105469,49.9900016784668,44.58000183105469,48.54999923706055,17592900
2020-04-29,46.43915557861328,48.88999938964844,49.81999969482422,47.65999984741211,48.630001068115234,13085800
2020-04-30,45.61276626586914,48.02000045776367,49.34000015258789,46.86000061035156,47.45000076293945,8066800
2020-05-01,43.32358169555664,45.61000061035156,46.540000915527344,45.0,46.09000015258789,5476300
2020-05-04,43.171607971191406,45.45000076293945,45.72999954223633,43.5,44.0,4861700
2020-05-05,44.064476013183594,46.38999938964844,46.75,45.22999954223633,46.630001068115234,5096100
2020-05-06,44.111976623535156,46.439998626708984,47.439998626708984,46.2400016784668,46.970001220703125,5232300
2020-05-07,44.9953498840332,47.369998931884766,48.349998474121094,46.65999984741211,47.130001068115234,5667300
2020-05-08,48.38639450073242,50.939998626708984,51.060001373291016,48.04999923706055,48.689998626708984,7303500
2020-05-11,46.06870651245117,48.5,50.4900016784668,48.40999984741211,50.36000061035156,5409000
2020-05-12,43.656028747558594,45.959999084472656,48.790000915527344,45.91999816894531,48.709999084472656,6918000
2020-05-13,42.193233489990234,44.41999816894531,46.189998626708984,43.97999954223633,46.0,6694500
2020-05-14,43.39007568359375,45.68000030517578,46.04999923706055,42.43000030517578,43.08000183105469,8124300
2020-05-15,42.516197204589844,44.7599983215332,45.86000061035156,44.72999954223633,45.06999969482422,5007800
2020-05-18,45.96421432495117,48.38999938964844,48.65999984741211,47.290000915527344,48.11000061035156,7804100
2020-05-19,45.831241607666016,48.25,49.70000076293945,47.31999969482422,48.5,5936000
2020-05-20,47.65498733520508,50.16999816894531,50.36000061035156,48.790000915527344,49.70000076293945,6946200
2020-05-21,46.13519287109375,48.56999969482422,50.47999954223633,48.31999969482422,50.380001068115234,6378500
2020-05-22,44.548919677734375,46.900001525878906,48.0,46.5,47.65999984741211,6455700
2020-05-26,47.42702102661133,49.93000030517578,50.33000183105469,48.849998474121094,49.970001220703125,6800900
2020-05-27,48.37688064575195,50.93000030517578,52.20000076293945,49.25,51.90999984741211,6734900
2020-05-28,46.11619567871094,48.54999923706055,51.08000183105469,48.33000183105469,51.0,5374000
2020-05-29,45.536781311035156,47.939998626708984,48.68000030517578,46.779998779296875,47.68000030517578,7897200
2020-06-01,46.5721321105957,49.029998779296875,49.7599983215332,47.619998931884766,48.52000045776367,6797000
2020-06-02,45.39430236816406,47.790000915527344,49.2599983215332,47.29999923706055,49.11000061035156,9112100
2020-06-03,49.193782806396484,51.790000915527344,52.16999816894531,48.689998626708984,48.77000045776367,11830500
2020-06-04,49.7257080078125,52.349998474121094,53.91999816894531,49.060001373291016,53.86000061035156,18911800
2020-06-05,50.31462478637695,52.970001220703125,56.02000045776367,52.45000076293945,56.0,11569300
2020-06-08,52.850772857666016,55.63999938964844,55.72999954223633,53.630001068115234,54.75,7497600
2020-06-09,50.97003173828125,53.65999984741211,54.790000915527344,53.040000915527344,54.779998779296875,4806900
2020-06-10,49.174781799316406,51.77000045776367,53.630001068115234,51.68000030517578,53.0099983215332,5501000
2020-06-11,46.629127502441406,49.09000015258789,50.36000061035156,48.16999816894531,48.47999954223633,8932700
2020-06-12,47.370025634765625,49.869998931884766,51.36000061035156,48.599998474121094,51.349998474121094,5830800
2020-06-15,46.60063171386719,49.060001373291016,49.66999816894531,47.75,47.900001525878906,5154800
2020-06-16,46.923587799072266,49.400001525878906,51.380001068115234,47.75,51.279998779296875,8029900
2020-06-17,46.44865417480469,48.900001525878906,49.560001373291016,48.2599983215332,49.189998626708984,4128500
2020-06-18,45.78374099731445,48.20000076293945,49.20000076293945,47.959999084472656,48.38999938964844,5573400
2020-06-19,44.82437515258789,47.189998626708984,49.150001525878906,47.04999923706055,49.09000015258789,8858200
2020-06-22,43.9694938659668,46.290000915527344,46.88999938964844,45.11000061035156,46.779998779296875,9069500
2020-06-23,44.52991485595703,46.880001068115234,47.0099983215332,46.349998474121094,47.0,5939700
2020-06-24,42.687164306640625,44.939998626708984,46.66999816894531,44.25,46.38999938964844,7658100
2020-06-25,42.73465347290039,44.9900016784668,45.150001525878906,43.029998779296875,44.0,10547700
2020-06-26,41.157875061035156,43.33000183105469,44.84000015258789,43.0099983215332,44.720001220703125,8055000
2020-06-29,42.411712646484375,44.650001525878906,44.939998626708984,42.880001068115234,43.52000045776367,7519300
2020-06-30,43.25708770751953,45.540000915527344,45.720001220703125,43.63999938964844,43.779998779296875,5571300
2020-07-01,42.782161712646484,45.040000915527344,46.63999938964844,44.83000183105469,45.650001525878906,3948800
2020-07-02,44.01698303222656,46.34000015258789,46.970001220703125,45.560001373291016,46.08000183105469,4753300
2020-07-06,44.710391998291016,47.06999969482422,48.369998931884766,45.63999938964844,47.599998474121094,7295000
2020-07-07,42.77265167236328,45.029998779296875,46.349998474121094,44.97999954223633,46.189998626708984,5096400
2020-07-08,43.32358169555664,45.61000061035156,45.91999816894531,44.18000030517578,45.0099983215332,3999400
2020-07-09,42.44020080566406,44.68000030517578,45.630001068115234,43.709999084472656,45.560001373291016,3836200
2020-07-10,43.42806625366211,45.720001220703125,45.779998779296875,44.25,44.5,3594700
2020-07-13,46.097206115722656,48.529998779296875,50.099998474121094,45.220001220703125,46.56999969482422,11273000
2020-07-14,45.01435470581055,47.38999938964844,47.900001525878906,46.540000915527344,47.849998474121094,6821300
2020-07-15,47.730979919433594,50.25,50.45000076293945,48.650001525878906,49.029998779296875,6613800
2020-07-16,47.21805191040039,49.709999084472656,49.959999084472656,48.90999984741211,49.43000030517578,4030000
2020-07-17,46.249183654785156,48.689998626708984,49.869998931884766,48.279998779296875,49.869998931884766,3258400
2020-07-20,44.90986633300781,47.279998779296875,48.56999969482422,46.54999923706055,48.0,4612200
2020-07-21,45.593772888183594,48.0,48.97999954223633,47.58000183105469,47.93000030517578,4817900
2020-07-22,44.49192428588867,46.84000015258789,48.08000183105469,46.599998474121094,47.63999938964844,7446000
2020-07-23,42.63017654418945,44.880001068115234,45.97999954223633,44.25,45.4900016784668,10920800
2020-07-24,42.13624954223633,44.36000061035156,44.95000076293945,43.810001373291016,44.25,5408200
2020-07-27,41.30035400390625,43.47999954223633,44.209999084472656,42.689998626708984,43.86000061035156,6681000
2020-07-28,42.003265380859375,44.220001220703125,44.79999923706055,43.150001525878906,43.189998626708984,7858800
2020-07-29,42.09824752807617,44.31999969482422,45.130001068115234,43.369998931884766,44.150001525878906,4649400
2020-07-30,43.219093322753906,45.5,45.75,44.2400016784668,44.40999984741211,6033000
2020-07-31,41.45233917236328,43.63999938964844,45.16999816894531,43.13999938964844,45.13999938964844,4674700
2020-08-03,41.794288635253906,44.0,44.529998779296875,42.58000183105469,43.18000030517578,4364200
2020-08-04,41.53782272338867,43.72999954223633,44.27000045776367,43.33000183105469,44.029998779296875,4017900
2020-08-05,41.16737365722656,43.34000015258789,44.86000061035156,42.95000076293945,44.2400016784668,5455000
2020-08-06,42.9531364440918,45.220001220703125,45.619998931884766,42.68000030517578,43.119998931884766,9063200
2020-08-07,41.98426055908203,44.20000076293945,44.959999084472656,43.5,44.75,5886300
2020-08-10,45.13783645629883,47.52000045776367,48.2599983215332,46.33000183105469,46.45000076293945,10497100
2020-08-11,48.44338607788086,51.0,51.40999984741211,49.38999938964844,49.54999923706055,18750400
2020-08-12,46.610137939453125,49.06999969482422,51.52000045776367,48.59000015258789,51.38999938964844,5332500
2020-08-13,46.18268585205078,48.619998931884766,49.11000061035156,47.97999954223633,48.4900016784668,4557600
2020-08-14,45.945220947265625,48.369998931884766,48.72999954223633,47.79999923706055,48.09000015258789,5896600
2020-08-17,45.32780838012695,47.720001220703125,48.38999938964844,47.5099983215332,48.20000076293945,4361000
2020-08-18,45.29930877685547,47.689998626708984,48.11000061035156,47.209999084472656,47.630001068115234,3494800
2020-08-19,45.090335845947266,47.470001220703125,48.47999954223633,47.220001220703125,48.150001525878906,3587300
2020-08-20,45.080841064453125,47.459999084472656,47.790000915527344,46.619998931884766,46.90999984741211,2930200
2020-08-21,46.08769989013672,48.52000045776367,49.369998931884766,47.86000061035156,48.150001525878906,6626300
2020-08-24,47.31303787231445,49.810001373291016,49.900001525878906,47.720001220703125,48.720001220703125,5074100
2020-08-25,47.45551300048828,49.959999084472656,50.79999923706055,49.630001068115234,50.18000030517578,3833100
2020-08-26,47.360530853271484,49.86000061035156,50.20000076293945,49.099998474121094,50.0,3755800
2020-08-27,47.9969367980957,50.529998779296875,51.290000915527344,49.810001373291016,49.900001525878906,4932200
2020-08-28,49.54522705078125,52.15999984741211,52.959999084472656,50.66999816894531,51.13999938964844,6978200
2020-08-31,48.16791534423828,50.709999084472656,52.099998474121094,50.709999084472656,52.060001373291016,5732300
2020-09-01,47.16105651855469,49.650001525878906,51.31999969482422,49.58000183105469,50.72999954223633,7728000
2020-09-02,48.7568359375,51.33000183105469,51.63999938964844,49.599998474121094,49.70000076293945,6872500
2020-09-03,48.0919303894043,50.630001068115234,52.27000045776367,49.91999816894531,51.5099983215332,5820500
2020-09-04,49.355247497558594,51.959999084472656,52.45000076293945,50.959999084472656,51.400001525878906,7735100
2020-09-08,49.07979202270508,51.66999816894531,52.45000076293945,50.599998474121094,51.029998779296875,8702200
2020-09-09,48.29140853881836,50.84000015258789,51.810001373291016,50.5099983215332,51.66999816894531,4342000
2020-09-10,49.69721221923828,52.31999969482422,53.099998474121094,50.90999984741211,51.349998474121094,5980600
2020-09-11,49.307762145996094,51.90999984741211,53.13999938964844,51.2599983215332,52.95000076293945,5678100
2020-09-14,50.438106536865234,53.099998474121094,53.189998626708984,52.11000061035156,52.15999984741211,4281800
2020-09-15,49.25076675415039,51.849998474121094,53.5099983215332,51.810001373291016,53.25,5173700
2020-09-16,47.18004608154297,49.66999816894531,51.77000045776367,47.22999954223633,51.540000915527344,12557700
2020-09-17,46.61962890625,49.08000183105469,49.31999969482422,48.56999969482422,48.84000015258789,5451900
2020-09-18,46.54364013671875,49.0,49.7599983215332,48.72999954223633,49.06999969482422,7615600
2020-09-21,44.111976623535156,46.439998626708984,47.209999084472656,45.18000030517578,46.880001068115234,6518400
2020-09-22,43.93149185180664,46.25,47.380001068115234,45.880001068115234,46.5099983215332,4131800
2020-09-23,42.782161712646484,45.040000915527344,47.4900016784668,44.959999084472656,46.560001373291016,4477700
2020-09-24,43.60854721069336,45.90999984741211,45.970001220703125,44.060001373291016,44.86000061035156,6974700
2020-09-25,44.60590362548828,46.959999084472656,47.209999084472656,45.40999984741211,45.7400016784668,4663800
2020-09-28,45.232818603515625,47.619998931884766,48.130001068115234,47.20000076293945,47.56999969482422,2843000
2020-09-29,44.377933502197266,46.720001220703125,47.689998626708984,46.33000183105469,47.56999969482422,2503500
2020-09-30,44.32094955444336,46.65999984741211,47.66999816894531,46.310001373291016,47.11000061035156,3064000
2020-10-01,43.90300750732422,46.220001220703125,46.93000030517578,45.91999816894531,46.459999084472656,3379800
2020-10-02,43.83651351928711,46.150001525878906,46.599998474121094,44.77000045776367,45.189998626708984,4278600
2020-10-05,43.90300750732422,46.220001220703125,46.279998779296875,44.95000076293945,46.150001525878906,7117100
2020-10-06,44.09297180175781,46.41999816894531,48.04999923706055,46.290000915527344,46.63999938964844,4915600
2020-10-07,43.86500549316406,46.18000030517578,47.099998474121094,46.11000061035156,46.959999084472656,3655400
2020-10-08,43.798519134521484,46.11000061035156,46.65999984741211,45.93000030517578,46.400001525878906,4378600
2020-10-09,43.42806625366211,45.720001220703125,46.369998931884766,45.099998474121094,46.18000030517578,7820400
2020-10-12,43.85551071166992,46.16999816894531,46.4900016784668,45.61000061035156,45.650001525878906,4964700
2020-10-13,42.56368637084961,44.810001373291016,45.880001068115234,44.08000183105469,45.52000045776367,5338000
2020-10-14,42.725162506103516,44.97999954223633,45.599998474121094,44.84000015258789,44.91999816894531,4071700
2020-10-15,43.44706344604492,45.7400016784668,45.779998779296875,44.36000061035156,44.5,6623600
2020-10-16,43.095611572265625,45.369998931884766,46.2400016784668,45.0,45.810001373291016,3107700
2020-10-19,42.7061653137207,44.959999084472656,46.279998779296875,44.849998474121094,45.25,8732300
2020-10-20,43.884002685546875,46.20000076293945,46.47999954223633,44.86000061035156,45.029998779296875,4661900
2020-10-21,43.63703918457031,45.939998626708984,46.470001220703125,45.65999984741211,45.880001068115234,4001600
2020-10-22,47.31303787231445,49.810001373291016,50.25,48.220001220703125,49.189998626708984,13420800
2020-10-23,48.139427185058594,50.68000030517578,50.97999954223633,49.59000015258789,49.79999923706055,6652300
2020-10-26,46.66712188720703,49.130001068115234,50.33000183105469,48.790000915527344,49.95000076293945,5168900
2020-10-27,45.869232177734375,48.290000915527344,50.45000076293945,47.970001220703125,49.810001373291016,6498500
2020-10-28,44.510921478271484,46.86000061035156,47.86000061035156,46.439998626708984,46.97999954223633,5942800
2020-10-29,45.44179153442383,47.84000015258789,48.279998779296875,46.650001525878906,46.75,4205500
2020-10-30,45.650760650634766,48.060001373291016,48.400001525878906,46.959999084472656,47.189998626708984,5208900
2020-11-02,46.70512008666992,49.16999816894531,49.650001525878906,48.18000030517578,48.709999084472656,5287000
2020-11-03,46.562644958496094,49.02000045776367,50.13999938964844,48.84000015258789,49.63999938964844,4207500
2020-11-04,47.408023834228516,49.90999984741211,51.11000061035156,48.45000076293945,48.900001525878906,4409400
2020-11-05,49.96316909790039,52.599998474121094,52.79999923706055,49.939998626708984,50.02000045776367,8837100
2020-11-06,50.324127197265625,52.97999954223633,53.25,51.41999816894531,52.2400016784668,5059500
2020-11-09,54.968997955322266,57.869998931884766,60.880001068115234,55.83000183105469,59.970001220703125,16292100
2020-11-10,55.63389587402344,58.56999969482422,59.400001525878906,57.06999969482422,58.349998474121094,8732600
2020-11-11,54.09510803222656,56.95000076293945,58.90999984741211,56.61000061035156,58.90999984741211,6309100
2020-11-12,52.77478790283203,55.560001373291016,56.959999084472656,55.11000061035156,55.63999938964844,5679500
2020-11-13,55.358436584472656,58.279998779296875,58.349998474121094,55.279998779296875,55.77000045776367,5944100
2020-11-16,55.45343017578125,58.380001068115234,60.20000076293945,58.13999938964844,59.97999954223633,7886600
2020-11-17,54.61753463745117,57.5,58.279998779296875,56.79999923706055,57.630001068115234,3541800
2020-11-18,54.45606231689453,57.33000183105469,58.38999938964844,56.79999923706055,57.369998931884766,2885000
2020-11-19,55.6244010925293,58.560001373291016,58.779998779296875,56.79999923706055,57.349998474121094,3631900
2020-11-20,53.097747802734375,55.900001525878906,58.349998474121094,55.849998474121094,58.029998779296875,7507200
2020-11-23,53.84814453125,56.689998626708984,57.0,54.869998931884766,56.06999969482422,5985000
2020-11-24,55.1684684753418,58.08000183105469,58.86000061035156,57.349998474121094,57.91999816894531,5015700
2020-11-25,53.705657958984375,56.540000915527344,58.20000076293945,56.36000061035156,57.900001525878906,6092300
2020-11-27,53.75315475463867,56.59000015258789,57.16999816894531,56.45000076293945,56.59000015258789,1816900
2020-11-30,52.91727066040039,55.709999084472656,56.369998931884766,54.900001525878906,56.25,4883600
2020-12-01,53.781654357910156,56.619998931884766,57.34000015258789,56.09000015258789,56.59000015258789,3580100
2020-12-02,54.722023010253906,57.61000061035156,58.16999816894531,56.20000076293945,56.470001220703125,4799400
2020-12-03,55.71938705444336,58.65999984741211,59.75,58.099998474121094,58.58000183105469,5297900
2020-12-04,57.09669876098633,60.11000061035156,60.119998931884766,58.849998474121094,59.15999984741211,4913500
2020-12-07,55.985347747802734,58.939998626708984,59.900001525878906,58.54999923706055,59.869998931884766,3949500
2020-12-08,55.64339828491211,58.58000183105469,59.5,58.209999084472656,58.25,2739300
2020-12-09,55.08297348022461,57.9900016784668,58.900001525878906,57.36000061035156,58.72999954223633,3633100
2020-12-10,54.42756652832031,57.29999923706055,58.27000045776367,57.04999923706055,57.04999923706055,3231300
2020-12-11,53.90513610839844,56.75,57.79999923706055,56.310001373291016,57.349998474121094,3393100
2020-12-14,53.696163177490234,56.529998779296875,57.540000915527344,56.290000915527344,57.540000915527344,4643500
2020-12-15,54.968997955322266,57.869998931884766,58.16999816894531,56.2599983215332,57.27000045776367,3841100
2020-12-16,54.75051498413086,57.63999938964844,57.849998474121094,57.0099983215332,57.849998474121094,2814600
2020-12-17,54.46556091308594,57.34000015258789,58.40999984741211,56.7599983215332,58.34000015258789,3471800
2020-12-18,54.55104446411133,57.43000030517578,57.77000045776367,56.45000076293945,57.29999923706055,5737900
2020-12-21,54.02861785888672,56.880001068115234,57.45000076293945,55.220001220703125,55.68000030517578,3325900
2020-12-22,53.43019485473633,56.25,56.83000183105469,55.880001068115234,56.65999984741211,2704000
2020-12-23,54.32307815551758,57.189998626708984,57.70000076293945,56.290000915527344,56.290000915527344,2071100
2020-12-24,54.152099609375,57.0099983215332,57.4900016784668,56.709999084472656,57.220001220703125,898100
2020-12-28,56.023338317871094,58.97999954223633,59.04999923706055,57.36000061035156,58.04999923706055,3956400
2020-12-29,55.19696044921875,58.11000061035156,59.630001068115234,58.06999969482422,59.349998474121094,3076800
2020-12-30,55.795379638671875,58.7400016784668,59.38999938964844,58.130001068115234,58.400001525878906,2179400
2020-12-31,56.612266540527344,59.599998474121094,59.900001525878906,58.31999969482422,58.86000061035156,3255500
2021-01-04,55.044979095458984,57.95000076293945,60.290000915527344,57.31999969482422,59.79999923706055,10089600
2021-01-05,56.46028518676758,59.439998626708984,59.689998626708984,57.720001220703125,57.790000915527344,2879200
2021-01-06,55.605403900146484,58.540000915527344,60.25,57.97999954223633,59.04999923706055,4055100
2021-01-07,55.234954833984375,58.150001525878906,58.93000030517578,57.630001068115234,58.5,4685700
2021-01-08,55.016483306884766,57.91999816894531,59.790000915527344,57.0099983215332,58.279998779296875,6859900
2021-01-11,53.58218002319336,56.40999984741211,57.0,56.060001373291016,56.880001068115234,5148100
2021-01-12,53.781654357910156,56.619998931884766,57.25,55.75,56.900001525878906,5035100
2021-01-13,52.52781677246094,55.29999923706055,56.54999923706055,54.08000183105469,56.33000183105469,8334700
2021-01-14,52.88877868652344,55.68000030517578,56.16999816894531,54.119998931884766,55.79999923706055,7756600
2021-01-15,50.76105880737305,53.439998626708984,55.72999954223633,53.33000183105469,55.369998931884766,9520100
2021-01-19,51.72043991088867,54.45000076293945,54.709999084472656,52.33000183105469,53.900001525878906,8101400
2021-01-20,51.70143127441406,54.43000030517578,55.36000061035156,54.09000015258789,54.619998931884766,5891400
2021-01-21,52.60381317138672,55.380001068115234,55.880001068115234,54.130001068115234,54.25,5026900
2021-01-22,51.46397018432617,54.18000030517578,54.75,53.52000045776367,54.4900016784668,4991400
2021-01-25,50.324127197265625,52.97999954223633,53.52000045776367,51.619998931884766,53.52000045776367,9109100
2021-01-26,49.79219436645508,52.41999816894531,53.59000015258789,52.38999938964844,52.97999954223633,6812700
2021-01-27,46.58163833618164,49.040000915527344,51.9900016784668,47.5,51.59000015258789,14922100
2021-01-28,46.61962890625,49.08000183105469,50.650001525878906,47.810001373291016,49.18000030517578,14898200
2021-01-29,45.67925262451172,48.09000015258789,49.34000015258789,47.439998626708984,49.0099983215332,11105300
2021-02-01,46.610137939453125,49.06999969482422,49.9900016784668,48.5,49.0,8370900
2021-02-02,49.54522705078125,52.15999984741211,52.689998626708984,49.41999816894531,49.75,10098200
2021-02-03,51.103023529052734,53.79999923706055,54.34000015258789,52.029998779296875,52.27000045776367,13358800
2021-02-04,50.29562759399414,52.95000076293945,54.29999923706055,52.36000061035156,54.06999969482422,6613300
2021-02-05,52.7842903137207,55.56999969482422,56.619998931884766,54.720001220703125,55.20000076293945,13006700
2021-02-08,52.52781677246094,55.29999923706055,55.58000183105469,54.029998779296875,55.45000076293945,8163600
2021-02-09,51.672943115234375,54.400001525878906,55.25,54.11000061035156,55.25,7426600
2021-02-10,52.727294921875,55.5099983215332,56.279998779296875,54.540000915527344,54.599998474121094,6111900
2021-02-11,52.24285888671875,55.0,55.81999969482422,54.54999923706055,55.45000076293945,4049900
2021-02-12,53.21173095703125,56.02000045776367,56.279998779296875,54.220001220703125,54.45000076293945,4995000
2021-02-16,54.57954025268555,57.459999084472656,57.689998626708984,55.869998931884766,56.65999984741211,7314800
2021-02-17,55.08297348022461,57.9900016784668,59.0,56.650001525878906,57.130001068115234,5930100
2021-02-18,55.3204460144043,58.2400016784668,58.59000015258789,56.790000915527344,57.689998626708984,6577300
2021-02-19,57.16319274902344,60.18000030517578,60.58000183105469,58.40999984741211,58.459999084472656,8656000
2021-02-22,58.644981384277344,61.7400016784668,63.560001373291016,60.869998931884766,61.18000030517578,11614700
2021-02-23,61.15264129638672,64.37999725341797,64.94000244140625,60.86000061035156,64.25,15069400
2021-02-24,61.56108856201172,64.80999755859375,64.98999786376953,63.38999938964844,64.5,7553000
2021-02-25,59.41438293457031,62.54999923706055,65.1500015258789,62.15999984741211,64.7300033569336,6352700
2021-02-26,59.46187210083008,62.599998474121094,63.5,61.529998779296875,62.5099983215332,5717500
2021-03-01,59.88931655883789,63.04999923706055,64.48999786376953,62.7400016784668,64.48999786376953,4359700
2021-03-02,61.694068908691406,64.94999694824219,65.19999694824219,63.04999923706055,63.09000015258789,6506600
2021-03-03,62.520450592041016,65.81999969482422,66.7699966430664,64.63999938964844,66.29000091552734,10040600
2021-03-04,59.22441101074219,62.349998474121094,66.13999938964844,61.20000076293945,65.75,10263500
2021-03-05,59.30989456176758,62.439998626708984,63.18000030517578,59.130001068115234,62.7599983215332,10438900
2021-03-08,60.088783264160156,63.2599983215332,64.38999938964844,62.27000045776367,63.02000045776367,5308300
2021-03-09,59.00593948364258,62.119998931884766,63.59000015258789,61.90999984741211,63.56999969482422,6268000
2021-03-10,58.91094970703125,62.02000045776367,62.84000015258789,61.52000045776367,62.189998626708984,4994800
2021-03-11,59.993804931640625,63.15999984741211,64.29000091552734,61.880001068115234,62.459999084472656,4634400
2021-03-12,59.319400787353516,62.45000076293945,63.61000061035156,62.34000015258789,62.91999816894531,3901300
2021-03-15,62.881412506103516,66.19999694824219,66.22000122070312,63.79999923706055,64.0999984741211,7511300
2021-03-16,61.71306610107422,64.97000122070312,66.62000274658203,64.48999786376953,66.26000213623047,4153900
2021-03-17,62.62494659423828,65.93000030517578,66.0,64.3499984741211,64.3499984741211,3344800
2021-03-18,61.52309036254883,64.7699966430664,66.20999908447266,64.58000183105469,65.9000015258789,3274200
2021-03-19,60.54472732543945,63.7400016784668,65.0199966430664,63.70000076293945,64.58000183105469,6630800
2021-03-22,59.718345642089844,62.869998931884766,63.869998931884766,62.529998779296875,63.58000183105469,4208800
2021-03-23,56.374794006347656,59.349998474121094,62.4900016784668,59.04999923706055,61.79999923706055,8803400
2021-03-24,56.1943244934082,59.15999984741211,61.18000030517578,59.11000061035156,59.720001220703125,4988600
2021-03-25,57.676124572753906,60.720001220703125,60.79999923706055,57.77000045776367,58.470001220703125,4241100
2021-03-26,57.94208526611328,61.0,61.16999816894531,59.349998474121094,61.0,3665000
2021-03-29,56.72625732421875,59.720001220703125,61.09000015258789,59.25,60.619998931884766,3392800
2021-03-30,58.15105438232422,61.220001220703125,61.720001220703125,59.779998779296875,59.95000076293945,3613700
2021-03-31,57.714107513427734,60.7599983215332,61.400001525878906,60.279998779296875,61.2400016784668,4271500
2021-04-01,58.74946594238281,61.849998474121094,62.22999954223633,60.90999984741211,61.290000915527344,3918400
2021-04-05,59.46187210083008,62.599998474121094,63.47999954223633,62.52000045776367,62.779998779296875,3094700
2021-04-06,60.42123794555664,63.61000061035156,64.33000183105469,62.650001525878906,62.81999969482422,4249600
2021-04-07,59.015438079833984,62.130001068115234,63.77000045776367,61.7400016784668,63.599998474121094,3937300
2021-04-08,59.46187210083008,62.599998474121094,62.7599983215332,61.7599983215332,62.2599983215332,2298100
2021-04-09,58.83495330810547,61.939998626708984,62.29999923706055,61.279998779296875,62.029998779296875,3232200
2021-04-12,58.52149963378906,61.61000061035156,61.880001068115234,61.16999816894531,61.72999954223633,2716200
2021-04-13,57.94208526611328,61.0,61.40999984741211,59.72999954223633,60.70000076293945,3954800
2021-04-14,58.23653793334961,61.310001373291016,62.119998931884766,60.84000015258789,61.040000915527344,3587100
2021-04-15,58.21754837036133,61.290000915527344,61.90999984741211,60.95000076293945,61.459999084472656,2550600
2021-04-16,57.94208526611328,61.0,62.16999816894531,60.81999969482422,61.70000076293945,4704600
2021-04-19,57.58113098144531,60.619998931884766,61.43000030517578,60.310001373291016,61.27000045776367,3050300
2021-04-20,56.08033752441406,59.040000915527344,60.349998474121094,58.150001525878906,60.349998474121094,5960000
2021-04-21,57.714107513427734,60.7599983215332,61.189998626708984,58.790000915527344,59.61000061035156,5542300
2021-04-22,55.40592575073242,58.33000183105469,60.060001373291016,57.75,58.27000045776367,12097900
2021-04-23,56.764244079589844,59.7599983215332,59.95000076293945,58.40999984741211,58.70000076293945,5583500
2021-04-26,56.327301025390625,59.29999923706055,60.70000076293945,59.13999938964844,60.13999938964844,3317400
2021-04-27,57.68561935424805,60.72999954223633,61.150001525878906,58.93000030517578,59.29999923706055,8873300
2021-04-28,58.644981384277344,61.7400016784668,61.90999984741211,60.34000015258789,61.0,3628600
2021-04-29,58.122554779052734,61.189998626708984,62.849998474121094,60.349998474121094,62.400001525878906,4214200
2021-04-30,58.189048767089844,61.2599983215332,61.33000183105469,60.13999938964844,61.0,3792400
2021-05-03,57.999080657958984,61.060001373291016,61.810001373291016,60.720001220703125,61.31999969482422,3194200
2021-05-04,56.36530303955078,59.34000015258789,60.84000015258789,58.65999984741211,60.599998474121094,3994800
2021-05-05,56.47928237915039,59.459999084472656,60.34000015258789,59.099998474121094,59.9900016784668,5460300
2021-05-06,54.39906692504883,57.27000045776367,59.130001068115234,56.54999923706055,59.08000183105469,7508200
2021-05-07,54.80751419067383,57.70000076293945,58.369998931884766,57.25,57.43000030517578,4328200
2021-05-10,54.27558898925781,57.13999938964844,58.75,57.099998474121094,58.040000915527344,5430100
2021-05-11,53.42070388793945,56.2400016784668,57.18000030517578,55.79999923706055,56.939998626708984,6114500
2021-05-12,52.18587112426758,54.939998626708984,56.81999969482422,54.849998474121094,55.72999954223633,7048300
2021-05-13,52.964759826660156,55.7599983215332,56.25,54.650001525878906,55.16999816894531,10967600
2021-05-14,54.99748611450195,57.900001525878906,58.31999969482422,55.52000045776367,56.0099983215332,7256800
2021-05-17,53.914634704589844,56.7599983215332,57.20000076293945,55.540000915527344,56.93000030517578,5001800
2021-05-18,53.86713790893555,56.709999084472656,58.04999923706055,56.66999816894531,57.09000015258789,4224400
2021-05-19,53.31621170043945,56.130001068115234,56.20000076293945,55.290000915527344,55.4900016784668,4466300
2021-05-20,54.86450958251953,57.7599983215332,57.81999969482422,56.150001525878906,56.209999084472656,8089400
2021-05-21,54.82651138305664,57.720001220703125,58.66999816894531,57.68000030517578,58.29999923706055,5027700
2021-05-24,54.84550476074219,57.7400016784668,58.13999938964844,57.150001525878906,58.02000045776367,5311100
2021-05-25,54.77901077270508,57.66999816894531,58.25,57.130001068115234,58.09000015258789,4459400
2021-05-26,56.05183410644531,59.0099983215332,59.84000015258789,57.869998931884766,58.0,6644300
2021-05-27,55.6244010925293,58.560001373291016,59.349998474121094,58.369998931884766,59.16999816894531,4680000
2021-05-28,54.85499954223633,57.75,58.619998931884766,57.47999954223633,58.38999938964844,5644400
2021-06-01,56.23231887817383,59.20000076293945,59.279998779296875,58.0099983215332,58.59000015258789,5923400
2021-06-02,55.96635055541992,58.91999816894531,59.59000015258789,58.38999938964844,59.59000015258789,5142300
2021-06-03,53.914634704589844,56.7599983215332,58.630001068115234,56.7400016784668,58.369998931884766,6163100
2021-06-04,53.68666458129883,56.52000045776367,57.29999923706055,55.9900016784668,57.209999084472656,5762300
2021-06-07,53.68666458129883,56.52000045776367,56.529998779296875,55.9900016784668,56.27000045776367,3869100
2021-06-08,53.11673355102539,55.91999816894531,56.88999938964844,55.45000076293945,56.86000061035156,6738400
2021-06-09,52.32835388183594,55.09000015258789,56.25,54.939998626708984,56.0099983215332,6659400
2021-06-10,52.613304138183594,55.38999938964844,55.599998474121094,54.58000183105469,54.9900016784668,6563500
2021-06-11,52.84128189086914,55.630001068115234,55.650001525878906,54.84000015258789,55.38999938964844,2849400
2021-06-14,51.43547058105469,54.150001525878906,55.79999923706055,54.099998474121094,55.630001068115234,5826400
2021-06-15,51.56845474243164,54.290000915527344,54.560001373291016,53.720001220703125,54.150001525878906,7104300
2021-06-16,51.64444351196289,54.369998931884766,55.04999923706055,53.880001068115234,54.5,4043000
2021-06-17,51.42597198486328,54.13999938964844,55.599998474121094,54.119998931884766,54.720001220703125,6224600
2021-06-18,50.34312438964844,53.0,53.70000076293945,52.91999816894531,53.43000030517578,7739400
2021-06-21,51.83441162109375,54.56999969482422,54.66999816894531,52.79999923706055,53.459999084472656,4590700
2021-06-22,50.91304397583008,53.599998474121094,54.06999969482422,53.45000076293945,54.0,6349400
2021-06-23,50.69457244873047,53.369998931884766,53.869998931884766,52.91999816894531,53.560001373291016,7196800
2021-06-24,49.317264556884766,51.91999816894531,53.83000183105469,51.349998474121094,53.83000183105469,17191600
2021-06-25,50.03915786743164,52.68000030517578,53.04999923706055,51.83000183105469,52.0,12448800
2021-06-28,48.79483413696289,51.369998931884766,52.38999938964844,51.0099983215332,52.25,6763500
2021-06-29,48.614356994628906,51.18000030517578,51.959999084472656,51.06999969482422,51.52000045776367,4348200
2021-06-30,50.04865646362305,52.689998626708984,53.0,51.84000015258789,51.939998626708984,9403600
2021-07-01,50.46660232543945,53.130001068115234,53.56999969482422,52.779998779296875,52.849998474121094,5309300
2021-07-02,50.40961456298828,53.06999969482422,53.25,52.540000915527344,53.18000030517578,4179500
2021-07-06,48.94681167602539,51.529998779296875,53.130001068115234,51.41999816894531,53.0099983215332,4222000
2021-07-07,48.300899505615234,50.849998474121094,52.0,50.290000915527344,52.0,5005100
2021-07-08,47.730979919433594,50.25,50.970001220703125,49.5,50.0,6516700
2021-07-09,48.7568359375,51.33000183105469,51.66999816894531,50.52000045776367,50.790000915527344,4396300
2021-07-12,48.46237564086914,51.02000045776367,51.25,50.41999816894531,50.650001525878906,3537700
2021-07-13,47.95895004272461,50.4900016784668,50.95000076293945,50.16999816894531,50.630001068115234,4049200
2021-07-14,47.60749435424805,50.119998931884766,51.06999969482422,49.95000076293945,50.66999816894531,3634200
2021-07-15,46.96158218383789,49.439998626708984,49.93000030517578,49.02000045776367,49.66999816894531,4632300
2021-07-16,45.42279052734375,47.81999969482422,49.84000015258789,47.72999954223633,49.779998779296875,6461100
2021-07-19,44.966854095458984,47.34000015258789,47.95000076293945,46.150001525878906,46.20000076293945,7003300
2021-07-20,45.384796142578125,47.779998779296875,48.20000076293945,46.790000915527344,47.16999816894531,6829700
2021-07-21,46.94258499145508,49.41999816894531,49.630001068115234,48.060001373291016,48.209999084472656,7526500
2021-07-22,44.85287094116211,47.220001220703125,48.040000915527344,46.77000045776367,47.959999084472656,13375000
2021-07-23,43.475563049316406,45.77000045776367,47.529998779296875,45.70000076293945,47.060001373291016,11692500
2021-07-26,43.07661437988281,45.349998474121094,45.41999816894531,44.189998626708984,45.34000015258789,13267200
2021-07-27,41.4333381652832,43.619998931884766,45.060001373291016,43.13999938964844,44.59000015258789,11810200
2021-07-28,42.27872085571289,44.5099983215332,45.16999816894531,43.630001068115234,44.2599983215332,13116200
2021-07-29,40.83492660522461,42.9900016784668,44.7599983215332,42.900001525878906,44.59000015258789,16281600
2021-07-30,40.22700500488281,42.349998474121094,43.63999938964844,42.20000076293945,42.599998474121094,7717700
2021-08-02,39.429107666015625,41.5099983215332,43.15999984741211,41.45000076293945,42.88999938964844,10970900
2021-08-03,38.11829376220703,40.130001068115234,41.470001220703125,39.540000915527344,41.369998931884766,16185600
2021-08-04,36.911949157714844,38.86000061035156,40.400001525878906,38.7400016784668,39.81999969482422,11721600
2021-08-05,38.72621536254883,40.77000045776367,41.119998931884766,39.06999969482422,39.119998931884766,11698300
2021-08-06,38.82119369506836,40.869998931884766,41.52000045776367,40.630001068115234,40.97999954223633,6931300
2021-08-09,38.60272216796875,40.63999938964844,40.849998474121094,39.5,40.84000015258789,8157000
2021-08-10,38.91618728637695,40.970001220703125,41.27000045776367,40.4900016784668,40.72999954223633,6456800
2021-08-11,38.9351806640625,40.9900016784668,41.15999984741211,40.38999938964844,40.900001525878906,6991200
2021-08-12,38.74521255493164,40.790000915527344,41.20000076293945,40.43000030517578,41.150001525878906,5926400
2021-08-13,37.95680618286133,39.959999084472656,40.79999923706055,39.81999969482422,40.7400016784668,5531500
2021-08-16,37.37739181518555,39.349998474121094,39.810001373291016,39.06999969482422,39.63999938964844,6973700
2021-08-17,36.70298385620117,38.63999938964844,39.040000915527344,38.18000030517578,38.900001525878906,8165900
2021-08-18,36.39902877807617,38.31999969482422,39.04999923706055,38.130001068115234,38.709999084472656,6940900
2021-08-19,34.92673110961914,36.77000045776367,38.06999969482422,36.41999816894531,38.0,19821200
2021-08-20,35.667625427246094,37.54999923706055,37.79999923706055,36.599998474121094,36.720001220703125,8893200
2021-08-23,37.73835372924805,39.72999954223633,39.77000045776367,38.15999984741211,38.540000915527344,13004000
2021-08-24,40.57846450805664,42.720001220703125,42.84000015258789,40.790000915527344,40.88999938964844,24200400
2021-08-25,41.0723876953125,43.2400016784668,43.369998931884766,42.09000015258789,42.869998931884766,11615100
2021-08-26,40.86341857910156,43.02000045776367,44.119998931884766,42.650001525878906,43.11000061035156,8170400
2021-08-27,41.708805084228516,43.90999984741211,44.04999923706055,42.9900016784668,43.040000915527344,7361300
2021-08-30,41.262359619140625,43.439998626708984,44.290000915527344,43.290000915527344,44.06999969482422,5464700
2021-08-31,42.37370300292969,44.61000061035156,44.810001373291016,43.470001220703125,43.650001525878906,9639600
2021-09-01,41.90827178955078,44.119998931884766,45.36000061035156,44.08000183105469,45.130001068115234,7445900
2021-09-02,41.80378723144531,44.0099983215332,44.75,43.79999923706055,44.20000076293945,5231600
2021-09-03,40.96790313720703,43.130001068115234,44.0099983215332,42.849998474121094,43.779998779296875,5754000
2021-09-07,42.67767333984375,44.93000030517578,45.18000030517578,42.970001220703125,43.45000076293945,7481900
2021-09-08,41.737300872802734,43.939998626708984,45.52000045776367,43.470001220703125,44.84000015258789,6849500
2021-09-09,41.4808349609375,43.66999816894531,44.52000045776367,43.5099983215332,43.88999938964844,4540200
2021-09-10,39.74256896972656,41.84000015258789,44.0,41.84000015258789,43.849998474121094,7063200
2021-09-13,40.73992919921875,42.88999938964844,43.119998931884766,41.72999954223633,42.02000045776367,6256900
2021-09-14,36.769474029541016,38.709999084472656,39.810001373291016,36.93000030517578,39.29999923706055,51816100
2021-09-15,36.1425666809082,38.04999923706055,38.279998779296875,36.150001525878906,36.54999923706055,30369500
2021-09-16,35.63913345336914,37.52000045776367,37.790000915527344,36.45000076293945,37.09000015258789,22184400
2021-09-17,36.25654220581055,38.16999816894531,38.27000045776367,37.439998626708984,37.439998626708984,17752000
2021-09-20,35.80060577392578,37.689998626708984,38.2599983215332,36.709999084472656,36.900001525878906,14699600
2021-09-21,33.80588150024414,35.59000015258789,38.34000015258789,35.59000015258789,37.91999816894531,15596600
2021-09-22,34.30931091308594,36.119998931884766,36.880001068115234,35.86000061035156,35.869998931884766,12403500
2021-09-23,35.41115951538086,37.279998779296875,37.72999954223633,36.31999969482422,36.58000183105469,10392400
2021-09-24,35.05021667480469,36.900001525878906,38.13999938964844,36.599998474121094,37.29999923706055,12205200
2021-09-27,36.00008010864258,37.900001525878906,38.58000183105469,36.86000061035156,36.900001525878906,10832700
2021-09-28,35.43016052246094,37.29999923706055,38.52000045776367,37.209999084472656,37.900001525878906,6471100
2021-09-29,34.575279235839844,36.400001525878906,37.56999969482422,36.38999938964844,37.400001525878906,8328200
2021-09-30,34.7652473449707,36.599998474121094,37.060001373291016,36.220001220703125,36.5,6679100
2021-10-01,36.266048431396484,38.18000030517578,38.40999984741211,37.06999969482422,37.279998779296875,8119000
2021-10-04,35.05970764160156,36.90999984741211,38.349998474121094,36.709999084472656,38.09000015258789,7120900
2021-10-05,35.591636657714844,37.470001220703125,38.0,36.70000076293945,37.099998474121094,7631400
2021-10-06,34.90773391723633,36.75,37.43000030517578,36.52000045776367,37.11000061035156,11977600
2021-10-07,35.259185791015625,37.119998931884766,37.689998626708984,36.65999984741211,37.13999938964844,12755800
2021-10-08,36.30403518676758,38.220001220703125,38.31999969482422,37.04999923706055,37.29999923706055,8133200
2021-10-11,37.13042449951172,39.09000015258789,39.9900016784668,38.20000076293945,38.22999954223633,10367900
2021-10-12,38.21327209472656,40.22999954223633,40.58000183105469,39.09000015258789,39.279998779296875,10446700
2021-10-13,38.04230499267578,40.04999923706055,40.150001525878906,39.310001373291016,40.04999923706055,5514600
2021-10-14,38.34626007080078,40.369998931884766,40.880001068115234,39.959999084472656,40.56999969482422,5941500
2021-10-15,38.089786529541016,40.099998474121094,41.02000045776367,40.029998779296875,40.65999984741211,5368000
2021-10-18,38.032806396484375,40.040000915527344,40.58000183105469,39.56999969482422,40.11000061035156,5244300
2021-10-19,38.27976989746094,40.29999923706055,40.349998474121094,39.709999084472656,40.209999084472656,5414800
2021-10-20,37.53887176513672,39.52000045776367,40.900001525878906,39.25,40.54999923706055,10680700
2021-10-21,36.82646942138672,38.77000045776367,39.47999954223633,38.34000015258789,38.720001220703125,13877400
2021-10-22,36.09505844116211,38.0,38.790000915527344,37.810001373291016,38.650001525878906,6509900
2021-10-25,36.0855712890625,37.9900016784668,38.599998474121094,37.709999084472656,38.290000915527344,7050700
2021-10-26,37.07343292236328,39.029998779296875,39.7400016784668,38.59000015258789,38.65999984741211,6876600
2021-10-27,38.27976989746094,40.29999923706055,40.9900016784668,38.810001373291016,39.099998474121094,10587600
2021-10-28,37.74784469604492,39.7400016784668,40.209999084472656,39.189998626708984,40.189998626708984,6825100
2021-10-29,36.864463806152344,38.810001373291016,40.5,38.68000030517578,39.75,8833700
2021-11-01,38.96367263793945,41.02000045776367,41.04999923706055,38.33000183105469,38.880001068115234,6788900
2021-11-02,38.65971374511719,40.70000076293945,40.7400016784668,39.939998626708984,40.59000015258789,5127800
2021-11-03,39.02067565917969,41.08000183105469,41.4900016784668,40.31999969482422,40.900001525878906,6084800
2021-11-04,37.74784469604492,39.7400016784668,41.33000183105469,39.720001220703125,41.27000045776367,5901800
2021-11-05,40.502464294433594,42.63999938964844,42.95000076293945,41.369998931884766,41.7400016784668,14591500
2021-11-08,39.486106872558594,41.56999969482422,43.22999954223633,41.459999084472656,43.099998474121094,8229800
2021-11-09,39.02067565917969,41.08000183105469,41.84000015258789,40.650001525878906,41.58000183105469,5635700
2021-11-10,38.032806396484375,40.040000915527344,41.59000015258789,39.81999969482422,40.83000183105469,7939600
2021-11-11,37.519874572753906,39.5,40.36000061035156,39.45000076293945,39.91999816894531,6335700
2021-11-12,37.70984649658203,39.70000076293945,39.83000183105469,39.099998474121094,39.540000915527344,6667800
2021-11-15,39.26763153076172,41.34000015258789,41.540000915527344,39.939998626708984,39.939998626708984,7207700
2021-11-16,38.60272216796875,40.63999938964844,41.54999923706055,39.880001068115234,41.540000915527344,6907200
2021-11-17,37.32040023803711,39.290000915527344,40.709999084472656,39.0099983215332,40.2400016784668,5943300
2021-11-18,36.617488861083984,38.54999923706055,39.400001525878906,38.130001068115234,39.33000183105469,6432400
2021-11-19,36.34203338623047,38.2599983215332,38.779998779296875,37.81999969482422,38.02000045776367,9708500
2021-11-22,38.59322738647461,40.630001068115234,40.9900016784668,38.66999816894531,39.0,9261000
2021-11-23,37.8143310546875,39.810001373291016,41.18000030517578,39.61000061035156,40.9900016784668,6019400
2021-11-24,38.00429916381836,40.0099983215332,40.560001373291016,39.36000061035156,39.5,4957400
2021-11-26,35.97158432006836,37.869998931884766,37.97999954223633,36.61000061035156,37.33000183105469,15314800
2021-11-29,35.39216232299805,37.2599983215332,38.4900016784668,37.20000076293945,37.959999084472656,10209900
2021-11-30,33.834381103515625,35.619998931884766,37.130001068115234,35.2400016784668,36.5,15398700
2021-12-01,32.27659606933594,33.97999954223633,37.45000076293945,33.95000076293945,36.29999923706055,10906100
2021-12-02,33.80588150024414,35.59000015258789,35.63999938964844,33.75,34.29999923706055,10494800
2021-12-03,32.561553955078125,34.279998779296875,35.54999923706055,33.869998931884766,35.52000045776367,7151400
2021-12-06,34.898231506347656,36.7400016784668,37.959999084472656,34.720001220703125,34.810001373291016,10168700
2021-12-07,35.2116813659668,37.06999969482422,38.029998779296875,36.91999816894531,37.45000076293945,7425300
2021-12-08,36.769474029541016,38.709999084472656,39.209999084472656,37.099998474121094,37.43000030517578,8871700
2021-12-09,36.19955062866211,38.11000061035156,38.88999938964844,38.040000915527344,38.189998626708984,5732000
2021-12-10,35.77211380004883,37.65999984741211,38.439998626708984,37.38999938964844,38.310001373291016,5972300
2021-12-13,35.07870101928711,36.93000030517578,37.33000183105469,36.220001220703125,36.900001525878906,7841400
2021-12-14,34.546783447265625,36.369998931884766,37.290000915527344,36.18000030517578,36.40999984741211,9286900
2021-12-15,34.204830169677734,36.0099983215332,36.349998474121094,35.150001525878906,36.20000076293945,9878900
2021-12-16,33.34994888305664,35.11000061035156,36.869998931884766,34.90999984741211,36.31999969482422,7956800
2021-12-17,33.66339874267578,35.439998626708984,35.779998779296875,34.040000915527344,34.939998626708984,11950300
2021-12-20,32.43806838989258,34.150001525878906,35.150001525878906,33.83000183105469,34.27000045776367,8641100
2021-12-21,35.1641960144043,37.02000045776367,37.209999084472656,34.529998779296875,34.529998779296875,9792700
2021-12-22,35.1736946105957,37.029998779296875,37.38999938964844,36.220001220703125,36.779998779296875,6242000
2021-12-23,36.65549087524414,38.59000015258789,39.380001068115234,37.529998779296875,39.02000045776367,12964000
2021-12-27,35.97158432006836,37.869998931884766,38.16999816894531,37.310001373291016,38.02000045776367,7085100
2021-12-28,35.76261520385742,37.650001525878906,38.45000076293945,37.20000076293945,37.5,5098900
2021-12-29,35.32566452026367,37.189998626708984,37.720001220703125,36.95000076293945,37.380001068115234,4364900
2021-12-30,35.791107177734375,37.68000030517578,38.349998474121094,36.93000030517578,37.040000915527344,5882300
2021-12-31,35.75312042236328,37.63999938964844,38.209999084472656,37.400001525878906,37.54999923706055,4777600
2022-01-03,36.9024543762207,38.849998474121094,39.18000030517578,37.88999938964844,38.02000045776367,6434900
2022-01-04,36.721981048583984,38.65999984741211,39.599998474121094,38.43000030517578,39.36000061035156,6132000
2022-01-05,35.116703033447266,36.970001220703125,38.86000061035156,36.880001068115234,38.4900016784668,8088700
2022-01-06,35.93360137939453,37.83000183105469,38.33000183105469,36.84000015258789,37.34000015258789,5588000
2022-01-07,36.00008010864258,37.900001525878906,38.61000061035156,37.79999923706055,37.869998931884766,5827700
2022-01-10,34.6037712097168,36.43000030517578,37.52000045776367,35.380001068115234,37.0099983215332,9357000
2022-01-11,36.9024543762207,38.849998474121094,39.41999816894531,37.2599983215332,37.619998931884766,17029400
2022-01-12,36.997440338134766,38.95000076293945,39.5,38.349998474121094,39.25,6935400
2022-01-13,35.77211380004883,37.65999984741211,39.4900016784668,37.59000015258789,38.939998626708984,7045000
2022-01-14,40.83492660522461,42.9900016784668,43.720001220703125,41.5099983215332,42.130001068115234,49781100
2022-01-18,40.93940734863281,43.099998474121094,44.279998779296875,41.86000061035156,42.58000183105469,20203100
2022-01-19,41.718292236328125,43.91999816894531,44.86000061035156,43.2599983215332,43.970001220703125,14169700
2022-01-20,41.42384338378906,43.61000061035156,45.02000045776367,43.5,44.15999984741211,9836100
2022-01-21,41.55682373046875,43.75,44.970001220703125,42.900001525878906,43.65999984741211,14375300
2022-01-24,42.639671325683594,44.88999938964844,44.9900016784668,41.90999984741211,42.79999923706055,16501700
2022-01-25,42.62067413330078,44.869998931884766,45.369998931884766,43.02000045776367,44.0,9875100
2022-01-26,41.90827178955078,44.119998931884766,45.4900016784668,43.810001373291016,45.2599983215332,9186000
2022-01-27,39.97054672241211,42.08000183105469,44.290000915527344,41.79999923706055,44.220001220703125,9585800
2022-01-28,40.94889831542969,43.11000061035156,43.16999816894531,41.81999969482422,42.33000183105469,7040500
2022-01-31,41.60431671142578,43.79999923706055,43.90999984741211,42.36000061035156,42.77000045776367,6136000
2022-02-01,42.411712646484375,44.650001525878906,44.970001220703125,43.81999969482422,43.84000015258789,5808100
2022-02-02,42.506690979003906,44.75,45.70000076293945,44.290000915527344,44.599998474121094,10342500
2022-02-03,41.708805084228516,43.90999984741211,45.25,43.849998474121094,44.09000015258789,5268500
2022-02-04,41.98426055908203,44.20000076293945,44.529998779296875,43.279998779296875,43.650001525878906,5479000
2022-02-07,43.219093322753906,45.5,45.95000076293945,44.279998779296875,44.41999816894531,8361700
2022-02-08,43.45656204223633,45.75,46.470001220703125,44.9900016784668,45.790000915527344,8268100
2022-02-09,44.368438720703125,46.709999084472656,46.90999984741211,45.72999954223633,45.93000030517578,6379000
2022-02-10,44.31144332885742,46.650001525878906,47.369998931884766,45.90999984741211,46.04999923706055,6549600
2022-02-11,42.89613342285156,45.15999984741211,47.31999969482422,44.86000061035156,46.66999816894531,7252800
2022-02-14,43.89350128173828,46.209999084472656,47.54999923706055,45.150001525878906,45.220001220703125,9440600
2022-02-15,45.36579895019531,47.7599983215332,47.97999954223633,46.95000076293945,47.220001220703125,8576400
2022-02-16,45.223323822021484,47.61000061035156,48.27000045776367,46.86000061035156,47.209999084472656,6073900
2022-02-17,44.700897216796875,47.060001373291016,47.83000183105469,46.720001220703125,47.0,6470200
2022-02-18,44.75788879394531,47.119998931884766,47.72999954223633,46.36000061035156,46.810001373291016,6884300
2022-02-22,43.143104553222656,45.41999816894531,46.66999816894531,44.47999954223633,46.66999816894531,8732000
2022-02-23,42.886634826660156,45.150001525878906,46.47999954223633,45.02000045776367,46.08000183105469,6190400
2022-02-24,41.39534378051758,43.58000183105469,43.869998931884766,42.04999923706055,42.970001220703125,11837500
2022-02-25,42.2882194519043,44.52000045776367,44.58000183105469,43.0,43.97999954223633,7213700
2022-02-28,40.7114372253418,42.86000061035156,43.619998931884766,42.369998931884766,43.459999084472656,8260000
2022-03-01,38.27976989746094,40.29999923706055,43.06999969482422,40.060001373291016,42.47999954223633,10125400
2022-03-02,42.174232482910156,44.400001525878906,44.869998931884766,42.2599983215332,42.40999984741211,14976200
2022-03-03,40.245994567871094,42.369998931884766,43.91999816894531,42.18000030517578,43.900001525878906,7160700
2022-03-04,38.754703521728516,40.79999923706055,42.099998474121094,40.22999954223633,41.630001068115234,8204200
2022-03-07,34.29030990600586,36.099998474121094,40.81999969482422,35.880001068115234,40.81999969482422,14629900
2022-03-08,35.14519500732422,37.0,38.29999923706055,35.22999954223633,36.34000015258789,8893700
2022-03-09,36.82646942138672,38.77000045776367,39.619998931884766,38.5,38.779998779296875,7507100
2022-03-10,36.66498947143555,38.599998474121094,39.0,37.68000030517578,37.88999938964844,5876400
2022-03-11,34.594276428222656,36.41999816894531,39.18000030517578,36.40999984741211,38.90999984741211,7488800
2022-03-14,30.48133659362793,32.09000015258789,35.34000015258789,31.75,35.15999984741211,17873100
2022-03-15,31.022762298583984,32.65999984741211,33.310001373291016,31.260000228881836,31.719999313354492,10523400
2022-03-16,34.7082633972168,36.540000915527344,36.54999923706055,34.43000030517578,34.5,13820800
2022-03-17,35.49665069580078,37.369998931884766,37.439998626708984,35.529998779296875,35.959999084472656,9785900
2022-03-18,37.00694274902344,38.959999084472656,39.29999923706055,36.77000045776367,36.970001220703125,10334900
2022-03-21,36.75047302246094,38.689998626708984,39.150001525878906,38.0099983215332,38.540000915527344,5661200
2022-03-22,37.06393814086914,39.02000045776367,39.709999084472656,38.52000045776367,38.52000045776367,4938000
2022-03-23,36.25654220581055,38.16999816894531,39.119998931884766,38.060001373291016,38.599998474121094,4706100
2022-03-24,37.73835372924805,39.72999954223633,39.77000045776367,38.27000045776367,38.72999954223633,6852300
2022-03-25,37.23491287231445,39.20000076293945,39.79999923706055,38.93000030517578,39.75,4426400
2022-03-28,36.94045639038086,38.88999938964844,39.31999969482422,38.08000183105469,39.040000915527344,4130700
2022-03-29,37.994808197021484,40.0,40.599998474121094,39.40999984741211,39.66999816894531,5317100
2022-03-30,37.662357330322266,39.650001525878906,40.5,39.25,39.59000015258789,3779600
2022-03-31,36.92145538330078,38.869998931884766,39.779998779296875,38.86000061035156,39.2400016784668,4850700
2022-04-01,37.53887176513672,39.52000045776367,40.279998779296875,39.11000061035156,39.5,4559700
2022-04-04,37.928314208984375,39.93000030517578,40.369998931884766,39.040000915527344,39.61000061035156,4450300
2022-04-05,35.93360137939453,37.83000183105469,40.0,37.619998931884766,39.79999923706055,6640700
2022-04-06,35.14519500732422,37.0,37.380001068115234,36.119998931884766,37.22999954223633,7720600
2022-04-07,34.2998161315918,36.11000061035156,36.900001525878906,35.119998931884766,36.77000045776367,5541100
2022-04-08,34.14784240722656,35.95000076293945,36.33000183105469,35.22999954223633,35.81999969482422,3919200
2022-04-11,33.28345489501953,35.040000915527344,36.38999938964844,34.77000045776367,35.099998474121094,4722500
2022-04-12,33.27395248413086,35.029998779296875,36.16999816894531,34.849998474121094,35.5099983215332,4185000
2022-04-13,34.43279266357422,36.25,36.599998474121094,35.310001373291016,35.41999816894531,4567700
2022-04-14,35.10720443725586,36.959999084472656,37.290000915527344,36.18000030517578,36.349998474121094,5586800
2022-04-18,34.812740325927734,36.650001525878906,36.95000076293945,36.209999084472656,36.689998626708984,5100200
2022-04-19,36.323036193847656,38.2400016784668,38.709999084472656,36.95000076293945,36.9900016784668,6994100
2022-04-20,36.57950210571289,38.5099983215332,39.27000045776367,38.209999084472656,38.34000015258789,5318000
2022-04-21,35.34467315673828,37.209999084472656,39.54999923706055,37.119998931884766,38.970001220703125,5714700
2022-04-22,34.575279235839844,36.400001525878906,38.099998474121094,36.349998474121094,37.959999084472656,9637200
2022-04-25,34.47079086303711,36.290000915527344,36.38999938964844,34.91999816894531,35.40999984741211,5652200
2022-04-26,33.007991790771484,34.75,36.0099983215332,34.27000045776367,36.0099983215332,6022000
2022-04-27,33.093475341796875,34.84000015258789,35.880001068115234,34.08000183105469,34.75,5688600
2022-04-28,33.89137268066406,35.68000030517578,36.15999984741211,33.5099983215332,34.459999084472656,7657600
2022-04-29,33.65389633178711,35.43000030517578,37.5099983215332,35.369998931884766,36.310001373291016,6083900
2022-05-02,34.850738525390625,36.689998626708984,36.959999084472656,34.939998626708984,35.540000915527344,7906200
2022-05-03,34.6037712097168,36.43000030517578,37.45000076293945,35.88999938964844,36.869998931884766,5822900
2022-05-04,35.20219039916992,37.060001373291016,37.18000030517578,35.310001373291016,36.720001220703125,6527200
2022-05-05,33.76789093017578,35.54999923706055,36.58000183105469,34.970001220703125,36.38999938964844,5720400
2022-05-06,32.571048736572266,34.290000915527344,35.45000076293945,33.72999954223633,35.33000183105469,8165100
2022-05-09,30.262863159179688,31.860000610351562,33.939998626708984,31.639999389648438,33.29999923706055,7958200
2022-05-10,29.635950088500977,31.200000762939453,33.119998931884766,30.65999984741211,32.81999969482422,9230000
2022-05-11,28.8095645904541,30.329999923706055,32.400001525878906,30.190000534057617,31.350000381469727,8767900
2022-05-12,28.62908935546875,30.139999389648438,30.690000534057617,28.8799991607666,29.799999237060547,10220000
2022-05-13,32.94150161743164,34.68000030517578,34.880001068115234,31.549999237060547,31.610000610351562,13376900
2022-05-16,31.697166442871094,33.369998931884766,35.22999954223633,33.279998779296875,33.91999816894531,7313900
2022-05-17,32.950992584228516,34.689998626708984,34.95000076293945,33.95000076293945,34.5,6604400
2022-05-18,32.124610900878906,33.81999969482422,34.630001068115234,33.119998931884766,34.15999984741211,5077000
2022-05-19,31.592681884765625,33.2599983215332,34.34000015258789,33.099998474121094,33.27000045776367,6185500
2022-05-20,31.78265953063965,33.459999084472656,34.08000183105469,32.41999816894531,33.81999969482422,6278500
2022-05-23,31.33622169494629,32.9900016784668,33.84000015258789,32.56999969482422,33.84000015258789,5087000
2022-05-24,29.42698097229004,30.979999542236328,32.70000076293945,30.579999923706055,32.560001373291016,5861500
2022-05-25,30.462337493896484,32.06999969482422,32.34000015258789,30.719999313354492,30.719999313354492,5293400
2022-05-26,32.45706558227539,34.16999816894531,34.4900016784668,32.119998931884766,32.34000015258789,4464800
2022-05-27,32.8845100402832,34.619998931884766,34.849998474121094,34.220001220703125,34.279998779296875,5263000
2022-05-31,33.682403564453125,35.459999084472656,36.43000030517578,35.13999938964844,36.29999923706055,10304100
2022-06-01,33.39743423461914,35.15999984741211,36.5,34.45000076293945,35.72999954223633,6063500
2022-06-02,33.74888610839844,35.529998779296875,35.84000015258789,34.959999084472656,35.060001373291016,4983700
2022-06-03,33.207462310791016,34.959999084472656,35.619998931884766,34.61000061035156,35.119998931884766,4499700
2022-06-06,33.72039031982422,35.5,37.29999923706055,35.2400016784668,36.0099983215332,7184500
2022-06-07,34.033851623535156,35.83000183105469,35.88999938964844,34.720001220703125,34.86000061035156,4383300
2022-06-08,35.515647888183594,37.38999938964844,37.599998474121094,35.56999969482422,35.75,8323700
2022-06-09,33.52091979980469,35.290000915527344,36.68000030517578,35.18000030517578,36.65999984741211,6249200
2022-06-10,31.820650100708008,33.5,35.029998779296875,33.31999969482422,34.439998626708984,7558200
2022-06-13,29.066028594970703,30.600000381469727,32.31999969482422,30.139999389648438,31.829999923706055,11068100
2022-06-14,30.652311325073242,32.27000045776367,32.599998474121094,30.770000457763672,30.770000457763672,8683400
2022-06-15,31.00376319885254,32.63999938964844,33.34000015258789,32.06999969482422,32.54999923706055,7189500
2022-06-16,29.322490692138672,30.8700008392334,31.920000076293945,30.56999969482422,31.920000076293945,8529400
2022-06-17,30.08238983154297,31.670000076293945,32.09000015258789,30.56999969482422,31.559999465942383,8175300
2022-06-21,30.120384216308594,31.709999084472656,32.56999969482422,31.610000610351562,32.310001373291016,5608500
2022-06-22,30.015897750854492,31.600000381469727,32.08000183105469,30.969999313354492,31.06999969482422,5706700
2022-06-23,29.996902465820312,31.579999923706055,32.099998474121094,30.459999084472656,31.950000762939453,6337800
2022-06-24,31.754161834716797,33.43000030517578,33.54999923706055,32.09000015258789,32.209999084472656,14518400
2022-06-27,31.50718879699707,33.16999816894531,33.90999984741211,32.7599983215332,33.560001373291016,4880000
2022-06-28,32.78002166748047,34.5099983215332,36.310001373291016,34.47999954223633,35.779998779296875,12814600
2022-06-29,31.925138473510742,33.61000061035156,34.369998931884766,33.13999938964844,34.150001525878906,7076700
2022-06-30,31.906139373779297,33.59000015258789,34.43000030517578,31.969999313354492,32.970001220703125,9917800
2022-07-01,33.51142120361328,35.279998779296875,35.380001068115234,33.529998779296875,33.75,6397800
2022-07-05,33.017486572265625,34.7599983215332,34.81999969482422,33.88999938964844,34.25,6103600
2022-07-06,32.96049880981445,34.70000076293945,35.06999969482422,34.31999969482422,34.4900016784668,7779000
2022-07-07,33.55891418457031,35.33000183105469,35.970001220703125,34.70000076293945,35.099998474121094,5976300
2022-07-08,32.65653991699219,34.380001068115234,35.25,34.20000076293945,35.20000076293945,5437400
2022-07-11,30.595321655273438,32.209999084472656,33.06999969482422,30.93000030517578,32.810001373291016,15838000
2022-07-12,31.583187103271484,33.25,33.27000045776367,31.920000076293945,32.040000915527344,6787600
2022-07-13,31.564184188842773,33.22999954223633,33.630001068115234,32.52000045776367,32.86000061035156,4749300
2022-07-14,32.53305435180664,34.25,34.459999084472656,32.56999969482422,32.689998626708984,7293400
2022-07-15,32.79901885986328,34.529998779296875,35.2599983215332,33.79999923706055,34.709999084472656,7427100
2022-07-18,32.91300582885742,34.650001525878906,35.529998779296875,34.59000015258789,34.91999816894531,8601800
2022-07-19,33.74888610839844,35.529998779296875,35.630001068115234,34.900001525878906,35.060001373291016,6250700
2022-07-20,35.221187591552734,37.08000183105469,37.18000030517578,35.9900016784668,36.11000061035156,10306600
2022-07-21,37.53887176513672,39.52000045776367,39.97999954223633,37.560001373291016,37.7400016784668,14812600
2022-07-22,37.03544235229492,38.9900016784668,39.650001525878906,38.65999984741211,39.40999984741211,5934100
2022-07-25,36.9024543762207,38.849998474121094,39.34000015258789,38.400001525878906,39.0,4721800
2022-07-26,36.30403518676758,38.220001220703125,38.79999923706055,38.189998626708984,38.79999923706055,4129400
2022-07-27,37.016441345214844,38.970001220703125,39.16999816894531,38.189998626708984,38.689998626708984,5018800
2022-07-28,36.5890007019043,38.52000045776367,39.130001068115234,37.880001068115234,39.0,4268000
2022-07-29,35.80060577392578,37.689998626708984,38.220001220703125,37.060001373291016,38.220001220703125,5268900
2022-08-01,35.8765983581543,37.77000045776367,38.22999954223633,36.72999954223633,37.310001373291016,5263200
2022-08-02,36.237552642822266,38.150001525878906,38.72999954223633,37.130001068115234,37.27000045776367,4506300
2022-08-03,37.00694274902344,38.959999084472656,39.2599983215332,38.47999954223633,38.529998779296875,4809000
2022-08-04,37.32990264892578,39.29999923706055,39.79999923706055,39.06999969482422,39.150001525878906,4592300
2022-08-05,36.4465217590332,38.369998931884766,39.150001525878906,38.15999984741211,38.79999923706055,4099900
2022-08-08,35.32566452026367,37.189998626708984,39.150001525878906,37.16999816894531,38.66999816894531,5937500
2022-08-09,35.05021667480469,36.900001525878906,37.0,35.93000030517578,37.0,4312400
2022-08-10,34.812740325927734,36.650001525878906,37.650001525878906,36.20000076293945,37.560001373291016,5281600
2022-08-11,35.80060577392578,37.689998626708984,38.900001525878906,37.20000076293945,37.369998931884766,3956800
2022-08-12,36.73147964477539,38.66999816894531,38.689998626708984,37.33000183105469,37.33000183105469,3481900
2022-08-15,36.75047302246094,38.689998626708984,39.099998474121094,38.20000076293945,38.220001220703125,2748600
2022-08-16,36.36103057861328,38.279998779296875,38.59000015258789,37.95000076293945,38.43000030517578,3067300
2022-08-17,35.5726432800293,37.45000076293945,37.9900016784668,37.27000045776367,37.619998931884766,3509200
2022-08-18,35.82910919189453,37.720001220703125,37.72999954223633,36.810001373291016,37.400001525878906,3499100
2022-08-19,35.743614196777344,37.630001068115234,37.84000015258789,37.15999984741211,37.27000045776367,2800500
2022-08-22,34.7652473449707,36.599998474121094,36.790000915527344,36.27000045776367,36.650001525878906,3621400
2022-08-23,35.03121566772461,36.880001068115234,37.52000045776367,36.560001373291016,36.63999938964844,2469400
2022-08-24,35.97158432006836,37.869998931884766,38.310001373291016,36.43000030517578,36.869998931884766,3908800
2022-08-25,37.111427307128906,39.06999969482422,39.560001373291016,38.380001068115234,38.470001220703125,3694400
2022-08-26,36.02857971191406,37.93000030517578,39.810001373291016,37.90999984741211,39.43000030517578,3155300
2022-08-29,35.99058151245117,37.88999938964844,38.279998779296875,37.27000045776367,37.5,2902200
2022-08-30,34.812740325927734,36.650001525878906,38.470001220703125,36.29999923706055,38.25,6389400
2022-08-31,35.743614196777344,37.630001068115234,38.189998626708984,36.77000045776367,37.099998474121094,4412500
2022-09-01,34.86024475097656,36.70000076293945,37.18000030517578,35.83000183105469,37.18000030517578,3792800
2022-09-02,34.39480209350586,36.209999084472656,37.18000030517578,36.130001068115234,37.11000061035156,3208200
2022-09-06,33.67289733886719,35.45000076293945,36.36000061035156,35.0099983215332,36.349998474121094,6543100
2022-09-07,34.575279235839844,36.400001525878906,36.52000045776367,35.2599983215332,35.279998779296875,3593000
2022-09-08,35.76261520385742,37.650001525878906,37.66999816894531,35.540000915527344,35.779998779296875,3206900
2022-09-09,36.25654220581055,38.16999816894531,38.36000061035156,37.790000915527344,37.9900016784668,2938100
2022-09-12,36.807464599609375,38.75,39.290000915527344,38.40999984741211,38.560001373291016,4624600
2022-09-13,35.94308853149414,37.84000015258789,38.70000076293945,37.380001068115234,37.5,4872000
2022-09-14,36.237552642822266,38.150001525878906,38.189998626708984,36.439998626708984,37.650001525878906,4196800
2022-09-15,37.700347900390625,39.689998626708984,40.33000183105469,37.959999084472656,38.099998474121094,8544800
2022-09-16,36.70298385620117,38.63999938964844,39.09000015258789,37.7400016784668,38.369998931884766,9292700
2022-09-19,36.873958587646484,38.81999969482422,39.439998626708984,38.150001525878906,38.150001525878906,4951000
2022-09-20,37.3109016418457,39.279998779296875,41.099998474121094,38.95000076293945,40.33000183105469,15503100
2022-09-21,34.78424072265625,36.619998931884766,39.09000015258789,36.619998931884766,38.91999816894531,8359300
2022-09-22,33.52091979980469,35.290000915527344,37.400001525878906,34.939998626708984,36.58000183105469,7215600
2022-09-23,33.691898345947266,35.470001220703125,35.5099983215332,34.470001220703125,34.75,8097200
2022-09-26,37.671852111816406,39.65999984741211,40.5,38.369998931884766,38.869998931884766,25186600
2022-09-27,37.72883987426758,39.720001220703125,40.54999923706055,38.88999938964844,40.4900016784668,11500000
2022-09-28,37.7193489074707,39.709999084472656,39.93000030517578,39.02000045776367,39.61000061035156,6478700
2022-09-29,36.5984992980957,38.529998779296875,39.310001373291016,37.900001525878906,39.0,6596800
2022-09-30,35.63913345336914,37.52000045776367,38.36000061035156,37.400001525878906,37.810001373291016,7166500
2022-10-03,36.66498947143555,38.599998474121094,38.900001525878906,37.220001220703125,37.849998474121094,5905600
2022-10-04,39.89455032348633,42.0,42.04999923706055,39.189998626708984,39.25,10742100
2022-10-05,40.48346710205078,42.619998931884766,42.9900016784668,41.290000915527344,41.88999938964844,9479200
2022-10-06,40.910919189453125,43.06999969482422,43.459999084472656,42.4900016784668,42.5,7507400
2022-10-07,40.369483947753906,42.5,42.81999969482422,41.619998931884766,42.7599983215332,6788100
2022-10-10,37.32040023803711,39.290000915527344,41.4900016784668,38.2599983215332,41.31999969482422,11700200
2022-10-11,34.53728103637695,36.36000061035156,39.0,35.63999938964844,38.93000030517578,13057300
2022-10-12,34.670265197753906,36.5,36.88999938964844,35.4900016784668,36.0099983215332,6902000
2022-10-13,33.95785903930664,35.75,37.25,34.849998474121094,35.38999938964844,8378000
2022-10-14,33.45443344116211,35.220001220703125,36.5099983215332,34.65999984741211,36.040000915527344,6740600
2022-10-17,33.90086364746094,35.689998626708984,36.310001373291016,35.18000030517578,35.83000183105469,6330900
2022-10-18,34.0528450012207,35.849998474121094,37.130001068115234,35.75,36.54999923706055,6210500
2022-10-19,33.81538009643555,35.599998474121094,36.189998626708984,34.70000076293945,34.720001220703125,9687800
2022-10-20,35.70561981201172,37.59000015258789,38.779998779296875,36.099998474121094,36.540000915527344,12358000
2022-10-21,37.111427307128906,39.06999969482422,39.279998779296875,37.52000045776367,37.93000030517578,7303700
2022-10-24,33.29294967651367,35.04999923706055,37.27000045776367,33.380001068115234,36.900001525878906,15856100
2022-10-25,33.026981353759766,34.77000045776367,36.400001525878906,34.25,35.22999954223633,10269700
2022-10-26,33.691898345947266,35.470001220703125,35.7599983215332,34.29999923706055,34.77000045776367,8429800
2022-10-27,33.29294967651367,35.04999923706055,36.08000183105469,34.97999954223633,35.70000076293945,5282800
2022-10-28,35.230690002441406,37.09000015258789,37.099998474121094,34.72999954223633,34.83000183105469,7352400
2022-10-31,36.10456466674805,38.0099983215332,38.900001525878906,36.790000915527344,37.90999984741211,9699500
2022-11-01,36.70298385620117,38.63999938964844,39.75,38.599998474121094,39.27000045776367,7671100
2022-11-02,36.266048431396484,38.18000030517578,39.56999969482422,37.97999954223633,37.97999954223633,6750100
2022-11-03,35.95259094238281,37.849998474121094,38.70000076293945,37.029998779296875,37.58000183105469,3869600
2022-11-04,38.222782135009766,40.2400016784668,40.75,39.0,40.15999984741211,8740300
2022-11-07,38.65971374511719,40.70000076293945,41.290000915527344,39.40999984741211,40.220001220703125,5382900
2022-11-08,38.621734619140625,40.65999984741211,41.060001373291016,40.20000076293945,40.720001220703125,3951300
2022-11-09,37.94731521606445,39.95000076293945,40.34000015258789,39.70000076293945,40.040000915527344,3722000
2022-11-10,38.99216842651367,41.04999923706055,42.380001068115234,40.540000915527344,41.279998779296875,5940400
2022-11-11,41.14837646484375,43.31999969482422,43.869998931884766,41.90999984741211,42.349998474121094,10637500
2022-11-14,40.844417572021484,43.0,44.13999938964844,42.470001220703125,43.25,4725300
2022-11-15,41.72779846191406,43.93000030517578,44.7400016784668,43.439998626708984,43.97999954223633,5915000
2022-11-16,41.708805084228516,43.90999984741211,44.040000915527344,42.93000030517578,43.5099983215332,4755300
2022-11-17,42.06025314331055,44.279998779296875,44.540000915527344,42.650001525878906,43.0,3744000
2022-11-18,41.4333381652832,43.619998931884766,45.040000915527344,43.2400016784668,44.77000045776367,4125700
2022-11-21,40.245994567871094,42.369998931884766,42.790000915527344,41.41999816894531,42.650001525878906,6146100
2022-11-22,40.54996109008789,42.689998626708984,42.790000915527344,41.720001220703125,42.189998626708984,3574100
2022-11-23,40.901405334472656,43.060001373291016,43.209999084472656,42.27000045776367,42.84000015258789,1986900
2022-11-25,41.00588607788086,43.16999816894531,43.34000015258789,42.54999923706055,43.34000015258789,2533600
2022-11-28,41.461830139160156,43.650001525878906,44.650001525878906,42.59000015258789,44.349998474121094,7573600
2022-11-29,42.42120361328125,44.65999984741211,45.099998474121094,44.16999816894531,44.540000915527344,6756200
2022-11-30,44.49192428588867,46.84000015258789,46.90999984741211,45.09000015258789,45.16999816894531,9585900
2022-12-01,44.53940963745117,46.88999938964844,47.029998779296875,45.84000015258789,46.5,5079200
2022-12-02,45.5557746887207,47.959999084472656,48.31999969482422,46.130001068115234,46.25,7501800
2022-12-05,45.308815002441406,47.70000076293945,49.29999923706055,47.29999923706055,48.41999816894531,7456400
2022-12-06,44.45392608642578,46.79999923706055,47.880001068115234,46.720001220703125,47.7599983215332,4997600
2022-12-07,44.76738357543945,47.130001068115234,47.189998626708984,45.560001373291016,46.16999816894531,6008400
2022-12-08,45.88822555541992,48.310001373291016,49.72999954223633,47.709999084472656,48.5,9284500
2022-12-09,44.938358306884766,47.310001373291016,48.40999984741211,47.27000045776367,48.20000076293945,3963700
2022-12-12,45.935726165771484,48.36000061035156,48.369998931884766,46.33000183105469,46.91999816894531,4188500
2022-12-13,46.23018264770508,48.66999816894531,49.369998931884766,48.369998931884766,49.060001373291016,5513200
2022-12-14,46.306175231933594,48.75,49.119998931884766,48.209999084472656,48.4900016784668,4572300
2022-12-15,46.211185455322266,48.650001525878906,49.11000061035156,47.540000915527344,48.4900016784668,4375600
2022-12-16,45.10934066772461,47.4900016784668,48.5,47.40999984741211,48.20000076293945,6640200
2022-12-19,44.03598403930664,46.36000061035156,47.290000915527344,46.130001068115234,47.060001373291016,5042200
2022-12-20,44.05498123168945,46.380001068115234,46.7400016784668,45.869998931884766,46.2400016784668,3224200
2022-12-21,44.53940963745117,46.88999938964844,47.56999969482422,46.689998626708984,46.7400016784668,3157900
2022-12-22,44.18796920776367,46.52000045776367,47.220001220703125,46.11000061035156,46.849998474121094,2834800
2022-12-23,44.18796920776367,46.52000045776367,46.7400016784668,45.900001525878906,46.369998931884766,1985700
2022-12-27,46.03070831298828,48.459999084472656,48.75,46.97999954223633,47.15999984741211,6039600
2022-12-28,43.86500549316406,46.18000030517578,48.08000183105469,46.16999816894531,47.97999954223633,4485300
2022-12-29,44.719886779785156,47.08000183105469,47.91999816894531,46.34000015258789,46.540000915527344,3969100
2022-12-30,45.6602668762207,48.06999969482422,48.11000061035156,46.439998626708984,46.56999969482422,3924300
2023-01-03,46.85710525512695,49.33000183105469,49.779998779296875,48.540000915527344,49.290000915527344,5853300
2023-01-04,49.288761138916016,51.88999938964844,52.0,49.599998474121094,49.79999923706055,8253600
2023-01-05,48.94681167602539,51.529998779296875,52.47999954223633,51.11000061035156,51.439998626708984,4981000
2023-01-06,48.98481369018555,51.56999969482422,52.380001068115234,51.04999923706055,51.5,4807000
2023-01-09,50.13414764404297,52.779998779296875,52.88999938964844,51.93000030517578,51.97999954223633,4622800
2023-01-10,51.103023529052734,53.79999923706055,53.90999984741211,52.630001068115234,52.959999084472656,4558500
2023-01-11,50.57109451293945,53.2400016784668,53.529998779296875,52.5,52.83000183105469,4043000
2023-01-12,50.818058013916016,53.5,54.08000183105469,52.529998779296875,53.25,4728900
2023-01-13,52.21436309814453,54.970001220703125,55.040000915527344,52.959999084472656,53.0,4685500
2023-01-17,51.72043991088867,54.45000076293945,54.849998474121094,53.72999954223633,54.52000045776367,6639800
2023-01-18,51.6539421081543,54.380001068115234,55.0,54.09000015258789,54.61000061035156,4326900
2023-01-19,51.64444351196289,54.369998931884766,55.34000015258789,54.290000915527344,54.439998626708984,4575500
2023-01-20,51.83441162109375,54.56999969482422,54.95000076293945,54.18000030517578,54.29999923706055,5011900
2023-01-23,52.613304138183594,55.38999938964844,55.900001525878906,54.540000915527344,54.7599983215332,4850700
2023-01-24,52.68930435180664,55.470001220703125,55.540000915527344,54.56999969482422,54.97999954223633,4352200
2023-01-25,52.26185989379883,55.02000045776367,55.5099983215332,54.33000183105469,54.599998474121094,8660200
2023-01-26,55.44391632080078,58.369998931884766,58.88999938964844,55.790000915527344,57.220001220703125,22729100
2023-01-27,55.96635055541992,58.91999816894531,59.959999084472656,58.0099983215332,58.810001373291016,9276600
2023-01-30,54.978485107421875,57.880001068115234,58.0,57.220001220703125,57.86000061035156,6678400
2023-01-31,56.04234313964844,59.0,59.02000045776367,57.470001220703125,58.0,4429400
2023-02-01,55.96635055541992,58.91999816894531,60.34000015258789,57.4900016784668,59.650001525878906,7091100
2023-02-02,54.52254867553711,57.400001525878906,59.220001220703125,57.02000045776367,59.0,6868000
2023-02-03,55.1684684753418,58.08000183105469,58.470001220703125,56.90999984741211,57.25,3953800
2023-02-06,54.94998550415039,57.849998474121094,58.04999923706055,56.689998626708984,57.2400016784668,3652600
2023-02-07,55.13046646118164,58.040000915527344,58.369998931884766,56.83000183105469,57.869998931884766,3958600
2023-02-08,54.64603042602539,57.529998779296875,58.06999969482422,57.220001220703125,57.70000076293945,2695200
2023-02-09,54.636539459228516,57.52000045776367,60.29999923706055,57.41999816894531,59.11000061035156,4708700
2023-02-10,53.96213150024414,56.810001373291016,57.90999984741211,56.709999084472656,56.91999816894531,3665700
2023-02-13,54.636539459228516,57.52000045776367,58.18000030517578,57.02000045776367,57.189998626708984,3624000
2023-02-14,54.674537658691406,57.560001373291016,58.04999923706055,56.91999816894531,57.13999938964844,2884400
2023-02-15,53.71516036987305,56.54999923706055,57.16999816894531,56.349998474121094,56.900001525878906,3132500
2023-02-16,53.97161865234375,56.81999969482422,57.459999084472656,55.93000030517578,56.279998779296875,3472500
2023-02-17,53.21173095703125,56.02000045776367,56.540000915527344,55.75,56.25,4244700
2023-02-21,53.52518844604492,56.349998474121094,56.869998931884766,55.400001525878906,55.40999984741211,3404800
2023-02-22,54.475059509277344,57.349998474121094,57.61000061035156,56.040000915527344,56.189998626708984,3272600
2023-02-23,53.62967300415039,56.459999084472656,58.630001068115234,56.38999938964844,57.939998626708984,3730600
2023-02-24,53.33521270751953,56.150001525878906,56.349998474121094,55.279998779296875,55.59000015258789,2495800
2023-02-27,53.21173095703125,56.02000045776367,56.72999954223633,55.70000076293945,56.540000915527344,2843500
2023-02-28,54.58903884887695,57.470001220703125,57.54999923706055,56.060001373291016,56.060001373291016,4929200
2023-03-01,55.63389587402344,58.56999969482422,59.279998779296875,58.150001525878906,58.40999984741211,7091000
2023-03-02,57.15369415283203,60.16999816894531,60.33000183105469,58.27000045776367,58.27000045776367,5877500
2023-03-03,57.752113342285156,60.79999923706055,60.9900016784668,59.619998931884766,60.0099983215332,4323500
2023-03-06,56.93521499633789,59.939998626708984,60.65999984741211,59.58000183105469,60.54999923706055,5275200
2023-03-07,56.04234313964844,59.0,59.90999984741211,58.5,59.689998626708984,10668800
2023-03-08,56.089839935302734,59.04999923706055,59.349998474121094,58.560001373291016,59.0,2300400
2023-03-09,53.68666458129883,56.52000045776367,58.869998931884766,56.279998779296875,58.849998474121094,6619600
2023-03-10,53.39220428466797,56.209999084472656,57.189998626708984,54.7599983215332,56.029998779296875,6097000
2023-03-13,53.1357421875,55.939998626708984,56.369998931884766,55.06999969482422,55.20000076293945,5174700
2023-03-14,53.07875442504883,55.880001068115234,56.790000915527344,55.540000915527344,56.459999084472656,5208300
2023-03-15,50.44760513305664,53.11000061035156,54.65999984741211,51.81999969482422,54.540000915527344,7056700
2023-03-16,51.73942947387695,54.470001220703125,54.66999816894531,52.31999969482422,52.939998626708984,4079500
2023-03-17,51.94839859008789,54.689998626708984,55.08000183105469,53.630001068115234,54.220001220703125,5346200
2023-03-20,52.20486831665039,54.959999084472656,55.970001220703125,54.529998779296875,54.56999969482422,3717800
2023-03-21,52.394832611083984,55.15999984741211,56.33000183105469,55.119998931884766,56.0,4195300
2023-03-22,51.71092987060547,54.439998626708984,55.7400016784668,54.41999816894531,55.4900016784668,3427100
2023-03-23,51.98639678955078,54.72999954223633,55.900001525878906,54.04999923706055,54.939998626708984,3948000
2023-03-24,51.62543869018555,54.349998474121094,54.459999084472656,53.41999816894531,54.11000061035156,3291500
2023-03-27,51.539955139160156,54.2599983215332,54.72999954223633,53.77000045776367,54.40999984741211,2443100
2023-03-28,51.84391784667969,54.58000183105469,55.150001525878906,53.970001220703125,54.689998626708984,2408100
2023-03-29,52.14786911010742,54.900001525878906,55.470001220703125,54.459999084472656,54.689998626708984,2678400
2023-03-30,52.75578689575195,55.540000915527344,55.54999923706055,54.61000061035156,55.41999816894531,3475400
2023-03-31,54.57004928588867,57.45000076293945,57.5099983215332,55.869998931884766,56.0,4272900
2023-04-03,55.7763786315918,58.720001220703125,60.29999923706055,58.33000183105469,59.61000061035156,5731200
2023-04-04,54.7695198059082,57.65999984741211,58.22999954223633,57.0099983215332,58.119998931884766,3363200
2023-04-05,53.71516036987305,56.54999923706055,57.72999954223633,56.02000045776367,57.72999954223633,2436500
2023-04-06,54.152099609375,57.0099983215332,57.02000045776367,55.459999084472656,56.68000030517578,2818700
2023-04-10,54.16160202026367,57.02000045776367,57.47999954223633,56.650001525878906,56.75,2476200
2023-04-11,53.12623977661133,55.93000030517578,57.38999938964844,55.849998474121094,57.290000915527344,2896500
2023-04-12,53.07875442504883,55.880001068115234,56.93000030517578,55.619998931884766,56.540000915527344,3447200
2023-04-13,54.64603042602539,57.529998779296875,57.66999816894531,56.34000015258789,56.70000076293945,5199700
2023-04-14,55.3299446105957,58.25,58.34000015258789,57.13999938964844,57.209999084472656,3327600
2023-04-17,55.25394821166992,58.16999816894531,59.29999923706055,58.08000183105469,58.310001373291016,3911800
2023-04-18,56.374794006347656,59.349998474121094,60.08000183105469,58.45000076293945,58.75,3720100
2023-04-19,56.38429641723633,59.36000061035156,59.97999954223633,58.279998779296875,59.130001068115234,5847900
2023-04-20,58.44551467895508,61.529998779296875,63.4900016784668,61.0,62.13999938964844,15784400
2023-04-21,59.88931655883789,63.04999923706055,63.2400016784668,60.810001373291016,61.400001525878906,7333400
2023-04-24,60.744197845458984,63.95000076293945,63.959999084472656,62.709999084472656,63.04999923706055,8802900
2023-04-25,59.28139877319336,62.40999984741211,63.68000030517578,62.34000015258789,63.5,7377100
2023-04-26,58.70198440551758,61.79999923706055,63.310001373291016,61.65999984741211,62.970001220703125,3583400
2023-04-27,59.100921630859375,62.220001220703125,62.290000915527344,60.33000183105469,62.209999084472656,6545900
2023-04-28,60.64921188354492,63.849998474121094,64.04000091552734,61.630001068115234,61.75,4684000
2023-05-01,61.60858154296875,64.86000061035156,65.58000183105469,64.2699966430664,64.38999938964844,5375400
2023-05-02,60.440242767333984,63.630001068115234,64.4800033569336,63.060001373291016,64.4000015258789,3602300
2023-05-03,58.350528717041016,61.43000030517578,63.22999954223633,61.2400016784668,63.20000076293945,4035100
2023-05-04,58.606998443603516,61.70000076293945,62.099998474121094,60.810001373291016,61.470001220703125,3328300
2023-05-05,58.559505462646484,61.650001525878906,62.5,61.33000183105469,62.220001220703125,3183400
2023-05-08,59.08192825317383,62.20000076293945,62.369998931884766,61.439998626708984,61.720001220703125,2505600
2023-05-09,59.24340057373047,62.369998931884766,62.4900016784668,60.630001068115234,61.43000030517578,2776200
2023-05-10,59.38589096069336,62.52000045776367,63.5099983215332,61.43000030517578,62.56999969482422,5601200
2023-05-11,58.08456802368164,61.150001525878906,62.779998779296875,61.02000045776367,62.22999954223633,3818000
2023-05-12,57.106197357177734,60.119998931884766,61.41999816894531,59.58000183105469,60.81999969482422,2956800
2023-05-15,56.9447135925293,59.95000076293945,60.619998931884766,59.61000061035156,60.619998931884766,2836600
2023-05-16,55.48192596435547,58.40999984741211,59.790000915527344,58.290000915527344,59.7400016784668,3351600
2023-05-17,56.65025329589844,59.63999938964844,60.65999984741211,58.91999816894531,59.119998931884766,3476800
2023-05-18,57.600128173828125,60.63999938964844,60.880001068115234,59.59000015258789,59.720001220703125,2622000
2023-05-19,57.4576530456543,60.4900016784668,60.709999084472656,60.09000015258789,60.470001220703125,1966400
2023-05-22,56.507781982421875,59.4900016784668,61.150001525878906,59.400001525878906,60.650001525878906,2390400
2023-05-23,52.91727066040039,55.709999084472656,58.65999984741211,55.40999984741211,58.65999984741211,7604400
2023-05-24,53.097747802734375,55.900001525878906,56.27000045776367,54.779998779296875,54.869998931884766,3865700
2023-05-25,53.021751403808594,55.81999969482422,56.779998779296875,55.630001068115234,56.099998474121094,2879300
2023-05-26,53.52518844604492,56.349998474121094,56.7400016784668,55.52000045776367,55.880001068115234,3047400
2023-05-30,52.271358489990234,55.029998779296875,56.45000076293945,54.7400016784668,56.02000045776367,4885400
2023-05-31,52.36634063720703,55.130001068115234,55.22999954223633,53.9900016784668,54.970001220703125,6259200
2023-06-01,52.67030715942383,55.45000076293945,56.099998474121094,53.45000076293945,54.720001220703125,5730300
2023-06-02,55.985347747802734,58.939998626708984,59.70000076293945,56.4900016784668,57.25,7341500
2023-06-05,54.85499954223633,57.75,58.709999084472656,57.47999954223633,58.709999084472656,3032200
2023-06-06,55.93785858154297,58.88999938964844,59.29999923706055,57.29999923706055,57.43000030517578,3473500
2023-06-07,55.55791473388672,58.4900016784668,59.810001373291016,57.91999816894531,58.88999938964844,3057900
2023-06-08,54.9214973449707,57.81999969482422,58.02000045776367,56.790000915527344,56.91999816894531,3468800
2023-06-09,55.54841613769531,58.47999954223633,58.56999969482422,57.790000915527344,58.11000061035156,2290300
2023-06-12,55.994850158691406,58.95000076293945,59.08000183105469,58.209999084472656,58.709999084472656,2455500
2023-06-13,56.40329360961914,59.380001068115234,60.47999954223633,59.130001068115234,59.689998626708984,2748600
2023-06-14,56.83073043823242,59.83000183105469,60.290000915527344,59.38999938964844,59.689998626708984,2933200
2023-06-15,55.71938705444336,58.65999984741211,59.81999969482422,58.459999084472656,59.63999938964844,4532500
2023-06-16,55.51991271972656,58.45000076293945,59.220001220703125,58.20000076293945,58.869998931884766,4885300
2023-06-20,55.74788284301758,58.689998626708984,59.599998474121094,57.939998626708984,58.40999984741211,4807900
2023-06-21,55.39643096923828,58.31999969482422,59.0099983215332,57.849998474121094,58.72999954223633,3014500
2023-06-22,55.2254524230957,58.13999938964844,58.56999969482422,57.810001373291016,58.220001220703125,2349000
2023-06-23,54.4085693359375,57.279998779296875,57.5,56.25,57.2599983215332,10250400
2023-06-26,55.11146545410156,58.02000045776367,58.70000076293945,57.18000030517578,57.279998779296875,3759900
2023-06-27,55.59590148925781,58.529998779296875,58.900001525878906,57.869998931884766,58.369998931884766,3186000
2023-06-28,54.83600616455078,57.72999954223633,58.459999084472656,57.599998474121094,58.459999084472656,2778200
2023-06-29,54.50355911254883,57.380001068115234,57.970001220703125,57.220001220703125,57.81999969482422,4015000
2023-06-30,55.09247589111328,58.0,58.459999084472656,57.38999938964844,57.72999954223633,6067000
2023-07-03,55.65290069580078,58.59000015258789,59.220001220703125,58.29999923706055,58.38999938964844,3518200
2023-07-05,52.52781677246094,55.29999923706055,58.09000015258789,55.16999816894531,58.09000015258789,8092200
2023-07-06,51.976905822753906,54.720001220703125,54.79999923706055,53.470001220703125,54.29999923706055,6600700
2023-07-07,52.92676544189453,55.720001220703125,55.810001373291016,54.86000061035156,54.900001525878906,3961900
2023-07-10,54.74102020263672,57.630001068115234,57.630001068115234,55.79999923706055,55.81999969482422,3266400
2023-07-11,55.54841613769531,58.47999954223633,58.56999969482422,57.470001220703125,57.59000015258789,3630600
2023-07-12,56.30830383300781,59.279998779296875,59.650001525878906,58.61000061035156,59.029998779296875,3805400
2023-07-13,57.11569595336914,60.130001068115234,61.25,59.970001220703125,59.970001220703125,3625600
2023-07-14,57.88508987426758,60.939998626708984,61.22999954223633,60.2599983215332,61.02000045776367,3031500
2023-07-17,56.42229080200195,59.400001525878906,60.52000045776367,58.97999954223633,60.2599983215332,4261900
2023-07-18,56.99221420288086,60.0,60.34000015258789,59.310001373291016,59.310001373291016,3893100
2023-07-19,56.66925811767578,59.65999984741211,60.290000915527344,58.689998626708984,60.27000045776367,7511100
2023-07-20,53.61067199707031,56.439998626708984,58.72999954223633,56.400001525878906,57.209999084472656,9916800
2023-07-21,53.16423797607422,55.970001220703125,58.0099983215332,55.54999923706055,56.59000015258789,5893900
2023-07-24,53.696163177490234,56.529998779296875,57.54999923706055,56.0,56.08000183105469,4469400
2023-07-25,54.475059509277344,57.349998474121094,57.5,56.34000015258789,56.599998474121094,3351600
2023-07-26,55.63389587402344,58.56999969482422,58.75,57.2599983215332,57.33000183105469,3764000
2023-07-27,55.40592575073242,58.33000183105469,59.4900016784668,58.130001068115234,59.45000076293945,4073700
2023-07-28,56.25131607055664,59.220001220703125,59.599998474121094,58.689998626708984,59.20000076293945,2766700
2023-07-31,56.811729431152344,59.810001373291016,59.88999938964844,58.52000045776367,59.220001220703125,5126900
2023-08-01,56.26081848144531,59.22999954223633,60.470001220703125,58.939998626708984,59.099998474121094,3081900
2023-08-02,55.13996505737305,58.04999923706055,58.90999984741211,57.560001373291016,58.38999938964844,2836000
2023-08-03,55.158966064453125,58.06999969482422,58.369998931884766,57.25,57.66999816894531,3588800
2023-08-04,55.03548049926758,57.939998626708984,58.68000030517578,57.689998626708984,58.560001373291016,2883600
2023-08-07,55.41674041748047,58.13999938964844,58.36000061035156,57.31999969482422,58.13999938964844,1971600
2023-08-08,54.82578659057617,57.52000045776367,57.79999923706055,56.91999816894531,57.5,2794900
2023-08-09,54.18716049194336,56.849998474121094,58.529998779296875,56.77000045776367,57.84000015258789,3072400
2023-08-10,54.711402893066406,57.400001525878906,58.400001525878906,57.29999923706055,57.459999084472656,2208500
2023-08-11,53.76777267456055,56.40999984741211,56.900001525878906,55.470001220703125,56.810001373291016,3943000
2023-08-14,53.18634796142578,55.79999923706055,56.2599983215332,55.400001525878906,55.65999984741211,3311000
2023-08-15,52.08068084716797,54.63999938964844,55.38999938964844,54.58000183105469,55.290000915527344,4004400
2023-08-16,51.11798858642578,53.630001068115234,54.75,53.59000015258789,54.279998779296875,3013300
2023-08-17,50.975013732910156,53.47999954223633,54.209999084472656,53.119998931884766,53.83000183105469,3824300
2023-08-18,50.84157180786133,53.34000015258789,53.720001220703125,52.459999084472656,52.79999923706055,3211000
2023-08-21,50.51749801635742,53.0,53.47999954223633,52.779998779296875,53.40999984741211,2773800
2023-08-22,50.936885833740234,53.439998626708984,53.66999816894531,52.779998779296875,53.41999816894531,2623200
2023-08-23,51.451595306396484,53.97999954223633,54.400001525878906,53.029998779296875,53.34000015258789,2229100
2023-08-24,50.87016677856445,53.369998931884766,54.380001068115234,53.36000061035156,53.779998779296875,3243600
2023-08-25,50.155296325683594,52.619998931884766,53.540000915527344,52.38999938964844,53.47999954223633,6539500
2023-08-28,51.29908752441406,53.81999969482422,53.97999954223633,52.970001220703125,53.0,3979000
2023-08-29,52.023494720458984,54.58000183105469,54.75,53.900001525878906,53.97999954223633,2629600
2023-08-30,52.338043212890625,54.90999984741211,55.220001220703125,54.22999954223633,54.36000061035156,2972800
2023-08-31,52.29037857055664,54.86000061035156,55.72999954223633,54.849998474121094,55.09000015258789,4691900
2023-09-01,52.35710525512695,54.93000030517578,55.40999984741211,54.4900016784668,55.380001068115234,3595300
2023-09-05,50.14577102661133,52.61000061035156,54.380001068115234,52.45000076293945,54.130001068115234,5064400
2023-09-06,49.97419357299805,52.43000030517578,52.560001373291016,51.959999084472656,52.41999816894531,4269600
2023-09-07,47.44831848144531,49.779998779296875,51.9900016784668,49.349998474121094,51.720001220703125,11904200
2023-09-08,46.58094787597656,48.869998931884766,50.099998474121094,48.43000030517578,49.720001220703125,9344000
2023-09-11,46.58094787597656,48.869998931884766,49.4900016784668,48.5,49.36000061035156,5252700
2023-09-12,46.69533157348633,48.9900016784668,49.560001373291016,48.68000030517578,48.75,5199100
2023-09-13,46.56188201904297,48.849998474121094,49.27000045776367,48.630001068115234,48.7400016784668,3754200
2023-09-14,46.63813781738281,48.93000030517578,49.869998931884766,48.83000183105469,49.560001373291016,5311900
2023-09-15,46.4570426940918,48.7400016784668,49.41999816894531,48.560001373291016,48.95000076293945,5163200
2023-09-18,46.80970764160156,49.11000061035156,49.41999816894531,48.560001373291016,48.7400016784668,3218500
2023-09-19,46.35219192504883,48.630001068115234,49.209999084472656,48.13999938964844,48.810001373291016,3407400
2023-09-20,45.66590881347656,47.90999984741211,49.029998779296875,47.869998931884766,48.88999938964844,3661000
2023-09-21,43.692874908447266,45.84000015258789,46.900001525878906,45.72999954223633,46.459999084472656,9086300
2023-09-22,43.64521408081055,45.790000915527344,46.939998626708984,45.25,46.41999816894531,7276300
2023-09-25,43.21629333496094,45.34000015258789,45.540000915527344,44.380001068115234,44.810001373291016,4652300
2023-09-26,43.159095764160156,45.279998779296875,45.77000045776367,45.04999923706055,45.06999969482422,4030800
2023-09-27,43.99788284301758,46.15999984741211,46.16999816894531,44.93000030517578,45.5,5406100
2023-09-28,43.41645431518555,45.54999923706055,45.869998931884766,45.119998931884766,45.77000045776367,4216600
2023-09-29,43.692874908447266,45.84000015258789,47.25,45.7400016784668,46.5,4563000
2023-10-02,43.559425354003906,45.70000076293945,46.099998474121094,45.369998931884766,45.560001373291016,4593500
2023-10-03,42.634864807128906,44.72999954223633,45.81999969482422,44.65999984741211,45.06999969482422,4189500
2023-10-04,42.14875793457031,44.220001220703125,45.029998779296875,43.849998474121094,44.66999816894531,4087300
2023-10-05,42.03437423706055,44.099998474121094,44.58000183105469,43.77000045776367,44.16999816894531,5340900
2023-10-06,43.39738464355469,45.529998779296875,46.0,44.11000061035156,44.150001525878906,5111100
2023-10-09,43.5784912109375,45.720001220703125,46.189998626708984,44.349998474121094,46.0099983215332,4112400
2023-10-10,44.150386810302734,46.31999969482422,46.9900016784668,45.93000030517578,45.97999954223633,4028600
2023-10-11,44.341026306152344,46.52000045776367,46.779998779296875,46.11000061035156,46.36000061035156,3328700
2023-10-12,43.7977180480957,45.95000076293945,46.650001525878906,45.47999954223633,46.529998779296875,4045300
2023-10-13,42.69205093383789,44.790000915527344,45.88999938964844,44.5099983215332,45.709999084472656,3441800
2023-10-16,43.26394271850586,45.38999938964844,45.709999084472656,44.58000183105469,45.099998474121094,3669200
2023-10-17,43.197227478027344,45.31999969482422,45.869998931884766,45.060001373291016,45.06999969482422,3860000
2023-10-18,42.51095199584961,44.599998474121094,45.29999923706055,44.209999084472656,45.040000915527344,4884500
2023-10-19,43.73099899291992,45.880001068115234,46.90999984741211,45.2599983215332,46.130001068115234,10660700
2023-10-20,43.197227478027344,45.31999969482422,46.400001525878906,45.290000915527344,46.060001373291016,4003800
2023-10-23,44.274295806884766,46.45000076293945,47.04999923706055,44.84000015258789,45.04999923706055,5844200
2023-10-24,45.40855407714844,47.63999938964844,47.97999954223633,46.79999923706055,46.84000015258789,5552200
2023-10-25,44.98917007446289,47.20000076293945,48.27000045776367,47.060001373291016,47.279998779296875,5093700
2023-10-26,45.3037109375,47.529998779296875,47.86000061035156,46.84000015258789,47.25,5911700
2023-10-27,44.836666107177734,47.040000915527344,48.18000030517578,47.0,48.0,4813700
2023-10-30,45.58012771606445,47.81999969482422,48.04999923706055,47.43000030517578,47.63999938964844,4232900
2023-10-31,45.23699188232422,47.459999084472656,47.79999923706055,47.099998474121094,47.4900016784668,4633700
2023-11-01,44.54118728637695,46.72999954223633,47.84000015258789,46.209999084472656,47.439998626708984,5027100
2023-11-02,46.40937805175781,48.689998626708984,48.86000061035156,47.43000030517578,47.4900016784668,4439200
2023-11-03,46.55235290527344,48.84000015258789,49.540000915527344,48.75,49.13999938964844,3762100
2023-11-06,47.07874298095703,49.189998626708984,49.70000076293945,48.65999984741211,48.880001068115234,3893400
2023-11-07,46.22694396972656,48.29999923706055,48.779998779296875,48.15999984741211,48.66999816894531,3452000
2023-11-08,46.064239501953125,48.130001068115234,48.849998474121094,48.11000061035156,48.38999938964844,2699300
2023-11-09,45.83454132080078,47.88999938964844,48.599998474121094,47.77000045776367,48.45000076293945,2671400
2023-11-10,45.7005500793457,47.75,47.81999969482422,46.400001525878906,47.02000045776367,4297300
2023-11-13,45.56657028198242,47.61000061035156,47.709999084472656,46.97999954223633,47.36000061035156,3095600
2023-11-14,47.34672927856445,49.470001220703125,49.54999923706055,48.22999954223633,48.470001220703125,4220700
2023-11-15,47.16488265991211,49.279998779296875,50.459999084472656,49.08000183105469,49.650001525878906,4181500
2023-11-16,47.01175308227539,49.119998931884766,49.650001525878906,48.93000030517578,49.13999938964844,4292400
2023-11-17,46.97346496582031,49.08000183105469,49.66999816894531,48.959999084472656,49.52000045776367,3427900
2023-11-20,47.16488265991211,49.279998779296875,49.58000183105469,48.61000061035156,49.130001068115234,3676000
2023-11-21,47.318016052246094,49.439998626708984,49.650001525878906,48.810001373291016,48.810001373291016,2286900
2023-11-22,47.16488265991211,49.279998779296875,49.959999084472656,49.13999938964844,49.709999084472656,2286100
2023-11-24,46.82033157348633,48.91999816894531,49.22999954223633,48.75,49.22999954223633,2280300
2023-11-27,46.47579574584961,48.560001373291016,48.77000045776367,48.16999816894531,48.66999816894531,4237700
2023-11-28,45.61441421508789,47.65999984741211,48.58000183105469,47.599998474121094,48.540000915527344,5394200
2023-11-29,43.39398956298828,45.34000015258789,46.52000045776367,45.02000045776367,45.970001220703125,28332500
2023-11-30,44.14051055908203,46.119998931884766,46.4900016784668,45.25,45.5,25960400
2023-12-01,44.791324615478516,46.79999923706055,46.97999954223633,46.119998931884766,46.119998931884766,10269500
2023-12-04,43.67155075073242,45.630001068115234,46.88999938964844,45.43000030517578,46.79999923706055,5334700
2023-12-05,42.94416046142578,44.869998931884766,45.459999084472656,44.68000030517578,45.2599983215332,5158900
2023-12-06,42.905879974365234,44.83000183105469,45.58000183105469,44.779998779296875,45.150001525878906,5479300
2023-12-07,42.925018310546875,44.849998474121094,45.2400016784668,44.65999984741211,44.91999816894531,4024200
2023-12-08,44.398921966552734,46.38999938964844,46.5,44.599998474121094,44.810001373291016,5994400
2023-12-11,45.56657028198242,47.61000061035156,47.65999984741211,46.38999938964844,46.400001525878906,6047300
2023-12-12,45.777122497558594,47.83000183105469,47.9900016784668,47.29999923706055,47.75,5661400
2023-12-13,46.54278564453125,48.630001068115234,48.849998474121094,47.2599983215332,47.72999954223633,6341000
2023-12-14,46.52363967895508,48.61000061035156,49.369998931884766,48.29999923706055,49.0,7178200
2023-12-15,45.81540298461914,47.869998931884766,48.86000061035156,47.619998931884766,48.68000030517578,7226700
2023-12-18,45.68141174316406,47.72999954223633,48.279998779296875,47.619998931884766,47.880001068115234,3858600
2023-12-19,47.14573669433594,49.2599983215332,49.279998779296875,47.869998931884766,48.06999969482422,7217800
2023-12-20,45.50913619995117,47.54999923706055,49.209999084472656,47.529998779296875,49.11000061035156,4392300
2023-12-21,46.695919036865234,48.790000915527344,48.79999923706055,47.90999984741211,48.290000915527344,3396100
2023-12-22,46.82033157348633,48.91999816894531,48.97999954223633,48.29999923706055,48.75,3728700
2023-12-26,46.93518829345703,49.040000915527344,49.33000183105469,48.900001525878906,49.0,2915700
2023-12-27,46.456642150878906,48.540000915527344,49.25,47.95000076293945,49.25,3241000
2023-12-28,46.98303985595703,49.09000015258789,49.470001220703125,48.58000183105469,48.58000183105469,4073500
2023-12-29,47.09788513183594,49.209999084472656,49.40999984741211,48.970001220703125,49.0,3236700
2024-01-02,49.12689971923828,51.33000183105469,51.439998626708984,48.880001068115234,48.90999984741211,7502600
2024-01-03,48.49522399902344,50.66999816894531,51.290000915527344,50.27000045776367,50.689998626708984,5108100
2024-01-04,48.0932502746582,50.25,50.77000045776367,49.97999954223633,50.52000045776367,3755300
2024-01-05,48.62921142578125,50.810001373291016,51.119998931884766,49.939998626708984,50.279998779296875,2946500
2024-01-08,49.55757522583008,51.779998779296875,51.810001373291016,50.209999084472656,50.380001068115234,3889500
2024-01-09,47.863548278808594,50.0099983215332,51.27000045776367,49.869998931884766,51.08000183105469,4407200
2024-01-10,47.17445755004883,49.290000915527344,50.119998931884766,49.130001068115234,49.880001068115234,3414200
2024-01-11,47.61471176147461,49.75,49.91999816894531,48.5,49.36000061035156,4625700
2024-01-12,47.480716705322266,49.61000061035156,50.22999954223633,49.439998626708984,49.84000015258789,3741300
2024-01-16,46.93518829345703,49.040000915527344,49.29999923706055,48.75,49.0,3708200
2024-01-17,46.15994644165039,48.22999954223633,48.41999816894531,47.540000915527344,48.41999816894531,5631600
2024-01-18,47.39458084106445,49.52000045776367,49.689998626708984,48.52000045776367,48.61000061035156,4219100
2024-01-19,46.75333786010742,48.849998474121094,49.43000030517578,48.43000030517578,49.40999984741211,7639500
2024-01-22,45.872825622558594,47.93000030517578,48.86000061035156,47.650001525878906,48.66999816894531,7206400
2024-01-23,46.91604995727539,49.02000045776367,49.099998474121094,48.5,48.5099983215332,5392000
2024-01-24,47.509429931640625,49.63999938964844,50.599998474121094,49.619998931884766,50.0,9465400
2024-01-25,47.99754333496094,50.150001525878906,51.54999923706055,49.130001068115234,51.54999923706055,9263900
2024-01-26,47.8826904296875,50.029998779296875,50.279998779296875,49.29999923706055,50.220001220703125,4810600
2024-01-29,48.23681640625,50.400001525878906,50.63999938964844,49.40999984741211,49.880001068115234,4098300
2024-01-30,47.385013580322266,49.5099983215332,49.95000076293945,49.36000061035156,49.86000061035156,4928900
2024-01-31,46.82033157348633,48.91999816894531,49.81999969482422,48.90999984741211,49.36000061035156,3618200
2024-02-01,48.6674919128418,50.849998474121094,51.220001220703125,49.849998474121094,49.939998626708984,5728100
2024-02-02,48.31338119506836,50.47999954223633,50.790000915527344,49.849998474121094,50.38999938964844,3882000
2024-02-05,49.11091995239258,51.11000061035156,51.38999938964844,49.81999969482422,49.9900016784668,5924200
2024-02-06,50.12945556640625,52.16999816894531,52.369998931884766,51.22999954223633,51.439998626708984,5013900
2024-02-07,50.686767578125,52.75,53.38999938964844,52.27000045776367,52.400001525878906,6731500
2024-02-08,51.51313018798828,53.61000061035156,54.29999923706055,53.29999923706055,53.5,6141100
2024-02-09,51.52273941040039,53.619998931884766,53.86000061035156,53.09000015258789,53.790000915527344,3364700
2024-02-12,52.32988357543945,54.459999084472656,54.4900016784668,53.439998626708984,53.439998626708984,4271600
2024-02-13,51.75335693359375,53.86000061035156,54.34000015258789,53.25,53.619998931884766,4480500
2024-02-14,52.349098205566406,54.47999954223633,54.790000915527344,54.0,54.04999923706055,4446300
2024-02-15,52.81993865966797,54.970001220703125,55.13999938964844,54.34000015258789,54.47999954223633,3753000
2024-02-16,53.088985443115234,55.25,55.65999984741211,54.68000030517578,54.900001525878906,4400500
2024-02-20,50.984642028808594,53.060001373291016,55.04999923706055,52.619998931884766,55.0,5232700
2024-02-21,51.3978271484375,53.4900016784668,53.709999084472656,52.630001068115234,52.93000030517578,4060900
2024-02-22,51.55156707763672,53.650001525878906,54.380001068115234,53.560001373291016,54.310001373291016,2515400
2024-02-23,52.608543395996094,54.75,55.0099983215332,53.709999084472656,53.790000915527344,3320600
2024-02-26,51.82061767578125,53.93000030517578,54.90999984741211,53.81999969482422,54.75,3007100
2024-02-27,51.31134796142578,53.400001525878906,54.310001373291016,53.130001068115234,54.2599983215332,3463000
2024-02-28,51.52273941040039,53.619998931884766,53.90999984741211,52.79999923706055,52.95000076293945,3621800
2024-02-29,52.38753890991211,54.52000045776367,54.790000915527344,53.43000030517578,53.7400016784668,5979500
2024-03-01,49.274269104003906,51.279998779296875,53.47999954223633,50.709999084472656,53.400001525878906,10350100
2024-03-04,48.716949462890625,50.70000076293945,51.33000183105469,50.04999923706055,51.33000183105469,4399000
2024-03-05,48.918739318847656,50.90999984741211,51.5,49.97999954223633,50.279998779296875,4231200
2024-03-06,48.60165023803711,50.58000183105469,51.4900016784668,50.439998626708984,51.439998626708984,3376900
2024-03-07,49.47605514526367,51.4900016784668,51.599998474121094,50.599998474121094,50.66999816894531,3426800
2024-03-08,49.495262145996094,51.5099983215332,51.900001525878906,51.349998474121094,51.400001525878906,3168200
2024-03-11,50.55224609375,52.61000061035156,52.91999816894531,51.5099983215332,51.630001068115234,3509400
2024-03-12,50.87894821166992,52.95000076293945,53.349998474121094,52.599998474121094,52.77000045776367,2965500
2024-03-13,51.26329803466797,53.349998474121094,53.790000915527344,52.72999954223633,52.970001220703125,3831400
2024-03-14,50.31201934814453,52.36000061035156,53.52000045776367,51.63999938964844,53.08000183105469,4323700
2024-03-15,49.0340461730957,51.029998779296875,52.65999984741211,50.88999938964844,52.13999938964844,5718300
2024-03-18,48.63047409057617,50.61000061035156,51.209999084472656,50.439998626708984,50.849998474121094,4174500
2024-03-19,48.793819427490234,50.779998779296875,51.06999969482422,50.4900016784668,50.65999984741211,3668800
2024-03-20,48.592037200927734,50.56999969482422,50.95000076293945,50.15999984741211,50.5099983215332,3702300
2024-03-21,48.380645751953125,50.349998474121094,51.459999084472656,50.310001373291016,50.7599983215332,2892700
2024-03-22,48.14041519165039,50.099998474121094,50.400001525878906,49.790000915527344,50.11000061035156,2684600
2024-03-25,48.351810455322266,50.31999969482422,50.52000045776367,50.02000045776367,50.27000045776367,2186600
2024-03-26,48.861080169677734,50.849998474121094,51.41999816894531,50.66999816894531,51.150001525878906,2686400
2024-03-27,49.4664421081543,51.47999954223633,51.5,50.939998626708984,51.150001525878906,2288800
2024-03-28,49.67784118652344,51.70000076293945,52.20000076293945,51.540000915527344,51.869998931884766,4729100
2024-04-01,51.09995651245117,53.18000030517578,54.09000015258789,52.20000076293945,52.349998474121094,4667300
2024-04-02,50.84050750732422,52.90999984741211,53.0,52.220001220703125,52.959999084472656,2197400
2024-04-03,51.849449157714844,53.959999084472656,54.130001068115234,52.54999923706055,52.54999923706055,3187400
2024-04-04,50.53303146362305,52.59000015258789,54.540000915527344,52.47999954223633,54.290000915527344,3386500
2024-04-05,51.09995651245117,53.18000030517578,53.400001525878906,52.400001525878906,52.70000076293945,2163500
2024-04-08,50.388893127441406,52.439998626708984,53.650001525878906,52.2599983215332,53.59000015258789,2754200
2024-04-09,50.39850616455078,52.45000076293945,52.4900016784668,51.7599983215332,52.16999816894531,2316500
2024-04-10,49.83158493041992,51.86000061035156,52.22999954223633,51.560001373291016,51.93000030517578,2345500
2024-04-11,49.59136199951172,51.61000061035156,51.93000030517578,51.040000915527344,51.619998931884766,2586800
2024-04-12,48.45751190185547,50.43000030517578,51.2400016784668,50.15999984741211,51.09000015258789,2881800
2024-04-15,48.28455352783203,50.25,51.349998474121094,50.09000015258789,50.79999923706055,5165900
2024-04-16,48.53438186645508,50.5099983215332,50.77000045776367,49.5099983215332,49.77000045776367,4493000
2024-04-17,48.26533508300781,50.22999954223633,50.79999923706055,49.849998474121094,50.560001373291016,9102500
2024-04-18,44.08548355102539,45.880001068115234,48.209999084472656,45.439998626708984,48.09000015258789,21519900
2024-04-19,43.681907653808594,45.459999084472656,46.849998474121094,45.400001525878906,46.29999923706055,7998600
2024-04-22,44.7388801574707,46.560001373291016,47.31999969482422,45.97999954223633,45.97999954223633,7882200
2024-04-23,44.210391998291016,46.0099983215332,47.09000015258789,45.97999954223633,46.91999816894531,7965400
2024-04-24,44.04703903198242,45.84000015258789,46.15999984741211,45.04999923706055,46.0,7358100
2024-04-25,43.76838684082031,45.54999923706055,46.209999084472656,45.4900016784668,45.5,5172700
2024-04-26,43.672298431396484,45.45000076293945,46.0,45.099998474121094,45.439998626708984,4932300
2024-04-29,43.96056365966797,45.75,46.349998474121094,45.540000915527344,46.11000061035156,4830200
2024-04-30,42.62492752075195,44.36000061035156,45.52000045776367,44.33000183105469,45.2599983215332,6435600
2024-05-01,42.79789352416992,44.540000915527344,45.209999084472656,44.0,44.15999984741211,5559600
2024-05-02,44.82536315917969,46.650001525878906,46.93000030517578,45.040000915527344,45.33000183105469,8361700
2024-05-03,45.0367546081543,46.869998931884766,47.220001220703125,46.560001373291016,47.13999938964844,4703600
2024-05-06,45.37450408935547,47.02000045776367,47.54999923706055,46.790000915527344,47.20000076293945,4141300
2024-05-07,45.08500671386719,46.720001220703125,47.31999969482422,46.54999923706055,46.709999084472656,4597000
2024-05-08,45.13325119018555,46.77000045776367,46.84000015258789,46.400001525878906,46.709999084472656,3438700
2024-05-09,45.5482063293457,47.20000076293945,47.31999969482422,46.72999954223633,46.77000045776367,3230700
2024-05-10,44.91130447387695,46.540000915527344,47.470001220703125,46.41999816894531,47.36000061035156,2222900
2024-05-13,45.27799987792969,46.91999816894531,47.43000030517578,46.7400016784668,47.25,3045300
2024-05-14,44.699005126953125,46.31999969482422,47.0,46.0099983215332,46.880001068115234,7156300
2024-05-15,44.4963493347168,46.11000061035156,46.5099983215332,45.56999969482422,46.400001525878906,6392400
2024-05-16,44.98850631713867,46.619998931884766,46.810001373291016,45.95000076293945,46.130001068115234,3911000
2024-05-17,45.3841552734375,47.029998779296875,47.779998779296875,46.33000183105469,46.599998474121094,8169600
2024-05-20,45.18149948120117,46.81999969482422,47.52000045776367,46.75,47.16999816894531,6858600
2024-05-21,44.59285354614258,46.209999084472656,46.90999984741211,46.150001525878906,46.54999923706055,3786200
2024-05-22,44.264747619628906,45.869998931884766,46.189998626708984,45.380001068115234,46.11000061035156,3680100
2024-05-23,43.232200622558594,44.79999923706055,45.900001525878906,44.599998474121094,45.86000061035156,4147200
2024-05-24,43.30939865112305,44.880001068115234,45.189998626708984,44.77000045776367,45.0099983215332,5878000
2024-05-28,43.164649963378906,44.72999954223633,45.25,44.5099983215332,44.880001068115234,4227200
2024-05-29,42.36369323730469,43.900001525878906,44.41999816894531,43.75,44.189998626708984,4189600
2024-05-30,42.4601936340332,44.0,44.380001068115234,43.880001068115234,43.900001525878906,4772800
2024-05-31,43.45415115356445,45.029998779296875,45.04999923706055,43.77000045776367,44.349998474121094,6696400
2024-06-03,43.29009246826172,44.86000061035156,45.290000915527344,44.4900016784668,45.220001220703125,4230500
2024-06-04,42.04523468017578,43.56999969482422,44.66999816894531,43.38999938964844,44.630001068115234,6161900
2024-06-05,42.074188232421875,43.599998474121094,43.790000915527344,43.150001525878906,43.58000183105469,16346800
2024-06-06,42.1320915222168,43.65999984741211,43.880001068115234,43.40999984741211,43.68000030517578,6924600
2024-06-07,43.44449234008789,45.02000045776367,45.90999984741211,42.9900016784668,43.0,10343400
2024-06-10,43.164649963378906,44.72999954223633,45.220001220703125,44.459999084472656,44.90999984741211,5166600
2024-06-11,42.57598876953125,44.119998931884766,44.599998474121094,43.810001373291016,44.5,5033000
2024-06-12,42.691802978515625,44.2400016784668,44.470001220703125,43.75,44.279998779296875,6279500
2024-06-13,42.527740478515625,44.06999969482422,44.310001373291016,43.79999923706055,43.9900016784668,3836600
2024-06-14,41.73644256591797,43.25,43.93000030517578,43.22999954223633,43.689998626708984,4643500
2024-06-17,42.79794692993164,44.349998474121094,44.459999084472656,43.11000061035156,43.16999816894531,5992200
2024-06-18,42.749691009521484,44.29999923706055,44.36000061035156,43.72999954223633,44.09000015258789,7335500
2024-06-20,43.04884338378906,44.61000061035156,45.0,44.150001525878906,44.16999816894531,7153000
2024-06-21,44.303348541259766,45.90999984741211,46.029998779296875,44.529998779296875,44.75,14191500
2024-06-24,43.27079391479492,44.84000015258789,45.84000015258789,44.47999954223633,45.75,10190900
2024-06-25,42.81724166870117,44.369998931884766,44.7400016784668,44.029998779296875,44.7400016784668,7979900
2024-06-26,42.2768440246582,43.810001373291016,44.33000183105469,43.52000045776367,44.279998779296875,9738600
2024-06-27,42.59529495239258,44.13999938964844,44.31999969482422,43.529998779296875,43.880001068115234,6879800
2024-06-28,42.70144271850586,44.25,44.54999923706055,43.95000076293945,44.310001373291016,20974600
2024-07-01,41.37939453125,42.880001068115234,44.47999954223633,42.720001220703125,44.06999969482422,6405900
2024-07-02,40.82933807373047,42.310001373291016,43.11000061035156,42.2400016784668,42.689998626708984,6171300
2024-07-03,41.060935974121094,42.54999923706055,43.099998474121094,42.43000030517578,42.540000915527344,3382100
2024-07-05,40.617034912109375,42.09000015258789,42.59000015258789,41.939998626708984,42.279998779296875,6754900
2024-07-08,39.99943542480469,41.45000076293945,42.34000015258789,41.400001525878906,42.150001525878906,4810500
2024-07-09,40.16348648071289,41.619998931884766,42.02000045776367,41.20000076293945,41.52000045776367,3866600
2024-07-10,39.980133056640625,41.43000030517578,41.720001220703125,41.18000030517578,41.63999938964844,4079500
2024-07-11,40.8389892578125,42.31999969482422,42.63999938964844,41.529998779296875,41.61000061035156,4116100
2024-07-12,41.23463821411133,42.72999954223633,43.0,42.2400016784668,42.5,3591200
2024-07-15,40.77143478393555,42.25,42.9900016784668,42.119998931884766,42.599998474121094,3077900
2024-07-16,41.3986930847168,42.900001525878906,43.189998626708984,41.959999084472656,42.310001373291016,5631000
2024-07-17,40.8582878112793,42.34000015258789,43.02000045776367,42.099998474121094,42.70000076293945,4076100
2024-07-18,39.66168212890625,41.099998474121094,42.36000061035156,40.93000030517578,42.119998931884766,6048300
2024-07-19,39.63273239135742,41.06999969482422,41.279998779296875,40.5099983215332,41.130001068115234,4169000
2024-07-22,39.96083450317383,41.40999984741211,41.650001525878906,41.11000061035156,41.18000030517578,4320100
2024-07-23,39.69063186645508,41.130001068115234,41.34000015258789,40.630001068115234,41.25,5414300
2024-07-24,38.908973693847656,40.31999969482422,41.2400016784668,40.16999816894531,41.09000015258789,6684200
2024-07-25,37.96327209472656,39.34000015258789,40.959999084472656,39.25,39.619998931884766,10539000
2024-07-26,37.808868408203125,39.18000030517578,39.779998779296875,38.91999816894531,39.720001220703125,6490800
2024-07-29,38.16592025756836,39.54999923706055,39.91999816894531,38.83000183105469,39.09000015258789,7334000
2024-07-30,38.08872985839844,39.470001220703125,40.2599983215332,39.349998474121094,39.40999984741211,6402300
2024-07-31,38.2817268371582,39.66999816894531,40.380001068115234,39.650001525878906,39.810001373291016,10040700
2024-08-01,37.123722076416016,38.470001220703125,39.70000076293945,38.31999969482422,39.66999816894531,6021700
2024-08-02,36.72806930541992,38.060001373291016,38.2599983215332,37.290000915527344,38.0099983215332,5808300
2024-08-05,36.53506851196289,37.86000061035156,37.9900016784668,36.619998931884766,36.650001525878906,7218200
2024-08-06,37.3499755859375,38.5,38.779998779296875,37.66999816894531,37.86000061035156,6823100
2024-08-07,37.330570220947266,38.47999954223633,39.029998779296875,38.20000076293945,38.83000183105469,6580200
2024-08-08,38.630550384521484,39.81999969482422,40.22999954223633,38.779998779296875,38.779998779296875,6179400
2024-08-09,37.417884826660156,38.56999969482422,39.84000015258789,37.869998931884766,39.75,6366500
2024-08-12,37.29176330566406,38.439998626708984,38.90999984741211,38.060001373291016,38.47999954223633,6637300
2024-08-13,38.20368957519531,39.380001068115234,39.619998931884766,38.5099983215332,38.52000045776367,6378600
2024-08-14,38.32010269165039,39.5,39.560001373291016,38.630001068115234,39.43000030517578,8528500
2024-08-15,38.9312858581543,40.130001068115234,40.40999984741211,39.61000061035156,39.810001373291016,9741800
2024-08-16,39.16411590576172,40.369998931884766,40.779998779296875,39.9900016784668,40.04999923706055,6004000
2024-08-19,39.62977981567383,40.849998474121094,41.15999984741211,40.369998931884766,40.369998931884766,3429600
2024-08-20,39.74619674682617,40.970001220703125,41.0099983215332,40.43000030517578,40.689998626708984,4987500
2024-08-21,40.056636810302734,41.290000915527344,41.5099983215332,41.040000915527344,41.20000076293945,4170900
2024-08-22,39.84320831298828,41.06999969482422,41.459999084472656,40.9900016784668,41.41999816894531,2999200
2024-08-23,39.387245178222656,40.599998474121094,40.72999954223633,40.060001373291016,40.439998626708984,5143700
2024-08-26,39.33873748779297,40.54999923706055,40.88999938964844,40.380001068115234,40.81999969482422,4605800
2024-08-27,38.7469596862793,39.939998626708984,40.709999084472656,39.880001068115234,40.540000915527344,6217900
2024-08-28,37.84474182128906,39.0099983215332,39.7400016784668,38.560001373291016,39.709999084472656,6236300
2024-08-29,37.48579025268555,38.63999938964844,39.5099983215332,38.54999923706055,39.18000030517578,7656300
2024-08-30,37.825340270996094,38.9900016784668,39.099998474121094,38.43000030517578,39.0099983215332,12254200
2024-09-03,37.52459716796875,38.68000030517578,39.43000030517578,38.56999969482422,38.83000183105469,7459700
2024-09-04,38.669349670410156,39.86000061035156,40.0099983215332,38.619998931884766,38.619998931884766,5852400
2024-09-05,38.785770416259766,39.97999954223633,40.09000015258789,39.279998779296875,40.060001373291016,5031300
2024-09-06,38.514129638671875,39.70000076293945,40.150001525878906,39.54999923706055,39.97999954223633,6282600
2024-09-09,38.805171966552734,40.0,40.130001068115234,39.0,39.7599983215332,9216500
2024-09-10,38.1066780090332,39.279998779296875,40.04999923706055,38.90999984741211,40.04999923706055,5057200
2024-09-11,38.18428039550781,39.36000061035156,39.380001068115234,38.7400016784668,39.380001068115234,5629000
2024-09-12,38.232791900634766,39.40999984741211,39.59000015258789,38.7599983215332,39.52000045776367,4541500
2024-09-13,38.8245735168457,40.02000045776367,40.349998474121094,39.2599983215332,39.38999938964844,6328000
2024-09-16,39.05739974975586,40.2599983215332,40.529998779296875,39.970001220703125,40.119998931884766,4013200
2024-09-17,40.163352966308594,41.400001525878906,41.61000061035156,40.5,40.599998474121094,4267800
2024-09-18,39.571571350097656,40.790000915527344,41.529998779296875,40.7599983215332,41.5099983215332,3152500
2024-09-19,40.842437744140625,42.099998474121094,42.66999816894531,41.709999084472656,41.810001373291016,5322800
2024-09-20,40.72602844238281,41.97999954223633,42.209999084472656,41.59000015258789,42.189998626708984,7983500
2024-09-23,40.87154769897461,42.130001068115234,42.849998474121094,41.86000061035156,42.18000030517578,7011700
2024-09-24,43.05434036254883,44.380001068115234,45.380001068115234,44.0099983215332,44.400001525878906,10905500
2024-09-25,43.48118591308594,44.81999969482422,44.939998626708984,43.47999954223633,43.88999938964844,8223800
2024-09-26,46.954254150390625,48.400001525878906,48.75,47.119998931884766,48.5,16656500
2024-09-27,49.5930061340332,51.119998931884766,51.5,49.43000030517578,50.0,16750200
2024-09-30,48.8363037109375,50.34000015258789,51.619998931884766,49.970001220703125,51.369998931884766,9416100
2024-10-01,50.281803131103516,51.83000183105469,52.400001525878906,50.47999954223633,50.47999954223633,12142200
2024-10-02,50.27210235595703,51.81999969482422,53.040000915527344,51.58000183105469,52.11000061035156,10484800
2024-10-03,50.41762161254883,51.970001220703125,52.060001373291016,50.599998474121094,50.970001220703125,6042100
2024-10-04,51.0093994140625,52.58000183105469,53.16999816894531,52.15999984741211,52.7599983215332,6426400
2024-10-07,51.73699188232422,53.33000183105469,54.38999938964844,52.720001220703125,53.83000183105469,8817600
2024-10-08,50.291500091552734,51.84000015258789,52.33000183105469,50.790000915527344,51.58000183105469,8469800
2024-10-09,50.378814697265625,51.93000030517578,52.150001525878906,50.77000045776367,50.91999816894531,7827300
2024-10-10,50.456417083740234,52.0099983215332,52.290000915527344,51.54999923706055,51.939998626708984,3438700
2024-10-11,51.29072952270508,52.869998931884766,53.40999984741211,51.75,51.86000061035156,5721700
2024-10-14,50.708656311035156,52.27000045776367,52.86000061035156,51.630001068115234,52.18000030517578,4263300
2024-10-15,49.42808151245117,50.95000076293945,51.84000015258789,50.81999969482422,51.66999816894531,5008600
2024-10-16,50.13628005981445,51.68000030517578,51.88999938964844,50.939998626708984,51.369998931884766,2725200
2024-10-17,49.282562255859375,50.79999923706055,51.439998626708984,50.630001068115234,51.310001373291016,4377800
2024-10-18,50.010162353515625,51.54999923706055,51.97999954223633,51.31999969482422,51.5,3229100
2024-10-21,49.64151382446289,51.16999816894531,51.38999938964844,50.66999816894531,51.33000183105469,3430300
2024-10-22,50.204185485839844,51.75,51.97999954223633,50.970001220703125,51.29999923706055,4714200
2024-10-23,49.5153923034668,51.040000915527344,51.4900016784668,50.810001373291016,51.130001068115234,4486900
2024-10-24,50.902679443359375,52.470001220703125,53.400001525878906,51.29999923706055,52.150001525878906,8057200
2024-10-25,51.184017181396484,52.7599983215332,54.11000061035156,52.630001068115234,52.630001068115234,7170100
2024-10-28,52.01832962036133,53.619998931884766,53.90999984741211,52.90999984741211,52.90999984741211,4213700
2024-10-29,51.79520034790039,53.38999938964844,54.20000076293945,53.380001068115234,54.15999984741211,5596800
2024-10-30,51.34894561767578,52.93000030517578,53.310001373291016,52.7599983215332,52.86000061035156,5813400
2024-10-31,50.30119323730469,51.849998474121094,52.810001373291016,51.83000183105469,52.630001068115234,6325400
2024-11-01,50.18478775024414,51.72999954223633,53.16999816894531,51.70000076293945,52.400001525878906,4848900
2024-11-04,49.83553695678711,51.369998931884766,51.93000030517578,51.15999984741211,51.75,7091700
2024-11-05,49.027183532714844,50.34000015258789,51.220001220703125,49.95000076293945,51.189998626708984,7339200
2024-11-06,49.3777961730957,50.70000076293945,50.88999938964844,49.369998931884766,50.88999938964844,6280200
2024-11-07,50.117977142333984,51.459999084472656,52.060001373291016,51.18000030517578,51.34000015258789,6048600
2024-11-08,49.06613540649414,50.380001068115234,50.75,49.4900016784668,50.54999923706055,8699100
2024-11-11,49.31936264038086,50.63999938964844,51.04999923706055,50.220001220703125,50.689998626708984,3694800
2024-11-12,47.975345611572266,49.2599983215332,50.34000015258789,48.880001068115234,50.220001220703125,9384000
2024-11-13,48.23830795288086,49.529998779296875,49.58000183105469,48.93000030517578,49.16999816894531,5498500
2024-11-14,47.26438903808594,48.529998779296875,49.439998626708984,48.15999984741211,49.279998779296875,7592500
2024-11-15,46.70924758911133,47.959999084472656,48.790000915527344,47.720001220703125,48.45000076293945,6334200
2024-11-18,47.858482360839844,49.13999938964844,49.150001525878906,47.83000183105469,48.0099983215332,4904600
2024-11-19,47.89743423461914,49.18000030517578,49.2400016784668,48.43000030517578,48.84000015258789,3360300
2024-11-20,48.608394622802734,49.90999984741211,49.939998626708984,49.18000030517578,49.31999969482422,3206000
2024-11-21,48.76422119140625,50.06999969482422,50.25,49.16999816894531,49.40999984741211,3347300
2024-11-22,48.77396774291992,50.08000183105469,50.5,49.68000030517578,49.849998474121094,3408400
2024-11-25,50.05954360961914,51.400001525878906,51.720001220703125,50.36000061035156,50.599998474121094,5146200
2024-11-26,49.59206008911133,50.91999816894531,51.25,50.75,51.16999816894531,5795600
2024-11-27,50.07901382446289,51.41999816894531,52.060001373291016,51.0,51.0,3123500
2024-11-29,51.67625045776367,53.060001373291016,53.54999923706055,51.470001220703125,51.5,4739200
2024-12-02,53.565650939941406,55.0,55.2400016784668,53.59000015258789,53.709999084472656,6710100
2024-12-03,52.49434280395508,53.900001525878906,54.880001068115234,53.470001220703125,54.56999969482422,3645700
2024-12-04,53.176090240478516,54.599998474121094,54.63999938964844,53.779998779296875,54.15999984741211,4958500
2024-12-05,52.43590545654297,53.84000015258789,54.900001525878906,53.79999923706055,54.68000030517578,2872800
2024-12-06,52.582000732421875,53.9900016784668,54.880001068115234,53.97999954223633,54.310001373291016,3063300
2024-12-09,53.73121643066406,55.16999816894531,56.61000061035156,55.04999923706055,55.5,5328500
2024-12-10,53.44879150390625,54.880001068115234,55.439998626708984,54.20000076293945,54.709999084472656,3457500
2024-12-11,53.03000259399414,54.45000076293945,55.06999969482422,54.060001373291016,55.0,4981300
2024-12-12,52.39694595336914,53.79999923706055,54.95000076293945,53.7400016784668,54.5099983215332,3585400
2024-12-13,52.46512222290039,53.869998931884766,54.29999923706055,53.43000030517578,53.95000076293945,3378800
2024-12-16,51.121116638183594,52.4900016784668,53.9900016784668,52.400001525878906,53.650001525878906,4659600
2024-12-17,52.24112319946289,53.63999938964844,53.77000045776367,52.040000915527344,52.5,5654900
2024-12-18,49.689453125,51.02000045776367,53.93000030517578,50.93000030517578,53.63999938964844,9479200
2024-12-19,49.94266891479492,51.279998779296875,51.81999969482422,50.90999984741211,51.52000045776367,3788200
2024-12-20,50.88737487792969,52.25,52.369998931884766,51.040000915527344,51.290000915527344,8899500
2024-12-23,50.31275939941406,51.65999984741211,52.27000045776367,51.279998779296875,52.099998474121094,2302900
2024-12-24,50.53676223754883,51.88999938964844,52.09000015258789,51.38999938964844,51.63999938964844,966900
2024-12-26,50.61467361450195,51.970001220703125,52.29999923706055,51.61000061035156,51.720001220703125,1660400
2024-12-27,50.50754928588867,51.86000061035156,51.88999938964844,51.33000183105469,51.619998931884766,1747800
2024-12-30,49.3777961730957,50.70000076293945,51.08000183105469,50.4900016784668,51.029998779296875,2426900
2024-12-31,50.02058410644531,51.36000061035156,51.52000045776367,50.849998474121094,50.90999984741211,1917100
2025-01-02,48.598663330078125,49.900001525878906,51.75,49.68000030517578,51.2400016784668,3161000
2025-01-03,49.105098724365234,50.41999816894531,51.5099983215332,49.54999923706055,51.459999084472656,3050900
2025-01-06,49.60179901123047,50.93000030517578,51.97999954223633,50.68000030517578,51.08000183105469,3510800
2025-01-07,48.20909118652344,49.5,51.43000030517578,49.20000076293945,50.900001525878906,4651900
2025-01-08,47.868221282958984,49.150001525878906,49.41999816894531,48.779998779296875,49.060001373291016,2584500
2025-01-10,45.97880935668945,47.209999084472656,48.81999969482422,47.02000045776367,48.66999816894531,4817600
2025-01-13,45.64767837524414,46.869998931884766,47.279998779296875,46.5,47.18000030517578,4953400
2025-01-14,43.826446533203125,45.0,46.369998931884766,44.33000183105469,45.939998626708984,6820700
2025-01-15,43.04731369018555,44.20000076293945,46.04999923706055,44.02000045776367,45.380001068115234,5657200
2025-01-16,42.83304214477539,43.97999954223633,44.68000030517578,43.779998779296875,44.290000915527344,4027000
2025-01-17,43.242095947265625,44.400001525878906,44.86000061035156,44.16999816894531,44.20000076293945,4403600
2025-01-21,44.177059173583984,45.36000061035156,45.7400016784668,44.83000183105469,44.83000183105469,6228400
2025-01-22,42.85251998901367,44.0,45.18000030517578,43.869998931884766,45.0,5364100
2025-01-23,42.316871643066406,43.45000076293945,44.08000183105469,43.220001220703125,44.029998779296875,5766100
2025-01-24,42.365562438964844,43.5,43.849998474121094,43.18000030517578,43.61000061035156,4824500
2025-01-27,42.316871643066406,43.45000076293945,44.099998474121094,43.09000015258789,43.09000015258789,4793200
2025-01-28,42.102603912353516,43.22999954223633,43.709999084472656,43.0099983215332,43.47999954223633,4279700
2025-01-29,42.297393798828125,43.43000030517578,44.150001525878906,43.2599983215332,43.310001373291016,9646700
2025-01-30,46.98195266723633,48.2400016784668,48.72999954223633,46.529998779296875,47.5,13509200
2025-01-31,44.63479995727539,45.83000183105469,47.900001525878906,45.290000915527344,47.84000015258789,9316700
2025-02-03,43.758270263671875,44.93000030517578,45.369998931884766,44.209999084472656,44.47999954223633,6387900
2025-02-04,43.36870193481445,44.529998779296875,45.72999954223633,44.5,45.18000030517578,6377000
2025-02-05,42.394779205322266,43.529998779296875,44.16999816894531,43.02000045776367,44.0,8821400
2025-02-06,41.216339111328125,42.31999969482422,43.79999923706055,42.04999923706055,43.68000030517578,12314900
2025-02-07,41.85912322998047,42.97999954223633,44.099998474121094,42.77000045776367,43.0,9402000
2025-02-10,40.82072067260742,41.66999816894531,43.099998474121094,41.56999969482422,42.88999938964844,6426100
2025-02-11,40.4092903137207,41.25,41.869998931884766,41.150001525878906,41.380001068115234,5281200
2025-02-12,41.0362434387207,41.88999938964844,42.41999816894531,41.31999969482422,41.43000030517578,5984100
2025-02-13,41.34972381591797,42.209999084472656,43.04999923706055,41.939998626708984,43.0,5781100
2025-02-14,42.48607635498047,43.369998931884766,43.54999923706055,42.52000045776367,42.75,5918100
2025-02-18,42.92690658569336,43.81999969482422,44.36000061035156,43.36000061035156,43.689998626708984,5453900
2025-02-19,43.14242935180664,44.040000915527344,44.18000030517578,43.369998931884766,43.560001373291016,3973500
2025-02-20,44.05347442626953,44.970001220703125,44.9900016784668,44.02000045776367,44.09000015258789,4189500
2025-02-21,43.12282943725586,44.02000045776367,45.369998931884766,43.709999084472656,45.15999984741211,4168900
2025-02-24,44.19062042236328,45.11000061035156,45.400001525878906,43.619998931884766,43.75,5185200
2025-02-25,43.455902099609375,44.36000061035156,45.33000183105469,43.650001525878906,45.0099983215332,6886200
2025-02-26,42.8387451171875,43.72999954223633,45.099998474121094,43.36000061035156,45.099998474121094,3301200
2025-02-27,42.84854507446289,43.7400016784668,44.18000030517578,42.9900016784668,43.599998474121094,3051000
2025-02-28,43.798770904541016,44.709999084472656,45.060001373291016,43.599998474121094,43.599998474121094,3944800
2025-03-03,44.50409698486328,45.43000030517578,47.630001068115234,44.93000030517578,46.41999816894531,7525900
2025-03-04,44.17102813720703,45.09000015258789,45.65999984741211,44.369998931884766,45.0,3881500
2025-03-05,45.1114616394043,46.04999923706055,46.349998474121094,45.54999923706055,45.70000076293945,4868000
2025-03-06,44.464908599853516,45.38999938964844,46.380001068115234,45.150001525878906,45.689998626708984,4236800
2025-03-07,44.141639709472656,45.060001373291016,45.130001068115234,44.02000045776367,44.880001068115234,4715100
2025-03-10,44.415931701660156,45.34000015258789,45.88999938964844,44.380001068115234,44.459999084472656,3889800
2025-03-11,43.906524658203125,44.81999969482422,45.86000061035156,44.220001220703125,45.529998779296875,3276000
2025-03-12,41.917903900146484,42.790000915527344,44.779998779296875,42.66999816894531,44.560001373291016,5026000
2025-03-13,41.908103942871094,42.779998779296875,43.470001220703125,42.470001220703125,42.900001525878906,5940800
2025-03-14,42.30974578857422,43.189998626708984,44.290000915527344,42.65999984741211,43.22999954223633,9203700
2025-03-17,42.779964447021484,43.66999816894531,44.33000183105469,43.369998931884766,43.369998931884766,4643700
2025-03-18,42.38812255859375,43.27000045776367,43.880001068115234,43.02000045776367,43.70000076293945,4039000
2025-03-19,43.01507568359375,43.90999984741211,44.209999084472656,43.43000030517578,43.5099983215332,4339200
2025-03-20,42.00606918334961,42.880001068115234,43.79999923706055,42.83000183105469,43.45000076293945,3908400
2025-03-21,41.07543182373047,41.93000030517578,42.439998626708984,40.900001525878906,42.380001068115234,7760300
2025-03-24,40.65419387817383,41.5,42.41999816894531,41.15999984741211,42.0,5573300
2025-03-25,39.44926071166992,40.27000045776367,41.709999084472656,40.16999816894531,41.560001373291016,7675300
2025-03-26,39.48844909667969,40.310001373291016,40.650001525878906,40.06999969482422,40.349998474121094,4277900
2025-03-27,39.49824142456055,40.31999969482422,40.75,40.0099983215332,40.130001068115234,3582500
2025-03-28,37.401859283447266,38.18000030517578,40.15999984741211,38.130001068115234,40.0,5782300
2025-03-31,37.842689514160156,38.630001068115234,38.79999923706055,37.380001068115234,37.439998626708984,5684700
2025-04-01,38.352088928222656,39.150001525878906,39.290000915527344,38.630001068115234,38.630001068115234,6310400
2025-04-02,38.24433517456055,39.040000915527344,39.279998779296875,38.5,39.0,5403500
2025-04-03,35.667930603027344,36.40999984741211,37.869998931884766,35.560001373291016,37.5099983215332,11130100
2025-04-04,32.68988800048828,33.369998931884766,35.16999816894531,32.7400016784668,35.0,11367000
2025-04-07,31.44577407836914,32.099998474121094,34.11000061035156,31.420000076293945,32.36000061035156,10019400
2025-04-08,30.074308395385742,30.700000762939453,33.099998474121094,30.18000030517578,32.9900016784668,11542600
2025-04-09,33.04255294799805,33.72999954223633,33.810001373291016,30.520000457763672,30.809999465942383,13193300
2025-04-10,31.073516845703125,31.719999313354492,33.0,31.049999237060547,32.900001525878906,7840300
2025-04-11,31.435976028442383,32.09000015258789,32.27000045776367,30.709999084472656,31.739999771118164,5116400
2025-04-14,31.465364456176758,32.119998931884766,32.81999969482422,31.56999969482422,32.63999938964844,6795700
2025-04-15,32.004154205322266,32.66999816894531,32.9900016784668,31.959999084472656,31.959999084472656,6218300
2025-04-16,31.210664749145508,31.860000610351562,32.650001525878906,31.600000381469727,32.29999923706055,5044500
2025-04-17,32.10211944580078,32.77000045776367,33.06999969482422,32.13999938964844,32.29999923706055,5739600
2025-04-21,31.89640235900879,32.560001373291016,32.86000061035156,32.20000076293945,32.66999816894531,5564200
2025-04-22,33.24827194213867,33.939998626708984,34.040000915527344,32.83000183105469,32.880001068115234,7230300
2025-04-23,33.67930603027344,34.380001068115234,35.939998626708984,34.33000183105469,35.119998931884766,11854800
2025-04-24,35.86385726928711,36.61000061035156,37.02000045776367,34.36000061035156,34.470001220703125,11524800
2025-04-25,35.158531188964844,35.88999938964844,36.81999969482422,35.630001068115234,36.5099983215332,6978000
2025-04-28,35.30547332763672,36.040000915527344,36.4900016784668,35.43000030517578,35.459999084472656,5844600
2025-04-29,35.82467269897461,36.56999969482422,36.709999084472656,35.5,35.70000076293945,5370000
2025-04-30,35.922630310058594,36.66999816894531,36.79999923706055,35.7599983215332,35.900001525878906,5606600
2025-05-01,36.05978012084961,36.810001373291016,37.61000061035156,36.599998474121094,36.779998779296875,5783600
2025-05-02,37.294097900390625,38.06999969482422,38.220001220703125,37.2400016784668,37.349998474121094,6355800
2025-05-05,37.52920913696289,38.310001373291016,38.63999938964844,37.540000915527344,37.77000045776367,7925700
2025-05-06,38.26875305175781,38.810001373291016,39.040000915527344,37.95000076293945,38.060001373291016,6981200
2025-05-07,39.028011322021484,39.58000183105469,39.959999084472656,38.90999984741211,39.36000061035156,6677600
2025-05-08,39.20549774169922,39.7599983215332,40.869998931884766,39.459999084472656,39.72999954223633,8006300
2025-05-09,39.235076904296875,39.790000915527344,40.119998931884766,39.619998931884766,39.779998779296875,5363700
2025-05-12,41.798824310302734,42.38999938964844,42.4900016784668,41.119998931884766,41.119998931884766,7470700
2025-05-13,41.72979736328125,42.31999969482422,42.599998474121094,41.97999954223633,42.36000061035156,5162100
2025-05-14,41.828399658203125,42.41999816894531,42.5,41.97999954223633,42.380001068115234,4708700
2025-05-15,41.55230712890625,42.13999938964844,42.529998779296875,41.880001068115234,42.150001525878906,4562400
2025-05-16,41.83826446533203,42.43000030517578,42.47999954223633,41.83000183105469,42.290000915527344,3979500
2025-05-19,41.719940185546875,42.310001373291016,42.45000076293945,41.77000045776367,41.97999954223633,3595500
2025-05-20,40.36904525756836,40.939998626708984,42.29999923706055,40.849998474121094,42.20000076293945,5784200
2025-05-21,39.74782943725586,40.310001373291016,40.849998474121094,40.220001220703125,40.599998474121094,6230200
2025-05-22,39.5308952331543,40.09000015258789,40.40999984741211,39.290000915527344,40.130001068115234,6600900
2025-05-23,39.24494171142578,39.79999923706055,40.16999816894531,39.36000061035156,39.38999938964844,4453300
2025-05-27,41.05928039550781,41.63999938964844,42.16999816894531,40.119998931884766,40.380001068115234,7043800
2025-05-28,40.04364776611328,40.61000061035156,41.720001220703125,40.33000183105469,41.630001068115234,6944000
2025-05-29,40.645137786865234,41.220001220703125,41.27000045776367,40.470001220703125,40.9900016784668,7771600
2025-05-30,40.58597183227539,41.15999984741211,41.31999969482422,40.61000061035156,40.869998931884766,7920600
2025-06-02,40.53667068481445,41.11000061035156,42.119998931884766,40.36000061035156,42.09000015258789,5296200
2025-06-03,41.542449951171875,42.130001068115234,42.79999923706055,40.900001525878906,40.9900016784668,6849400
2025-06-04,40.77332305908203,41.349998474121094,41.880001068115234,40.849998474121094,41.5,3916100
2025-06-05,39.698524475097656,40.2599983215332,41.310001373291016,40.040000915527344,41.2400016784668,3925200
2025-06-06,39.659080505371094,40.220001220703125,40.7599983215332,40.040000915527344,40.7599983215332,4699900
2025-06-09,41.31565475463867,41.900001525878906,41.97999954223633,40.529998779296875,40.529998779296875,4704100
2025-06-10,41.89742660522461,42.4900016784668,42.599998474121094,41.900001525878906,42.0,3218800
2025-06-11,41.256492614746094,41.84000015258789,42.9900016784668,41.56999969482422,42.9900016784668,2983200
2025-06-12,41.32551574707031,41.90999984741211,41.95000076293945,40.90999984741211,41.52000045776367,2885300
2025-06-13,39.767555236816406,40.33000183105469,41.619998931884766,40.029998779296875,41.25,4893700
2025-06-16,42.21296310424805,42.810001373291016,42.95000076293945,41.099998474121094,41.310001373291016,6156900
2025-06-17,41.167747497558594,41.75,42.849998474121094,41.540000915527344,42.220001220703125,4156000
2025-06-18,41.19732666015625,41.779998779296875,41.97999954223633,41.38999938964844,41.720001220703125,5368000
2025-06-20,41.098724365234375,41.68000030517578,42.099998474121094,41.38999938964844,42.06999969482422,6701000
2025-06-23,41.36495590209961,41.95000076293945,42.400001525878906,40.939998626708984,41.5099983215332,3227100
2025-06-24,42.03547286987305,42.630001068115234,42.900001525878906,42.060001373291016,42.77000045776367,4471100
2025-06-25,42.30171203613281,42.900001525878906,43.34000015258789,42.599998474121094,42.849998474121094,3791200
2025-06-26,43.01166534423828,43.619998931884766,43.75,42.849998474121094,42.91999816894531,4379000
2025-06-27,43.50469207763672,44.119998931884766,44.40999984741211,43.56999969482422,43.720001220703125,5912200
2025-06-30,42.9031982421875,43.5099983215332,44.27000045776367,43.20000076293945,44.040000915527344,5060500
2025-07-01,46.71923065185547,47.380001068115234,47.630001068115234,45.599998474121094,45.79999923706055,10764400
2025-07-02,47.182674407958984,47.849998474121094,47.9900016784668,47.0099983215332,47.4900016784668,5856400
2025-07-03,47.547515869140625,48.220001220703125,48.59000015258789,47.63999938964844,47.93000030517578,2373100
2025-07-07,47.66584014892578,48.34000015258789,48.38999938964844,47.470001220703125,47.689998626708984,5285200
2025-07-08,48.42510223388672,49.11000061035156,49.43000030517578,48.560001373291016,48.79999923706055,4013800
2025-07-09,48.918128967285156,49.61000061035156,49.72999954223633,48.869998931884766,49.20000076293945,3334800
2025-07-10,49.81543731689453,50.52000045776367,50.66999816894531,49.5,49.689998626708984,3145600
2025-07-11,49.11534118652344,49.810001373291016,50.5,49.58000183105469,50.5,3401000
2025-07-14,49.529483795166016,50.22999954223633,50.279998779296875,49.25,49.650001525878906,2327300
2025-07-15,49.164642333984375,49.86000061035156,50.349998474121094,49.619998931884766,50.25,2371100
2025-07-16,48.43496322631836,49.119998931884766,49.95000076293945,49.0,49.56999969482422,4567800
2025-07-17,48.24760818481445,48.93000030517578,49.349998474121094,48.619998931884766,49.13999938964844,8021600
2025-07-18,47.99123764038086,48.66999816894531,49.25,48.34000015258789,49.119998931884766,3706700
2025-07-21,47.59681701660156,48.27000045776367,49.2400016784668,48.09000015258789,48.90999984741211,5653700
2025-07-22,47.84333038330078,48.52000045776367,48.79999923706055,47.970001220703125,48.45000076293945,4209100
2025-07-23,48.01095962524414,48.689998626708984,48.959999084472656,48.349998474121094,48.41999816894531,6858200
2025-07-24,50.08167266845703,50.790000915527344,52.38999938964844,49.470001220703125,51.27000045776367,15294200
2025-07-25,51.6790771484375,52.40999984741211,52.5,50.41999816894531,51.25,6936700
2025-07-28,51.757965087890625,52.4900016784668,53.130001068115234,52.029998779296875,52.79999923706055,7655700
2025-07-29,51.61005783081055,52.34000015258789,52.959999084472656,52.099998474121094,52.5,4119400
2025-07-30,52.23127365112305,52.970001220703125,53.58000183105469,52.290000915527344,52.41999816894531,4666600
2025-07-31,51.669219970703125,52.400001525878906,52.900001525878906,52.20000076293945,52.4900016784668,4007700
2025-08-01,51.53116989135742,52.2599983215332,52.650001525878906,51.5099983215332,52.0099983215332,5586300
2025-08-04,51.669219970703125,52.400001525878906,52.959999084472656,52.20000076293945,52.52000045776367,3817900
2025-08-05,51.71875762939453,52.20000076293945,52.720001220703125,51.619998931884766,52.41999816894531,3240300
2025-08-06,52.23396682739258,52.720001220703125,52.869998931884766,51.95000076293945,52.40999984741211,2770000
2025-08-07,52.52128982543945,53.0099983215332,53.27000045776367,52.630001068115234,52.970001220703125,2895200
2025-08-08,52.14479446411133,52.630001068115234,53.189998626708984,51.56999969482422,52.099998474121094,2608100
2025-08-11,52.53119659423828,53.02000045776367,53.13999938964844,52.27000045776367,52.91999816894531,3689000
2025-08-12,53.3931770324707,53.88999938964844,54.43000030517578,52.95000076293945,53.150001525878906,5301100
2025-08-13,53.829124450683594,54.33000183105469,54.38999938964844,53.58000183105469,53.88999938964844,4584200
2025-08-14,53.621055603027344,54.119998931884766,54.29999923706055,53.63999938964844,53.81999969482422,3812600
2025-08-15,53.16529846191406,53.65999984741211,54.56999969482422,53.650001525878906,54.29999923706055,3487700
2025-08-18,52.31322479248047,52.79999923706055,53.97999954223633,52.7599983215332,53.7599983215332,4643600
2025-08-19,53.10585021972656,53.599998474121094,53.810001373291016,52.77000045776367,53.0,3902500
2025-08-20,53.12566375732422,53.619998931884766,54.08000183105469,53.16999816894531,53.16999816894531,3728800
2025-08-21,53.01668167114258,53.5099983215332,53.790000915527344,53.18000030517578,53.40999984741211,3451900
2025-08-22,54.54248046875,55.04999923706055,55.209999084472656,53.540000915527344,53.75,4015000
2025-08-25,55.701698303222656,56.220001220703125,56.54999923706055,55.439998626708984,55.5,4559000
2025-08-26,55.67197036743164,56.189998626708984,56.86000061035156,55.810001373291016,56.09000015258789,5483900
2025-08-27,56.17727279663086,56.70000076293945,56.91999816894531,55.810001373291016,55.810001373291016,3176700
2025-08-28,57.17795944213867,57.709999084472656,57.7400016784668,57.11000061035156,57.29999923706055,3126500
2025-08-29,57.098697662353516,57.630001068115234,58.04999923706055,57.27000045776367,57.5,3245400
2025-09-02,56.484413146972656,57.0099983215332,57.41999816894531,56.38999938964844,56.869998931884766,5159500
2025-09-03,54.85953140258789,55.369998931884766,56.90999984741211,55.20000076293945,56.90999984741211,5905800
2025-09-04,54.601932525634766,55.11000061035156,55.40999984741211,54.619998931884766,55.40999984741211,4841500
2025-09-05,53.20492935180664,53.70000076293945,55.29999923706055,53.61000061035156,55.099998474121094,5133700
2025-09-08,53.25446701049805,53.75,53.939998626708984,53.09000015258789,53.900001525878906,6145900
2025-09-09,53.50216293334961,54.0,54.27000045776367,53.540000915527344,53.720001220703125,4732700
2025-09-10,53.997554779052734,54.5,54.66999816894531,53.81999969482422,54.189998626708984,4945800
2025-09-11,54.20561599731445,54.709999084472656,54.90999984741211,53.86000061035156,54.630001068115234,5815800
2025-09-12,53.006771087646484,53.5,54.90999984741211,53.31999969482422,54.88999938964844,5880900
2025-09-15,52.60055160522461,53.09000015258789,53.4900016784668,52.459999084472656,53.45000076293945,5735000
2025-09-16,51.381893157958984,51.86000061035156,52.720001220703125,51.54999923706055,52.630001068115234,6442400
2025-09-17,52.224056243896484,52.709999084472656,53.13999938964844,51.68000030517578,52.150001525878906,5051100
2025-09-18,52.719444274902344,53.209999084472656,53.2599983215332,52.189998626708984,52.84000015258789,4336200
2025-09-19,53.37335968017578,53.869998931884766,54.40999984741211,53.18000030517578,53.619998931884766,15691800
2025-09-22,52.37267303466797,52.86000061035156,54.61000061035156,52.84000015258789,54.43000030517578,5920600
2025-09-23,52.58073425292969,53.06999969482422,54.04999923706055,52.90999984741211,53.0,4747200
2025-09-24,52.5014762878418,52.9900016784668,53.470001220703125,52.5,53.279998779296875,3383400
2025-09-25,52.570831298828125,53.060001373291016,53.40999984741211,52.529998779296875,52.88999938964844,2735700
2025-09-26,53.51206970214844,54.0099983215332,54.459999084472656,52.9900016784668,53.02000045776367,3285800
2025-09-29,54.740638732910156,55.25,55.4900016784668,54.09000015258789,54.93000030517578,4291300
2025-09-30,53.29410171508789,53.790000915527344,55.2400016784668,53.38999938964844,55.2400016784668,4110900
2025-10-01,54.26506423950195,54.77000045776367,55.150001525878906,53.58000183105469,53.869998931884766,3888300
2025-10-02,54.54248046875,55.04999923706055,55.45000076293945,54.34000015258789,54.95000076293945,3202800
2025-10-03,50.500099182128906,50.970001220703125,54.54999923706055,50.63999938964844,54.470001220703125,8163300
2025-10-06,51.78811264038086,52.27000045776367,53.11000061035156,51.540000915527344,51.630001068115234,5958900
2025-10-07,51.322444915771484,51.79999923706055,52.5,51.61000061035156,52.25,3172600
2025-10-08,52.778892517089844,53.27000045776367,54.18000030517578,51.84000015258789,51.93000030517578,5252500
2025-10-09,51.381893157958984,51.86000061035156,52.97999954223633,50.900001525878906,52.97999954223633,5423300
2025-10-10,49.15263748168945,49.61000061035156,52.029998779296875,49.47999954223633,52.029998779296875,6609000
2025-10-13,46.04158401489258,46.470001220703125,48.68000030517578,46.290000915527344,48.5,11891700
2025-10-14,47.597110748291016,48.040000915527344,48.40999984741211,45.90999984741211,45.90999984741211,6517500
2025-10-15,48.577980041503906,49.029998779296875,49.90999984741211,48.189998626708984,48.189998626708984,4861700
2025-10-16,48.68696975708008,49.13999938964844,50.11000061035156,48.599998474121094,50.11000061035156,4497600
2025-10-17,48.09250259399414,48.540000915527344,49.79999923706055,48.310001373291016,49.11000061035156,7964400
2025-10-20,49.27153015136719,49.72999954223633,50.65999984741211,49.41999816894531,49.88999938964844,7701400
2025-10-21,50.153324127197266,50.619998931884766,50.77000045776367,49.20000076293945,49.58000183105469,3815600
2025-10-22,50.153324127197266,50.619998931884766,51.060001373291016,49.849998474121094,50.29999923706055,4374400
2025-10-23,56.36552047729492,56.88999938964844,57.70000076293945,53.849998474121094,54.560001373291016,13414100
2025-10-24,57.068973541259766,57.599998474121094,58.290000915527344,56.470001220703125,56.9900016784668,6124200
2025-10-27,58.89200973510742,59.439998626708984,59.65999984741211,58.209999084472656,58.59000015258789,6496300
2025-10-28,57.66344451904297,58.20000076293945,59.540000915527344,57.81999969482422,59.20000076293945,4666800
2025-10-29,58.238094329833984,58.779998779296875,59.400001525878906,58.11000061035156,58.220001220703125,4544300
2025-10-30,58.40652847290039,58.95000076293945,59.31999969482422,57.599998474121094,58.5099983215332,4089800
2025-10-31,58.80284118652344,59.349998474121094,59.5,58.52000045776367,58.7599983215332,4747500
2025-11-03,61.1609001159668,61.72999954223633,61.790000915527344,59.79999923706055,60.13999938964844,6581000
2025-11-04,60.961936950683594,61.279998779296875,61.83000183105469,60.31999969482422,61.029998779296875,7195500
2025-11-05,62.215396881103516,62.540000915527344,63.060001373291016,61.310001373291016,61.310001373291016,4684300
2025-11-06,62.4640998840332,62.790000915527344,63.36000061035156,62.099998474121094,62.849998474121094,5280900
2025-11-07,64.87153625488281,65.20999908447266,65.55000305175781,61.619998931884766,62.0099983215332,6105600
2025-11-10,65.78675842285156,66.12999725341797,67.4000015258789,65.55000305175781,65.86000061035156,5559900
2025-11-11,66.64229583740234,66.98999786376953,67.83000183105469,65.83999633789062,65.97000122070312,4713900
2025-11-12,66.30406951904297,66.6500015258789,67.43000030517578,66.4800033569336,67.0,4200900
2025-11-13,65.25951385498047,65.5999984741211,66.91000366210938,65.11000061035156,66.47000122070312,10241500
2025-11-14,65.04065704345703,65.37999725341797,66.48999786376953,64.02999877929688,65.02999877929688,7243600
2025-11-17,64.54325103759766,64.87999725341797,66.26000213623047,64.3499984741211,65.52999877929688,4575800
2025-11-18,64.44377136230469,64.77999877929688,65.16999816894531,63.290000915527344,63.59000015258789,5274000
2025-11-19,63.71756362915039,64.05000305175781,65.41999816894531,63.88999938964844,65.0199966430664,5769000
2025-11-20,63.15052032470703,63.47999954223633,65.91999816894531,63.41999816894531,64.6500015258789,3933500
2025-11-21,63.9762077331543,64.30999755859375,64.94000244140625,63.209999084472656,63.869998931884766,5289600
2025-11-24,65.32914733886719,65.66999816894531,65.77999877929688,64.62999725341797,64.63999938964844,6652500
2025-11-25,67.27897644042969,67.62999725341797,68.1500015258789,65.79000091552734,65.79000091552734,4986400
2025-11-26,67.89575958251953,68.25,68.41999816894531,67.4000015258789,67.66000366210938,3493500
2025-11-28,67.80622863769531,68.16000366210938,68.62999725341797,67.58999633789062,67.94999694824219,1390000
2025-12-01,69.12932586669922,69.48999786376953,70.44999694824219,69.06999969482422,69.27999877929688,4790100
2025-12-02,68.15441131591797,68.51000213623047,69.63999938964844,68.26000213623047,69.4800033569336,6094300
2025-12-03,66.53286743164062,66.87999725341797,68.98999786376953,66.87000274658203,68.66000366210938,6380800
2025-12-04,66.05536651611328,66.4000015258789,66.87999725341797,65.20999908447266,66.7699966430664,6027800
2025-12-05,65.90614318847656,66.25,66.83000183105469,66.12999725341797,66.37999725341797,4361800
2025-12-08,66.7318344116211,67.08000183105469,68.37000274658203,66.68000030517578,66.83999633789062,4117200
2025-12-09,66.085205078125,66.43000030517578,66.87999725341797,65.9000015258789,66.80999755859375,4029800
2025-12-10,66.125,66.47000122070312,67.18000030517578,66.37000274658203,66.72000122070312,3392100
2025-12-11,65.85639953613281,66.19999694824219,67.0199966430664,65.93000030517578,66.31999969482422,5107200
2025-12-12,64.90138244628906,65.23999786376953,66.83999633789062,64.41999816894531,66.38999938964844,11242300
2025-12-15,66.64229583740234,66.98999786376953,68.0,66.2300033569336,67.08999633789062,8054800
2025-12-16,66.97058868408203,67.31999969482422,68.02999877929688,66.70999908447266,66.72000122070312,4667400
2025-12-17,66.1448974609375,66.48999786376953,67.58999633789062,66.33000183105469,67.31999969482422,5492900
2025-12-18,66.61245727539062,66.95999908447266,67.37999725341797,66.44000244140625,66.83999633789062,4874500
2025-12-19,66.60250854492188,66.94999694824219,67.44000244140625,66.52999877929688,66.80999755859375,8524300
2025-12-22,66.5627212524414,66.91000366210938,67.63999938964844,66.62000274658203,67.22000122070312,3970400
2025-12-23,65.85639953613281,66.19999694824219,67.11000061035156,66.05000305175781,66.95999908447266,3423300
2025-12-24,65.96582794189453,66.30999755859375,66.5999984741211,65.77999877929688,66.08999633789062,1557700
2025-12-26,65.85639953613281,66.19999694824219,66.66999816894531,66.06999969482422,66.37999725341797,2147000
2025-12-29,65.29930877685547,65.63999938964844,66.08000183105469,65.06999969482422,65.97000122070312,4111500
2025-12-30,64.7621078491211,65.0999984741211,65.72000122070312,64.80000305175781,65.52999877929688,2993200
2025-12-31,64.75215911865234,65.08999633789062,65.3499984741211,64.93000030517578,65.13999938964844,3307300
2026-01-02,64.87153625488281,65.20999908447266,65.62000274658203,64.1500015258789,65.19999694824219,3743800
2026-01-05,64.30449676513672,64.63999938964844,65.41000366210938,64.1500015258789,65.0199966430664,3828300
2026-01-06,63.44895935058594,63.779998779296875,64.70999908447266,63.54999923706055,64.2699966430664,4540500
2026-01-07,61.11116027832031,61.43000030517578,63.5,61.20000076293945,63.290000915527344,8674700
2026-01-08,61.57872009277344,61.900001525878906,62.5,60.7599983215332,61.220001220703125,7655700
2026-01-09,58.6440315246582,58.95000076293945,62.11000061035156,58.869998931884766,62.11000061035156,9774800
2026-01-12,59.57915115356445,59.88999938964844,60.130001068115234,58.599998474121094,58.70000076293945,8204600
2026-01-13,59.56920623779297,59.880001068115234,60.79999923706055,59.720001220703125,60.47999954223633,6050600
2026-01-14,59.5890998840332,59.900001525878906,60.40999984741211,59.2599983215332,59.9900016784668,5367800
2026-01-15,60.295413970947266,60.61000061035156,61.279998779296875,59.779998779296875,60.0,6884100
2026-01-16,58.6440315246582,58.95000076293945,60.400001525878906,58.61000061035156,60.220001220703125,8025700
2026-01-20,58.23616027832031,58.540000915527344,59.25,57.720001220703125,58.470001220703125,6156900
2026-01-21,59.29065704345703,59.599998474121094,59.970001220703125,58.849998474121094,58.95000076293945,9370100
2026-01-22,59.62889099121094,59.939998626708984,60.75,59.77000045776367,60.130001068115234,5236000
2026-01-23,59.63883972167969,59.95000076293945,60.7599983215332,59.56999969482422,59.88999938964844,4259500
2026-01-26,60.56401443481445,60.880001068115234,62.54999923706055,59.970001220703125,60.0,6707900
2026-01-27,60.03676223754883,60.349998474121094,61.09000015258789,60.060001373291016,60.939998626708984,3745100
2026-01-28,60.942039489746094,61.2599983215332,62.70000076293945,61.0,61.0,11044700
2026-01-29,52.43641662597656,52.709999084472656,56.560001373291016,51.91999816894531,55.5,18123300
2026-01-30,52.45631408691406,52.72999954223633,54.40999984741211,52.16999816894531,52.20000076293945,8627800
2026-02-02,55.35121154785156,55.63999938964844,55.709999084472656,53.400001525878906,53.560001373291016,9614600
2026-02-03,56.64446258544922,56.939998626708984,56.939998626708984,54.86000061035156,55.34000015258789,7187900
2026-02-04,57.20155715942383,57.5,59.2400016784668,56.970001220703125,57.290000915527344,7315800
2026-02-05,56.64446258544922,56.939998626708984,57.63999938964844,56.459999084472656,57.2599983215332,5666300
2026-02-06,57.5,57.79999923706055,57.970001220703125,57.0,57.209999084472656,5516000
2026-02-09,57.18000030517578,57.18000030517578,58.06999969482422,55.72999954223633,57.40999984741211,4678000
2026-02-10,57.02000045776367,57.02000045776367,57.290000915527344,55.81999969482422,57.22999954223633,3809700
2026-02-11,57.709999084472656,57.709999084472656,58.09000015258789,57.310001373291016,57.75,4416900
2026-02-12,56.83000183105469,56.83000183105469,59.220001220703125,56.33000183105469,57.869998931884766,7014700
2026-02-13,57.150001525878906,57.150001525878906,58.060001373291016,56.0,56.56999969482422,4635700
2026-02-17,57.52000045776367,57.52000045776367,57.790000915527344,56.349998474121094,57.65999984741211,4878900
2026-02-18,58.84000015258789,58.84000015258789,59.27000045776367,57.56999969482422,57.56999969482422,2790200
2026-02-19,58.09000015258789,58.09000015258789,58.650001525878906,57.31999969482422,58.54999923706055,3251700
2026-02-20,58.0099983215332,58.0099983215332,58.369998931884766,57.459999084472656,57.939998626708984,2821300
2026-02-23,55.720001220703125,55.720001220703125,58.0,55.040000915527344,57.72999954223633,5578900
2026-02-24,55.04999923706055,55.04999923706055,56.06999969482422,55.02000045776367,55.75,3923100
2026-02-25,55.06999969482422,55.06999969482422,55.81999969482422,53.630001068115234,55.38999938964844,5841000
2026-02-26,55.95000076293945,55.95000076293945,56.7599983215332,55.470001220703125,55.650001525878906,5596300
2026-02-27,56.720001220703125,56.720001220703125,56.72999954223633,54.849998474121094,55.0099983215332,5698800
2026-03-02,56.36000061035156,56.36000061035156,56.599998474121094,54.25,55.65999984741211,5594000
2026-03-03,55.70000076293945,55.70000076293945,56.290000915527344,54.52000045776367,54.97999954223633,4100100
2026-03-04,56.06999969482422,56.06999969482422,56.9900016784668,55.849998474121094,56.459999084472656,2712000
2026-03-05,55.13999938964844,55.13999938964844,56.41999816894531,54.36000061035156,55.84000015258789,3668300
2026-03-06,53.599998474121094,53.599998474121094,54.630001068115234,53.369998931884766,54.470001220703125,3745400
2026-03-09,53.90999984741211,53.90999984741211,54.11000061035156,51.470001220703125,52.9900016784668,4716400
2026-03-10,54.310001373291016,54.310001373291016,55.290000915527344,54.040000915527344,54.5099983215332,3174700
2026-03-11,54.779998779296875,54.779998779296875,55.20000076293945,53.38999938964844,54.41999816894531,3307200
2026-03-12,53.68000030517578,53.68000030517578,53.880001068115234,52.95000076293945,53.650001525878906,3644900
2026-03-13,53.68000030517578,53.68000030517578,54.470001220703125,53.369998931884766,54.119998931884766,2645800
2026-03-16,53.70000076293945,53.70000076293945,54.5,53.25,54.34000015258789,3484700
2026-03-17,54.150001525878906,54.150001525878906,55.29999923706055,54.04999923706055,54.5099983215332,3848800
2026-03-18,53.93000030517578,53.93000030517578,55.16999816894531,53.75,53.900001525878906,4340600
2026-03-19,54.04999923706055,54.04999923706055,54.47999954223633,53.2400016784668,53.439998626708984,3351300
2026-03-20,52.93000030517578,52.93000030517578,54.0,52.459999084472656,53.790000915527344,7067000
2026-03-23,54.095001220703125,54.095001220703125,54.970001220703125,54.0,54.290000915527344,2382595
