Date,Adj Close,Close,High,Low,Open,Volume
2016-01-04,101.424072265625,102.22000122070312,102.23999786376953,99.75,101.94999694824219,37912400
2016-01-05,101.93011474609375,102.7300033569336,103.70999908447266,101.66999816894531,102.88999938964844,23258200
2016-01-06,102.1682357788086,102.97000122070312,103.7699966430664,100.9000015258789,101.12999725341797,25096200
2016-01-07,97.15755462646484,97.91999816894531,101.43000030517578,97.30000305175781,100.5,45172900
2016-01-08,96.5721435546875,97.33000183105469,100.5,97.02999877929688,99.87999725341797,35402300
2016-01-11,96.7507553100586,97.51000213623047,98.5999984741211,95.38999938964844,97.91000366210938,29932400
2016-01-12,98.59626770019531,99.37000274658203,99.95999908447266,97.55000305175781,99.0,28395400
2016-01-13,94.6968765258789,95.44000244140625,100.58000183105469,95.20999908447266,100.58000183105469,33410600
2016-01-14,97.60405731201172,98.37000274658203,98.87000274658203,92.44999694824219,95.8499984741211,48658600
2016-01-15,94.23052978515625,94.97000122070312,96.37999725341797,93.54000091552734,93.9800033569336,46132800
2016-01-19,94.51825714111328,95.26000213623047,97.41999816894531,93.91999816894531,96.52999877929688,30998300
2016-01-20,93.6153564453125,94.3499984741211,95.0,89.37000274658203,92.83000183105469,59051400
2016-01-21,93.42684173583984,94.16000366210938,95.98999786376953,92.62000274658203,94.91000366210938,30518900
2016-01-22,97.17740631103516,97.94000244140625,98.06999969482422,95.48999786376953,96.41000366210938,30495400
2016-01-25,96.25465393066406,97.01000213623047,99.4800033569336,96.93000030517578,98.72000122070312,32482000
2016-01-26,96.58206939697266,97.33999633789062,97.87999725341797,95.66000366210938,97.76000213623047,26877100
2016-01-27,93.71456909179688,94.44999694824219,97.8499984741211,94.2300033569336,97.79000091552734,58699400
2016-01-28,108.26041412353516,109.11000061035156,110.33999633789062,104.80999755859375,107.19999694824219,107475300
2016-01-29,111.33629608154297,112.20999908447266,112.83999633789062,108.83999633789062,108.98999786376953,62739500
2016-02-01,114.19384765625,115.08999633789062,115.72000122070312,112.01000213623047,112.2699966430664,46132700
2016-02-02,113.71759796142578,114.61000061035156,117.58999633789062,113.19999694824219,114.80000305175781,59778600
2016-02-03,111.81255340576172,112.69000244140625,115.33999633789062,109.75,115.2699966430664,56919300
2016-02-04,109.62968444824219,110.48999786376953,111.94000244140625,109.25,111.80000305175781,38890200
2016-02-05,103.2596664428711,104.06999969482422,109.58000183105469,103.18000030517578,109.51000213623047,76894700
2016-02-08,98.97330474853516,99.75,102.68000030517578,97.45999908447266,100.41000366210938,71229700
2016-02-09,98.76494598388672,99.54000091552734,102.4000015258789,96.81999969482422,97.13999938964844,62709000
2016-02-10,100.21357727050781,101.0,103.25,100.23999786376953,101.55000305175781,45179400
2016-02-11,101.11649322509766,101.91000366210938,105.11000061035156,98.87999725341797,99.5999984741211,43670600
2016-02-12,101.21571350097656,102.01000213623047,104.23999786376953,101.08999633789062,103.73999786376953,36176800
2016-02-16,100.8188247680664,101.61000061035156,103.93000030517578,100.23999786376953,103.80000305175781,45687200
2016-02-17,104.38087463378906,105.19999694824219,105.72000122070312,100.4000015258789,102.0199966430664,44073400
2016-02-18,102.66434478759766,103.47000122070312,106.0,103.02999877929688,105.80000305175781,29593500
2016-02-19,103.75578308105469,104.56999969482422,105.0199966430664,102.05999755859375,102.55000305175781,32404500
2016-02-22,106.32561492919922,107.16000366210938,108.25,105.33999633789062,105.48999786376953,35709700
2016-02-23,104.63885498046875,105.45999908447266,107.47000122070312,105.12000274658203,106.8499984741211,25319300
2016-02-24,106.04779052734375,106.87999725341797,106.94999694824219,102.73999786376953,104.20999908447266,34412400
2016-02-25,107.22852325439453,108.06999969482422,108.06999969482422,105.61000061035156,107.11000061035156,29906300
2016-02-26,107.07970428466797,107.91999816894531,109.44999694824219,107.16000366210938,108.69999694824219,26686200
2016-02-29,106.08748626708984,106.91999816894531,108.91000366210938,106.75,107.5999984741211,32779000
2016-03-01,108.96489715576172,109.81999969482422,109.81999969482422,107.5999984741211,107.83000183105469,26817300
2016-03-02,109.09388732910156,109.94999694824219,110.55000305175781,108.7699966430664,109.68000030517578,25670200
2016-03-03,108.72676849365234,109.58000183105469,110.30000305175781,108.54000091552734,110.25,21353100
2016-03-04,107.54605102539062,108.38999938964844,110.05000305175781,107.93000030517578,110.05000305175781,24938900
2016-03-07,104.90674591064453,105.7300033569336,108.06999969482422,104.72000122070312,108.06999969482422,31436400
2016-03-08,105.10518646240234,105.93000030517578,107.37000274658203,104.4000015258789,104.77999877929688,25617000
2016-03-09,106.67288970947266,107.51000213623047,107.51000213623047,105.48999786376953,106.69999694824219,20493300
2016-03-10,106.48435974121094,107.31999969482422,108.66000366210938,105.7699966430664,107.91000366210938,24854300
2016-03-11,108.55809783935547,109.41000366210938,109.41999816894531,107.91999816894531,108.4800033569336,20697600
2016-03-14,109.03434753417969,109.88999938964844,110.33000183105469,108.7699966430664,109.27999877929688,17249400
2016-03-15,109.80828094482422,110.66999816894531,110.83000183105469,108.83999633789062,109.11000061035156,17618500
2016-03-16,111.30653381347656,112.18000030517578,112.5,110.0999984741211,110.48999786376953,24744800
2016-03-17,110.15554809570312,111.0199966430664,112.69000244140625,110.7300033569336,112.1500015258789,24241200
2016-03-18,110.58219909667969,111.44999694824219,112.41999816894531,110.2699966430664,111.55999755859375,36256900
2016-03-21,110.97909545898438,111.8499984741211,112.37000274658203,111.02999877929688,111.66000366210938,18448000
2016-03-22,111.3759765625,112.25,112.87999725341797,111.16999816894531,111.36000061035156,19001100
2016-03-23,111.66374206542969,112.54000091552734,113.19000244140625,112.0,112.01000213623047,18562000
2016-03-24,112.16975402832031,113.05000305175781,113.08999633789062,111.68000030517578,112.12999725341797,17839100
2016-03-28,112.80476379394531,113.69000244140625,114.58999633789062,112.94999694824219,113.31999969482422,21351800
2016-03-29,115.23568725585938,116.13999938964844,116.31999969482422,113.63999938964844,113.83000183105469,29825300
2016-03-30,113.8069076538086,114.69999694824219,116.98999786376953,114.36000061035156,116.7300033569336,33235200
2016-03-31,113.21158599853516,114.0999984741211,115.01000213623047,113.7699966430664,114.69999694824219,21207500
2016-04-01,115.15630340576172,116.05999755859375,116.16999816894531,113.3499984741211,113.75,24760500
2016-04-04,111.67365264892578,112.55000305175781,114.55000305175781,111.61000061035156,114.06999969482422,48487900
2016-04-05,111.34620666503906,112.22000122070312,113.31999969482422,111.9000015258789,112.11000061035156,22962400
2016-04-06,112.82461547851562,113.70999908447266,113.80999755859375,112.41999816894531,112.47000122070312,20814600
2016-04-07,112.75515747070312,113.63999938964844,114.88999938964844,113.06999969482422,113.79000091552734,20714500
2016-04-08,109.76860046386719,110.62999725341797,114.33000183105469,109.9000015258789,114.25,48497800
2016-04-11,108.14136505126953,108.98999786376953,110.91000366210938,108.7699966430664,110.69999694824219,39762300
2016-04-12,109.74874114990234,110.61000061035156,111.16000366210938,108.98999786376953,109.33999633789062,26248100
2016-04-13,109.6495361328125,110.51000213623047,112.6500015258789,106.5199966430664,112.2300033569336,88227400
2016-04-14,109.9769515991211,110.83999633789062,112.04000091552734,110.26000213623047,110.62000274658203,28473300
2016-04-15,108.78630065917969,109.63999938964844,110.97000122070312,109.19999694824219,110.79000091552734,20922800
2016-04-18,109.58999633789062,110.44999694824219,110.80999755859375,109.19999694824219,109.73999786376953,21167200
2016-04-19,111.4156723022461,112.29000091552734,112.44999694824219,109.16000366210938,111.0999984741211,30210500
2016-04-20,111.5446548461914,112.41999816894531,113.2699966430664,111.55999755859375,112.43000030517578,21027900
2016-04-21,112.55670928955078,113.44000244140625,114.04000091552734,112.30999755859375,112.55000305175781,20875200
2016-04-22,109.69913482666016,110.55999755859375,111.75,109.01000213623047,111.20999908447266,38458200
2016-04-25,109.24271392822266,110.0999984741211,110.66999816894531,109.06999969482422,109.87000274658203,21017900
2016-04-26,107.91316223144531,108.76000213623047,110.5,108.1500015258789,110.48999786376953,22521500
2016-04-27,108.04214477539062,108.88999938964844,108.94000244140625,106.30999755859375,107.94000244140625,52213100
2016-04-28,115.82110595703125,116.7300033569336,120.79000091552734,116.2300033569336,119.58000183105469,87110100
2016-04-29,116.66448211669922,117.58000183105469,117.83999633789062,115.83999633789062,116.81999969482422,37140600
2016-05-02,117.64676666259766,118.56999969482422,118.7300033569336,116.56999969482422,117.83000183105469,28095200
2016-05-03,116.51564025878906,117.43000030517578,118.16000366210938,117.0199966430664,117.5199966430664,24117500
2016-05-04,117.1407470703125,118.05999755859375,118.30000305175781,116.56999969482422,116.61000061035156,23448400
2016-05-05,116.89268493652344,117.80999755859375,118.9800033569336,117.25,118.04000091552734,22056700
2016-05-06,118.55960083007812,119.48999786376953,119.63999938964844,117.11000061035156,117.16000366210938,26395600
2016-05-09,118.3115463256836,119.23999786376953,120.27999877929688,118.9000015258789,119.54000091552734,21138100
2016-05-10,119.5617446899414,120.5,120.5,119.0,119.62000274658203,23220000
2016-05-11,118.58937072753906,119.5199966430664,121.08000183105469,119.41999816894531,120.41000366210938,22038400
2016-05-12,119.34344482421875,120.27999877929688,120.83999633789062,118.9000015258789,119.9800033569336,22035500
2016-05-13,118.87711334228516,119.80999755859375,120.63999938964844,119.68000030517578,120.37999725341797,18124300
2016-05-16,117.7459945678711,118.66999816894531,119.61000061035156,117.3499984741211,119.37999725341797,31247800
2016-05-17,116.436279296875,117.3499984741211,119.01000213623047,117.19999694824219,118.81999969482422,21328600
2016-05-18,116.73394012451172,117.6500015258789,118.2699966430664,116.7300033569336,116.80000305175781,21642300
2016-05-19,115.90047454833984,116.80999755859375,117.48999786376953,115.87999725341797,117.05000305175781,20544100
2016-05-20,116.436279296875,117.3499984741211,117.98999786376953,116.94999694824219,116.95999908447266,18944800
2016-05-23,115.06702423095703,115.97000122070312,117.5999984741211,115.94000244140625,117.41999816894531,20441000
2016-05-24,116.7835464477539,117.69999694824219,117.7300033569336,116.12000274658203,116.23999786376953,20183600
2016-05-25,116.97207641601562,117.88999938964844,118.66999816894531,117.37999725341797,118.12999725341797,20019800
2016-05-26,118.53976440429688,119.47000122070312,119.76000213623047,117.91999816894531,118.23999786376953,18481300
2016-05-27,118.4504623413086,119.37999725341797,119.8499984741211,119.01000213623047,119.55999755859375,13493600
2016-05-31,117.8848876953125,118.80999755859375,120.0999984741211,118.12000274658203,119.45999908447266,23547600
2016-06-01,117.85511779785156,118.77999877929688,119.08000183105469,117.81999969482422,118.5,15029500
2016-06-02,118.00396728515625,118.93000030517578,119.44000244140625,118.22000122070312,118.69000244140625,13228300
2016-06-03,117.54755401611328,118.47000122070312,118.9800033569336,117.86000061035156,118.9800033569336,14135100
2016-06-06,117.86505126953125,118.79000091552734,119.43000030517578,118.36000061035156,118.62000274658203,12744700
2016-06-07,116.84307861328125,117.76000213623047,119.30000305175781,117.66999816894531,119.23999786376953,17103000
2016-06-08,117.46817016601562,118.38999938964844,118.5999984741211,117.2699966430664,117.76000213623047,14505600
2016-06-09,117.63684844970703,118.55999755859375,118.68000030517578,117.70999908447266,118.12999725341797,13859200
2016-06-10,115.71195220947266,116.62000274658203,118.11000061035156,116.26000213623047,117.54000091552734,18510800
2016-06-13,113.062744140625,113.94999694824219,115.4800033569336,113.30999755859375,115.0,31718200
2016-06-14,114.0450439453125,114.94000244140625,114.94999694824219,113.58000183105469,114.06999969482422,17618500
2016-06-15,113.70768737792969,114.5999984741211,115.44000244140625,114.06999969482422,115.30000305175781,19819400
2016-06-16,113.49931335449219,114.38999938964844,114.5,112.94000244140625,113.87000274658203,19236300
2016-06-17,112.13998413085938,113.0199966430664,114.43000030517578,112.55999755859375,114.41999816894531,24644300
2016-06-20,112.48725128173828,113.37000274658203,114.72000122070312,112.75,113.7699966430664,20785400
2016-06-21,113.48939514160156,114.37999725341797,115.20999908447266,113.97000122070312,114.12000274658203,19166300
2016-06-22,113.02306365966797,113.91000366210938,114.73999786376953,113.61000061035156,114.6500015258789,14846300
2016-06-23,114.18395233154297,115.08000183105469,115.08999633789062,113.54000091552734,114.37000274658203,16176900
2016-06-24,111.20730590820312,112.08000183105469,113.68000030517578,111.0,111.01000213623047,40643100
2016-06-27,108.12152862548828,108.97000122070312,111.56999969482422,108.2300033569336,111.56999969482422,36130400
2016-06-28,111.82247924804688,112.69999694824219,112.75,110.55000305175781,110.62999725341797,26813800
2016-06-29,113.27110290527344,114.16000366210938,114.25,113.04000091552734,113.37000274658203,20968300
2016-06-30,113.39016723632812,114.27999877929688,115.18000030517578,113.66999816894531,114.66999816894531,23192700
2016-07-01,113.30087280273438,114.19000244140625,115.12999725341797,113.80999755859375,114.19999694824219,14980000
2016-07-05,113.310791015625,114.19999694824219,114.19999694824219,112.97000122070312,113.94000244140625,14207000
2016-07-06,115.79133605957031,116.69999694824219,116.79000091552734,112.97000122070312,113.36000061035156,24337600
2016-07-07,114.94794464111328,115.8499984741211,116.97000122070312,115.36000061035156,116.62999725341797,16630200
2016-07-08,116.32711029052734,117.23999786376953,117.5,115.8499984741211,116.43000030517578,18142600
2016-07-11,116.95223236083984,117.87000274658203,118.69999694824219,117.5,117.70999908447266,17711600
2016-07-12,117.0117416381836,117.93000030517578,118.72000122070312,117.56999969482422,118.62999725341797,15217700
2016-07-13,115.87071990966797,116.77999877929688,118.4000015258789,116.68000030517578,118.38999938964844,16207700
2016-07-14,116.37673950195312,117.29000091552734,117.63999938964844,116.69999694824219,117.5,14579700
2016-07-15,115.95008850097656,116.86000061035156,118.27999877929688,116.58000183105469,117.73999786376953,16646000
2016-07-18,118.4405517578125,119.37000274658203,119.61000061035156,116.88999938964844,117.31999969482422,20868400
2016-07-19,119.6708755493164,120.61000061035156,120.8499984741211,118.66000366210938,118.98999786376953,21541300
2016-07-20,120.9706802368164,121.91999816894531,122.19999694824219,120.55999755859375,121.25,20046500
2016-07-21,119.6708755493164,120.61000061035156,122.0999984741211,120.25,121.91999816894531,17801700
2016-07-22,120.05785369873047,121.0,121.01000213623047,119.30999755859375,119.9000015258789,18422400
2016-07-25,120.68294525146484,121.62999725341797,121.8499984741211,117.77999877929688,121.38999938964844,18487400
2016-07-26,120.276123046875,121.22000122070312,122.06999969482422,120.75,122.0,17612000
2016-07-27,122.37962341308594,123.33999633789062,125.0,121.51000213623047,122.41999816894531,52654200
2016-07-28,124.02669525146484,125.0,128.3300018310547,123.62999725341797,127.5199966430664,78955800
2016-07-29,122.9749755859375,123.94000244140625,125.83999633789062,123.70999908447266,124.6500015258789,35058800
2016-08-01,123.34207916259766,124.30999755859375,124.58000183105469,122.86000061035156,123.8499984741211,25006900
2016-08-02,122.13157653808594,123.08999633789062,124.80000305175781,122.06999969482422,124.05999755859375,23968400
2016-08-03,121.55609130859375,122.51000213623047,123.91999816894531,122.30999755859375,123.08999633789062,18525300
2016-08-04,123.39168548583984,124.36000061035156,124.79000091552734,122.51000213623047,122.94000244140625,21066000
2016-08-05,124.17554473876953,125.1500015258789,125.83999633789062,124.62000274658203,124.9800033569336,20184000
2016-08-08,124.2846908569336,125.26000213623047,125.44999694824219,124.55000305175781,125.25,15233900
2016-08-09,124.08623504638672,125.05999755859375,126.08999633789062,124.52999877929688,125.33999633789062,19621000
2016-08-10,123.90763092041016,124.87999725341797,125.4800033569336,124.54000091552734,125.06999969482422,10670100
2016-08-11,123.92748260498047,124.9000015258789,125.37999725341797,124.75,125.19999694824219,11729500
2016-08-12,123.90763092041016,124.87999725341797,125.0,124.18000030517578,124.69999694824219,12159000
2016-08-15,122.93526458740234,123.9000015258789,124.91999816894531,123.69999694824219,124.91000366210938,19295100
2016-08-16,122.3399429321289,123.30000305175781,123.91999816894531,122.77999877929688,123.5,14222400
2016-08-17,123.401611328125,124.37000274658203,124.37999725341797,122.8499984741211,123.66000366210938,13794200
2016-08-18,122.94519805908203,123.91000366210938,124.26000213623047,123.63999938964844,124.01000213623047,12400800
2016-08-19,122.59791564941406,123.55999755859375,124.16000366210938,123.27999877929688,123.5999984741211,11688300
2016-08-22,123.18331146240234,124.1500015258789,124.83000183105469,123.11000061035156,123.33000183105469,14386400
2016-08-23,123.401611328125,124.37000274658203,125.08999633789062,124.25,124.51000213623047,13309500
2016-08-24,122.51853942871094,123.4800033569336,124.69000244140625,123.08999633789062,124.47000122070312,12243700
2016-08-25,122.92534637451172,123.88999938964844,124.37000274658203,123.0999984741211,123.12000274658203,10730800
2016-08-26,123.98701477050781,124.95999908447266,125.19000244140625,123.91000366210938,124.05000305175781,17504800
2016-08-29,125.55471801757812,126.54000091552734,126.7300033569336,124.3499984741211,124.3499984741211,15925900
2016-08-30,124.86016082763672,125.83999633789062,126.5999984741211,125.1500015258789,126.5999984741211,17804300
2016-08-31,125.13798522949219,126.12000274658203,126.22000122070312,125.0999984741211,125.5999984741211,14200600
2016-09-01,125.18758392333984,126.16999816894531,126.62999725341797,125.5999984741211,126.37999725341797,13536100
2016-09-02,125.52495574951172,126.51000213623047,126.86000061035156,126.0,126.8499984741211,12118800
2016-09-06,128.7198944091797,129.72999572753906,129.94000244140625,126.47000122070312,126.66999816894531,26278400
2016-09-07,130.02957153320312,131.0500030517578,131.97999572753906,129.9499969482422,130.0399932861328,27990800
2016-09-08,129.25567626953125,130.27000427246094,131.0800018310547,129.80999755859375,130.9199981689453,15676600
2016-09-09,126.11034393310547,127.0999984741211,129.9499969482422,127.0999984741211,129.7100067138672,27100700
2016-09-12,127.68795013427734,128.69000244140625,128.75999450683594,125.75,125.95999908447266,21252800
2016-09-13,126.21949768066406,127.20999908447266,128.35000610351562,126.66000366210938,128.02999877929688,18016200
2016-09-14,126.7751235961914,127.7699966430664,128.8000030517578,126.88999938964844,126.88999938964844,15691100
2016-09-15,127.35062408447266,128.35000610351562,129.10000610351562,127.66999816894531,127.9800033569336,15077200
2016-09-16,128.0650177001953,129.07000732421875,129.17999267578125,128.1999969482422,128.1999969482422,24119200
2016-09-19,127.64827728271484,128.64999389648438,129.94000244140625,128.25999450683594,129.91000366210938,14958800
2016-09-20,127.63836669921875,128.63999938964844,129.1699981689453,128.02999877929688,128.64999389648438,11083800
2016-09-21,128.92823791503906,129.94000244140625,130.00999450683594,128.38999938964844,129.1300048828125,14068300
2016-09-22,129.067138671875,130.0800018310547,130.72999572753906,129.55999755859375,130.5,15538300
2016-09-23,126.96365356445312,127.95999908447266,128.60000610351562,127.30000305175781,127.55999755859375,28326300
2016-09-26,126.31871795654297,127.30999755859375,128.16000366210938,126.80000305175781,127.37000274658203,15064900
2016-09-27,127.68795013427734,128.69000244140625,129.00999450683594,127.43000030517578,127.61000061035156,15637100
2016-09-28,128.22378540039062,129.22999572753906,129.47000122070312,128.39999389648438,129.2100067138672,12047600
2016-09-29,127.09264373779297,128.08999633789062,129.2899932861328,127.55000305175781,129.17999267578125,14532200
2016-09-30,127.271240234375,128.27000427246094,128.58999633789062,127.44999694824219,128.02999877929688,18402900
2016-10-03,127.76736450195312,128.77000427246094,129.08999633789062,127.80000305175781,128.3800048828125,13156900
2016-10-04,127.1918716430664,128.19000244140625,129.27999877929688,127.55000305175781,129.1699981689453,14307500
2016-10-05,127.46967315673828,128.47000122070312,128.8000030517578,127.83000183105469,128.25,12386800
2016-10-06,127.73758697509766,128.74000549316406,129.05999755859375,128.0800018310547,128.42999267578125,11682700
2016-10-07,127.98564910888672,128.99000549316406,129.25,128.3300018310547,129.0399932861328,12804400
2016-10-10,129.2259063720703,130.24000549316406,130.6999969482422,129.1999969482422,129.67999267578125,15138700
2016-10-11,127.87649536132812,128.8800048828125,130.63999938964844,128.22999572753906,130.22999572753906,17537900
2016-10-12,128.045166015625,129.0500030517578,129.66000366210938,128.4600067138672,129.00999450683594,11073000
2016-10-13,126.82476043701172,127.81999969482422,128.25,126.75,128.2100067138672,17139300
2016-10-14,126.88427734375,127.87999725341797,128.9499969482422,127.58000183105469,128.49000549316406,13345300
2016-10-17,126.54692077636719,127.54000091552734,128.47000122070312,127.31999969482422,128.1999969482422,11351700
2016-10-18,127.56890869140625,128.57000732421875,129.38999938964844,128.00999450683594,128.67999267578125,13504000
2016-10-19,129.096923828125,130.11000061035156,130.47000122070312,128.60000610351562,128.74000549316406,16752300
2016-10-20,128.98777770996094,130.0,130.66000366210938,129.5,130.07000732421875,13167500
2016-10-21,131.04165649414062,132.07000732421875,132.1300048828125,129.6999969482422,129.77999877929688,19088800
2016-10-24,132.24224853515625,133.27999877929688,133.41000366210938,132.14999389648438,132.72000122070312,17470200
2016-10-25,131.2599334716797,132.2899932861328,133.5,132.22000122070312,133.5,13336800
2016-10-26,130.01968383789062,131.0399932861328,132.25999450683594,130.94000244140625,131.63999938964844,13084700
2016-10-27,128.68016052246094,129.69000244140625,131.8000030517578,129.27000427246094,131.74000549316406,16741400
2016-10-28,130.26771545410156,131.2899932861328,132.97000122070312,129.92999267578125,130.5,24545500
2016-10-31,129.97007751464844,130.99000549316406,132.1199951171875,130.8800048828125,132.00999450683594,15669000
2016-11-01,128.4916534423828,129.5,131.94000244140625,128.64999389648438,131.41000366210938,22077800
2016-11-02,126.17980194091797,127.16999816894531,130.22999572753906,126.27999877929688,130.22999572753906,39640900
2016-11-03,119.06562805175781,120.0,123.27999877929688,119.5,122.0,63766300
2016-11-04,119.8097915649414,120.75,121.93000030517578,119.25,119.58999633789062,30545500
2016-11-07,121.19891357421875,122.1500015258789,123.20999908447266,121.3499984741211,122.83000183105469,23008900
2016-11-08,123.25276947021484,124.22000122070312,124.61000061035156,121.54000091552734,122.02999877929688,19460800
2016-11-09,122.22087097167969,123.18000030517578,123.80999755859375,120.51000213623047,121.5,31916000
2016-11-10,119.85941314697266,120.80000305175781,124.18000030517578,115.2699966430664,123.93000030517578,67846700
2016-11-11,118.09325408935547,119.0199966430664,120.69999694824219,118.1500015258789,119.52999877929688,32840100
2016-11-14,114.18395233154297,115.08000183105469,119.12999725341797,113.55000305175781,119.12999725341797,51377000
2016-11-15,116.28742980957031,117.19999694824219,118.48999786376953,115.83000183105469,116.7300033569336,34681400
2016-11-16,115.43414306640625,116.33999633789062,117.87999725341797,114.20999908447266,114.4800033569336,32397900
2016-11-17,116.87284851074219,117.79000091552734,117.79000091552734,116.01000213623047,116.80999755859375,18597800
2016-11-18,116.10883331298828,117.0199966430664,119.12999725341797,116.83999633789062,118.38999938964844,22879300
2016-11-21,120.82184600830078,121.7699966430664,121.94999694824219,117.80000305175781,118.19999694824219,35415400
2016-11-22,120.5241928100586,121.47000122070312,122.9800033569336,120.9000015258789,122.4000015258789,26089200
2016-11-23,119.89909362792969,120.83999633789062,121.30999755859375,119.94000244140625,121.2300033569336,15672100
2016-11-25,119.44267272949219,120.37999725341797,121.13999938964844,120.06999969482422,121.01000213623047,8658600
2016-11-28,119.47245025634766,120.41000366210938,121.69000244140625,119.81999969482422,120.12000274658203,18101300
2016-11-29,119.92886352539062,120.87000274658203,122.0999984741211,120.4000015258789,120.56999969482422,18891000
2016-11-30,117.49793243408203,118.41999816894531,121.79000091552734,117.94999694824219,120.31999969482422,30188900
2016-12-01,114.20378112792969,115.0999984741211,118.44999694824219,114.0,118.37999725341797,43277000
2016-12-02,114.50144958496094,115.4000015258789,116.4800033569336,114.30000305175781,115.11000061035156,25070400
2016-12-05,116.51564025878906,117.43000030517578,117.56999969482422,115.06999969482422,115.94999694824219,20201500
2016-12-06,116.39657592773438,117.30999755859375,117.80000305175781,116.33000183105469,117.69000244140625,19131200
2016-12-07,117.03160095214844,117.94999694824219,117.94999694824219,116.56999969482422,117.0,21913700
2016-12-08,117.98412322998047,118.91000366210938,119.5,117.63999938964844,117.9800033569336,22442800
2016-12-09,118.74813842773438,119.68000030517578,119.94000244140625,118.94999694824219,119.22000122070312,17464700
2016-12-12,116.85298919677734,117.7699966430664,119.23999786376953,117.6500015258789,119.22000122070312,17805500
2016-12-13,119.37322235107422,120.30999755859375,121.5199966430664,117.61000061035156,117.86000061035156,29768000
2016-12-14,119.27400207519531,120.20999908447266,121.69000244140625,118.8499984741211,120.0,25913100
2016-12-15,119.63119506835938,120.56999969482422,122.5,119.62999725341797,120.08000183105469,20139600
2016-12-16,118.93665313720703,119.87000274658203,121.5,119.2699966430664,120.9000015258789,25324300
2016-12-19,118.3115463256836,119.23999786376953,120.36000061035156,118.51000213623047,119.8499984741211,15918100
2016-12-20,118.1627197265625,119.08999633789062,119.7699966430664,118.80000305175781,119.5,13684400
2016-12-21,118.11310577392578,119.04000091552734,119.19999694824219,118.4800033569336,118.91999816894531,10767600
2016-12-22,116.48587036132812,117.4000015258789,118.98999786376953,116.93000030517578,118.86000061035156,16258600
2016-12-23,116.35689544677734,117.2699966430664,117.55999755859375,116.30000305175781,117.0,10890000
2016-12-27,117.09112548828125,118.01000213623047,118.68000030517578,116.86000061035156,116.95999908447266,12051500
2016-12-28,116.00962829589844,116.91999816894531,118.25,116.6500015258789,118.19000244140625,12087400
2016-12-29,115.44405364990234,116.3499984741211,117.52999877929688,116.05999755859375,117.0,9934900
2016-12-30,114.15419006347656,115.05000305175781,116.83000183105469,114.7699966430664,116.5999984741211,18684100
2017-01-03,115.95008850097656,116.86000061035156,117.83999633789062,115.51000213623047,116.02999877929688,20663900
2017-01-04,117.76583862304688,118.69000244140625,119.66000366210938,117.29000091552734,117.55000305175781,19630900
2017-01-05,119.73041534423828,120.66999816894531,120.94999694824219,118.31999969482422,118.86000061035156,19492200
2017-01-06,122.44908905029297,123.41000366210938,123.87999725341797,120.02999877929688,120.9800033569336,28545300
2017-01-09,123.92748260498047,124.9000015258789,125.43000030517578,123.04000091552734,123.55000305175781,22880400
2017-01-10,123.38176727294922,124.3499984741211,125.5,124.27999877929688,124.81999969482422,17324600
2017-01-11,125.10821533203125,126.08999633789062,126.12000274658203,124.05999755859375,124.3499984741211,18356500
2017-01-12,125.63408660888672,126.62000274658203,126.7300033569336,124.80000305175781,125.61000061035156,18653900
2017-01-13,127.3406982421875,128.33999633789062,129.27000427246094,127.37000274658203,127.48999786376953,24884300
2017-01-17,126.87435150146484,127.87000274658203,128.33999633789062,127.4000015258789,128.0399932861328,15294500
2017-01-18,126.9239730834961,127.91999816894531,128.42999267578125,126.83999633789062,128.41000366210938,13145900
2017-01-19,126.55684661865234,127.55000305175781,128.35000610351562,127.44999694824219,128.22999572753906,12195500
2017-01-20,126.05081176757812,127.04000091552734,128.47999572753906,126.77999877929688,128.10000610351562,19097200
2017-01-23,127.92610931396484,128.92999267578125,129.25,126.94999694824219,127.30999755859375,16593600
2017-01-24,128.36265563964844,129.3699951171875,129.89999389648438,128.3800048828125,129.3800048828125,15162700
2017-01-25,130.4562225341797,131.47999572753906,131.74000549316406,129.77000427246094,130.0,18731300
2017-01-26,131.74612426757812,132.77999877929688,133.13999938964844,131.44000244140625,131.6300048828125,20020100
2017-01-27,131.15077209472656,132.17999267578125,132.9499969482422,131.0800018310547,132.67999267578125,19539500
2017-01-30,129.96014404296875,130.97999572753906,131.5800018310547,129.60000610351562,131.5800018310547,18956100
2017-01-31,129.30528259277344,130.32000732421875,130.66000366210938,129.52000427246094,130.1699981689453,19790500
2017-02-01,132.19261169433594,133.22999572753906,133.49000549316406,130.67999267578125,132.25,50139800
2017-02-02,129.8212127685547,130.83999633789062,135.49000549316406,130.39999389648438,133.22000122070312,54366400
2017-02-03,129.96014404296875,130.97999572753906,132.85000610351562,130.75999450683594,131.24000549316406,24804900
2017-02-06,131.03172302246094,132.05999755859375,132.05999755859375,130.3000030517578,130.97999572753906,17058500
2017-02-07,130.81341552734375,131.83999633789062,133.0,131.66000366210938,132.24000549316406,14596400
2017-02-08,133.1550750732422,134.1999969482422,134.44000244140625,132.44000244140625,132.60000610351562,22390600
2017-02-09,133.09556579589844,134.13999938964844,134.5,133.30999755859375,134.49000549316406,16470600
2017-02-10,133.1451416015625,134.19000244140625,134.94000244140625,133.67999267578125,134.10000610351562,15061900
2017-02-13,133.0062255859375,134.0500030517578,134.6999969482422,133.6999969482422,134.6999969482422,13526200
2017-02-14,132.8077850341797,133.85000610351562,134.22999572753906,132.5500030517578,134.10000610351562,14364900
2017-02-15,132.40098571777344,133.44000244140625,133.6999969482422,132.66000366210938,133.4499969482422,13226500
2017-02-16,132.79786682128906,133.83999633789062,133.8699951171875,133.02000427246094,133.07000732421875,12831100
2017-02-17,132.49029541015625,133.52999877929688,134.08999633789062,133.1699981689453,133.5,12276500
2017-02-21,132.67880249023438,133.72000122070312,133.91000366210938,132.89999389648438,133.5,14759100
2017-02-22,135.06011962890625,136.1199951171875,136.7899932861328,133.4600067138672,133.60000610351562,27360100
2017-02-23,134.30604553222656,135.36000061035156,136.1199951171875,134.3300018310547,135.88999938964844,18422500
2017-02-24,134.38540649414062,135.44000244140625,135.6199951171875,134.16000366210938,134.16000366210938,12625700
2017-02-27,135.34786987304688,136.41000366210938,137.17999267578125,135.02000427246094,135.25999450683594,14306700
2017-02-28,134.484619140625,135.5399932861328,136.80999755859375,134.75,136.7899932861328,16112100
2017-03-01,136.34999084472656,137.4199981689453,137.47999572753906,136.3000030517578,136.47000122070312,16257000
2017-03-02,135.6951141357422,136.75999450683594,137.82000732421875,136.30999755859375,137.08999633789062,12294800
2017-03-03,136.10195922851562,137.1699981689453,137.3300018310547,136.0800018310547,136.6300048828125,11160600
2017-03-06,136.34999084472656,137.4199981689453,137.8300018310547,136.50999450683594,136.8800048828125,12748200
2017-03-07,136.23094177246094,137.3000030517578,138.3699951171875,136.99000549316406,137.02999877929688,13527100
2017-03-08,136.6476287841797,137.72000122070312,137.99000549316406,137.0500030517578,137.14999389648438,10184500
2017-03-09,137.16358947753906,138.24000549316406,138.57000732421875,137.39999389648438,137.72000122070312,15535300
2017-03-10,137.70933532714844,138.7899932861328,139.49000549316406,138.22000122070312,138.91000366210938,16314100
2017-03-13,138.5130157470703,139.60000610351562,139.67999267578125,138.6699981689453,138.7100067138672,10955500
2017-03-14,138.23519897460938,139.32000732421875,139.4600067138672,138.52000427246094,139.4600067138672,12944000
2017-03-15,138.63209533691406,139.72000122070312,140.10000610351562,138.49000549316406,139.2899932861328,19344800
2017-03-16,138.9000244140625,139.99000549316406,140.25,139.72999572753906,140.1999969482422,13612900
2017-03-17,138.75115966796875,139.83999633789062,140.33999633789062,139.6999969482422,140.33999633789062,20592800
2017-03-20,138.85035705566406,139.94000244140625,140.19000244140625,139.25,139.7100067138672,12099500
2017-03-21,137.43150329589844,138.50999450683594,142.30999755859375,138.39999389648438,141.14999389648438,29894800
2017-03-22,138.50311279296875,139.58999633789062,139.7899932861328,137.60000610351562,137.92999267578125,17055400
2017-03-23,138.44354248046875,139.52999877929688,140.38999938964844,139.08999633789062,139.47999572753906,13022800
2017-03-24,139.2472381591797,140.33999633789062,141.02000427246094,139.75999450683594,140.0800018310547,16664700
2017-03-27,139.2274169921875,140.32000732421875,140.64999389648438,138.77000427246094,139.0500030517578,12800500
2017-03-28,140.6562042236328,141.75999450683594,141.9499969482422,140.00999450683594,140.36000061035156,14679400
2017-03-29,141.5392608642578,142.64999389648438,142.86000061035156,141.42999267578125,141.99000549316406,16527600
2017-03-30,141.3011474609375,142.41000366210938,142.9499969482422,141.85000610351562,142.39999389648438,12404000
2017-03-31,140.94393920898438,142.0500030517578,142.6300048828125,141.88999938964844,142.30999755859375,11478300
2017-04-03,141.1721649169922,142.27999877929688,142.47000122070312,140.82000732421875,141.92999267578125,13564000
2017-04-04,140.62643432617188,141.72999572753906,142.08999633789062,141.27000427246094,141.86000061035156,12948600
2017-04-05,140.74549865722656,141.85000610351562,143.44000244140625,141.2899932861328,142.25999450683594,17158100
2017-04-06,140.07081604003906,141.1699981689453,142.22000122070312,140.91000366210938,142.11000061035156,15103400
2017-04-07,139.683837890625,140.77999877929688,141.5500030517578,140.24000549316406,141.1999969482422,11818300
2017-04-10,139.94180297851562,141.0399932861328,141.42999267578125,140.6300048828125,141.0,9039400
2017-04-11,138.8305206298828,139.9199981689453,141.02999877929688,138.80999755859375,140.8000030517578,16638100
2017-04-12,138.49317932128906,139.5800018310547,140.39999389648438,139.44000244140625,139.72000122070312,11612500
2017-04-13,138.3046417236328,139.38999938964844,140.5800018310547,139.3300018310547,139.6199951171875,10965600
2017-04-17,140.31884765625,141.4199981689453,141.5500030517578,139.75,139.75999450683594,11519700
2017-04-18,139.86244201660156,140.9600067138672,141.91000366210938,140.61000061035156,141.27000427246094,14807500
2017-04-19,141.1622314453125,142.27000427246094,143.0399932861328,141.27000427246094,141.35000610351562,15563900
2017-04-20,142.68031311035156,143.8000030517578,144.25,142.69000244140625,142.9499969482422,15968200
2017-04-21,142.56124877929688,143.67999267578125,144.1699981689453,142.27000427246094,143.89999389648438,12382000
2017-04-24,144.3373260498047,145.47000122070312,145.6699981689453,144.33999633789062,144.9600067138672,14407200
2017-04-25,145.34938049316406,146.49000549316406,147.14999389648438,145.7899932861328,145.7899932861328,17767500
2017-04-26,145.4188232421875,146.55999755859375,147.58999633789062,146.08999633789062,147.08999633789062,12395000
2017-04-27,146.5499725341797,147.6999969482422,147.75,146.13999938964844,146.6699981689453,11275100
2017-04-28,149.08009338378906,150.25,151.52999877929688,149.07000732421875,149.5,30652200
2017-05-01,151.27288818359375,152.4600067138672,152.57000732421875,151.4199981689453,151.74000549316406,25218300
2017-05-02,151.5903778076172,152.77999877929688,153.44000244140625,151.66000366210938,153.33999633789062,21870400
2017-05-03,150.61802673339844,151.8000030517578,153.60000610351562,151.33999633789062,153.60000610351562,29782500
2017-05-04,149.67539978027344,150.85000610351562,151.52000427246094,148.72000122070312,150.1699981689453,36225500
2017-05-05,149.07017517089844,150.24000549316406,151.6300048828125,149.7899932861328,151.4499969482422,17148500
2017-05-08,149.8837890625,151.05999755859375,151.0800018310547,149.74000549316406,150.7100067138672,15827500
2017-05-09,149.3083038330078,150.47999572753906,152.58999633789062,150.2100067138672,151.49000549316406,17453900
2017-05-10,149.11978149414062,150.2899932861328,150.52000427246094,148.86000061035156,150.22999572753906,12080700
2017-05-11,148.87173461914062,150.0399932861328,150.64999389648438,149.41000366210938,150.30999755859375,11841900
2017-05-12,149.15948486328125,150.3300018310547,150.4600067138672,149.6300048828125,150.39999389648438,9598200
2017-05-15,149.0205841064453,150.19000244140625,151.47999572753906,149.77000427246094,150.1699981689453,15064700
2017-05-16,148.61376953125,149.77999877929688,150.2100067138672,149.02999877929688,150.11000061035156,14550800
2017-05-17,143.72213745117188,144.85000610351562,148.6699981689453,144.4199981689453,148.0,28300100
2017-05-18,146.51026916503906,147.66000366210938,148.14999389648438,144.50999450683594,144.72000122070312,23031600
2017-05-19,146.9071502685547,148.05999755859375,149.38999938964844,147.9600067138672,148.4499969482422,16187900
2017-05-22,147.0857391357422,148.24000549316406,148.58999633789062,147.69000244140625,148.0800018310547,12586700
2017-05-23,146.9170684814453,148.07000732421875,148.80999755859375,147.25,148.52000427246094,12817800
2017-05-24,148.87173461914062,150.0399932861328,150.22999572753906,148.4199981689453,148.50999450683594,17862400
2017-05-25,150.7767791748047,151.9600067138672,152.58999633789062,149.9499969482422,150.3000030517578,19891400
2017-05-26,150.94546508789062,152.1300048828125,152.25,151.14999389648438,152.22999572753906,14996200
2017-05-30,151.1935272216797,152.3800048828125,152.89999389648438,151.63999938964844,151.97000122070312,13226000
2017-05-31,150.2806854248047,151.4600067138672,153.35000610351562,151.08999633789062,152.6999969482422,18023900
2017-06-01,150.35012817382812,151.52999877929688,152.2899932861328,150.3000030517578,151.75,14530600
2017-06-02,152.41392517089844,153.61000061035156,153.6300048828125,151.3000030517578,151.85000610351562,16854400
2017-06-05,152.43377685546875,153.6300048828125,154.7100067138672,153.41000366210938,153.63999938964844,12520400
2017-06-06,151.6201629638672,152.80999755859375,154.52000427246094,152.47999572753906,153.41000366210938,13457100
2017-06-07,151.92774963378906,153.1199951171875,153.75,152.33999633789062,153.27000427246094,12066700
2017-06-08,153.50538635253906,154.7100067138672,154.72999572753906,153.10000610351562,154.0800018310547,17799400
2017-06-09,148.43516540527344,149.60000610351562,155.58999633789062,146.61000061035156,154.77000427246094,35577700
2017-06-12,147.2841796875,148.44000244140625,149.1999969482422,144.55999755859375,148.1699981689453,33170200
2017-06-13,149.5067138671875,150.67999267578125,151.17999267578125,148.89999389648438,150.14999389648438,20483400
2017-06-14,149.08009338378906,150.25,152.39999389648438,149.0500030517578,151.25999450683594,20808800
2017-06-15,148.6335906982422,149.8000030517578,150.0399932861328,146.3699951171875,147.6699981689453,18994200
2017-06-16,149.46705627441406,150.63999938964844,150.8300018310547,148.60000610351562,149.58999633789062,22882400
2017-06-19,151.6796875,152.8699951171875,153.57000732421875,151.7100067138672,151.7100067138672,19026500
2017-06-20,151.06454467773438,152.25,153.83999633789062,152.2100067138672,152.8800048828125,14743900
2017-06-21,152.71160888671875,153.91000366210938,154.0800018310547,151.8800048828125,152.36000061035156,15039800
2017-06-22,152.20553588867188,153.39999389648438,154.5500030517578,152.91000366210938,153.00999450683594,13005500
2017-06-23,153.86257934570312,155.07000732421875,155.1999969482422,152.64999389648438,152.72000122070312,18027000
2017-06-26,152.39405822753906,153.58999633789062,156.5,153.1999969482422,156.25,18049700
2017-06-27,149.40753173828125,150.5800018310547,153.30999755859375,150.38999938964844,152.83999633789062,19360800
2017-06-28,152.04681396484375,153.24000549316406,153.47000122070312,149.86000061035156,150.9199981689453,16719100
2017-06-29,149.8639373779297,151.0399932861328,152.5,148.9199981689453,152.27999877929688,23973500
2017-06-30,149.8043975830078,150.97999572753906,151.9199981689453,150.05999755859375,151.89999389648438,17666000
2017-07-03,147.2742462158203,148.42999267578125,152.14999389648438,147.8000030517578,151.72000122070312,13862700
2017-07-05,149.1693878173828,150.33999633789062,150.85000610351562,148.1300048828125,149.0,14334300
2017-07-06,147.66123962402344,148.82000732421875,150.0399932861328,148.0,149.02999877929688,14951800
2017-07-07,150.26084899902344,151.44000244140625,151.99000549316406,149.19000244140625,149.25,13615900
2017-07-10,152.30479431152344,153.5,153.97999572753906,151.50999450683594,151.69000244140625,13378700
2017-07-11,154.06101989746094,155.27000427246094,155.4199981689453,152.91000366210938,153.3699951171875,13667700
2017-07-12,157.66275024414062,158.89999389648438,159.16000366210938,156.1999969482422,156.49000549316406,22739400
2017-07-13,158.0199432373047,159.25999450683594,159.77999877929688,158.4199981689453,158.74000549316406,13929200
2017-07-14,158.72439575195312,159.97000122070312,160.32000732421875,159.3300018310547,160.1300048828125,16371200
2017-07-17,158.4862823486328,159.72999572753906,160.77999877929688,158.80999755859375,160.25,12858800
2017-07-18,161.59190368652344,162.86000061035156,163.72999572753906,159.4199981689453,159.66000366210938,23722900
2017-07-19,162.86192321777344,164.13999938964844,165.6999969482422,163.1699981689453,163.58999633789062,26273600
2017-07-20,163.2489013671875,164.52999877929688,165.0,162.80999755859375,164.8000030517578,18523100
2017-07-21,163.149658203125,164.42999267578125,165.0500030517578,163.75,164.16000366210938,14744000
2017-07-24,164.7074432373047,166.0,166.1699981689453,164.30999755859375,164.63999938964844,17367000
2017-07-25,163.99307250976562,165.27999877929688,165.5399932861328,163.86000061035156,165.00999450683594,15383200
2017-07-26,164.3205108642578,165.61000061035156,166.00999450683594,164.10000610351562,166.00999450683594,35236900
2017-07-27,169.11289978027344,170.44000244140625,175.49000549316406,167.5,174.6999969482422,68910700
2017-07-28,171.1072235107422,172.4499969482422,173.42999267578125,169.0500030517578,169.07000732421875,24557600
2017-07-31,167.9321746826172,169.25,172.72000122070312,168.5500030517578,172.0,25478900
2017-08-01,168.5374298095703,169.86000061035156,170.47000122070312,169.0500030517578,169.82000732421875,14385000
2017-08-02,167.9817657470703,169.3000030517578,170.5500030517578,166.91000366210938,170.3000030517578,17433800
2017-08-03,167.27728271484375,168.58999633789062,169.6999969482422,168.25,169.3000030517578,10793800
2017-08-04,168.2992706298828,169.6199951171875,170.05999755859375,168.69000244140625,168.97000122070312,10777700
2017-08-07,170.640869140625,171.97999572753906,172.05999755859375,169.66000366210938,169.9499969482422,12787800
2017-08-08,169.89671325683594,171.22999572753906,173.0500030517578,170.6199951171875,171.8800048828125,14393500
2017-08-09,169.8471221923828,171.17999267578125,171.4499969482422,169.55999755859375,169.97999572753906,10815000
2017-08-10,166.0965576171875,167.39999389648438,170.58999633789062,166.85000610351562,170.05999755859375,20832700
2017-08-11,166.7712860107422,168.0800018310547,168.82000732421875,166.85000610351562,167.9499969482422,13791200
2017-08-14,169.4204559326172,170.75,171.0800018310547,169.2899932861328,170.08999633789062,12954200
2017-08-15,169.6685333251953,171.0,171.5,170.00999450683594,171.49000549316406,8729200
2017-08-16,168.67633056640625,170.0,171.3800048828125,169.24000549316406,171.25,15779900
2017-08-17,165.61038208007812,166.91000366210938,169.86000061035156,166.85000610351562,169.33999633789062,17216000
2017-08-18,166.10647583007812,167.41000366210938,168.6699981689453,166.2100067138672,166.83999633789062,15093600
2017-08-21,166.47360229492188,167.77999877929688,168.0,165.82000732421875,167.16000366210938,11907500
2017-08-22,168.31910705566406,169.63999938964844,169.8699951171875,167.14999389648438,168.27999877929688,11391000
2017-08-23,167.3963623046875,168.7100067138672,169.36000061035156,168.1999969482422,168.83999633789062,9856500
2017-08-24,166.4339141845703,167.74000549316406,169.2899932861328,166.41000366210938,168.8800048828125,14030400
2017-08-25,165.0249481201172,166.32000732421875,168.3800048828125,166.17999267578125,167.86000061035156,12614500
2017-08-28,165.93780517578125,167.24000549316406,167.6999969482422,166.3300018310547,166.91000366210938,8553700
2017-08-29,166.74151611328125,168.0500030517578,168.42999267578125,165.0,165.25,11121000
2017-08-30,168.59693908691406,169.9199981689453,170.17999267578125,167.6300048828125,168.1699981689453,11138300
2017-08-31,170.63096618652344,171.97000122070312,172.14999389648438,170.05999755859375,170.39999389648438,17226500
2017-09-01,170.6805877685547,172.02000427246094,172.9199981689453,171.30999755859375,172.39999389648438,11677600
2017-09-05,169.39071655273438,170.72000122070312,172.38999938964844,169.5500030517578,171.27000427246094,13210900
2017-09-06,170.7500457763672,172.08999633789062,172.47999572753906,169.57000732421875,170.91000366210938,13906300
2017-09-07,171.86134338378906,173.2100067138672,173.30999755859375,170.27000427246094,171.94000244140625,18049500
2017-09-08,169.61891174316406,170.9499969482422,173.49000549316406,170.8000030517578,173.08999633789062,10998500
2017-09-11,172.1589813232422,173.50999450683594,173.88999938964844,172.1999969482422,172.39999389648438,12372000
2017-09-12,171.61328125,172.9600067138672,174.0,171.75,173.75999450683594,11186300
2017-09-13,171.7025909423828,173.0500030517578,173.1699981689453,172.05999755859375,173.00999450683594,9119300
2017-09-14,169.62884521484375,170.9600067138672,172.27999877929688,170.5,172.25999450683594,15615700
2017-09-15,170.30352783203125,171.63999938964844,172.33999633789062,170.25999450683594,170.8800048828125,15660500
2017-09-18,168.68621826171875,170.00999450683594,172.07000732421875,169.33999633789062,171.99000549316406,12954000
2017-09-19,171.1766815185547,172.52000427246094,172.55999755859375,170.36000061035156,170.6199951171875,13168600
2017-09-20,170.8294219970703,172.1699981689453,173.0500030517578,170.6999969482422,172.5,12264100
2017-09-21,169.77769470214844,171.11000061035156,172.27000427246094,170.00999450683594,171.69000244140625,11161400
2017-09-22,169.2121124267578,170.5399932861328,171.72999572753906,169.22000122070312,170.2100067138672,12097100
2017-09-25,161.60183715820312,162.8699951171875,169.3000030517578,161.55999755859375,169.24000549316406,41251600
2017-09-26,162.93142700195312,164.2100067138672,165.5,162.77999877929688,164.5,23363300
2017-09-27,166.37437438964844,167.67999267578125,168.33999633789062,165.57000732421875,165.89999389648438,19242500
2017-09-28,167.4162139892578,168.72999572753906,169.07000732421875,167.16000366210938,167.94000244140625,12178700
2017-09-29,169.53952026367188,170.8699951171875,171.66000366210938,168.80999755859375,168.8300018310547,15340400
2017-10-02,168.15045166015625,169.47000122070312,171.8699951171875,168.75,171.38999938964844,13392300
2017-10-03,168.63662719726562,169.9600067138672,170.72999572753906,169.1999969482422,169.3000030517578,8190300
2017-10-04,167.10862731933594,168.4199981689453,170.6699981689453,168.2899932861328,169.8300018310547,12127900
2017-10-05,169.9066925048828,171.24000549316406,171.30999755859375,168.60000610351562,169.17999267578125,14580600
2017-10-06,170.88894653320312,172.22999572753906,172.3699951171875,169.75,170.25,13124500
2017-10-09,171.1568603515625,172.5,174.8800048828125,172.0,172.6999969482422,14570400
2017-10-10,170.25392150878906,171.58999633789062,173.1999969482422,170.8000030517578,173.0,11341100
2017-10-11,171.3949737548828,172.74000549316406,172.77999877929688,171.39999389648438,171.9499969482422,11283700
2017-10-12,171.2064666748047,172.5500030517578,173.85000610351562,172.2899932861328,172.61000061035156,10351000
2017-10-13,172.38719177246094,173.74000549316406,174.64999389648438,173.1999969482422,173.4499969482422,13658300
2017-10-16,173.16111755371094,174.52000427246094,175.0,174.05999755859375,174.49000549316406,11498800
2017-10-17,174.73873901367188,176.11000061035156,176.1300048828125,174.36000061035156,174.7100067138672,15990100
2017-10-18,174.6593475341797,176.02999877929688,176.74000549316406,175.75,176.64999389648438,12752400
2017-10-19,173.2008056640625,174.55999755859375,176.02999877929688,172.6300048828125,174.92999267578125,14048400
2017-10-20,173.61752319335938,174.97999572753906,175.8800048828125,174.6300048828125,175.5,12602200
2017-10-23,169.93643188476562,171.27000427246094,175.33999633789062,171.25,175.1999969482422,13852700
2017-10-24,170.46229553222656,171.8000030517578,173.24000549316406,171.5,172.3000030517578,12267900
2017-10-25,169.27166748046875,170.60000610351562,172.25,168.88999938964844,171.89999389648438,15868200
2017-10-26,169.3014373779297,170.6300048828125,172.2899932861328,170.38999938964844,171.3800048828125,11833100
2017-10-27,176.4949493408203,177.8800048828125,178.2100067138672,173.89999389648438,174.14999389648438,30285300
2017-10-30,178.46945190429688,179.8699951171875,180.69000244140625,177.61000061035156,179.25999450683594,24353200
2017-10-31,178.6580047607422,180.05999755859375,180.8000030517578,178.94000244140625,180.57000732421875,20174200
2017-11-01,181.2377471923828,182.66000366210938,182.89999389648438,180.57000732421875,182.36000061035156,40918300
2017-11-02,177.52685546875,178.9199981689453,181.94000244140625,177.33999633789062,180.6300048828125,35529900
2017-11-03,177.52685546875,178.9199981689453,179.86000061035156,176.7100067138672,179.2899932861328,17822100
2017-11-06,178.76715087890625,180.1699981689453,180.4499969482422,178.30999755859375,178.55999755859375,13312700
2017-11-07,178.8465118408203,180.25,180.75,178.9600067138672,180.5,12928200
2017-11-08,178.16189575195312,179.55999755859375,180.35000610351562,179.11000061035156,179.7899932861328,10494100
2017-11-09,177.90391540527344,179.3000030517578,179.39999389648438,177.08999633789062,178.30999755859375,12610300
2017-11-10,177.07044982910156,178.4600067138672,179.10000610351562,177.9600067138672,178.35000610351562,11070200
2017-11-13,177.37802124023438,178.77000427246094,179.0399932861328,177.3000030517578,177.5,9523400
2017-11-14,176.6835174560547,178.07000732421875,178.97000122070312,177.17999267578125,178.1300048828125,9585900
2017-11-15,176.56442260742188,177.9499969482422,178.57000732421875,176.39999389648438,176.66000366210938,10253700
2017-11-16,178.191650390625,179.58999633789062,179.8300018310547,178.5,178.75999450683594,15607600
2017-11-17,177.6062469482422,179.0,179.97999572753906,178.89999389648438,179.3000030517578,13018000
2017-11-20,177.3482666015625,178.74000549316406,179.5,178.10000610351562,178.8699951171875,10052400
2017-11-21,180.44395446777344,181.86000061035156,181.88999938964844,178.99000549316406,179.14999389648438,14504000
2017-11-22,179.46168518066406,180.8699951171875,181.72999572753906,180.44000244140625,181.3000030517578,10376300
2017-11-24,181.35682678222656,182.77999877929688,183.14999389648438,180.2899932861328,180.39999389648438,9426300
2017-11-27,181.6048583984375,183.02999877929688,183.72999572753906,181.99000549316406,182.55999755859375,12344500
2017-11-28,180.99960327148438,182.4199981689453,184.25,182.08999633789062,183.50999450683594,14379700
2017-11-29,173.76637268066406,175.1300048828125,181.97000122070312,174.0,181.88999938964844,41933500
2017-11-30,175.80039978027344,177.17999267578125,178.27999877929688,175.1999969482422,176.85000610351562,25307600
2017-12-01,173.73658752441406,175.10000610351562,177.47999572753906,172.33999633789062,176.02999877929688,20182500
2017-12-04,170.13487243652344,171.47000122070312,176.57000732421875,170.7899932861328,176.2899932861328,24459400
2017-12-05,171.48426818847656,172.8300018310547,175.3800048828125,169.00999450683594,170.4499969482422,20184900
2017-12-06,174.6891326904297,176.05999755859375,176.77000427246094,171.89999389648438,172.5,20255800
2017-12-07,178.7373504638672,180.13999938964844,180.38999938964844,175.8000030517578,175.8000030517578,20404500
2017-12-08,177.6062469482422,179.0,182.27999877929688,178.74000549316406,181.52999877929688,19883800
2017-12-11,177.6459197998047,179.0399932861328,180.22000122070312,178.8000030517578,179.3000030517578,13168600
2017-12-12,175.5821533203125,176.9600067138672,179.17999267578125,176.60000610351562,178.60000610351562,16854100
2017-12-13,176.9116973876953,178.3000030517578,179.16000366210938,177.25,177.3000030517578,14615700
2017-12-14,177.00100708007812,178.38999938964844,180.36000061035156,177.67999267578125,178.2899932861328,13591000
2017-12-15,178.7770233154297,180.17999267578125,180.49000549316406,178.36000061035156,179.02000427246094,28463100
2017-12-18,179.41207885742188,180.82000732421875,181.3000030517578,179.75,181.00999450683594,17265400
2017-12-19,178.11224365234375,179.50999450683594,180.0800018310547,178.22000122070312,179.9499969482422,14920600
2017-12-20,176.50489807128906,177.88999938964844,179.80999755859375,177.36000061035156,179.80999755859375,11860500
2017-12-21,176.0683135986328,177.4499969482422,178.67999267578125,177.0500030517578,177.94000244140625,11600700
2017-12-22,175.8202362060547,177.1999969482422,177.52999877929688,176.22999572753906,177.13999938964844,8509500
2017-12-26,174.6196746826172,175.99000549316406,177.0,174.6699981689453,176.6300048828125,8897300
2017-12-27,176.2369842529297,177.6199951171875,178.44000244140625,176.25999450683594,176.5500030517578,9496100
2017-12-28,176.53463745117188,177.9199981689453,178.94000244140625,177.67999267578125,177.9499969482422,12220800
2017-12-29,175.0860137939453,176.4600067138672,178.85000610351562,176.4600067138672,178.0,10261500
2018-01-02,180.0074005126953,181.4199981689453,181.5800018310547,177.5500030517578,177.67999267578125,18151900
2018-01-03,183.2321014404297,184.6699981689453,184.77999877929688,181.3300018310547,181.8800048828125,16886600
2018-01-04,182.8947296142578,184.3300018310547,186.2100067138672,184.10000610351562,184.89999389648438,13880900
2018-01-05,185.3951416015625,186.85000610351562,186.89999389648438,184.92999267578125,185.58999633789062,13574500
2018-01-08,186.81398010253906,188.27999877929688,188.89999389648438,186.3300018310547,187.1999969482422,17994700
2018-01-09,186.40716552734375,187.8699951171875,188.8000030517578,187.10000610351562,188.6999969482422,12393100
2018-01-10,186.37741088867188,187.83999633789062,187.88999938964844,185.6300048828125,186.94000244140625,10529900
2018-01-11,186.30796813964844,187.77000427246094,188.39999389648438,187.3800048828125,188.39999389648438,9588600
2018-01-12,177.97335815429688,179.3699951171875,181.47999572753906,177.39999389648438,178.05999755859375,77551300
2018-01-16,177.00100708007812,178.38999938964844,181.75,178.0399932861328,181.5,36183800
2018-01-17,176.2171630859375,177.60000610351562,179.32000732421875,175.8000030517578,179.25999450683594,27992400
2018-01-18,178.4000244140625,179.8000030517578,180.97999572753906,177.0800018310547,178.1300048828125,23304900
2018-01-19,179.87838745117188,181.2899932861328,182.3699951171875,180.1699981689453,180.85000610351562,26826500
2018-01-22,183.9266357421875,185.3699951171875,185.38999938964844,180.41000366210938,180.8000030517578,21059500
2018-01-23,187.87567138671875,189.35000610351562,189.5500030517578,185.5500030517578,186.0500030517578,25678800
2018-01-24,185.09747314453125,186.5500030517578,190.66000366210938,186.52000427246094,189.88999938964844,24334500
2018-01-25,186.0202178955078,187.47999572753906,188.6199951171875,186.60000610351562,187.9499969482422,17377700
2018-01-26,188.5205841064453,190.0,190.0,186.80999755859375,187.75,17759200
2018-01-29,184.53187561035156,185.97999572753906,188.83999633789062,185.6300048828125,188.75,20453200
2018-01-30,185.6630096435547,187.1199951171875,188.17999267578125,181.83999633789062,187.6199951171875,20858600
2018-01-31,185.43482971191406,186.88999938964844,189.8300018310547,185.22000122070312,188.3699951171875,43275100
2018-02-01,191.58653259277344,193.08999633789062,195.32000732421875,187.88999938964844,188.22000122070312,54211300
2018-02-02,188.7984161376953,190.27999877929688,194.2100067138672,189.97999572753906,192.0399932861328,26677500
2018-02-05,179.84864807128906,181.25999450683594,190.61000061035156,180.61000061035156,186.92999267578125,33128200
2018-02-06,183.86712646484375,185.30999755859375,185.77000427246094,177.74000549316406,178.57000732421875,37758500
2018-02-07,178.7770233154297,180.17999267578125,185.0800018310547,179.9499969482422,184.14999389648438,27601900
2018-02-08,170.2440185546875,171.5800018310547,181.83999633789062,171.47999572753906,181.00999450683594,38478300
2018-02-09,174.73873901367188,176.11000061035156,176.89999389648438,167.17999267578125,174.75999450683594,39887600
2018-02-12,175.03639221191406,176.41000366210938,177.5500030517578,171.83999633789062,177.05999755859375,32092100
2018-02-13,171.8017578125,173.14999389648438,175.97000122070312,173.10000610351562,175.6199951171875,21809400
2018-02-14,178.1221923828125,179.52000427246094,179.80999755859375,173.2100067138672,173.4499969482422,28929700
2018-02-15,178.55877685546875,179.9600067138672,180.5,176.83999633789062,180.5,20922100
2018-02-16,175.97898864746094,177.36000061035156,179.8800048828125,176.3000030517578,178.99000549316406,20645300
2018-02-20,174.63951110839844,176.00999450683594,177.9499969482422,175.11000061035156,175.77000427246094,21204900
2018-02-21,176.5247344970703,177.91000366210938,181.27000427246094,176.39999389648438,176.7100067138672,23200800
2018-02-22,177.5963134765625,178.99000549316406,180.2100067138672,177.41000366210938,178.6999969482422,18464200
2018-02-23,181.8628387451172,183.2899932861328,183.38999938964844,179.50999450683594,179.89999389648438,19007300
2018-02-26,183.4900665283203,184.92999267578125,185.66000366210938,183.22000122070312,184.5800018310547,17599700
2018-02-27,180.04708862304688,181.4600067138672,184.6999969482422,181.4600067138672,184.4499969482422,15849800
2018-02-28,176.93154907226562,178.32000732421875,182.8800048828125,178.13999938964844,182.3000030517578,18783000
2018-03-01,174.57005310058594,175.94000244140625,180.1199951171875,174.41000366210938,179.00999450683594,23201600
2018-03-02,175.24478149414062,176.6199951171875,177.11000061035156,172.99000549316406,173.2899932861328,20025900
2018-03-05,178.99534606933594,180.39999389648438,181.14999389648438,175.88999938964844,176.1999969482422,16189300
2018-03-06,178.38015747070312,179.77999877929688,182.3800048828125,179.11000061035156,181.77999877929688,15086800
2018-03-07,182.27957153320312,183.7100067138672,183.82000732421875,178.07000732421875,178.74000549316406,19097300
2018-03-08,180.92022705078125,182.33999633789062,184.39999389648438,181.4499969482422,183.55999755859375,17225900
2018-03-09,183.78770446777344,185.22999572753906,185.50999450683594,183.2100067138672,183.91000366210938,18526300
2018-03-12,183.32139587402344,184.75999450683594,186.10000610351562,184.22000122070312,185.22999572753906,15301200
2018-03-13,180.4638214111328,181.8800048828125,185.99000549316406,181.11000061035156,185.61000061035156,18067500
2018-03-14,182.75582885742188,184.19000244140625,184.25,181.85000610351562,182.60000610351562,16821700
2018-03-15,182.4284210205078,183.86000061035156,184.0,182.19000244140625,183.24000549316406,15614300
2018-03-16,183.6488037109375,185.08999633789062,185.3300018310547,183.41000366210938,184.49000549316406,24403400
2018-03-19,171.2163848876953,172.55999755859375,177.1699981689453,170.05999755859375,177.00999450683594,88140100
2018-03-20,166.8406982421875,168.14999389648438,170.1999969482422,161.9499969482422,167.47000122070312,129851800
2018-03-21,168.07106018066406,169.38999938964844,173.39999389648438,163.3000030517578,164.8000030517578,106598800
2018-03-22,163.60610961914062,164.88999938964844,170.27000427246094,163.72000122070312,166.1300048828125,73743000
2018-03-23,158.14892578125,159.38999938964844,166.60000610351562,159.02000427246094,165.44000244140625,53609700
2018-03-26,158.813720703125,160.05999755859375,161.10000610351562,149.02000427246094,160.82000732421875,126116600
2018-03-27,151.03475952148438,152.22000122070312,162.85000610351562,150.75,156.30999755859375,79117000
2018-03-28,151.8384552001953,153.02999877929688,155.8800048828125,150.8000030517578,151.64999389648438,60029200
2018-03-29,158.5458221435547,159.7899932861328,161.4199981689453,154.13999938964844,155.14999389648438,59434300
2018-04-02,154.18008422851562,155.38999938964844,159.1999969482422,154.11000061035156,157.80999755859375,36796000
2018-04-03,154.8944549560547,156.11000061035156,157.38999938964844,150.80999755859375,156.5500030517578,42543900
2018-04-04,153.89231872558594,155.10000610351562,155.55999755859375,150.50999450683594,152.02999877929688,49885600
2018-04-05,158.09933471679688,159.33999633789062,161.57000732421875,156.64999389648438,161.55999755859375,41449600
2018-04-06,155.97596740722656,157.1999969482422,161.4199981689453,156.80999755859375,157.72999572753906,41644800
2018-04-09,156.7003173828125,157.92999267578125,160.52999877929688,156.0399932861328,157.82000732421875,34915200
2018-04-10,163.75491333007812,165.0399932861328,165.97999572753906,157.00999450683594,157.92999267578125,57889300
2018-04-11,165.0249481201172,166.32000732421875,168.64999389648438,163.25,165.36000061035156,56144600
2018-04-12,162.59405517578125,163.8699951171875,167.4499969482422,163.10000610351562,166.97999572753906,38263000
2018-04-13,163.23899841308594,164.52000427246094,165.6999969482422,163.77000427246094,164.5800018310547,19990600
2018-04-16,163.54656982421875,164.8300018310547,165.77999877929688,163.38999938964844,165.72000122070312,18119400
2018-04-17,167.34677124023438,168.66000366210938,169.0,165.66000366210938,165.8300018310547,22743000
2018-04-18,165.06463623046875,166.36000061035156,168.1199951171875,165.77000427246094,166.8800048828125,20969600
2018-04-19,166.79112243652344,168.10000610351562,168.3300018310547,165.1999969482422,166.1999969482422,22235000
2018-04-20,164.98529052734375,166.27999877929688,168.42999267578125,165.80999755859375,167.7899932861328,19119400
2018-04-23,164.54869079589844,165.83999633789062,168.4499969482422,165.08999633789062,167.27000427246094,23088100
2018-04-24,158.44659423828125,159.69000244140625,166.10000610351562,158.19000244140625,165.42999267578125,35079900
2018-04-25,158.44659423828125,159.69000244140625,161.05999755859375,156.19000244140625,160.13999938964844,41083600
2018-04-26,172.80392456054688,174.16000366210938,176.27000427246094,170.8000030517578,173.22000122070312,77556900
2018-04-27,172.2383575439453,173.58999633789062,177.10000610351562,172.60000610351562,176.80999755859375,29804700
2018-04-30,170.6607208251953,172.0,175.72000122070312,171.7100067138672,173.7899932861328,20750500
2018-05-01,172.5062713623047,173.86000061035156,174.02000427246094,170.22999572753906,172.0,26025900
2018-05-02,174.69903564453125,176.07000732421875,178.0800018310547,174.1999969482422,174.25,30424500
2018-05-03,172.6650390625,174.02000427246094,176.1199951171875,172.1199951171875,175.1300048828125,24026100
2018-05-04,175.23483276367188,176.61000061035156,176.97999572753906,173.05999755859375,173.0800018310547,17677800
2018-05-07,176.58424377441406,177.97000122070312,179.5,177.1699981689453,177.35000610351562,18697200
2018-05-08,177.52685546875,178.9199981689453,179.0399932861328,177.11000061035156,178.25,15577200
2018-05-09,181.2377471923828,182.66000366210938,183.00999450683594,178.77999877929688,179.6699981689453,23282800
2018-05-10,184.08538818359375,185.52999877929688,186.1300048828125,182.5,183.14999389648438,21071400
2018-05-11,185.53402709960938,186.99000549316406,188.32000732421875,184.17999267578125,184.85000610351562,21207800
2018-05-14,185.18675231933594,186.63999938964844,187.86000061035156,186.1999969482422,187.7100067138672,15646700
2018-05-15,182.8848114013672,184.32000732421875,185.2899932861328,183.1999969482422,184.8800048828125,15429400
2018-05-16,181.77352905273438,183.1999969482422,184.32000732421875,182.66000366210938,183.6999969482422,16975500
2018-05-17,182.32916259765625,183.75999450683594,184.05999755859375,182.22000122070312,182.67999267578125,14840700
2018-05-18,181.25758361816406,182.67999267578125,184.19000244140625,182.61000061035156,183.49000549316406,13130500
2018-05-21,183.05348205566406,184.49000549316406,185.3000030517578,183.1300048828125,183.77000427246094,13532900
2018-05-22,182.3688507080078,183.8000030517578,185.4199981689453,183.42999267578125,184.92999267578125,12731400
2018-05-23,185.4447021484375,186.89999389648438,186.91000366210938,182.17999267578125,182.5,16628100
2018-05-24,184.4822540283203,185.92999267578125,186.8000030517578,185.02999877929688,185.8800048828125,12354700
2018-05-25,183.48013305664062,184.9199981689453,186.3300018310547,184.4499969482422,186.02000427246094,10965100
2018-05-29,184.29376220703125,185.74000549316406,186.80999755859375,183.7100067138672,184.33999633789062,16398900
2018-05-30,186.20872497558594,187.6699981689453,188.0,185.25,186.5399932861328,13736900
2018-05-31,190.28671264648438,191.77999877929688,192.72000122070312,187.47999572753906,187.8699951171875,30782600
2018-06-01,192.47952270507812,193.99000549316406,194.5500030517578,192.07000732421875,193.07000732421875,17307200
2018-06-04,191.77503967285156,193.27999877929688,193.97999572753906,191.47000122070312,191.83999633789062,18939800
2018-06-05,191.4376678466797,192.94000244140625,195.0,192.6199951171875,194.3000030517578,15544300
2018-06-06,189.85015869140625,191.33999633789062,192.52999877929688,189.11000061035156,191.02999877929688,22558900
2018-06-07,186.7147674560547,188.17999267578125,190.97000122070312,186.77000427246094,190.75,21503200
2018-06-08,187.62759399414062,189.10000610351562,189.47999572753906,186.42999267578125,187.52999877929688,12677100
2018-06-11,190.04856872558594,191.5399932861328,192.60000610351562,188.8000030517578,188.80999755859375,12928900
2018-06-12,190.9019012451172,192.39999389648438,193.27999877929688,191.55999755859375,192.1699981689453,11562700
2018-06-13,190.91183471679688,192.41000366210938,194.5,191.91000366210938,192.74000549316406,15853800
2018-06-14,195.27755737304688,196.80999755859375,197.27999877929688,192.91000366210938,193.10000610351562,19120900
2018-06-15,194.32505798339844,195.85000610351562,197.07000732421875,194.63999938964844,195.7899932861328,21860900
2018-06-18,196.765869140625,198.30999755859375,199.5800018310547,194.1300048828125,194.8000030517578,16826000
2018-06-19,195.9522705078125,197.49000549316406,197.9600067138672,193.7899932861328,196.24000549316406,19994000
2018-06-20,200.42715454101562,202.0,203.5500030517578,198.80999755859375,199.10000610351562,28230900
2018-06-21,199.93106079101562,201.5,203.38999938964844,200.08999633789062,202.75999450683594,19045700
2018-06-22,200.16915893554688,201.74000549316406,202.24000549316406,199.30999755859375,201.16000366210938,17420200
2018-06-25,194.8211212158203,196.35000610351562,200.0,193.11000061035156,200.0,25275100
2018-06-26,197.4505157470703,199.0,199.10000610351562,196.22999572753906,197.60000610351562,17897600
2018-06-27,194.3151092529297,195.83999633789062,200.75,195.8000030517578,199.17999267578125,18734400
2018-06-28,194.7020721435547,196.22999572753906,197.33999633789062,193.25999450683594,195.17999267578125,18172400
2018-06-29,192.8069305419922,194.32000732421875,197.60000610351562,193.9600067138672,197.32000732421875,15811600
2018-07-02,195.82327270507812,197.36000061035156,197.4499969482422,192.22000122070312,193.3699951171875,13961600
2018-07-03,191.22933959960938,192.72999572753906,195.39999389648438,192.52000427246094,194.5500030517578,13489500
2018-07-05,196.90480041503906,198.4499969482422,198.64999389648438,194.02999877929688,194.74000549316406,19684200
2018-07-06,201.6475830078125,203.22999572753906,203.63999938964844,197.6999969482422,198.4499969482422,19740100
2018-07-09,203.1458282470703,204.74000549316406,205.8000030517578,202.1199951171875,204.92999267578125,18149400
2018-07-10,201.9551544189453,203.5399932861328,204.91000366210938,202.25999450683594,204.5,13190100
2018-07-11,200.9629364013672,202.5399932861328,204.5,201.75,202.22000122070312,12927400
2018-07-12,205.30882263183594,206.9199981689453,207.0800018310547,203.19000244140625,203.42999267578125,15454700
2018-07-13,205.7057342529297,207.32000732421875,208.42999267578125,206.4499969482422,207.80999755859375,11486800
2018-07-16,205.61642456054688,207.22999572753906,208.72000122070312,206.83999633789062,207.5,11078200
2018-07-17,208.35494995117188,209.99000549316406,210.4600067138672,204.83999633789062,204.89999389648438,15349900
2018-07-18,207.72984313964844,209.36000061035156,210.99000549316406,208.44000244140625,209.82000732421875,15334900
2018-07-19,206.4697265625,208.08999633789062,209.99000549316406,207.75999450683594,208.77000427246094,11350400
2018-07-20,208.3053436279297,209.94000244140625,211.5,208.5,208.85000610351562,16163900
2018-07-23,209.2677764892578,210.91000366210938,211.6199951171875,208.8000030517578,210.5800018310547,16732000
2018-07-24,212.9984893798828,214.6699981689453,216.1999969482422,212.60000610351562,215.11000061035156,28468700
2018-07-25,215.80645751953125,217.5,218.6199951171875,214.27000427246094,215.72000122070312,58954200
2018-07-26,174.88758850097656,176.25999450683594,180.1300048828125,173.75,174.88999938964844,169803700
2018-07-27,173.5282440185547,174.88999938964844,179.92999267578125,173.0,179.8699951171875,60073700
2018-07-30,169.7280731201172,171.05999755859375,175.3000030517578,166.55999755859375,175.3000030517578,65280800
2018-07-31,171.23622131347656,172.5800018310547,174.24000549316406,170.0,170.6699981689453,40356500
2018-08-01,170.3134765625,171.64999389648438,175.0800018310547,170.89999389648438,173.92999267578125,34042100
2018-08-02,174.99671936035156,176.3699951171875,176.7899932861328,170.27000427246094,170.67999267578125,32400000
2018-08-03,176.39573669433594,177.77999877929688,178.85000610351562,176.14999389648438,177.69000244140625,24763400
2018-08-06,184.24415588378906,185.69000244140625,185.7899932861328,178.3800048828125,178.97000122070312,49716200
2018-08-07,182.37879943847656,183.80999755859375,188.3000030517578,183.72000122070312,186.5,33398600
2018-08-08,183.73809814453125,185.17999267578125,186.85000610351562,183.75999450683594,184.75,22205200
2018-08-09,181.66441345214844,183.08999633789062,186.57000732421875,182.47999572753906,185.85000610351562,19732100
2018-08-10,178.85641479492188,180.25999450683594,182.10000610351562,179.4199981689453,182.0399932861328,21500400
2018-08-13,178.64804077148438,180.0500030517578,182.61000061035156,178.89999389648438,180.10000610351562,17423300
2018-08-14,179.69981384277344,181.11000061035156,181.99000549316406,178.6199951171875,180.7100067138672,19102000
2018-08-15,178.13211059570312,179.52999877929688,180.8699951171875,174.77999877929688,179.33999633789062,33020200
2018-08-16,173.3397216796875,174.6999969482422,180.5,174.00999450683594,180.4199981689453,31351800
2018-08-17,172.4467315673828,173.8000030517578,176.22000122070312,172.0399932861328,174.5,24893200
2018-08-20,171.1568603515625,172.5,174.57000732421875,170.91000366210938,174.0399932861328,21518000
2018-08-21,171.27590942382812,172.6199951171875,174.1699981689453,171.38999938964844,172.80999755859375,19578500
2018-08-22,172.28799438476562,173.63999938964844,174.24000549316406,172.1300048828125,172.2100067138672,16894100
2018-08-23,171.55372619628906,172.89999389648438,175.5500030517578,172.8300018310547,173.08999633789062,18053600
2018-08-24,173.2900848388672,174.64999389648438,174.82000732421875,172.9199981689453,173.6999969482422,14631600
2018-08-27,176.07823181152344,177.4600067138672,178.6699981689453,175.7899932861328,175.99000549316406,17921900
2018-08-28,174.88758850097656,176.25999450683594,178.24000549316406,175.8300018310547,178.10000610351562,15910700
2018-08-29,174.53038024902344,175.89999389648438,176.7899932861328,174.75,176.3000030517578,18494100
2018-08-30,176.2568359375,177.63999938964844,179.7899932861328,175.6999969482422,175.89999389648438,24216500
2018-08-31,174.36170959472656,175.72999572753906,177.6199951171875,174.97999572753906,177.14999389648438,18065200
2018-09-04,169.82728576660156,171.16000366210938,173.88999938964844,168.8000030517578,173.5,29809000
2018-09-05,165.87826538085938,167.17999267578125,171.1300048828125,166.6699981689453,169.49000549316406,31226700
2018-09-06,161.26449584960938,162.52999877929688,166.97999572753906,160.0,166.97999572753906,41514800
2018-09-07,161.77049255371094,163.0399932861328,164.6300048828125,160.16000366210938,160.30999755859375,24300600
2018-09-10,162.90162658691406,164.17999267578125,165.00999450683594,162.16000366210938,163.50999450683594,20197700
2018-09-11,164.64791870117188,165.94000244140625,167.19000244140625,163.72000122070312,163.94000244140625,20457100
2018-09-12,160.7386016845703,162.0,164.49000549316406,161.8000030517578,163.25,24078100
2018-09-13,160.10357666015625,161.36000061035156,163.32000732421875,160.86000061035156,162.0,25453800
2018-09-14,161.05612182617188,162.32000732421875,162.83999633789062,160.33999633789062,161.72000122070312,21770400
2018-09-17,159.32965087890625,160.5800018310547,162.05999755859375,159.77000427246094,161.9199981689453,21005300
2018-09-18,159.0518341064453,160.3000030517578,161.75999450683594,158.8699951171875,159.38999938964844,22465200
2018-09-19,161.79034423828125,163.05999755859375,163.44000244140625,159.47999572753906,160.0800018310547,19629000
2018-09-20,164.727294921875,166.02000427246094,166.4499969482422,164.47000122070312,164.5,18936000
2018-09-21,161.66136169433594,162.92999267578125,167.25,162.80999755859375,166.63999938964844,45994800
2018-09-24,164.12205505371094,165.41000366210938,165.6999969482422,160.8800048828125,161.02999877929688,19222800
2018-09-25,163.62591552734375,164.91000366210938,165.58999633789062,161.14999389648438,161.99000549316406,27622800
2018-09-26,165.6500701904297,166.9499969482422,169.3000030517578,164.2100067138672,164.3000030517578,25252200
2018-09-27,167.5253448486328,168.83999633789062,171.77000427246094,167.2100067138672,167.5500030517578,27266900
2018-09-28,163.17945861816406,164.4600067138672,168.7899932861328,162.55999755859375,168.3300018310547,34265600
2018-10-01,161.17518615722656,162.44000244140625,165.8800048828125,161.25999450683594,163.02999877929688,26407700
2018-10-02,158.08938598632812,159.3300018310547,162.27999877929688,158.6699981689453,161.5800018310547,36031000
2018-10-03,161.16522216796875,162.42999267578125,163.66000366210938,159.52999877929688,160.0,23109500
2018-10-04,157.61312866210938,158.85000610351562,161.4600067138672,157.35000610351562,161.4600067138672,25739600
2018-10-05,156.10496520996094,157.3300018310547,160.89999389648438,156.1999969482422,159.2100067138672,25744000
2018-10-08,156.02560424804688,157.25,158.33999633789062,154.38999938964844,155.5399932861328,24046000
2018-10-09,156.6705322265625,157.89999389648438,160.58999633789062,157.4199981689453,157.69000244140625,18844400
2018-10-10,150.20130920410156,151.3800048828125,157.69000244140625,151.30999755859375,156.82000732421875,30610000
2018-10-11,152.15594482421875,153.35000610351562,154.80999755859375,149.16000366210938,150.1300048828125,35338900
2018-10-12,152.5429229736328,153.74000549316406,156.88999938964844,151.3000030517578,156.72999572753906,25293500
2018-10-15,152.3246307373047,153.52000427246094,155.57000732421875,152.5500030517578,153.32000732421875,15433500
2018-10-16,157.54368591308594,158.77999877929688,159.4600067138672,155.00999450683594,155.39999389648438,19180100
2018-10-17,158.17868041992188,159.4199981689453,160.49000549316406,157.9499969482422,159.55999755859375,17592000
2018-10-18,153.71376037597656,154.9199981689453,158.66000366210938,153.27999877929688,158.50999450683594,21675100
2018-10-19,152.8505096435547,154.0500030517578,157.35000610351562,153.5500030517578,155.86000061035156,19761300
2018-10-22,153.57481384277344,154.77999877929688,157.33999633789062,154.4600067138672,154.75999450683594,15424700
2018-10-23,153.18785095214844,154.38999938964844,154.77000427246094,150.85000610351562,151.22000122070312,19095000
2018-10-24,144.90286254882812,146.0399932861328,154.64999389648438,145.60000610351562,154.27999877929688,27744600
2018-10-25,149.77464294433594,150.9499969482422,152.2100067138672,147.0,147.72999572753906,22105700
2018-10-26,144.23806762695312,145.3699951171875,149.0,143.8000030517578,145.82000732421875,31303300
2018-10-29,140.983642578125,142.08999633789062,148.8300018310547,139.02999877929688,148.5,31336800
2018-10-30,145.0814666748047,146.22000122070312,146.63999938964844,139.74000549316406,139.94000244140625,50528300
2018-10-31,150.6081085205078,151.7899932861328,156.39999389648438,148.9600067138672,155.0,60101300
2018-11-01,150.5684051513672,151.75,152.75,149.35000610351562,151.52000427246094,25640800
2018-11-02,149.17933654785156,150.35000610351562,154.1300048828125,148.9600067138672,151.8000030517578,24708700
2018-11-05,147.52232360839844,148.67999267578125,150.19000244140625,147.44000244140625,150.10000610351562,15971200
2018-11-06,148.77249145507812,149.94000244140625,150.97000122070312,148.0,149.30999755859375,16667100
2018-11-07,150.35012817382812,151.52999877929688,153.00999450683594,149.8300018310547,151.57000732421875,21877400
2018-11-08,146.7186279296875,147.8699951171875,150.94000244140625,146.74000549316406,150.49000549316406,24145800
2018-11-09,143.831298828125,144.9600067138672,147.75999450683594,144.07000732421875,146.75,17326900
2018-11-12,140.44786071777344,141.5500030517578,145.0399932861328,140.49000549316406,144.47999572753906,18542100
2018-11-13,141.05308532714844,142.16000366210938,144.8800048828125,141.6199951171875,142.0,15141700
2018-11-14,143.09706115722656,144.22000122070312,145.5800018310547,141.5500030517578,143.6999969482422,22068400
2018-11-15,142.72991943359375,143.85000610351562,144.83999633789062,140.8300018310547,142.3300018310547,30320300
2018-11-16,138.44354248046875,139.52999877929688,141.77000427246094,137.77000427246094,141.07000732421875,37250600
2018-11-19,130.52569580078125,131.5500030517578,137.75,131.2100067138672,137.61000061035156,44362700
2018-11-20,131.3988494873047,132.42999267578125,134.16000366210938,126.8499984741211,127.02999877929688,41939500
2018-11-21,133.77024841308594,134.82000732421875,137.19000244140625,134.1300048828125,134.39999389648438,25469700
2018-11-23,130.7042999267578,131.72999572753906,134.5,131.25999450683594,133.64999389648438,11886100
2018-11-26,135.318115234375,136.3800048828125,137.0,132.77999877929688,133.0,24263600
2018-11-27,133.9488525390625,135.0,136.61000061035156,133.7100067138672,135.75,20750300
2018-11-28,135.6951141357422,136.75999450683594,136.7899932861328,131.85000610351562,136.27999877929688,29847500
2018-11-29,137.6001739501953,138.67999267578125,139.99000549316406,135.66000366210938,135.9199981689453,24238700
2018-11-30,139.5151824951172,140.61000061035156,140.97000122070312,137.36000061035156,138.25999450683594,25732600
2018-12-03,139.99142456054688,141.08999633789062,143.67999267578125,140.75999450683594,143.0,24819200
2018-12-04,136.85601806640625,137.92999267578125,143.38999938964844,137.16000366210938,140.72999572753906,30307400
2018-12-06,138.5427703857422,139.6300048828125,139.6999969482422,133.6699981689453,133.82000732421875,28218100
2018-12-07,136.34999084472656,137.4199981689453,140.8699951171875,136.66000366210938,139.25,21195500
2018-12-10,140.74549865722656,141.85000610351562,143.0500030517578,139.00999450683594,139.60000610351562,26422200
2018-12-11,140.9737091064453,142.0800018310547,143.8800048828125,141.10000610351562,143.8800048828125,20300300
2018-12-12,143.37486267089844,144.5,147.19000244140625,142.50999450683594,143.0800018310547,23696900
2018-12-13,143.8809051513672,145.00999450683594,145.85000610351562,143.19000244140625,145.57000732421875,18148600
2018-12-14,142.93829345703125,144.05999755859375,146.00999450683594,142.50999450683594,143.33999633789062,21785800
2018-12-17,139.0984344482422,140.19000244140625,144.9199981689453,138.4199981689453,143.0800018310547,24334000
2018-12-18,142.54139709472656,143.66000366210938,145.92999267578125,139.8300018310547,141.0800018310547,24709100
2018-12-19,132.20254516601562,133.24000549316406,144.91000366210938,132.5,141.2100067138672,57404900
2018-12-20,132.36129760742188,133.39999389648438,135.57000732421875,130.0,130.6999969482422,40297900
2018-12-21,123.97710418701172,124.94999694824219,134.89999389648438,123.41999816894531,133.38999938964844,56901500
2018-12-24,123.09400939941406,124.05999755859375,129.74000549316406,123.0199966430664,123.0999984741211,22066000
2018-12-26,133.13522338867188,134.17999267578125,134.24000549316406,125.88999938964844,126.0,39723400
2018-12-27,133.4725799560547,134.52000427246094,134.99000549316406,129.6699981689453,132.44000244140625,31202500
2018-12-28,132.162841796875,133.1999969482422,135.9199981689453,132.1999969482422,135.33999633789062,22627600
2018-12-31,130.0692901611328,131.08999633789062,134.63999938964844,129.9499969482422,134.4499969482422,24625300
2019-01-02,134.62355041503906,135.67999267578125,137.50999450683594,128.55999755859375,128.99000549316406,28146200
2019-01-03,130.7142333984375,131.74000549316406,137.1699981689453,131.1199951171875,134.69000244140625,22717900
2019-01-04,136.8758544921875,137.9499969482422,138.0,133.75,134.00999450683594,29002100
2019-01-07,136.97509765625,138.0500030517578,138.8699951171875,135.91000366210938,137.55999755859375,20089300
2019-01-08,141.42019653320312,142.52999877929688,143.13999938964844,139.5399932861328,139.88999938964844,26263800
2019-01-09,143.10696411132812,144.22999572753906,144.6999969482422,141.27000427246094,142.9499969482422,22205900
2019-01-10,143.0771942138672,144.1999969482422,144.55999755859375,140.83999633789062,143.0800018310547,16125000
2019-01-11,142.68031311035156,143.8000030517578,145.36000061035156,142.57000732421875,143.14999389648438,12908000
2019-01-14,144.25791931152344,145.38999938964844,146.57000732421875,141.27000427246094,142.0,20520300
2019-01-15,147.7902069091797,148.9499969482422,150.67999267578125,145.99000549316406,146.00999450683594,24069000
2019-01-16,146.39120483398438,147.5399932861328,149.64999389648438,147.0,149.0,18025700
2019-01-17,147.14529418945312,148.3000030517578,149.0,146.5,146.9499969482422,15787900
2019-01-18,148.87173461914062,150.0399932861328,152.42999267578125,148.5500030517578,149.75,31029600
2019-01-22,146.4209747314453,147.57000732421875,151.52999877929688,146.3699951171875,149.1999969482422,22378700
2019-01-23,143.17640686035156,144.3000030517578,148.8000030517578,143.05999755859375,148.27999877929688,20098400
2019-01-24,144.69451904296875,145.8300018310547,146.44000244140625,142.52000427246094,144.63999938964844,20955500
2019-01-25,147.84974670410156,149.00999450683594,149.8300018310547,146.5399932861328,147.47999572753906,22237200
2019-01-28,146.3217315673828,147.47000122070312,148.9600067138672,146.2100067138672,148.0500030517578,15508500
2019-01-29,143.06727600097656,144.19000244140625,148.10000610351562,143.42999267578125,148.08999633789062,17632100
2019-01-30,149.24876403808594,150.4199981689453,150.9499969482422,145.6999969482422,146.22000122070312,44613200
2019-01-31,165.39210510253906,166.69000244140625,171.67999267578125,165.0,165.60000610351562,77233600
2019-02-01,164.41973876953125,165.7100067138672,169.10000610351562,165.66000366210938,165.83999633789062,30806500
2019-02-04,167.9321746826172,169.25,169.3000030517578,163.6199951171875,165.6999969482422,20036000
2019-02-05,169.82728576660156,171.16000366210938,171.97999572753906,168.69000244140625,169.14999389648438,22557000
2019-02-06,169.16249084472656,170.49000549316406,172.47000122070312,169.27000427246094,171.1999969482422,13281200
2019-02-07,165.08450317382812,166.3800048828125,169.24000549316406,165.25,168.1999969482422,17517600
2019-02-08,166.027099609375,167.3300018310547,167.3699951171875,164.2100067138672,164.47000122070312,12561400
2019-02-11,164.49911499023438,165.7899932861328,168.3000030517578,165.0800018310547,167.89999389648438,12811200
2019-02-12,163.75491333007812,165.0399932861328,168.33999633789062,164.5,166.86000061035156,16292300
2019-02-13,162.79251098632812,164.07000732421875,166.22000122070312,163.72999572753906,165.3800048828125,14205100
2019-02-14,162.6734161376953,163.9499969482422,164.8699951171875,162.25,163.19000244140625,12755200
2019-02-15,161.2347412109375,162.5,164.6999969482422,160.86000061035156,164.50999450683594,15504400
2019-02-19,161.02635192871094,162.2899932861328,164.14999389648438,160.3300018310547,160.5,14345400
2019-02-20,161.2942352294922,162.55999755859375,163.72000122070312,161.25,162.25,11770700
2019-02-21,158.79385375976562,160.0399932861328,162.24000549316406,159.58999633789062,161.92999267578125,15607800
2019-02-22,160.6294708251953,161.88999938964844,162.41000366210938,160.30999755859375,160.5800018310547,15858500
2019-02-25,163.33819580078125,164.6199951171875,166.07000732421875,162.89999389648438,163.07000732421875,18737100
2019-02-26,162.85203552246094,164.1300048828125,166.24000549316406,163.8000030517578,164.33999633789062,13784100
2019-02-27,161.54226684570312,162.80999755859375,163.92999267578125,160.41000366210938,162.89999389648438,12697500
2019-02-28,160.19288635253906,161.4499969482422,163.5,160.86000061035156,162.3699951171875,11114200
2019-03-01,161.01641845703125,162.27999877929688,163.1300048828125,161.69000244140625,162.60000610351562,11097800
2019-03-04,166.06678771972656,167.3699951171875,167.5,163.8300018310547,163.89999389648438,18894700
2019-03-05,169.926513671875,171.25999450683594,171.8800048828125,166.5500030517578,167.3699951171875,28187900
2019-03-06,171.16677856445312,172.50999450683594,173.57000732421875,171.27000427246094,172.89999389648438,21531700
2019-03-07,167.81307983398438,169.1300048828125,171.74000549316406,167.61000061035156,171.5,18306500
2019-03-08,168.27944946289062,169.60000610351562,169.6199951171875,165.97000122070312,166.1999969482422,13184800
2019-03-11,170.73019409179688,172.07000732421875,174.3000030517578,171.5800018310547,171.60000610351562,18884000
2019-03-12,170.5813751220703,171.9199981689453,173.8000030517578,171.22000122070312,172.08999633789062,12155300
2019-03-13,172.02008056640625,173.3699951171875,174.02999877929688,172.1199951171875,172.32000732421875,11973300
2019-03-14,168.84498596191406,170.1699981689453,171.14999389648438,168.16000366210938,169.75999450683594,18037400
2019-03-15,164.68760681152344,165.97999572753906,167.5800018310547,162.50999450683594,167.16000366210938,37135400
2019-03-18,159.2205047607422,160.47000122070312,163.89999389648438,159.27999877929688,163.57000732421875,37524200
2019-03-19,160.3119659423828,161.57000732421875,163.82000732421875,160.82000732421875,161.47999572753906,25611500
2019-03-20,164.15182495117188,165.44000244140625,166.1199951171875,161.24000549316406,161.5,20211500
2019-03-21,164.78683471679688,166.0800018310547,166.38999938964844,163.75,164.88999938964844,16223000
2019-03-22,163.06039428710938,164.33999633789062,167.4199981689453,164.08999633789062,165.64999389648438,16389200
2019-03-25,164.9951934814453,166.2899932861328,166.5399932861328,162.0,163.0,12631200
2019-03-26,166.37437438964844,167.67999267578125,169.4499969482422,166.35000610351562,167.35000610351562,15437900
2019-03-27,164.57847595214844,165.8699951171875,168.94000244140625,164.7899932861328,167.85000610351562,10620300
2019-03-28,164.26095581054688,165.5500030517578,166.72000122070312,163.3300018310547,164.57000732421875,10443000
2019-03-29,165.39210510253906,166.69000244140625,167.19000244140625,164.80999755859375,166.38999938964844,13455500
2019-04-01,167.3864288330078,168.6999969482422,168.89999389648438,167.27999877929688,167.8300018310547,10381500
2019-04-02,172.84359741210938,174.1999969482422,174.89999389648438,169.5500030517578,170.13999938964844,23946500
2019-04-03,172.18873596191406,173.5399932861328,177.9600067138672,172.9499969482422,174.5,27391100
2019-04-04,174.6494598388672,176.02000427246094,178.0,175.52999877929688,176.02000427246094,17847700
2019-04-05,174.35179138183594,175.72000122070312,177.0,175.10000610351562,176.8800048828125,9594100
2019-04-08,173.56793212890625,174.92999267578125,175.5,174.22999572753906,175.2100067138672,7297400
2019-04-09,176.19728088378906,177.5800018310547,179.19000244140625,175.5500030517578,175.6199951171875,19751000
2019-04-10,176.43544006347656,177.82000732421875,178.7899932861328,176.5399932861328,178.17999267578125,11701500
2019-04-11,176.12783813476562,177.50999450683594,178.39999389648438,177.0,178.24000549316406,8071000
2019-04-12,177.70545959472656,179.10000610351562,179.6300048828125,177.9499969482422,178.0,12329800
2019-04-15,178.2511749267578,179.64999389648438,180.5,176.8699951171875,178.5,10834800
2019-04-16,177.47723388671875,178.8699951171875,180.1699981689453,178.3000030517578,179.0,11215200
2019-04-17,177.387939453125,178.77999877929688,180.74000549316406,178.36000061035156,179.60000610351562,9973700
2019-04-18,176.89183044433594,178.27999877929688,178.8800048828125,177.33999633789062,178.8000030517578,11655600
2019-04-22,180.02723693847656,181.44000244140625,181.6699981689453,178.25,178.25,13389900
2019-04-23,182.3489990234375,183.77999877929688,184.22000122070312,181.47999572753906,182.74000549316406,19954800
2019-04-24,181.15835571289062,182.5800018310547,185.13999938964844,181.64999389648438,184.49000549316406,37289900
2019-04-25,191.7552032470703,193.25999450683594,198.47999572753906,192.1199951171875,196.97999572753906,54148800
2019-04-26,189.99899291992188,191.49000549316406,192.89999389648438,189.08999633789062,192.5,22075000
2019-04-29,193.26336669921875,194.77999877929688,195.41000366210938,190.64999389648438,190.9499969482422,19641300
2019-04-30,191.89410400390625,193.39999389648438,197.38999938964844,192.27999877929688,194.19000244140625,23494700
2019-05-01,191.5269775390625,193.02999877929688,196.17999267578125,193.00999450683594,194.77999877929688,15996600
2019-05-02,191.03091430664062,192.52999877929688,194.0,189.75,193.0,13209500
2019-05-03,193.94798278808594,195.47000122070312,196.16000366210938,193.7100067138672,194.3800048828125,14575400
2019-05-06,192.3704071044922,193.8800048828125,194.27999877929688,190.5500030517578,191.24000549316406,13994900
2019-05-07,188.2924041748047,189.77000427246094,192.89999389648438,187.85000610351562,192.5399932861328,16253000
2019-05-08,188.06417846679688,189.5399932861328,190.72000122070312,188.5500030517578,189.38999938964844,12505700
2019-05-09,187.1811065673828,188.64999389648438,189.77000427246094,186.25999450683594,187.1999969482422,12967000
2019-05-10,186.87351989746094,188.33999633789062,190.0,184.58999633789062,188.25,12578500
2019-05-13,180.12644958496094,181.5399932861328,185.42999267578125,180.83999633789062,183.5,16833300
2019-05-14,179.32275390625,180.72999572753906,183.49000549316406,178.10000610351562,182.52000427246094,17628100
2019-05-15,184.8196258544922,186.27000427246094,187.27999877929688,180.02000427246094,180.4199981689453,16746900
2019-05-16,185.53402709960938,186.99000549316406,188.5800018310547,185.0500030517578,185.0500030517578,12953100
2019-05-17,183.857177734375,185.3000030517578,187.5800018310547,184.27999877929688,184.83999633789062,10485400
2019-05-20,181.29727172851562,182.72000122070312,184.22999572753906,181.3699951171875,181.8800048828125,10352000
2019-05-21,183.3809356689453,184.82000732421875,185.6999969482422,183.88999938964844,184.57000732421875,7502800
2019-05-22,183.87701416015625,185.32000732421875,186.74000549316406,183.61000061035156,184.72999572753906,9213800
2019-05-23,179.46168518066406,180.8699951171875,183.89999389648438,179.6699981689453,182.4199981689453,12768800
2019-05-24,179.65020751953125,181.05999755859375,183.6300048828125,180.8300018310547,182.3300018310547,8807700
2019-05-28,182.8748779296875,184.30999755859375,184.7100067138672,181.4499969482422,181.5399932861328,14843300
2019-05-29,180.7714080810547,182.19000244140625,184.55999755859375,181.35000610351562,183.5,12797700
2019-05-30,181.58502197265625,183.00999450683594,183.47999572753906,180.88999938964844,183.0800018310547,8581500
2019-05-31,176.08815002441406,177.47000122070312,180.5399932861328,177.16000366210938,180.27999877929688,15226500
2019-06-03,162.87188720703125,164.14999389648438,175.0500030517578,161.00999450683594,175.0,56059600
2019-06-04,166.19580078125,167.5,168.27999877929688,160.83999633789062,163.7100067138672,46044300
2019-06-05,166.8605499267578,168.1699981689453,168.72000122070312,164.6300048828125,167.47999572753906,19758300
2019-06-06,167.0193328857422,168.3300018310547,169.6999969482422,167.22999572753906,168.3000030517578,12446400
2019-06-07,172.000244140625,173.35000610351562,173.8699951171875,168.83999633789062,170.1699981689453,16917300
2019-06-10,173.45877075195312,174.82000732421875,177.86000061035156,173.8000030517578,174.75,14767900
2019-06-11,176.7132568359375,178.10000610351562,179.97999572753906,176.7899932861328,178.47999572753906,15266600
2019-06-12,173.6770782470703,175.0399932861328,179.27000427246094,172.8800048828125,178.3800048828125,17699800
2019-06-13,176.08815002441406,177.47000122070312,178.02999877929688,174.61000061035156,175.52999877929688,12253600
2019-06-14,179.91810607910156,181.3300018310547,181.83999633789062,180.0,180.50999450683594,16773700
2019-06-17,187.53829956054688,189.00999450683594,189.5,184.41000366210938,185.00999450683594,29459900
2019-06-18,187.0025177001953,188.47000122070312,194.52999877929688,187.27999877929688,194.0,37571400
2019-06-19,186.0202178955078,187.47999572753906,188.10000610351562,184.5500030517578,187.0,21417100
2019-06-20,188.0542449951172,189.52999877929688,191.16000366210938,187.63999938964844,190.9499969482422,14635700
2019-06-21,189.6517333984375,191.13999938964844,192.0,188.75,188.75,22751200
2019-06-24,191.10032653808594,192.60000610351562,193.97999572753906,191.57000732421875,192.4199981689453,15509000
2019-06-25,187.36962890625,188.83999633789062,193.13999938964844,188.1300048828125,192.8800048828125,16750300
2019-06-26,186.19882202148438,187.66000366210938,190.75999450683594,187.30999755859375,189.5399932861328,12808600
2019-06-27,188.0244903564453,189.5,198.8800048828125,188.27000427246094,189.8800048828125,11159000
2019-06-28,191.49722290039062,193.0,193.1999969482422,189.94000244140625,190.5500030517578,16378900
2019-07-01,191.49722290039062,193.0,195.27999877929688,191.92999267578125,195.2100067138672,14181800
2019-07-02,193.4816436767578,195.0,195.0,192.7100067138672,193.0,9050000
2019-07-03,195.66452026367188,197.1999969482422,197.39999389648438,194.16000366210938,194.16000366210938,10246100
2019-07-05,194.87075805664062,196.39999389648438,197.07000732421875,194.1699981689453,196.17999267578125,11164100
2019-07-08,194.23574829101562,195.75999450683594,196.67999267578125,193.63999938964844,195.19000244140625,9723900
2019-07-09,197.65887451171875,199.2100067138672,199.4600067138672,194.88999938964844,194.97000122070312,14698600
2019-07-10,201.15145874023438,202.72999572753906,202.9600067138672,199.6699981689453,200.0,20571700
2019-07-11,199.66314697265625,201.22999572753906,203.8000030517578,200.2100067138672,203.25999450683594,13678500
2019-07-12,203.2747802734375,204.8699951171875,205.3000030517578,199.16000366210938,199.67999267578125,15366300
2019-07-15,202.32229614257812,203.91000366210938,205.3300018310547,201.82000732421875,204.25,16030300
2019-07-16,202.2528076171875,203.83999633789062,205.47000122070312,203.10000610351562,203.88999938964844,12132700
2019-07-17,200.22872924804688,201.8000030517578,204.36000061035156,201.58999633789062,204.17999267578125,12083700
2019-07-18,199.21665954589844,200.77999877929688,202.47000122070312,199.3800048828125,200.14999389648438,11937900
2019-07-19,196.8155059814453,198.36000061035156,202.3300018310547,198.07000732421875,202.17999267578125,12098300
2019-07-22,200.7446746826172,202.32000732421875,202.57000732421875,198.80999755859375,199.91000366210938,13589000
2019-07-23,200.7843780517578,202.36000061035156,204.24000549316406,200.9600067138672,202.83999633789062,14583700
2019-07-24,203.0664520263672,204.66000366210938,204.80999755859375,197.22000122070312,197.6300048828125,32532500
2019-07-25,199.147216796875,200.7100067138672,208.66000366210938,198.25999450683594,206.6999969482422,39889900
2019-07-26,198.19467163085938,199.75,202.8800048828125,196.25,200.19000244140625,24434000
2019-07-29,194.41433715820312,195.94000244140625,199.6300048828125,195.3000030517578,199.0,16530800
2019-07-30,195.50576782226562,197.0399932861328,198.7100067138672,193.5,195.38999938964844,11903600
2019-07-31,192.71763610839844,194.22999572753906,198.75999450683594,192.67999267578125,196.9499969482422,14593500
2019-08-01,191.22933959960938,192.72999572753906,198.47000122070312,190.8800048828125,194.1699981689453,17777000
2019-08-02,187.5482177734375,189.02000427246094,192.6199951171875,188.07000732421875,191.10000610351562,15297000
2019-08-05,180.3149871826172,181.72999572753906,185.6699981689453,179.33999633789062,184.69000244140625,23086700
2019-08-06,183.07330322265625,184.50999450683594,185.7899932861328,183.08999633789062,183.69000244140625,18035700
2019-08-07,183.70834350585938,185.14999389648438,186.3699951171875,181.22000122070312,183.60000610351562,15833200
2019-08-08,188.67933654785156,190.16000366210938,190.33999633789062,184.0500030517578,186.6199951171875,14828900
2019-08-09,186.3873291015625,187.85000610351562,190.97999572753906,187.1199951171875,190.0,11058800
2019-08-12,183.9266357421875,185.3699951171875,187.58999633789062,184.4600067138672,186.85000610351562,10930900
2019-08-13,186.98265075683594,188.4499969482422,191.3800048828125,185.3699951171875,185.52000427246094,13577000
2019-08-14,178.31068420410156,179.7100067138672,185.99000549316406,179.30999755859375,185.8000030517578,18903700
2019-08-15,181.16830444335938,182.58999633789062,183.1999969482422,180.02999877929688,180.9499969482422,12925900
2019-08-16,182.26962280273438,183.6999969482422,185.10000610351562,182.36000061035156,183.75,12654600
2019-08-19,184.72042846679688,186.1699981689453,187.5,184.85000610351562,186.00999450683594,9691200
2019-08-20,182.37879943847656,183.80999755859375,186.0,182.38999938964844,185.4499969482422,10083400
2019-08-21,182.12081909179688,183.5500030517578,185.89999389648438,183.13999938964844,185.0,8398200
2019-08-22,180.62255859375,182.0399932861328,184.11000061035156,179.91000366210938,183.42999267578125,10821400
2019-08-23,176.36598205566406,177.75,183.1300048828125,176.66000366210938,180.83999633789062,17323400
2019-08-26,178.9556427001953,180.36000061035156,180.5,178.24000549316406,179.39999389648438,8773600
2019-08-27,179.88833618164062,181.3000030517578,184.0399932861328,181.00999450683594,181.92999267578125,14399600
2019-08-28,180.34474182128906,181.75999450683594,181.9499969482422,178.9199981689453,180.52999877929688,9386100
2019-08-29,184.12509155273438,185.57000732421875,186.0800018310547,183.47000122070312,183.77000427246094,10128700
2019-08-30,184.22430419921875,185.6699981689453,186.8000030517578,183.4600067138672,186.77999877929688,10774500
2019-09-03,180.9698486328125,182.38999938964844,185.6699981689453,182.11000061035156,184.0,9779400
2019-09-04,185.682861328125,187.13999938964844,187.75,183.88999938964844,184.64999389648438,11308000
2019-09-05,189.41355895996094,190.89999389648438,191.36000061035156,187.94000244140625,188.52999877929688,13876700
2019-09-06,186.0301055908203,187.49000549316406,190.2100067138672,186.35000610351562,190.2100067138672,15226800
2019-09-09,187.29022216796875,188.75999450683594,188.97999572753906,185.85000610351562,187.72999572753906,14722400
2019-09-10,184.72042846679688,186.1699981689453,188.10000610351562,184.5500030517578,187.44000244140625,15455900
2019-09-11,187.0223388671875,188.49000549316406,189.44000244140625,186.0800018310547,186.4600067138672,11761700
2019-09-12,186.01028442382812,187.47000122070312,190.92999267578125,187.22999572753906,189.86000061035156,11419800
2019-09-13,185.73248291015625,187.19000244140625,187.97000122070312,186.5399932861328,187.3300018310547,11441100
2019-09-16,184.77000427246094,186.22000122070312,187.7899932861328,185.77000427246094,186.92999267578125,8444800
2019-09-17,186.6155242919922,188.0800018310547,188.32000732421875,185.5399932861328,186.66000366210938,9671100
2019-09-18,186.67507934570312,188.13999938964844,189.0800018310547,186.00999450683594,188.08999633789062,9681900
2019-09-19,188.6595001220703,190.13999938964844,191.10000610351562,188.14999389648438,188.66000366210938,10392700
2019-09-20,188.4511260986328,189.92999267578125,193.10000610351562,188.1199951171875,190.66000366210938,19934200
2019-09-23,185.36537170410156,186.82000732421875,190.10000610351562,185.2100067138672,189.33999633789062,13327600
2019-09-24,179.86849975585938,181.27999877929688,188.0399932861328,180.38999938964844,187.97999572753906,18546600
2019-09-25,181.37667846679688,182.8000030517578,183.4199981689453,177.8699951171875,181.4499969482422,18068300
2019-09-26,178.70761108398438,180.11000061035156,181.39999389648438,177.6699981689453,181.3300018310547,16083300
2019-09-27,175.72105407714844,177.10000610351562,180.75999450683594,175.66000366210938,180.49000549316406,14656200
2019-09-30,176.6934051513672,178.0800018310547,178.6699981689453,176.85000610351562,177.8699951171875,10740000
2019-10-01,174.4410858154297,175.80999755859375,179.83999633789062,174.8800048828125,179.14999389648438,17073000
2019-10-02,173.24049377441406,174.60000610351562,176.52999877929688,173.08999633789062,174.83999633789062,16151700
2019-10-03,177.98329162597656,179.3800048828125,179.83999633789062,173.6300048828125,175.57000732421875,16086300
2019-10-04,179.04495239257812,180.4499969482422,180.97999572753906,178.10000610351562,179.5500030517578,10430200
2019-10-07,178.28094482421875,179.67999267578125,181.17999267578125,178.08999633789062,180.0,9178300
2019-10-08,176.36598205566406,177.75,180.3699951171875,177.72000122070312,178.25999450683594,9466900
2019-10-09,178.4496307373047,179.85000610351562,180.72000122070312,177.94000244140625,179.16000366210938,7556900
2019-10-10,178.62820434570312,180.02999877929688,181.61000061035156,179.1699981689453,180.32000732421875,8605000
2019-10-11,182.75582885742188,184.19000244140625,186.49000549316406,182.13999938964844,182.14999389648438,14930500
2019-10-14,181.8529052734375,183.27999877929688,184.6199951171875,182.57000732421875,184.1999969482422,7006000
2019-10-15,187.4192352294922,188.88999938964844,190.3800048828125,183.66000366210938,183.8000030517578,15039100
2019-10-16,188.07408142089844,189.5500030517578,189.6999969482422,186.89999389648438,188.32000732421875,10516900
2019-10-17,188.90753173828125,190.38999938964844,190.83999633789062,188.77000427246094,190.3000030517578,9603000
2019-10-18,184.40292358398438,185.85000610351562,191.49000549316406,183.9199981689453,190.22999572753906,16874200
2019-10-21,188.28245544433594,189.75999450683594,189.91000366210938,186.75,187.0399932861328,8122600
2019-10-22,180.92022705078125,182.33999633789062,190.64999389648438,181.5,190.0,19537600
2019-10-23,184.70057678222656,186.14999389648438,186.3800048828125,182.0,182.00999450683594,12300400
2019-10-24,184.92877197265625,186.3800048828125,186.72999572753906,182.8000030517578,184.6199951171875,11413500
2019-10-25,186.427001953125,187.88999938964844,189.0,185.08999633789062,185.8300018310547,8061200
2019-10-28,187.92526245117188,189.39999389648438,189.52999877929688,185.0800018310547,187.1999969482422,13657900
2019-10-29,187.83596801757812,189.30999755859375,192.52999877929688,188.47000122070312,191.69000244140625,13574900
2019-10-30,186.7842254638672,188.25,190.4499969482422,185.97999572753906,189.55999755859375,28734600
2019-10-31,190.15771484375,191.64999389648438,198.08999633789062,188.25,196.6999969482422,42286500
2019-11-01,192.11241149902344,193.6199951171875,194.11000061035156,189.91000366210938,192.85000610351562,21711800
2019-11-04,193.20384216308594,194.72000122070312,197.3699951171875,193.80999755859375,194.5500030517578,16371300
2019-11-05,192.8069305419922,194.32000732421875,195.75,193.60000610351562,195.3699951171875,9942000
2019-11-06,190.0585174560547,191.5500030517578,194.3699951171875,191.35000610351562,194.02999877929688,10973000
2019-11-07,188.9373321533203,190.4199981689453,193.44000244140625,189.47000122070312,191.91000366210938,13473000
2019-11-08,189.35401916503906,190.83999633789062,192.33999633789062,189.6999969482422,190.0,10760800
2019-11-11,188.13363647460938,189.61000061035156,190.0800018310547,188.5399932861328,189.92999267578125,8631200
2019-11-12,192.95578002929688,194.47000122070312,195.05999755859375,189.74000549316406,190.0,17615500
2019-11-13,191.6857452392578,193.19000244140625,195.6999969482422,192.74000549316406,194.6999969482422,10860700
2019-11-14,191.64605712890625,193.14999389648438,194.02999877929688,191.4499969482422,192.92999267578125,9040500
2019-11-15,193.58087158203125,195.10000610351562,195.3000030517578,193.3800048828125,194.25999450683594,11524300
2019-11-18,195.86294555664062,197.39999389648438,198.6300048828125,193.0500030517578,194.55999755859375,16167200
2019-11-19,197.7680206298828,199.32000732421875,200.0,196.86000061035156,197.39999389648438,19056800
2019-11-20,195.9720916748047,197.50999450683594,199.58999633789062,195.42999267578125,198.5800018310547,12355400
2019-11-21,196.38882446289062,197.92999267578125,199.08999633789062,196.86000061035156,197.4199981689453,12131000
2019-11-22,197.2719268798828,198.82000732421875,199.3000030517578,197.6199951171875,198.3800048828125,9959800
2019-11-25,198.23435974121094,199.7899932861328,200.97000122070312,199.25,199.52000427246094,15272300
2019-11-26,197.42074584960938,198.97000122070312,200.14999389648438,198.0399932861328,200.0,11735500
2019-11-27,200.42715454101562,202.0,203.13999938964844,199.4199981689453,199.89999389648438,12736600
2019-11-29,200.06996154785156,201.63999938964844,203.8000030517578,201.2100067138672,201.60000610351562,7985200
2019-12-02,198.1450653076172,199.6999969482422,202.17999267578125,198.0500030517578,202.1300048828125,11503400
2019-12-03,197.2719268798828,198.82000732421875,198.92999267578125,195.0800018310547,197.60000610351562,11595300
2019-12-04,197.16273498535156,198.7100067138672,200.02999877929688,198.0500030517578,200.0,8456300
2019-12-05,197.80770874023438,199.36000061035156,201.2899932861328,198.2100067138672,199.86000061035156,9740400
2019-12-06,199.48455810546875,201.0500030517578,201.57000732421875,200.05999755859375,200.5,12270600
2019-12-09,199.77227783203125,201.33999633789062,203.13999938964844,200.2100067138672,200.64999389648438,11954800
2019-12-10,199.30596923828125,200.8699951171875,202.0500030517578,200.14999389648438,201.66000366210938,9475700
2019-12-11,200.6851043701172,202.25999450683594,202.6300048828125,200.27999877929688,200.27999877929688,8036800
2019-12-12,195.21803283691406,196.75,203.66000366210938,194.10000610351562,202.35000610351562,23734800
2019-12-13,192.5985870361328,194.11000061035156,196.8000030517578,193.1699981689453,196.39999389648438,18798000
2019-12-16,196.37892150878906,197.9199981689453,199.1199951171875,194.80999755859375,195.27000427246094,14911500
2019-12-17,196.8452606201172,198.38999938964844,199.0,196.1300048828125,198.83999633789062,10175700
2019-12-18,200.9232635498047,202.5,204.3000030517578,200.08999633789062,200.08999633789062,23274400
2019-12-19,204.4555206298828,206.05999755859375,206.3000030517578,202.50999450683594,202.77999877929688,16514600
2019-12-20,204.6936798095703,206.3000030517578,207.7100067138672,203.42999267578125,207.47999572753906,27306900
2019-12-23,204.5745849609375,206.17999267578125,208.58999633789062,205.67999267578125,206.6999969482422,13348900
2019-12-24,203.52285766601562,205.1199951171875,206.7899932861328,205.0,206.3000030517578,6046300
2019-12-26,206.17205810546875,207.7899932861328,207.82000732421875,205.30999755859375,205.57000732421875,9350700
2019-12-27,206.47967529296875,208.10000610351562,208.92999267578125,206.58999633789062,208.6699981689453,10284200
2019-12-30,202.81837463378906,204.41000366210938,207.89999389648438,203.89999389648438,207.86000061035156,10524300
2019-12-31,203.65184020996094,205.25,205.55999755859375,203.60000610351562,204.0,8953500
2020-01-02,208.14657592773438,209.77999877929688,209.7899932861328,206.27000427246094,206.75,12077100
2020-01-03,207.04519653320312,208.6699981689453,210.39999389648438,206.9499969482422,207.2100067138672,11188400
2020-01-06,210.9446258544922,212.60000610351562,212.77999877929688,206.52000427246094,206.6999969482422,17058900
2020-01-07,211.40103149414062,213.05999755859375,214.5800018310547,211.75,212.82000732421875,14912400
2020-01-08,213.5442352294922,215.22000122070312,216.24000549316406,212.61000061035156,213.0,13475000
2020-01-09,216.60023498535156,218.3000030517578,218.3800048828125,216.27999877929688,217.5399932861328,12642800
2020-01-10,216.36209106445312,218.05999755859375,219.8800048828125,217.4199981689453,219.1999969482422,12119400
2020-01-13,220.18211364746094,221.91000366210938,221.97000122070312,219.2100067138672,219.60000610351562,14463400
2020-01-14,217.35430908203125,219.05999755859375,222.3800048828125,218.6300048828125,221.61000061035156,13288900
2020-01-15,219.42803955078125,221.14999389648438,221.67999267578125,220.13999938964844,220.61000061035156,10036500
2020-01-16,220.043212890625,221.77000427246094,222.6300048828125,220.38999938964844,222.57000732421875,10015300
2020-01-17,220.41033935546875,222.13999938964844,222.2899932861328,220.52999877929688,222.02999877929688,15905900
2020-01-21,219.71580505371094,221.44000244140625,222.3699951171875,219.1199951171875,222.16000366210938,14275800
2020-01-22,219.5967254638672,221.32000732421875,222.75,221.27999877929688,222.30999755859375,12212800
2020-01-23,218.04885864257812,219.75999450683594,221.49000549316406,219.27000427246094,220.75,11195000
2020-01-24,216.24305725097656,217.94000244140625,221.77999877929688,216.11000061035156,220.8000030517578,11905800
2020-01-27,213.19692993164062,214.8699951171875,216.05999755859375,212.5,213.10000610351562,13810700
2020-01-28,216.0941925048828,217.7899932861328,218.74000549316406,213.52000427246094,216.13999938964844,13413800
2020-01-29,221.4918670654297,223.22999572753906,224.1999969482422,218.4499969482422,221.44000244140625,33181300
2020-01-30,207.8985137939453,209.52999877929688,211.42999267578125,204.75,206.52999877929688,48775500
2020-01-31,200.33786010742188,201.91000366210938,208.69000244140625,201.05999755859375,208.42999267578125,31359900
2020-02-03,202.60011291503906,204.19000244140625,205.13999938964844,202.5,203.44000244140625,15495600
2020-02-04,208.19618225097656,209.8300018310547,210.60000610351562,205.1999969482422,206.6199951171875,19628900
2020-02-05,208.47401428222656,210.11000061035156,212.72999572753906,208.7100067138672,212.50999450683594,12538200
2020-02-06,209.208251953125,210.85000610351562,211.19000244140625,209.33999633789062,210.47000122070312,10567500
2020-02-07,210.67674255371094,212.3300018310547,212.82000732421875,209.92999267578125,210.3000030517578,12242500
2020-02-10,211.40103149414062,213.05999755859375,213.8000030517578,210.66000366210938,211.52000427246094,11856400
2020-02-11,205.57672119140625,207.19000244140625,210.86000061035156,206.50999450683594,210.19000244140625,25030800
2020-02-12,209.11895751953125,210.75999450683594,211.22000122070312,207.39999389648438,207.85000610351562,13813700
2020-02-13,211.48043823242188,213.13999938964844,214.3300018310547,209.17999267578125,209.52000427246094,15396600
2020-02-14,212.51229858398438,214.17999267578125,214.92999267578125,212.64999389648438,214.0,10741700
2020-02-18,216.10415649414062,217.8000030517578,217.97999572753906,213.39999389648438,213.5500030517578,15609200
2020-02-19,215.7965545654297,217.49000549316406,218.32000732421875,216.11000061035156,217.99000549316406,12135100
2020-02-20,212.9091796875,214.5800018310547,218.77000427246094,212.9499969482422,216.52000427246094,13109200
2020-02-21,208.54345703125,210.17999267578125,214.24000549316406,208.8300018310547,213.47999572753906,14092300
2020-02-24,199.15711975097656,200.72000122070312,203.64999389648438,198.1699981689453,201.8000030517578,23080100
2020-02-25,195.2378692626953,196.77000427246094,203.5,195.9499969482422,202.25,21433500
2020-02-26,195.66452026367188,197.1999969482422,201.2100067138672,195.49000549316406,197.19000244140625,16524500
2020-02-27,188.2725372314453,189.75,195.8800048828125,189.5,191.82000732421875,21682600
2020-02-28,190.9713592529297,192.47000122070312,192.74000549316406,181.82000732421875,182.6999969482422,32568900
2020-03-02,194.9104766845703,196.44000244140625,196.57000732421875,188.85000610351562,194.02999877929688,24949000
2020-03-03,184.4425811767578,185.88999938964844,197.24000549316406,183.97000122070312,196.22000122070312,27984100
2020-03-04,190.2668914794922,191.75999450683594,191.8300018310547,186.38999938964844,189.1699981689453,23062500
2020-03-05,183.72821044921875,185.1699981689453,188.99000549316406,183.88999938964844,186.77999877929688,19333400
2020-03-06,179.67996215820312,181.08999633789062,183.77999877929688,176.25999450683594,178.3300018310547,24559600
2020-03-09,168.1802215576172,169.5,175.0,165.19000244140625,169.60000610351562,29949000
2020-03-10,176.80255126953125,178.19000244140625,178.2899932861328,169.5,174.6699981689453,24517800
2020-03-11,168.91445922851562,170.24000549316406,175.8800048828125,167.66000366210938,174.00999450683594,20373900
2020-03-12,153.2672576904297,154.47000122070312,166.60000610351562,154.33999633789062,159.5399932861328,43266300
2020-03-13,168.95411682128906,170.27999877929688,170.7899932861328,157.60000610351562,163.52999877929688,35028600
2020-03-16,144.8730926513672,146.00999450683594,159.1300048828125,143.10000610351562,152.32000732421875,39120400
2020-03-17,148.25656127929688,149.4199981689453,153.94000244140625,140.0,150.74000549316406,34255600
2020-03-18,145.81573486328125,146.9600067138672,148.17999267578125,137.10000610351562,139.75,37553100
2020-03-19,151.93768310546875,153.1300048828125,159.92999267578125,144.8000030517578,146.6199951171875,39862300
2020-03-20,148.56414794921875,149.72999572753906,159.27000427246094,148.0,156.02000427246094,32568400
2020-03-23,146.9468536376953,148.10000610351562,152.30999755859375,142.25,149.66000366210938,29830800
2020-03-24,159.72653198242188,160.97999572753906,161.30999755859375,152.57000732421875,155.2100067138672,30440400
2020-03-25,154.9936981201172,156.2100067138672,162.99000549316406,153.05999755859375,158.9199981689453,35184300
2020-03-26,162.06817626953125,163.33999633789062,164.0,157.02000427246094,158.25,26556800
2020-03-27,155.56915283203125,156.7899932861328,160.08999633789062,154.75,158.1999969482422,24879900
2020-03-30,164.65785217285156,165.9499969482422,166.75,158.05999755859375,159.17999267578125,22515200
2020-03-31,165.50125122070312,166.8000030517578,170.92999267578125,164.1999969482422,165.47999572753906,23676300
2020-04-01,158.35731506347656,159.60000610351562,164.14999389648438,158.0399932861328,161.6199951171875,19507600
2020-04-02,156.95831298828125,158.19000244140625,161.35000610351562,155.9199981689453,159.10000610351562,20886300
2020-04-03,152.97950744628906,154.17999267578125,157.91000366210938,150.8300018310547,157.14999389648438,25983300
2020-04-06,164.26095581054688,165.5500030517578,166.1999969482422,158.50999450683594,160.14999389648438,28453600
2020-04-07,167.5154266357422,168.8300018310547,173.38999938964844,166.00999450683594,171.7899932861328,31411900
2020-04-08,172.92298889160156,174.27999877929688,175.0,167.74000549316406,171.25,21664200
2020-04-09,173.82589721679688,175.19000244140625,177.0800018310547,171.57000732421875,175.89999389648438,23534300
2020-04-13,173.42901611328125,174.7899932861328,175.0,169.4499969482422,173.6699981689453,19355400
2020-04-14,176.78268432617188,178.1699981689453,181.22999572753906,176.6199951171875,178.97999572753906,21011800
2020-04-15,175.59202575683594,176.97000122070312,178.19000244140625,172.82000732421875,175.19000244140625,17423000
2020-04-16,174.8776397705078,176.25,178.0500030517578,172.50999450683594,177.9499969482422,23593200
2020-04-17,177.84439086914062,179.24000549316406,180.27999877929688,176.66000366210938,179.1999969482422,20974800
2020-04-20,176.8521728515625,178.24000549316406,180.5,176.77000427246094,177.41000366210938,16110700
2020-04-21,169.4700927734375,170.8000030517578,175.3800048828125,168.33999633789062,175.25,24850500
2020-04-22,180.8607177734375,182.27999877929688,184.77999877929688,178.13999938964844,178.4499969482422,33242000
2020-04-23,183.68849182128906,185.1300048828125,187.0500030517578,183.14999389648438,184.0800018310547,21426600
2020-04-24,188.5900115966797,190.07000732421875,190.41000366210938,180.8300018310547,183.22999572753906,28792000
2020-04-27,186.04006958007812,187.5,193.75,187.41000366210938,192.66000366210938,29197800
2020-04-28,181.4857940673828,182.91000366210938,189.1999969482422,182.55999755859375,188.66000366210938,21731000
2020-04-29,192.67796325683594,194.19000244140625,196.91000366210938,190.0,190.92999267578125,45954500
2020-04-30,203.1160430908203,204.7100067138672,209.69000244140625,201.57000732421875,206.9199981689453,46230100
2020-05-01,200.69505310058594,202.27000427246094,207.27999877929688,199.0500030517578,201.60000610351562,30415600
2020-05-04,203.66175842285156,205.25999450683594,205.91000366210938,198.75999450683594,200.1999969482422,19250700
2020-05-05,205.45767211914062,207.07000732421875,210.3800048828125,206.5,207.02000427246094,21071200
2020-05-06,206.84678649902344,208.47000122070312,211.60000610351562,206.66000366210938,208.1199951171875,21857000
2020-05-07,209.6150360107422,211.25999450683594,211.60000610351562,209.0399932861328,211.16000366210938,15152000
2020-05-08,210.6965789794922,212.35000610351562,213.2100067138672,210.85000610351562,212.24000549316406,12506000
2020-05-11,211.5200958251953,213.17999267578125,215.0,210.3699951171875,210.88999938964844,12911900
2020-05-12,208.46408081054688,210.10000610351562,215.27999877929688,210.0,213.2899932861328,14704600
2020-05-13,203.50302124023438,205.10000610351562,210.77999877929688,202.11000061035156,209.42999267578125,20684600
2020-05-14,205.19970703125,206.80999755859375,206.92999267578125,200.69000244140625,202.55999755859375,17178900
2020-05-15,209.23802185058594,210.8800048828125,211.33999633789062,204.1199951171875,205.27000427246094,19383200
2020-05-18,211.53001403808594,213.19000244140625,214.63999938964844,210.94000244140625,212.14999389648438,20151900
2020-05-19,215.1912841796875,216.8800048828125,220.49000549316406,212.8300018310547,213.27000427246094,31843200
2020-05-20,228.17938232421875,229.97000122070312,231.33999633789062,223.19000244140625,223.5,50162900
2020-05-21,229.58831787109375,231.38999938964844,237.1999969482422,231.1999969482422,234.72000122070312,47782600
2020-05-22,233.08090209960938,234.91000366210938,235.99000549316406,228.74000549316406,231.50999450683594,33925600
2020-05-26,230.39199829101562,232.1999969482422,240.89999389648438,231.6699981689453,239.77000427246094,33178300
2020-05-27,227.3558349609375,229.13999938964844,230.55999755859375,221.1300048828125,229.07000732421875,34697600
2020-05-28,223.70448303222656,225.4600067138672,231.6300048828125,224.0,224.3000030517578,29377200
2020-05-29,223.33734130859375,225.08999633789062,227.49000549316406,222.8800048828125,225.1999969482422,23241500
2020-06-01,230.10427856445312,231.91000366210938,232.44000244140625,223.5,224.58999633789062,18223800
2020-06-02,230.907958984375,232.72000122070312,233.0,226.55999755859375,230.94000244140625,20919000
2020-06-03,228.36790466308594,230.16000366210938,232.64999389648438,228.52999877929688,232.11000061035156,15380300
2020-06-04,224.52801513671875,226.2899932861328,231.6300048828125,224.61000061035156,229.55999755859375,17041500
2020-06-05,228.97312927246094,230.77000427246094,231.35000610351562,225.30999755859375,226.7100067138672,16750400
2020-06-08,229.59820556640625,231.39999389648438,231.5500030517578,227.41000366210938,229.02999877929688,15466500
2020-06-09,236.81161499023438,238.6699981689453,239.77000427246094,230.41000366210938,231.52000427246094,27462900
2020-06-10,234.88673400878906,236.72999572753906,241.2100067138672,235.27999877929688,240.9600067138672,20720700
2020-06-11,222.68247985839844,224.42999267578125,232.88999938964844,223.5500030517578,229.94000244140625,26708200
2020-06-12,226.80018615722656,228.5800018310547,231.66000366210938,224.5,229.89999389648438,22091400
2020-06-15,230.68966674804688,232.5,233.77000427246094,224.8000030517578,225.08999633789062,15340300
2020-06-16,233.8151397705078,235.64999389648438,238.4600067138672,233.0,237.13999938964844,15236700
2020-06-17,233.69607543945312,235.52999877929688,237.58999633789062,231.72999572753906,235.0,19578100
2020-06-18,234.10289001464844,235.94000244140625,236.13999938964844,232.14999389648438,234.99000549316406,15782500
2020-06-19,236.93069458007812,238.7899932861328,240.8300018310547,235.5500030517578,237.7899932861328,30081300
2020-06-22,237.35736083984375,239.22000122070312,240.6999969482422,236.91000366210938,238.55999755859375,18917800
2020-06-23,240.35382080078125,242.24000549316406,245.19000244140625,239.86000061035156,241.27999877929688,24017900
2020-06-24,232.1978302001953,234.02000427246094,243.22000122070312,232.67999267578125,241.1999969482422,20834900
2020-06-25,233.8448944091797,235.67999267578125,237.3000030517578,232.74000549316406,234.6199951171875,18704300
2020-06-26,214.3975372314453,216.0800018310547,233.08999633789062,215.39999389648438,232.63999938964844,76343900
2020-06-29,218.92202758789062,220.63999938964844,220.75,207.11000061035156,209.75,58514300
2020-06-30,225.3019561767578,227.07000732421875,227.5,218.47000122070312,220.58999633789062,33927100
2020-07-01,235.70037841796875,237.5500030517578,239.0,227.55999755859375,228.5,43399700
2020-07-02,231.60250854492188,233.4199981689453,240.0,232.61000061035156,239.0,30633600
2020-07-06,238.40908813476562,240.27999877929688,240.39999389648438,232.27000427246094,233.75999450683594,26206200
2020-07-07,238.98455810546875,240.86000061035156,247.64999389648438,238.82000732421875,239.41000366210938,27887800
2020-07-08,241.6833953857422,243.5800018310547,246.99000549316406,236.58999633789062,238.11000061035156,29791300
2020-07-09,242.59622192382812,244.5,246.52999877929688,239.24000549316406,245.0,22174900
2020-07-10,243.1618194580078,245.07000732421875,245.49000549316406,239.32000732421875,243.69000244140625,22982700
2020-07-13,237.13905334472656,239.0,250.14999389648438,238.4199981689453,247.00999450683594,24674900
2020-07-14,237.86337280273438,239.72999572753906,240.3300018310547,232.02999877929688,236.75999450683594,23378100
2020-07-15,238.40908813476562,240.27999877929688,244.82000732421875,238.0500030517578,241.5500030517578,19133600
2020-07-16,239.0540008544922,240.92999267578125,241.75999450683594,236.3300018310547,238.0,18880700
2020-07-17,240.14547729492188,242.02999877929688,244.16000366210938,237.86000061035156,241.0,18152400
2020-07-20,243.5090789794922,245.4199981689453,246.0500030517578,235.63999938964844,240.05999755859375,20872200
2020-07-21,239.86764526367188,241.75,246.91000366210938,240.0800018310547,246.22000122070312,19364200
2020-07-22,238.00228881835938,239.8699951171875,241.89999389648438,238.1199951171875,240.25999450683594,15427900
2020-07-23,230.78890991210938,232.60000610351562,242.4199981689453,231.75,239.6300048828125,21771800
2020-07-24,228.91360473632812,230.7100067138672,233.49000549316406,226.89999389648438,230.19000244140625,18325800
2020-07-27,231.681884765625,233.5,234.9499969482422,230.8300018310547,231.4600067138672,13163100
2020-07-28,228.32818603515625,230.1199951171875,234.9600067138672,229.8300018310547,234.6300048828125,14170100
2020-07-29,231.47352600097656,233.2899932861328,233.6999969482422,230.30999755859375,231.13999938964844,13588300
2020-07-30,232.67408752441406,234.5,234.88999938964844,229.0,230.22000122070312,20615300
2020-07-31,251.69482421875,253.6699981689453,255.85000610351562,249.0,255.82000732421875,53005100
2020-08-03,249.9981231689453,251.9600067138672,255.39999389648438,250.3300018310547,252.64999389648438,23124900
2020-08-04,247.88470458984375,249.8300018310547,252.8000030517578,247.42999267578125,251.55999755859375,17183500
2020-08-05,247.18023681640625,249.1199951171875,252.27000427246094,247.77000427246094,250.19000244140625,13050100
2020-08-06,263.21441650390625,265.2799987792969,266.6000061035156,248.6699981689453,249.0399932861328,45241600
2020-08-07,266.3498840332031,268.44000244140625,278.8900146484375,263.42999267578125,264.0799865722656,72766400
2020-08-10,260.9521484375,263.0,273.8599853515625,259.69000244140625,268.0400085449219,30248800
2020-08-11,254.1356658935547,256.1300048828125,265.9200134277344,255.1300048828125,260.19000244140625,28238300
2020-08-12,257.8664245605469,259.8900146484375,263.8999938964844,258.1099853515625,258.9700012207031,21415700
2020-08-13,259.265380859375,261.29998779296875,265.1600036621094,259.57000732421875,261.54998779296875,17374000
2020-08-14,259.20587158203125,261.239990234375,262.6499938964844,258.67999267578125,262.30999755859375,14792700
2020-08-17,259.1265563964844,261.1600036621094,264.1000061035156,259.3999938964844,262.5,13351100
2020-08-18,260.2973327636719,262.3399963378906,265.1499938964844,259.260009765625,260.95001220703125,18690400
2020-08-19,260.5453796386719,262.5899963378906,267.9100036621094,261.3500061035156,261.3900146484375,23291500
2020-08-20,266.9153747558594,269.010009765625,269.6300048828125,261.4599914550781,261.5,20299700
2020-08-21,264.9309387207031,267.010009765625,270.489990234375,266.4200134277344,268.69000244140625,15538600
2020-08-24,269.27685546875,271.3900146484375,277.25,268.7699890136719,271.07000732421875,23685600
2020-08-25,278.6334228515625,280.82000732421875,283.0899963378906,270.260009765625,272.4100036621094,42127200
2020-08-26,301.5436096191406,303.9100036621094,304.6700134277344,284.0,284.0,69015200
2020-08-27,290.9368896484375,293.2200012207031,301.2300109863281,292.0199890136719,300.1600036621094,30301300
2020-08-28,291.37347412109375,293.6600036621094,297.2300109863281,290.9800109863281,295.0,17157400
2020-08-31,290.9170227050781,293.20001220703125,296.8800048828125,291.54998779296875,293.95001220703125,17345100
2020-09-01,293.1396179199219,295.44000244140625,301.489990234375,292.7099914550781,294.7099914550781,17295900
2020-09-02,300.14459228515625,302.5,303.6000061035156,293.04998779296875,298.8800048828125,24341400
2020-09-03,288.85321044921875,291.1199951171875,297.6000061035156,283.6300048828125,295.989990234375,32294100
2020-09-04,280.528564453125,282.7300109863281,289.0,271.1400146484375,287.25,30333700
2020-09-08,269.0486755371094,271.1600036621094,279.29998779296875,269.4200134277344,271.2799987792969,24864000
2020-09-09,271.5887145996094,273.7200012207031,278.4800109863281,271.3500061035156,275.7699890136719,22918800
2020-09-10,266.0025634765625,268.0899963378906,279.1600036621094,267.0299987792969,275.510009765625,24814700
2020-09-11,264.53411865234375,266.6099853515625,271.3900146484375,262.6400146484375,270.05999755859375,18913900
2020-09-14,264.07763671875,266.1499938964844,276.6400146484375,265.70001220703125,270.95001220703125,24093800
2020-09-15,270.298828125,272.4200134277344,274.5199890136719,269.29998779296875,270.6700134277344,18478500
2020-09-16,261.4681396484375,263.5199890136719,272.44000244140625,261.7900085449219,267.2900085449219,29183400
2020-09-17,252.83587646484375,254.82000732421875,261.5,250.19000244140625,258.2799987792969,31281400
2020-09-18,250.56365966796875,252.52999877929688,259.20001220703125,250.0500030517578,258.3999938964844,28130800
2020-09-21,246.21780395507812,248.14999389648438,249.9499969482422,244.1300048828125,247.5399932861328,24709400
2020-09-22,252.7664337158203,254.75,255.32000732421875,248.22000122070312,253.30999755859375,30293100
2020-09-23,247.08103942871094,249.02000427246094,257.989990234375,248.14999389648438,255.25999450683594,19641300
2020-09-24,247.58706665039062,249.52999877929688,252.24000549316406,245.6199951171875,246.5,20006800
2020-09-25,252.83587646484375,254.82000732421875,255.75,246.61000061035156,249.39999389648438,18351300
2020-09-28,254.82029724121094,256.82000732421875,259.6000061035156,254.82000732421875,259.3999938964844,18826300
2020-09-29,259.7515869140625,261.7900085449219,263.3299865722656,256.8999938964844,257.80999755859375,20200200
2020-09-30,259.8607482910156,261.8999938964844,266.0799865722656,260.1000061035156,261.9800109863281,20142500
2020-10-01,264.55389404296875,266.6300048828125,268.3299865722656,264.79998779296875,265.3500061035156,20009800
2020-10-02,257.9160461425781,259.94000244140625,265.1499938964844,259.17999267578125,261.2099914550781,16367600
2020-10-05,262.5893249511719,264.6499938964844,264.8699951171875,260.8399963378906,262.20001220703125,12822300
2020-10-06,256.6459655761719,258.6600036621094,265.69000244140625,258.239990234375,261.7799987792969,18696900
2020-10-07,256.1101379394531,258.1199951171875,260.17999267578125,254.82000732421875,259.2099914550781,23133400
2020-10-08,261.70623779296875,263.760009765625,264.6199951171875,259.1499938964844,259.75,16312800
2020-10-09,262.3908996582031,264.45001220703125,264.75,262.1700134277344,264.5199890136719,14107800
2020-10-12,273.6029357910156,275.75,280.17999267578125,267.8699951171875,270.20001220703125,31019300
2020-10-13,273.9898681640625,276.1400146484375,279.1000061035156,273.3900146484375,277.5799865722656,18063300
2020-10-14,269.7035217285156,271.82000732421875,278.75,271.5,277.6199951171875,15577800
2020-10-15,264.6432189941406,266.7200012207031,269.0400085449219,263.6700134277344,267.6000061035156,15416100
2020-10-16,263.859375,265.92999267578125,271.3699951171875,265.29998779296875,267.3800048828125,16622700
2020-10-19,259.3646545410156,261.3999938964844,268.54998779296875,259.8800048828125,265.5299987792969,13587000
2020-10-20,265.4766845703125,267.55999755859375,269.70001220703125,262.8800048828125,263.05999755859375,18763200
2020-10-21,276.55975341796875,278.7300109863281,283.04998779296875,276.3699951171875,279.55999755859375,28998600
2020-10-22,275.9544677734375,278.1199951171875,282.45001220703125,275.0400085449219,279.8699951171875,16720000
2020-10-23,282.57257080078125,284.7900085449219,285.239990234375,276.82000732421875,278.79998779296875,17535200
2020-10-26,274.9523010253906,277.1099853515625,285.2300109863281,274.260009765625,283.1600036621094,21322900
2020-10-27,281.0841979980469,283.2900085449219,284.510009765625,276.30999755859375,278.760009765625,16287200
2020-10-28,265.5858459472656,267.6700134277344,278.7900085449219,267.260009765625,278.7900085449219,23121800
2020-10-29,278.643310546875,280.8299865722656,283.6000061035156,273.7799987792969,276.54998779296875,32368100
2020-10-30,261.0613098144531,263.1099853515625,276.70001220703125,259.1000061035156,274.5,47247800
2020-11-02,259.324951171875,261.3599853515625,270.4700012207031,257.3399963378906,264.6000061035156,27165700
2020-11-03,263.2342834472656,265.29998779296875,270.04998779296875,260.8800048828125,263.1600036621094,17961900
2020-11-04,285.142333984375,287.3800048828125,288.94000244140625,278.6199951171875,281.0,35364400
2020-11-05,292.3855285644531,294.67999267578125,297.3800048828125,288.95001220703125,291.8999938964844,23823600
2020-11-06,291.1253662109375,293.4100036621094,294.6000061035156,288.05999755859375,293.95001220703125,13891000
2020-11-09,276.599365234375,278.7699890136719,292.5799865722656,278.5299987792969,289.8699951171875,25117700
2020-11-10,270.3087463378906,272.42999267578125,274.0,264.0,273.1000061035156,29067700
2020-11-11,274.3271789550781,276.4800109863281,278.3999938964844,272.4800109863281,273.4700012207031,14957000
2020-11-12,272.9381103515625,275.0799865722656,279.75,274.42999267578125,277.17999267578125,12899500
2020-11-13,274.7935485839844,276.95001220703125,277.760009765625,273.1000061035156,277.7200012207031,10391200
2020-11-16,276.7879333496094,278.9599914550781,279.4100036621094,274.6300048828125,275.04998779296875,12970400
2020-11-17,272.85870361328125,275.0,277.67999267578125,273.2900085449219,277.67999267578125,15040300
2020-11-18,269.85235595703125,271.9700012207031,277.3900146484375,271.8399963378906,274.5199890136719,12152900
2020-11-19,270.81475830078125,272.94000244140625,273.4700012207031,269.19000244140625,271.0199890136719,12963700
2020-11-20,267.5999755859375,269.70001220703125,273.0,269.4100036621094,272.55999755859375,18114700
2020-11-23,266.33990478515625,268.42999267578125,270.95001220703125,264.5299987792969,270.8900146484375,20990800
2020-11-24,274.7637939453125,276.9200134277344,277.82000732421875,267.8699951171875,268.489990234375,16930400
2020-11-25,273.44415283203125,275.5899963378906,280.17999267578125,272.6499938964844,278.1400146484375,12467000
2020-11-27,275.6468505859375,277.80999755859375,279.1300048828125,274.82000732421875,277.3900146484375,7808400
2020-11-30,274.8134460449219,276.9700012207031,277.70001220703125,271.010009765625,276.0299987792969,16693300
2020-12-01,284.3188171386719,286.54998779296875,289.29998779296875,278.9599914550781,279.1600036621094,20738900
2020-12-02,285.28125,287.5199890136719,291.7799987792969,280.8299865722656,285.3599853515625,17361600
2020-12-03,279.6553955078125,281.8500061035156,286.6499938964844,281.07000732421875,286.25,12921700
2020-12-04,277.5221252441406,279.70001220703125,283.4599914550781,279.29998779296875,280.29998779296875,10880300
2020-12-07,283.35638427734375,285.5799865722656,288.489990234375,278.20001220703125,279.19000244140625,13007700
2020-12-08,281.1933288574219,283.3999938964844,286.42999267578125,281.54998779296875,286.010009765625,10747700
2020-12-09,275.75604248046875,277.9200134277344,287.6300048828125,271.75,283.6600036621094,25189700
2020-12-10,274.9622497558594,277.1199951171875,278.7300109863281,271.8599853515625,275.5400085449219,20065100
2020-12-11,271.41998291015625,273.54998779296875,276.4800109863281,270.25,274.5299987792969,14391400
2020-12-14,272.0550842285156,274.19000244140625,277.2200012207031,271.55999755859375,273.3699951171875,16376900
2020-12-15,273.4044189453125,275.54998779296875,276.0799865722656,267.4700012207031,274.8299865722656,23979500
2020-12-16,273.5235595703125,275.6700134277344,277.8599853515625,272.510009765625,274.760009765625,15885000
2020-12-17,272.3428039550781,274.4800109863281,280.44000244140625,273.6099853515625,277.07000732421875,16377800
2020-12-18,274.24786376953125,276.3999938964844,278.0,271.1400146484375,275.7699890136719,26693200
2020-12-21,270.66595458984375,272.7900085449219,274.6700134277344,267.7900085449219,272.9800109863281,16553700
2020-12-22,265.0103454589844,267.0899963378906,271.5,264.6300048828125,271.5,17312900
2020-12-23,266.0223388671875,268.1099853515625,272.1700134277344,266.2300109863281,266.8900146484375,14329000
2020-12-24,265.31793212890625,267.3999938964844,270.3999938964844,266.20001220703125,268.8800048828125,6702000
2020-12-28,274.84320068359375,277.0,277.29998779296875,265.6600036621094,268.739990234375,23299700
2020-12-29,274.6249694824219,276.7799987792969,280.510009765625,276.2799987792969,276.95001220703125,16383000
2020-12-30,269.7530822753906,271.8699951171875,278.0799865722656,271.7099914550781,277.95001220703125,11803800
2020-12-31,271.0331115722656,273.1600036621094,277.0899963378906,269.80999755859375,272.0,12900400
2021-01-04,266.8459167480469,268.94000244140625,275.0,265.20001220703125,274.7799987792969,15106100
2021-01-05,268.860107421875,270.9700012207031,272.3999938964844,268.2099914550781,268.2900085449219,9871600
2021-01-06,261.2597961425781,263.30999755859375,267.75,260.010009765625,262.0,24354100
2021-01-07,266.6474304199219,268.739990234375,271.6099853515625,264.7799987792969,265.8999938964844,15789800
2021-01-08,265.48663330078125,267.57000732421875,268.95001220703125,263.17999267578125,268.30999755859375,18528300
2021-01-11,254.8401336669922,256.8399963378906,263.4700012207031,255.89999389648438,260.4800109863281,30412300
2021-01-12,249.13490295410156,251.08999633789062,259.7200012207031,250.3000030517578,256.6300048828125,26383500
2021-01-13,249.68063354492188,251.63999938964844,253.9499969482422,249.1999969482422,251.5500030517578,19528900
2021-01-14,243.72735595703125,245.63999938964844,255.02999877929688,244.61000061035156,253.39999389648438,29739400
2021-01-15,249.40280151367188,251.36000061035156,253.86000061035156,247.16000366210938,247.89999389648438,24942900
2021-01-19,259.06695556640625,261.1000061035156,262.20001220703125,252.72000122070312,256.8999938964844,28028500
2021-01-20,265.3973388671875,267.4800109863281,270.32000732421875,263.6000061035156,268.92999267578125,25199900
2021-01-21,270.74530029296875,272.8699951171875,273.6000061035156,267.489990234375,269.260009765625,20838700
2021-01-22,272.3626403808594,274.5,278.4700012207031,272.0,272.010009765625,21954000
2021-01-25,275.8453674316406,278.010009765625,280.1000061035156,271.510009765625,278.1400146484375,19087000
2021-01-26,279.85382080078125,282.04998779296875,285.3900146484375,277.80999755859375,278.1400146484375,19373600
2021-01-27,270.02099609375,272.1400146484375,283.45001220703125,268.1199951171875,282.5299987792969,35346200
2021-01-28,262.93658447265625,265.0,286.7900085449219,264.70001220703125,277.17999267578125,37758800
2021-01-29,256.3185119628906,258.3299865722656,266.55999755859375,254.85000610351562,265.29998779296875,30389500
2021-02-01,259.96990966796875,262.010009765625,264.1700134277344,254.91000366210938,259.5199890136719,22914300
2021-02-02,265.0003967285156,267.0799865722656,268.8500061035156,263.2699890136719,264.0,17320800
2021-02-03,264.5737609863281,266.6499938964844,269.20001220703125,263.8399963378906,265.6199951171875,14223400
2021-02-04,264.4150085449219,266.489990234375,268.1600036621094,264.0,267.010009765625,16060000
2021-02-05,266.012451171875,268.1000061035156,269.1700134277344,265.6700134277344,266.79998779296875,12454400
2021-02-08,264.5042724609375,266.5799865722656,269.8599853515625,265.0,268.75,13755200
2021-02-09,267.35198974609375,269.45001220703125,273.3900146484375,265.75,266.44000244140625,14613400
2021-02-10,269.7530822753906,271.8699951171875,273.79998779296875,267.7200012207031,272.45001220703125,14687200
2021-02-11,268.28466796875,270.3900146484375,273.5799865722656,268.489990234375,271.8900146484375,12828600
2021-02-12,268.393798828125,270.5,271.17999267578125,268.3399963378906,270.5199890136719,9097600
2021-02-16,271.83673095703125,273.9700012207031,276.6000061035156,270.04998779296875,270.79998779296875,15417200
2021-02-17,271.43994140625,273.57000732421875,273.9700012207031,269.5799865722656,271.239990234375,12763200
2021-02-18,267.2924499511719,269.3900146484375,271.95001220703125,266.0299987792969,269.57000732421875,15249100
2021-02-19,259.52337646484375,261.55999755859375,270.2699890136719,260.1499938964844,269.8599853515625,25622600
2021-02-22,258.302978515625,260.3299865722656,263.07000732421875,257.5299987792969,257.95001220703125,17434900
2021-02-23,263.7898864746094,265.8599853515625,267.4599914550781,254.9600067138672,259.5,21924600
2021-02-24,262.2519836425781,264.30999755859375,266.3800048828125,258.3900146484375,262.3299865722656,15736100
2021-02-25,252.70689392089844,254.69000244140625,266.94000244140625,254.0399932861328,262.29998779296875,19053100
2021-02-26,255.61402893066406,257.6199951171875,265.54998779296875,256.4700012207031,256.4700012207031,26619500
2021-03-01,262.8473205566406,264.9100036621094,266.6499938964844,257.8999938964844,260.82000732421875,22157300
2021-03-02,256.9833068847656,259.0,266.7099914550781,258.6499938964844,265.7799987792969,15191700
2021-03-03,253.42127990722656,255.41000366210938,260.989990234375,255.10000610351562,260.2900085449219,15513500
2021-03-04,255.6339874267578,257.6400146484375,266.489990234375,253.5,256.4700012207031,31626500
2021-03-05,262.22222900390625,264.2799987792969,265.45001220703125,255.61000061035156,260.6700134277344,26820100
2021-03-08,253.32203674316406,255.30999755859375,265.5799865722656,255.0500030517578,265.54998779296875,18391800
2021-03-09,263.67083740234375,265.739990234375,268.5299987792969,259.80999755859375,261.17999267578125,22039700
2021-03-10,262.8373718261719,264.8999938964844,268.9700012207031,262.8699951171875,268.6400146484375,14210300
2021-03-11,271.7475280761719,273.8800048828125,277.8999938964844,267.82000732421875,268.1099853515625,21834000
2021-03-12,266.3101501464844,268.3999938964844,269.739990234375,264.0199890136719,269.1400146484375,20600200
2021-03-15,271.6184997558594,273.75,275.9599914550781,268.5,269.0799865722656,16844800
2021-03-16,277.1054382324219,279.2799987792969,282.1400146484375,274.79998779296875,276.0799865722656,22437700
2021-03-17,281.798583984375,284.010009765625,286.2300109863281,275.4100036621094,275.7099914550781,21315000
2021-03-18,276.4505615234375,278.6199951171875,285.19000244140625,278.2799987792969,279.8699951171875,18728300
2021-03-19,287.85107421875,290.1099853515625,292.79998779296875,281.20001220703125,281.2200012207031,38930500
2021-03-22,291.25445556640625,293.5400085449219,299.7099914550781,286.75,290.45001220703125,28273100
2021-03-23,288.3670654296875,290.6300048828125,298.0,289.80999755859375,293.1499938964844,23000900
2021-03-24,279.9431457519531,282.1400146484375,291.7200012207031,281.1600036621094,291.0,18675000
2021-03-25,276.569580078125,278.739990234375,288.05999755859375,277.75,280.9800109863281,24505600
2021-03-26,280.8163146972656,283.0199890136719,284.5,277.7699890136719,278.29998779296875,17629200
2021-03-29,288.5555725097656,290.82000732421875,293.17999267578125,284.70001220703125,285.7699890136719,21718800
2021-03-30,285.7575378417969,288.0,292.4700012207031,286.70001220703125,289.8299865722656,17474500
2021-03-31,292.2367248535156,294.5299987792969,296.5,288.6099853515625,289.989990234375,19498200
2021-04-01,296.33453369140625,298.6600036621094,302.3999938964844,296.6000061035156,298.3999938964844,17616000
2021-04-05,306.5047607421875,308.9100036621094,310.7699890136719,300.67999267578125,300.8900146484375,28237000
2021-04-06,303.8753662109375,306.260009765625,311.3500061035156,305.25,308.8399963378906,17335200
2021-04-07,310.652099609375,313.0899963378906,314.25,305.5,306.3399963378906,22855200
2021-04-08,310.58270263671875,313.0199890136719,315.8800048828125,310.04998779296875,314.8500061035156,20894100
2021-04-09,310.0270690917969,312.4599914550781,314.739990234375,310.3299865722656,311.3999938964844,15988600
2021-04-12,309.1142578125,311.5400085449219,312.1499938964844,307.92999267578125,311.04998779296875,10881900
2021-04-13,307.34808349609375,309.760009765625,314.42999267578125,309.32000732421875,312.2099914550781,14036900
2021-04-14,300.4621276855469,302.82000732421875,308.0299987792969,301.95001220703125,307.29998779296875,17421400
2021-04-15,305.4232177734375,307.82000732421875,310.1400146484375,304.1000061035156,306.3399963378906,14558300
2021-04-16,303.7959899902344,306.17999267578125,308.95001220703125,304.6099853515625,308.1700134277344,13059200
2021-04-19,299.8866882324219,302.239990234375,307.70001220703125,300.55999755859375,305.010009765625,14553500
2021-04-20,300.29345703125,302.6499938964844,305.1000061035156,297.2099914550781,301.989990234375,16796400
2021-04-21,299.12261962890625,301.4700012207031,301.9800109863281,297.3900146484375,301.95001220703125,14863500
2021-04-22,294.2111511230469,296.5199890136719,302.9200134277344,296.0400085449219,301.3299865722656,16375400
2021-04-23,298.7853088378906,301.1300048828125,302.5899963378906,297.1499938964844,298.760009765625,17536800
2021-04-26,300.6804504394531,303.0400085449219,305.79998779296875,301.55999755859375,303.3399963378906,16172600
2021-04-27,301.206298828125,303.57000732421875,305.3399963378906,301.1099853515625,304.2799987792969,15309300
2021-04-28,304.70880126953125,307.1000061035156,310.9200134277344,305.3699951171875,307.3599853515625,33907200
2021-04-29,326.94427490234375,329.510009765625,331.80999755859375,321.6099853515625,330.1199951171875,56526800
2021-04-30,322.5487976074219,325.0799865722656,329.82000732421875,324.5,326.1400146484375,26332400
2021-05-03,320.0682678222656,322.5799865722656,328.54998779296875,321.8399963378906,326.1700134277344,18719500
2021-05-04,315.8811340332031,318.3599853515625,322.19000244140625,313.1199951171875,320.0199890136719,24032600
2021-05-05,312.567138671875,315.0199890136719,321.05999755859375,314.489990234375,318.19000244140625,15577600
2021-05-06,317.5281677246094,320.0199890136719,320.239990234375,313.2699890136719,314.5199890136719,19012200
2021-05-07,316.5954895019531,319.0799865722656,322.94000244140625,318.75,322.3800048828125,15916700
2021-05-10,303.5876159667969,305.9700012207031,314.5799865722656,304.8299865722656,314.3500061035156,24239200
2021-05-11,304.1432800292969,306.5299987792969,306.8399963378906,299.69000244140625,300.75,18920100
2021-05-12,300.1942138671875,302.54998779296875,304.9599914550781,298.19000244140625,301.1300048828125,24645500
2021-05-13,302.8831481933594,305.260009765625,308.8599853515625,302.7699890136719,306.0799865722656,18079200
2021-05-14,313.4799499511719,315.94000244140625,316.8500061035156,309.0799865722656,309.5400085449219,19245700
2021-05-17,313.00372314453125,315.4599914550781,315.67999267578125,311.5799865722656,313.54998779296875,15401300
2021-05-18,307.5464782714844,309.9599914550781,316.5,309.80999755859375,315.5899963378906,14522400
2021-05-19,311.14825439453125,313.5899963378906,314.6600036621094,303.57000732421875,304.19000244140625,19106200
2021-05-20,316.129150390625,318.6099853515625,319.25,313.1600036621094,313.5799865722656,17320200
2021-05-21,313.7677307128906,316.2300109863281,319.92999267578125,315.80999755859375,319.2900085449219,13600900
2021-05-24,322.1022644042969,324.6300048828125,325.95001220703125,318.0299987792969,318.2099914550781,16445400
2021-05-25,325.2376403808594,327.7900085449219,329.17999267578125,324.79998779296875,327.0799865722656,16437000
2021-05-26,325.1087341308594,327.6600036621094,329.8299865722656,325.82000732421875,328.3500061035156,9686900
2021-05-27,330.1590576171875,332.75,333.7799987792969,326.760009765625,328.0,20477700
2021-05-28,326.17041015625,328.7300109863281,332.8699951171875,328.3299865722656,331.0,12037400
2021-06-01,326.5672912597656,329.1300048828125,331.4200134277344,326.6400146484375,330.1499938964844,11765900
2021-06-02,326.5870666503906,329.1499938964844,331.8699951171875,327.1199951171875,330.3800048828125,11654300
2021-06-03,323.5013122558594,326.0400085449219,327.3800048828125,323.4800109863281,325.7799987792969,12610800
2021-06-04,327.77777099609375,330.3500061035156,332.4599914550781,325.17999267578125,325.8999938964844,13289400
2021-06-07,333.9592590332031,336.5799865722656,337.69000244140625,328.92999267578125,329.4800109863281,20136700
2021-06-08,331.0818176269531,333.67999267578125,338.29998779296875,332.239990234375,336.70001220703125,14580500
2021-06-09,327.6785583496094,330.25,336.79998779296875,330.0,335.739990234375,13727900
2021-06-10,329.871337890625,332.4599914550781,333.94000244140625,328.54998779296875,330.7900085449219,13240200
2021-06-11,328.6807556152344,331.260009765625,332.8299865722656,328.92999267578125,332.5799865722656,13587900
2021-06-14,334.1477966308594,336.7699890136719,336.82000732421875,329.80999755859375,331.8999938964844,12250800
2021-06-15,334.1278991699219,336.75,339.9200134277344,335.0299987792969,336.989990234375,15795200
2021-06-16,328.50213623046875,331.0799865722656,337.54998779296875,328.7200012207031,336.70001220703125,17232200
2021-06-17,333.88983154296875,336.510009765625,337.9800109863281,330.1499938964844,330.489990234375,17794100
2021-06-18,327.0931396484375,329.6600036621094,336.1499938964844,329.0,334.5299987792969,23039500
2021-06-21,329.7026672363281,332.2900085449219,332.9200134277344,327.6499938964844,331.0899963378906,11337500
2021-06-22,336.3901672363281,339.0299987792969,339.9200134277344,332.6000061035156,332.69000244140625,15345300
2021-06-23,337.93798828125,340.5899963378906,343.4200134277344,338.20001220703125,339.3500061035156,14817800
2021-06-24,340.5078430175781,343.17999267578125,344.8999938964844,341.7900085449219,341.8500061035156,12329100
2021-06-25,338.71197509765625,341.3699951171875,344.1199951171875,339.67999267578125,342.5899963378906,14594400
2021-06-28,352.8708801269531,355.6400146484375,358.1400146484375,341.7699890136719,342.4599914550781,29156100
2021-06-29,349.15008544921875,351.8900146484375,356.739990234375,349.04998779296875,356.2699890136719,21417300
2021-06-30,345.00262451171875,347.7099914550781,352.9200134277344,347.1700134277344,352.1700134277344,15107500
2021-07-01,351.63055419921875,354.3900146484375,354.6700134277344,346.5,346.82000732421875,17137000
2021-07-02,351.9382019042969,354.70001220703125,356.44000244140625,352.6199951171875,355.1000061035156,11521300
2021-07-06,350.0330810546875,352.7799987792969,358.7900085449219,349.17999267578125,356.5,13488500
2021-07-07,347.7609558105469,350.489990234375,356.489990234375,350.0,355.260009765625,14218900
2021-07-08,342.9586181640625,345.6499938964844,348.3299865722656,342.55999755859375,345.7300109863281,14406500
2021-07-09,347.6915283203125,350.4200134277344,350.7099914550781,345.2699890136719,345.32000732421875,13018700
2021-07-12,350.4101867675781,353.1600036621094,354.19000244140625,349.6400146484375,351.2300109863281,10018600
2021-07-13,349.3484802246094,352.0899963378906,358.489990234375,348.79998779296875,351.5,11456000
2021-07-14,344.9232482910156,347.6300048828125,355.20001220703125,346.7300109863281,354.55999755859375,13894200
2021-07-15,341.77789306640625,344.4599914550781,349.2300109863281,340.2200012207031,349.2300109863281,14781600
2021-07-16,338.50360107421875,341.1600036621094,345.989990234375,340.1400146484375,344.9100036621094,11026100
2021-07-19,334.3263854980469,336.95001220703125,339.7900085449219,334.5400085449219,337.57000732421875,14372300
2021-07-20,338.9997253417969,341.6600036621094,343.45001220703125,334.5,338.79998779296875,11024300
2021-07-21,343.5341491699219,346.2300109863281,346.5199890136719,341.25,341.5,9279700
2021-07-22,348.4554748535156,351.19000244140625,351.5400085449219,345.2099914550781,346.67999267578125,12385400
2021-07-23,366.91070556640625,369.7900085449219,375.3299865722656,357.19000244140625,360.9100036621094,33694300
2021-07-26,369.5599060058594,372.4599914550781,374.44000244140625,368.2200012207031,369.5799865722656,14925200
2021-07-27,364.94610595703125,367.80999755859375,373.1499938964844,364.54998779296875,371.9100036621094,15705400
2021-07-28,370.3735046386719,373.2799987792969,377.54998779296875,366.92999267578125,374.55999755859375,29676900
2021-07-29,355.530029296875,358.32000732421875,365.5199890136719,356.739990234375,361.0,33413200
2021-07-30,353.5257263183594,356.29998779296875,360.7300109863281,352.94000244140625,354.0,15976200
2021-08-02,349.2095642089844,351.95001220703125,359.3999938964844,350.739990234375,358.1000061035156,13180400
2021-08-03,348.50506591796875,351.239990234375,353.7699890136719,347.70001220703125,352.7300109863281,12406100
2021-08-04,356.1253356933594,358.9200134277344,360.4800109863281,351.510009765625,352.4200134277344,14180600
2021-08-05,360.143798828125,362.9700012207031,363.8999938964844,356.8999938964844,359.6400146484375,10247200
2021-08-06,360.6795959472656,363.510009765625,365.1499938964844,361.3999938964844,361.3999938964844,8925000
2021-08-09,358.79437255859375,361.6099853515625,365.7799987792969,360.75,363.760009765625,7798900
2021-08-10,358.318115234375,361.1300048828125,364.1000061035156,359.0400085449219,361.8299865722656,7469900
2021-08-11,357.1572570800781,359.9599914550781,362.3599853515625,357.80999755859375,362.1000061035156,8400300
2021-08-12,359.8262634277344,362.6499938964844,363.0,357.1099853515625,358.45001220703125,7170700
2021-08-13,360.35211181640625,363.17999267578125,364.6600036621094,361.4800109863281,362.9700012207031,7195700
2021-08-16,363.705810546875,366.55999755859375,366.95001220703125,357.3800048828125,362.5199890136719,11222100
2021-08-17,355.65899658203125,358.45001220703125,364.6700134277344,355.07000732421875,362.9800109863281,12328700
2021-08-18,352.6823425292969,355.45001220703125,359.8599853515625,355.1499938964844,356.25,10042400
2021-08-19,352.3548889160156,355.1199951171875,357.57000732421875,351.0,351.3500061035156,12004500
2021-08-20,356.5718078613281,359.3699951171875,359.989990234375,353.30999755859375,354.6000061035156,8697700
2021-08-23,360.5208435058594,363.3500061035156,365.69000244140625,359.1000061035156,359.44000244140625,10942000
2021-08-24,362.6639709472656,365.510009765625,367.9599914550781,361.8399963378906,363.6600036621094,9235100
2021-08-25,365.5216064453125,368.3900146484375,370.8599853515625,365.3999938964844,365.6000061035156,9684500
2021-08-26,361.5428161621094,364.3800048828125,369.44000244140625,364.1300048828125,368.3800048828125,7888700
2021-08-27,369.72857666015625,372.6300048828125,373.739990234375,364.0799865722656,365.1000061035156,11219100
2021-08-30,377.696044921875,380.6600036621094,381.489990234375,370.5199890136719,372.55999755859375,13547300
2021-08-31,376.4260559082031,379.3800048828125,382.760009765625,378.79998779296875,379.95001220703125,12345400
2021-09-01,379.0752258300781,382.04998779296875,384.3299865722656,378.80999755859375,379.5899963378906,11567200
2021-09-02,372.35797119140625,375.2799987792969,381.75,374.05999755859375,381.5,14832900
2021-09-03,373.330322265625,376.260009765625,377.1600036621094,373.1099853515625,374.75,7509600
2021-09-07,379.20416259765625,382.17999267578125,382.9599914550781,373.1499938964844,375.8800048828125,10793800
2021-09-08,374.6300964355469,377.57000732421875,380.8699951171875,374.7900085449219,380.1600036621094,11067200
2021-09-09,375.0567321777344,378.0,379.8299865722656,376.57000732421875,377.6400146484375,9098900
2021-09-10,375.7413330078125,378.69000244140625,383.7900085449219,378.260009765625,381.3599853515625,11549600
2021-09-13,373.5783996582031,376.510009765625,381.75,374.3500061035156,381.67999267578125,13026300
2021-09-14,373.5981750488281,376.5299987792969,378.5899963378906,375.1099853515625,377.3999938964844,8711600
2021-09-15,371.008544921875,373.9200134277344,377.55999755859375,367.6700134277344,377.0,17940300
2021-09-16,370.1552734375,373.05999755859375,373.55999755859375,369.7099914550781,372.7900085449219,11934200
2021-09-17,361.880126953125,364.7200012207031,371.4100036621094,361.5899963378906,371.4100036621094,26299000
2021-09-20,352.9303894042969,355.70001220703125,361.0299987792969,349.79998779296875,359.29998779296875,19822800
2021-09-21,354.696533203125,357.4800109863281,360.0400085449219,355.19000244140625,358.5,11751900
2021-09-22,340.5376281738281,343.2099914550781,349.8399963378906,340.69000244140625,347.2300109863281,43692900
2021-09-23,343.2662353515625,345.9599914550781,349.6700134277344,343.0,345.3599853515625,21806300
2021-09-24,350.21173095703125,352.9599914550781,354.3500061035156,342.3699951171875,343.239990234375,18801900
2021-09-27,350.8268737792969,353.5799865722656,355.1499938964844,347.0799865722656,349.80999755859375,15205800
2021-09-28,337.99761962890625,340.6499938964844,349.6000061035156,338.9200134277344,347.9700012207031,21710300
2021-09-29,336.9656677246094,339.6099853515625,345.2300109863281,338.8800048828125,343.1499938964844,14452200
2021-09-30,336.74737548828125,339.3900146484375,342.79998779296875,338.1499938964844,340.45001220703125,16547100
2021-10-01,340.3392028808594,343.010009765625,345.0199890136719,338.6400146484375,341.6099853515625,14905300
2021-10-04,323.68988037109375,326.2300109863281,335.94000244140625,322.70001220703125,335.5299987792969,42885000
2021-10-05,330.3674621582031,332.9599914550781,335.17999267578125,326.1600036621094,328.5799865722656,35377900
2021-10-06,331.04217529296875,333.6400146484375,334.3800048828125,325.79998779296875,329.739990234375,26443000
2021-10-07,326.65655517578125,329.2200012207031,338.8399963378906,328.9800109863281,337.0,28307500
2021-10-08,327.4800720214844,330.04998779296875,333.3999938964844,328.7099914550781,331.510009765625,15946100
2021-10-11,322.91595458984375,325.45001220703125,330.4599914550781,325.30999755859375,327.6300048828125,14708200
2021-10-12,321.24896240234375,323.7699890136719,324.3800048828125,317.3699951171875,323.0299987792969,31658700
2021-10-13,322.01300048828125,324.5400085449219,327.0,322.6600036621094,326.9700012207031,14761500
2021-10-14,325.97198486328125,328.5299987792969,330.5199890136719,327.1000061035156,328.3599853515625,14302200
2021-10-15,322.2312927246094,324.760009765625,329.07000732421875,322.510009765625,328.67999267578125,21596400
2021-10-18,332.7289123535156,335.3399963378906,335.8900146484375,327.5,328.95001220703125,21585000
2021-10-19,337.3426818847656,339.989990234375,342.4599914550781,337.2799987792969,339.6499938964844,18786300
2021-10-20,338.12652587890625,340.7799987792969,343.9800109863281,339.45001220703125,343.45001220703125,13639500
2021-10-21,339.2179870605469,341.8800048828125,342.30999755859375,337.79998779296875,340.2799987792969,16354400
2021-10-22,322.08245849609375,324.6099853515625,329.6300048828125,321.1099853515625,326.3500061035156,35224500
2021-10-25,326.13067626953125,328.69000244140625,329.55999755859375,319.7200012207031,320.29998779296875,38409000
2021-10-26,313.3509521484375,315.80999755859375,330.2099914550781,309.6000061035156,328.260009765625,65654000
2021-10-27,309.7889099121094,312.2200012207031,319.25,312.05999755859375,314.19000244140625,29971800
2021-10-28,314.45233154296875,316.9200134277344,325.5199890136719,308.1099853515625,312.989990234375,50806800
2021-10-29,321.05059814453125,323.57000732421875,326.0,319.6000061035156,320.19000244140625,37059400
2021-11-01,327.41064453125,329.9800109863281,333.45001220703125,326.0,326.0400085449219,31518900
2021-11-02,325.52545166015625,328.0799865722656,334.7900085449219,323.79998779296875,331.3800048828125,28353000
2021-11-03,329.03790283203125,331.6199951171875,332.1499938964844,323.20001220703125,327.489990234375,20786500
2021-11-04,333.2349548339844,335.8500061035156,337.2699890136719,332.6499938964844,334.010009765625,22495300
2021-11-05,338.4738464355469,341.1300048828125,346.7900085449219,339.6400146484375,340.30999755859375,26872800
2021-11-08,335.9833679199219,338.6199951171875,344.7900085449219,338.3399963378906,344.4200134277344,18342500
2021-11-09,332.7586975097656,335.3699951171875,341.30999755859375,334.4700012207031,340.0,17556700
2021-11-10,325.0888977050781,327.6400146484375,333.19000244140625,325.510009765625,332.489990234375,21872600
2021-11-11,325.1881103515625,327.739990234375,332.4599914550781,327.0,329.82000732421875,12376600
2021-11-12,338.2357177734375,340.8900146484375,341.8599853515625,329.7799987792969,330.17999267578125,25414300
2021-11-15,344.853759765625,347.55999755859375,353.6499938964844,343.20001220703125,344.3399963378906,25076600
2021-11-16,340.28961181640625,342.9599914550781,346.6499938964844,340.8699951171875,343.8299865722656,18181100
2021-11-17,338.11663818359375,340.7699890136719,347.29998779296875,340.1000061035156,344.239990234375,13602800
2021-11-18,336.0528259277344,338.69000244140625,342.4599914550781,335.29998779296875,339.7200012207031,17487200
2021-11-19,342.61138916015625,345.29998779296875,352.1000061035156,339.8999938964844,342.20001220703125,26488500
2021-11-22,338.3547668457031,341.010009765625,353.8299865722656,340.510009765625,349.04998779296875,27116800
2021-11-23,334.6240234375,337.25,341.3999938964844,333.5,338.92999267578125,17225000
2021-11-24,338.4043884277344,341.05999755859375,341.7799987792969,332.80999755859375,336.0,13566200
2021-11-26,330.52618408203125,333.1199951171875,337.75,331.8999938964844,335.79998779296875,14750700
2021-11-29,335.3979797363281,338.0299987792969,340.6700134277344,335.30999755859375,336.8900146484375,16650900
2021-11-30,321.9336242675781,324.4599914550781,335.80999755859375,323.42999267578125,335.0,25390000
2021-12-01,308.1815490722656,310.6000061035156,330.5,310.2900085449219,330.2900085449219,30329600
2021-12-02,307.9732360839844,310.3900146484375,314.6000061035156,307.20001220703125,311.3999938964844,24396200
2021-12-03,304.4508056640625,306.8399963378906,313.75,299.5,313.7300109863281,27471000
2021-12-06,315.3949890136719,317.8699951171875,320.1000061035156,306.3399963378906,308.1300048828125,21758300
2021-12-07,320.29644775390625,322.80999755859375,326.5400085449219,321.0,321.57000732421875,18794000
2021-12-08,327.98614501953125,330.55999755859375,332.75,323.07000732421875,325.0,19937700
2021-12-09,327.2518310546875,329.82000732421875,336.1300048828125,328.0,329.5400085449219,16879200
2021-12-10,327.1824645996094,329.75,335.0299987792969,326.3699951171875,332.55999755859375,14528000
2021-12-13,331.885498046875,334.489990234375,341.0899963378906,329.5899963378906,330.95001220703125,22948700
2021-12-14,331.1413269042969,333.739990234375,335.70001220703125,327.6499938964844,328.04998779296875,20461000
2021-12-15,338.9997253417969,341.6600036621094,342.1099853515625,323.9800109863281,332.489990234375,24681300
2021-12-16,332.2923278808594,334.8999938964844,344.4599914550781,333.739990234375,338.9800109863281,22635000
2021-12-17,331.1910095214844,333.7900085449219,337.1099853515625,330.75,332.79998779296875,40012600
2021-12-20,322.91595458984375,325.45001220703125,329.8999938964844,322.5299987792969,329.7799987792969,17901800
2021-12-21,331.5978088378906,334.20001220703125,336.0,323.75,326.4100036621094,16116800
2021-12-22,327.8770446777344,330.45001220703125,334.510009765625,328.260009765625,333.79998779296875,16764600
2021-12-23,332.62969970703125,335.239990234375,336.6700134277344,328.3599853515625,330.1000061035156,13987700
2021-12-27,343.4844665527344,346.17999267578125,347.8699951171875,338.010009765625,338.8500061035156,17795000
2021-12-28,343.5242004394531,346.2200012207031,352.7099914550781,345.20001220703125,346.6300048828125,16637600
2021-12-29,340.2697448730469,342.94000244140625,349.69000244140625,341.6400146484375,346.9100036621094,10747000
2021-12-30,341.67864990234375,344.3599853515625,347.2300109863281,343.2200012207031,344.0,10593300
2021-12-31,333.7311096191406,336.3500061035156,343.44000244140625,336.2699890136719,343.0199890136719,12870500
2022-01-03,335.904052734375,338.5400085449219,341.0799865722656,337.19000244140625,338.29998779296875,14537900
2022-01-04,333.9096374511719,336.5299987792969,343.0899963378906,331.8699951171875,339.95001220703125,15998000
2022-01-05,321.6459045410156,324.1700134277344,335.760009765625,323.8399963378906,333.0199890136719,20564500
2022-01-06,329.871337890625,332.4599914550781,339.1700134277344,322.7200012207031,322.82000732421875,27962800
2022-01-07,329.2065734863281,331.7900085449219,337.0,328.8800048828125,332.739990234375,14722000
2022-01-10,325.5155334472656,328.07000732421875,328.3399963378906,315.42999267578125,325.30999755859375,24942400
2022-01-11,331.7664794921875,334.3699951171875,334.6300048828125,325.2799987792969,326.7799987792969,16226800
2022-01-12,330.6651306152344,333.260009765625,336.3699951171875,330.0299987792969,335.17999267578125,14104900
2022-01-13,323.93792724609375,326.4800109863281,335.6300048828125,325.760009765625,334.9800109863281,14797100
2022-01-14,329.3157043457031,331.8999938964844,332.7300109863281,321.2099914550781,321.7900085449219,16868500
2022-01-18,315.6726989746094,318.1499938964844,324.2099914550781,317.6400146484375,323.2900085449219,22645600
2022-01-19,317.1015625,319.5899963378906,327.1000061035156,319.3299865722656,319.5799865722656,20814700
2022-01-20,314.0951843261719,316.55999755859375,327.82000732421875,315.9800109863281,323.8999938964844,16925000
2022-01-21,300.8094482421875,303.1700134277344,318.30999755859375,303.0400085449219,314.80999755859375,28710700
2022-01-24,306.3062744140625,308.7099914550781,309.5299987792969,289.010009765625,297.8399963378906,38878100
2022-01-25,297.8128967285156,300.1499938964844,306.2300109863281,297.5799865722656,299.95001220703125,25108500
2022-01-26,292.33587646484375,294.6300048828125,307.510009765625,290.8500061035156,307.010009765625,28348800
2022-01-27,292.34588623046875,294.6400146484375,301.7099914550781,294.260009765625,297.75,21629900
2022-01-28,299.36077880859375,301.7099914550781,301.8999938964844,293.0299987792969,295.6199951171875,21871600
2022-01-31,310.8208923339844,313.260009765625,313.7900085449219,299.32000732421875,300.67999267578125,21579500
2022-02-01,316.51617431640625,319.0,319.6600036621094,312.1199951171875,314.55999755859375,18023800
2022-02-02,320.4850158691406,323.0,328.0,316.8699951171875,327.82000732421875,58458300
2022-02-03,235.90869140625,237.75999450683594,248.0,235.75,244.64999389648438,188119900
2022-02-04,235.2439422607422,237.08999633789062,242.61000061035156,230.11000061035156,234.97000122070312,89342200
2022-02-07,223.1587677001953,224.91000366210938,238.3000030517578,224.00999450683594,237.6999969482422,88613800
2022-02-08,218.46556091308594,220.17999267578125,225.77000427246094,216.14999389648438,220.85000610351562,94729700
2022-02-09,230.19357299804688,232.0,233.3699951171875,222.2100067138672,224.1999969482422,86563300
2022-02-10,226.294189453125,228.07000732421875,235.0,226.6999969482422,228.27000427246094,49310400
2022-02-11,217.8404998779297,219.5500030517578,230.4199981689453,218.77000427246094,228.4600067138672,46156900
2022-02-14,216.0048828125,217.6999969482422,221.0,214.77999877929688,219.30999755859375,38184000
2022-02-15,219.27920532226562,221.0,221.14999389648438,215.05999755859375,220.47000122070312,42685500
2022-02-16,214.8539276123047,216.5399932861328,217.4600067138672,212.36000061035156,212.41000366210938,45817500
2022-02-17,206.09268188476562,207.7100067138672,217.5,207.16000366210938,214.02000427246094,38747500
2022-02-18,204.5547637939453,206.16000366210938,210.75,205.17999267578125,209.38999938964844,37128400
2022-02-22,200.5065155029297,202.0800018310547,207.47999572753906,200.05999755859375,202.33999633789062,39852400
2022-02-23,196.90480041503906,198.4499969482422,206.94000244140625,198.0500030517578,204.16000366210938,44481400
2022-02-24,205.98355102539062,207.60000610351562,208.35000610351562,190.22000122070312,191.05999755859375,49957200
2022-02-25,208.8411102294922,210.47999572753906,211.32000732421875,203.17999267578125,204.94000244140625,37627600
2022-02-28,209.38682556152344,211.02999877929688,213.14999389648438,206.8300018310547,207.67999267578125,34239800
2022-03-01,201.9055633544922,203.49000549316406,211.75,202.22000122070312,209.8699951171875,27094900
2022-03-02,206.4895782470703,208.11000061035156,209.14999389648438,202.02000427246094,204.77999877929688,29452100
2022-03-03,201.3896026611328,202.97000122070312,209.0800018310547,201.4199981689453,209.02000427246094,27263500
2022-03-04,198.5022430419922,200.05999755859375,205.88999938964844,198.7899932861328,202.3699951171875,32130900
2022-03-07,186.01028442382812,187.47000122070312,200.88999938964844,187.27999877929688,200.7899932861328,38560600
2022-03-08,188.8083038330078,190.2899932861328,196.6999969482422,186.11000061035156,187.85000610351562,37508100
2022-03-09,196.9543914794922,198.5,199.10000610351562,193.9199981689453,195.74000549316406,31894700
2022-03-10,193.69003295898438,195.2100067138672,196.27999877929688,191.07000732421875,194.83999633789062,24853000
2022-03-11,186.14920043945312,187.61000061035156,193.55999755859375,186.6699981689453,192.63999938964844,34694500
2022-03-14,185.1768341064453,186.6300048828125,192.2899932861328,185.82000732421875,187.02999877929688,31010500
2022-03-15,190.53477478027344,192.02999877929688,192.27999877929688,185.91000366210938,190.8000030517578,31721700
2022-03-16,202.04446411132812,203.6300048828125,203.72999572753906,194.52000427246094,194.6999969482422,40640300
2022-03-17,206.22166442871094,207.83999633789062,208.0399932861328,201.11000061035156,201.6999969482422,29499700
2022-03-18,214.8043212890625,216.49000549316406,216.8000030517578,206.0,206.6999969482422,52128000
2022-03-21,209.84324645996094,211.49000549316406,214.7100067138672,207.6300048828125,214.5,30142300
2022-03-22,214.96307373046875,216.64999389648438,219.4600067138672,210.17999267578125,211.3699951171875,31998800
2022-03-23,211.79794311523438,213.4600067138672,216.8000030517578,212.16000366210938,213.3300018310547,23717300
2022-03-24,217.8603515625,219.57000732421875,220.6699981689453,214.7899932861328,215.0,31502300
2022-03-25,220.09283447265625,221.82000732421875,225.5,218.88999938964844,220.50999450683594,40039000
2022-03-28,221.84906005859375,223.58999633789062,224.0399932861328,219.5399932861328,222.1300048828125,26224100
2022-03-29,228.07020568847656,229.86000061035156,230.88999938964844,225.2899932861328,226.07000732421875,31417900
2022-03-30,226.07586669921875,227.85000610351562,231.14999389648438,226.7100067138672,228.91000366210938,25588000
2022-03-31,220.62863159179688,222.36000061035156,228.49000549316406,222.25999450683594,228.4499969482422,24192300
2022-04-01,223.0992431640625,224.85000610351562,227.27999877929688,222.6999969482422,224.5500030517578,19544800
2022-04-04,232.06883239746094,233.88999938964844,234.35000610351562,225.86000061035156,225.97999572753906,28054800
2022-04-05,230.03482055664062,231.83999633789062,236.86000061035156,231.02000427246094,234.0800018310547,29727200
2022-04-06,221.56129455566406,223.3000030517578,228.99000549316406,221.41000366210938,226.91000366210938,28995100
2022-04-07,221.21401977539062,222.9499969482422,225.52000427246094,218.55999755859375,223.92999267578125,21037200
2022-04-08,220.59884643554688,222.3300018310547,225.1300048828125,220.02999877929688,222.3800048828125,18375700
2022-04-11,214.77456665039062,216.4600067138672,220.61000061035156,215.22000122070312,218.4199981689453,20516600
2022-04-12,212.4726104736328,214.13999938964844,222.02999877929688,213.1300048828125,220.24000549316406,20128800
2022-04-13,213.31602478027344,214.99000549316406,216.61000061035156,211.3300018310547,211.82000732421875,19231800
2022-04-14,208.54345703125,210.17999267578125,214.99000549316406,210.0,214.88999938964844,18379500
2022-04-18,209.1288604736328,210.77000427246094,213.3800048828125,208.3000030517578,210.0,16580800
2022-04-19,215.61793518066406,217.30999755859375,218.42999267578125,209.0,210.52000427246094,20089900
2022-04-20,198.85946655273438,200.4199981689453,214.16000366210938,198.9199981689453,213.61000061035156,43036500
2022-04-21,186.60562133789062,188.07000732421875,202.97000122070312,185.5800018310547,201.60000610351562,49954100
2022-04-22,182.6764678955078,184.11000061035156,192.72000122070312,183.27000427246094,190.3699951171875,36426800
2022-04-25,185.53402709960938,186.99000549316406,187.17999267578125,181.66000366210938,182.72999572753906,29281100
2022-04-26,179.54104614257812,180.9499969482422,187.19000244140625,179.5,186.6300048828125,31747400
2022-04-27,173.58778381347656,174.9499969482422,181.2100067138672,169.0,174.42999267578125,71062900
2022-04-28,204.12811279296875,205.72999572753906,208.52999877929688,192.89999389648438,202.9199981689453,100890600
2022-04-29,198.90907287597656,200.47000122070312,212.47999572753906,199.89999389648438,204.4600067138672,49193400
2022-05-02,209.48605346679688,211.1300048828125,211.8800048828125,200.99000549316406,201.1699981689453,49915300
2022-05-03,210.37905883789062,212.02999877929688,214.89999389648438,208.08999633789062,210.4499969482422,41556300
2022-05-04,221.6704559326172,223.41000366210938,224.3000030517578,206.9600067138672,210.64999389648438,41375900
2022-05-05,206.6582489013672,208.27999877929688,220.1699981689453,206.16000366210938,218.74000549316406,41129200
2022-05-06,202.1833953857422,203.77000427246094,209.3800048828125,201.02000427246094,207.33999633789062,34747200
2022-05-09,194.68223571777344,196.2100067138672,202.57000732421875,195.5800018310547,199.83999633789062,36303200
2022-05-10,196.1110076904297,197.64999389648438,202.9600067138672,194.19000244140625,199.50999450683594,34452500
2022-05-11,187.2703857421875,188.74000549316406,200.6699981689453,188.27000427246094,196.3300018310547,31153400
2022-05-12,189.75094604492188,191.24000549316406,198.0500030517578,184.77999877929688,187.05999755859375,38262200
2022-05-13,197.07345581054688,198.6199951171875,199.88999938964844,191.27999877929688,192.5800018310547,24549800
2022-05-16,198.48240661621094,200.0399932861328,205.3699951171875,195.92999267578125,197.0500030517578,27112600
2022-05-17,201.04232788085938,202.6199951171875,205.4600067138672,198.36000061035156,202.1199951171875,24872700
2022-05-18,190.74314880371094,192.24000549316406,201.0,191.6300048828125,200.0,23960000
2022-05-19,189.80052185058594,191.2899932861328,195.2899932861328,189.60000610351562,191.1999969482422,24446900
2022-05-20,192.0330352783203,193.5399932861328,197.91000366210938,187.8699951171875,194.97000122070312,31465600
2022-05-23,194.7020721435547,196.22999572753906,196.99000549316406,191.24000549316406,195.19000244140625,25059200
2022-05-24,179.86849975585938,181.27999877929688,183.67999267578125,176.11000061035156,180.5500030517578,50406300
2022-05-25,182.3986358642578,183.8300018310547,185.4499969482422,179.32000732421875,180.39999389648438,28030200
2022-05-26,190.1378936767578,191.6300048828125,192.8300018310547,182.25999450683594,182.8800048828125,23056500
2022-05-27,193.6106414794922,195.1300048828125,195.3300018310547,189.8000030517578,191.36000061035156,22562700
2022-05-31,192.1322784423828,193.63999938964844,197.60000610351562,192.00999450683594,194.88999938964844,26131100
2022-06-01,187.17115783691406,188.63999938964844,199.52999877929688,185.0,196.50999450683594,36623500
2022-06-02,197.3115997314453,198.86000061035156,200.94000244140625,187.72999572753906,188.4499969482422,31951600
2022-06-03,189.29452514648438,190.77999877929688,196.61000061035156,189.77999877929688,195.97999572753906,19465000
2022-06-06,192.73748779296875,194.25,196.9199981689453,188.39999389648438,193.99000549316406,30574200
2022-06-07,194.1265869140625,195.64999389648438,196.52999877929688,191.49000549316406,191.92999267578125,18828700
2022-06-08,195.10888671875,196.63999938964844,202.02999877929688,194.41000366210938,194.6699981689453,22267200
2022-06-09,182.56732177734375,184.0,199.4499969482422,183.67999267578125,194.27999877929688,23501600
2022-06-10,174.20297241210938,175.57000732421875,183.10000610351562,175.02000427246094,183.0399932861328,27450800
2022-06-13,162.98098754882812,164.25999450683594,172.5800018310547,164.02999877929688,170.58999633789062,31749300
2022-06-14,162.4551544189453,163.72999572753906,166.75,161.36000061035156,166.02999877929688,27244300
2022-06-15,168.03138732910156,169.35000610351562,172.16000366210938,163.97999572753906,167.1999969482422,30008300
2022-06-16,159.6173858642578,160.8699951171875,165.0800018310547,159.61000061035156,163.72000122070312,26944100
2022-06-17,162.46505737304688,163.74000549316406,165.89999389648438,159.89999389648438,161.67999267578125,31374200
2022-06-21,155.82716369628906,157.0500030517578,167.75999450683594,155.97000122070312,165.92999267578125,50724900
2022-06-22,154.63650512695312,155.85000610351562,160.7899932861328,155.44000244140625,158.3800048828125,47267800
2022-06-23,157.513916015625,158.75,159.75,154.25,156.27000427246094,40499200
2022-06-24,168.83505249023438,170.16000366210938,170.25,161.3000030517578,161.72999572753906,68736000
2022-06-27,168.17030334472656,169.49000549316406,171.75,168.00999450683594,171.32000732421875,29174600
2022-06-28,159.42884826660156,160.67999267578125,171.3000030517578,160.61000061035156,169.89999389648438,27744500
2022-06-29,162.6634979248047,163.94000244140625,166.3300018310547,160.32000732421875,163.57000732421875,28595200
2022-06-30,159.9944610595703,161.25,165.22999572753906,158.49000549316406,162.14999389648438,35250600
2022-07-01,158.78395080566406,160.02999877929688,160.6199951171875,155.0,160.30999755859375,31423900
2022-07-05,166.8804168701172,168.19000244140625,168.25,157.02000427246094,158.13999938964844,28618600
2022-07-06,168.4481201171875,169.77000427246094,171.58999633789062,165.4600067138672,168.1999969482422,23085900
2022-07-07,170.84927368164062,172.19000244140625,172.72000122070312,167.77999877929688,169.4499969482422,24083400
2022-07-08,169.5494842529297,170.8800048828125,172.39999389648438,168.14999389648438,169.97999572753906,19249200
2022-07-11,161.61175537109375,162.8800048828125,167.49000549316406,161.91000366210938,167.07000732421875,21885600
2022-07-12,161.9987335205078,163.27000427246094,165.91000366210938,162.10000610351562,164.8000030517578,16639700
2022-07-13,162.21701049804688,163.49000549316406,164.97999572753906,159.61000061035156,160.16000366210938,16555100
2022-07-14,156.81936645507812,158.0500030517578,162.58999633789062,157.27999877929688,161.22000122070312,23765200
2022-07-15,163.4176025390625,164.6999969482422,164.97999572753906,159.82000732421875,160.5399932861328,23342800
2022-07-18,165.92788696289062,167.22999572753906,171.69000244140625,165.63999938964844,166.75,23574300
2022-07-19,174.41128540039062,175.77999877929688,176.49000549316406,169.50999450683594,170.3699951171875,25933700
2022-07-20,181.66441345214844,183.08999633789062,183.60000610351562,176.6999969482422,177.49000549316406,24784300
2022-07-21,181.74375915527344,183.1699981689453,183.85000610351562,178.8699951171875,180.6300048828125,27195800
2022-07-22,167.9520263671875,169.27000427246094,175.60000610351562,168.41000366210938,173.07000732421875,42583900
2022-07-25,165.3524169921875,166.64999389648438,170.57000732421875,164.80999755859375,169.0,26166300
2022-07-26,157.9108123779297,159.14999389648438,166.0,157.9499969482422,165.94000244140625,28468400
2022-07-27,168.25958251953125,169.5800018310547,170.8699951171875,162.02000427246094,162.58999633789062,43846600
2022-07-28,159.46856689453125,160.72000122070312,161.50999450683594,154.85000610351562,161.05999755859375,73214300
2022-07-29,157.86119079589844,159.10000610351562,160.13999938964844,155.1699981689453,157.69000244140625,42065400
2022-08-01,158.68472290039062,159.92999267578125,165.19000244140625,155.22999572753906,157.25,40596700
2022-08-02,158.9427032470703,160.19000244140625,162.24000549316406,158.00999450683594,158.30999755859375,27374500
2022-08-03,167.4856719970703,168.8000030517578,169.5399932861328,161.57000732421875,162.69000244140625,31721900
2022-08-04,169.2418670654297,170.57000732421875,172.14999389648438,166.8000030517578,168.3000030517578,23938200
2022-08-05,165.80882263183594,167.11000061035156,171.61000061035156,165.8000030517578,166.99000549316406,25832700
2022-08-08,168.92434692382812,170.25,177.50999450683594,167.1300048828125,168.0,27299100
2022-08-09,167.2177734375,168.52999877929688,169.52999877929688,166.60000610351562,168.9499969482422,18655100
2022-08-10,176.95138549804688,178.33999633789062,180.47999572753906,173.9499969482422,175.99000549316406,30262100
2022-08-11,176.1079864501953,177.49000549316406,183.10000610351562,176.3699951171875,179.7100067138672,24079100
2022-08-12,179.0945281982422,180.5,181.4600067138672,178.91000366210938,180.80999755859375,21274000
2022-08-15,179.48153686523438,180.88999938964844,181.44000244140625,178.1999969482422,178.9600067138672,15878700
2022-08-16,178.0725860595703,179.47000122070312,180.99000549316406,177.0399932861328,179.44000244140625,21156700
2022-08-17,173.48855590820312,174.85000610351562,178.13999938964844,174.1699981689453,176.75999450683594,20118100
2022-08-18,173.30003356933594,174.66000366210938,175.75999450683594,171.86000061035156,174.33999633789062,18844500
2022-08-19,166.6522216796875,167.9600067138672,172.32000732421875,167.0500030517578,170.1999969482422,26240800
2022-08-22,161.78042602539062,163.0500030517578,165.49000549316406,162.25999450683594,165.49000549316406,19499700
2022-08-23,159.8555450439453,161.11000061035156,165.0500030517578,160.6999969482422,162.47999572753906,18111800
2022-08-24,161.98876953125,163.25999450683594,165.4600067138672,159.77000427246094,160.60000610351562,20891500
2022-08-25,167.46580505371094,168.77999877929688,168.8800048828125,164.02000427246094,165.17999267578125,15550500
2022-08-26,160.5203094482422,161.77999877929688,170.9199981689453,161.6699981689453,168.47999572753906,24023600
2022-08-29,157.9306182861328,159.1699981689453,163.0500030517578,159.00999450683594,160.66000366210938,20052700
2022-08-30,155.9363250732422,157.16000366210938,161.66000366210938,155.91000366210938,160.35000610351562,19567900
2022-08-31,161.66136169433594,162.92999267578125,167.83999633789062,162.13999938964844,167.07000732421875,40953000
2022-09-01,164.0724334716797,165.36000061035156,167.36000061035156,160.35000610351562,163.5800018310547,30145700
2022-09-02,159.07168579101562,160.32000732421875,167.92999267578125,159.22000122070312,167.4499969482422,22634200
2022-09-06,157.30555725097656,158.5399932861328,161.69000244140625,157.69000244140625,160.10000610351562,19339800
2022-09-07,159.14112854003906,160.38999938964844,160.9600067138672,156.80999755859375,157.75999450683594,16831200
2022-09-08,160.7981414794922,162.05999755859375,162.22999572753906,157.74000549316406,158.7100067138672,22530800
2022-09-09,167.8329315185547,169.14999389648438,169.5399932861328,163.02000427246094,163.25,22086800
2022-09-12,167.6444091796875,168.9600067138672,171.38999938964844,167.27999877929688,167.38999938964844,23220400
2022-09-13,151.93768310546875,153.1300048828125,161.6300048828125,152.6699981689453,161.5399932861328,44444100
2022-09-14,150.2906036376953,151.47000122070312,153.5399932861328,149.0500030517578,153.3300018310547,43064200
2022-09-15,148.3855438232422,149.5500030517578,154.1999969482422,148.6999969482422,149.8000030517578,34606300
2022-09-16,145.15093994140625,146.2899932861328,148.5800018310547,144.2899932861328,148.0500030517578,40122800
2022-09-19,146.86749267578125,148.02000427246094,148.5800018310547,145.10000610351562,145.24000549316406,22169500
2022-09-20,144.9524688720703,146.08999633789062,148.83999633789062,145.22000122070312,145.77999877929688,23217400
2022-09-21,141.01341247558594,142.1199951171875,149.60000610351562,142.0,146.38999938964844,38338600
2022-09-22,141.7079620361328,142.82000732421875,144.5800018310547,140.8699951171875,141.5500030517578,34418500
2022-09-23,139.31671142578125,140.41000366210938,142.6199951171875,138.88999938964844,141.4199981689453,31710700
2022-09-26,135.30816650390625,136.3699951171875,142.24000549316406,136.19000244140625,140.1199951171875,30497000
2022-09-27,133.35348510742188,134.39999389648438,139.4199981689453,134.1199951171875,137.9199981689453,30826500
2022-09-28,140.50735473632812,141.61000061035156,142.02999877929688,134.27000427246094,134.6199951171875,32658500
2022-09-29,135.34786987304688,136.41000366210938,139.83999633789062,135.1999969482422,139.36000061035156,38985400
2022-09-30,134.62355041503906,135.67999267578125,140.99000549316406,135.5,136.0500030517578,33166400
2022-10-03,137.53074645996094,138.61000061035156,139.6199951171875,136.10000610351562,137.13999938964844,27723100
2022-10-04,139.187744140625,140.27999877929688,142.38999938964844,139.33999633789062,140.49000549316406,34670700
2022-10-05,137.89784240722656,138.97999572753906,140.2100067138672,134.77999877929688,138.24000549316406,27979300
2022-10-06,137.98716735839844,139.07000732421875,141.4499969482422,136.60000610351562,137.72000122070312,36231100
2022-10-07,132.41090393066406,133.4499969482422,138.2899932861328,132.44000244140625,136.75999450683594,33214800
2022-10-10,132.7482452392578,133.7899932861328,136.11000061035156,131.8699951171875,133.5500030517578,24024000
2022-10-11,127.53914642333984,128.5399932861328,132.66000366210938,126.98999786376953,131.6199951171875,38481400
2022-10-12,126.50724029541016,127.5,129.6699981689453,126.25,128.32000732421875,34605200
2022-10-13,129.2755126953125,130.2899932861328,131.13999938964844,122.52999877929688,123.52999877929688,34325700
2022-10-14,125.77300262451172,126.76000213623047,131.7899932861328,126.5199966430664,131.0,23559400
2022-10-17,132.99630737304688,134.0399932861328,134.7899932861328,130.17999267578125,130.3000030517578,29612200
2022-10-18,131.76597595214844,132.8000030517578,137.83999633789062,131.39999389648438,137.08999633789062,25445000
2022-10-19,132.19261169433594,133.22999572753906,137.0,132.22000122070312,132.88999938964844,30691000
2022-10-20,130.50584411621094,131.52999877929688,136.77000427246094,131.30999755859375,132.92999267578125,26356300
2022-10-21,128.99769592285156,130.00999450683594,130.1199951171875,125.44000244140625,126.30999755859375,46348600
2022-10-24,128.70994567871094,129.72000122070312,133.47999572753906,124.56999969482422,127.25,63563400
2022-10-25,136.43930053710938,137.50999450683594,138.35000610351562,130.58999633789062,130.8800048828125,38433200
2022-10-26,128.80918884277344,129.82000732421875,135.5500030517578,128.52999877929688,131.67999267578125,82791500
2022-10-27,97.17740631103516,97.94000244140625,102.5,96.37999725341797,97.9800033569336,232316600
2022-10-28,98.42759704589844,99.19999694824219,100.8499984741211,97.51000213623047,99.58000183105469,95928300
2022-10-31,92.43462371826172,93.16000366210938,99.31999969482422,92.5999984741211,98.22000122070312,121361400
2022-11-01,94.45874786376953,95.19999694824219,97.48999786376953,93.55000305175781,94.33000183105469,110189600
2022-11-02,89.83502960205078,90.54000091552734,95.19999694824219,90.4800033569336,94.20999908447266,71821100
2022-11-03,88.21772003173828,88.91000366210938,90.45999908447266,88.41000366210938,90.08000183105469,60664000
2022-11-04,90.08308410644531,90.79000091552734,91.38999938964844,88.08999633789062,90.3499984741211,55638100
2022-11-07,95.9668960571289,96.72000122070312,96.87999725341797,93.0999984741211,94.77999877929688,81987300
2022-11-08,95.71883392333984,96.47000122070312,97.80000305175781,94.79000091552734,95.91999816894531,52088300
2022-11-09,100.67990112304688,101.47000122070312,104.9000015258789,100.73999786376953,101.72000122070312,107677300
2022-11-10,110.99893188476562,111.87000274658203,112.75,104.61000061035156,107.12000274658203,80671000
2022-11-11,112.13998413085938,113.0199966430664,114.9000015258789,108.80999755859375,109.2300033569336,59961700
2022-11-14,113.33062744140625,114.22000122070312,116.2699966430664,110.80000305175781,110.98999786376953,53395000
2022-11-15,116.16837310791016,117.08000183105469,118.73999786376953,114.41000366210938,116.06999969482422,50670500
2022-11-16,112.34835815429688,113.2300033569336,116.08000183105469,112.66000366210938,114.5,33287800
2022-11-17,110.58219909667969,111.44999694824219,112.33000183105469,109.80000305175781,110.41000366210938,35093800
2022-11-18,111.17754364013672,112.05000305175781,114.31999969482422,110.62000274658203,113.80000305175781,33357700
2022-11-21,109.00459289550781,109.86000061035156,112.37000274658203,109.19000244140625,111.5199966430664,24351100
2022-11-22,110.57228088378906,111.44000244140625,111.62000274658203,108.31999969482422,109.86000061035156,29029000
2022-11-23,111.36605072021484,112.23999786376953,112.66999816894531,110.7300033569336,111.72000122070312,21343100
2022-11-25,110.54252624511719,111.41000366210938,112.7300033569336,111.0199966430664,111.30000305175781,12007600
2022-11-28,107.9330062866211,108.77999877929688,112.04000091552734,108.37999725341797,110.77999877929688,23309400
2022-11-29,108.60770416259766,109.45999908447266,110.94000244140625,108.54000091552734,109.54000091552734,23899200
2022-11-30,117.180419921875,118.0999984741211,118.16000366210938,109.37999725341797,109.51000213623047,43348600
2022-12-01,119.502197265625,120.44000244140625,121.19999694824219,118.4000015258789,119.19999694824219,36551400
2022-12-02,122.5284652709961,123.48999786376953,124.04000091552734,117.61000061035156,117.83000183105469,39950500
2022-12-05,121.4767074584961,122.43000030517578,124.66999816894531,121.3499984741211,121.75,35474900
2022-12-06,113.23141479492188,114.12000274658203,120.55000305175781,113.73999786376953,119.91000366210938,43689200
2022-12-07,113.04290771484375,113.93000030517578,115.87999725341797,112.87999725341797,113.76000213623047,29461100
2022-12-08,114.43199920654297,115.33000183105469,117.33999633789062,114.58999633789062,116.38999938964844,30619400
2022-12-09,114.99755859375,115.9000015258789,117.54000091552734,113.87000274658203,115.30000305175781,26033400
2022-12-12,113.81682586669922,114.70999908447266,115.72000122070312,113.13999938964844,115.18000030517578,24747100
2022-12-13,119.21446990966797,120.1500015258789,123.30000305175781,118.63999938964844,122.12999725341797,44701100
2022-12-14,120.64324951171875,121.58999633789062,124.13999938964844,119.38999938964844,119.38999938964844,36922000
2022-12-15,115.24562072753906,116.1500015258789,118.62999725341797,114.01000213623047,118.33000183105469,34531000
2022-12-16,118.50007629394531,119.43000030517578,123.30999755859375,118.81999969482422,120.2300033569336,67064000
2022-12-19,113.58861541748047,114.4800033569336,117.80000305175781,114.33000183105469,116.83000183105469,29769900
2022-12-20,116.17829132080078,117.08999633789062,117.33000183105469,112.45999908447266,113.26000213623047,28742500
2022-12-21,118.82750701904297,119.76000213623047,120.33999633789062,115.62000274658203,116.69999694824219,20392800
2022-12-22,116.20806121826172,117.12000274658203,118.62000274658203,114.37999725341797,117.19999694824219,23618100
2022-12-23,117.12089538574219,118.04000091552734,118.18000030517578,115.54000091552734,116.02999877929688,17796600
2022-12-27,115.96992492675781,116.87999725341797,118.5999984741211,116.05000305175781,117.93000030517578,21392300
2022-12-28,114.71973419189453,115.62000274658203,118.1500015258789,115.51000213623047,116.25,19612500
2022-12-29,119.32361602783203,120.26000213623047,121.02999877929688,115.7699966430664,116.4000015258789,22366200
2022-12-30,119.40298461914062,120.33999633789062,120.41999816894531,117.73999786376953,118.16000366210938,19583800
2023-01-03,123.76873779296875,124.73999786376953,126.37000274658203,122.27999877929688,122.81999969482422,35528500
2023-01-04,126.37825012207031,127.37000274658203,129.0500030517578,125.8499984741211,127.37999725341797,32397100
2023-01-05,125.95159912109375,126.94000244140625,128.52000427246094,124.54000091552734,126.12999725341797,25447100
2023-01-06,129.0076446533203,130.02000427246094,130.3300018310547,126.04000091552734,128.97000122070312,27584500
2023-01-09,128.46189880371094,129.47000122070312,132.9499969482422,129.27999877929688,131.16000366210938,26649100
2023-01-10,131.95448303222656,132.99000549316406,133.44000244140625,127.1500015258789,127.2699966430664,28684400
2023-01-11,131.8552703857422,132.88999938964844,133.85000610351562,130.33999633789062,130.9600067138672,25423000
2023-01-12,135.64552307128906,136.7100067138672,137.67999267578125,131.75999450683594,133.44000244140625,30757700
2023-01-13,135.91342163085938,136.97999572753906,137.38999938964844,134.83999633789062,134.97000122070312,22423800
2023-01-17,134.30604553222656,135.36000061035156,136.75,134.25,136.17999267578125,21147600
2023-01-18,131.98426818847656,133.02000427246094,137.25,132.8000030517578,135.80999755859375,20215500
2023-01-19,135.0898895263672,136.14999389648438,137.4499969482422,132.13999938964844,132.49000549316406,28625200
2023-01-20,138.2847900390625,139.3699951171875,139.94000244140625,134.61000061035156,135.88999938964844,28688600
2023-01-23,142.15443420410156,143.27000427246094,143.75999450683594,138.66000366210938,139.2899932861328,27470100
2023-01-24,142.0254669189453,143.13999938964844,145.0,141.36000061035156,141.69000244140625,21970200
2023-01-25,140.39820861816406,141.5,143.1699981689453,140.30999755859375,141.22000122070312,26622000
2023-01-26,146.153076171875,147.3000030517578,147.50999450683594,143.3000030517578,144.39999389648438,25482100
2023-01-27,150.5585174560547,151.74000549316406,153.19000244140625,147.38999938964844,148.24000549316406,35771900
2023-01-30,145.91493225097656,147.05999755859375,151.1199951171875,146.9499969482422,149.41000366210938,28040100
2023-01-31,147.81007385253906,148.97000122070312,149.8800048828125,147.52000427246094,147.9499969482422,29842100
2023-02-01,151.92774963378906,153.1199951171875,153.5800018310547,147.05999755859375,148.02999877929688,55661000
2023-02-02,187.3001708984375,188.77000427246094,197.16000366210938,180.16000366210938,183.3800048828125,150475700
2023-02-03,185.07763671875,186.52999877929688,196.77000427246094,182.88999938964844,183.47000122070312,76809700
2023-02-06,184.61126708984375,186.05999755859375,190.6999969482422,185.52000427246094,186.52999877929688,42483800
2023-02-07,190.12799072265625,191.6199951171875,193.77999877929688,184.39999389648438,185.5800018310547,47080700
2023-02-08,182.0017547607422,183.42999267578125,190.8300018310547,182.9199981689453,190.0,36139100
2023-02-09,176.53463745117188,177.9199981689453,186.64999389648438,177.27000427246094,186.1300048828125,37118800
2023-02-10,172.7939910888672,174.14999389648438,178.88999938964844,173.35000610351562,176.35000610351562,33433600
2023-02-13,178.0329132080078,179.42999267578125,181.0,175.82000732421875,178.22000122070312,31463200
2023-02-14,178.08250427246094,179.47999572753906,181.50999450683594,175.8800048828125,177.16000366210938,24034600
2023-02-15,175.7805633544922,177.16000366210938,178.19000244140625,175.3300018310547,176.4199981689453,25308900
2023-02-16,171.09735107421875,172.44000244140625,175.85000610351562,171.7899932861328,172.75,25827500
2023-02-17,171.5338897705078,172.8800048828125,173.17999267578125,169.6999969482422,170.22000122070312,24171300
2023-02-21,170.74014282226562,172.0800018310547,178.1699981689453,171.8800048828125,174.30999755859375,34592600
2023-02-22,169.78758239746094,171.1199951171875,172.75999450683594,169.69000244140625,171.07000732421875,22433200
2023-02-23,170.70040893554688,172.0399932861328,173.69000244140625,169.3800048828125,172.0,20017800
2023-02-24,169.06326293945312,170.38999938964844,170.72000122070312,167.66000366210938,168.63999938964844,19791300
2023-02-27,168.21987915039062,169.5399932861328,173.1199951171875,169.05999755859375,171.8800048828125,19277000
2023-02-28,173.5778350830078,174.94000244140625,177.5500030517578,171.8699951171875,171.89999389648438,46051100
2023-03-01,172.06968688964844,173.4199981689453,177.85000610351562,173.0500030517578,174.58999633789062,30998400
2023-03-02,173.17103576660156,174.52999877929688,175.00999450683594,171.42999267578125,172.3800048828125,17352000
2023-03-03,183.8075714111328,185.25,186.6199951171875,177.0500030517578,178.9199981689453,45877700
2023-03-06,183.46029663085938,184.89999389648438,189.66000366210938,184.63999938964844,188.0,33209400
2023-03-07,183.07330322265625,184.50999450683594,190.36000061035156,184.00999450683594,189.0,36701500
2023-03-08,183.52976989746094,184.97000122070312,185.25999450683594,181.33999633789062,182.8699951171875,19432400
2023-03-09,180.27529907226562,181.69000244140625,188.92999267578125,180.3000030517578,186.35000610351562,26582800
2023-03-10,178.11224365234375,179.50999450683594,184.77000427246094,178.8000030517578,181.00999450683594,25665000
2023-03-13,179.49142456054688,180.89999389648438,183.77999877929688,174.82000732421875,177.9600067138672,24728000
2023-03-14,192.50930786132812,194.02000427246094,194.32000732421875,186.55999755859375,187.5800018310547,41642600
2023-03-15,196.21026611328125,197.75,197.77999877929688,190.83999633789062,192.9499969482422,42123600
2023-03-16,203.3343048095703,204.92999267578125,205.75999450683594,196.08999633789062,198.25999450683594,50447100
2023-03-17,194.08689880371094,195.61000061035156,201.89999389648438,195.42999267578125,200.55999755859375,50141100
2023-03-20,196.269775390625,197.80999755859375,199.36000061035156,193.63999938964844,198.47999572753906,25186300
2023-03-21,200.58590698242188,202.16000366210938,203.5500030517578,197.9499969482422,203.1999969482422,31827000
2023-03-22,198.2541961669922,199.80999755859375,207.3699951171875,199.6699981689453,202.5,28477800
2023-03-23,202.6894073486328,204.27999877929688,207.8800048828125,202.14999389648438,202.83999633789062,27389700
2023-03-24,204.4059295654297,206.00999450683594,207.5800018310547,203.5500030517578,205.17999267578125,27716400
2023-03-27,201.26058959960938,202.83999633789062,205.86000061035156,201.36000061035156,204.80999755859375,18527200
2023-03-28,199.11741638183594,200.67999267578125,201.02999877929688,197.89999389648438,200.14999389648438,19127300
2023-03-29,203.75106811523438,205.35000610351562,205.72000122070312,202.5399932861328,203.55999755859375,18851100
2023-03-30,206.22166442871094,207.83999633789062,208.08999633789062,202.82000732421875,203.3800048828125,22608300
2023-03-31,210.2897491455078,211.94000244140625,212.1699981689453,206.77000427246094,207.24000549316406,25440300
2023-04-03,211.4109649658203,213.07000732421875,213.49000549316406,208.1999969482422,208.83999633789062,17924600
2023-04-04,213.04812622070312,214.72000122070312,216.24000549316406,212.5399932861328,213.38999938964844,21026400
2023-04-05,209.8333282470703,211.47999572753906,215.19000244140625,209.94000244140625,214.14999389648438,19396600
2023-04-06,214.41737365722656,216.10000610351562,216.94000244140625,208.64999389648438,209.25,26104400
2023-04-10,213.077880859375,214.75,215.66000366210938,210.66000366210938,214.7100067138672,16106100
2023-04-11,212.1848907470703,213.85000610351562,216.02000427246094,213.41000366210938,215.47999572753906,16710100
2023-04-12,212.33375549316406,214.0,216.83999633789062,212.5800018310547,214.83999633789062,18972200
2023-04-13,218.63426208496094,220.35000610351562,221.14999389648438,215.69000244140625,215.72999572753906,23310400
2023-04-14,219.76539611816406,221.49000549316406,222.11000061035156,217.5500030517578,217.8800048828125,21591200
2023-04-17,217.1558837890625,218.86000061035156,220.97999572753906,217.1300048828125,219.7899932861328,15481900
2023-04-18,216.1934356689453,217.88999938964844,220.44000244140625,216.2100067138672,219.91000366210938,12281000
2023-04-19,214.02047729492188,215.6999969482422,217.3300018310547,212.92999267578125,213.47000122070312,15898100
2023-04-20,211.4109649658203,213.07000732421875,216.75,212.77000427246094,213.47999572753906,16475400
2023-04-21,211.2323760986328,212.88999938964844,213.41000366210938,209.5800018310547,210.2100067138672,17717200
2023-04-24,211.13311767578125,212.7899932861328,213.9199981689453,210.7100067138672,213.67999267578125,15750900
2023-04-25,205.93392944335938,207.5500030517578,211.25999450683594,207.1300048828125,210.82000732421875,19198200
2023-04-26,207.76953125,209.39999389648438,214.11000061035156,208.8800048828125,212.5,41992700
2023-04-27,236.70249938964844,238.55999755859375,241.69000244140625,236.77000427246094,239.88999938964844,71196500
2023-04-28,238.4488067626953,240.32000732421875,240.42999267578125,235.75,239.00999450683594,39554000
2023-05-01,241.2864990234375,243.17999267578125,244.0,236.4600067138672,238.6199951171875,29143900
2023-05-02,237.377197265625,239.24000549316406,244.9199981689453,238.99000549316406,243.17999267578125,24350100
2023-05-03,235.1844024658203,237.02999877929688,241.75,232.75,239.47000122070312,34463900
2023-05-04,231.70175170898438,233.52000427246094,238.1999969482422,232.92999267578125,236.05999755859375,17889400
2023-05-05,230.96746826171875,232.77999877929688,234.67999267578125,229.85000610351562,232.24000549316406,27000500
2023-05-08,231.4536895751953,233.27000427246094,235.6199951171875,230.27000427246094,231.4199981689453,16400500
2023-05-09,231.55288696289062,233.3699951171875,235.8800048828125,231.0800018310547,231.4600067138672,16865600
2023-05-10,231.26516723632812,233.0800018310547,236.75,230.72000122070312,236.1699981689453,19119000
2023-05-11,233.9540252685547,235.7899932861328,238.2100067138672,232.3000030517578,233.0500030517578,20449000
2023-05-12,231.9894561767578,233.80999755859375,236.9600067138672,231.4499969482422,236.74000549316406,16161400
2023-05-15,237.00015258789062,238.86000061035156,240.25999450683594,235.3300018310547,236.9199981689453,20653200
2023-05-16,236.96046447753906,238.82000732421875,239.63999938964844,235.52000427246094,235.7899932861328,18163800
2023-05-17,240.60189819335938,242.49000549316406,243.83999633789062,238.13999938964844,238.4499969482422,21193100
2023-05-18,244.92791748046875,246.85000610351562,247.08999633789062,241.19000244140625,241.3000030517578,22943300
2023-05-19,243.72735595703125,245.63999938964844,248.69000244140625,243.41000366210938,247.47000122070312,21733600
2023-05-22,246.386474609375,248.32000732421875,253.57000732421875,245.1199951171875,245.41000366210938,27738500
2023-05-23,244.8188018798828,246.74000549316406,251.61000061035156,246.64999389648438,246.80999755859375,17748100
2023-05-24,247.2695770263672,249.2100067138672,249.58999633789062,244.9499969482422,245.27999877929688,17724300
2023-05-25,250.7224578857422,252.69000244140625,255.6199951171875,249.1699981689453,253.39999389648438,22371400
2023-05-26,259.9997253417969,262.0400085449219,262.30999755859375,252.7100067138672,252.92999267578125,25727200
2023-05-30,260.4759521484375,262.5199890136719,268.6499938964844,261.2900085449219,265.25,23816500
2023-05-31,262.65875244140625,264.7200012207031,265.0,258.45001220703125,260.0,25473700
2023-06-01,270.4873962402344,272.6099853515625,274.0,265.8900146484375,265.8999938964844,25609500
2023-06-02,270.4873962402344,272.6099853515625,275.3500061035156,271.1199951171875,272.6600036621094,19416900
2023-06-05,269.27685546875,271.3900146484375,275.57000732421875,269.55999755859375,270.29998779296875,20742900
2023-06-06,269.0089416503906,271.1199951171875,276.57000732421875,269.69000244140625,270.1400146484375,19419000
2023-06-07,261.547607421875,263.6000061035156,274.25,262.79998779296875,271.6700134277344,26163600
2023-06-08,262.5198669433594,264.5799865722656,267.6499938964844,258.8800048828125,260.6199951171875,20899400
2023-06-09,262.8869934082031,264.95001220703125,267.95001220703125,261.70001220703125,262.4800109863281,16949800
2023-06-12,268.9394836425781,271.04998779296875,271.75,265.3299865722656,267.1700134277344,15442500
2023-06-13,269.2073974609375,271.32000732421875,275.7200012207031,269.0899963378906,274.8800048828125,16164000
2023-06-14,271.22161865234375,273.3500061035156,274.989990234375,268.32000732421875,271.8900146484375,19175100
2023-06-15,279.63555908203125,281.8299865722656,283.989990234375,271.4200134277344,272.29998779296875,25973500
2023-06-16,278.8119812011719,281.0,287.8500061035156,280.1300048828125,284.75,43127700
2023-06-20,282.1160888671875,284.3299865722656,284.79998779296875,276.2200012207031,278.7300109863281,20701600
2023-06-21,279.4469909667969,281.6400146484375,284.0,278.3599853515625,283.5299987792969,20556200
2023-06-22,282.6618347167969,284.8800048828125,285.260009765625,277.7900085449219,279.0799865722656,17563100
2023-06-23,286.4819030761719,288.7300109863281,289.6700134277344,278.95001220703125,281.510009765625,51092000
2023-06-26,276.3017272949219,278.4700012207031,289.7900085449219,277.6000061035156,288.70001220703125,24232700
2023-06-27,284.81494140625,287.04998779296875,289.3500061035156,280.6499938964844,282.010009765625,26108300
2023-06-28,283.068603515625,285.2900085449219,289.54998779296875,284.05999755859375,284.82000732421875,16722100
2023-06-29,279.337890625,281.5299987792969,286.57000732421875,280.69000244140625,284.5,15395700
2023-06-30,284.74542236328125,286.9800109863281,289.04998779296875,284.4200134277344,284.760009765625,19694900
2023-07-03,283.79290771484375,286.0199890136719,289.3999938964844,284.8500061035156,286.70001220703125,8629300
2023-07-05,292.0779113769531,294.3699951171875,298.1199951171875,286.3599853515625,287.6499938964844,33865500
2023-07-06,289.7164611816406,291.989990234375,298.1199951171875,291.30999755859375,295.8900146484375,47600500
2023-07-07,288.2678527832031,290.5299987792969,296.20001220703125,288.6600036621094,292.17999267578125,25586000
2023-07-10,291.81005859375,294.1000061035156,298.1300048828125,287.04998779296875,295.54998779296875,37058300
2023-07-11,295.9674377441406,298.2900085449219,300.17999267578125,291.8999938964844,293.8999938964844,27585900
2023-07-12,306.9313659667969,309.3399963378906,309.45001220703125,300.1000061035156,301.75,36677100
2023-07-13,310.9696350097656,313.4100036621094,316.239990234375,310.2900085449219,313.6199951171875,30281000
2023-07-14,306.4649963378906,308.8699951171875,314.8800048828125,307.3599853515625,311.7900085449219,23054100
2023-07-17,308.2013854980469,310.6199951171875,311.7099914550781,304.7099914550781,307.5400085449219,25323100
2023-07-18,309.6202697753906,312.04998779296875,314.20001220703125,307.6199951171875,310.8800048828125,20731900
2023-07-19,313.54949951171875,316.010009765625,318.67999267578125,310.5199890136719,313.0299987792969,21763700
2023-07-20,300.16448974609375,302.5199890136719,315.5400085449219,302.2200012207031,313.5,23836900
2023-07-21,291.9687805175781,294.260009765625,305.4599914550781,291.20001220703125,304.57000732421875,42139300
2023-07-24,289.33935546875,291.6099853515625,297.5199890136719,288.29998779296875,295.7799987792969,24915700
2023-07-25,292.17718505859375,294.4700012207031,298.29998779296875,291.8599853515625,295.19000244140625,19585600
2023-07-26,296.24517822265625,298.57000732421875,301.7699890136719,291.8999938964844,301.19000244140625,47256900
2023-07-27,309.2829284667969,311.7099914550781,325.3500061035156,309.8399963378906,325.1199951171875,64229200
2023-07-28,322.9457092285156,325.4800109863281,326.20001220703125,314.25,316.8800048828125,39220300
2023-07-31,316.1192626953125,318.6000061035156,325.6600036621094,317.5899963378906,323.69000244140625,25799600
2023-08-01,320.197265625,322.7099914550781,324.1400146484375,314.6600036621094,317.5400085449219,22817900
2023-08-02,311.8626403808594,314.30999755859375,318.3900146484375,310.6499938964844,318.0,20461100
2023-08-03,310.7514343261719,313.19000244140625,315.95001220703125,309.92999267578125,309.92999267578125,15180200
2023-08-04,308.310546875,310.7300109863281,318.4100036621094,310.20001220703125,314.9599914550781,17612800
2023-08-07,314.0951843261719,316.55999755859375,317.07000732421875,310.4599914550781,313.2300109863281,16236500
2023-08-08,310.2056884765625,312.6400146484375,317.8900146484375,310.1099853515625,314.3999938964844,15183500
2023-08-09,302.83349609375,305.2099914550781,313.6300048828125,302.8500061035156,312.8800048828125,19955800
2023-08-10,303.359375,305.739990234375,312.3399963378906,303.8699951171875,307.94000244140625,14358900
2023-08-11,299.29132080078125,301.6400146484375,304.7200012207031,300.3599853515625,302.57000732421875,14046300
2023-08-14,303.8058776855469,306.19000244140625,306.2099914550781,298.25,300.9800109863281,15641900
2023-08-15,299.5989074707031,301.95001220703125,307.2300109863281,300.0299987792969,306.1400146484375,11623600
2023-08-16,291.9985656738281,294.2900085449219,301.0799865722656,294.2799987792969,300.20001220703125,18547700
2023-08-17,282.8701171875,285.0899963378906,296.04998779296875,284.95001220703125,293.04998779296875,23950100
2023-08-18,281.0445556640625,283.25,285.69000244140625,274.3800048828125,279.0299987792969,35347900
2023-08-21,287.6427001953125,289.8999938964844,290.5,281.8500061035156,283.45001220703125,20181500
2023-08-22,285.3606262207031,287.6000061035156,292.8999938964844,286.75,292.54998779296875,12980200
2023-08-23,291.94891357421875,294.239990234375,297.3999938964844,287.6700134277344,288.5,18287000
2023-08-24,284.5173034667969,286.75,299.4599914550781,286.6400146484375,298.5,18360900
2023-08-25,283.2770080566406,285.5,288.3900146484375,276.0299987792969,286.1300048828125,23701400
2023-08-28,287.99993896484375,290.260009765625,291.45001220703125,285.79998779296875,288.0,14239300
2023-08-29,295.66973876953125,297.989990234375,299.1499938964844,288.17999267578125,288.5799865722656,20844500
2023-08-30,292.80224609375,295.1000061035156,298.2900085449219,293.42999267578125,297.1700134277344,17717000
2023-08-31,293.5861511230469,295.8900146484375,301.1000061035156,295.6600036621094,295.79998779296875,17229900
2023-09-01,294.0722961425781,296.3800048828125,301.739990234375,294.4700012207031,299.3699951171875,12842300
2023-09-05,297.8128967285156,300.1499938964844,301.3900146484375,295.510009765625,297.0199890136719,14956000
2023-09-06,296.840576171875,299.1700134277344,303.29998779296875,295.6600036621094,301.7099914550781,15418100
2023-09-07,296.3444519042969,298.6700134277344,307.04998779296875,292.2200012207031,298.0,33748700
2023-09-08,295.57049560546875,297.8900146484375,305.25,296.7799987792969,299.2200012207031,17548000
2023-09-11,305.1651916503906,307.55999755859375,309.0400085449219,301.2799987792969,301.4100036621094,19489300
2023-09-12,299.3111877441406,301.6600036621094,308.6600036621094,300.2300109863281,306.3299865722656,13480400
2023-09-13,302.6846923828125,305.05999755859375,307.17999267578125,301.32000732421875,302.3599853515625,13210900
2023-09-14,309.2928466796875,311.7200012207031,312.8699951171875,305.0299987792969,306.739990234375,19343100
2023-09-15,297.9716796875,300.30999755859375,312.0,298.75,311.6099853515625,28131100
2023-09-18,300.1942138671875,302.54998779296875,303.6000061035156,297.79998779296875,298.19000244140625,14234200
2023-09-19,302.694580078125,305.07000732421875,306.1700134277344,299.80999755859375,302.4800109863281,15924400
2023-09-20,297.336669921875,299.6700134277344,308.05999755859375,299.42999267578125,305.04998779296875,19379500
2023-09-21,293.4273681640625,295.7300109863281,300.260009765625,293.2699890136719,295.70001220703125,21319600
2023-09-22,296.7512512207031,299.0799865722656,305.3800048828125,298.2699890136719,299.29998779296875,25369600
2023-09-25,298.4875793457031,300.8299865722656,300.95001220703125,293.70001220703125,295.6400146484375,18987000
2023-09-26,296.6321716308594,298.9599914550781,300.29998779296875,296.010009765625,297.6600036621094,19417200
2023-09-27,295.4216613769531,297.739990234375,301.29998779296875,286.7900085449219,300.45001220703125,36429800
2023-09-28,301.5932312011719,303.9599914550781,306.3299865722656,296.70001220703125,298.94000244140625,22167100
2023-09-29,297.8724670410156,300.2099914550781,310.6400146484375,299.3599853515625,307.3800048828125,25373700
2023-10-02,304.4309997558594,306.82000732421875,307.17999267578125,301.6300048828125,302.739990234375,16265600
2023-10-03,298.5967712402344,300.94000244140625,306.7699890136719,299.6400146484375,304.260009765625,17362300
2023-10-04,303.2006530761719,305.5799865722656,306.8999938964844,298.5,298.7300109863281,16880500
2023-10-05,302.41680908203125,304.7900085449219,306.2099914550781,299.5,304.6300048828125,19130000
2023-10-06,312.9739685058594,315.42999267578125,316.30999755859375,300.9100036621094,301.44000244140625,21803900
2023-10-09,315.8811340332031,318.3599853515625,320.3299865722656,311.82000732421875,312.5,22503700
2023-10-10,319.33404541015625,321.8399963378906,324.6600036621094,318.1600036621094,319.1199951171875,19038000
2023-10-11,325.2674865722656,327.82000732421875,328.8399963378906,322.95001220703125,323.010009765625,22036300
2023-10-12,321.63604736328125,324.1600036621094,330.5400085449219,322.69000244140625,328.0,20530500
2023-10-13,312.2397155761719,314.69000244140625,325.04998779296875,312.3699951171875,323.5299987792969,21341000
2023-10-16,318.6494140625,321.1499938964844,321.82000732421875,315.5199890136719,318.6400146484375,16536100
2023-10-17,321.4772033691406,324.0,324.3999938964844,317.29998779296875,318.17999267578125,16387800
2023-10-18,314.501953125,316.9700012207031,325.94000244140625,315.55999755859375,321.3900146484375,16851000
2023-10-19,310.3743591308594,312.80999755859375,321.8900146484375,311.75,319.8800048828125,18709200
2023-10-20,306.2467041015625,308.6499938964844,315.29998779296875,306.4700012207031,314.1400146484375,22312300
2023-10-23,311.5650329589844,314.010009765625,317.3599853515625,307.260009765625,309.5,17796800
2023-10-24,310.1163330078125,312.54998779296875,318.3500061035156,310.6300048828125,316.7799987792969,19525500
2023-10-25,297.1977233886719,299.5299987792969,310.8800048828125,298.8399963378906,310.0,42192500
2023-10-26,286.10479736328125,288.3500061035156,295.0,279.3999938964844,295.0,66684100
2023-10-27,294.4195556640625,296.7300109863281,299.30999755859375,292.9700012207031,294.4800109863281,29596300
2023-10-30,300.3033752441406,302.6600036621094,309.3999938964844,299.04998779296875,299.0899963378906,28435100
2023-10-31,298.9241943359375,301.2699890136719,303.67999267578125,296.8599853515625,303.30999755859375,19434200
2023-11-01,309.421875,311.8500061035156,312.739990234375,301.8500061035156,301.8500061035156,20434600
2023-11-02,308.44940185546875,310.8699951171875,318.82000732421875,308.3299865722656,317.29998779296875,21631800
2023-11-03,312.1504211425781,314.6000061035156,315.54998779296875,311.0199890136719,312.54998779296875,16764300
2023-11-06,313.341064453125,315.79998779296875,318.3299865722656,314.45001220703125,315.9800109863281,12887700
2023-11-07,316.3375549316406,318.82000732421875,321.0,315.1199951171875,317.05999755859375,14055600
2023-11-08,317.29010009765625,319.7799987792969,321.3299865722656,314.8800048828125,318.1400146484375,13609700
2023-11-09,318.0540771484375,320.54998779296875,324.17999267578125,318.79998779296875,319.4200134277344,16103100
2023-11-10,326.2100830078125,328.7699890136719,329.1000061035156,319.4599914550781,319.94000244140625,19096200
2023-11-13,326.6268005371094,329.19000244140625,332.3299865722656,325.70001220703125,326.20001220703125,16908900
2023-11-14,333.6913757324219,336.30999755859375,338.1000061035156,333.3299865722656,334.5400085449219,17179400
2023-11-15,330.1194152832031,332.7099914550781,338.3999938964844,330.0199890136719,337.92999267578125,14531200
2023-11-16,331.5878601074219,334.19000244140625,334.5799865722656,326.3800048828125,329.3699951171875,18932600
2023-11-17,332.4312744140625,335.0400085449219,335.5,329.3500061035156,330.260009765625,14494400
2023-11-20,337.3229064941406,339.9700012207031,341.8699951171875,334.19000244140625,334.8900146484375,16960500
2023-11-21,334.3561096191406,336.9800109863281,339.8999938964844,335.8999938964844,338.3299865722656,12027900
2023-11-22,338.8310241699219,341.489990234375,342.9200134277344,338.5799865722656,339.2099914550781,10702700
2023-11-24,335.596435546875,338.2300109863281,341.8599853515625,336.7699890136719,340.1300048828125,5467500
2023-11-27,332.09393310546875,334.70001220703125,339.8999938964844,334.20001220703125,336.17999267578125,15684500
2023-11-28,336.3504638671875,338.989990234375,339.3800048828125,333.3999938964844,333.3999938964844,12637200
2023-11-29,329.61334228515625,332.20001220703125,339.8999938964844,330.7799987792969,339.69000244140625,16024500
2023-11-30,324.6026611328125,327.1499938964844,333.5,322.3999938964844,331.8900146484375,23146400
2023-12-01,322.2908020019531,324.82000732421875,326.8599853515625,320.760009765625,325.4800109863281,15276400
2023-12-04,317.5281677246094,320.0199890136719,320.8599853515625,313.6600036621094,317.2900085449219,19037100
2023-12-05,315.8116760253906,318.2900085449219,321.8800048828125,315.3900146484375,318.9800109863281,16952100
2023-12-06,314.9782409667969,317.45001220703125,322.25,317.0400085449219,321.92999267578125,11294300
2023-12-07,324.04705810546875,326.5899963378906,328.239990234375,317.7699890136719,317.7699890136719,15905100
2023-12-08,330.1590576171875,332.75,333.1700134277344,323.0,323.0899963378906,14087400
2023-12-11,322.7472229003906,325.2799987792969,329.8900146484375,320.0,329.3999938964844,25802500
2023-12-12,331.6176452636719,334.2200012207031,334.4700012207031,324.55999755859375,324.6000061035156,18485500
2023-12-13,332.1335754394531,334.739990234375,338.3699951171875,332.6400146484375,333.92999267578125,16353300
2023-12-14,330.5758056640625,333.1700134277344,334.70001220703125,328.6400146484375,333.8500061035156,19607300
2023-12-15,332.3121643066406,334.9200134277344,338.6600036621094,331.2200012207031,331.989990234375,31776900
2023-12-18,341.9366760253906,344.6199951171875,347.55999755859375,337.0199890136719,337.4800109863281,18993900
2023-12-19,347.6319580078125,350.3599853515625,353.6000061035156,345.1199951171875,345.5799865722656,17729400
2023-12-20,346.56036376953125,349.2799987792969,354.9599914550781,347.7900085449219,348.6499938964844,16369900
2023-12-21,351.3329162597656,354.0899963378906,356.4100036621094,349.2099914550781,352.9800109863281,15289600
2023-12-22,350.63836669921875,353.3900146484375,357.20001220703125,351.2200012207031,355.5799865722656,11772800
2023-12-26,352.067138671875,354.8299865722656,356.9800109863281,353.45001220703125,354.989990234375,9898600
2023-12-27,355.0437927246094,357.8299865722656,359.0,355.30999755859375,356.07000732421875,13207900
2023-12-28,355.530029296875,358.32000732421875,361.8999938964844,357.80999755859375,359.70001220703125,11798800
2023-12-29,351.2039489746094,353.9599914550781,360.0,351.82000732421875,358.989990234375,14987100
2024-01-02,343.5936584472656,346.2900085449219,353.1600036621094,340.010009765625,351.32000732421875,19042200
2024-01-03,341.787841796875,344.4700012207031,347.95001220703125,343.17999267578125,344.9800109863281,15451100
2024-01-04,344.4172058105469,347.1199951171875,348.1499938964844,343.3999938964844,344.5,12099900
2024-01-05,349.2095642089844,351.95001220703125,353.5,346.260009765625,346.989990234375,13920700
2024-01-08,355.8673095703125,358.6600036621094,358.9800109863281,352.04998779296875,354.70001220703125,13890200
2024-01-09,354.6468811035156,357.42999267578125,360.6400146484375,355.3599853515625,356.3999938964844,13463900
2024-01-10,367.5854187011719,370.4700012207031,372.94000244140625,359.0799865722656,360.1700134277344,22117200
2024-01-11,366.7916259765625,369.6700134277344,372.7799987792969,362.92999267578125,372.1300048828125,17205400
2024-01-12,371.57403564453125,374.489990234375,377.05999755859375,369.5400085449219,370.1600036621094,19310000
2024-01-16,364.598876953125,367.4599914550781,375.6099853515625,367.2300109863281,373.6499938964844,15306900
2024-01-17,365.501708984375,368.3699951171875,368.5400085449219,358.6099853515625,366.29998779296875,12724800
2024-01-18,373.2012939453125,376.1300048828125,376.8500061035156,370.95001220703125,371.489990234375,16354300
2024-01-19,380.46429443359375,383.45001220703125,384.3599853515625,377.9700012207031,379.0,21670800
2024-01-22,378.8073425292969,381.7799987792969,390.3500061035156,381.1600036621094,387.95001220703125,17680500
2024-01-23,382.2006530761719,385.20001220703125,388.3800048828125,382.0799865722656,384.6199951171875,15506100
2024-01-24,387.65789794921875,390.70001220703125,396.1499938964844,387.80999755859375,390.0,15698500
2024-01-25,390.11859130859375,393.17999267578125,395.489990234375,385.6600036621094,390.1700134277344,15091100
2024-01-26,391.07110595703125,394.1400146484375,396.7900085449219,391.5899963378906,394.3500061035156,13163700
2024-01-29,397.8974914550781,401.0199890136719,402.92999267578125,393.1000061035156,394.989990234375,18742400
2024-01-30,396.9449768066406,400.05999755859375,406.3599853515625,399.57000732421875,403.5899963378906,18614700
2024-01-31,387.1022033691406,390.1400146484375,398.0,387.1000061035156,389.0,20180800
2024-02-01,391.70611572265625,394.7799987792969,400.5,393.04998779296875,393.94000244140625,29727100
2024-02-02,471.29150390625,474.989990234375,485.9599914550781,453.010009765625,459.6000061035156,84707600
2024-02-05,455.8328857421875,459.4100036621094,471.8999938964844,459.2200012207031,469.8800048828125,40832400
2024-02-06,451.1793518066406,454.7200012207031,467.1199951171875,453.0,464.0,21655200
2024-02-07,465.93359375,469.5899963378906,471.5199890136719,456.17999267578125,458.0,23066000
2024-02-08,466.34039306640625,470.0,470.5899963378906,465.0299987792969,468.32000732421875,18815100
2024-02-09,464.465087890625,468.1099853515625,473.5899963378906,467.4700012207031,472.95001220703125,18413100
2024-02-12,465.2489929199219,468.8999938964844,479.1499938964844,466.5799865722656,468.19000244140625,19382000
2024-02-13,456.5373229980469,460.1199951171875,467.8900146484375,455.0899963378906,456.8699951171875,20916600
2024-02-14,469.59490966796875,473.2799987792969,474.1099853515625,466.0899963378906,467.92999267578125,16858400
2024-02-15,480.26116943359375,484.0299987792969,488.6199951171875,472.2200012207031,475.2799987792969,24212300
2024-02-16,469.6346130371094,473.32000732421875,478.9599914550781,469.2099914550781,478.1099853515625,23324600
2024-02-20,468.0767822265625,471.75,476.17999267578125,466.55999755859375,469.7200012207031,18015500
2024-02-21,464.87847900390625,468.0299987792969,469.0,461.7900085449219,466.5,12921800
2024-02-22,482.8565673828125,486.1300048828125,489.989990234375,476.05999755859375,480.239990234375,21625800
2024-02-23,480.7707214355469,484.0299987792969,494.3599853515625,482.3500061035156,488.04998779296875,18374300
2024-02-26,478.4961853027344,481.739990234375,486.1400146484375,480.6000061035156,483.4700012207031,12101400
2024-02-27,483.7703857421875,487.04998779296875,487.2699890136719,479.9200134277344,479.9800109863281,10809600
2024-02-28,480.7607727050781,484.0199890136719,491.04998779296875,482.75,485.0,12715500
2024-02-29,486.8296203613281,490.1300048828125,491.70001220703125,482.6099853515625,488.44000244140625,17732000
2024-03-01,498.9176940917969,502.29998779296875,504.25,491.8500061035156,492.1099853515625,16273600
2024-03-04,494.83538818359375,498.19000244140625,504.4200134277344,496.4200134277344,503.0,12324100
2024-03-05,486.91900634765625,490.2200012207031,495.5799865722656,487.8900146484375,495.0,15325300
2024-03-06,492.74951171875,496.0899963378906,502.9700012207031,494.2900085449219,497.6300048828125,11757900
2024-03-07,508.7410888671875,512.1900024414062,519.8499755859375,501.3800048828125,503.2799987792969,18586400
2024-03-08,502.5431823730469,505.95001220703125,523.5700073242188,499.3500061035156,514.1900024414062,18597100
2024-03-11,480.33367919921875,483.5899963378906,497.32000732421875,476.0,497.010009765625,20428300
2024-03-12,496.3848876953125,499.75,502.30999755859375,484.7300109863281,493.260009765625,15448200
2024-03-13,492.2330017089844,495.57000732421875,500.9800109863281,491.0299987792969,495.3900146484375,12090700
2024-03-14,488.5182189941406,491.8299865722656,501.3500061035156,488.1600036621094,500.260009765625,12620000
2024-03-15,480.8402404785156,484.1000061035156,491.8299865722656,481.29998779296875,489.010009765625,29153600
2024-03-18,493.633544921875,496.9800109863281,497.4200134277344,486.80999755859375,491.9100036621094,11755300
2024-03-19,492.8984680175781,496.239990234375,496.6300048828125,481.2799987792969,488.1700134277344,10903100
2024-03-20,502.11602783203125,505.5199890136719,508.20001220703125,495.1700134277344,499.5,11711100
2024-03-21,504.3409423828125,507.760009765625,515.0399780273438,506.010009765625,514.7100219726562,9712500
2024-03-22,506.148681640625,509.5799865722656,509.9700012207031,504.3399963378906,507.0,8120600
2024-03-25,499.6328430175781,503.0199890136719,507.2200012207031,500.239990234375,505.7900085449219,8380600
2024-03-26,492.55084228515625,495.8900146484375,510.0,495.2099914550781,505.1300048828125,11205400
2024-03-27,490.5345153808594,493.8599853515625,499.8900146484375,488.07000732421875,499.29998779296875,9989700
2024-03-28,482.3102722167969,485.5799865722656,492.8900146484375,485.1499938964844,492.8399963378906,15212800
2024-04-01,488.04144287109375,491.3500061035156,497.42999267578125,481.7799987792969,487.20001220703125,9247000
2024-04-02,494.0208740234375,497.3699951171875,497.5299987792969,484.6499938964844,485.1000061035156,11081000
2024-04-03,503.3277893066406,506.739990234375,507.239990234375,498.75,498.92999267578125,12099200
2024-04-04,507.4797058105469,510.9200134277344,530.0,510.5799865722656,516.4199829101562,26476300
2024-04-05,523.7890625,527.3400268554688,530.7000122070312,514.4099731445312,516.8599853515625,19263300
2024-04-08,515.7535400390625,519.25,531.489990234375,518.8900146484375,529.280029296875,13260600
2024-04-09,513.4193725585938,516.9000244140625,525.8699951171875,506.739990234375,522.22998046875,10863800
2024-04-10,516.32958984375,519.8300170898438,522.5599975585938,505.79998779296875,509.2900085449219,11418500
2024-04-11,519.6372680664062,523.1599731445312,523.8599853515625,517.2899780273438,521.1099853515625,10369500
2024-04-12,508.45306396484375,511.8999938964844,520.1900024414062,509.3299865722656,517.75,11984500
2024-04-15,496.86163330078125,500.2300109863281,518.530029296875,497.2799987792969,516.719970703125,13512900
2024-04-16,496.39483642578125,499.760009765625,504.7699890136719,497.1099853515625,498.1099853515625,9847900
2024-04-17,490.8424377441406,494.1700134277344,503.1600036621094,487.1400146484375,503.1000061035156,12193700
2024-04-18,498.4210205078125,501.79998779296875,512.2100219726562,499.0400085449219,499.82000732421875,14808700
2024-04-19,477.8306884765625,481.07000732421875,502.79998779296875,475.7300109863281,502.79998779296875,25215400
2024-04-22,478.4862060546875,481.7300109863281,492.010009765625,473.3999938964844,489.7200012207031,17271100
2024-04-23,492.75946044921875,496.1000061035156,498.760009765625,488.9700012207031,491.25,15079200
2024-04-24,490.17694091796875,493.5,510.0,484.5799865722656,508.05999755859375,37772700
2024-04-25,438.40789794921875,441.3800048828125,445.7699890136719,414.5,421.3999938964844,82890700
2024-04-26,440.3050537109375,443.2900085449219,446.44000244140625,431.9599914550781,441.4599914550781,32691400
2024-04-29,429.7068786621094,432.6199951171875,439.760009765625,428.55999755859375,439.55999755859375,21502600
2024-04-30,427.2734375,430.1700134277344,439.6199951171875,429.7200012207031,431.04998779296875,18429500
2024-05-01,436.232666015625,439.19000244140625,449.9599914550781,427.1099853515625,428.6000061035156,20344900
2024-05-02,438.70587158203125,441.67999267578125,443.9599914550781,432.2799987792969,438.8399963378906,15221300
2024-05-03,448.9166259765625,451.9599914550781,454.1700134277344,443.8500061035156,445.92999267578125,16489100
2024-05-06,462.5443115234375,465.67999267578125,466.1600036621094,453.3399963378906,455.5799865722656,15094600
2024-05-07,465.0870056152344,468.239990234375,471.5299987792969,461.30999755859375,466.2900085449219,13406800
2024-05-08,469.4177551269531,472.6000061035156,475.5799865722656,463.0,463.5,11683900
2024-05-09,472.21875,475.4200134277344,476.0799865722656,467.6300048828125,470.0,9437700
2024-05-10,472.9934387207031,476.20001220703125,477.5,469.6000061035156,477.0899963378906,10750000
2024-05-13,464.8586120605469,468.010009765625,473.3500061035156,462.8500061035156,472.75,14668800
2024-05-14,468.6727294921875,471.8500061035156,472.5400085449219,460.0799865722656,463.3699951171875,10478600
2024-05-15,478.2974853515625,481.5400085449219,482.5,471.20001220703125,474.9800109863281,13100500
2024-05-16,470.04345703125,473.2300109863281,477.69000244140625,472.75,475.0,16608200
2024-05-17,468.7323303222656,471.9100036621094,472.79998779296875,468.4200134277344,470.8299865722656,10807300
2024-05-20,465.6830139160156,468.8399963378906,473.20001220703125,467.0400085449219,469.95001220703125,11745100
2024-05-21,461.5013427734375,464.6300048828125,470.70001220703125,462.2699890136719,467.1199951171875,11742200
2024-05-22,464.630126953125,467.7799987792969,473.7200012207031,465.6499938964844,467.8699951171875,10078600
2024-05-23,462.64361572265625,465.7799987792969,474.3599853515625,461.5400085449219,472.8800048828125,11747900
2024-05-24,474.9998779296875,478.2200012207031,479.8500061035156,466.29998779296875,467.6199951171875,12024300
2024-05-28,476.6883850097656,479.9200134277344,480.8599853515625,474.8399963378906,476.5799865722656,10175800
2024-05-29,471.1658020019531,474.3599853515625,479.8500061035156,473.70001220703125,474.6600036621094,9226200
2024-05-30,463.9050598144531,467.04998779296875,471.7300109863281,464.7099914550781,471.6700134277344,10719600
2024-05-31,463.6865234375,466.8299865722656,469.1199951171875,454.4599914550781,465.79998779296875,16919800
2024-06-03,474.2747497558594,477.489990234375,479.6000061035156,468.239990234375,470.8599853515625,11279400
2024-06-04,473.7781066894531,476.989990234375,478.8900146484375,473.2300109863281,477.0,7088700
2024-06-05,491.7264099121094,495.05999755859375,496.6499938964844,483.9100036621094,484.45001220703125,15690500
2024-06-06,490.4352111816406,493.760009765625,502.82000732421875,490.8900146484375,492.9800109863281,10667300
2024-06-07,489.6405944824219,492.9599914550781,498.9100036621094,490.1700134277344,495.9100036621094,9380700
2024-06-10,499.2156677246094,502.6000061035156,502.6600036621094,493.4100036621094,493.8599853515625,11220900
2024-06-11,504.0528564453125,507.4700012207031,507.6000061035156,498.2699890136719,500.1600036621094,9673700
2024-06-12,505.4136657714844,508.8399963378906,514.010009765625,504.4700012207031,513.989990234375,11983200
2024-06-13,500.7055969238281,504.1000061035156,509.3599853515625,501.3599853515625,505.7099914550781,9954600
2024-06-14,501.2624206542969,504.1600036621094,507.1499938964844,500.75,502.6499938964844,10243300
2024-06-17,503.7182312011719,506.6300048828125,510.75,496.010009765625,501.6700134277344,11266600
2024-06-18,496.61920166015625,499.489990234375,506.0,495.0199890136719,504.55999755859375,13060400
2024-06-20,498.8165283203125,501.70001220703125,503.6700134277344,496.7699890136719,502.0,11801200
2024-06-21,491.9362487792969,494.7799987792969,503.45001220703125,492.3900146484375,503.45001220703125,22359200
2024-06-24,496.0425109863281,498.9100036621094,507.79998779296875,494.2900085449219,499.20001220703125,13525300
2024-06-25,507.6653747558594,510.6000061035156,510.7099914550781,495.5,497.04998779296875,12063200
2024-06-26,510.1708679199219,513.1199951171875,513.8099975585938,504.67999267578125,506.6499938964844,8882300
2024-06-27,516.5739135742188,519.5599975585938,522.8800048828125,513.9000244140625,514.25,10121200
2024-06-28,501.3220520019531,504.2200012207031,521.8800048828125,503.8399963378906,517.1500244140625,15855100
2024-07-01,501.77935791015625,504.67999267578125,506.5799865722656,493.1700134277344,504.95001220703125,10328200
2024-07-02,506.5716857910156,509.5,510.5,499.45001220703125,500.760009765625,7739500
2024-07-03,507.0290222167969,509.9599914550781,511.2799987792969,506.0199890136719,506.3699951171875,6005600
2024-07-05,536.8069458007812,539.9099731445312,540.8699951171875,511.6000061035156,511.6000061035156,21354100
2024-07-08,526.27783203125,529.3200073242188,542.8099975585938,526.6500244140625,542.3499755859375,14917500
2024-07-09,526.953857421875,530.0,537.47998046875,528.1900024414062,533.75,8753200
2024-07-10,531.6168823242188,534.6900024414062,538.8800048828125,528.3599853515625,530.7899780273438,10983300
2024-07-11,509.75323486328125,512.7000122070312,535.4600219726562,508.3699951171875,530.8900146484375,16458300
2024-07-12,496.00274658203125,498.8699951171875,508.0899963378906,494.2300109863281,497.760009765625,19750500
2024-07-15,493.3083190917969,496.1600036621094,506.67999267578125,493.3699951171875,498.6300048828125,12539200
2024-07-16,486.9750061035156,489.7900085449219,503.95001220703125,485.7900085449219,501.5,14075800
2024-07-17,459.3347473144531,461.989990234375,479.1700134277344,459.1199951171875,479.1700134277344,28076600
2024-07-18,473.1150817871094,475.8500061035156,479.239990234375,464.5400085449219,475.0,19267200
2024-07-19,474.0496826171875,476.7900085449219,486.7099914550781,475.7099914550781,476.05999755859375,15149400
2024-07-22,484.59869384765625,487.3999938964844,492.05999755859375,483.8999938964844,486.5799865722656,12023100
2024-07-23,485.8812561035156,488.69000244140625,495.2200012207031,487.7200012207031,489.8399963378906,9455500
2024-07-24,458.6188659667969,461.2699890136719,476.29998779296875,460.5799865722656,472.30999755859375,17649700
2024-07-25,450.8040466308594,453.4100036621094,463.54998779296875,442.6499938964844,463.260009765625,18240500
2024-07-26,463.0234069824219,465.70001220703125,469.7699890136719,459.4200134277344,464.20001220703125,14222400
2024-07-29,463.0333557128906,465.7099914550781,473.9599914550781,465.0199890136719,469.8800048828125,11339600
2024-07-30,460.5278625488281,463.19000244140625,472.7300109863281,456.70001220703125,467.0,11390400
2024-07-31,472.1009521484375,474.8299865722656,476.5,466.75,471.0199890136719,24285800
2024-08-01,494.8792724609375,497.739990234375,527.1699829101562,492.1000061035156,521.0,43083100
2024-08-02,485.3344421386719,488.1400146484375,501.1499938964844,476.1499938964844,489.0,24044700
2024-08-05,472.99578857421875,475.7300109863281,483.4800109863281,450.79998779296875,451.3500061035156,21396200
2024-08-06,491.25030517578125,494.0899963378906,502.55999755859375,478.6499938964844,479.0,20955000
2024-08-07,486.1099548339844,488.9200134277344,510.1499938964844,486.8599853515625,503.1300048828125,20105300
2024-08-08,506.700927734375,509.6300048828125,509.9599914550781,494.7200012207031,497.5,16156800
2024-08-09,514.7942504882812,517.77001953125,518.3400268554688,505.70001220703125,507.7099914550781,13696600
2024-08-12,512.984619140625,515.9500122070312,518.02001953125,509.1000061035156,516.8599853515625,9767400
2024-08-13,525.5022583007812,528.5399780273438,531.5,518.1500244140625,520.010009765625,13743800
2024-08-14,523.732421875,526.760009765625,534.0,523.1300048828125,528.0599975585938,11444200
2024-08-15,534.2417602539062,537.3300170898438,539.77001953125,526.7000122070312,531.7899780273438,13482100
2024-08-16,524.388671875,527.4199829101562,533.6599731445312,524.6599731445312,531.9000244140625,14776700
2024-08-19,526.2379150390625,529.280029296875,531.6599731445312,522.760009765625,526.8699951171875,9879700
2024-08-20,523.7025756835938,526.72998046875,531.0900268554688,525.8800048828125,528.3499755859375,7944400
2024-08-21,532.0841064453125,535.1599731445312,539.4000244140625,526.9299926757812,527.1500244140625,13423300
2024-08-22,528.872802734375,531.9299926757812,544.22998046875,528.5900268554688,537.0,15708300
2024-08-23,524.96533203125,528.0,539.8699951171875,525.0599975585938,536.9199829101562,11323900
2024-08-26,518.1248779296875,521.1199951171875,528.0,514.9500122070312,527.5999755859375,9584000
2024-08-27,516.116455078125,519.0999755859375,524.010009765625,515.3099975585938,518.97998046875,6282700
2024-08-28,513.8099365234375,516.780029296875,521.0900268554688,512.4500122070312,517.6699829101562,9106100
2024-08-29,515.2416381835938,518.219970703125,527.2000122070312,515.6799926757812,519.0499877929688,8317400
2024-08-30,518.3137817382812,521.3099975585938,523.5399780273438,515.2000122070312,521.3499755859375,9157500
2024-09-03,508.8186950683594,511.760009765625,525.489990234375,508.6199951171875,519.6400146484375,12459100
2024-09-04,509.7930603027344,512.739990234375,516.5900268554688,504.07000732421875,506.07000732421875,8335200
2024-09-05,513.8894653320312,516.8599853515625,521.6300048828125,511.1499938964844,511.7200012207031,8640900
2024-09-06,497.39471435546875,500.2699890136719,524.5800170898438,498.25,521.8800048828125,14744500
2024-09-09,501.88873291015625,504.7900085449219,511.3299865722656,502.0799865722656,506.1600036621094,11047800
2024-09-10,501.88873291015625,504.7900085449219,514.1799926757812,500.0299987792969,508.1600036621094,9899000
2024-09-11,508.88824462890625,511.8299865722656,513.1199951171875,495.6000061035156,507.010009765625,10782500
2024-09-12,522.5791625976562,525.5999755859375,526.7100219726562,515.219970703125,517.0499877929688,11970500
2024-09-13,521.6047973632812,524.6199951171875,527.5800170898438,517.1099853515625,520.3400268554688,10321400
2024-09-16,530.7208251953125,533.280029296875,534.0999755859375,517.4000244140625,524.5399780273438,9527600
2024-09-17,533.7462768554688,536.3200073242188,542.0999755859375,530.5700073242188,537.5999755859375,11690800
2024-09-18,535.368408203125,537.9500122070312,544.2000122070312,533.9000244140625,537.0700073242188,10323500
2024-09-19,556.4169311523438,559.0999755859375,562.0700073242188,546.52001953125,550.0,15647000
2024-09-20,558.6561889648438,561.3499755859375,564.5,556.2999877929688,560.0,22066800
2024-09-23,561.701416015625,564.4099731445312,573.97998046875,562.4099731445312,569.5,12830700
2024-09-24,560.6266479492188,563.3300170898438,567.75,554.1900024414062,566.6799926757812,12993000
2024-09-25,565.5827026367188,568.3099975585938,576.8800048828125,563.719970703125,564.0499877929688,16543400
2024-09-26,565.114990234375,567.8400268554688,577.4000244140625,562.3499755859375,575.72998046875,14400800
2024-09-27,564.6372680664062,567.3599853515625,570.8400268554688,564.510009765625,570.0999755859375,9398400
2024-09-30,569.69287109375,572.4400024414062,574.6799926757812,564.7999877929688,567.7000122070312,12792300
2024-10-01,573.7035522460938,576.469970703125,583.0399780273438,570.0999755859375,577.97998046875,15259300
2024-10-02,570.0610961914062,572.8099975585938,576.0,569.3400268554688,574.8599853515625,6524700
2024-10-03,579.9733276367188,582.77001953125,583.3599853515625,568.72998046875,570.1500244140625,11581000
2024-10-04,593.0801391601562,595.9400024414062,596.8499755859375,581.4299926757812,583.72998046875,14169500
2024-10-07,581.9737548828125,584.780029296875,602.9500122070312,584.0399780273438,598.219970703125,12014200
2024-10-08,590.0447387695312,592.8900146484375,593.5599975585938,585.969970703125,589.6900024414062,7857400
2024-10-09,587.6762084960938,590.510009765625,594.3900146484375,581.6099853515625,593.989990234375,9529700
2024-10-10,581.0282592773438,583.8300170898438,590.22998046875,582.52001953125,587.5700073242188,7740400
2024-10-11,587.1189575195312,589.9500122070312,591.2100219726562,582.7100219726562,584.8300170898438,8587100
2024-10-14,587.5866088867188,590.4199829101562,600.0999755859375,589.9600219726562,594.219970703125,8252000
2024-10-15,583.45654296875,586.27001953125,590.6099853515625,580.1400146484375,590.1599731445312,9564200
2024-10-16,574.02197265625,576.7899780273438,582.0800170898438,574.030029296875,581.4000244140625,11268400
2024-10-17,574.1612548828125,576.9299926757812,584.969970703125,575.2000122070312,583.3300170898438,8701200
2024-10-18,573.7035522460938,576.469970703125,583.969970703125,575.25,581.0999755859375,7694300
2024-10-21,572.3998413085938,575.1599731445312,577.239990234375,569.1099853515625,576.030029296875,8171900
2024-10-22,579.2169189453125,582.010009765625,583.530029296875,572.1199951171875,574.2899780273438,8544500
2024-10-23,560.98486328125,563.6900024414062,585.0,562.5,579.969970703125,14248400
2024-10-24,565.0552978515625,567.780029296875,568.8800048828125,561.52001953125,567.1300048828125,7184700
2024-10-25,570.4990234375,573.25,581.2899780273438,571.719970703125,573.9299926757812,11337900
2024-10-28,575.3854370117188,578.1599731445312,583.75,574.1199951171875,582.0,10925100
2024-10-29,590.4329223632812,593.280029296875,593.6699829101562,575.4000244140625,580.1500244140625,13019100
2024-10-30,588.9599609375,591.7999877929688,601.2000122070312,589.3800048828125,600.97998046875,26864900
2024-10-31,564.8562622070312,567.5800170898438,589.9000244140625,563.010009765625,585.0,26838400
2024-11-01,564.4381713867188,567.1599731445312,573.6699829101562,562.5599975585938,567.6099853515625,15303200
2024-11-04,557.9892578125,560.6799926757812,568.6900024414062,557.8900146484375,564.0999755859375,12064600
2024-11-05,569.682861328125,572.4299926757812,573.47998046875,566.6699829101562,567.2999877929688,9775400
2024-11-06,569.3047485351562,572.0499877929688,573.0,555.1699829101562,562.75,18305400
2024-11-07,588.8604736328125,591.7000122070312,594.7999877929688,575.2100219726562,576.8900146484375,14653700
2024-11-08,586.5118408203125,589.3400268554688,593.0999755859375,584.52001953125,591.5399780273438,9415700
2024-11-11,580.3713989257812,583.1699829101562,587.0,576.510009765625,586.3599853515625,10209100
2024-11-12,582.013427734375,584.8200073242188,599.6599731445312,580.3800048828125,588.5399780273438,16287700
2024-11-13,577.2166137695312,580.0,585.6400146484375,575.1699829101562,582.6099853515625,10757600
2024-11-14,574.3902587890625,577.1599731445312,580.760009765625,573.010009765625,577.0,11053700
2024-11-15,551.4210205078125,554.0800170898438,572.5700073242188,551.5,571.219970703125,17712900
2024-11-18,551.7394409179688,554.4000244140625,559.9000244140625,550.0900268554688,557.0399780273438,14327300
2024-11-19,558.3973999023438,561.0900268554688,561.4299926757812,550.5999755859375,551.8599853515625,9522400
2024-11-20,562.80615234375,565.52001953125,566.3499755859375,554.2000122070312,562.9299926757812,9797300
2024-11-21,560.3877563476562,563.0900268554688,570.0,549.0499877929688,569.52001953125,11154700
2024-11-22,556.4567260742188,559.1400146484375,563.8300170898438,554.5900268554688,563.5499877929688,9164000
2024-11-25,562.3980102539062,565.1099853515625,572.5900268554688,556.3900146484375,562.0999755859375,13599800
2024-11-26,570.78759765625,573.5399780273438,577.5,565.2000122070312,566.0,10356600
2024-11-27,566.4684448242188,569.2000122070312,574.97998046875,564.0999755859375,574.8900146484375,7200200
2024-11-29,571.5638427734375,574.3200073242188,578.4600219726562,566.9000244140625,569.0,7130500
2024-12-02,589.9850463867188,592.8300170898438,594.5,575.5700073242188,577.5,12522400
2024-12-03,610.7051391601562,613.6500244140625,614.2000122070312,591.25,595.0,14907200
2024-12-04,610.8345336914062,613.780029296875,617.780029296875,605.0999755859375,612.9600219726562,14697000
2024-12-05,606.0078125,608.9299926757812,619.9000244140625,607.0499877929688,617.0800170898438,8081200
2024-12-06,620.776611328125,623.77001953125,629.7899780273438,608.530029296875,610.0999755859375,16935500
2024-12-09,610.62548828125,613.5700073242188,626.4000244140625,606.1699829101562,623.9199829101562,11426000
2024-12-10,616.3479614257812,619.3200073242188,625.5900268554688,612.739990234375,617.5599975585938,10938900
2024-12-11,629.6437377929688,632.6799926757812,638.4000244140625,621.530029296875,623.3699951171875,10837200
2024-12-12,627.762939453125,630.7899780273438,636.6599731445312,627.2100219726562,631.5,7474700
2024-12-13,617.373046875,620.3499755859375,631.0800170898438,616.8900146484375,627.219970703125,8453300
2024-12-16,621.7454223632812,624.239990234375,631.1500244140625,618.5800170898438,629.97998046875,10885600
2024-12-17,616.964599609375,619.4400024414062,632.3699951171875,616.5399780273438,626.1699829101562,12897800
2024-12-18,594.803466796875,597.1900024414062,627.3599853515625,596.3200073242188,621.0,17075500
2024-12-19,593.1900024414062,595.5700073242188,611.52001953125,595.0,610.3900146484375,14958100
2024-12-20,582.9112548828125,585.25,603.1099853515625,580.0,590.5800170898438,48989400
2024-12-23,597.452880859375,599.8499755859375,601.0900268554688,586.25,589.5999755859375,10205800
2024-12-24,605.3213500976562,607.75,607.989990234375,599.280029296875,602.719970703125,4726100
2024-12-26,600.9389038085938,603.3499755859375,606.2999877929688,598.9400024414062,605.47998046875,6081400
2024-12-27,597.4130249023438,599.8099975585938,601.8499755859375,589.7999877929688,599.4099731445312,8084200
2024-12-30,588.877197265625,591.239990234375,596.9400024414062,585.5800170898438,588.75,7025900
2024-12-31,583.1702270507812,585.510009765625,593.969970703125,583.8499755859375,592.27001953125,6019500
2025-01-02,596.8453979492188,599.239990234375,604.9099731445312,587.8200073242188,589.719970703125,12682300
2025-01-03,602.2137451171875,604.6300048828125,609.5,596.4099731445312,604.760009765625,11436800
2025-01-06,627.6815795898438,630.2000122070312,630.989990234375,605.6199951171875,611.8300170898438,14560800
2025-01-07,615.4207763671875,617.8900146484375,632.0999755859375,608.22998046875,631.7000122070312,12071500
2025-01-08,608.2794189453125,610.719970703125,616.4400024414062,602.7899780273438,613.4000244140625,10085800
2025-01-10,613.3988037109375,615.8599853515625,629.9099731445312,597.3400268554688,610.030029296875,19256600
2025-01-13,605.8989868164062,608.3300170898438,608.969970703125,598.4500122070312,607.0999755859375,10785000
2025-01-14,591.8751831054688,594.25,605.489990234375,588.5499877929688,605.0700073242188,13598000
2025-01-15,614.6539306640625,617.1199951171875,622.4600219726562,606.5,610.2100219726562,15524300
2025-01-16,608.8571166992188,611.2999877929688,616.25,609.7100219726562,611.5,8355300
2025-01-17,610.3212890625,612.77001953125,624.969970703125,603.6699829101562,624.0499877929688,17280600
2025-01-21,613.9965209960938,616.4600219726562,621.5,609.010009765625,617.8300170898438,11674000
2025-01-22,621.0084228515625,623.5,633.7000122070312,619.4299926757812,623.2999877929688,12274000
2025-01-23,633.9066162109375,636.4500122070312,636.5999755859375,621.1500244140625,627.3599853515625,9910200
2025-01-24,644.9025268554688,647.489990234375,652.0,634.2000122070312,636.4000244140625,19065300
2025-01-27,657.2429809570312,659.8800048828125,663.8699951171875,625.0999755859375,626.6099853515625,28399200
2025-01-28,671.6353149414062,674.3300170898438,682.5800170898438,659.469970703125,666.0,20950100
2025-01-29,673.7865600585938,676.489990234375,681.0499877929688,665.6699829101562,675.0,21377800
2025-01-30,684.254638671875,687.0,710.7899780273438,676.0999755859375,696.8200073242188,29322900
2025-01-31,686.4259033203125,689.1799926757812,705.2999877929688,685.5800170898438,691.0,19303900
2025-02-03,694.6728515625,697.4600219726562,704.0,675.25,675.9099731445312,21415700
2025-02-04,701.3759155273438,704.1900024414062,707.7100219726562,691.6099853515625,702.5,13826300
2025-02-05,702.05322265625,704.8699951171875,718.1400146484375,699.010009765625,703.5499877929688,17778200
2025-02-06,709.1447143554688,711.989990234375,718.9000244140625,703.5,705.8800048828125,13080700
2025-02-07,711.6646118164062,714.52001953125,725.010009765625,711.75,716.7999877929688,16427100
2025-02-10,714.5331420898438,717.4000244140625,721.2000122070312,711.3300170898438,718.5599975585938,12904300
2025-02-11,716.9235229492188,719.7999877929688,723.6599731445312,710.0399780273438,713.3200073242188,12998000
2025-02-12,722.4812622070312,725.3800048828125,727.0999755859375,712.5999755859375,715.2999877929688,12016500
2025-02-13,725.6485595703125,728.5599975585938,729.0,718.0399780273438,721.52001953125,12569100
2025-02-14,733.7261352539062,736.6699829101562,740.9099731445312,725.6199951171875,726.1400146484375,16901200
2025-02-18,713.5072631835938,716.3699951171875,737.0,706.4400024414062,736.0,21938700
2025-02-19,700.9575805664062,703.77001953125,707.0,695.3900146484375,704.0999755859375,17535500
2025-02-20,692.063232421875,694.8400268554688,705.6300048828125,693.6400146484375,697.280029296875,12587400
2025-02-21,680.818359375,683.5499877929688,703.8699951171875,682.3599853515625,696.5800170898438,15660400
2025-02-24,665.4600219726562,668.1300048828125,687.27001953125,662.4500122070312,686.280029296875,15677000
2025-02-25,654.8724975585938,657.5,668.0,641.8599853515625,665.969970703125,20579700
2025-02-26,671.0077514648438,673.7000122070312,683.010009765625,658.0,659.6500244140625,14488700
2025-02-27,655.6095581054688,658.239990234375,688.6500244140625,657.5700073242188,682.4500122070312,12500000
2025-02-28,665.52978515625,668.2000122070312,669.6300048828125,642.5999755859375,658.0399780273438,17534200
2025-03-03,652.4322509765625,655.0499877929688,681.25,650.8400268554688,673.6799926757812,10843800
2025-03-04,637.4425048828125,640.0,649.75,623.6500244140625,645.510009765625,21495200
2025-03-05,653.8465576171875,656.469970703125,659.5,637.6599731445312,641.0,13770000
2025-03-06,625.4207153320312,627.9299926757812,650.5599975585938,624.1099853515625,648.0,13446500
2025-03-07,623.1597290039062,625.6599731445312,634.7899780273438,600.6099853515625,625.3699951171875,21375700
2025-03-10,595.600341796875,597.989990234375,610.1099853515625,586.8699951171875,608.0700073242188,21999900
2025-03-11,603.2894287109375,605.7100219726562,614.9299926757812,593.3300170898438,595.0499877929688,17401500
2025-03-12,617.0841064453125,619.5599975585938,633.3300170898438,609.3499755859375,629.9000244140625,15747000
2025-03-13,588.2797241210938,590.6400146484375,620.5,586.510009765625,620.25,16480300
2025-03-14,605.7102661132812,607.5999755859375,608.8599853515625,594.780029296875,602.7999877929688,12364500
2025-03-17,603.0186767578125,604.9000244140625,613.0999755859375,598.0,607.4600219726562,15473900
2025-03-18,580.5487670898438,582.3599853515625,600.25,574.6599731445312,600.0499877929688,20297700
2025-03-19,582.2435913085938,584.0599975585938,592.3200073242188,574.77001953125,584.280029296875,20537500
2025-03-20,584.1774291992188,586.0,610.2000122070312,579.510009765625,582.760009765625,24336500
2025-03-21,594.3956298828125,596.25,597.5399780273438,580.9500122070312,583.4199829101562,25015900
2025-03-24,616.92529296875,618.8499755859375,622.5399780273438,612.2000122070312,614.969970703125,15741300
2025-03-25,624.3621826171875,626.3099975585938,633.8800048828125,621.1799926757812,626.760009765625,15312500
2025-03-26,609.0797729492188,610.97998046875,626.75,606.6099853515625,624.8900146484375,12609800
2025-03-27,600.7059936523438,602.5800170898438,614.25,600.0999755859375,602.0,10436500
2025-03-28,574.9463500976562,576.739990234375,601.75,573.9199829101562,600.3099975585938,17602800
2025-03-31,574.5675048828125,576.3599853515625,578.7000122070312,553.2999877929688,563.5,21124700
2025-04-01,584.1774291992188,586.0,589.9099731445312,570.0,570.8400268554688,12836600
2025-04-02,582.1138916015625,583.9299926757812,592.6599731445312,573.3599853515625,574.9099731445312,13470800
2025-04-03,529.9666137695312,531.6199951171875,552.5599975585938,530.2999877929688,546.219970703125,34777500
2025-04-04,503.1603088378906,504.7300109863281,518.0,494.20001220703125,506.6199951171875,38589800
2025-04-07,514.6444091796875,516.25,539.3699951171875,481.8999938964844,485.1000061035156,36606100
2025-04-08,508.86248779296875,510.45001220703125,547.4299926757812,502.8599853515625,543.25,28034200
2025-04-09,583.9482421875,585.77001953125,587.8900146484375,502.1099853515625,509.2699890136719,39216600
2025-04-10,544.5910034179688,546.2899780273438,581.2999877929688,535.2999877929688,575.489990234375,28173500
2025-04-11,541.8794555664062,543.5700073242188,547.4000244140625,528.5900268554688,535.510009765625,17642300
2025-04-14,529.8270874023438,531.47998046875,557.77001953125,528.280029296875,556.1699829101562,14130900
2025-04-15,519.8980712890625,521.52001953125,537.9400024414062,517.5,532.1099853515625,15558700
2025-04-16,500.7477722167969,502.30999755859375,513.3699951171875,495.6300048828125,508.510009765625,18735100
2025-04-17,499.92041015625,501.4800109863281,507.29998779296875,498.010009765625,505.25,14593500
2025-04-21,483.1526794433594,484.6600036621094,493.5,479.79998779296875,491.3299865722656,16166000
2025-04-22,498.7240905761719,500.2799987792969,506.8800048828125,486.3599853515625,491.8699951171875,17399400
2025-04-23,518.6520385742188,520.27001953125,535.3400268554688,516.52001953125,528.530029296875,18173900
2025-04-24,531.4918823242188,533.1500244140625,533.9000244140625,517.5,518.72998046875,13910000
2025-04-25,545.5679931640625,547.27001953125,549.8599853515625,536.25,546.7999877929688,17098900
2025-04-28,548.0302734375,549.739990234375,558.489990234375,540.5900268554688,555.6400146484375,15179000
2025-04-29,552.7156982421875,554.4400024414062,556.5700073242188,544.1199951171875,546.0,11835000
2025-04-30,547.2926025390625,549.0,549.0999755859375,529.5,538.4000244140625,29244000
2025-05-01,570.430419921875,572.2100219726562,592.9500122070312,570.5,592.0800170898438,31159000
2025-05-02,595.1632080078125,597.02001953125,604.3400268554688,578.3300170898438,583.4600219726562,24739300
2025-05-05,597.40625,599.27001953125,603.2100219726562,588.0499877929688,591.219970703125,13887700
2025-05-06,585.4834594726562,587.3099975585938,596.030029296875,586.5800170898438,592.530029296875,10600700
2025-05-07,594.953857421875,596.8099975585938,603.0800170898438,586.6699829101562,590.3599853515625,13139100
2025-05-08,596.150146484375,598.010009765625,611.2999877929688,596.6199951171875,606.2899780273438,14622800
2025-05-09,590.6473999023438,592.489990234375,606.969970703125,591.7100219726562,603.719970703125,10427300
2025-05-12,637.4413452148438,639.4299926757812,640.3900146484375,621.030029296875,630.9199829101562,21965100
2025-05-13,653.98974609375,656.030029296875,660.9199829101562,642.8300170898438,645.5399780273438,18570800
2025-05-14,657.3093872070312,659.3599853515625,662.6699829101562,654.3099975585938,661.2100219726562,12348200
2025-05-15,641.8775634765625,643.8800048828125,657.3099975585938,638.5800170898438,654.280029296875,14341800
2025-05-16,638.3485107421875,640.3400268554688,640.4400024414062,626.1500244140625,637.9600219726562,18519000
2025-05-19,638.438232421875,640.4299926757812,643.0,627.7999877929688,628.25,9592400
2025-05-20,635.1185913085938,637.0999755859375,639.3499755859375,632.260009765625,636.010009765625,6743500
2025-05-21,633.5234985351562,635.5,646.6099853515625,630.1699829101562,631.7899780273438,11464600
2025-05-22,634.5902099609375,636.5700073242188,643.25,630.7100219726562,634.0499877929688,8228400
2025-05-23,625.1097412109375,627.0599975585938,632.4500122070312,622.6500244140625,624.0,8454100
2025-05-27,640.3223266601562,642.3200073242188,643.0800170898438,632.75,635.4099731445312,9508400
2025-05-28,641.5784301757812,643.5800170898438,650.8800048828125,642.5499877929688,642.5999755859375,9042900
2025-05-29,643.0438842773438,645.0499877929688,653.3200073242188,639.5,651.6500244140625,8858800
2025-05-30,645.4762573242188,647.489990234375,649.4099731445312,632.780029296875,642.5,16241000
2025-06-02,668.8134765625,670.9000244140625,673.260009765625,644.260009765625,644.3900146484375,15766300
2025-06-03,664.7760620117188,666.8499755859375,675.5800170898438,665.030029296875,671.4500122070312,11585000
2025-06-04,685.8104858398438,687.9500122070312,689.0,668.5700073242188,669.3200073242188,14031900
2025-06-05,682.49072265625,684.6199951171875,694.3800048828125,682.25,691.6599731445312,13083100
2025-06-06,695.5401000976562,697.7100219726562,702.8099975585938,691.8699951171875,696.1699829101562,11728000
2025-06-09,691.9014282226562,694.0599975585938,705.1900024414062,693.9400024414062,698.4600219726562,12773200
2025-06-10,700.2155151367188,702.4000244140625,703.22998046875,691.5599975585938,701.3499755859375,10850100
2025-06-11,691.981201171875,694.1400146484375,708.8699951171875,691.989990234375,703.7100219726562,9582500
2025-06-12,691.20361328125,693.3599853515625,695.3800048828125,687.0,693.2999877929688,7322700
2025-06-13,680.7462768554688,682.8699951171875,694.5700073242188,681.010009765625,687.9500122070312,9274400
2025-06-16,700.4749145507812,702.1199951171875,707.1500244140625,693.510009765625,699.3300170898438,13720300
2025-06-17,695.5963134765625,697.22998046875,705.969970703125,696.0599975585938,702.0,10066100
2025-06-18,694.1398315429688,695.77001953125,701.5900268554688,694.9000244140625,698.1799926757812,10068300
2025-06-20,680.751220703125,682.3499755859375,701.8200073242188,678.6699829101562,700.75,22538600
2025-06-23,696.8933715820312,698.530029296875,699.0499877929688,678.75,683.6900024414062,11080100
2025-06-24,710.5313110351562,712.2000122070312,713.1900024414062,702.1099853515625,704.8900146484375,13823200
2025-06-25,707.01953125,708.6799926757812,716.5800170898438,705.3800048828125,713.3200073242188,9320400
2025-06-26,724.3887939453125,726.0900268554688,728.219970703125,711.0499877929688,714.3599853515625,13964800
2025-06-27,731.9110717773438,733.6300048828125,735.4299926757812,725.8599853515625,726.52001953125,18775700
2025-06-30,736.3607177734375,738.0900268554688,747.9000244140625,734.25,744.5499877929688,15402100
2025-07-01,717.5348510742188,719.219970703125,737.75,715.3699951171875,736.8800048828125,13431200
2025-07-02,711.8980712890625,713.5700073242188,720.2999877929688,712.7999877929688,715.3300170898438,9336700
2025-07-03,717.3253784179688,719.010009765625,729.030029296875,714.4199829101562,726.6099853515625,8601700
2025-07-07,716.6668701171875,718.3499755859375,727.0,713.510009765625,717.5999755859375,9457100
2025-07-08,718.9813842773438,720.6699829101562,722.9099731445312,714.8099975585938,721.5700073242188,7770700
2025-07-09,731.0631103515625,732.780029296875,737.530029296875,722.719970703125,722.719970703125,11418000
2025-07-10,725.5360107421875,727.239990234375,735.7999877929688,719.5999755859375,731.5499877929688,9913600
2025-07-11,715.8289184570312,717.510009765625,725.1599731445312,709.7000122070312,722.5,10873900
2025-07-14,719.2308349609375,720.9199829101562,728.0,716.5499877929688,717.5999755859375,8939400
2025-07-15,708.7255859375,710.3900146484375,724.469970703125,709.8200073242188,723.9000244140625,11529500
2025-07-16,701.2630004882812,702.9099731445312,713.969970703125,699.27001953125,713.3699951171875,13067600
2025-07-17,699.7665405273438,701.4099731445312,705.9000244140625,697.1099853515625,704.3900146484375,11803300
2025-07-18,702.6298828125,704.280029296875,704.7100219726562,691.6500244140625,702.1900024414062,12779800
2025-07-21,711.2994384765625,712.969970703125,717.0,705.760009765625,706.7999877929688,9404400
2025-07-22,703.1585693359375,704.8099975585938,716.5999755859375,701.4099731445312,716.1900024414062,8921100
2025-07-23,711.9080810546875,713.5800170898438,714.6300048828125,704.9299926757812,706.3699951171875,8771600
2025-07-24,713.125244140625,714.7999877929688,723.6199951171875,714.0,717.0499877929688,10920800
2025-07-25,711.0101318359375,712.6799926757812,720.6500244140625,711.9000244140625,716.9199829101562,8271700
2025-07-28,715.9486083984375,717.6300048828125,724.739990234375,712.6799926757812,715.2000122070312,8715700
2025-07-29,698.35986328125,700.0,724.469970703125,699.9099731445312,720.0,13267000
2025-07-30,693.5811157226562,695.2100219726562,708.5,691.2000122070312,708.0900268554688,27077300
2025-07-31,771.6278076171875,773.4400024414062,784.75,765.510009765625,775.2000122070312,38831100
2025-08-01,748.2527465820312,750.010009765625,766.0,745.3099975585938,760.72998046875,19028700
2025-08-04,774.5509643554688,776.3699951171875,776.8499755859375,758.4099731445312,760.0,15801700
2025-08-05,761.6712036132812,763.4600219726562,783.1300048828125,763.0,776.4500122070312,11640300
2025-08-06,770.1812133789062,771.989990234375,773.6400146484375,760.4600219726562,770.0,9733900
2025-08-07,760.0449829101562,761.8300170898438,775.0,759.5499877929688,773.489990234375,9019700
2025-08-08,767.49755859375,769.2999877929688,769.9000244140625,758.5800170898438,762.75,7320800
2025-08-11,764.0755615234375,765.8699951171875,773.4600219726562,764.6699829101562,770.0800170898438,7612000
2025-08-12,788.1489868164062,790.0,793.6699829101562,772.4299926757812,773.0,14563100
2025-08-13,778.2523193359375,780.0800170898438,795.4600219726562,778.22998046875,791.1500244140625,8811800
2025-08-14,780.2974243164062,782.1300048828125,787.8099975585938,772.510009765625,777.8800048828125,8116200
2025-08-15,783.3901977539062,785.22998046875,796.25,780.8200073242188,784.1500244140625,13375400
2025-08-18,765.572021484375,767.3699951171875,775.8099975585938,756.5599975585938,775.0900268554688,16513700
2025-08-19,749.71923828125,751.47998046875,767.1699829101562,749.3599853515625,767.1199951171875,12286700
2025-08-20,745.9680786132812,747.719970703125,750.2000122070312,731.0,747.5700073242188,11898200
2025-08-21,737.3682250976562,739.0999755859375,745.5,733.1099853515625,744.7100219726562,8876300
2025-08-22,753.021484375,754.7899780273438,756.9000244140625,734.3900146484375,739.22998046875,10612700
2025-08-25,751.5349731445312,753.2999877929688,758.8800048828125,750.1300048828125,754.8200073242188,6861200
2025-08-26,752.3331298828125,754.0999755859375,754.8699951171875,747.9400024414062,750.7999877929688,7601800
2025-08-27,745.62890625,747.3800048828125,754.1500244140625,742.8400268554688,752.2999877929688,8315400
2025-08-28,749.35009765625,751.1099853515625,753.0499877929688,740.7999877929688,744.0,7468000
2025-08-29,736.96923828125,738.7000122070312,747.1400146484375,735.3499755859375,745.280029296875,9070500
2025-09-02,733.3875732421875,735.1099853515625,736.0,721.72998046875,726.0399780273438,9350900
2025-09-03,735.3230590820312,737.0499877929688,740.25,733.989990234375,736.0,7699300
2025-09-04,746.8959350585938,748.6500244140625,761.1599731445312,745.8200073242188,748.5700073242188,11439100
2025-09-05,750.68701171875,752.4500122070312,757.9500122070312,745.030029296875,752.6199951171875,9663400
2025-09-08,750.5372924804688,752.2999877929688,766.510009765625,752.02001953125,756.0,13087800
2025-09-09,763.9059448242188,765.7000122070312,766.2999877929688,753.4299926757812,757.489990234375,10999000
2025-09-10,750.2180786132812,751.97998046875,765.7000122070312,751.0,765.1300048828125,12478300
2025-09-11,749.140625,750.9000244140625,757.0999755859375,748.3699951171875,754.6500244140625,7923300
2025-09-12,753.8196411132812,755.5900268554688,757.5700073242188,743.760009765625,748.72998046875,8248600
2025-09-15,762.9082641601562,764.7000122070312,774.0700073242188,751.989990234375,757.469970703125,10533800
2025-09-16,777.1747436523438,779.0,781.3599853515625,765.0999755859375,767.0,11782500
2025-09-17,773.9024658203125,775.719970703125,783.2899780273438,766.3099975585938,779.989990234375,9400900
2025-09-18,778.421875,780.25,788.780029296875,773.3599853515625,780.75,10955000
2025-09-19,776.5562133789062,778.3800048828125,790.7999877929688,769.1900024414062,786.4199829101562,23696800
2025-09-22,763.8824462890625,765.1599731445312,785.72998046875,764.469970703125,781.8499755859375,11706900
2025-09-23,754.1387329101562,755.4000244140625,770.5999755859375,751.0700073242188,769.25,10872600
2025-09-24,759.3899536132812,760.6599731445312,761.1099853515625,752.530029296875,757.5,8828200
2025-09-25,747.6595458984375,748.9099731445312,756.77001953125,744.5499877929688,753.4500122070312,10591100
2025-09-26,742.5081787109375,743.75,751.9299926757812,737.3499755859375,750.0,9696300
2025-09-29,742.1587524414062,743.4000244140625,750.780029296875,739.1500244140625,748.719970703125,9246800
2025-09-30,733.1538696289062,734.3800048828125,742.969970703125,726.2999877929688,742.25,16226800
2025-10-01,716.1422729492188,717.3400268554688,721.8499755859375,710.2000122070312,721.489990234375,20419600
2025-10-02,725.8360595703125,727.0499877929688,727.77001953125,718.1400146484375,722.5800170898438,11415300
2025-10-03,709.3735961914062,710.5599975585938,731.0,710.1799926757812,729.6300048828125,16154300
2025-10-06,714.465087890625,715.6599731445312,716.8800048828125,690.510009765625,705.1900024414062,21654700
2025-10-07,711.889404296875,713.0800170898438,718.5,705.75,717.719970703125,12062900
2025-10-08,716.6414794921875,717.8400268554688,719.6500244140625,707.8099975585938,713.4500122070312,10790600
2025-10-09,732.2852783203125,733.510009765625,733.510009765625,712.4400024414062,718.280029296875,12717200
2025-10-10,704.1223754882812,705.2999877929688,735.27001953125,704.510009765625,730.9199829101562,16980100
2025-10-13,714.5050048828125,715.7000122070312,719.9400024414062,707.6400146484375,713.010009765625,9251800
2025-10-14,707.466796875,708.6500244140625,715.5499877929688,699.3300170898438,707.780029296875,8829800
2025-10-15,716.3519287109375,717.5499877929688,723.9000244140625,709.510009765625,717.0599975585938,10246800
2025-10-16,710.881103515625,712.0700073242188,725.489990234375,703.8800048828125,717.5499877929688,9017000
2025-10-17,715.7229614257812,716.9199829101562,718.5399780273438,706.1199951171875,707.0800170898438,12232400
2025-10-20,730.947509765625,732.1699829101562,733.77001953125,720.1799926757812,721.1900024414062,8900200
2025-10-21,732.0457153320312,733.27001953125,738.5,728.75,736.02001953125,7647300
2025-10-22,732.1854248046875,733.4099731445312,740.5999755859375,724.030029296875,733.8300170898438,8734500
2025-10-23,732.7744750976562,734.0,742.4099731445312,733.0999755859375,734.7000122070312,9856000
2025-10-24,737.127197265625,738.3599853515625,741.2100219726562,731.1500244140625,736.7899780273438,9151300
2025-10-27,749.5663452148438,750.8200073242188,755.75,748.010009765625,749.72998046875,11321100
2025-10-28,750.1853637695312,751.4400024414062,758.4000244140625,745.52001953125,752.6300048828125,12193800
2025-10-29,750.4149169921875,751.6699829101562,759.1599731445312,742.510009765625,754.75,26818600
2025-10-30,665.3572387695312,666.469970703125,680.9600219726562,650.1699829101562,669.1500244140625,88440100
2025-10-31,647.2674560546875,648.3499755859375,674.8900146484375,645.5700073242188,674.510009765625,56953200
2025-11-03,636.645263671875,637.7100219726562,659.3300170898438,636.1799926757812,656.0,33003600
2025-11-04,626.2725830078125,627.3200073242188,641.739990234375,626.010009765625,628.0399780273438,27356600
2025-11-05,634.88818359375,635.9500122070312,642.22998046875,626.5399780273438,632.3099975585938,20219900
2025-11-06,617.9065551757812,618.9400024414062,636.0,618.0,635.8499755859375,23628800
2025-11-07,620.6719360351562,621.7100219726562,622.1300048828125,601.2000122070312,616.489990234375,29946800
2025-11-10,630.7052001953125,631.760009765625,635.0,618.1099853515625,631.0900268554688,19245000
2025-11-11,626.0330200195312,627.0800170898438,629.5599975585938,619.3900146484375,628.0,13302200
2025-11-12,607.9931640625,609.010009765625,628.989990234375,607.77001953125,628.1300048828125,24493300
2025-11-13,608.8717041015625,609.8900146484375,617.6500244140625,603.0,613.0700073242188,20973800
2025-11-14,608.4424438476562,609.4600219726562,613.6799926757812,595.2000122070312,601.7899780273438,20724100
2025-11-17,601.0048217773438,602.010009765625,611.6900024414062,595.4000244140625,609.0399780273438,16501300
2025-11-18,596.6920776367188,597.6900024414062,603.6599731445312,583.780029296875,591.5999755859375,25500600
2025-11-19,589.3343505859375,590.3200073242188,595.3300170898438,581.25,593.719970703125,24744700
2025-11-20,588.1663208007812,589.1500244140625,606.719970703125,583.3499755859375,603.5,20603000
2025-11-21,593.2578125,594.25,598.1199951171875,581.8599853515625,588.5,21052600
2025-11-24,612.0264282226562,613.0499877929688,616.7000122070312,597.6300048828125,598.719970703125,23554900
2025-11-25,635.1576538085938,636.219970703125,637.0499877929688,618.2999877929688,624.0,25213000
2025-11-26,632.5520629882812,633.6099853515625,638.3599853515625,631.6300048828125,637.6900024414062,15209500
2025-11-28,646.8681640625,647.9500122070312,648.0499877929688,635.5,636.0800170898438,11033200
2025-12-01,639.7999267578125,640.8699951171875,645.3200073242188,637.760009765625,639.5499877929688,13029900
2025-12-02,646.01953125,647.0999755859375,647.8699951171875,638.0700073242188,642.3400268554688,11640900
2025-12-03,638.5320434570312,639.5999755859375,648.8499755859375,637.5499877929688,644.4099731445312,11134300
2025-12-04,660.425537109375,661.530029296875,676.0999755859375,660.0499877929688,676.0,29874600
2025-12-05,672.2955932617188,673.4199829101562,674.6900024414062,662.3900146484375,664.0,21207900
2025-12-08,665.6866455078125,666.7999877929688,676.7100219726562,665.0700073242188,669.3400268554688,13161000
2025-12-09,655.8631591796875,656.9600219726562,664.47998046875,653.3400268554688,663.77001953125,12997100
2025-12-10,649.0444946289062,650.1300048828125,654.510009765625,643.4000244140625,649.9500122070312,16910900
2025-12-11,651.6201782226562,652.7100219726562,655.280029296875,640.7999877929688,643.2899780273438,13056700
2025-12-12,643.1543579101562,644.22998046875,711.0,638.6099853515625,649.7999877929688,14016900
2025-12-15,646.9561157226562,647.510009765625,653.0,638.7000122070312,645.7000122070312,15549100
2025-12-16,656.587890625,657.1500244140625,662.5399780273438,643.2000122070312,643.5,14309100
2025-12-17,648.9443969726562,649.5,661.22998046875,649.2000122070312,655.6099853515625,15598500
2025-12-18,663.881591796875,664.4500122070312,670.5599975585938,656.4600219726562,657.030029296875,20260300
2025-12-19,658.2064819335938,658.77001953125,671.0,658.1799926757812,666.4199829101562,49977100
2025-12-22,660.9341430664062,661.5,673.5800170898438,656.6500244140625,661.6500244140625,15659400
2025-12-23,664.3711547851562,664.9400024414062,666.0,658.25,660.0499877929688,8486800
2025-12-24,666.9789428710938,667.5499877929688,668.1799926757812,662.2000122070312,662.530029296875,5627500
2025-12-26,662.7225952148438,663.2899780273438,668.9500122070312,661.3200073242188,668.0599975585938,7133800
2025-12-29,658.1265258789062,658.6900024414062,660.25,654.3900146484375,658.010009765625,8506500
2025-12-30,665.3803100585938,665.9500122070312,672.219970703125,657.8400268554688,658.6900024414062,9187500
2025-12-31,659.5253295898438,660.0900268554688,665.0,659.4400024414062,664.75,7940400
2026-01-02,649.8535766601562,650.4099731445312,664.3900146484375,643.5,662.72998046875,13726500
2026-01-05,658.2264404296875,658.7899780273438,664.5399780273438,647.75,651.010009765625,12213700
2026-01-06,660.0548706054688,660.6199951171875,665.52001953125,651.9000244140625,659.5700073242188,11074400
2026-01-07,648.1350708007812,648.6900024414062,659.1500244140625,644.8099975585938,655.6400146484375,12846300
2026-01-08,645.50732421875,646.0599975585938,647.0999755859375,635.719970703125,645.8800048828125,11921700
2026-01-09,652.5013427734375,653.0599975585938,654.9500122070312,642.8499755859375,645.4400024414062,11634900
2026-01-12,641.4207763671875,641.969970703125,653.969970703125,641.22998046875,652.530029296875,14797200
2026-01-13,630.5501708984375,631.0900268554688,642.27001953125,624.0999755859375,642.27001953125,18030400
2026-01-14,614.9934692382812,615.52001953125,628.4500122070312,614.8200073242188,626.5,15527900
2026-01-15,620.2689208984375,620.7999877929688,624.1699829101562,614.22998046875,618.47998046875,13076100
2026-01-16,619.7194213867188,620.25,629.0800170898438,620.0800170898438,624.1799926757812,17012500
2026-01-20,603.6032104492188,604.1199951171875,611.4000244140625,600.0,607.8800048828125,15169600
2026-01-21,612.4356689453125,612.9600219726562,618.27001953125,600.0800170898438,606.739990234375,14494700
2026-01-22,647.0759887695312,647.6300048828125,660.5700073242188,626.5499877929688,629.3499755859375,21394700
2026-01-23,658.1964721679688,658.760009765625,666.489990234375,644.4500122070312,644.77001953125,22797700
2026-01-26,671.7847900390625,672.3599853515625,675.280029296875,661.2899780273438,665.1300048828125,16327400
2026-01-27,672.394287109375,672.969970703125,676.8200073242188,664.6599731445312,674.5900268554688,13297400
2026-01-28,668.1578979492188,668.72998046875,677.6799926757812,666.0999755859375,674.5,25709600
2026-01-29,737.6784057617188,738.3099975585938,744.0,712.5499877929688,737.4299926757812,59852900
2026-01-30,715.8870849609375,716.5,732.1699829101562,713.5900268554688,727.5,23744600
2026-02-02,705.8056640625,706.4099731445312,721.2999877929688,703.52001953125,714.5999755859375,14365200
2026-02-03,691.1082763671875,691.7000122070312,717.0,686.4099731445312,707.3699951171875,13760700
2026-02-04,668.417724609375,668.989990234375,688.8300170898438,667.4600219726562,687.72998046875,16882800
2026-02-05,669.63671875,670.2100219726562,681.5,653.5,663.5800170898438,17131800
2026-02-06,660.8941650390625,661.4600219726562,671.989990234375,646.5,665.489990234375,18159300
2026-02-09,676.640625,677.219970703125,683.3099975585938,658.780029296875,663.1799926757812,14837500
2026-02-10,670.1461791992188,670.719970703125,680.6500244140625,669.7899780273438,677.5999755859375,10455800
2026-02-11,668.1179809570312,668.6900024414062,679.27001953125,657.0999755859375,674.0,14323800
2026-02-12,649.254150390625,649.8099975585938,676.0,645.280029296875,669.969970703125,14960100
2026-02-13,639.2227172851562,639.77001953125,651.4299926757812,634.5700073242188,645.0999755859375,12336400
2026-02-17,638.7431030273438,639.2899780273438,642.5999755859375,628.7999877929688,639.5,12674700
2026-02-18,642.6697387695312,643.219970703125,645.0,628.1500244140625,633.7999877929688,14649200
2026-02-19,644.2284545898438,644.780029296875,647.1900024414062,636.719970703125,638.5700073242188,10035700
2026-02-20,655.09912109375,655.6599731445312,663.3499755859375,638.780029296875,639.6900024414062,14183500
2026-02-23,636.7048950195312,637.25,657.7000122070312,636.0,652.5399780273438,8605900
2026-02-24,638.7531127929688,639.2999877929688,641.1099853515625,628.97998046875,633.0800170898438,10135600
2026-02-25,653.1307983398438,653.6900024414062,653.8800048828125,642.1400146484375,642.530029296875,11330700
2026-02-26,656.447998046875,657.010009765625,661.0,647.5,650.5499877929688,10637700
2026-02-27,647.62548828125,648.1799926757812,649.4400024414062,638.1199951171875,643.4500122070312,15703000
2026-03-02,653.0009155273438,653.5599975585938,659.9400024414062,634.5,637.1599731445312,9816100
2026-03-03,654.5196533203125,655.0800170898438,659.0399780273438,638.8400268554688,648.2899780273438,12263800
2026-03-04,667.1587524414062,667.72998046875,672.77001953125,657.6699829101562,657.9600219726562,10810100
2026-03-05,660.0049438476562,660.5700073242188,670.7000122070312,650.3099975585938,661.9299926757812,13341400
2026-03-06,644.308349609375,644.8599853515625,649.469970703125,636.1099853515625,647.9000244140625,13159400
2026-03-09,646.836181640625,647.3900146484375,647.75,626.780029296875,634.780029296875,13489700
2026-03-10,653.510498046875,654.0700073242188,660.2999877929688,649.0,653.5599975585938,9859300
2026-03-11,654.2998046875,654.8599853515625,659.1199951171875,648.3599853515625,654.760009765625,8977200
2026-03-12,637.6340942382812,638.1799926757812,653.5,636.9000244140625,648.75,11617500
2026-03-13,613.1849975585938,613.7100219726562,629.1699829101562,609.5499877929688,623.8900146484375,18957600
2026-03-16,627.4500122070312,627.4500122070312,634.75,623.0999755859375,632.0,15134900
2026-03-17,622.6599731445312,622.6599731445312,636.5499877929688,621.7000122070312,627.989990234375,10348800
2026-03-18,615.6799926757812,615.6799926757812,622.6500244140625,614.6099853515625,616.3400268554688,11726300
2026-03-19,606.7000122070312,606.7000122070312,613.0,602.260009765625,612.1500244140625,13247700
2026-03-20,593.6599731445312,593.6599731445312,603.9600219726562,587.25,603.530029296875,21214900
2026-03-23,604.0599975585938,604.0599975585938,608.6400146484375,599.010009765625,605.7899780273438,13638000
2026-03-24,592.9199829101562,592.9199829101562,601.0,591.0,599.0999755859375,10739700
2026-03-25,594.8900146484375,594.8900146484375,603.6699829101562,593.4000244140625,598.739990234375,12585000
2026-03-26,547.5399780273438,547.5399780273438,583.0,543.3499755859375,582.489990234375,35780100
2026-03-27,525.719970703125,525.719970703125,543.5999755859375,520.260009765625,540.0999755859375,30133000
2026-03-30,536.3800048828125,536.3800048828125,539.5499877929688,528.5399780273438,536.3800048828125,22795200
2026-03-31,572.1300048828125,572.1300048828125,573.6900024414062,546.77001953125,549.97998046875,32898300
2026-04-01,579.22998046875,579.22998046875,592.5499877929688,573.8200073242188,580.1300048828125,23608100
2026-04-02,574.4600219726562,574.4600219726562,578.5,559.7000122070312,566.0399780273438,13518500
2026-04-06,573.02001953125,573.02001953125,582.7899780273438,572.0,577.6900024414062,9515700
2026-04-07,575.0499877929688,575.0499877929688,575.22998046875,564.760009765625,572.47998046875,9580800
2026-04-08,612.4199829101562,612.4199829101562,629.9500122070312,591.8300170898438,606.0,32036600
2026-04-09,628.3900146484375,628.3900146484375,637.5,623.0,626.969970703125,19012900
2026-04-10,629.8599853515625,629.8599853515625,638.5800170898438,624.3300170898438,634.469970703125,13294800
2026-04-13,634.530029296875,634.530029296875,635.0,624.4000244140625,629.5,9538900
2026-04-14,662.489990234375,662.489990234375,666.260009765625,639.3699951171875,643.219970703125,17818000
2026-04-15,671.5800170898438,671.5800170898438,678.5,664.219970703125,667.0,14952600
2026-04-16,676.8699951171875,676.8699951171875,677.5800170898438,667.75,675.989990234375,9544800
2026-04-17,688.5499877929688,688.5499877929688,691.52001953125,675.1300048828125,678.5999755859375,16283500
2026-04-20,670.9099731445312,670.9099731445312,683.3800048828125,668.0,681.3599853515625,12534000
2026-04-21,668.8400268554688,668.8400268554688,676.2000122070312,667.3300170898438,671.0,8660100
2026-04-22,674.719970703125,674.719970703125,678.3800048828125,669.75,674.3599853515625,9215600
2026-04-23,659.1500244140625,659.1500244140625,669.5599975585938,653.0499877929688,663.7000122070312,11667000
2026-04-24,675.030029296875,675.030029296875,680.6699829101562,653.8400268554688,660.3200073242188,13348300
2026-04-27,678.6199951171875,678.6199951171875,682.5,670.8400268554688,671.0,12805200
2026-04-28,671.3400268554688,671.3400268554688,678.1799926757812,665.6300048828125,674.239990234375,10606800
2026-04-29,669.1199951171875,669.1199951171875,674.25,663.8099975585938,668.9099731445312,18947500
2026-04-30,611.9099731445312,611.9099731445312,620.8499755859375,600.0,619.3200073242188,52765000
2026-05-01,608.75,608.75,618.8800048828125,606.1099853515625,614.6900024414062,21404000
2026-05-04,610.4099731445312,610.4099731445312,614.0,602.75,607.9400024414062,16203900
2026-05-05,604.9600219726562,604.9600219726562,614.3499755859375,600.3599853515625,613.3099975585938,17171300
2026-05-06,612.8800048828125,612.8800048828125,619.9500122070312,598.0999755859375,601.0499877929688,19915500
2026-05-07,616.8099975585938,616.8099975585938,624.97998046875,613.5399780273438,614.719970703125,12307400
2026-05-08,609.6300048828125,609.6300048828125,616.77001953125,606.0599975585938,615.2000122070312,13557000
2026-05-11,598.8599853515625,598.8599853515625,604.9099731445312,598.0800170898438,604.5700073242188,15940600
2026-05-12,603.0,603.0,603.75,592.5999755859375,594.8200073242188,11351600
2026-05-13,616.6300048828125,616.6300048828125,619.9000244140625,596.6599731445312,598.8300170898438,14634400
2026-05-14,618.4299926757812,618.4299926757812,623.72998046875,615.0,616.0,10651200
2026-05-15,614.22998046875,614.22998046875,621.2000122070312,609.3099975585938,613.989990234375,13272600
2026-05-18,611.2100219726562,611.2100219726562,615.5900268554688,603.6900024414062,609.1099853515625,13772400
2026-05-19,602.6099853515625,602.6099853515625,613.9299926757812,600.5499877929688,608.9199829101562,11749900
2026-05-20,605.0599975585938,605.0599975585938,608.0,597.8099975585938,600.760009765625,11329700
2026-05-21,607.3800048828125,607.3800048828125,609.5999755859375,594.8099975585938,600.0,13476100
2026-05-22,610.260009765625,610.260009765625,614.8099975585938,606.9500122070312,607.8800048828125,11671600
