Date,Adj Close,Close,High,Low,Open,Volume
2016-01-04,65.93881225585938,81.80999755859375,83.66000366210938,80.9000015258789,83.63999938964844,2558100
2016-01-05,66.30956268310547,82.2699966430664,82.55999755859375,81.4000015258789,81.76000213623047,1043500
2016-01-06,64.06084442138672,79.4800033569336,81.69999694824219,79.01000213623047,81.22000122070312,1345400
2016-01-07,62.86796188354492,78.0,78.83000183105469,77.55000305175781,78.05999755859375,1900900
2016-01-08,62.698699951171875,77.79000091552734,79.0,77.55000305175781,78.30000305175781,1417600
2016-01-11,61.231788635253906,75.97000122070312,78.33999633789062,75.0,78.0199966430664,1524400
2016-01-12,61.19955062866211,75.93000030517578,77.3499984741211,73.5999984741211,76.54000091552734,1862200
2016-01-13,57.58061218261719,71.44000244140625,76.48999786376953,70.08999633789062,76.16000366210938,1988100
2016-01-14,58.1528434753418,72.1500015258789,73.5999984741211,71.45999908447266,71.5,1916800
2016-01-15,57.846588134765625,71.7699966430664,72.02999877929688,70.18000030517578,70.2300033569336,1786600
2016-01-19,57.911041259765625,71.8499984741211,72.56999969482422,70.69000244140625,72.26000213623047,1552300
2016-01-20,57.37105178833008,71.18000030517578,72.33999633789062,67.8499984741211,70.72000122070312,2123100
2016-01-21,56.476402282714844,70.06999969482422,71.30000305175781,66.51000213623047,70.94999694824219,3863900
2016-01-22,55.283504486083984,68.58999633789062,71.6500015258789,68.58000183105469,71.27999877929688,2322100
2016-01-25,54.59035110473633,67.7300033569336,69.36000061035156,67.51000213623047,68.63999938964844,1704200
2016-01-26,55.533355712890625,68.9000015258789,69.3499984741211,67.9800033569336,68.0,1551700
2016-01-27,56.3313102722168,69.88999938964844,70.76000213623047,67.87999725341797,68.0999984741211,1829300
2016-01-28,56.50861358642578,70.11000061035156,71.4000015258789,69.23999786376953,69.91999816894531,1396200
2016-01-29,56.82296371459961,70.5,71.47000122070312,70.04000091552734,70.80000305175781,2058000
2016-02-01,56.573097229003906,70.19000244140625,70.55000305175781,69.0,70.16000366210938,1468600
2016-02-02,53.679561614990234,66.5999984741211,69.51000213623047,66.45999908447266,69.12999725341797,1426000
2016-02-03,54.74486541748047,67.31999969482422,67.68000030517578,64.51000213623047,66.87999725341797,1876400
2016-02-04,56.411922454833984,69.37000274658203,69.98999786376953,67.5199966430664,67.5199966430664,2092800
2016-02-05,57.03809356689453,70.13999938964844,70.61000061035156,68.55999755859375,69.12999725341797,1514000
2016-02-08,57.32272720336914,70.48999786376953,71.55999755859375,69.1500015258789,69.3499984741211,2735900
2016-02-09,58.0789794921875,71.41999816894531,73.30000305175781,69.12000274658203,69.69999694824219,4331800
2016-02-10,59.38011932373047,73.0199966430664,73.66000366210938,71.68000030517578,72.16999816894531,1607300
2016-02-11,58.28229522705078,71.66999816894531,72.22000122070312,69.98999786376953,71.7300033569336,1860100
2016-02-12,59.006046295166016,72.55999755859375,73.58999633789062,71.05999755859375,71.66999816894531,1523200
2016-02-16,60.16893005371094,73.98999786376953,74.33000183105469,72.55999755859375,72.94999694824219,1389400
2016-02-17,61.61644744873047,75.7699966430664,76.0199966430664,73.62999725341797,74.3499984741211,2035100
2016-02-18,60.85201644897461,74.83000183105469,76.20999908447266,74.08999633789062,75.66999816894531,1049200
2016-02-19,60.99027633666992,75.0,75.5,74.05000305175781,74.5,1437200
2016-02-22,61.770931243896484,75.95999908447266,77.1500015258789,75.0,75.0,1846000
2016-02-23,60.07135009765625,73.87000274658203,76.94000244140625,73.72000122070312,76.12000274658203,948700
2016-02-24,60.12828063964844,73.94000244140625,74.23999786376953,72.01000213623047,72.52999877929688,781400
2016-02-25,59.908695220947266,73.66999816894531,74.97000122070312,72.63999938964844,74.2300033569336,977900
2016-02-26,60.74629592895508,74.69999694824219,76.1500015258789,73.79000091552734,73.94999694824219,1333000
2016-02-29,59.50211715698242,73.16999816894531,75.37999725341797,73.16000366210938,74.69000244140625,1536800
2016-03-01,61.24235916137695,75.30999755859375,75.68000030517578,73.30999755859375,73.69000244140625,1852600
2016-03-02,62.12874221801758,76.4000015258789,77.43000030517578,75.6500015258789,76.06999969482422,1730500
2016-03-03,62.616676330566406,77.0,78.47000122070312,76.47000122070312,76.47000122070312,1616500
2016-03-04,62.94194030761719,77.4000015258789,78.69000244140625,77.23999786376953,77.25,1116300
2016-03-07,64.82858276367188,79.72000122070312,79.98999786376953,76.69999694824219,77.04000091552734,3191600
2016-03-08,62.09623336791992,76.36000061035156,79.72000122070312,75.95999908447266,79.37000274658203,5996200
2016-03-09,61.60017013549805,75.75,77.5,75.2699966430664,76.97000122070312,2479000
2016-03-10,61.60830307006836,75.76000213623047,77.05000305175781,74.69999694824219,76.86000061035156,2232000
2016-03-11,64.25121307373047,79.01000213623047,79.30999755859375,76.20999908447266,76.66999816894531,1851400
2016-03-14,64.21870422363281,78.97000122070312,80.04000091552734,78.23999786376953,78.30999755859375,1538100
2016-03-15,64.24308776855469,79.0,79.08999633789062,77.30000305175781,78.2699966430664,987200
2016-03-16,65.86136627197266,80.98999786376953,81.41000366210938,77.58000183105469,78.5999984741211,1461000
2016-03-17,67.33323669433594,82.80000305175781,82.98999786376953,80.29000091552734,80.97000122070312,1670500
2016-03-18,68.32535552978516,84.0199966430664,84.56999969482422,83.11000061035156,83.11000061035156,3346500
2016-03-21,68.34162902832031,84.04000091552734,85.23999786376953,83.2300033569336,83.73999786376953,1019800
2016-03-22,68.55306243896484,84.30000305175781,85.25,83.2699966430664,83.37000274658203,1808700
2016-03-23,67.38204193115234,82.86000061035156,84.54000091552734,82.73999786376953,84.37000274658203,1101200
2016-03-24,68.2033920288086,83.87000274658203,83.91999816894531,81.4000015258789,82.19000244140625,640200
2016-03-28,66.47940826416016,81.75,83.77999877929688,80.87000274658203,83.77999877929688,1539100
2016-03-29,67.33323669433594,82.80000305175781,83.33000183105469,80.48999786376953,81.13999938964844,874900
2016-03-30,68.91900634765625,84.75,86.66000366210938,83.23999786376953,83.31999969482422,1814900
2016-03-31,67.69918823242188,83.25,84.41000366210938,83.1500015258789,84.41000366210938,1576100
2016-04-01,67.47149658203125,82.97000122070312,83.44999694824219,81.83999633789062,82.43000030517578,1391700
2016-04-04,67.08116912841797,82.48999786376953,84.08999633789062,82.41999816894531,83.12999725341797,935200
2016-04-05,66.03211975097656,81.19999694824219,82.11000061035156,80.81999969482422,81.75,1119600
2016-04-06,65.991455078125,81.1500015258789,81.48999786376953,79.5199966430664,80.94000244140625,1065600
2016-04-07,65.13760375976562,80.0999984741211,81.87000274658203,79.75,80.69000244140625,1657100
2016-04-08,66.26795959472656,81.48999786376953,82.56999969482422,80.6500015258789,80.6500015258789,1805400
2016-04-11,64.47078704833984,79.27999877929688,81.18000030517578,78.1500015258789,79.12000274658203,3142900
2016-04-12,64.01539611816406,78.72000122070312,79.69000244140625,78.22000122070312,79.44000244140625,2634100
2016-04-13,65.98332214355469,81.13999938964844,81.76000213623047,79.30999755859375,79.44000244140625,4334200
2016-04-14,66.79652404785156,82.13999938964844,82.43000030517578,81.19999694824219,81.48999786376953,1877400
2016-04-15,66.3818130493164,81.62999725341797,82.5999984741211,81.37999725341797,82.31999969482422,1476100
2016-04-18,66.3086166381836,81.54000091552734,82.22000122070312,80.69999694824219,81.5999984741211,1769200
2016-04-19,67.30887603759766,82.7699966430664,83.38999938964844,82.13999938964844,82.43000030517578,2321200
2016-04-20,67.62600708007812,83.16000366210938,83.54000091552734,82.12999725341797,82.95999908447266,1608300
2016-04-21,67.19502258300781,82.62999725341797,84.0,82.56999969482422,83.2699966430664,2020300
2016-04-22,74.2698745727539,91.33000183105469,91.43000030517578,88.33000183105469,89.30999755859375,6173300
2016-04-25,74.30241394042969,91.37000274658203,91.37000274658203,89.44999694824219,91.25,2571300
2016-04-26,75.6685562133789,93.05000305175781,93.91000366210938,90.91000366210938,91.16000366210938,2475300
2016-04-27,75.81497192382812,93.2300033569336,94.0999984741211,92.19999694824219,92.98999786376953,1742800
2016-04-28,74.79847717285156,91.9800033569336,93.72000122070312,91.75,92.79000091552734,1085500
2016-04-29,73.27777099609375,90.11000061035156,91.97000122070312,89.5,91.56999969482422,2555900
2016-05-02,73.7738037109375,90.72000122070312,91.05000305175781,89.91000366210938,90.81999969482422,1390100
2016-05-03,72.48896789550781,89.13999938964844,90.5199966430664,88.08999633789062,90.5199966430664,1828000
2016-05-04,72.75091552734375,88.87000274658203,89.4800033569336,87.9800033569336,87.9800033569336,1608000
2016-05-05,72.81639099121094,88.94999694824219,90.23999786376953,88.68000030517578,89.1500015258789,1217800
2016-05-06,73.39764404296875,89.66000366210938,89.94000244140625,87.81999969482422,87.95999908447266,1292500
2016-05-09,72.26793670654297,88.27999877929688,89.79000091552734,87.98999786376953,89.16999816894531,1649600
2016-05-10,73.92971801757812,90.30999755859375,90.69999694824219,88.29000091552734,88.72000122070312,1197200
2016-05-11,72.71000671386719,88.81999969482422,90.5,88.80000305175781,90.06999969482422,1438000
2016-05-12,72.18607330322266,88.18000030517578,89.62999725341797,87.62999725341797,89.22000122070312,1313300
2016-05-13,70.37690734863281,85.97000122070312,88.62999725341797,85.29000091552734,87.80999755859375,1828400
2016-05-16,70.59793853759766,86.23999786376953,87.62999725341797,86.0,86.0,1587900
2016-05-17,70.28685760498047,85.86000061035156,88.0,85.69999694824219,86.11000061035156,2171800
2016-05-18,70.00035095214844,85.51000213623047,87.7699966430664,84.5999984741211,85.6500015258789,2085200
2016-05-19,69.03439331054688,84.33000183105469,85.83999633789062,83.66999816894531,85.5199966430664,1624800
2016-05-20,69.94305419921875,85.44000244140625,85.75,84.54000091552734,84.79000091552734,1418800
2016-05-23,69.32908630371094,84.69000244140625,85.79000091552734,84.44000244140625,85.36000061035156,1669600
2016-05-24,67.31527709960938,82.2300033569336,85.44000244140625,81.4800033569336,85.0,3320100
2016-05-25,68.19937896728516,83.30999755859375,83.75,82.1500015258789,82.30000305175781,3812500
2016-05-26,68.62507629394531,83.83000183105469,84.27999877929688,82.8499984741211,83.45999908447266,1726400
2016-05-27,68.76425170898438,84.0,84.3499984741211,83.22000122070312,83.94000244140625,1000500
2016-05-31,68.81333923339844,84.05999755859375,85.6500015258789,83.16000366210938,83.97000122070312,1695000
2016-06-01,67.95381927490234,83.01000213623047,83.41000366210938,81.79000091552734,83.30000305175781,1525700
2016-06-02,68.08478546142578,83.16999816894531,83.2300033569336,82.05999755859375,82.5999984741211,1003600
2016-06-03,68.03565979003906,83.11000061035156,83.47000122070312,81.91000366210938,82.58000183105469,1554800
2016-06-06,68.16661834716797,83.2699966430664,84.30000305175781,82.58000183105469,83.54000091552734,1493700
2016-06-07,68.55138397216797,83.73999786376953,84.77999877929688,83.30999755859375,83.30999755859375,1139900
2016-06-08,70.36055755615234,85.94999694824219,86.69000244140625,83.66999816894531,83.98999786376953,1862800
2016-06-09,70.07403564453125,85.5999984741211,85.73999786376953,83.81999969482422,85.29000091552734,1817600
2016-06-10,68.8379135131836,84.08999633789062,85.16000366210938,83.45999908447266,85.13999938964844,1168100
2016-06-13,68.13390350341797,83.2300033569336,84.4000015258789,83.20999908447266,84.0,1617000
2016-06-14,67.78187561035156,82.80000305175781,84.25,82.58000183105469,83.2300033569336,1071000
2016-06-15,68.35493469238281,83.5,84.26000213623047,82.62999725341797,83.2300033569336,1774700
2016-06-16,68.91976928710938,84.19000244140625,84.5,82.27999877929688,83.02999877929688,1553700
2016-06-17,69.7384033203125,85.19000244140625,85.72000122070312,83.83999633789062,84.1500015258789,2195200
2016-06-20,70.11497497558594,85.6500015258789,86.98999786376953,85.4800033569336,86.20999908447266,1777000
2016-06-21,69.5910415649414,85.01000213623047,85.54000091552734,84.31999969482422,84.31999969482422,1200500
2016-06-22,70.44242858886719,86.05000305175781,86.54000091552734,85.0199966430664,85.2300033569336,1488700
2016-06-23,71.22010040283203,87.0,87.5,86.19999694824219,86.93000030517578,1291900
2016-06-24,67.65089416503906,82.63999938964844,84.8499984741211,82.48999786376953,83.87999725341797,2196800
2016-06-27,65.227783203125,79.68000030517578,81.95999908447266,78.7300033569336,81.6500015258789,2009000
2016-06-28,67.31527709960938,82.2300033569336,82.44999694824219,80.41999816894531,80.77999877929688,1538100
2016-06-29,68.55957794189453,83.75,84.19000244140625,82.91000366210938,83.0199966430664,951500
2016-06-30,69.68925476074219,85.12999725341797,85.12999725341797,83.2300033569336,84.16000366210938,1460800
2016-07-01,69.74659729003906,85.19999694824219,85.63999938964844,84.69999694824219,84.88999938964844,1239900
2016-07-05,68.68235778808594,83.9000015258789,85.1500015258789,83.2300033569336,84.81999969482422,1406700
2016-07-06,69.54193115234375,84.94999694824219,85.26000213623047,83.30000305175781,83.83000183105469,1839000
2016-07-07,68.7969970703125,84.04000091552734,85.4000015258789,83.66000366210938,85.0199966430664,1452000
2016-07-08,70.74529266357422,86.41999816894531,86.94000244140625,84.66999816894531,84.79000091552734,2131400
2016-07-11,71.17916107177734,86.94999694824219,87.47000122070312,86.63999938964844,86.6500015258789,1466300
2016-07-12,72.38253784179688,88.41999816894531,88.95999908447266,87.61000061035156,87.61000061035156,1491600
2016-07-13,74.30631256103516,90.7699966430664,91.43000030517578,87.47000122070312,88.98999786376953,2658300
2016-07-14,75.14128875732422,91.79000091552734,92.63999938964844,90.8499984741211,91.25,2310800
2016-07-15,74.89569091796875,91.48999786376953,92.30000305175781,90.77999877929688,91.9000015258789,1204000
2016-07-18,74.99392700195312,91.61000061035156,91.72000122070312,90.9000015258789,91.27999877929688,895800
2016-07-19,74.82205963134766,91.4000015258789,91.77999877929688,90.86000061035156,91.05000305175781,1154700
2016-07-20,75.1085433959961,91.75,92.01000213623047,90.69999694824219,91.4000015258789,1371700
2016-07-21,74.95301055908203,91.55999755859375,92.16000366210938,90.52999877929688,91.12000274658203,1453700
2016-07-22,75.3214111328125,92.01000213623047,92.0999984741211,90.79000091552734,91.33999633789062,1047000
2016-07-25,75.28044128417969,91.95999908447266,92.7300033569336,90.97000122070312,92.0,1277500
2016-07-26,75.92717742919922,92.75,93.08999633789062,91.5,91.95999908447266,2141500
2016-07-27,73.79058074951172,90.13999938964844,92.5,89.18000030517578,92.44000244140625,2736400
2016-07-28,73.69233703613281,90.0199966430664,91.02999877929688,88.87999725341797,89.75,1525900
2016-07-29,73.4958724975586,89.77999877929688,90.30999755859375,89.0999984741211,89.7300033569336,1218800
2016-08-01,72.48896026611328,88.55000305175781,89.66999816894531,88.27999877929688,89.66999816894531,1639500
2016-08-02,71.35926818847656,87.16999816894531,88.5199966430664,86.91000366210938,88.25,1002400
2016-08-03,72.30885314941406,88.33000183105469,88.52999877929688,87.0,87.08999633789062,1424000
2016-08-04,72.20174407958984,87.61000061035156,88.30999755859375,86.87999725341797,87.56999969482422,1684800
2016-08-05,73.24836730957031,88.87999725341797,89.37999725341797,87.61000061035156,88.16000366210938,1466900
2016-08-08,73.77582550048828,89.5199966430664,90.47000122070312,89.0,89.0,1273300
2016-08-09,73.55332946777344,89.25,89.86000061035156,89.16999816894531,89.43000030517578,1044000
2016-08-10,72.99288177490234,88.56999969482422,89.55999755859375,88.37999725341797,89.55999755859375,806700
2016-08-11,73.74284362792969,89.4800033569336,90.23999786376953,88.27999877929688,88.7699966430664,1653500
2016-08-12,72.81983947753906,88.36000061035156,89.4800033569336,87.97000122070312,89.4800033569336,1108600
2016-08-15,73.28132629394531,88.91999816894531,89.63999938964844,88.66999816894531,88.86000061035156,780400
2016-08-16,73.4461669921875,89.12000274658203,89.37999725341797,88.06999969482422,88.7300033569336,1286000
2016-08-17,74.02306365966797,89.81999969482422,89.87000274658203,88.62000274658203,89.08999633789062,950600
2016-08-18,75.54769897460938,91.66999816894531,91.66999816894531,89.6500015258789,89.83000183105469,1580900
2016-08-19,75.4735107421875,91.58000183105469,91.95999908447266,91.05000305175781,91.30000305175781,1078400
2016-08-22,75.29219818115234,91.36000061035156,91.58000183105469,91.01000213623047,91.5,811500
2016-08-23,75.84435272216797,92.02999877929688,92.19000244140625,91.5199966430664,91.9000015258789,723000
2016-08-24,75.90204620361328,92.0999984741211,92.33000183105469,91.79000091552734,91.9800033569336,793700
2016-08-25,75.88556671142578,92.08000183105469,92.66999816894531,91.8499984741211,91.91000366210938,1075400
2016-08-26,76.04216003417969,92.2699966430664,92.97000122070312,91.9000015258789,92.16000366210938,1322700
2016-08-29,77.47614288330078,94.01000213623047,94.30000305175781,92.12000274658203,92.2300033569336,1721000
2016-08-30,77.7728271484375,94.37000274658203,94.37000274658203,93.54000091552734,94.01000213623047,1398900
2016-08-31,77.38548278808594,93.9000015258789,94.43000030517578,93.26000213623047,94.06999969482422,1544700
2016-09-01,77.30309295654297,93.80000305175781,94.25,92.87999725341797,94.11000061035156,1142600
2016-09-02,77.59978485107422,94.16000366210938,94.80000305175781,93.69000244140625,94.08999633789062,774200
2016-09-06,78.41564178466797,95.1500015258789,95.1500015258789,94.04000091552734,94.16000366210938,1553600
2016-09-07,77.41845703125,93.94000244140625,95.97000122070312,93.76000213623047,94.93000030517578,2427700
2016-09-08,77.45965576171875,93.98999786376953,94.91999816894531,93.23999786376953,94.0,1271600
2016-09-09,74.81420135498047,90.77999877929688,93.29000091552734,90.75,93.29000091552734,1646200
2016-09-12,76.13279724121094,92.37999725341797,93.02999877929688,90.20999908447266,90.69000244140625,1413500
2016-09-13,74.78123474121094,90.73999786376953,92.12000274658203,90.30000305175781,91.44000244140625,1102300
2016-09-14,74.72355651855469,90.66999816894531,91.66000366210938,90.22000122070312,90.5199966430664,1714200
2016-09-15,75.41583251953125,91.51000213623047,91.94000244140625,89.91999816894531,90.36000061035156,1476500
2016-09-16,75.2839584350586,91.3499984741211,91.77999877929688,90.44000244140625,91.05999755859375,2074000
2016-09-19,75.84435272216797,92.02999877929688,92.66999816894531,91.76000213623047,91.76000213623047,1111100
2016-09-20,75.75370025634766,91.91999816894531,92.52999877929688,91.61000061035156,92.37999725341797,1369500
2016-09-21,76.73440551757812,93.11000061035156,93.30999755859375,91.88999938964844,92.02999877929688,1253700
2016-09-22,77.39371490478516,93.91000366210938,94.38999938964844,93.63999938964844,93.77999877929688,1280100
2016-09-23,77.15471649169922,93.62000274658203,94.2300033569336,93.25,93.4800033569336,889500
2016-09-26,76.87451934814453,93.27999877929688,94.05000305175781,92.83999633789062,93.06999969482422,1114700
2016-09-27,77.86345672607422,94.4800033569336,94.72000122070312,93.1500015258789,93.25,1086500
2016-09-28,78.72880554199219,95.52999877929688,95.62000274658203,94.16999816894531,94.5,1100000
2016-09-29,78.41564178466797,95.1500015258789,95.87000274658203,94.83999633789062,95.55000305175781,1796500
2016-09-30,79.98970794677734,97.05999755859375,97.27999877929688,95.29000091552734,95.5199966430664,1921300
2016-10-03,79.86609649658203,96.91000366210938,97.12000274658203,96.33000183105469,96.58999633789062,1350200
2016-10-04,78.94306945800781,95.79000091552734,97.7300033569336,95.37000274658203,97.11000061035156,1456800
2016-10-05,79.9732437133789,97.04000091552734,97.16999816894531,96.05000305175781,96.2300033569336,1200000
2016-10-06,80.3111343383789,97.44999694824219,97.81999969482422,96.6500015258789,97.04000091552734,1638500
2016-10-07,79.75897216796875,96.77999877929688,97.4000015258789,96.05000305175781,97.30000305175781,1441700
2016-10-10,78.97606658935547,95.83000183105469,97.58999633789062,95.69000244140625,97.22000122070312,1743000
2016-10-11,78.0200424194336,94.66999816894531,97.0,94.25,96.58999633789062,3044200
2016-10-12,76.98991394042969,93.41999816894531,94.33999633789062,93.19999694824219,93.8499984741211,2167300
2016-10-13,78.14366149902344,94.81999969482422,95.02999877929688,92.47000122070312,92.80999755859375,1923000
2016-10-14,78.24256896972656,94.94000244140625,96.4000015258789,94.8499984741211,95.51000213623047,1473600
2016-10-17,78.16016387939453,94.83999633789062,95.52999877929688,94.56999969482422,94.81999969482422,1021400
2016-10-18,78.2755355834961,94.9800033569336,95.69000244140625,94.4800033569336,95.25,999300
2016-10-19,78.81947326660156,95.63999938964844,96.37999725341797,94.9000015258789,95.25,1009200
2016-10-20,76.75090789794922,93.12999725341797,95.1500015258789,92.94000244140625,95.01000213623047,1569400
2016-10-21,76.57781982421875,92.91999816894531,93.01000213623047,92.06999969482422,92.3499984741211,1884700
2016-10-24,76.6025619506836,92.94999694824219,94.2699966430664,92.8499984741211,93.83999633789062,1350500
2016-10-25,76.86627197265625,93.2699966430664,93.55999755859375,92.55999755859375,92.79000091552734,2111300
2016-10-26,74.19609832763672,90.02999877929688,92.37000274658203,89.94999694824219,91.9000015258789,2340800
2016-10-27,75.2839584350586,91.3499984741211,91.58000183105469,90.52999877929688,90.6500015258789,2478600
2016-10-28,76.04216003417969,92.2699966430664,93.16000366210938,91.36000061035156,91.51000213623047,2454700
2016-10-31,76.6437759399414,93.0,93.54000091552734,92.41999816894531,92.7300033569336,1833800
2016-11-01,75.489990234375,91.5999984741211,93.29000091552734,90.9800033569336,93.27999877929688,1552300
2016-11-02,76.30286407470703,91.98999786376953,92.52999877929688,91.31999969482422,91.41999816894531,1687900
2016-11-03,76.11209106445312,91.76000213623047,92.52999877929688,91.55000305175781,92.20999908447266,1295700
2016-11-04,75.99598693847656,91.62000274658203,92.38999938964844,91.27999877929688,91.79000091552734,766900
2016-11-07,78.7580795288086,94.94999694824219,94.98999786376953,92.48999786376953,92.48999786376953,1490200
2016-11-08,79.62905883789062,96.0,96.33999633789062,94.08999633789062,94.55000305175781,1553900
2016-11-09,81.95156860351562,98.80000305175781,100.7300033569336,95.0999984741211,95.70999908447266,5764400
2016-11-10,83.36164855957031,100.5,101.19000244140625,99.06999969482422,99.79000091552734,4422300
2016-11-11,83.70173645019531,100.91000366210938,100.93000030517578,98.91999816894531,99.91000366210938,2738100
2016-11-14,86.25646209716797,103.98999786376953,104.87000274658203,100.91000366210938,101.0,3119900
2016-11-15,86.74590301513672,104.58000183105469,104.77999877929688,102.79000091552734,103.98999786376953,1974200
2016-11-16,85.43531036376953,103.0,104.37999725341797,102.69999694824219,104.06999969482422,2213600
2016-11-17,85.55144500732422,103.13999938964844,103.44000244140625,102.58999633789062,103.0,2567600
2016-11-18,85.80860137939453,103.44999694824219,103.9800033569336,102.76000213623047,102.93000030517578,1870200
2016-11-21,86.76246643066406,104.5999984741211,105.30000305175781,103.62000274658203,103.76000213623047,1717700
2016-11-22,86.19844055175781,103.91999816894531,105.5,103.75,104.93000030517578,1828000
2016-11-23,86.29798126220703,104.04000091552734,104.7699966430664,103.75,103.75,1505300
2016-11-25,86.54682922363281,104.33999633789062,104.55999755859375,103.91000366210938,104.23999786376953,919900
2016-11-28,86.25646209716797,103.98999786376953,104.23999786376953,102.7699966430664,103.72000122070312,1627100
2016-11-29,86.57170867919922,104.37000274658203,104.86000061035156,103.2300033569336,103.81999969482422,2261800
2016-11-30,88.3052978515625,106.45999908447266,107.31999969482422,104.75,105.0,3335100
2016-12-01,88.61219787597656,106.83000183105469,107.88999938964844,106.58000183105469,106.87000274658203,2059500
2016-12-02,87.59197235107422,105.5999984741211,107.0999984741211,105.08999633789062,106.6500015258789,1781800
2016-12-05,87.89056396484375,105.95999908447266,106.91999816894531,105.62000274658203,106.19999694824219,1745400
2016-12-06,88.09795379638672,106.20999908447266,106.25,105.16000366210938,105.95999908447266,1356600
2016-12-07,91.03424072265625,109.75,109.86000061035156,106.05000305175781,106.63999938964844,1920600
2016-12-08,91.2581787109375,110.0199966430664,110.37999725341797,109.0,109.87999725341797,1360500
2016-12-09,91.73931121826172,110.5999984741211,110.72000122070312,109.12999725341797,109.88999938964844,1457000
2016-12-12,91.81397247314453,110.69000244140625,111.43000030517578,109.4000015258789,110.77999877929688,1854500
2016-12-13,91.1005859375,109.83000183105469,111.38999938964844,108.44999694824219,110.83000183105469,1793200
2016-12-14,89.23431396484375,107.58000183105469,110.23999786376953,107.45999908447266,109.54000091552734,1867100
2016-12-15,89.67391204833984,108.11000061035156,109.23999786376953,106.79000091552734,107.2300033569336,1374800
2016-12-16,88.4794692993164,106.66999816894531,108.18000030517578,106.11000061035156,108.08999633789062,2614000
2016-12-19,88.69512939453125,106.93000030517578,107.16999816894531,106.16999816894531,106.55999755859375,1302300
2016-12-20,89.72368621826172,108.16999816894531,108.3499984741211,107.05000305175781,107.25,1197400
2016-12-21,89.6241683959961,108.05000305175781,108.9800033569336,107.56999969482422,108.33000183105469,1292200
2016-12-22,90.2296371459961,108.77999877929688,108.79000091552734,107.45999908447266,107.6500015258789,1645400
2016-12-23,90.6443862915039,109.27999877929688,109.79000091552734,108.19000244140625,108.66000366210938,2118500
2016-12-27,90.78539276123047,109.44999694824219,109.87000274658203,109.31999969482422,109.33999633789062,856000
2016-12-28,90.17990112304688,108.72000122070312,110.26000213623047,108.62000274658203,109.41000366210938,1034300
2016-12-29,90.26280212402344,108.81999969482422,109.31999969482422,107.7699966430664,108.86000061035156,926800
2016-12-30,89.6407241821289,108.06999969482422,108.98999786376953,107.5,108.8499984741211,1487300
2017-01-03,88.74491119384766,106.98999786376953,109.5199966430664,106.1500015258789,108.91000366210938,1770100
2017-01-04,91.77244567871094,110.63999938964844,110.9800033569336,107.1500015258789,107.56999969482422,2705500
2017-01-05,91.48216247558594,110.29000091552734,111.6500015258789,110.16000366210938,110.18000030517578,3135300
2017-01-06,92.6185302734375,111.66000366210938,112.98999786376953,109.91999816894531,110.18000030517578,2009200
2017-01-09,90.56144714355469,109.18000030517578,110.88999938964844,108.27999877929688,110.88999938964844,2081800
2017-01-10,90.62779998779297,109.26000213623047,110.05000305175781,108.33000183105469,109.2300033569336,1814500
2017-01-11,91.69781494140625,110.55000305175781,110.6500015258789,108.7699966430664,109.3499984741211,1180200
2017-01-12,92.07940673828125,111.01000213623047,111.44000244140625,109.36000061035156,110.61000061035156,1239600
2017-01-13,92.5604476928711,111.58999633789062,111.8499984741211,110.55000305175781,111.01000213623047,1702800
2017-01-17,90.32921600341797,108.9000015258789,111.44999694824219,108.47000122070312,111.18000030517578,1876300
2017-01-18,91.2166976928711,109.97000122070312,110.04000091552734,105.88999938964844,106.95999908447266,2589600
2017-01-19,94.90787506103516,114.41999816894531,116.0,112.55999755859375,115.56999969482422,5852900
2017-01-20,94.21940612792969,113.58999633789062,113.80000305175781,111.75,113.68000030517578,2656400
2017-01-23,94.18624877929688,113.55000305175781,113.91000366210938,112.37999725341797,113.69999694824219,1951200
2017-01-24,96.73272705078125,116.62000274658203,117.08999633789062,113.30000305175781,114.0,3460700
2017-01-25,99.9759292602539,120.52999877929688,121.30000305175781,116.80999755859375,117.41000366210938,3832900
2017-01-26,99.12985229492188,119.51000213623047,122.16999816894531,118.31999969482422,118.79000091552734,2586500
2017-01-27,99.82664489746094,120.3499984741211,120.62000274658203,118.94999694824219,120.18000030517578,2190000
2017-01-30,99.2293930053711,119.62999725341797,120.0999984741211,117.56999969482422,119.2699966430664,2510300
2017-01-31,97.42945098876953,117.45999908447266,119.75,117.11000061035156,119.44000244140625,3474900
2017-02-01,99.99752807617188,119.93000030517578,120.0,117.25,117.37000274658203,2913800
2017-02-02,99.61402130126953,119.47000122070312,120.0,117.61000061035156,119.12000274658203,2305300
2017-02-03,100.43946838378906,120.45999908447266,121.22000122070312,118.94000244140625,119.81999969482422,1683900
2017-02-06,99.94754791259766,119.87000274658203,120.73999786376953,118.5999984741211,120.12999725341797,2205800
2017-02-07,100.78963470458984,120.87999725341797,122.5,120.0,120.16000366210938,2004300
2017-02-08,100.83970642089844,120.94000244140625,121.0999984741211,119.08999633789062,120.45999908447266,1440800
2017-02-09,100.5978775024414,120.6500015258789,121.98999786376953,120.51000213623047,120.94000244140625,1817400
2017-02-10,100.98976135253906,121.12000274658203,121.75,119.94999694824219,121.0,1929900
2017-02-13,101.89862060546875,122.20999908447266,123.30000305175781,121.16999816894531,121.33000183105469,1565000
2017-02-14,102.13208770751953,122.48999786376953,123.0,121.62000274658203,121.83000183105469,1326200
2017-02-15,102.31550598144531,122.70999908447266,123.41999816894531,121.16000366210938,122.44000244140625,2285800
2017-02-16,102.49895477294922,122.93000030517578,123.31999969482422,121.72000122070312,122.62999725341797,1482100
2017-02-17,102.37387084960938,122.77999877929688,123.18000030517578,121.7699966430664,122.63999938964844,1267000
2017-02-21,102.99922180175781,123.52999877929688,125.0,122.80999755859375,123.08999633789062,1486000
2017-02-22,101.99030303955078,122.31999969482422,123.08999633789062,121.9000015258789,122.86000061035156,1734800
2017-02-23,100.0809555053711,120.02999877929688,123.05000305175781,119.16000366210938,122.98999786376953,2379000
2017-02-24,100.12265014648438,120.08000183105469,120.0999984741211,118.6500015258789,119.0,2370600
2017-02-27,100.98976135253906,121.12000274658203,121.22000122070312,118.93000030517578,120.19999694824219,1872100
2017-02-28,100.91473388671875,121.02999877929688,122.19000244140625,120.58000183105469,121.26000213623047,1305600
2017-03-01,102.8491439819336,123.3499984741211,124.5,121.80999755859375,122.19999694824219,1582200
2017-03-02,101.53173828125,121.7699966430664,123.27999877929688,121.69999694824219,123.2300033569336,1108100
2017-03-03,102.0570297241211,122.4000015258789,122.51000213623047,120.83000183105469,121.93000030517578,1790000
2017-03-06,102.49895477294922,122.93000030517578,123.11000061035156,121.22000122070312,121.33999633789062,1542800
2017-03-07,101.72352600097656,122.0,123.16999816894531,121.62999725341797,122.94000244140625,1961200
2017-03-08,99.94754791259766,119.87000274658203,122.13999938964844,119.63999938964844,122.0,1807900
2017-03-09,99.55565643310547,119.4000015258789,120.61000061035156,118.88999938964844,119.87999725341797,1658700
2017-03-10,99.77241516113281,119.66000366210938,120.79000091552734,118.97000122070312,119.86000061035156,1362900
2017-03-13,99.66404724121094,119.52999877929688,120.26000213623047,118.91999816894531,119.73999786376953,1536200
2017-03-14,98.6801528930664,118.3499984741211,119.58000183105469,117.79000091552734,119.58000183105469,1664300
2017-03-15,97.97975158691406,117.51000213623047,117.93000030517578,115.91999816894531,116.95999908447266,3160300
2017-03-16,96.17874145507812,115.3499984741211,117.66999816894531,115.12999725341797,117.4000015258789,3952800
2017-03-17,95.64512634277344,114.70999908447266,115.73999786376953,114.20999908447266,115.41999816894531,4796600
2017-03-20,95.7535171508789,114.83999633789062,115.5199966430664,114.23999786376953,114.88999938964844,2530200
2017-03-21,92.9686279296875,111.5,115.62999725341797,110.69000244140625,115.11000061035156,3362600
2017-03-22,93.19374084472656,111.7699966430664,112.6500015258789,111.0999984741211,111.73999786376953,2378200
2017-03-23,92.17652130126953,110.55000305175781,111.94000244140625,110.30999755859375,110.63999938964844,2412600
2017-03-24,92.26821899414062,110.66000366210938,111.51000213623047,110.13999938964844,110.80000305175781,1276700
2017-03-27,92.66011810302734,111.12999725341797,111.69999694824219,109.2699966430664,109.51000213623047,1777000
2017-03-28,94.48613739013672,113.31999969482422,114.37999725341797,110.77999877929688,111.0,2243800
2017-03-29,94.39441680908203,113.20999908447266,113.72000122070312,112.52999877929688,112.86000061035156,1148900
2017-03-30,95.2615737915039,114.25,115.38999938964844,113.4000015258789,113.4000015258789,1283600
2017-03-31,93.36051940917969,111.97000122070312,113.7300033569336,111.94000244140625,113.55999755859375,2209100
2017-04-03,94.63623046875,113.5,113.93000030517578,111.9000015258789,112.2300033569336,2288000
2017-04-04,96.04536437988281,115.19000244140625,115.25,113.26000213623047,113.7300033569336,2089400
2017-04-05,95.66178894042969,114.7300033569336,117.62999725341797,114.44999694824219,115.58999633789062,1726500
2017-04-06,96.62065124511719,115.87999725341797,116.18000030517578,114.66000366210938,114.66000366210938,1526400
2017-04-07,96.63733673095703,115.9000015258789,116.94000244140625,115.31999969482422,115.97000122070312,2126400
2017-04-10,96.29548645019531,115.48999786376953,117.0,115.0199966430664,115.98999786376953,2187300
2017-04-11,96.07037353515625,115.22000122070312,115.36000061035156,112.86000061035156,115.25,1823400
2017-04-12,93.21044921875,111.79000091552734,115.44999694824219,111.54000091552734,115.44999694824219,1774300
2017-04-13,93.03531646728516,111.58000183105469,112.80999755859375,111.06999969482422,111.63999938964844,1340600
2017-04-17,94.37774658203125,113.19000244140625,113.19000244140625,111.37999725341797,111.88999938964844,1092800
2017-04-18,94.0942611694336,112.8499984741211,113.80999755859375,111.8499984741211,112.26000213623047,1900000
2017-04-19,93.83578491210938,112.54000091552734,114.0999984741211,112.4000015258789,113.61000061035156,1274400
2017-04-20,96.56229400634766,115.80999755859375,117.0,114.7699966430664,114.7699966430664,2444600
2017-04-21,97.02922821044922,116.37000274658203,116.66000366210938,115.1500015258789,115.8499984741211,2081300
2017-04-24,97.5962142944336,117.05000305175781,118.18000030517578,116.83999633789062,118.0,1613900
2017-04-25,97.37109375,116.77999877929688,117.66000366210938,116.58999633789062,117.26000213623047,1967200
2017-04-26,98.23825073242188,117.81999969482422,119.11000061035156,115.48999786376953,116.12999725341797,4000200
2017-04-27,99.05535888671875,118.80000305175781,120.73999786376953,118.51000213623047,118.56999969482422,2274100
2017-04-28,97.96308135986328,117.48999786376953,119.61000061035156,117.29000091552734,118.76000213623047,1710700
2017-05-01,98.14651489257812,117.70999908447266,118.45999908447266,117.04000091552734,117.6500015258789,1528600
2017-05-02,98.58843994140625,118.23999786376953,118.26000213623047,116.91999816894531,117.52999877929688,1671400
2017-05-03,98.23641967773438,117.20999908447266,117.45999908447266,116.5,116.62999725341797,1398900
2017-05-04,97.92630767822266,116.83999633789062,118.12999725341797,116.5999984741211,117.62000274658203,1072700
2017-05-05,98.0688247680664,117.01000213623047,117.26000213623047,116.63999938964844,116.8499984741211,2046700
2017-05-08,97.01275634765625,115.75,117.41000366210938,115.33000183105469,117.0,1685000
2017-05-09,97.78384399414062,116.66999816894531,117.20999908447266,115.54000091552734,115.58999633789062,1413800
2017-05-10,97.9849853515625,116.91000366210938,117.11000061035156,116.37000274658203,116.83000183105469,1127000
2017-05-11,97.83412170410156,116.7300033569336,117.41000366210938,116.31999969482422,116.31999969482422,1066400
2017-05-12,98.02690887451172,116.95999908447266,117.04000091552734,116.01000213623047,116.33000183105469,977000
2017-05-15,98.16937255859375,117.12999725341797,117.27999877929688,116.66000366210938,117.13999938964844,965700
2017-05-16,97.94306945800781,116.86000061035156,117.86000061035156,116.20999908447266,117.7699966430664,1132900
2017-05-17,93.97037506103516,112.12000274658203,116.86000061035156,111.94999694824219,116.86000061035156,1734600
2017-05-18,94.54027557373047,112.80000305175781,113.8499984741211,111.20999908447266,111.87999725341797,2308900
2017-05-19,94.93421173095703,113.2699966430664,114.19999694824219,113.01000213623047,113.13999938964844,1143400
2017-05-22,95.70529174804688,114.19000244140625,114.38999938964844,113.2699966430664,113.79000091552734,1259000
2017-05-23,95.85616302490234,114.37000274658203,114.66000366210938,113.44000244140625,114.16000366210938,995400
2017-05-24,96.35901641845703,114.97000122070312,115.05000305175781,114.0,114.38999938964844,1006800
2017-05-25,100.38199615478516,119.7699966430664,119.98999786376953,115.04000091552734,115.41000366210938,4589800
2017-05-26,102.52760314941406,122.33000183105469,122.9000015258789,119.19999694824219,119.47000122070312,2747500
2017-05-30,104.03623962402344,124.12999725341797,124.43000030517578,121.22000122070312,121.88999938964844,3115600
2017-05-31,103.952392578125,124.02999877929688,124.23999786376953,122.83999633789062,123.94999694824219,2387500
2017-06-01,104.34634399414062,124.5,125.1500015258789,123.8499984741211,124.4000015258789,1508500
2017-06-02,103.62557220458984,123.63999938964844,125.30999755859375,123.5199966430664,124.41999816894531,1316300
2017-06-05,102.67011260986328,122.5,123.87000274658203,122.45999908447266,123.8499984741211,1521700
2017-06-06,101.37100219726562,120.94999694824219,122.18000030517578,120.87000274658203,121.69999694824219,1608200
2017-06-07,100.75917053222656,120.22000122070312,121.87000274658203,119.87999725341797,121.76000213623047,2156600
2017-06-08,100.9351806640625,120.43000030517578,120.63999938964844,119.87000274658203,120.22000122070312,1817000
2017-06-09,99.66960906982422,118.91999816894531,121.16000366210938,117.4000015258789,120.62000274658203,2497000
2017-06-12,100.3233413696289,119.69999694824219,119.93000030517578,117.86000061035156,118.98999786376953,2376700
2017-06-13,101.1866226196289,120.7300033569336,121.1500015258789,119.4800033569336,120.12999725341797,1784000
2017-06-14,99.14158630371094,118.29000091552734,121.44000244140625,117.93000030517578,121.16000366210938,1686800
2017-06-15,99.14158630371094,118.29000091552734,118.68000030517578,116.93000030517578,117.12000274658203,1534900
2017-06-16,99.85401153564453,119.13999938964844,119.18000030517578,118.08000183105469,118.69999694824219,1550500
2017-06-19,100.6753921508789,120.12000274658203,120.2699966430664,118.7699966430664,119.52999877929688,1065600
2017-06-20,98.67224884033203,117.7300033569336,119.63999938964844,117.69999694824219,119.63999938964844,1428300
2017-06-21,98.454345703125,117.47000122070312,118.2699966430664,117.08000183105469,118.2699966430664,1494800
2017-06-22,98.39566802978516,117.4000015258789,117.8499984741211,116.30000305175781,117.44999694824219,1144300
2017-06-23,99.97969818115234,119.29000091552734,120.0,116.83999633789062,117.2300033569336,2369300
2017-06-26,100.13896942138672,119.4800033569336,120.75,118.87000274658203,119.94000244140625,938800
2017-06-27,99.77020263671875,119.04000091552734,120.36000061035156,118.5,119.51000213623047,1167800
2017-06-28,101.17823028564453,120.72000122070312,121.0199966430664,119.48999786376953,120.13999938964844,947600
2017-06-29,100.17249298095703,119.5199966430664,121.25,118.91000366210938,121.12000274658203,1001800
2017-06-30,101.99959564208984,121.69999694824219,122.30000305175781,119.72000122070312,120.12999725341797,1374300
2017-07-03,103.3238296508789,123.27999877929688,123.69999694824219,121.4000015258789,122.31999969482422,972000
2017-07-05,102.81256866455078,122.66999816894531,123.41999816894531,122.20999908447266,123.12000274658203,1242000
2017-07-06,101.61406707763672,121.23999786376953,121.94999694824219,120.27999877929688,121.30000305175781,1680000
2017-07-07,102.53598022460938,122.33999633789062,122.58999633789062,121.19999694824219,121.62000274658203,960300
2017-07-10,103.08914947509766,123.0,123.83000183105469,121.87000274658203,122.2699966430664,1179000
2017-07-11,102.67011260986328,122.5,123.16999816894531,121.12999725341797,123.16999816894531,1167600
2017-07-12,103.3238296508789,123.27999877929688,124.23999786376953,122.5,123.19999694824219,984800
2017-07-13,102.74549865722656,122.58999633789062,124.01000213623047,122.52999877929688,123.33000183105469,809200
2017-07-14,103.92729187011719,124.0,124.08000183105469,122.58000183105469,122.83999633789062,818800
2017-07-17,103.50821685791016,123.5,124.0199966430664,122.7699966430664,123.81999969482422,1006000
2017-07-18,103.30705261230469,123.26000213623047,123.87999725341797,122.77999877929688,123.5,1497500
2017-07-19,101.1363296508789,120.66999816894531,122.25,119.45999908447266,122.25,2416500
2017-07-20,99.33438873291016,118.5199966430664,121.31999969482422,118.08000183105469,121.2699966430664,2917800
2017-07-21,98.77281188964844,117.8499984741211,118.37999725341797,116.69000244140625,117.7699966430664,1979200
2017-07-24,98.47944641113281,117.5,119.0,117.12000274658203,117.93000030517578,1494200
2017-07-25,99.72826385498047,118.98999786376953,119.26000213623047,118.0,118.33000183105469,2188900
2017-07-26,97.56591033935547,116.41000366210938,121.0,114.5199966430664,119.88999938964844,3613400
2017-07-27,94.71631622314453,113.01000213623047,116.0999984741211,112.25,115.91999816894531,3376500
2017-07-28,95.73882293701172,114.2300033569336,114.37000274658203,112.9000015258789,112.9000015258789,1656300
2017-07-31,94.35591125488281,112.58000183105469,114.52999877929688,112.47000122070312,113.7300033569336,1784900
2017-08-01,94.68276977539062,112.97000122070312,113.93000030517578,112.25,113.37999725341797,2398100
2017-08-02,94.2721176147461,112.4800033569336,112.91999816894531,111.44000244140625,112.18000030517578,2227600
2017-08-03,95.58670043945312,113.43000030517578,114.6500015258789,112.5,112.62000274658203,3286300
2017-08-04,96.5810775756836,114.61000061035156,115.0,113.29000091552734,113.5199966430664,2376500
2017-08-07,97.65974426269531,115.88999938964844,116.48999786376953,115.12999725341797,115.1500015258789,2473100
2017-08-08,98.7720947265625,117.20999908447266,118.36000061035156,115.37999725341797,115.54000091552734,1887100
2017-08-09,98.98277282714844,117.45999908447266,117.6500015258789,116.31999969482422,116.83999633789062,1484500
2017-08-10,97.280517578125,115.44000244140625,117.9000015258789,115.41000366210938,117.20999908447266,1415800
2017-08-11,98.22432708740234,116.55999755859375,117.25,114.88999938964844,114.88999938964844,1101300
2017-08-14,100.74398040771484,119.55000305175781,119.76000213623047,117.01000213623047,117.30000305175781,2021700
2017-08-15,101.15691375732422,120.04000091552734,120.27999877929688,118.80000305175781,119.26000213623047,1360900
2017-08-16,101.48554992675781,120.43000030517578,121.31999969482422,119.79000091552734,120.0,1180300
2017-08-17,99.01646423339844,117.5,120.16000366210938,117.41999816894531,120.06999969482422,1320200
2017-08-18,99.96869659423828,118.62999725341797,119.62000274658203,116.7699966430664,117.37000274658203,1448200
2017-08-21,99.15972900390625,117.66999816894531,119.1500015258789,117.23999786376953,118.75,1745500
2017-08-22,101.4603042602539,120.4000015258789,120.55000305175781,117.87999725341797,118.18000030517578,1316500
2017-08-23,100.22994995117188,118.94000244140625,120.19999694824219,118.76000213623047,119.79000091552734,951200
2017-08-24,99.21871948242188,117.73999786376953,119.62999725341797,117.0999984741211,119.05999755859375,959800
2017-08-25,99.61477661132812,118.20999908447266,119.52999877929688,117.86000061035156,118.52999877929688,989800
2017-08-28,99.23558044433594,117.76000213623047,118.58000183105469,117.22000122070312,118.58000183105469,2371000
2017-08-29,100.61761474609375,119.4000015258789,119.55000305175781,116.9000015258789,116.9000015258789,1047900
2017-08-30,101.78890991210938,120.79000091552734,121.30000305175781,119.16000366210938,119.37999725341797,1195500
2017-08-31,101.5614013671875,120.5199966430664,121.91999816894531,120.22000122070312,121.45999908447266,1427600
2017-09-01,102.10071563720703,121.16000366210938,122.41999816894531,121.0199966430664,121.18000030517578,1051400
2017-09-05,102.05857849121094,121.11000061035156,121.87999725341797,120.12999725341797,121.19999694824219,2587900
2017-09-06,103.17936706542969,122.44000244140625,123.98999786376953,121.18000030517578,121.76000213623047,2601000
2017-09-07,104.43498992919922,123.93000030517578,124.3499984741211,122.30999755859375,122.91000366210938,1373400
2017-09-08,104.42655944824219,123.91999816894531,124.23999786376953,123.0,123.80000305175781,1049700
2017-09-11,106.53331756591797,126.41999816894531,126.41999816894531,124.04000091552734,124.79000091552734,1349800
2017-09-12,106.66810607910156,126.58000183105469,126.9800033569336,126.25,126.25,1576000
2017-09-13,106.81981658935547,126.76000213623047,126.79000091552734,125.5,126.5,1173500
2017-09-14,106.96308135986328,126.93000030517578,127.94000244140625,126.02999877929688,126.27999877929688,922600
2017-09-15,107.89844512939453,128.0399932861328,128.08999633789062,126.55000305175781,127.12999725341797,1656000
2017-09-18,107.3169937133789,127.3499984741211,128.4199981689453,127.19000244140625,128.4199981689453,1083900
2017-09-19,107.69619750976562,127.80000305175781,128.0800018310547,126.87000274658203,127.69999694824219,1142700
2017-09-20,110.37596130371094,130.97999572753906,131.02000427246094,127.7300033569336,127.91999816894531,1044600
2017-09-21,110.14844512939453,130.7100067138672,131.32000732421875,130.0800018310547,130.60000610351562,1200600
2017-09-22,110.38440704345703,130.99000549316406,131.14999389648438,129.86000061035156,130.52000427246094,1232300
2017-09-25,109.8534927368164,130.36000061035156,131.41000366210938,129.49000549316406,131.0,1222300
2017-09-26,110.39282989501953,131.0,131.4600067138672,130.0,130.67999267578125,1122700
2017-09-27,111.665283203125,132.50999450683594,132.5500030517578,130.97999572753906,131.3699951171875,1162000
2017-09-28,111.90122985839844,132.7899932861328,133.80999755859375,132.3300018310547,132.3300018310547,1140100
2017-09-29,111.4377670288086,132.24000549316406,133.30999755859375,132.08999633789062,132.55999755859375,1438600
2017-10-02,110.93213653564453,131.63999938964844,132.8000030517578,130.88999938964844,132.64999389648438,1699700
2017-10-03,110.8731918334961,131.57000732421875,131.99000549316406,130.60000610351562,131.0500030517578,3011100
2017-10-04,109.97146606445312,130.5,131.69000244140625,130.16000366210938,130.97000122070312,2298100
2017-10-05,110.49394226074219,131.1199951171875,131.33999633789062,129.8699951171875,130.5500030517578,1790800
2017-10-06,109.93775177001953,130.4600067138672,131.3800048828125,129.77999877929688,130.92999267578125,1281700
2017-10-09,110.21585083007812,130.7899932861328,131.02999877929688,130.3699951171875,130.5,764100
2017-10-10,109.55011749267578,130.0,131.47999572753906,129.50999450683594,131.4199981689453,1237000
2017-10-11,110.80573272705078,131.49000549316406,131.55999755859375,129.85000610351562,130.07000732421875,1192500
2017-10-12,112.65968322753906,133.69000244140625,133.97000122070312,131.67999267578125,131.67999267578125,1311900
2017-10-13,110.94058990478516,131.64999389648438,134.52000427246094,131.57000732421875,134.10000610351562,896800
2017-10-16,109.38160705566406,129.8000030517578,131.3699951171875,129.32000732421875,130.85000610351562,1696200
2017-10-17,109.1119155883789,129.47999572753906,130.60000610351562,128.63999938964844,128.77000427246094,1894300
2017-10-18,109.98834228515625,130.52000427246094,131.4499969482422,130.0399932861328,130.1699981689453,1220100
2017-10-19,109.75239562988281,130.24000549316406,130.33999633789062,128.8800048828125,129.91000366210938,1844400
2017-10-20,111.86754608154297,132.75,132.8800048828125,130.5,130.82000732421875,1831400
2017-10-23,111.12596130371094,131.8699951171875,133.77000427246094,131.77000427246094,133.00999450683594,1275000
2017-10-24,111.4967269897461,132.30999755859375,134.41000366210938,132.0399932861328,132.63999938964844,2063000
2017-10-25,108.44621276855469,128.69000244140625,131.22999572753906,125.80000305175781,129.7100067138672,3623400
2017-10-26,112.28887939453125,133.25,133.6300048828125,130.3000030517578,131.0,2319500
2017-10-27,112.62594604492188,133.64999389648438,134.4199981689453,132.5399932861328,133.0399932861328,1688800
2017-10-30,111.90967559814453,132.8000030517578,133.91000366210938,132.4600067138672,132.91000366210938,1240500
2017-10-31,110.74674224853516,131.4199981689453,133.0,131.36000061035156,133.0,1228000
2017-11-01,111.10069274902344,131.83999633789062,132.4499969482422,130.72000122070312,132.4499969482422,978400
2017-11-02,111.8795394897461,132.14999389648438,132.22000122070312,129.97000122070312,130.8000030517578,1231100
2017-11-03,110.36414337158203,130.36000061035156,132.19000244140625,129.72000122070312,132.11000061035156,1229400
2017-11-06,110.16092681884766,130.1199951171875,130.6999969482422,129.83999633789062,130.47999572753906,950300
2017-11-07,109.59371948242188,129.4499969482422,130.74000549316406,129.1199951171875,129.83999633789062,980000
2017-11-08,109.49211883544922,129.3300018310547,129.60000610351562,128.19000244140625,129.47000122070312,1582200
2017-11-09,108.35770416259766,127.98999786376953,129.2899932861328,127.62999725341797,128.49000549316406,1103700
2017-11-10,107.6465072631836,127.1500015258789,128.2899932861328,126.95999908447266,127.6500015258789,1301000
2017-11-13,108.0444107055664,127.62000274658203,127.83000183105469,125.58999633789062,126.47000122070312,925900
2017-11-14,107.50257873535156,126.9800033569336,127.80000305175781,126.30999755859375,127.16000366210938,1141900
2017-11-15,107.02850341796875,126.41999816894531,133.25,125.88999938964844,126.26000213623047,1345400
2017-11-16,109.39901733398438,129.22000122070312,129.4499969482422,126.56999969482422,127.25,1368100
2017-11-17,107.9767074584961,127.54000091552734,129.4499969482422,127.4000015258789,128.39999389648438,1206900
2017-11-20,107.57879638671875,127.06999969482422,127.68000030517578,126.54000091552734,127.68000030517578,974900
2017-11-21,109.29742431640625,129.10000610351562,129.27999877929688,127.3499984741211,127.5999984741211,1049500
2017-11-22,109.40745544433594,129.22999572753906,129.9600067138672,128.8000030517578,129.36000061035156,621100
2017-11-24,110.06781768798828,130.00999450683594,131.08999633789062,129.4499969482422,129.47999572753906,585800
2017-11-27,107.92591094970703,127.4800033569336,129.0399932861328,126.4000015258789,128.3699951171875,1642500
2017-11-28,110.18634033203125,130.14999389648438,130.2899932861328,126.87000274658203,127.80999755859375,1522200
2017-11-29,115.48612976074219,136.41000366210938,137.22000122070312,130.1699981689453,130.58999633789062,3635200
2017-11-30,117.36561584472656,138.6300048828125,139.97999572753906,135.17999267578125,136.02999877929688,3097800
2017-12-01,116.40892791748047,137.5,139.42999267578125,134.8300018310547,138.94000244140625,2417000
2017-12-04,118.43233489990234,139.88999938964844,141.80999755859375,138.60000610351562,139.0,2217600
2017-12-05,117.54336547851562,138.83999633789062,140.77000427246094,138.7100067138672,140.16000366210938,2308400
2017-12-06,117.45025634765625,138.72999572753906,139.52000427246094,138.36000061035156,138.77000427246094,1215700
2017-12-07,119.39744567871094,141.02999877929688,141.6300048828125,138.6300048828125,138.8300018310547,1488100
2017-12-08,119.21967315673828,140.82000732421875,142.75999450683594,140.6199951171875,141.55999755859375,1062000
2017-12-11,119.83772277832031,141.5500030517578,142.3800048828125,140.63999938964844,141.27000427246094,1405300
2017-12-12,119.7614974975586,141.4600067138672,142.16000366210938,140.86000061035156,142.11000061035156,1208100
2017-12-13,120.07479095458984,141.8300018310547,143.35000610351562,141.27999877929688,141.36000061035156,1425500
2017-12-14,119.25358581542969,140.86000061035156,142.94000244140625,140.52000427246094,142.39999389648438,990500
2017-12-15,119.46519470214844,141.11000061035156,141.6199951171875,138.50999450683594,139.8800048828125,2766300
2017-12-18,121.59867858886719,143.6300048828125,143.9199981689453,141.02999877929688,142.4499969482422,1885400
2017-12-19,121.67481231689453,143.72000122070312,144.6300048828125,142.5500030517578,144.35000610351562,1433100
2017-12-20,122.6230239868164,144.83999633789062,145.42999267578125,143.6999969482422,144.42999267578125,1812000
2017-12-21,122.14896392822266,144.27999877929688,145.5399932861328,142.88999938964844,145.5399932861328,1073900
2017-12-22,122.35208892822266,144.52000427246094,144.7899932861328,143.5,144.61000061035156,578800
2017-12-26,122.41985321044922,144.60000610351562,145.4600067138672,144.0500030517578,144.47999572753906,465800
2017-12-27,123.52896881103516,145.91000366210938,146.3300018310547,144.3000030517578,144.99000549316406,919500
2017-12-28,123.0209732055664,145.30999755859375,146.32000732421875,144.3699951171875,146.0,569900
2017-12-29,122.67382049560547,144.89999389648438,146.07000732421875,144.89999389648438,145.52000427246094,700800
2018-01-02,124.41787719726562,146.9600067138672,146.97000122070312,144.8300018310547,145.9600067138672,1050200
2018-01-03,124.42633819580078,146.97000122070312,147.5399932861328,145.88999938964844,146.86000061035156,1172500
2018-01-04,124.7734146118164,147.3800048828125,148.58999633789062,146.91000366210938,147.72999572753906,1545100
2018-01-05,127.22016143798828,150.27000427246094,151.85000610351562,148.44000244140625,148.44000244140625,1573100
2018-01-08,129.1673583984375,152.57000732421875,152.83999633789062,149.99000549316406,150.0,1374100
2018-01-09,130.03933715820312,153.60000610351562,154.61000061035156,152.72000122070312,152.97000122070312,1304900
2018-01-10,128.3545684814453,151.61000061035156,154.10000610351562,151.41000366210938,153.16000366210938,1123200
2018-01-11,130.40341186523438,154.02999877929688,154.63999938964844,151.64999389648438,152.08999633789062,1781500
2018-01-12,130.66583251953125,154.33999633789062,156.0800018310547,154.22999572753906,155.27999877929688,1850500
2018-01-16,129.53138732910156,153.0,157.14999389648438,152.9499969482422,154.8800048828125,2492300
2018-01-17,130.42034912109375,154.0500030517578,154.33999633789062,151.7899932861328,152.77000427246094,2084900
2018-01-18,129.87852478027344,153.41000366210938,154.7100067138672,152.89999389648438,154.3000030517578,1757000
2018-01-19,128.17681884765625,151.39999389648438,153.85000610351562,151.33999633789062,153.66000366210938,3040900
2018-01-22,128.23606872558594,151.47000122070312,152.00999450683594,149.82000732421875,151.44000244140625,2403700
2018-01-23,128.39694213867188,151.66000366210938,152.27000427246094,149.0399932861328,151.1300048828125,2632500
2018-01-24,126.94073486328125,149.94000244140625,152.0,147.1699981689453,150.75,2928000
2018-01-25,125.49310302734375,148.22999572753906,151.33999633789062,147.80999755859375,149.6999969482422,1649700
2018-01-26,127.81278991699219,150.97000122070312,151.3699951171875,148.42999267578125,148.7899932861328,2148600
2018-01-29,128.16835021972656,151.38999938964844,152.39999389648438,150.66000366210938,150.97000122070312,1566400
2018-01-30,127.03392028808594,150.0500030517578,151.41000366210938,149.6999969482422,150.6699981689453,1471600
2018-01-31,127.73660278320312,150.8800048828125,151.6699981689453,149.74000549316406,150.27000427246094,1690100
2018-02-01,126.29896545410156,148.47000122070312,150.35000610351562,147.89999389648438,149.27999877929688,1427000
2018-02-02,123.3726577758789,145.02999877929688,147.85000610351562,144.61000061035156,147.14999389648438,1774600
2018-02-05,117.91136169433594,138.61000061035156,146.72999572753906,138.17999267578125,144.74000549316406,2508900
2018-02-06,121.68832397460938,143.0500030517578,143.4499969482422,134.5500030517578,136.99000549316406,2455000
2018-02-07,121.37357330322266,142.67999267578125,144.4499969482422,141.3699951171875,142.08999633789062,1464500
2018-02-08,116.44820404052734,136.88999938964844,143.27000427246094,136.8699951171875,142.6199951171875,2657200
2018-02-09,117.57958984375,138.22000122070312,139.49000549316406,131.80999755859375,138.05999755859375,2382500
2018-02-12,119.01721954345703,139.91000366210938,140.92999267578125,137.47000122070312,139.25,1762700
2018-02-13,119.35745239257812,140.30999755859375,140.9499969482422,137.36000061035156,138.9499969482422,1344400
2018-02-14,121.00778198242188,142.25,142.44000244140625,138.0,139.6300048828125,1646300
2018-02-15,121.11837005615234,142.3800048828125,143.2899932861328,140.44000244140625,143.00999450683594,1378800
2018-02-16,121.33948516845703,142.63999938964844,144.07000732421875,141.75999450683594,142.0,1277100
2018-02-20,119.11927795410156,140.02999877929688,141.97999572753906,139.07000732421875,141.7100067138672,1763300
2018-02-21,118.15803527832031,138.89999389648438,142.88999938964844,138.8000030517578,140.14999389648438,1739800
2018-02-22,120.35277557373047,141.47999572753906,142.91000366210938,138.89999389648438,139.8300018310547,1810900
2018-02-23,121.32249450683594,142.6199951171875,143.41000366210938,141.1199951171875,142.33999633789062,1348300
2018-02-26,123.78948211669922,145.52000427246094,146.02000427246094,142.66000366210938,143.25,1596000
2018-02-27,121.50116729736328,142.8300018310547,147.61000061035156,142.7899932861328,145.97999572753906,1595500
2018-02-28,118.31117248535156,139.0800018310547,143.4499969482422,139.0500030517578,142.6199951171875,1693400
2018-03-01,117.96235656738281,138.6699981689453,141.19000244140625,136.6300048828125,139.4499969482422,2167700
2018-03-02,117.95386505126953,138.66000366210938,139.41000366210938,136.11000061035156,137.5399932861328,1339400
2018-03-05,119.7998275756836,140.8300018310547,141.17999267578125,136.49000549316406,137.83999633789062,1495200
2018-03-06,120.01246643066406,141.0800018310547,141.63999938964844,139.50999450683594,141.35000610351562,1185000
2018-03-07,119.70628356933594,140.72000122070312,141.83999633789062,139.07000732421875,139.33999633789062,1288500
2018-03-08,119.46810150146484,140.44000244140625,142.27999877929688,139.25,141.4600067138672,1540200
2018-03-09,123.7979736328125,145.52999877929688,145.97000122070312,141.42999267578125,141.69000244140625,1759200
2018-03-12,121.27153778076172,142.55999755859375,145.99000549316406,142.25999450683594,145.3800048828125,1410600
2018-03-13,121.11837005615234,142.3800048828125,144.67999267578125,142.1199951171875,143.41000366210938,1402800
2018-03-14,116.23552703857422,136.63999938964844,143.3800048828125,135.89999389648438,143.3800048828125,2705300
2018-03-15,117.07766723632812,137.6300048828125,138.35000610351562,135.92999267578125,136.75,1972600
2018-03-16,117.89434814453125,138.58999633789062,139.52000427246094,137.83999633789062,137.83999633789062,2177100
2018-03-19,118.3877182006836,139.1699981689453,139.49000549316406,136.8300018310547,137.99000549316406,2054300
2018-03-20,118.49827575683594,139.3000030517578,139.83999633789062,138.41000366210938,139.74000549316406,1395200
2018-03-21,118.62588500976562,139.4499969482422,141.8699951171875,138.75999450683594,139.61000061035156,1193400
2018-03-22,114.15138244628906,134.19000244140625,138.47999572753906,134.10000610351562,137.69000244140625,2971100
2018-03-23,112.44152069091797,132.17999267578125,136.0399932861328,131.85000610351562,134.42999267578125,1973800
2018-03-26,115.85272979736328,136.19000244140625,136.39999389648438,131.80999755859375,133.9499969482422,1957700
2018-03-27,113.64098358154297,133.58999633789062,137.77000427246094,132.7899932861328,136.5,1993900
2018-03-28,113.96422576904297,133.97000122070312,135.75999450683594,132.22000122070312,133.83999633789062,1838800
2018-03-29,115.50397491455078,135.77999877929688,137.5,134.49000549316406,134.88999938964844,1589900
2018-04-02,112.99446105957031,132.8300018310547,136.52999877929688,131.02000427246094,135.57000732421875,1908700
2018-04-03,113.45381927490234,133.3699951171875,134.0399932861328,131.92999267578125,133.30999755859375,2352800
2018-04-04,112.27140808105469,131.97999572753906,132.32000732421875,130.88999938964844,131.44000244140625,2876100
2018-04-05,113.73455047607422,133.6999969482422,134.16000366210938,131.8000030517578,132.6699981689453,2650300
2018-04-06,110.04264068603516,129.36000061035156,133.5800018310547,127.79000091552734,132.6199951171875,2298500
2018-04-09,109.66835021972656,128.9199981689453,131.08999633789062,128.74000549316406,130.16000366210938,1203200
2018-04-10,110.58708953857422,130.0,131.58999633789062,129.3300018310547,130.39999389648438,1841200
2018-04-11,111.48028564453125,131.0500030517578,131.9600067138672,129.0,129.2100067138672,1705600
2018-04-12,113.28369140625,133.1699981689453,133.91000366210938,131.5,131.63999938964844,1495000
2018-04-13,113.57291412353516,133.50999450683594,134.49000549316406,132.92999267578125,133.77999877929688,1790300
2018-04-16,116.0993881225586,136.47999572753906,136.92999267578125,134.74000549316406,134.74000549316406,1464100
2018-04-17,115.30828094482422,135.5500030517578,137.22999572753906,134.8000030517578,137.22999572753906,1327800
2018-04-18,117.91136169433594,138.61000061035156,140.32000732421875,137.11000061035156,137.11000061035156,2189800
2018-04-19,118.12403106689453,138.86000061035156,139.25,136.3699951171875,137.80999755859375,1623200
2018-04-20,116.32910919189453,136.75,139.4499969482422,136.08999633789062,138.66000366210938,1369900
2018-04-23,117.18824768066406,137.75999450683594,138.0800018310547,135.9600067138672,136.6999969482422,1558900
2018-04-24,114.81489562988281,134.97000122070312,139.47000122070312,133.47000122070312,138.3000030517578,2746600
2018-04-25,124.16374969482422,145.9600067138672,146.41000366210938,139.52999877929688,140.77000427246094,4979400
2018-04-26,123.08344268798828,144.69000244140625,147.83999633789062,142.30999755859375,144.5800018310547,3739300
2018-04-27,124.72523498535156,146.6199951171875,146.9600067138672,143.32000732421875,144.69000244140625,1413700
2018-04-30,122.04564666748047,143.47000122070312,147.74000549316406,143.1300048828125,147.0,2471700
2018-05-01,121.2119369506836,142.49000549316406,144.10000610351562,140.6300048828125,143.17999267578125,1835300
2018-05-02,121.13538360595703,142.39999389648438,144.8300018310547,141.22000122070312,142.11000061035156,1566600
2018-05-03,120.50272369384766,140.94000244140625,141.82000732421875,138.33999633789062,141.4600067138672,1771000
2018-05-04,123.0505599975586,143.9199981689453,144.91000366210938,140.19000244140625,140.32000732421875,1346300
2018-05-07,124.37580108642578,145.47000122070312,145.82000732421875,144.0399932861328,144.3699951171875,1463600
2018-05-08,124.90592193603516,146.08999633789062,147.74000549316406,144.47999572753906,144.91000366210938,1432800
2018-05-09,129.0440216064453,150.92999267578125,152.1999969482422,146.36000061035156,146.85000610351562,2193800
2018-05-10,129.75372314453125,151.75999450683594,151.97999572753906,150.16000366210938,151.1300048828125,1692200
2018-05-11,130.3009033203125,152.39999389648438,153.72999572753906,151.30999755859375,152.0,1200400
2018-05-14,128.6251220703125,150.44000244140625,153.42999267578125,150.14999389648438,152.66000366210938,1242200
2018-05-15,128.88162231445312,150.74000549316406,150.89999389648438,149.1699981689453,149.5800018310547,1418600
2018-05-16,129.0013427734375,150.8800048828125,151.61000061035156,149.8000030517578,150.9199981689453,1658500
2018-05-17,130.36929321289062,152.47999572753906,153.72999572753906,151.00999450683594,151.00999450683594,1322700
2018-05-18,130.37786865234375,152.49000549316406,153.19000244140625,151.27999877929688,152.17999267578125,1091800
2018-05-21,130.44630432128906,152.57000732421875,154.64999389648438,152.32000732421875,153.25999450683594,1363500
2018-05-22,129.78790283203125,151.8000030517578,154.19000244140625,151.75,152.5800018310547,1412300
2018-05-23,128.66786193847656,150.49000549316406,151.49000549316406,148.99000549316406,151.1999969482422,1994500
2018-05-24,130.80538940429688,152.99000549316406,154.02000427246094,150.3699951171875,150.60000610351562,2101900
2018-05-25,130.83102416992188,153.02000427246094,153.4600067138672,152.1199951171875,152.22000122070312,1355900
2018-05-29,129.65109252929688,151.63999938964844,152.72999572753906,150.14999389648438,151.5,1439900
2018-05-30,132.38710021972656,154.83999633789062,155.52999877929688,152.10000610351562,152.69000244140625,2084200
2018-05-31,129.65963745117188,151.64999389648438,155.1999969482422,151.4499969482422,154.6300048828125,1899100
2018-06-01,132.72048950195312,155.22999572753906,156.0,152.5399932861328,152.99000549316406,1663000
2018-06-04,129.75372314453125,151.75999450683594,156.1699981689453,151.36000061035156,155.72000122070312,1415100
2018-06-05,129.0440216064453,150.92999267578125,152.58999633789062,150.16000366210938,151.7100067138672,1601500
2018-06-06,130.01019287109375,152.05999755859375,152.10000610351562,148.60000610351562,151.00999450683594,1962700
2018-06-07,130.12986755371094,152.1999969482422,153.27999877929688,150.9199981689453,152.89999389648438,1321000
2018-06-08,131.86550903320312,154.22999572753906,154.25,151.92999267578125,152.19000244140625,1166300
2018-06-11,133.48147583007812,156.1199951171875,157.27999877929688,153.60000610351562,153.72999572753906,1835600
2018-06-12,133.61830139160156,156.27999877929688,158.5800018310547,155.52999877929688,156.61000061035156,1560300
2018-06-13,131.81422424316406,154.1699981689453,157.00999450683594,153.5,156.33999633789062,1758700
2018-06-14,131.21575927734375,153.47000122070312,154.91000366210938,153.02000427246094,154.85000610351562,1466700
2018-06-15,132.23318481445312,154.66000366210938,154.9199981689453,151.85000610351562,153.39999389648438,2476100
2018-06-18,131.48080444335938,153.77999877929688,154.83999633789062,152.49000549316406,153.2899932861328,918300
2018-06-19,129.0269775390625,150.91000366210938,152.22999572753906,149.60000610351562,151.82000732421875,1467200
2018-06-20,129.16380310058594,151.07000732421875,152.25999450683594,150.36000061035156,151.75999450683594,1094300
2018-06-21,128.23184204101562,149.97999572753906,151.25,149.11000061035156,150.83999633789062,886400
2018-06-22,129.8049774169922,151.82000732421875,153.07000732421875,151.14999389648438,151.3800048828125,1666800
2018-06-25,130.15553283691406,152.22999572753906,154.2100067138672,150.80999755859375,154.1999969482422,1883700
2018-06-26,129.15518188476562,151.05999755859375,152.5399932861328,150.3300018310547,152.5399932861328,2403100
2018-06-27,128.2831573486328,150.0399932861328,153.67999267578125,150.0399932861328,151.4199981689453,1882800
2018-06-28,128.00949096679688,149.72000122070312,150.75999450683594,147.22000122070312,149.1300048828125,1803200
2018-06-29,128.9927520751953,150.8699951171875,152.94000244140625,149.8699951171875,149.89999389648438,1318500
2018-07-02,130.1384735107422,152.2100067138672,152.7899932861328,149.88999938964844,150.3699951171875,901900
2018-07-03,129.0440216064453,150.92999267578125,153.77000427246094,150.6300048828125,152.7899932861328,622400
2018-07-05,130.88226318359375,153.0800018310547,153.22000122070312,151.52999877929688,151.7100067138672,1174800
2018-07-06,132.11349487304688,154.52000427246094,155.27999877929688,152.3300018310547,153.3800048828125,1232200
2018-07-09,134.3535919189453,157.13999938964844,157.3699951171875,154.6300048828125,155.6199951171875,1114200
2018-07-10,135.6959228515625,158.7100067138672,159.0399932861328,156.69000244140625,157.10000610351562,2365900
2018-07-11,133.17367553710938,155.75999450683594,157.33999633789062,154.61000061035156,157.14999389648438,1647900
2018-07-12,134.669921875,157.50999450683594,158.3300018310547,156.22999572753906,157.3800048828125,2080900
2018-07-13,136.33717346191406,159.4600067138672,160.36000061035156,157.0399932861328,157.2100067138672,1748800
2018-07-16,132.72048950195312,155.22999572753906,160.30999755859375,154.0,160.30999755859375,2167700
2018-07-17,132.48968505859375,154.9600067138672,155.75999450683594,153.22000122070312,155.1999969482422,2105600
2018-07-18,136.721923828125,159.91000366210938,161.0,158.13999938964844,158.4499969482422,2202400
2018-07-19,137.20924377441406,160.47999572753906,160.83999633789062,156.85000610351562,157.85000610351562,1916000
2018-07-20,138.380615234375,161.85000610351562,162.6699981689453,159.4199981689453,159.4600067138672,1662900
2018-07-23,139.35531616210938,162.99000549316406,163.9499969482422,160.89999389648438,161.88999938964844,1546600
2018-07-24,137.20924377441406,160.47999572753906,164.4499969482422,159.69000244140625,163.88999938964844,2865200
2018-07-25,143.94662475585938,168.36000061035156,168.75999450683594,155.35000610351562,156.75,3612300
2018-07-26,144.98110961914062,169.57000732421875,172.80999755859375,168.19000244140625,170.5,2470300
2018-07-27,143.843994140625,168.24000549316406,169.74000549316406,166.77999877929688,169.5800018310547,1862800
2018-07-30,144.0491943359375,168.47999572753906,170.94000244140625,168.27000427246094,168.32000732421875,1294800
2018-07-31,144.49375915527344,169.0,171.3699951171875,168.88999938964844,169.22999572753906,1687000
2018-08-01,143.5789337158203,167.92999267578125,169.74000549316406,167.55999755859375,169.0399932861328,1728500
2018-08-02,144.75881958007812,169.30999755859375,169.72000122070312,166.75999450683594,167.16000366210938,1310400
2018-08-03,147.4304962158203,171.6199951171875,171.7100067138672,168.86000061035156,169.5399932861328,1667100
2018-08-06,148.34971618652344,172.69000244140625,173.5,170.8699951171875,171.47000122070312,1646900
2018-08-07,148.76199340820312,173.1699981689453,174.42999267578125,172.8699951171875,173.05999755859375,1260700
2018-08-08,148.47848510742188,172.83999633789062,173.49000549316406,171.97000122070312,172.85000610351562,901200
2018-08-09,147.49066162109375,171.69000244140625,173.17999267578125,171.67999267578125,172.52000427246094,952900
2018-08-10,147.7053985595703,171.94000244140625,172.6199951171875,170.19000244140625,171.0,1191800
2018-08-13,147.00088500976562,171.1199951171875,173.22999572753906,170.9499969482422,172.86000061035156,1408000
2018-08-14,147.92015075683594,172.19000244140625,173.75,171.66000366210938,171.66000366210938,1634600
2018-08-15,147.63665771484375,171.86000061035156,172.97999572753906,170.64999389648438,172.5,2003100
2018-08-16,149.01971435546875,173.47000122070312,174.1699981689453,171.75999450683594,172.74000549316406,1370400
2018-08-17,149.53514099121094,174.07000732421875,175.0,173.74000549316406,173.7899932861328,1136600
2018-08-20,150.22239685058594,174.8699951171875,176.1199951171875,174.08999633789062,174.4199981689453,1039800
2018-08-21,151.26177978515625,176.0800018310547,176.69000244140625,175.05999755859375,175.3300018310547,1278700
2018-08-22,149.56954956054688,174.11000061035156,176.24000549316406,174.11000061035156,175.88999938964844,1174400
2018-08-23,149.165771484375,173.63999938964844,174.82000732421875,173.1199951171875,174.1199951171875,1603800
2018-08-24,150.21383666992188,174.86000061035156,175.86000061035156,173.7100067138672,174.24000549316406,1381500
2018-08-27,150.82371520996094,175.57000732421875,177.0,175.47999572753906,176.00999450683594,1675800
2018-08-28,150.45437622070312,175.13999938964844,176.7899932861328,174.92999267578125,176.57000732421875,1898400
2018-08-29,150.093505859375,174.72000122070312,177.0800018310547,174.57000732421875,175.7100067138672,1221400
2018-08-30,149.63827514648438,174.19000244140625,175.61000061035156,173.85000610351562,174.19000244140625,1572700
2018-08-31,149.3376007080078,173.83999633789062,174.3699951171875,173.0500030517578,173.72000122070312,2089700
2018-09-04,149.78431701660156,174.36000061035156,174.80999755859375,173.67999267578125,173.8000030517578,1609800
2018-09-05,150.31689453125,174.97999572753906,175.1699981689453,173.1699981689453,174.24000549316406,1670000
2018-09-06,149.9990997314453,174.61000061035156,176.05999755859375,174.52999877929688,174.88999938964844,1581600
2018-09-07,152.13807678222656,177.10000610351562,177.85000610351562,173.74000549316406,174.08999633789062,1700700
2018-09-10,154.73240661621094,180.1199951171875,180.32000732421875,177.47000122070312,177.8800048828125,2128600
2018-09-11,152.90264892578125,177.99000549316406,179.9600067138672,177.7100067138672,179.82000732421875,1849000
2018-09-12,152.91983032226562,178.00999450683594,179.6300048828125,177.57000732421875,177.7899932861328,1150400
2018-09-13,152.45596313476562,177.47000122070312,178.7899932861328,177.19000244140625,178.61000061035156,1712600
2018-09-14,154.1138916015625,179.39999389648438,180.13999938964844,177.2100067138672,177.83999633789062,1448500
2018-09-17,154.0194091796875,179.2899932861328,180.9600067138672,178.74000549316406,179.52999877929688,1565600
2018-09-18,160.39356994628906,186.7100067138672,186.91000366210938,183.14999389648438,183.47000122070312,4374900
2018-09-19,159.5087432861328,185.67999267578125,186.8000030517578,184.83999633789062,186.0,1855100
2018-09-20,158.30604553222656,184.27999877929688,186.8300018310547,183.99000549316406,186.2100067138672,1897500
2018-09-21,158.27174377441406,184.24000549316406,185.80999755859375,183.7899932861328,183.99000549316406,2243600
2018-09-24,156.78553771972656,182.50999450683594,185.11000061035156,182.39999389648438,184.0399932861328,1663900
2018-09-25,156.6481170654297,182.35000610351562,184.1199951171875,182.07000732421875,183.33999633789062,1338400
2018-09-26,155.1276092529297,180.5800018310547,182.8699951171875,180.3300018310547,182.2899932861328,2177900
2018-09-27,156.6309356689453,182.3300018310547,182.9600067138672,180.64999389648438,181.38999938964844,1417600
2018-09-28,155.05886840820312,180.5,182.5500030517578,180.14999389648438,182.0,2573100
2018-10-01,158.45211791992188,184.4499969482422,185.50999450683594,182.24000549316406,182.38999938964844,1693300
2018-10-02,155.77188110351562,181.3300018310547,183.99000549316406,181.1699981689453,183.8800048828125,1891500
2018-10-03,156.5621795654297,182.25,183.49000549316406,181.1300048828125,182.0800018310547,1901300
2018-10-04,157.57583618164062,183.42999267578125,183.77000427246094,181.4499969482422,183.77000427246094,1516800
2018-10-05,157.22372436523438,183.02000427246094,184.6300048828125,182.14999389648438,183.00999450683594,1479700
2018-10-08,158.05694580078125,183.99000549316406,184.5399932861328,181.67999267578125,182.99000549316406,1186800
2018-10-09,156.08114624023438,181.69000244140625,184.75,181.47999572753906,184.10000610351562,1307700
2018-10-10,147.41331481933594,171.60000610351562,181.72000122070312,171.19000244140625,181.72000122070312,3207500
2018-10-11,144.43240356445312,168.1300048828125,174.3699951171875,167.00999450683594,171.60000610351562,3713500
2018-10-12,146.20204162597656,170.19000244140625,172.42999267578125,168.72000122070312,170.8000030517578,1980500
2018-10-15,145.5663604736328,169.4499969482422,171.32000732421875,169.1300048828125,170.1699981689453,2366200
2018-10-16,148.0576171875,172.35000610351562,173.52999877929688,169.9199981689453,170.8800048828125,2351800
2018-10-17,145.17974853515625,169.0,173.97000122070312,167.47999572753906,173.22999572753906,2753800
2018-10-18,141.02195739746094,164.16000366210938,168.02999877929688,163.94000244140625,166.55999755859375,4485700
2018-10-19,140.81576538085938,163.9199981689453,165.3800048828125,163.19000244140625,164.5500030517578,2745100
2018-10-22,140.83297729492188,163.94000244140625,165.0500030517578,162.14999389648438,163.2899932861328,2180700
2018-10-23,134.84535217285156,156.97000122070312,161.35000610351562,155.0,161.0500030517578,4492500
2018-10-24,137.61151123046875,160.19000244140625,164.0,157.80999755859375,160.3699951171875,4901300
2018-10-25,141.09068298339844,164.24000549316406,167.41000366210938,162.3800048828125,165.5500030517578,3522000
2018-10-26,139.11483764648438,161.94000244140625,163.5399932861328,160.10000610351562,161.7899932861328,2471500
2018-10-29,138.3846435546875,161.08999633789062,165.89999389648438,158.8300018310547,163.35000610351562,2788600
2018-10-30,142.86892700195312,166.30999755859375,166.75,161.10000610351562,161.4600067138672,1944200
2018-10-31,144.1746826171875,167.8300018310547,170.30999755859375,167.0399932861328,167.69000244140625,2161200
2018-11-01,145.305419921875,168.33999633789062,169.69000244140625,167.24000549316406,168.13999938964844,2076400
2018-11-02,145.521240234375,168.58999633789062,171.60000610351562,168.00999450683594,169.1999969482422,2127200
2018-11-05,144.3214111328125,167.1999969482422,169.77000427246094,167.0500030517578,169.5,1728700
2018-11-06,144.19192504882812,167.0500030517578,168.94000244140625,165.9199981689453,166.63999938964844,1780300
2018-11-07,149.37098693847656,173.0500030517578,173.47999572753906,168.25,169.3800048828125,2087000
2018-11-08,148.76673889160156,172.35000610351562,173.66000366210938,171.2100067138672,172.22999572753906,1518300
2018-11-09,147.01446533203125,170.32000732421875,172.5399932861328,169.33999633789062,171.75,1529100
2018-11-12,144.1574249267578,167.00999450683594,171.47999572753906,166.8300018310547,170.66000366210938,1980100
2018-11-13,143.99342346191406,166.82000732421875,169.16000366210938,165.52999877929688,167.75,1741800
2018-11-14,144.4940643310547,167.39999389648438,170.47000122070312,166.0,167.9199981689453,1547100
2018-11-15,149.22421264648438,172.8800048828125,173.27999877929688,165.77999877929688,166.14999389648438,2788000
2018-11-16,148.5077667236328,172.0500030517578,174.64999389648438,171.72000122070312,172.02999877929688,2049800
2018-11-19,147.19577026367188,170.52999877929688,172.02000427246094,168.6999969482422,171.11000061035156,2455700
2018-11-20,140.48033142089844,162.75,167.4499969482422,161.57000732421875,167.4499969482422,3582000
2018-11-21,143.5013885498047,166.25,168.3300018310547,163.3800048828125,163.39999389648438,1681600
2018-11-23,141.472900390625,163.89999389648438,165.6300048828125,163.4600067138672,164.0399932861328,602900
2018-11-26,141.6542205810547,164.11000061035156,166.49000549316406,163.41000366210938,164.89999389648438,1573200
2018-11-27,140.52346801757812,162.8000030517578,164.9499969482422,161.1699981689453,163.77000427246094,2787900
2018-11-28,144.89971923828125,167.8699951171875,168.75999450683594,163.25999450683594,163.25999450683594,2786800
2018-11-29,145.3917694091797,168.44000244140625,170.17999267578125,166.6999969482422,167.3699951171875,1741100
2018-11-30,147.37705993652344,170.74000549316406,171.9199981689453,168.02000427246094,168.14999389648438,2352600
2018-12-03,148.61997985839844,172.17999267578125,175.4600067138672,171.3800048828125,173.27000427246094,2008600
2018-12-04,143.1906280517578,165.88999938964844,171.75,165.0500030517578,171.24000549316406,2477900
2018-12-06,139.9969482421875,162.19000244140625,163.50999450683594,157.86000061035156,163.02999877929688,3631900
2018-12-07,135.50848388671875,156.99000549316406,164.52999877929688,156.92999267578125,162.69000244140625,2446900
2018-12-10,134.5503692626953,155.8800048828125,156.99000549316406,152.1199951171875,156.02999877929688,2914800
2018-12-11,134.23960876464844,155.52000427246094,159.97000122070312,154.5500030517578,159.13999938964844,2371900
2018-12-12,135.2581787109375,156.6999969482422,159.64999389648438,156.55999755859375,158.5500030517578,2189100
2018-12-13,135.9659423828125,157.52000427246094,157.9600067138672,155.27000427246094,157.10000610351562,2226800
2018-12-14,130.23458862304688,150.8800048828125,157.17999267578125,150.30999755859375,155.8300018310547,2693600
2018-12-17,127.38611602783203,147.5800018310547,150.3300018310547,146.50999450683594,150.10000610351562,3210700
2018-12-18,128.05934143066406,148.36000061035156,151.8000030517578,147.47000122070312,148.33999633789062,2411900
2018-12-19,126.82501983642578,146.92999267578125,153.75999450683594,145.52000427246094,148.36000061035156,3628600
2018-12-20,125.97051239013672,145.94000244140625,148.6199951171875,144.8300018310547,146.11000061035156,2602300
2018-12-21,124.62398529052734,144.3800048828125,148.88999938964844,143.58999633789062,146.3300018310547,4046200
2018-12-24,120.66199493408203,139.7899932861328,143.72999572753906,139.10000610351562,143.41000366210938,1057400
2018-12-26,127.12713623046875,147.27999877929688,147.58999633789062,138.64999389648438,140.66000366210938,2002900
2018-12-27,128.53408813476562,148.91000366210938,148.91000366210938,142.97999572753906,145.13999938964844,1391100
2018-12-28,127.75721740722656,148.00999450683594,150.17999267578125,147.39999389648438,149.85000610351562,1418200
2018-12-31,129.07789611816406,149.5399932861328,149.8000030517578,148.27000427246094,148.7899932861328,1321600
2019-01-02,129.07789611816406,149.5399932861328,149.67999267578125,144.7899932861328,146.9600067138672,1745000
2019-01-03,124.31319427490234,144.02000427246094,148.8699951171875,143.60000610351562,148.8699951171875,2244900
2019-01-04,129.93240356445312,150.52999877929688,150.61000061035156,146.75999450683594,146.77000427246094,1988500
2019-01-07,130.8301239013672,151.57000732421875,152.05999755859375,148.27999877929688,150.52000427246094,1787400
2019-01-08,135.2063751220703,156.63999938964844,158.44000244140625,154.10000610351562,154.10000610351562,3538400
2019-01-09,137.25209045410156,159.00999450683594,159.77000427246094,156.4499969482422,156.75999450683594,2361800
2019-01-10,139.3236846923828,161.41000366210938,161.64999389648438,156.75,158.13999938964844,2014800
2019-01-11,141.1967010498047,163.5800018310547,163.5800018310547,159.85000610351562,160.49000549316406,2054100
2019-01-14,141.31764221191406,163.72000122070312,164.38999938964844,161.61000061035156,162.3300018310547,1529100
2019-01-15,140.2559356689453,162.49000549316406,164.11000061035156,161.4199981689453,163.82000732421875,1207900
2019-01-16,140.5321044921875,162.80999755859375,163.72000122070312,162.08999633789062,163.1300048828125,1728000
2019-01-17,142.49148559570312,165.0800018310547,165.55999755859375,162.2100067138672,162.72000122070312,1702600
2019-01-18,145.9182586669922,169.0500030517578,170.25999450683594,165.77000427246094,166.22999572753906,2726600
2019-01-22,142.71591186523438,165.33999633789062,168.1999969482422,164.9199981689453,168.1199951171875,2388600
2019-01-23,141.74053955078125,164.2100067138672,166.6999969482422,162.50999450683594,165.74000549316406,2149900
2019-01-24,143.23379516601562,165.94000244140625,167.77999877929688,165.22000122070312,166.75,2619400
2019-01-25,142.5260467529297,165.1199951171875,167.8300018310547,160.19000244140625,161.0,4409300
2019-01-28,143.10438537597656,165.7899932861328,166.14999389648438,162.72999572753906,163.9600067138672,1613100
2019-01-29,144.08837890625,166.92999267578125,168.57000732421875,165.77000427246094,165.77999877929688,1648200
2019-01-30,145.33993530273438,168.3800048828125,169.16000366210938,165.97000122070312,167.92999267578125,1387800
2019-01-31,144.78753662109375,167.74000549316406,168.49000549316406,166.3300018310547,168.25,1738300
2019-02-01,147.08673095703125,169.52999877929688,169.8000030517578,166.97999572753906,167.5,1670400
2019-02-04,147.45103454589844,169.9499969482422,170.0399932861328,168.1199951171875,169.13999938964844,1654700
2019-02-05,146.5227508544922,168.8800048828125,169.9199981689453,167.3300018310547,169.82000732421875,1792200
2019-02-06,146.60948181152344,168.97999572753906,170.63999938964844,168.1199951171875,169.0,2026400
2019-02-07,147.90223693847656,170.47000122070312,170.5399932861328,167.30999755859375,168.22999572753906,2215000
2019-02-08,148.76121520996094,171.4600067138672,171.57000732421875,168.88999938964844,169.07000732421875,2037000
2019-02-11,153.52439880371094,176.9499969482422,180.4199981689453,174.5399932861328,174.97999572753906,4588800
2019-02-12,156.69989013671875,180.61000061035156,181.52000427246094,177.77000427246094,178.0500030517578,2382500
2019-02-13,156.99484252929688,180.9499969482422,181.25999450683594,179.4199981689453,180.6300048828125,1875600
2019-02-14,157.67160034179688,181.72999572753906,182.5399932861328,179.5,180.13999938964844,1468100
2019-02-15,158.66067504882812,182.8699951171875,183.24000549316406,181.6699981689453,182.52000427246094,1256200
2019-02-19,158.56521606445312,182.75999450683594,183.94000244140625,179.5500030517578,179.61000061035156,1516200
2019-02-20,159.19859313964844,183.49000549316406,183.91000366210938,182.4199981689453,182.82000732421875,1463500
2019-02-21,158.721435546875,182.94000244140625,183.6300048828125,182.08999633789062,183.6300048828125,1244400
2019-02-22,159.03375244140625,183.3000030517578,183.99000549316406,181.7100067138672,183.22999572753906,1259900
2019-02-25,157.39398193359375,181.41000366210938,183.7100067138672,181.2899932861328,183.58999633789062,1563600
2019-02-26,156.61312866210938,180.50999450683594,181.0500030517578,179.74000549316406,180.55999755859375,1483700
2019-02-27,156.88209533691406,180.82000732421875,180.9600067138672,179.75,180.10000610351562,1021900
2019-02-28,155.56326293945312,179.3000030517578,180.82000732421875,178.6199951171875,180.82000732421875,1390200
2019-03-01,155.19020080566406,178.8699951171875,180.8000030517578,177.91000366210938,179.91000366210938,1549200
2019-03-04,155.9970703125,179.8000030517578,181.9600067138672,178.19000244140625,180.11000061035156,1611400
2019-03-05,154.29656982421875,177.83999633789062,180.24000549316406,177.74000549316406,180.19000244140625,1340300
2019-03-06,155.25091552734375,178.94000244140625,179.77999877929688,177.3699951171875,178.2899932861328,1327700
2019-03-07,155.0513916015625,178.7100067138672,179.3800048828125,177.72999572753906,178.74000549316406,1029700
2019-03-08,153.3768768310547,176.77999877929688,177.52000427246094,174.22999572753906,177.30999755859375,1125500
2019-03-11,156.8994140625,180.83999633789062,181.0399932861328,176.1199951171875,176.6699981689453,1312700
2019-03-12,155.60662841796875,179.35000610351562,181.19000244140625,178.94000244140625,181.11000061035156,1254900
2019-03-13,155.98841857910156,179.7899932861328,182.14999389648438,179.24000549316406,179.9199981689453,1494100
2019-03-14,155.29432678222656,178.99000549316406,180.1999969482422,177.72999572753906,179.6699981689453,1269400
2019-03-15,155.75413513183594,179.52000427246094,181.60000610351562,179.1699981689453,179.9499969482422,3432600
2019-03-18,158.3656768798828,182.52999877929688,182.72999572753906,179.22999572753906,179.32000732421875,1541300
2019-03-19,155.11212158203125,178.77999877929688,182.9199981689453,178.35000610351562,182.91000366210938,1510800
2019-03-20,154.66094970703125,178.25999450683594,180.02999877929688,176.6999969482422,178.8800048828125,1194100
2019-03-21,156.69989013671875,180.61000061035156,181.19000244140625,177.14999389648438,177.14999389648438,794000
2019-03-22,154.38336181640625,177.94000244140625,180.52999877929688,177.6699981689453,180.2100067138672,1021600
2019-03-25,156.0057830810547,179.80999755859375,181.72000122070312,177.4199981689453,177.60000610351562,1198900
2019-03-26,157.4113006591797,181.42999267578125,182.1300048828125,179.85000610351562,181.0,1011800
2019-03-27,158.27023315429688,182.4199981689453,182.80999755859375,180.5,181.08999633789062,964300
2019-03-28,161.7146759033203,186.38999938964844,186.60000610351562,182.5500030517578,182.5500030517578,1739600
2019-03-29,162.1485137939453,186.88999938964844,188.49000549316406,186.4600067138672,188.02999877929688,1949600
2019-04-01,167.91810607910156,193.5399932861328,193.77999877929688,189.0,190.0,2188100
2019-04-02,167.4496307373047,193.0,194.5500030517578,192.75999450683594,193.5399932861328,1568000
2019-04-03,166.824951171875,192.27999877929688,194.6300048828125,191.91000366210938,193.8300018310547,1358000
2019-04-04,166.15682983398438,191.50999450683594,192.75,191.10000610351562,192.1999969482422,998700
2019-04-05,166.74684143066406,192.19000244140625,193.1199951171875,191.24000549316406,191.4600067138672,1366800
2019-04-08,168.34324645996094,194.02999877929688,194.1199951171875,191.55999755859375,192.39999389648438,929900
2019-04-09,167.23272705078125,192.75,193.5800018310547,190.36000061035156,192.52000427246094,1041000
2019-04-10,167.11122131347656,192.61000061035156,193.0500030517578,191.25999450683594,192.89999389648438,999500
2019-04-11,167.60572814941406,193.17999267578125,194.1300048828125,192.42999267578125,193.30999755859375,753000
2019-04-12,170.1826171875,196.14999389648438,196.57000732421875,194.27999877929688,194.38999938964844,1044100
2019-04-15,168.07431030273438,193.72000122070312,196.49000549316406,193.60000610351562,195.72000122070312,859800
2019-04-16,167.64048767089844,193.22000122070312,194.1199951171875,192.83999633789062,194.1199951171875,1036100
2019-04-17,171.0068359375,197.10000610351562,198.24000549316406,195.75999450683594,196.91000366210938,1748900
2019-04-18,172.29090881347656,198.5800018310547,200.0,197.85000610351562,199.22000122070312,1715000
2019-04-22,174.8157196044922,201.49000549316406,201.91000366210938,198.02999877929688,198.33999633789062,1580200
2019-04-23,174.9718780517578,201.6699981689453,202.69000244140625,199.97999572753906,201.5399932861328,1823000
2019-04-24,179.33595275878906,206.6999969482422,211.4600067138672,205.72000122070312,206.24000549316406,2749100
2019-04-25,175.96092224121094,202.80999755859375,205.5399932861328,202.5800018310547,205.5399932861328,1421800
2019-04-26,177.1148223876953,204.13999938964844,204.22000122070312,202.9600067138672,203.17999267578125,922000
2019-04-29,175.9869384765625,202.83999633789062,204.0399932861328,202.27999877929688,203.75,1115900
2019-04-30,177.0106964111328,204.02000427246094,204.35000610351562,200.6999969482422,202.49000549316406,1067300
2019-05-01,173.6964569091797,200.1999969482422,203.77999877929688,199.5399932861328,203.3699951171875,1671100
2019-05-02,175.2561798095703,201.1300048828125,201.36000061035156,197.8300018310547,199.14999389648438,1047600
2019-05-03,178.6806182861328,205.05999755859375,205.4199981689453,201.8300018310547,201.8300018310547,772300
2019-05-06,177.98353576660156,204.25999450683594,204.91000366210938,200.57000732421875,201.6300048828125,947400
2019-05-07,175.3084716796875,201.19000244140625,203.02999877929688,197.8699951171875,201.9199981689453,1447500
2019-05-08,175.6221160888672,201.5500030517578,203.5,200.47999572753906,201.1999969482422,1031900
2019-05-09,176.63290405273438,202.7100067138672,202.85000610351562,199.07000732421875,199.47000122070312,1093100
2019-05-10,176.52835083007812,202.58999633789062,203.2899932861328,197.74000549316406,201.36000061035156,1057300
2019-05-13,171.49188232421875,196.80999755859375,199.69000244140625,194.11000061035156,199.5,2009100
2019-05-14,174.7333984375,200.52999877929688,202.58999633789062,197.77999877929688,197.9499969482422,1182300
2019-05-15,174.96864318847656,200.8000030517578,201.49000549316406,199.10000610351562,199.33999633789062,1129800
2019-05-16,178.8199920654297,205.22000122070312,206.7100067138672,201.24000549316406,201.66000366210938,1266100
2019-05-17,177.33871459960938,203.52000427246094,205.16000366210938,202.47000122070312,202.75,1242100
2019-05-20,178.17520141601562,204.47999572753906,205.1300048828125,202.52999877929688,202.72000122070312,1040400
2019-05-21,178.31460571289062,204.63999938964844,206.55999755859375,204.4600067138672,206.2899932861328,890000
2019-05-22,177.29513549804688,203.47000122070312,204.67999267578125,201.67999267578125,204.5399932861328,671600
2019-05-23,174.2279510498047,199.9499969482422,201.07000732421875,196.5399932861328,201.07000732421875,1658600
2019-05-24,173.63546752929688,199.27000427246094,201.3300018310547,196.60000610351562,201.3300018310547,1132000
2019-05-28,172.24119567871094,197.6699981689453,202.1999969482422,197.17999267578125,199.94000244140625,1904300
2019-05-29,170.0802764892578,195.19000244140625,196.6199951171875,193.75999450683594,196.2899932861328,1286200
2019-05-30,172.64210510253906,198.1300048828125,198.5,195.99000549316406,196.17999267578125,829900
2019-05-31,170.03672790527344,195.13999938964844,197.47000122070312,194.1699981689453,196.10000610351562,1494200
2019-06-03,171.08236694335938,196.33999633789062,198.19000244140625,194.4499969482422,195.1300048828125,1187100
2019-06-04,175.3345947265625,201.22000122070312,201.3699951171875,197.02999877929688,198.0800018310547,1102400
2019-06-05,176.85072326660156,202.9600067138672,204.5,202.0,202.8300018310547,1502800
2019-06-06,174.1495361328125,199.86000061035156,203.4199981689453,197.86000061035156,202.60000610351562,2086900
2019-06-07,176.9204559326172,203.0399932861328,203.67999267578125,200.6199951171875,201.00999450683594,1164700
2019-06-10,175.50015258789062,201.41000366210938,207.57000732421875,201.16000366210938,204.66000366210938,1394500
2019-06-11,173.3740692138672,198.97000122070312,204.05999755859375,197.80999755859375,202.8699951171875,1694300
2019-06-12,173.60057067871094,199.22999572753906,200.33999633789062,197.24000549316406,198.97999572753906,1115300
2019-06-13,171.23049926757812,196.50999450683594,200.27999877929688,195.75999450683594,199.0399932861328,1749100
2019-06-14,169.688232421875,194.74000549316406,196.99000549316406,193.3300018310547,196.30999755859375,2273700
2019-06-17,166.22886657714844,190.77000427246094,194.64999389648438,190.64999389648438,194.4499969482422,2170600
2019-06-18,168.55545043945312,193.44000244140625,194.6300048828125,191.14999389648438,192.32000732421875,3926900
2019-06-19,167.649169921875,192.39999389648438,194.24000549316406,190.8800048828125,193.83999633789062,2807000
2019-06-20,171.05616760253906,196.30999755859375,196.8699951171875,193.9199981689453,194.6999969482422,1635700
2019-06-21,171.82302856445312,197.19000244140625,199.91000366210938,195.72000122070312,196.50999450683594,1956700
2019-06-24,168.38986206054688,193.25,197.4499969482422,193.07000732421875,196.9600067138672,1467800
2019-06-25,167.5271759033203,192.25999450683594,193.3699951171875,188.0,192.72000122070312,1940500
2019-06-26,167.98904418945312,192.7899932861328,193.92999267578125,192.00999450683594,192.77000427246094,1229900
2019-06-27,168.52056884765625,193.39999389648438,195.0,192.9600067138672,193.47999572753906,1499300
2019-06-28,173.68772888183594,199.3300018310547,199.3699951171875,193.67999267578125,194.22000122070312,2947900
2019-07-01,175.0731658935547,200.9199981689453,202.58999633789062,199.99000549316406,200.92999267578125,1757800
2019-07-02,174.65489196777344,200.44000244140625,202.3000030517578,199.77000427246094,201.75999450683594,1321400
2019-07-03,176.45863342285156,202.50999450683594,203.3000030517578,200.55999755859375,200.8699951171875,873100
2019-07-05,175.09060668945312,200.94000244140625,202.74000549316406,198.52999877929688,201.27999877929688,913300
2019-07-08,173.347900390625,198.94000244140625,200.25,197.92999267578125,199.47999572753906,949500
2019-07-09,172.27610778808594,197.7100067138672,199.38999938964844,197.0800018310547,197.8300018310547,1087400
2019-07-10,172.71180725097656,198.2100067138672,200.8800048828125,197.0,200.0399932861328,981400
2019-07-11,175.57855224609375,201.5,202.1699981689453,197.2100067138672,198.35000610351562,1557700
2019-07-12,179.4125213623047,205.89999389648438,206.42999267578125,202.25999450683594,202.86000061035156,1531800
2019-07-15,177.8528289794922,204.11000061035156,205.55999755859375,203.0500030517578,205.39999389648438,1309600
2019-07-16,179.90049743652344,206.4600067138672,208.4499969482422,204.0800018310547,205.25,1601700
2019-07-17,166.44671630859375,191.02000427246094,201.49000549316406,191.02000427246094,200.19000244140625,4474600
2019-07-18,170.6640625,195.86000061035156,196.44000244140625,193.7899932861328,194.36000061035156,2999300
2019-07-19,170.0802764892578,195.19000244140625,198.83999633789062,194.77999877929688,197.0,1517900
2019-07-22,171.04750061035156,196.3000030517578,198.1699981689453,195.08999633789062,195.08999633789062,1376500
2019-07-23,171.36990356445312,196.6699981689453,197.22000122070312,194.6300048828125,197.22000122070312,1734800
2019-07-24,161.19244384765625,184.99000549316406,192.67999267578125,181.24000549316406,182.85000610351562,6221700
2019-07-25,163.43182373046875,187.55999755859375,188.4199981689453,185.1300048828125,185.25,2436000
2019-07-26,165.54925537109375,189.99000549316406,191.0800018310547,187.39999389648438,188.57000732421875,1957200
2019-07-29,167.29197692871094,191.99000549316406,192.27000427246094,189.75999450683594,189.8300018310547,1621900
2019-07-30,167.7450408935547,192.50999450683594,192.97000122070312,190.4499969482422,190.99000549316406,1501300
2019-07-31,166.53387451171875,191.1199951171875,192.9199981689453,189.22000122070312,192.5,1663800
2019-08-01,162.05511474609375,185.97999572753906,191.8699951171875,184.82000732421875,190.82000732421875,3243800
2019-08-02,159.41026306152344,182.02000427246094,184.80999755859375,181.3800048828125,184.22999572753906,2554600
2019-08-05,157.579833984375,179.92999267578125,180.8300018310547,178.44000244140625,179.0,3278400
2019-08-06,158.8321990966797,181.36000061035156,182.91000366210938,178.67999267578125,181.64999389648438,1392800
2019-08-07,156.7916259765625,179.02999877929688,180.5,176.8000030517578,179.42999267578125,1957500
2019-08-08,158.08779907226562,180.50999450683594,181.3800048828125,179.00999450683594,180.22000122070312,1742800
2019-08-09,155.62684631347656,177.6999969482422,180.2899932861328,176.3699951171875,180.0,1733800
2019-08-12,152.85061645507812,174.52999877929688,176.50999450683594,173.38999938964844,176.2899932861328,1799600
2019-08-13,155.45169067382812,177.5,179.3800048828125,173.4600067138672,173.86000061035156,1688000
2019-08-14,149.8379364013672,171.08999633789062,175.8000030517578,170.77999877929688,175.05999755859375,1651500
2019-08-15,148.75193786621094,169.85000610351562,171.8800048828125,168.5,171.42999267578125,2037200
2019-08-16,151.5106658935547,173.0,173.94000244140625,171.30999755859375,171.30999755859375,1325100
2019-08-19,152.71047973632812,174.3699951171875,177.6300048828125,173.91000366210938,175.86000061035156,1249000
2019-08-20,150.47727966308594,171.82000732421875,174.49000549316406,171.67999267578125,173.50999450683594,1177200
2019-08-21,152.5615234375,174.1999969482422,174.6699981689453,173.0800018310547,173.19000244140625,1305100
2019-08-22,152.2025146484375,173.7899932861328,176.1999969482422,173.4199981689453,174.4199981689453,1176500
2019-08-23,148.25271606445312,169.27999877929688,173.75999450683594,168.6300048828125,173.00999450683594,1898200
2019-08-26,150.06564331054688,171.35000610351562,172.25999450683594,169.9199981689453,171.27999877929688,1561200
2019-08-27,148.8394775390625,169.9499969482422,172.1300048828125,169.49000549316406,171.77000427246094,1481900
2019-08-28,151.0289764404297,172.4499969482422,172.88999938964844,169.4199981689453,169.6999969482422,1321300
2019-08-29,152.78053283691406,174.4499969482422,176.9199981689453,173.38999938964844,174.2100067138672,1442800
2019-08-30,152.43023681640625,174.0500030517578,177.57000732421875,173.80999755859375,175.97999572753906,1147200
2019-09-03,149.63650512695312,170.86000061035156,173.25999450683594,169.49000549316406,172.13999938964844,1452600
2019-09-04,150.25831604003906,171.57000732421875,173.5800018310547,170.9199981689453,171.58999633789062,1499700
2019-09-05,154.38320922851562,176.27999877929688,176.8000030517578,173.80999755859375,173.82000732421875,1661700
2019-09-06,153.3147430419922,175.05999755859375,177.5399932861328,174.92999267578125,176.75,876300
2019-09-09,155.2940673828125,177.32000732421875,178.17999267578125,175.1999969482422,175.55999755859375,1225000
2019-09-10,156.3975372314453,178.5800018310547,179.07000732421875,176.30999755859375,176.75,1658400
2019-09-11,155.06631469726562,177.05999755859375,179.49000549316406,175.19000244140625,179.0,1887200
2019-09-12,156.38003540039062,178.55999755859375,179.3800048828125,175.61000061035156,177.13999938964844,1609400
2019-09-13,159.55911254882812,182.19000244140625,182.6999969482422,179.22000122070312,179.5399932861328,1771400
2019-09-16,159.63792419433594,182.27999877929688,184.27999877929688,179.4199981689453,180.3300018310547,1329300
2019-09-17,158.2804412841797,180.72999572753906,182.42999267578125,179.08999633789062,182.27999877929688,1303500
2019-09-18,159.64666748046875,182.2899932861328,182.47000122070312,178.19000244140625,179.33999633789062,1092700
2019-09-19,159.918212890625,182.60000610351562,184.10000610351562,180.97000122070312,182.13999938964844,1137200
2019-09-20,158.07028198242188,180.49000549316406,184.8000030517578,178.8000030517578,183.97000122070312,2878600
2019-09-23,157.21200561523438,179.50999450683594,180.25999450683594,177.0500030517578,178.77000427246094,1197300
2019-09-24,160.189697265625,182.91000366210938,186.99000549316406,181.9600067138672,181.9600067138672,2639300
2019-09-25,160.00576782226562,182.6999969482422,183.49000549316406,181.25999450683594,182.4600067138672,1498200
2019-09-26,160.2422332763672,182.97000122070312,184.24000549316406,182.27000427246094,183.00999450683594,1037100
2019-09-27,158.403076171875,180.8699951171875,184.05999755859375,180.5399932861328,183.4499969482422,1182300
2019-09-30,157.3433837890625,179.66000366210938,182.64999389648438,179.1999969482422,182.0399932861328,1995700
2019-10-01,153.24473571777344,174.97999572753906,182.1199951171875,174.30999755859375,180.39999389648438,1569600
2019-10-02,148.61181640625,169.69000244140625,173.6999969482422,169.42999267578125,173.32000732421875,2023400
2019-10-03,149.41751098632812,170.61000061035156,171.27999877929688,166.5800018310547,169.75,2283100
2019-10-04,151.35304260253906,172.82000732421875,172.8800048828125,170.6999969482422,171.5,1343600
2019-10-07,150.34584045410156,171.6699981689453,173.3000030517578,171.00999450683594,172.11000061035156,1118700
2019-10-08,146.02828979492188,166.74000549316406,169.63999938964844,166.57000732421875,169.33999633789062,1403200
2019-10-09,148.10385131835938,169.11000061035156,169.8000030517578,167.99000549316406,169.07000732421875,1021300
2019-10-10,150.6523895263672,172.02000427246094,172.0399932861328,168.50999450683594,168.50999450683594,1166900
2019-10-11,156.32748413085938,178.5,179.60000610351562,173.9199981689453,173.9199981689453,1884200
2019-10-14,156.3625030517578,178.5399932861328,178.63999938964844,176.16000366210938,177.36000061035156,1191600
2019-10-15,158.26295471191406,180.7100067138672,181.4499969482422,177.72000122070312,178.5399932861328,1569300
2019-10-16,158.63075256347656,181.1300048828125,182.0500030517578,179.50999450683594,179.9499969482422,1762900
2019-10-17,160.8903350830078,183.7100067138672,184.80999755859375,181.6999969482422,182.1300048828125,2371500
2019-10-18,159.31387329101562,181.91000366210938,184.0399932861328,180.72000122070312,183.1999969482422,1593200
2019-10-21,163.06224060058594,186.19000244140625,186.3800048828125,182.99000549316406,182.99000549316406,1876700
2019-10-22,165.48812866210938,188.9600067138672,189.24000549316406,184.66000366210938,186.08999633789062,2275700
2019-10-23,161.9062042236328,184.8699951171875,188.1999969482422,182.8699951171875,185.72000122070312,3119900
2019-10-24,160.4261016845703,183.17999267578125,186.02999877929688,182.47999572753906,185.0,1594900
2019-10-25,164.86631774902344,188.25,188.5,182.8000030517578,183.63999938964844,1619000
2019-10-28,164.4372100830078,187.75999450683594,190.67999267578125,186.36000061035156,188.3800048828125,1625500
2019-10-29,162.0550994873047,185.0399932861328,187.9199981689453,184.94000244140625,186.63999938964844,1586500
2019-10-30,162.0112762451172,184.99000549316406,185.27999877929688,181.9600067138672,184.8800048828125,1288000
2019-10-31,160.206787109375,182.0,184.0500030517578,179.83999633789062,182.8300018310547,1427300
2019-11-01,167.1784210205078,189.9199981689453,189.92999267578125,182.97999572753906,183.60000610351562,1953700
2019-11-04,169.5727081298828,192.63999938964844,193.25999450683594,189.35000610351562,191.3000030517578,2760700
2019-11-05,170.57615661621094,193.77999877929688,196.1199951171875,191.9600067138672,191.9600067138672,2443200
2019-11-06,169.8544158935547,192.9600067138672,193.9600067138672,191.38999938964844,193.8300018310547,1921200
2019-11-07,172.16065979003906,195.5800018310547,197.6699981689453,194.3699951171875,194.52000427246094,2009700
2019-11-08,172.03744506835938,195.44000244140625,196.5,194.47999572753906,195.3000030517578,895500
2019-11-11,170.75225830078125,193.97999572753906,194.4499969482422,192.38999938964844,193.94000244140625,883200
2019-11-12,169.89842224121094,193.00999450683594,194.02999877929688,192.17999267578125,193.77999877929688,1283100
2019-11-13,168.02345275878906,190.8800048828125,192.19000244140625,190.4199981689453,191.49000549316406,943500
2019-11-14,168.0938720703125,190.9600067138672,191.8300018310547,189.69000244140625,190.72000122070312,658800
2019-11-15,168.19068908691406,191.07000732421875,193.13999938964844,190.75,192.6699981689453,963900
2019-11-18,170.2152862548828,193.3699951171875,193.5,189.10000610351562,190.55999755859375,1265000
2019-11-19,169.53749084472656,192.60000610351562,194.0,191.88999938964844,193.4600067138672,1097200
2019-11-20,167.14321899414062,189.8800048828125,192.6999969482422,189.6199951171875,192.49000549316406,1298800
2019-11-21,167.7857666015625,190.61000061035156,190.9199981689453,188.4600067138672,189.97999572753906,969600
2019-11-22,170.04808044433594,193.17999267578125,193.35000610351562,190.32000732421875,190.88999938964844,1042400
2019-11-25,173.36666870117188,196.9499969482422,197.0,192.94000244140625,193.72000122070312,1447900
2019-11-26,172.71522521972656,196.2100067138672,197.47999572753906,195.50999450683594,196.42999267578125,2279700
2019-11-27,172.30149841308594,195.74000549316406,197.02000427246094,195.0,196.2100067138672,967500
2019-11-29,170.32972717285156,193.5,194.72999572753906,192.74000549316406,194.64999389648438,948200
2019-12-02,167.3104705810547,190.07000732421875,194.1199951171875,189.75,193.74000549316406,1377500
2019-12-03,163.91262817382812,186.2100067138672,188.10000610351562,185.00999450683594,186.8699951171875,3387000
2019-12-04,164.92495727539062,187.36000061035156,189.5399932861328,187.2100067138672,187.67999267578125,2889100
2019-12-05,165.40032958984375,187.89999389648438,189.0800018310547,186.2899932861328,188.58999633789062,1988800
2019-12-06,168.06747436523438,190.92999267578125,192.25,189.50999450683594,190.58999633789062,1281300
2019-12-09,166.33334350585938,188.9600067138672,190.6199951171875,188.22999572753906,190.02000427246094,1156000
2019-12-10,166.08689880371094,188.67999267578125,190.1699981689453,186.9499969482422,187.89999389648438,1038000
2019-12-11,168.1378936767578,191.00999450683594,191.1300048828125,188.13999938964844,188.5800018310547,1182800
2019-12-12,167.69778442382812,190.50999450683594,194.41000366210938,189.69000244140625,190.9199981689453,1819600
2019-12-13,167.3104705810547,190.07000732421875,191.91000366210938,188.44000244140625,189.57000732421875,1648600
2019-12-16,167.74179077148438,190.55999755859375,193.63999938964844,190.08999633789062,192.7899932861328,1297000
2019-12-17,167.6273651123047,190.42999267578125,193.25,190.1199951171875,191.3000030517578,1464000
2019-12-18,169.48471069335938,192.5399932861328,193.6199951171875,190.0500030517578,190.8800048828125,1957700
2019-12-19,168.93893432617188,191.9199981689453,193.4199981689453,191.4199981689453,191.86000061035156,1638400
2019-12-20,171.28919982910156,194.58999633789062,194.94000244140625,190.9199981689453,193.5399932861328,2213200
2019-12-23,171.02513122558594,194.2899932861328,194.94000244140625,193.3699951171875,194.0399932861328,1914100
2019-12-24,171.5708770751953,194.91000366210938,195.2100067138672,194.07000732421875,194.66000366210938,386300
2019-12-26,171.1659698486328,194.4499969482422,195.05999755859375,193.22000122070312,195.0500030517578,693700
2019-12-27,171.82614135742188,195.1999969482422,195.5800018310547,194.00999450683594,194.8800048828125,490800
2019-12-30,170.4265594482422,193.61000061035156,195.5,192.7100067138672,195.1999969482422,755200
2019-12-31,170.88430786132812,194.1300048828125,194.4199981689453,192.92999267578125,193.3300018310547,800700
2020-01-02,173.23458862304688,196.8000030517578,196.8000030517578,194.27000427246094,195.0500030517578,1458800
2020-01-03,172.9176788330078,196.44000244140625,196.58999633789062,193.19000244140625,193.19000244140625,2003700
2020-01-06,172.46875,195.92999267578125,196.1699981689453,194.1999969482422,195.1699981689453,2076800
2020-01-07,173.15536499023438,196.7100067138672,197.72999572753906,195.1300048828125,196.52000427246094,1478900
2020-01-08,173.9652099609375,197.6300048828125,199.35000610351562,195.97999572753906,196.82000732421875,1133600
2020-01-09,174.5549774169922,198.3000030517578,198.97999572753906,197.6300048828125,198.82000732421875,1812000
2020-01-10,173.894775390625,197.5500030517578,200.72000122070312,197.22999572753906,198.91000366210938,1459400
2020-01-13,176.29783630371094,200.27999877929688,200.3800048828125,196.74000549316406,197.2100067138672,1418400
2020-01-14,177.54783630371094,201.6999969482422,203.42999267578125,199.97000122070312,200.38999938964844,1315900
2020-01-15,178.5953369140625,202.88999938964844,203.83999633789062,200.82000732421875,201.75999450683594,1584600
2020-01-16,181.55296325683594,206.25,206.60000610351562,203.7100067138672,203.97999572753906,1851100
2020-01-17,184.2554168701172,209.32000732421875,209.39999389648438,203.85000610351562,205.19000244140625,2247200
2020-01-21,180.1181640625,204.6199951171875,208.80999755859375,203.77999877929688,208.5,1455200
2020-01-22,178.8154296875,203.13999938964844,205.6199951171875,202.57000732421875,205.5500030517578,1447800
2020-01-23,183.6304168701172,208.61000061035156,208.83999633789062,201.7100067138672,202.35000610351562,1301500
2020-01-24,182.97024536132812,207.86000061035156,209.89999389648438,206.91000366210938,208.0,1129400
2020-01-27,178.3928985595703,202.66000366210938,205.8300018310547,202.60000610351562,203.25999450683594,1314100
2020-01-28,180.2414093017578,204.75999450683594,205.72000122070312,202.55999755859375,203.0,1456600
2020-01-29,189.10562133789062,214.8300018310547,219.8800048828125,214.8300018310547,217.1999969482422,3193400
2020-01-30,188.81512451171875,214.5,215.10000610351562,211.5399932861328,212.19000244140625,1917100
2020-01-31,183.27830505371094,208.2100067138672,212.75,207.52000427246094,212.25999450683594,2163300
2020-02-03,182.20443725585938,206.99000549316406,210.39999389648438,206.72999572753906,209.9199981689453,1971800
2020-02-04,186.5000457763672,211.8699951171875,213.27000427246094,209.1999969482422,209.44000244140625,2551200
2020-02-05,188.19894409179688,213.8000030517578,214.9499969482422,213.1699981689453,214.8699951171875,1409800
2020-02-06,188.0398406982422,212.67999267578125,214.5399932861328,212.02000427246094,213.4600067138672,1001800
2020-02-07,185.8294219970703,210.17999267578125,212.10000610351562,208.97999572753906,211.33999633789062,2260000
2020-02-10,185.00718688964844,209.25,209.7899932861328,207.66000366210938,208.9199981689453,2338300
2020-02-11,184.93646240234375,209.1699981689453,213.30999755859375,209.07000732421875,210.6300048828125,1425200
2020-02-12,186.48373413085938,210.9199981689453,212.72999572753906,209.8800048828125,210.77000427246094,891700
2020-02-13,186.10354614257812,210.49000549316406,211.3800048828125,209.0,209.6999969482422,848600
2020-02-14,185.09559631347656,209.35000610351562,211.2100067138672,208.7899932861328,210.44000244140625,711400
2020-02-18,183.91964721679688,208.02000427246094,210.38999938964844,207.02999877929688,208.61000061035156,977600
2020-02-19,184.93646240234375,209.1699981689453,210.4499969482422,208.25,208.6699981689453,703400
2020-02-20,186.3864288330078,210.80999755859375,211.08999633789062,208.13999938964844,209.14999389648438,949100
2020-02-21,183.9462127685547,208.0500030517578,211.61000061035156,206.8000030517578,210.7899932861328,1363400
2020-02-24,179.48130798339844,203.0,203.66000366210938,200.0,201.27999877929688,1557300
2020-02-25,172.27554321289062,194.85000610351562,203.8300018310547,193.92999267578125,203.57000732421875,2171000
2020-02-26,168.04931640625,190.07000732421875,196.99000549316406,189.4199981689453,195.44000244140625,1956000
2020-02-27,162.93011474609375,184.27999877929688,193.0500030517578,183.25999450683594,185.83999633789062,4335700
2020-02-28,161.2237091064453,182.35000610351562,182.5800018310547,176.39999389648438,179.2100067138672,3173500
2020-03-02,161.4359130859375,182.58999633789062,184.6199951171875,177.49000549316406,183.74000549316406,2540600
2020-03-03,156.3697509765625,176.86000061035156,187.6300048828125,175.08999633789062,182.32000732421875,2129600
2020-03-04,162.8947296142578,184.24000549316406,184.47999572753906,177.63999938964844,179.47999572753906,1832100
2020-03-05,155.03472900390625,175.35000610351562,179.52000427246094,174.0,177.47999572753906,1912400
2020-03-06,154.37156677246094,174.60000610351562,175.25,168.0399932861328,168.86000061035156,2163600
2020-03-09,136.60031127929688,154.5,164.25,151.3699951171875,159.4600067138672,3101100
2020-03-10,141.9139862060547,160.50999450683594,161.88999938964844,152.41000366210938,160.88999938964844,2673400
2020-03-11,133.82406616210938,151.36000061035156,156.97000122070312,148.6300048828125,155.6699981689453,2527800
2020-03-12,118.03324127197266,133.5,141.92999267578125,129.24000549316406,137.3300018310547,3940400
2020-03-13,129.8454132080078,146.86000061035156,147.35000610351562,136.27000427246094,141.24000549316406,3268500
2020-03-16,111.79120635986328,126.44000244140625,141.86000061035156,126.33999633789062,132.52000427246094,2617600
2020-03-17,123.41769409179688,139.58999633789062,142.1300048828125,125.52999877929688,128.55999755859375,2662000
2020-03-18,115.68144226074219,130.83999633789062,132.7100067138672,119.29000091552734,129.07000732421875,2745000
2020-03-19,120.53538513183594,136.3300018310547,139.30999755859375,125.83999633789062,128.3300018310547,2349100
2020-03-20,109.37748718261719,123.70999908447266,138.77000427246094,123.51000213623047,138.77000427246094,2712100
2020-03-23,105.10706329345703,118.87999725341797,123.83999633789062,112.62000274658203,121.83000183105469,3417400
2020-03-24,123.98355102539062,140.22999572753906,141.1199951171875,125.80999755859375,127.0199966430664,2723000
2020-03-25,124.13386535644531,140.39999389648438,150.74000549316406,135.9499969482422,137.0,2947700
2020-03-26,129.8985137939453,146.9199981689453,149.10000610351562,140.3000030517578,143.19000244140625,2522600
2020-03-27,126.75090026855469,143.36000061035156,146.6199951171875,138.7100067138672,140.82000732421875,1565300
2020-03-30,131.10972595214844,148.2899932861328,149.9199981689453,142.0399932861328,143.33999633789062,2010000
2020-03-31,129.0850372314453,146.0,149.88999938964844,144.72000122070312,147.02999877929688,2316800
2020-04-01,123.78901672363281,140.00999450683594,142.4199981689453,137.80999755859375,138.69000244140625,2067700
2020-04-02,127.06922912597656,143.72000122070312,144.11000061035156,136.64999389648438,138.08999633789062,2982400
2020-04-03,125.83139038085938,142.32000732421875,144.3800048828125,140.67999267578125,143.3000030517578,2285900
2020-04-06,136.82130432128906,154.75,155.89999389648438,149.80999755859375,150.74000549316406,2698100
2020-04-07,135.74269104003906,153.52999877929688,161.99000549316406,153.0399932861328,159.69000244140625,2062400
2020-04-08,140.5524139404297,158.97000122070312,160.25999450683594,154.25999450683594,155.4600067138672,1385900
2020-04-09,140.84420776367188,159.3000030517578,164.6699981689453,157.02000427246094,160.36000061035156,2213600
2020-04-13,136.41461181640625,154.2899932861328,159.3000030517578,152.75,159.1300048828125,1335700
2020-04-14,137.4756317138672,155.49000549316406,158.99000549316406,154.3000030517578,156.69000244140625,1093800
2020-04-15,136.025634765625,153.85000610351562,154.47999572753906,150.27999877929688,151.19000244140625,1282200
2020-04-16,135.49510192871094,153.25,153.60000610351562,149.52999877929688,153.0500030517578,1356300
2020-04-17,142.05543518066406,160.6699981689453,161.4199981689453,155.99000549316406,157.41000366210938,1753000
2020-04-20,135.89295959472656,153.6999969482422,158.63999938964844,151.41000366210938,158.17999267578125,1698000
2020-04-21,132.6216278076172,150.0,151.6699981689453,147.3699951171875,149.27000427246094,2496400
2020-04-22,135.96371459960938,153.77999877929688,155.3300018310547,150.72999572753906,153.00999450683594,1541500
2020-04-23,137.802734375,155.86000061035156,160.08999633789062,154.5800018310547,156.9499969482422,1968600
2020-04-24,142.0642852783203,160.67999267578125,161.08999633789062,155.32000732421875,157.24000549316406,1691100
2020-04-27,147.53717041015625,166.8699951171875,167.80999755859375,161.4600067138672,163.10000610351562,1705100
2020-04-28,150.87033081054688,170.63999938964844,172.74000549316406,167.5800018310547,170.63999938964844,1991900
2020-04-29,159.437744140625,180.3300018310547,184.85000610351562,177.19000244140625,178.3300018310547,2290400
2020-04-30,151.277099609375,171.10000610351562,178.85000610351562,170.4199981689453,174.1999969482422,2205400
2020-05-01,150.949951171875,170.72999572753906,170.89999389648438,166.58999633789062,168.6300048828125,1505200
2020-05-04,148.54510498046875,168.00999450683594,169.75,164.91000366210938,169.75,1226700
2020-05-05,151.50694274902344,171.36000061035156,173.0,170.3000030517578,170.3699951171875,978000
2020-05-06,148.70423889160156,168.19000244140625,173.8300018310547,167.77000427246094,172.08999633789062,1107800
2020-05-07,150.77587890625,169.5800018310547,172.80999755859375,168.82000732421875,170.3699951171875,1046000
2020-05-08,155.37258911132812,174.75,175.25999450683594,171.4600067138672,171.91000366210938,767100
2020-05-11,154.75904846191406,174.05999755859375,175.32000732421875,171.4499969482422,172.94000244140625,891500
2020-05-12,148.2952423095703,166.7899932861328,174.1199951171875,166.69000244140625,173.6999969482422,1389100
2020-05-13,146.29470825195312,164.5399932861328,166.1699981689453,161.85000610351562,165.38999938964844,1326300
2020-05-14,148.11744689941406,166.58999633789062,166.86000061035156,157.47999572753906,162.2899932861328,1266300
2020-05-15,142.57821655273438,160.36000061035156,164.7100067138672,159.1300048828125,164.17999267578125,2041300
2020-05-18,151.79833984375,170.72999572753906,172.02999877929688,165.47999572753906,167.41000366210938,1314300
2020-05-19,149.06874084472656,167.66000366210938,172.9199981689453,167.47000122070312,170.30999755859375,1345500
2020-05-20,154.40345764160156,173.66000366210938,176.36000061035156,171.47000122070312,172.86000061035156,1311600
2020-05-21,151.6471710205078,170.55999755859375,173.3000030517578,168.8300018310547,172.69000244140625,1178900
2020-05-22,152.45628356933594,171.47000122070312,172.22000122070312,169.41000366210938,171.14999389648438,1151100
2020-05-26,159.7914581298828,179.72000122070312,181.3000030517578,175.6300048828125,177.0,1326600
2020-05-27,164.4682159423828,184.97999572753906,185.38999938964844,181.60000610351562,181.72000122070312,1332200
2020-05-28,160.27157592773438,180.25999450683594,186.3800048828125,179.50999450683594,186.2100067138672,1314100
2020-05-29,158.52003479003906,178.2899932861328,180.1699981689453,177.36000061035156,179.77999877929688,2190300
2020-06-01,158.56446838378906,178.33999633789062,179.8000030517578,175.8000030517578,178.1199951171875,1937400
2020-06-02,163.6501922607422,184.05999755859375,185.13999938964844,179.97000122070312,180.35000610351562,1769300
2020-06-03,171.08319091796875,192.4199981689453,193.77999877929688,185.8800048828125,187.4499969482422,1761500
2020-06-04,170.26522827148438,191.5,193.22000122070312,190.1300048828125,190.49000549316406,1321100
2020-06-05,172.7102813720703,194.25,200.5500030517578,193.69000244140625,200.0,1955300
2020-06-08,170.25633239746094,191.49000549316406,197.47999572753906,190.86000061035156,194.4199981689453,1532200
2020-06-09,170.7542266845703,192.0500030517578,193.0500030517578,186.72000122070312,188.57000732421875,1370300
2020-06-10,167.64234924316406,188.5500030517578,192.10000610351562,188.47999572753906,191.8000030517578,1578600
2020-06-11,154.93687438964844,174.25999450683594,183.0,174.05999755859375,182.25999450683594,1394800
2020-06-12,158.4222412109375,178.17999267578125,180.77999877929688,173.3800048828125,179.85000610351562,1323200
2020-06-15,157.91543579101562,177.61000061035156,178.91000366210938,171.2899932861328,172.66000366210938,1208700
2020-06-16,158.91127014160156,178.72999572753906,185.0,176.38999938964844,185.0,1390700
2020-06-17,157.34637451171875,176.97000122070312,180.2899932861328,176.52000427246094,180.0399932861328,1106700
2020-06-18,155.04359436035156,174.3800048828125,176.60000610351562,173.69000244140625,175.67999267578125,1567200
2020-06-19,151.38043212890625,170.25999450683594,176.77999877929688,169.05999755859375,176.3699951171875,2572700
2020-06-22,152.45628356933594,171.47000122070312,171.5,167.6199951171875,169.97999572753906,1507600
2020-06-23,155.14141845703125,174.49000549316406,175.8000030517578,172.38999938964844,173.7899932861328,1664600
2020-06-24,150.39353942871094,169.14999389648438,173.92999267578125,168.6999969482422,172.75999450683594,1981300
2020-06-25,152.64295959472656,171.67999267578125,171.88999938964844,166.0,168.85000610351562,1163500
2020-06-26,150.98036193847656,169.80999755859375,172.50999450683594,167.41000366210938,170.72000122070312,2105500
2020-06-29,153.53207397460938,172.67999267578125,173.0,169.05999755859375,170.5500030517578,1060200
2020-06-30,156.1016387939453,175.57000732421875,176.92999267578125,171.89999389648438,172.1199951171875,1257800
2020-07-01,152.500732421875,171.52000427246094,177.6300048828125,170.7899932861328,175.75999450683594,1116600
2020-07-02,155.15919494628906,174.50999450683594,177.72999572753906,173.3300018310547,176.0500030517578,964700
2020-07-06,158.8134307861328,178.6199951171875,179.66000366210938,176.75999450683594,177.41000366210938,1245400
2020-07-07,154.81243896484375,174.1199951171875,178.33999633789062,173.83999633789062,176.24000549316406,1055800
2020-07-08,155.8260040283203,175.25999450683594,175.30999755859375,172.52999877929688,174.1300048828125,1214200
2020-07-09,151.95840454101562,170.91000366210938,175.35000610351562,169.6199951171875,174.66000366210938,1815000
2020-07-10,151.90501403808594,170.85000610351562,171.69000244140625,169.14999389648438,170.80999755859375,1283300
2020-07-13,155.71044921875,175.1300048828125,177.41000366210938,171.27999877929688,172.3800048828125,1144600
2020-07-14,158.20001220703125,177.92999267578125,178.39999389648438,173.38999938964844,174.0500030517578,1045300
2020-07-15,161.17848205566406,181.27999877929688,182.13999938964844,179.16000366210938,181.30999755859375,1357300
2020-07-16,162.6366424560547,182.9199981689453,185.7899932861328,180.3000030517578,181.0,1431300
2020-07-17,167.3755645751953,188.25,189.02000427246094,183.82000732421875,184.1699981689453,1979400
2020-07-20,165.52626037597656,186.1699981689453,187.74000549316406,184.33999633789062,186.77000427246094,1943000
2020-07-21,166.4242401123047,187.17999267578125,189.77000427246094,186.24000549316406,186.5,1335100
2020-07-22,168.11355590820312,189.0800018310547,191.17999267578125,185.92999267578125,186.0,1436000
2020-07-23,166.2464141845703,186.97999572753906,188.8000030517578,185.75999450683594,187.91000366210938,1844600
2020-07-24,166.27310180664062,187.00999450683594,188.36000061035156,186.6199951171875,187.00999450683594,1099300
2020-07-27,168.86932373046875,189.92999267578125,190.74000549316406,185.1699981689453,186.47000122070312,1418300
2020-07-28,164.5749053955078,185.10000610351562,189.91000366210938,184.2100067138672,189.3300018310547,1850700
2020-07-29,171.43887329101562,192.82000732421875,193.8800048828125,185.19000244140625,188.07000732421875,2315500
2020-07-30,167.92684936523438,188.8699951171875,191.0800018310547,186.14999389648438,190.9600067138672,1631700
2020-07-31,170.89649963378906,192.2100067138672,193.22000122070312,184.9199981689453,190.9600067138672,1746200
2020-08-03,169.34942626953125,190.47000122070312,193.17999267578125,188.55999755859375,192.3800048828125,1224300
2020-08-04,171.05650329589844,192.38999938964844,192.5500030517578,189.02999877929688,189.4600067138672,1319900
2020-08-05,171.6522216796875,193.05999755859375,194.72999572753906,192.2100067138672,193.92999267578125,1129900
2020-08-06,174.913330078125,195.77000427246094,196.39999389648438,191.5399932861328,191.77999877929688,1388400
2020-08-07,177.79034423828125,198.99000549316406,199.35000610351562,195.07000732421875,195.07000732421875,1375400
2020-08-10,182.7133026123047,204.5,204.61000061035156,200.42999267578125,201.0,1942700
2020-08-11,184.12498474121094,206.0800018310547,211.72000122070312,205.77999877929688,206.77000427246094,1891800
2020-08-12,183.0260467529297,204.85000610351562,208.35000610351562,204.80999755859375,207.0,1397200
2020-08-13,182.60609436035156,204.3800048828125,205.1699981689453,203.1199951171875,203.77000427246094,806900
2020-08-14,184.59854125976562,206.61000061035156,208.3000030517578,203.4499969482422,204.25,977800
2020-08-17,186.15316772460938,208.35000610351562,209.9600067138672,206.61000061035156,207.33999633789062,998900
2020-08-18,184.348388671875,206.3300018310547,209.24000549316406,205.58999633789062,208.9499969482422,934900
2020-08-19,183.51739501953125,205.39999389648438,207.8699951171875,205.32000732421875,207.25,800100
2020-08-20,184.25901794433594,206.22999572753906,207.44000244140625,203.1300048828125,204.0800018310547,770700
2020-08-21,186.6713409423828,208.92999267578125,209.7100067138672,205.1300048828125,206.30999755859375,1573400
2020-08-24,189.61083984375,212.22000122070312,212.33999633789062,209.72999572753906,212.1199951171875,763600
2020-08-25,190.8616943359375,213.6199951171875,214.27999877929688,211.52000427246094,212.5,1099200
2020-08-26,190.37918090820312,213.0800018310547,214.35000610351562,211.00999450683594,212.52999877929688,829800
2020-08-27,190.17373657226562,212.85000610351562,214.52000427246094,212.22000122070312,213.22999572753906,750600
2020-08-28,192.12147521972656,215.02999877929688,215.3699951171875,212.5800018310547,213.4499969482422,677500
2020-08-31,189.8878173828125,212.52999877929688,217.0,212.33999633789062,214.83999633789062,1151000
2020-09-01,192.36273193359375,215.3000030517578,215.85000610351562,210.72000122070312,212.42999267578125,973700
2020-09-02,191.52285766601562,214.36000061035156,216.52999877929688,213.0399932861328,215.05999755859375,1855100
2020-09-03,188.15451049804688,210.58999633789062,217.00999450683594,209.1300048828125,217.00999450683594,1485400
2020-09-04,186.82325744628906,209.10000610351562,214.0,206.92999267578125,212.66000366210938,1357200
2020-09-08,184.72360229492188,206.75,209.35000610351562,205.5399932861328,207.8800048828125,1566900
2020-09-09,189.68234252929688,212.3000030517578,215.52999877929688,208.16000366210938,208.72999572753906,3595500
2020-09-10,190.45962524414062,213.1699981689453,215.0,211.77999877929688,212.9199981689453,1303700
2020-09-11,194.37298583984375,217.5500030517578,219.1300048828125,213.77999877929688,213.99000549316406,1720800
2020-09-14,196.8210906982422,220.2899932861328,221.47000122070312,218.75,219.5399932861328,1516400
2020-09-15,198.37571716308594,222.02999877929688,222.97999572753906,219.4600067138672,220.5,926100
2020-09-16,197.37506103515625,220.91000366210938,224.99000549316406,220.64999389648438,224.0399932861328,1121900
2020-09-17,199.1887969970703,222.94000244140625,224.67999267578125,215.07000732421875,217.72999572753906,1070300
2020-09-18,197.4822998046875,221.02999877929688,224.3000030517578,220.17999267578125,222.49000549316406,1770000
2020-09-21,191.47821044921875,214.30999755859375,218.60000610351562,210.82000732421875,217.1999969482422,1279700
2020-09-22,193.33657836914062,216.38999938964844,217.19000244140625,214.4199981689453,215.24000549316406,973100
2020-09-23,190.69192504882812,213.42999267578125,220.3300018310547,211.89999389648438,217.7100067138672,1475400
2020-09-24,191.5853729248047,214.42999267578125,217.25999450683594,211.36000061035156,213.17999267578125,939000
2020-09-25,195.81146240234375,219.16000366210938,219.67999267578125,214.42999267578125,215.11000061035156,946900
2020-09-28,197.47332763671875,221.02000427246094,222.82000732421875,219.8000030517578,221.91000366210938,1129900
2020-09-29,192.81838989257812,215.80999755859375,221.49000549316406,215.8000030517578,220.5,1535900
2020-09-30,191.19227600097656,213.99000549316406,219.0,212.85000610351562,217.52999877929688,1669500
2020-10-01,189.28028869628906,211.85000610351562,215.83999633789062,210.5,215.72999572753906,1457500
2020-10-02,190.00399780273438,212.66000366210938,216.00999450683594,208.1699981689453,208.97999572753906,2294700
2020-10-05,192.23764038085938,215.16000366210938,216.58999633789062,214.2899932861328,215.50999450683594,1173300
2020-10-06,190.7723388671875,213.52000427246094,218.25999450683594,213.22999572753906,216.91000366210938,987700
2020-10-07,193.7565155029297,216.86000061035156,218.47000122070312,214.38999938964844,214.38999938964844,878500
2020-10-08,193.33657836914062,216.38999938964844,220.72000122070312,213.55999755859375,219.57000732421875,1584200
2020-10-09,195.1234893798828,218.38999938964844,219.6199951171875,216.24000549316406,219.5,730200
2020-10-12,194.0870819091797,217.22999572753906,221.3800048828125,216.92999267578125,219.85000610351562,1265900
2020-10-13,192.0767822265625,214.97999572753906,219.2100067138672,214.4499969482422,217.0,788200
2020-10-14,194.19432067871094,217.35000610351562,219.17999267578125,215.9199981689453,215.97999572753906,908200
2020-10-15,195.98126220703125,219.35000610351562,219.77000427246094,213.75999450683594,214.14999389648438,938400
2020-10-16,195.4451446533203,218.75,221.3800048828125,217.2899932861328,220.5800018310547,866200
2020-10-19,190.90638732910156,213.6699981689453,219.82000732421875,213.3800048828125,218.55999755859375,1056400
2020-10-20,192.87200927734375,215.8699951171875,218.8699951171875,214.1199951171875,214.3000030517578,594600
2020-10-21,189.91461181640625,212.55999755859375,216.08999633789062,212.50999450683594,214.5,1349100
2020-10-22,190.4238739013672,213.1300048828125,216.58999633789062,211.6699981689453,213.11000061035156,1219400
2020-10-23,192.45204162597656,215.39999389648438,216.27000427246094,213.5,213.5,801300
2020-10-26,188.2170867919922,210.66000366210938,212.61000061035156,208.9199981689453,212.57000732421875,1158100
2020-10-27,181.94496154785156,203.63999938964844,210.83999633789062,203.35000610351562,210.83999633789062,1771200
2020-10-28,177.0040740966797,198.11000061035156,201.50999450683594,196.14999389648438,197.42999267578125,2077700
2020-10-29,183.7139892578125,205.6199951171875,208.4499969482422,197.77000427246094,197.77000427246094,2082700
2020-10-30,186.8411102294922,209.1199951171875,209.19000244140625,204.4499969482422,204.4499969482422,2214300
2020-11-02,192.1483154296875,215.05999755859375,215.13999938964844,208.88999938964844,211.83999633789062,1740300
2020-11-03,199.68911743164062,223.5,224.8800048828125,217.13999938964844,217.82000732421875,2096500
2020-11-04,197.267822265625,220.7899932861328,229.27999877929688,220.75,225.4199981689453,1967700
2020-11-05,202.5977020263672,225.7899932861328,228.14999389648438,222.2899932861328,222.6699981689453,1305900
2020-11-06,200.2378387451172,223.16000366210938,225.57000732421875,222.60000610351562,224.39999389648438,906000
2020-11-09,206.75209045410156,230.4199981689453,243.82000732421875,228.91000366210938,235.9499969482422,1842600
2020-11-10,211.92051696777344,236.17999267578125,236.47999572753906,229.33999633789062,231.7100067138672,1691200
2020-11-11,209.14785766601562,233.08999633789062,239.02000427246094,230.92999267578125,239.02000427246094,1272000
2020-11-12,206.9674835205078,230.66000366210938,233.52000427246094,228.8300018310547,232.2100067138672,974000
2020-11-13,214.68414306640625,239.25999450683594,239.9600067138672,231.0399932861328,231.0399932861328,1950100
2020-11-16,221.4227294921875,246.77000427246094,247.25,240.7100067138672,241.33999633789062,1382300
2020-11-17,220.40878295898438,245.63999938964844,245.7899932861328,241.3300018310547,244.3300018310547,900200
2020-11-18,217.0260009765625,241.8699951171875,247.97999572753906,241.80999755859375,245.50999450683594,1240200
2020-11-19,217.2323760986328,242.10000610351562,242.7899932861328,237.75,240.94000244140625,959500
2020-11-20,216.06593322753906,240.8000030517578,243.8699951171875,240.25,242.14999389648438,810200
2020-11-23,217.90536499023438,242.85000610351562,244.4499969482422,239.74000549316406,243.3300018310547,1601500
2020-11-24,217.6092529296875,242.52000427246094,245.92999267578125,241.3699951171875,245.25999450683594,1241600
2020-11-25,216.65817260742188,241.4600067138672,242.72000122070312,238.4600067138672,242.5500030517578,1340900
2020-11-27,217.78871154785156,242.72000122070312,244.02000427246094,240.72000122070312,242.52999877929688,537200
2020-11-30,212.67422485351562,237.02000427246094,244.49000549316406,236.77999877929688,241.83999633789062,2149000
2020-12-01,214.22650146484375,238.75,243.3699951171875,238.39999389648438,240.39999389648438,1822900
2020-12-02,215.05198669433594,239.6699981689453,241.0,237.49000549316406,237.8800048828125,1180100
2020-12-03,212.79083251953125,237.14999389648438,242.22999572753906,236.60000610351562,241.0500030517578,1308700
2020-12-04,215.51858520507812,240.19000244140625,240.3800048828125,237.69000244140625,237.69000244140625,906200
2020-12-07,214.50465393066406,239.05999755859375,240.1999969482422,237.1300048828125,239.0,904300
2020-12-08,214.15472412109375,238.6699981689453,239.6699981689453,237.02000427246094,237.38999938964844,932500
2020-12-09,216.11976623535156,240.86000061035156,241.5800018310547,238.0399932861328,238.4600067138672,972000
2020-12-10,212.2075958251953,236.5,240.3300018310547,235.86000061035156,239.0,1212100
2020-12-11,211.08602905273438,235.25,237.3000030517578,234.35000610351562,234.88999938964844,1161200
2020-12-14,205.70228576660156,229.25,237.0399932861328,228.89999389648438,236.97999572753906,2004900
2020-12-15,206.19580078125,229.8000030517578,232.07000732421875,227.77000427246094,231.08999633789062,1205900
2020-12-16,205.2088165283203,228.6999969482422,230.72000122070312,226.69000244140625,230.19000244140625,1081800
2020-12-17,206.9944305419922,230.69000244140625,231.00999450683594,227.99000549316406,230.1199951171875,1097100
2020-12-18,208.51976013183594,232.38999938964844,233.02999877929688,228.82000732421875,230.75,2162200
2020-12-21,206.50091552734375,230.13999938964844,231.63999938964844,226.08999633789062,228.24000549316406,891600
2020-12-22,206.8239288330078,230.5,232.50999450683594,229.52000427246094,229.75999450683594,806200
2020-12-23,209.17478942871094,233.1199951171875,234.1999969482422,230.5,231.9199981689453,1209200
2020-12-24,210.31430053710938,234.38999938964844,234.94000244140625,231.6300048828125,233.22000122070312,383100
2020-12-28,212.39602661132812,236.7100067138672,238.47000122070312,235.19000244140625,236.22000122070312,785100
2020-12-29,209.9554443359375,233.99000549316406,238.3699951171875,232.4499969482422,236.92999267578125,929900
2020-12-30,211.7410430908203,235.97999572753906,236.94000244140625,234.0,234.33999633789062,665900
2020-12-31,213.20362854003906,237.61000061035156,238.0500030517578,234.38999938964844,236.4499969482422,698300
2021-01-04,209.4619140625,233.44000244140625,239.82000732421875,231.17999267578125,238.30999755859375,1558300
2021-01-05,211.4987335205078,235.7100067138672,237.5800018310547,232.8300018310547,233.0,1368500
2021-01-06,218.35397338867188,243.35000610351562,244.5500030517578,235.5399932861328,235.5399932861328,1199400
2021-01-07,224.1863250732422,249.85000610351562,250.02999877929688,244.3000030517578,245.0,1350700
2021-01-08,227.94595336914062,254.0399932861328,257.70001220703125,248.77999877929688,250.77000427246094,1563200
2021-01-11,228.24208068847656,254.3699951171875,256.70001220703125,252.0,252.22999572753906,832200
2021-01-12,230.09947204589844,256.44000244140625,257.8599853515625,252.0500030517578,253.83999633789062,1015300
2021-01-13,228.34078979492188,254.47999572753906,258.1700134277344,252.88999938964844,257.8599853515625,1029600
2021-01-14,226.5282745361328,252.4600067138672,256.05999755859375,251.8800048828125,254.82000732421875,690000
2021-01-15,226.9679412841797,252.9499969482422,253.24000549316406,248.10000610351562,250.61000061035156,1065500
2021-01-19,224.1773681640625,249.83999633789062,256.4599914550781,249.52999877929688,254.39999389648438,1038000
2021-01-20,227.3986053466797,253.42999267578125,253.91000366210938,247.8800048828125,250.9499969482422,1077000
2021-01-21,220.1575469970703,245.36000061035156,251.91000366210938,245.1300048828125,250.7100067138672,1148000
2021-01-22,219.13462829589844,244.22000122070312,245.6300048828125,240.67999267578125,245.02999877929688,1205500
2021-01-25,220.69589233398438,245.9600067138672,246.47999572753906,240.0800018310547,242.25999450683594,1300700
2021-01-26,213.63430786132812,238.08999633789062,247.13999938964844,237.44000244140625,246.88999938964844,1194900
2021-01-27,211.43594360351562,235.63999938964844,241.0800018310547,230.14999389648438,234.2100067138672,1708600
2021-01-28,216.95425415039062,241.7899932861328,245.10000610351562,234.38999938964844,239.10000610351562,1297500
2021-01-29,212.31527709960938,236.6199951171875,242.33999633789062,236.10000610351562,239.42999267578125,1413100
2021-02-01,215.26736450195312,239.91000366210938,241.11000061035156,237.9199981689453,238.24000549316406,928800
2021-02-02,221.04588317871094,246.35000610351562,248.22000122070312,240.72000122070312,241.0,1277100
2021-02-03,220.9561309814453,246.25,247.7899932861328,244.52000427246094,246.74000549316406,813200
2021-02-04,221.23541259765625,245.57000732421875,248.57000732421875,243.77000427246094,246.36000061035156,1225500
2021-02-05,221.3164825439453,245.66000366210938,249.5399932861328,245.6300048828125,247.33999633789062,972400
2021-02-08,219.6407928466797,243.8000030517578,246.39999389648438,240.77999877929688,246.0800018310547,919400
2021-02-09,221.460693359375,245.82000732421875,247.07000732421875,241.64999389648438,244.07000732421875,820500
2021-02-10,220.98316955566406,245.2899932861328,247.9600067138672,244.22999572753906,246.88999938964844,747400
2021-02-11,224.24447631835938,248.91000366210938,249.41000366210938,244.88999938964844,245.60000610351562,997300
2021-02-12,229.58682250976562,254.83999633789062,255.97999572753906,248.13999938964844,248.35000610351562,1303100
2021-02-16,230.99220275878906,256.3999938964844,258.3999938964844,254.25999450683594,256.3299865722656,1325000
2021-02-17,227.9561767578125,253.02999877929688,254.82000732421875,250.5399932861328,251.92999267578125,920800
2021-02-18,226.76699829101562,251.7100067138672,252.61000061035156,247.05999755859375,251.11000061035156,938500
2021-02-19,232.460693359375,258.0299987792969,258.92999267578125,252.5,252.88999938964844,976100
2021-02-22,234.45166015625,260.239990234375,262.07000732421875,256.2099914550781,257.5,1323400
2021-02-23,232.33456420898438,257.8900146484375,262.1700134277344,255.89999389648438,260.79998779296875,957600
2021-02-24,235.83909606933594,261.7799987792969,264.1099853515625,256.6099853515625,257.20001220703125,974000
2021-02-25,228.92013549804688,254.10000610351562,261.0400085449219,252.4199981689453,257.6600036621094,2629600
2021-02-26,227.08229064941406,252.05999755859375,257.2099914550781,251.41000366210938,255.27999877929688,1389300
2021-03-01,232.28053283691406,257.8299865722656,260.010009765625,254.8000030517578,255.58999633789062,1255300
2021-03-02,230.9742431640625,256.3800048828125,258.6400146484375,255.72999572753906,256.80999755859375,1708600
2021-03-03,228.92913818359375,254.11000061035156,257.17999267578125,253.6300048828125,255.60000610351562,1076600
2021-03-04,220.46063232421875,244.7100067138672,254.64999389648438,240.9600067138672,253.5,1873600
2021-03-05,230.63186645507812,256.0,257.20001220703125,243.16000366210938,247.22999572753906,1404800
2021-03-08,233.53277587890625,259.2200012207031,264.8599853515625,255.8300018310547,257.3299865722656,995400
2021-03-09,233.43370056152344,259.1099853515625,263.260009765625,258.9599914550781,260.8800048828125,1260900
2021-03-10,233.59585571289062,259.2900085449219,262.5799865722656,258.17999267578125,260.6099853515625,1468700
2021-03-11,234.9111785888672,260.75,262.55999755859375,259.29998779296875,260.760009765625,1008600
2021-03-12,235.53277587890625,261.44000244140625,264.3599853515625,261.29998779296875,262.30999755859375,861900
2021-03-15,234.47869873046875,260.2699890136719,261.5799865722656,255.8000030517578,261.3800048828125,983900
2021-03-16,230.98324584960938,256.3900146484375,260.8900146484375,254.19000244140625,260.760009765625,1291400
2021-03-17,232.5778350830078,258.1600036621094,260.42999267578125,254.83999633789062,256.8900146484375,847600
2021-03-18,237.001220703125,263.07000732421875,264.44000244140625,257.6400146484375,258.1600036621094,1110600
2021-03-19,234.64991760253906,260.4599914550781,263.70001220703125,258.6000061035156,262.8900146484375,2112400
2021-03-22,234.79405212402344,260.6199951171875,269.9599914550781,259.5799865722656,267.82000732421875,2261000
2021-03-23,234.47869873046875,260.2699890136719,263.79998779296875,258.3299865722656,258.6400146484375,1260300
2021-03-24,238.11837768554688,264.30999755859375,267.1199951171875,261.1499938964844,261.1499938964844,871100
2021-03-25,241.44276428222656,268.0,268.3399963378906,260.5199890136719,264.30999755859375,1201100
2021-03-26,245.86622619628906,272.9100036621094,273.05999755859375,267.04998779296875,268.57000732421875,940000
2021-03-29,244.13641357421875,270.989990234375,273.8800048828125,268.57000732421875,272.4800109863281,826300
2021-03-30,243.5058135986328,270.2900085449219,272.0,269.2799987792969,269.2799987792969,885600
2021-03-31,241.9112091064453,268.5199890136719,271.8500061035156,268.20001220703125,269.989990234375,1379000
2021-04-01,244.3076171875,271.17999267578125,271.8599853515625,268.8399963378906,270.3500061035156,914800
2021-04-05,247.41571044921875,274.6300048828125,276.1000061035156,272.6499938964844,273.3399963378906,821500
2021-04-06,244.34365844726562,271.2200012207031,276.1499938964844,270.9599914550781,275.1600036621094,943200
2021-04-07,244.57791137695312,271.4800109863281,272.3599853515625,269.4800109863281,271.6199951171875,976600
2021-04-08,241.1454620361328,267.6700134277344,272.0299987792969,267.0400085449219,271.55999755859375,1331600
2021-04-09,245.48782348632812,272.489990234375,272.5,267.1199951171875,268.8800048828125,992400
2021-04-12,244.6409454345703,271.54998779296875,273.489990234375,271.1700134277344,271.2799987792969,917600
2021-04-13,243.54188537597656,270.3299865722656,271.0,267.57000732421875,270.25,752500
2021-04-14,244.90220642089844,271.8399963378906,273.2799987792969,270.489990234375,271.1499938964844,608400
2021-04-15,245.17245483398438,272.1400146484375,274.4599914550781,271.6499938964844,272.1099853515625,794500
2021-04-16,244.019287109375,270.8599853515625,274.79998779296875,269.9599914550781,274.510009765625,1484200
2021-04-19,243.6589813232422,270.4599914550781,270.6700134277344,268.20001220703125,270.54998779296875,911800
2021-04-20,246.2265625,273.30999755859375,278.3699951171875,270.8599853515625,272.2699890136719,1385400
2021-04-21,252.6680145263672,280.4599914550781,282.7099914550781,272.67999267578125,272.80999755859375,1685800
2021-04-22,250.938232421875,278.5400085449219,283.510009765625,277.8699951171875,278.70001220703125,993700
2021-04-23,254.05538940429688,282.0,283.1199951171875,278.5899963378906,279.6300048828125,836400
2021-04-26,253.2806396484375,281.1400146484375,285.1199951171875,280.92999267578125,282.55999755859375,914200
2021-04-27,253.9202880859375,281.8500061035156,283.489990234375,280.6700134277344,282.67999267578125,1095700
2021-04-28,255.9382781982422,284.0899963378906,287.42999267578125,281.6700134277344,281.6700134277344,1119200
2021-04-29,252.88424682617188,280.70001220703125,287.20001220703125,280.0,287.20001220703125,1632700
2021-04-30,251.56884765625,279.239990234375,281.0899963378906,276.92999267578125,280.3699951171875,1638900
2021-05-03,255.01034545898438,283.05999755859375,284.8399963378906,281.3599853515625,281.510009765625,813500
2021-05-04,259.1725769042969,287.67999267578125,288.07000732421875,282.17999267578125,282.6199951171875,1314600
2021-05-05,258.5689392089844,287.010009765625,291.07000732421875,286.5199890136719,289.8399963378906,1163100
2021-05-06,259.4277648925781,286.9700012207031,287.7699890136719,284.8800048828125,287.010009765625,1093000
2021-05-07,261.99517822265625,289.80999755859375,290.260009765625,285.79998779296875,287.8699951171875,943600
2021-05-10,262.4833679199219,290.3500061035156,295.1400146484375,290.2200012207031,291.489990234375,933800
2021-05-11,259.14752197265625,286.6600036621094,289.95001220703125,285.0,288.29998779296875,1282500
2021-05-12,254.6636505126953,281.70001220703125,287.0400085449219,281.2300109863281,285.9599914550781,1209500
2021-05-13,259.46392822265625,287.010009765625,287.8299865722656,282.4200134277344,282.7900085449219,767500
2021-05-14,262.01324462890625,289.8299865722656,291.8399963378906,287.19000244140625,287.69000244140625,795900
2021-05-17,258.3157958984375,285.739990234375,290.1499938964844,284.4599914550781,289.2699890136719,993500
2021-05-18,253.32559204101562,280.2200012207031,286.7300109863281,280.0899963378906,286.4700012207031,1194300
2021-05-19,252.62957763671875,279.45001220703125,279.7300109863281,274.1700134277344,277.0,840900
2021-05-20,250.3332977294922,276.9100036621094,279.8800048828125,275.8900146484375,279.1400146484375,1508400
2021-05-21,250.72201538085938,277.3399963378906,280.95001220703125,276.6499938964844,278.5799865722656,1179300
2021-05-24,253.56063842773438,280.4800109863281,280.9800109863281,276.2300109863281,278.7300109863281,1295400
2021-05-25,251.28250122070312,277.9599914550781,283.8800048828125,277.75,281.2300109863281,1451100
2021-05-26,252.81028747558594,279.6499938964844,283.1499938964844,276.92999267578125,277.9700012207031,921200
2021-05-27,252.5209503173828,279.3299865722656,282.07000732421875,278.5400085449219,281.989990234375,1422700
2021-05-28,253.9403076171875,280.8999938964844,281.7300109863281,279.0299987792969,279.79998779296875,911300
2021-06-01,254.4285888671875,281.44000244140625,284.2799987792969,281.1099853515625,283.32000732421875,868200
2021-06-02,252.3402557373047,279.1300048828125,282.0899963378906,278.739990234375,281.95001220703125,959800
2021-06-03,252.73800659179688,279.57000732421875,281.67999267578125,277.2099914550781,278.0,1170800
2021-06-04,252.4938507080078,279.29998779296875,281.2900085449219,277.67999267578125,281.04998779296875,845300
2021-06-07,248.44387817382812,274.82000732421875,280.0,274.79998779296875,280.0,927600
2021-06-08,249.0223846435547,275.4599914550781,276.6199951171875,271.1600036621094,274.7099914550781,1045000
2021-06-09,247.485595703125,273.760009765625,275.989990234375,273.6199951171875,275.5400085449219,818400
2021-06-10,244.19496154785156,270.1199951171875,276.1600036621094,269.489990234375,275.45001220703125,1337900
2021-06-11,245.43344116210938,271.489990234375,272.2799987792969,270.1099853515625,271.6099853515625,1172100
2021-06-14,245.4605712890625,271.5199890136719,273.0,270.70001220703125,271.30999755859375,985000
2021-06-15,247.00650024414062,273.2300109863281,274.57000732421875,270.92999267578125,272.04998779296875,1169400
2021-06-16,245.35211181640625,271.3999938964844,273.3999938964844,270.6099853515625,273.2900085449219,1024000
2021-06-17,241.3021240234375,266.9200134277344,271.67999267578125,264.3800048828125,271.32000732421875,1189800
2021-06-18,236.3389892578125,261.42999267578125,264.80999755859375,261.30999755859375,263.5299987792969,1923100
2021-06-21,239.349365234375,264.760009765625,266.6700134277344,263.010009765625,263.010009765625,1299600
2021-06-22,238.7346649169922,264.0799865722656,266.8999938964844,263.8500061035156,265.3599853515625,1271100
2021-06-23,237.93910217285156,263.20001220703125,265.6099853515625,262.79998779296875,264.8500061035156,1030700
2021-06-24,239.51210021972656,264.94000244140625,265.6400146484375,262.7799987792969,264.0199890136719,1184400
2021-06-25,240.33474731445312,265.8500061035156,267.8399963378906,265.260009765625,266.0299987792969,1452100
2021-06-28,238.21934509277344,263.510009765625,266.70001220703125,263.0,266.6600036621094,963800
2021-06-29,236.93560791015625,262.0899963378906,265.0,261.1499938964844,263.4800109863281,1658200
2021-06-30,239.93699645996094,265.4100036621094,265.7699890136719,262.2799987792969,262.7699890136719,1282900
2021-07-01,243.43553161621094,269.2799987792969,269.4200134277344,266.4599914550781,266.67999267578125,1192500
2021-07-02,244.9091339111328,270.9100036621094,271.8800048828125,268.6199951171875,269.3699951171875,1433400
2021-07-06,243.48977661132812,269.3399963378906,271.2300109863281,265.4599914550781,270.1300048828125,1796800
2021-07-07,247.1149444580078,273.3500061035156,274.5199890136719,268.2900085449219,268.42999267578125,1354100
2021-07-08,229.4232177734375,253.77999877929688,267.2200012207031,253.11000061035156,265.2300109863281,3737800
2021-07-09,238.3369140625,263.6400146484375,265.5299987792969,260.0,264.30999755859375,1880900
2021-07-12,236.66444396972656,261.7900085449219,262.9700012207031,259.7699890136719,261.17999267578125,1000700
2021-07-13,236.20338439941406,261.2799987792969,262.67999267578125,260.6499938964844,261.05999755859375,897700
2021-07-14,236.63734436035156,261.760009765625,263.67999267578125,261.4200134277344,262.4599914550781,1084000
2021-07-15,238.11984252929688,263.3999938964844,264.2200012207031,260.0,260.0,1310900
2021-07-16,235.54345703125,260.54998779296875,264.29998779296875,260.4800109863281,264.0299987792969,1724700
2021-07-19,229.45938110351562,253.82000732421875,256.30999755859375,252.25,255.0,1343100
2021-07-20,232.18048095703125,256.8299865722656,258.489990234375,254.2899932861328,254.2899932861328,995300
2021-07-21,235.63385009765625,260.6499938964844,261.6300048828125,258.010009765625,258.010009765625,1346800
2021-07-22,238.57192993164062,263.8999938964844,266.3800048828125,263.07000732421875,265.1700134277344,1303000
2021-07-23,239.8556671142578,265.32000732421875,266.489990234375,263.8299865722656,264.3999938964844,1039900
2021-07-26,239.8195037841797,265.2799987792969,267.0899963378906,263.3500061035156,264.7799987792969,899900
2021-07-27,237.69503784179688,262.92999267578125,266.8999938964844,262.010009765625,263.19000244140625,982900
2021-07-28,232.26185607910156,256.9200134277344,263.5799865722656,253.6999969482422,262.7099914550781,1507800
2021-07-29,231.46630859375,256.0400085449219,260.3800048828125,255.89999389648438,257.6099853515625,1011000
2021-07-30,233.08453369140625,257.8299865722656,257.8900146484375,255.10000610351562,255.77999877929688,1044700
2021-08-02,231.57481384277344,256.1600036621094,261.3699951171875,255.41000366210938,259.0799865722656,829900
2021-08-03,233.9071502685547,258.739990234375,260.3999938964844,255.88999938964844,256.9200134277344,769300
2021-08-04,229.260498046875,253.60000610351562,258.0899963378906,252.6699981689453,257.1499938964844,1054100
2021-08-05,230.04701232910156,254.47000122070312,256.3800048828125,252.75,254.7899932861328,983500
2021-08-06,232.43482971191406,256.010009765625,257.3299865722656,254.0500030517578,254.5,1001900
2021-08-09,232.12612915039062,255.6699981689453,256.5400085449219,254.6999969482422,255.33999633789062,858500
2021-08-10,235.21307373046875,259.07000732421875,260.4200134277344,256.17999267578125,256.3900146484375,933500
2021-08-11,241.2415771484375,265.7099914550781,266.239990234375,259.2699890136719,259.82000732421875,1395200
2021-08-12,244.2377166748047,269.010009765625,269.239990234375,264.75,264.8500061035156,1124600
2021-08-13,244.156005859375,268.9200134277344,269.9700012207031,267.0799865722656,269.05999755859375,1072900
2021-08-16,244.89134216308594,269.7300109863281,270.2099914550781,266.82000732421875,268.7099914550781,1084300
2021-08-17,242.1676483154297,266.7300109863281,268.8999938964844,263.57000732421875,268.8999938964844,912300
2021-08-18,240.86026000976562,265.2900085449219,269.8999938964844,265.239990234375,265.9599914550781,862900
2021-08-19,238.05487060546875,262.20001220703125,266.6600036621094,260.45001220703125,262.95001220703125,1127000
2021-08-20,238.11834716796875,262.2699890136719,263.80999755859375,261.489990234375,262.6600036621094,724000
2021-08-23,239.33493041992188,263.6099853515625,266.6000061035156,262.5299987792969,262.989990234375,743200
2021-08-24,235.53985595703125,259.42999267578125,264.239990234375,258.989990234375,263.6499938964844,1547800
2021-08-25,237.1105194091797,261.1600036621094,262.04998779296875,258.6099853515625,259.3999938964844,1257300
2021-08-26,235.6579132080078,259.55999755859375,263.260009765625,257.3599853515625,261.32000732421875,1066700
2021-08-27,236.79278564453125,260.80999755859375,262.010009765625,259.6499938964844,260.19000244140625,772000
2021-08-30,234.45040893554688,258.2300109863281,260.9599914550781,257.67999267578125,260.9100036621094,1026300
2021-08-31,230.19227600097656,253.5399932861328,258.95001220703125,252.0500030517578,258.7699890136719,1932700
2021-09-01,229.02105712890625,252.25,254.9499969482422,250.5500030517578,253.3800048828125,1504700
2021-09-02,230.31935119628906,253.67999267578125,254.82000732421875,252.42999267578125,252.64999389648438,1057700
2021-09-03,227.3414306640625,250.39999389648438,253.64999389648438,249.4199981689453,252.6699981689453,1317700
2021-09-07,225.29861450195312,248.14999389648438,251.2899932861328,247.3300018310547,250.25,1284900
2021-09-08,226.642333984375,249.6300048828125,250.64999389648438,246.88999938964844,248.3800048828125,1075600
2021-09-09,224.81744384765625,247.6199951171875,249.80999755859375,246.67999267578125,249.1999969482422,924600
2021-09-10,224.39065551757812,247.14999389648438,249.6199951171875,246.88999938964844,248.72999572753906,1231900
2021-09-13,222.928955078125,245.5399932861328,249.61000061035156,243.66000366210938,249.3300018310547,1283100
2021-09-14,222.24801635742188,244.7899932861328,246.0,241.9600067138672,246.0,1696600
2021-09-15,225.725341796875,248.6199951171875,249.1999969482422,245.1300048828125,245.14999389648438,1846100
2021-09-16,225.1624298095703,248.0,250.61000061035156,247.6199951171875,249.25,1092300
2021-09-17,223.38291931152344,246.0399932861328,248.8699951171875,245.14999389648438,246.91000366210938,2296300
2021-09-20,219.3154754638672,241.55999755859375,243.6300048828125,239.5800018310547,243.0500030517578,1311100
2021-09-21,217.20913696289062,239.24000549316406,244.25,238.6199951171875,244.25,1208900
2021-09-22,217.4633331298828,239.52000427246094,242.8800048828125,239.13999938964844,240.2100067138672,1068800
2021-09-23,219.8693084716797,242.1699981689453,243.3699951171875,240.66000366210938,240.88999938964844,1331500
2021-09-24,222.50222778320312,245.07000732421875,246.6999969482422,241.83999633789062,242.27999877929688,1178100
2021-09-27,223.0015869140625,245.6199951171875,249.1300048828125,245.08999633789062,245.10000610351562,1249000
2021-09-28,222.63841247558594,245.22000122070312,246.50999450683594,243.19000244140625,245.22000122070312,1374100
2021-09-29,221.7486572265625,244.24000549316406,246.69000244140625,243.83999633789062,245.27999877929688,1388400
2021-09-30,217.21820068359375,239.25,245.97999572753906,239.1699981689453,245.61000061035156,1210200
2021-10-01,221.11312866210938,243.5399932861328,244.91000366210938,239.0800018310547,240.6699981689453,1033700
2021-10-04,225.05348205566406,247.8800048828125,249.02999877929688,245.5,245.97000122070312,1620400
2021-10-05,231.64492797851562,255.13999938964844,257.0799865722656,247.7899932861328,248.8300018310547,1676600
2021-10-06,238.35443115234375,262.5299987792969,263.3699951171875,252.61000061035156,252.75,1984500
2021-10-07,235.74871826171875,259.6600036621094,265.8800048828125,259.260009765625,264.7699890136719,988400
2021-10-08,240.48800659179688,264.8800048828125,265.25,260.2900085449219,260.7099914550781,1096900
2021-10-11,240.0885467529297,264.44000244140625,267.9700012207031,264.07000732421875,264.79998779296875,1356100
2021-10-12,237.0288543701172,261.07000732421875,264.5899963378906,260.7200012207031,263.6700134277344,1091700
2021-10-13,238.10018920898438,262.25,264.0,258.8900146484375,261.1000061035156,929000
2021-10-14,244.98216247558594,269.8299865722656,270.1600036621094,263.4700012207031,264.5299987792969,1328700
2021-10-15,250.2027130126953,275.5799865722656,277.1700134277344,270.67999267578125,271.5899963378906,1135600
2021-10-18,250.35702514648438,275.75,276.4700012207031,273.1300048828125,274.19000244140625,742500
2021-10-19,249.65792846679688,274.9800109863281,277.80999755859375,274.2900085449219,277.80999755859375,938600
2021-10-20,253.54379272460938,279.260009765625,280.010009765625,274.2300109863281,275.0,844900
2021-10-21,256.7578125,282.79998779296875,286.69000244140625,281.9599914550781,281.989990234375,1352300
2021-10-22,260.1534118652344,286.5400085449219,288.8500061035156,282.45001220703125,282.79998779296875,1110400
2021-10-25,260.8706359863281,287.3299865722656,290.5199890136719,285.94000244140625,286.8599853515625,1250000
2021-10-26,260.3349304199219,286.739990234375,290.010009765625,286.3599853515625,288.67999267578125,1244300
2021-10-27,260.62548828125,287.05999755859375,293.6099853515625,287.04998779296875,290.1700134277344,1520400
2021-10-28,266.1728820800781,293.1700134277344,293.5799865722656,290.04998779296875,290.1300048828125,1366000
2021-10-29,266.0638732910156,293.04998779296875,296.05999755859375,290.8699951171875,291.3999938964844,984000
2021-11-01,262.1054382324219,288.69000244140625,294.30999755859375,286.0400085449219,293.3699951171875,893900
2021-11-02,259.6812744140625,286.0199890136719,288.989990234375,285.32000732421875,287.8599853515625,1468400
2021-11-03,261.13397216796875,287.6199951171875,287.95001220703125,282.9599914550781,285.6700134277344,666400
2021-11-04,259.3294372558594,284.54998779296875,287.5199890136719,283.5799865722656,287.2300109863281,698100
2021-11-05,258.7370300292969,283.8999938964844,288.69000244140625,283.739990234375,286.95001220703125,1269500
2021-11-08,259.4114685058594,284.6400146484375,285.6600036621094,282.739990234375,285.6600036621094,583900
2021-11-09,259.375,284.6000061035156,285.6300048828125,282.07000732421875,284.2900085449219,1040800
2021-11-10,256.7410888671875,281.7099914550781,285.739990234375,281.0,284.6000061035156,694900
2021-11-11,251.4552459716797,275.9100036621094,280.0400085449219,274.5,280.0400085449219,1375800
2021-11-12,251.16354370117188,275.5899963378906,278.0,274.6300048828125,276.0,1298300
2021-11-15,250.99044799804688,275.3999938964844,277.92999267578125,274.5400085449219,277.5,936500
2021-11-16,249.68716430664062,273.9700012207031,278.239990234375,273.8900146484375,275.0,893900
2021-11-17,250.2613525390625,274.6000061035156,276.92999267578125,272.6099853515625,273.9700012207031,1114700
2021-11-18,251.3732147216797,275.82000732421875,277.82000732421875,273.7699890136719,275.1400146484375,818900
2021-11-19,249.45936584472656,273.7200012207031,276.0799865722656,272.5899963378906,276.0799865722656,957800
2021-11-22,252.5032958984375,277.05999755859375,279.6300048828125,273.9800109863281,274.3399963378906,803700
2021-11-23,254.93667602539062,279.7300109863281,279.8599853515625,274.67999267578125,276.6700134277344,1534500
2021-11-24,253.15945434570312,277.7799987792969,279.9700012207031,277.0299987792969,277.7099914550781,810400
2021-11-26,245.7500457763672,269.6499938964844,271.8399963378906,266.8500061035156,271.25,973500
2021-11-29,244.92071533203125,268.739990234375,272.8999938964844,268.5799865722656,272.42999267578125,1129600
2021-11-30,241.7582550048828,265.2699890136719,269.2300109863281,264.6000061035156,266.2900085449219,1720300
2021-12-01,245.2123260498047,269.05999755859375,277.760009765625,267.70001220703125,268.8999938964844,2017900
2021-12-02,254.1072540283203,278.82000732421875,282.04998779296875,269.4800109863281,270.67999267578125,2057300
2021-12-03,256.31280517578125,281.239990234375,286.6000061035156,278.1400146484375,280.8299865722656,2138200
2021-12-06,261.77191162109375,287.2300109863281,289.8299865722656,282.67999267578125,284.07000732421875,1472200
2021-12-07,261.98150634765625,287.4599914550781,291.7300109863281,286.82000732421875,289.29998779296875,1308700
2021-12-08,261.1066589355469,286.5,289.010009765625,284.6300048828125,287.5199890136719,910100
2021-12-09,261.51666259765625,286.95001220703125,289.29998779296875,283.5799865722656,285.67999267578125,905400
2021-12-10,263.8680725097656,289.5299987792969,290.3299865722656,287.0299987792969,288.760009765625,969200
2021-12-13,259.27471923828125,284.489990234375,291.0299987792969,283.95001220703125,288.19000244140625,1704600
2021-12-14,258.5912780761719,283.739990234375,286.989990234375,282.0,284.5,1148400
2021-12-15,262.2640686035156,287.7699890136719,287.8599853515625,282.9800109863281,285.1499938964844,1047500
2021-12-16,264.67010498046875,290.4100036621094,291.8800048828125,287.7099914550781,289.0,1349600
2021-12-17,259.5481262207031,284.7900085449219,290.2200012207031,284.239990234375,290.2200012207031,2517700
2021-12-20,256.5041809082031,281.45001220703125,281.989990234375,277.5,281.7300109863281,1216000
2021-12-21,259.8944396972656,285.1700134277344,286.1300048828125,282.3800048828125,284.0,952000
2021-12-22,260.00390625,285.2900085449219,286.92999267578125,283.3800048828125,284.4200134277344,794100
2021-12-23,262.04534912109375,287.5299987792969,289.42999267578125,284.989990234375,285.1000061035156,1354200
2021-12-27,265.6908264160156,291.5299987792969,292.0,287.7900085449219,288.6199951171875,951300
2021-12-28,267.29473876953125,293.2900085449219,295.0,291.1700134277344,291.1700134277344,935700
2021-12-29,269.5367126464844,295.75,296.6400146484375,292.75,293.3299865722656,610200
2021-12-30,268.607177734375,294.7300109863281,296.8699951171875,293.760009765625,296.1400146484375,689800
2021-12-31,271.3230285644531,297.7099914550781,299.20001220703125,293.32000732421875,294.3999938964844,764600
2022-01-03,266.4381103515625,292.3500061035156,298.989990234375,289.3699951171875,298.5,768600
2022-01-04,268.5980224609375,294.7200012207031,297.5799865722656,290.2099914550781,290.3399963378906,1024500
2022-01-05,268.5888977050781,294.7099914550781,298.55999755859375,293.9800109863281,295.9800109863281,1224800
2022-01-06,270.347900390625,296.6400146484375,298.25,293.6300048828125,296.6499938964844,815300
2022-01-07,270.5027770996094,296.80999755859375,298.75,293.05999755859375,296.17999267578125,897500
2022-01-10,262.4462585449219,287.9700012207031,296.9800109863281,286.9700012207031,296.8599853515625,1479200
2022-01-11,261.03369140625,286.4200134277344,289.3999938964844,281.1099853515625,288.7900085449219,1230400
2022-01-12,262.6377258300781,288.17999267578125,289.67999267578125,287.1300048828125,287.1600036621094,982700
2022-01-13,264.3510437011719,290.05999755859375,291.54998779296875,288.19000244140625,288.70001220703125,971200
2022-01-14,262.7288513183594,288.2799987792969,290.30999755859375,286.44000244140625,288.04998779296875,1118000
2022-01-18,251.3640899658203,275.80999755859375,287.3699951171875,273.7799987792969,285.8800048828125,2099000
2022-01-19,253.4146270751953,278.05999755859375,280.3800048828125,275.260009765625,277.3800048828125,1480900
2022-01-20,254.4626922607422,279.2099914550781,285.30999755859375,277.8699951171875,277.8699951171875,1014600
2022-01-21,251.92002868652344,276.4200134277344,281.0,272.1099853515625,279.3599853515625,2021100
2022-01-24,251.8197479248047,276.30999755859375,276.6700134277344,267.69000244140625,270.6499938964844,1523700
2022-01-25,250.45265197753906,274.80999755859375,276.75,266.7099914550781,271.4100036621094,1438500
2022-01-26,245.1850128173828,269.0299987792969,280.0,266.1300048828125,279.0,1969500
2022-01-27,245.84120178222656,269.75,274.6000061035156,267.3500061035156,272.7300109863281,1310600
2022-01-28,247.8826446533203,271.989990234375,272.5,263.94000244140625,270.2799987792969,1053600
2022-01-31,247.8826446533203,271.989990234375,272.6700134277344,268.75,270.95001220703125,1054700
2022-02-01,250.07908630371094,274.3999938964844,276.989990234375,271.3800048828125,272.7099914550781,1050000
2022-02-02,255.2555694580078,280.0799865722656,280.30999755859375,274.19000244140625,274.4800109863281,1349200
2022-02-03,252.49110412597656,275.82000732421875,280.6600036621094,275.4599914550781,276.989990234375,961200
2022-02-04,247.5477752685547,270.4200134277344,275.94000244140625,269.70001220703125,273.7799987792969,1132000
2022-02-07,241.70741271972656,264.0400085449219,271.7900085449219,262.6499938964844,271.7900085449219,1457200
2022-02-08,247.18162536621094,270.0199890136719,270.20001220703125,264.75,265.29998779296875,1041700
2022-02-09,250.78839111328125,273.9599914550781,275.04998779296875,271.5400085449219,272.6000061035156,768800
2022-02-10,249.29627990722656,272.3299865722656,276.80999755859375,269.6300048828125,270.739990234375,2161300
2022-02-11,244.6092987060547,267.2099914550781,274.1000061035156,264.7200012207031,271.6199951171875,1039100
2022-02-14,249.2412872314453,272.2699890136719,273.1700134277344,266.6000061035156,268.0899963378906,1287200
2022-02-15,251.85943603515625,275.1300048828125,277.8699951171875,273.42999267578125,274.7200012207031,1043500
2022-02-16,253.35157775878906,276.760009765625,277.6199951171875,272.05999755859375,274.510009765625,1181500
2022-02-17,250.12008666992188,273.2300109863281,276.0299987792969,272.55999755859375,274.54998779296875,908400
2022-02-18,247.36468505859375,270.2200012207031,276.2900085449219,269.95001220703125,273.42999267578125,1141700
2022-02-22,236.49868774414062,258.3500061035156,272.0199890136719,257.94000244140625,270.80999755859375,3359700
2022-02-23,232.20538330078125,253.66000366210938,259.7900085449219,250.4600067138672,259.17999267578125,2816800
2022-02-24,232.55320739746094,254.0399932861328,254.47000122070312,247.86000061035156,251.13999938964844,1829600
2022-02-25,238.40274047851562,260.42999267578125,262.4200134277344,255.3000030517578,255.63999938964844,1330900
2022-02-28,234.82345581054688,256.5199890136719,258.8699951171875,253.66000366210938,256.489990234375,2734500
2022-03-01,233.49610900878906,255.07000732421875,259.3299865722656,253.74000549316406,256.70001220703125,1848500
2022-03-02,246.44927978515625,269.2200012207031,271.0799865722656,256.4599914550781,257.489990234375,2300000
2022-03-03,248.99415588378906,272.0,277.1600036621094,270.3699951171875,270.3699951171875,1492300
2022-03-04,260.5009765625,284.57000732421875,284.7300109863281,269.0799865722656,269.5299987792969,2168000
2022-03-07,254.7704315185547,278.30999755859375,290.8299865722656,278.0,284.42999267578125,1958000
2022-03-08,243.19960021972656,265.6700134277344,280.7799987792969,265.1000061035156,279.4100036621094,1907500
2022-03-09,241.47860717773438,263.7900085449219,271.5400085449219,261.7200012207031,270.5,1536700
2022-03-10,247.02598571777344,269.8500061035156,270.9800109863281,260.0299987792969,261.0,1969600
2022-03-11,244.7283477783203,267.3399963378906,273.7799987792969,267.0899963378906,270.4599914550781,837900
2022-03-14,243.5840301513672,266.0899963378906,270.05999755859375,263.92999267578125,269.55999755859375,944500
2022-03-15,245.38742065429688,268.05999755859375,269.6400146484375,263.2200012207031,268.7799987792969,903200
2022-03-16,250.2025604248047,273.32000732421875,273.94000244140625,268.6400146484375,270.4100036621094,1353100
2022-03-17,251.1820526123047,274.3900146484375,274.42999267578125,269.2900085449219,272.510009765625,1105700
2022-03-18,251.58477783203125,274.8299865722656,275.1700134277344,265.6300048828125,265.6300048828125,2460700
2022-03-21,254.6239013671875,278.1499938964844,281.010009765625,274.94000244140625,275.70001220703125,1039200
2022-03-22,255.35629272460938,278.95001220703125,280.0,274.7300109863281,279.8699951171875,1026600
2022-03-23,253.78184509277344,277.2300109863281,280.8699951171875,276.1600036621094,278.2900085449219,1149800
2022-03-24,255.9055938720703,279.54998779296875,282.2799987792969,277.6000061035156,277.6000061035156,924500
2022-03-25,259.393310546875,283.3599853515625,283.489990234375,279.0199890136719,280.3399963378906,912300
2022-03-28,260.54681396484375,284.6199951171875,284.8699951171875,280.54998779296875,283.6600036621094,759000
2022-03-29,261.49871826171875,285.6600036621094,286.3299865722656,279.2900085449219,285.55999755859375,1025800
2022-03-30,264.693603515625,289.1499938964844,289.57000732421875,285.3299865722656,288.94000244140625,1653300
2022-03-31,261.0960693359375,285.2200012207031,291.54998779296875,285.2200012207031,287.989990234375,1365600
2022-04-01,243.35516357421875,265.8399963378906,285.57000732421875,264.5299987792969,285.20001220703125,2387400
2022-04-04,244.3255157470703,266.8999938964844,267.1099853515625,261.7900085449219,265.1700134277344,1482400
2022-04-05,240.06881713867188,262.25,272.75,261.8500061035156,266.1499938964844,1816400
2022-04-06,235.1987762451172,256.92999267578125,261.6099853515625,254.0500030517578,261.2300109863281,2053100
2022-04-07,236.78245544433594,258.6600036621094,260.260009765625,252.57000732421875,256.5299987792969,1399300
2022-04-08,236.31558227539062,258.1499938964844,260.8399963378906,254.10000610351562,255.8000030517578,1150800
2022-04-11,234.17349243164062,255.80999755859375,259.8699951171875,254.6300048828125,258.0899963378906,1200700
2022-04-12,236.83737182617188,258.7200012207031,261.5299987792969,256.1700134277344,256.3599853515625,1293700
2022-04-13,238.86044311523438,260.92999267578125,262.04998779296875,258.7200012207031,258.7200012207031,937100
2022-04-14,240.81024169921875,263.05999755859375,264.739990234375,261.2699890136719,261.8299865722656,2129500
2022-04-18,240.30685424804688,262.510009765625,265.19000244140625,260.57000732421875,261.989990234375,1759100
2022-04-19,242.45806884765625,264.8599853515625,265.7200012207031,263.19000244140625,264.6300048828125,1394600
2022-04-20,245.25009155273438,267.9100036621094,270.19000244140625,265.7900085449219,265.7900085449219,1223000
2022-04-21,246.99856567382812,269.82000732421875,276.6499938964844,268.70001220703125,270.29998779296875,1571600
2022-04-22,236.7184295654297,258.5899963378906,268.55999755859375,258.4599914550781,268.0400085449219,1404000
2022-04-25,237.77110290527344,259.739990234375,260.2200012207031,253.19000244140625,257.5799865722656,1165800
2022-04-26,233.1024932861328,254.63999938964844,260.1700134277344,254.63999938964844,258.510009765625,1652600
2022-04-27,240.3251495361328,262.5299987792969,264.0,253.00999450683594,254.77999877929688,2340800
2022-04-28,243.3643341064453,265.8500061035156,269.04998779296875,262.0199890136719,262.8500061035156,1470400
2022-04-29,236.06845092773438,257.8800048828125,265.8900146484375,257.010009765625,263.94000244140625,1591100
2022-05-02,234.90585327148438,256.6099853515625,260.6400146484375,251.83999633789062,258.1499938964844,1397100
2022-05-03,234.42063903808594,256.0799865722656,259.0400085449219,254.7100067138672,255.89999389648438,1648400
2022-05-04,242.28411865234375,264.6700134277344,265.32000732421875,257.3999938964844,258.4599914550781,1781100
2022-05-05,236.25070190429688,256.8699951171875,262.5299987792969,254.75999450683594,261.0,1159800
2022-05-06,235.21141052246094,255.74000549316406,256.489990234375,249.83999633789062,256.3399963378906,1124500
2022-05-09,229.47230529785156,249.5,254.38999938964844,248.52000427246094,253.08999633789062,1319600
2022-05-10,226.02333068847656,245.75,254.1699981689453,242.22999572753906,252.02000427246094,1453300
2022-05-11,226.74989318847656,246.5399932861328,251.5399932861328,245.32000732421875,246.07000732421875,876400
2022-05-12,226.30845642089844,246.05999755859375,248.5399932861328,240.3800048828125,245.83999633789062,1352100
2022-05-13,229.30677795410156,249.32000732421875,253.05999755859375,246.82000732421875,247.97999572753906,1116400
2022-05-16,227.26498413085938,247.10000610351562,250.3699951171875,246.4499969482422,248.94000244140625,745100
2022-05-17,231.49571228027344,251.6999969482422,252.7899932861328,248.22999572753906,249.92999267578125,1189600
2022-05-18,218.4999542236328,237.57000732421875,250.8300018310547,237.17999267578125,250.67999267578125,1700100
2022-05-19,209.72573852539062,228.02999877929688,233.77000427246094,225.1699981689453,228.8699951171875,1698100
2022-05-20,210.4891357421875,228.86000061035156,229.57000732421875,222.5399932861328,228.6300048828125,1518600
2022-05-23,214.10362243652344,232.7899932861328,233.5800018310547,229.77000427246094,230.86000061035156,1160200
2022-05-24,213.6621551513672,232.30999755859375,232.6699981689453,227.2100067138672,231.0800018310547,1091800
2022-05-25,213.93809509277344,232.61000061035156,234.61000061035156,230.82000732421875,232.77000427246094,1147200
2022-05-26,217.69979858398438,236.6999969482422,239.42999267578125,234.52000427246094,234.7100067138672,950000
2022-05-27,221.6822052001953,241.02999877929688,241.94000244140625,237.5800018310547,238.36000061035156,1077800
2022-05-31,220.42218017578125,239.66000366210938,242.13999938964844,238.05999755859375,241.0800018310547,2465200
2022-06-01,222.51919555664062,241.94000244140625,244.07000732421875,239.86000061035156,241.83999633789062,1164200
2022-06-02,226.99819946289062,246.80999755859375,247.1199951171875,240.55999755859375,244.1199951171875,1004600
2022-06-03,225.0208282470703,244.66000366210938,247.6199951171875,243.22000122070312,245.32000732421875,803000
2022-06-06,225.03919982910156,244.67999267578125,246.0,242.52000427246094,245.63999938964844,721700
2022-06-07,229.38034057617188,249.39999389648438,250.0500030517578,238.41000366210938,239.55999755859375,1088100
2022-06-08,223.3193359375,242.80999755859375,248.11000061035156,241.94000244140625,247.07000732421875,939900
2022-06-09,218.38958740234375,237.4499969482422,243.6300048828125,237.19000244140625,241.74000549316406,846200
2022-06-10,210.94898986816406,229.36000061035156,234.05999755859375,228.0500030517578,232.5500030517578,1341400
2022-06-13,205.16384887695312,223.07000732421875,227.0500030517578,221.72000122070312,224.6699981689453,1425700
2022-06-14,204.9247283935547,222.80999755859375,228.6300048828125,221.44000244140625,225.32000732421875,1215200
2022-06-15,206.4790802001953,224.5,228.9199981689453,220.85000610351562,225.00999450683594,1134200
2022-06-16,204.90638732910156,222.7899932861328,224.61000061035156,219.30999755859375,219.50999450683594,1582600
2022-06-17,203.69232177734375,221.47000122070312,223.3300018310547,220.0500030517578,220.07000732421875,2192800
2022-06-21,206.2031707763672,224.1999969482422,226.82000732421875,223.17999267578125,225.24000549316406,1057200
2022-06-22,206.1479949951172,224.13999938964844,226.16000366210938,221.22999572753906,221.22999572753906,1118600
2022-06-23,203.89466857910156,221.69000244140625,225.91000366210938,220.0800018310547,224.83999633789062,1106000
2022-06-24,211.93312072753906,230.42999267578125,231.0800018310547,222.5,222.5,1486600
2022-06-27,209.44979858398438,227.72999572753906,231.0399932861328,226.6300048828125,230.6999969482422,973000
2022-06-28,208.21737670898438,226.38999938964844,233.8800048828125,226.0,231.14999389648438,945000
2022-06-29,208.89794921875,227.1300048828125,228.4499969482422,223.22000122070312,227.19000244140625,751700
2022-06-30,209.04515075683594,227.2899932861328,228.13999938964844,223.1999969482422,224.60000610351562,1091300
2022-07-01,210.20399475097656,228.5500030517578,230.25999450683594,224.63999938964844,227.10000610351562,698200
2022-07-05,206.1847686767578,224.17999267578125,227.1699981689453,221.47000122070312,225.66000366210938,932500
2022-07-06,207.6195831298828,225.74000549316406,227.27999877929688,223.49000549316406,223.88999938964844,1075500
2022-07-07,210.387939453125,228.75,229.1699981689453,225.0399932861328,226.1300048828125,767300
2022-07-08,208.04261779785156,226.1999969482422,229.16000366210938,222.3699951171875,228.35000610351562,899900
2022-07-11,207.4632568359375,225.57000732421875,227.50999450683594,224.3000030517578,224.72000122070312,983100
2022-07-12,204.51084899902344,222.36000061035156,224.0,219.69000244140625,221.47999572753906,1363200
2022-07-13,203.69232177734375,221.47000122070312,223.61000061035156,217.88999938964844,219.35000610351562,1118700
2022-07-14,203.9038543701172,221.6999969482422,222.02000427246094,217.0,217.5500030517578,941300
2022-07-15,209.5969696044922,227.88999938964844,230.3000030517578,225.4499969482422,228.9499969482422,3217900
2022-07-18,210.67306518554688,229.05999755859375,232.24000549316406,228.47000122070312,229.4499969482422,955000
2022-07-19,217.230712890625,236.19000244140625,236.50999450683594,230.25,231.3300018310547,1049400
2022-07-20,218.77586364746094,237.8699951171875,238.5,234.08999633789062,236.1999969482422,1358400
2022-07-21,222.67550659179688,242.11000061035156,243.3699951171875,237.52999877929688,237.52999877929688,1455100
2022-07-22,223.58604431152344,243.10000610351562,245.25,241.32000732421875,242.30999755859375,1064400
2022-07-25,227.0810089111328,246.89999389648438,247.02999877929688,241.75999450683594,242.5399932861328,1002600
2022-07-26,224.974853515625,244.61000061035156,247.72000122070312,244.1699981689453,245.50999450683594,1097300
2022-07-27,223.71481323242188,243.24000549316406,244.57000732421875,236.1199951171875,241.47000122070312,2024500
2022-07-28,225.1772003173828,244.8300018310547,245.97000122070312,240.9199981689453,245.6999969482422,1257100
2022-07-29,231.00823974609375,251.1699981689453,252.10000610351562,244.88999938964844,245.30999755859375,1280800
2022-08-01,232.70053100585938,253.00999450683594,254.44000244140625,247.97000122070312,249.02999877929688,1150800
2022-08-02,228.11111450195312,248.02000427246094,252.55999755859375,247.7899932861328,252.55999755859375,1446700
2022-08-03,230.20809936523438,250.3000030517578,251.3699951171875,249.02000427246094,249.13999938964844,758600
2022-08-04,230.78750610351562,250.92999267578125,253.10000610351562,249.74000549316406,250.6199951171875,1467800
2022-08-05,232.01686096191406,251.02000427246094,251.5399932861328,247.77000427246094,248.17999267578125,627600
2022-08-08,230.833740234375,249.74000549316406,254.16000366210938,249.61000061035156,252.75,1220900
2022-08-09,230.46400451660156,249.33999633789062,251.58999633789062,249.07000732421875,250.0,701900
2022-08-10,238.07101440429688,257.57000732421875,258.75,252.6300048828125,253.72000122070312,1352300
2022-08-11,240.51112365722656,260.2099914550781,264.1099853515625,259.07000732421875,259.07000732421875,1140500
2022-08-12,242.01773071289062,261.8399963378906,261.95001220703125,260.17999267578125,261.1000061035156,863500
2022-08-15,237.599609375,257.05999755859375,261.3599853515625,256.739990234375,260.6700134277344,1127000
2022-08-16,238.10797119140625,257.6099853515625,259.0400085449219,255.61000061035156,255.8300018310547,1456500
2022-08-17,238.2835693359375,257.79998779296875,258.30999755859375,253.6300048828125,255.0500030517578,949900
2022-08-18,239.02304077148438,258.6000061035156,259.239990234375,256.7200012207031,258.42999267578125,729600
2022-08-19,236.38876342773438,255.75,257.8900146484375,255.11000061035156,257.3999938964844,822000
2022-08-22,237.4609375,256.9100036621094,257.3299865722656,251.4199981689453,252.86000061035156,1296600
2022-08-23,238.74569702148438,258.29998779296875,259.20001220703125,255.97999572753906,256.739990234375,985500
2022-08-24,240.1506805419922,259.82000732421875,261.04998779296875,257.8699951171875,258.25,1185900
2022-08-25,243.08067321777344,262.989990234375,263.3800048828125,260.6700134277344,261.57000732421875,726400
2022-08-26,233.83770751953125,252.99000549316406,264.2200012207031,252.8800048828125,262.8800048828125,816500
2022-08-29,232.7840118408203,251.85000610351562,254.97999572753906,250.55999755859375,251.97999572753906,906900
2022-08-30,226.24000549316406,244.77000427246094,251.8800048828125,242.1300048828125,251.80999755859375,1858700
2022-08-31,224.7241668701172,243.1300048828125,245.99000549316406,242.74000549316406,245.99000549316406,1431700
2022-09-01,222.87557983398438,241.1300048828125,242.16000366210938,239.19000244140625,241.27999877929688,2038600
2022-09-02,221.14712524414062,239.25999450683594,244.0800018310547,237.8000030517578,243.91000366210938,1881700
2022-09-06,221.74794006347656,239.91000366210938,242.57000732421875,236.52999877929688,237.00999450683594,1379300
2022-09-07,224.80734252929688,243.22000122070312,244.05999755859375,238.7100067138672,238.7100067138672,1199600
2022-09-08,227.3121795654297,245.92999267578125,246.05999755859375,241.83999633789062,242.52999877929688,856100
2022-09-09,230.93545532226562,249.85000610351562,250.75999450683594,247.17999267578125,247.17999267578125,1581200
2022-09-12,231.6101531982422,250.5800018310547,252.17999267578125,248.74000549316406,251.5800018310547,1138900
2022-09-13,224.88128662109375,243.3000030517578,248.25,242.3000030517578,246.2100067138672,1112000
2022-09-14,220.01947021484375,238.0399932861328,242.66000366210938,233.10000610351562,242.2899932861328,2008700
2022-09-15,220.77743530273438,238.86000061035156,244.52000427246094,237.1300048828125,243.8699951171875,1378100
2022-09-16,216.266845703125,233.97999572753906,236.02000427246094,228.75999450683594,233.52000427246094,2843800
2022-09-19,218.2171173095703,236.08999633789062,237.19000244140625,232.38999938964844,233.00999450683594,921900
2022-09-20,212.20916748046875,229.58999633789062,234.07000732421875,227.44000244140625,232.6999969482422,1774900
2022-09-21,210.63783264160156,227.88999938964844,234.49000549316406,227.75999450683594,231.4499969482422,945900
2022-09-22,207.69862365722656,224.7100067138672,227.44000244140625,223.60000610351562,227.1199951171875,905900
2022-09-23,201.17306518554688,217.64999389648438,222.13999938964844,216.02999877929688,221.63999938964844,1410200
2022-09-26,198.50181579589844,214.75999450683594,217.5,212.69000244140625,216.3699951171875,1521000
2022-09-27,197.65151977539062,213.83999633789062,216.94000244140625,211.66000366210938,215.0,1266700
2022-09-28,200.3134765625,216.72000122070312,218.30999755859375,212.27000427246094,212.60000610351562,1215200
2022-09-29,198.3077850341797,214.5500030517578,216.14999389648438,212.5399932861328,214.39999389648438,990300
2022-09-30,193.7786865234375,209.64999389648438,214.7100067138672,209.58999633789062,214.0,1246300
2022-10-03,200.3874053955078,216.8000030517578,218.44000244140625,211.13999938964844,211.41000366210938,890100
2022-10-04,206.27520751953125,223.1699981689453,223.4600067138672,219.3300018310547,219.3300018310547,928500
2022-10-05,204.2879638671875,221.02000427246094,222.86000061035156,219.25,220.72000122070312,1013100
2022-10-06,202.35618591308594,218.92999267578125,221.80999755859375,218.1699981689453,220.10000610351562,785500
2022-10-07,198.32623291015625,214.57000732421875,217.05999755859375,212.97000122070312,215.92999267578125,987100
2022-10-10,196.1726531982422,212.24000549316406,217.0,212.10000610351562,216.6300048828125,977700
2022-10-11,196.68099975585938,212.7899932861328,215.2899932861328,210.1300048828125,210.75,1310500
2022-10-12,195.32229614257812,211.32000732421875,215.86000061035156,211.27000427246094,212.35000610351562,884700
2022-10-13,199.28753662109375,215.61000061035156,217.6199951171875,204.25999450683594,205.5399932861328,1117800
2022-10-14,197.32801818847656,213.49000549316406,218.63999938964844,213.19000244140625,217.50999450683594,978500
2022-10-17,202.5133056640625,219.10000610351562,219.3000030517578,216.55999755859375,216.69000244140625,1372000
2022-10-18,205.50804138183594,222.33999633789062,224.6199951171875,219.3800048828125,223.2100067138672,1806700
2022-10-19,201.14537048339844,217.6199951171875,221.6199951171875,217.50999450683594,221.0,1402700
2022-10-20,189.360595703125,204.8699951171875,217.1300048828125,203.64999389648438,213.60000610351562,3397700
2022-10-21,192.2905731201172,208.0399932861328,210.75999450683594,204.63999938964844,205.7899932861328,5178900
2022-10-24,197.0876922607422,213.22999572753906,214.5800018310547,209.9499969482422,210.4499969482422,1594300
2022-10-25,199.43539428710938,215.77000427246094,217.5800018310547,213.02000427246094,213.74000549316406,2527700
2022-10-26,205.30470275878906,222.1199951171875,226.72000122070312,218.22000122070312,220.5399932861328,2118900
2022-10-27,206.66342163085938,223.58999633789062,226.7899932861328,223.19000244140625,223.89999389648438,1534400
2022-10-28,211.79324340820312,229.13999938964844,229.74000549316406,223.8800048828125,224.52000427246094,1475300
2022-10-31,210.80426025390625,228.07000732421875,231.1300048828125,227.47999572753906,227.49000549316406,1783300
2022-11-01,212.57891845703125,229.99000549316406,231.5,227.77999877929688,230.1999969482422,1314400
2022-11-02,208.33636474609375,225.39999389648438,234.7100067138672,225.35000610351562,228.83999633789062,1206600
2022-11-03,211.1710968017578,227.2100067138672,229.50999450683594,221.02000427246094,221.64999389648438,1538800
2022-11-04,217.29588317871094,233.8000030517578,233.97999572753906,229.3000030517578,229.83999633789062,1661100
2022-11-07,218.99668884277344,235.6300048828125,236.5800018310547,233.24000549316406,234.97999572753906,1216000
2022-11-08,219.63796997070312,236.32000732421875,237.77999877929688,232.3699951171875,236.82000732421875,1280800
2022-11-09,214.26597595214844,230.5399932861328,235.80999755859375,230.02000427246094,235.08999633789062,1014400
2022-11-10,225.82785034179688,242.97999572753906,243.35000610351562,237.8800048828125,238.9199981689453,1034400
2022-11-11,233.1980743408203,250.91000366210938,252.7100067138672,244.57000732421875,246.35000610351562,1641100
2022-11-14,233.91372680664062,251.67999267578125,256.19000244140625,248.75,248.75,1546600
2022-11-15,230.62362670898438,248.13999938964844,254.94000244140625,245.55999755859375,254.72999572753906,1937200
2022-11-16,232.09207153320312,249.72000122070312,251.92999267578125,248.11000061035156,248.39999389648438,1406800
2022-11-17,228.2257537841797,245.55999755859375,247.0399932861328,241.94000244140625,245.47999572753906,1079800
2022-11-18,229.34097290039062,246.75999450683594,248.22000122070312,245.33999633789062,247.74000549316406,889300
2022-11-21,231.66456604003906,249.25999450683594,249.32000732421875,242.64999389648438,246.07000732421875,1113500
2022-11-22,233.3746795654297,251.10000610351562,253.91000366210938,248.5800018310547,250.8800048828125,1088200
2022-11-23,233.38394165039062,251.11000061035156,253.0800018310547,249.0399932861328,249.6699981689453,896400
2022-11-25,234.50852966308594,252.32000732421875,254.49000549316406,251.72000122070312,252.02999877929688,347500
2022-11-28,231.0046844482422,248.5500030517578,252.35000610351562,247.3699951171875,249.99000549316406,948800
2022-11-29,235.47511291503906,253.36000061035156,253.50999450683594,249.3699951171875,250.67999267578125,855200
2022-11-30,238.3934783935547,256.5,257.3500061035156,249.1699981689453,252.8800048828125,1577900
2022-12-01,238.2633514404297,256.3599853515625,258.9800109863281,253.91000366210938,258.3500061035156,1314400
2022-12-02,236.13502502441406,254.07000732421875,255.5500030517578,250.3800048828125,252.83999633789062,1127600
2022-12-05,229.8521728515625,247.30999755859375,251.6999969482422,247.17999267578125,251.2899932861328,1181100
2022-12-06,225.42823791503906,242.5500030517578,248.1300048828125,236.92999267578125,247.3300018310547,1756500
2022-12-07,224.49880981445312,241.5500030517578,244.5500030517578,240.27999877929688,242.47000122070312,1445100
2022-12-08,228.32797241210938,245.6699981689453,246.50999450683594,242.50999450683594,242.77000427246094,897800
2022-12-09,226.82232666015625,244.0500030517578,246.25,243.9499969482422,245.02999877929688,697400
2022-12-12,235.18702697753906,253.0500030517578,253.38999938964844,244.02000427246094,245.16000366210938,1402500
2022-12-13,239.72251892089844,257.92999267578125,261.05999755859375,255.19000244140625,259.3699951171875,1929500
2022-12-14,240.17791748046875,258.4200134277344,261.7099914550781,256.3500061035156,257.510009765625,1482100
2022-12-15,234.4806671142578,252.2899932861328,256.19000244140625,250.74000549316406,254.6300048828125,1316000
2022-12-16,232.9099578857422,250.60000610351562,251.05999755859375,246.1300048828125,248.27999877929688,2077400
2022-12-19,229.56407165527344,247.0,252.22000122070312,245.3699951171875,250.8300018310547,1036200
2022-12-20,225.77207946777344,242.9199981689453,246.47999572753906,240.6699981689453,246.10000610351562,1369300
2022-12-21,229.28524780273438,246.6999969482422,246.72000122070312,243.00999450683594,245.17999267578125,1144600
2022-12-22,228.12351989746094,245.4499969482422,245.55999755859375,242.72000122070312,244.7100067138672,927600
2022-12-23,230.0287628173828,247.5,248.5,244.89999389648438,244.89999389648438,545300
2022-12-27,231.90618896484375,249.52000427246094,250.07000732421875,247.0,248.10000610351562,750000
2022-12-28,228.4394989013672,245.7899932861328,250.41000366210938,245.4499969482422,249.72999572753906,560500
2022-12-29,230.68865966796875,248.2100067138672,249.47999572753906,246.16000366210938,247.24000549316406,520000
2022-12-30,229.02503967285156,246.4199981689453,247.69000244140625,243.94000244140625,246.6699981689453,637500
2023-01-03,230.2146759033203,247.6999969482422,248.3000030517578,244.6999969482422,247.11000061035156,941600
2023-01-04,233.1887969970703,250.89999389648438,251.5,246.22999572753906,246.52000427246094,988100
2023-01-05,230.0101776123047,247.47999572753906,250.9499969482422,246.7899932861328,249.36000061035156,982600
2023-01-06,237.73361206054688,255.7899932861328,256.6000061035156,248.5500030517578,250.42999267578125,897100
2023-01-09,236.28370666503906,254.22999572753906,257.5,253.02999877929688,256.489990234375,1098800
2023-01-10,236.67405700683594,254.64999389648438,254.86000061035156,251.1300048828125,254.11000061035156,618300
2023-01-11,238.0588836669922,256.1400146484375,256.3800048828125,252.6699981689453,256.2799987792969,800200
2023-01-12,236.2279510498047,254.1699981689453,257.5899963378906,254.0800018310547,257.5899963378906,1127100
2023-01-13,237.1201629638672,255.1300048828125,255.83999633789062,251.5399932861328,251.72000122070312,929300
2023-01-17,238.5421600341797,256.6600036621094,259.57000732421875,253.86000061035156,256.3999938964844,1526400
2023-01-18,236.69265747070312,254.6699981689453,260.20001220703125,254.0,256.8900146484375,1237300
2023-01-19,232.2407684326172,249.8800048828125,253.8000030517578,249.25999450683594,253.27999877929688,985900
2023-01-20,235.7539520263672,253.66000366210938,254.41000366210938,249.47999572753906,250.94000244140625,3083900
2023-01-23,238.3377227783203,256.44000244140625,259.6700134277344,252.4600067138672,252.67999267578125,1397900
2023-01-24,237.81723022460938,255.8800048828125,257.760009765625,250.16000366210938,253.1300048828125,1429900
2023-01-25,225.81858825683594,242.97000122070312,251.92999267578125,240.1699981689453,251.25,2644000
2023-01-26,224.1549072265625,241.17999267578125,245.41000366210938,235.4199981689453,243.86000061035156,1676500
2023-01-27,221.9521942138672,238.80999755859375,244.66000366210938,237.74000549316406,241.22000122070312,1690900
2023-01-30,221.3946075439453,238.2100067138672,240.94000244140625,237.1699981689453,237.1699981689453,1070100
2023-01-31,228.4580841064453,245.80999755859375,245.97999572753906,238.3699951171875,238.9199981689453,2112800
2023-02-01,231.22772216796875,248.7899932861328,250.27000427246094,242.72999572753906,244.27000427246094,1093500
2023-02-02,238.14283752441406,254.83999633789062,255.89999389648438,247.6699981689453,247.97000122070312,1142800
2023-02-03,235.60110473632812,252.1199951171875,255.32000732421875,250.92999267578125,252.6199951171875,1048100
2023-02-06,230.31195068359375,246.4600067138672,250.60000610351562,245.75999450683594,250.30999755859375,1070800
2023-02-07,231.44264221191406,247.6699981689453,248.50999450683594,243.57000732421875,245.0,1146600
2023-02-08,230.46145629882812,246.6199951171875,248.3300018310547,245.02000427246094,246.30999755859375,826700
2023-02-09,223.32203674316406,238.97999572753906,248.94000244140625,238.85000610351562,247.92999267578125,1109200
2023-02-10,226.71421813964844,242.61000061035156,242.67999267578125,237.6300048828125,238.0,1193500
2023-02-13,224.0041961669922,239.7100067138672,242.91000366210938,236.19000244140625,236.97999572753906,2889300
2023-02-14,219.8644256591797,235.27999877929688,239.00999450683594,231.42999267578125,239.00999450683594,2941500
2023-02-15,222.67723083496094,238.2899932861328,238.64999389648438,228.94000244140625,232.32000732421875,2207500
2023-02-16,214.9490966796875,230.02000427246094,237.8300018310547,230.0,235.25999450683594,3169500
2023-02-17,213.20159912109375,228.14999389648438,232.6199951171875,226.5,228.60000610351562,5012400
2023-02-21,209.83749389648438,224.5500030517578,228.4499969482422,222.39999389648438,227.0,2837500
2023-02-22,207.4452362060547,221.99000549316406,226.94000244140625,220.02999877929688,225.22000122070312,2384900
2023-02-23,209.19268798828125,223.86000061035156,224.6300048828125,220.25999450683594,224.13999938964844,1968200
2023-02-24,210.04307556152344,224.77000427246094,225.0,220.49000549316406,220.94000244140625,1503900
2023-02-27,210.54769897460938,225.30999755859375,232.5,224.97999572753906,228.0,1755200
2023-02-28,210.08981323242188,224.82000732421875,227.9199981689453,223.35000610351562,224.38999938964844,1573200
2023-03-01,210.64112854003906,225.41000366210938,226.8800048828125,224.00999450683594,224.16000366210938,1096900
2023-03-02,213.63148498535156,228.61000061035156,229.77000427246094,223.55999755859375,223.67999267578125,1198900
2023-03-03,213.42588806152344,228.38999938964844,229.42999267578125,226.7899932861328,229.1699981689453,1499400
2023-03-06,207.84703063964844,222.4199981689453,227.8699951171875,222.33999633789062,227.63999938964844,1538100
2023-03-07,201.08135986328125,215.17999267578125,221.52999877929688,214.30999755859375,221.25,2692500
2023-03-08,202.1373748779297,216.30999755859375,217.1300048828125,214.4199981689453,214.92999267578125,1574500
2023-03-09,199.24049377441406,213.2100067138672,216.8800048828125,212.22000122070312,216.77999877929688,1622600
2023-03-10,196.6613006591797,210.4499969482422,217.82000732421875,209.64999389648438,213.36000061035156,1630300
2023-03-13,194.02609252929688,207.6300048828125,212.94000244140625,207.42999267578125,208.61000061035156,1873000
2023-03-14,194.4466094970703,208.0800018310547,212.1300048828125,205.27000427246094,210.99000549316406,1501800
2023-03-15,191.73658752441406,205.17999267578125,207.75,202.99000549316406,204.8300018310547,2039300
2023-03-16,193.84854125976562,207.44000244140625,208.5399932861328,202.39999389648438,202.91000366210938,1980800
2023-03-17,190.5404815673828,203.89999389648438,208.02000427246094,202.6999969482422,207.86000061035156,2713800
2023-03-20,191.8767852783203,205.3300018310547,206.3300018310547,203.9199981689453,204.42999267578125,1131200
2023-03-21,191.93283081054688,205.38999938964844,208.97000122070312,204.27999877929688,207.3800048828125,1823200
2023-03-22,187.43800354003906,200.5800018310547,206.91000366210938,200.32000732421875,205.41000366210938,1636300
2023-03-23,186.35403442382812,199.4199981689453,202.69000244140625,198.2899932861328,201.30999755859375,1647500
2023-03-24,187.13893127441406,200.25999450683594,200.64999389648438,196.3300018310547,197.49000549316406,1398000
2023-03-27,189.634033203125,202.92999267578125,203.32000732421875,200.60000610351562,202.02999877929688,1174000
2023-03-28,191.1852569580078,204.58999633789062,204.72000122070312,201.97999572753906,202.14999389648438,1571300
2023-03-29,193.67098999023438,207.25,207.74000549316406,205.7899932861328,207.0399932861328,1343700
2023-03-30,195.1567840576172,208.83999633789062,210.63999938964844,207.77000427246094,209.30999755859375,997500
2023-03-31,198.10977172851562,212.0,212.6699981689453,209.0,209.42999267578125,1451700
2023-04-03,195.1007537841797,208.77999877929688,212.0399932861328,207.47000122070312,210.69000244140625,1111300
2023-04-04,191.58709716796875,205.02000427246094,210.3800048828125,204.0,210.08999633789062,2551900
2023-04-05,189.73680114746094,203.0399932861328,205.6999969482422,202.66000366210938,205.0,2342800
2023-04-06,191.95155334472656,205.41000366210938,205.8000030517578,202.1199951171875,203.3699951171875,3111500
2023-04-10,189.0546417236328,202.30999755859375,204.88999938964844,201.9199981689453,203.6300048828125,2572200
2023-04-11,192.33468627929688,205.82000732421875,206.82000732421875,203.69000244140625,203.77999877929688,2325700
2023-04-12,192.8019256591797,206.32000732421875,208.75999450683594,205.63999938964844,207.24000549316406,1080200
2023-04-13,193.4186553955078,206.97999572753906,207.63999938964844,204.9600067138672,206.82000732421875,1393100
2023-04-14,193.9886932373047,207.58999633789062,209.5399932861328,206.52999877929688,207.24000549316406,1432800
2023-04-17,195.96981811523438,209.7100067138672,210.0,207.39999389648438,208.3300018310547,1283700
2023-04-18,195.95111083984375,209.69000244140625,211.89999389648438,209.10000610351562,210.02000427246094,1305200
2023-04-19,196.09127807617188,209.83999633789062,210.47999572753906,208.4499969482422,208.5500030517578,1002700
2023-04-20,197.94154357910156,211.82000732421875,213.35000610351562,209.91000366210938,209.91000366210938,1109000
2023-04-21,197.7452850341797,211.61000061035156,215.17999267578125,211.42999267578125,212.5500030517578,3479600
2023-04-24,198.025634765625,211.91000366210938,213.00999450683594,210.9600067138672,211.33999633789062,1056800
2023-04-25,193.54946899414062,207.1199951171875,210.19000244140625,206.1699981689453,210.0,1301300
2023-04-26,187.8491973876953,201.02000427246094,207.75,200.27999877929688,205.0,1896600
2023-04-27,187.6996307373047,200.86000061035156,201.99000549316406,197.8300018310547,200.89999389648438,1478900
2023-04-28,189.72747802734375,203.02999877929688,205.6999969482422,199.5399932861328,199.63999938964844,1211500
2023-05-01,194.94187927246094,208.61000061035156,209.1999969482422,203.1699981689453,203.1699981689453,1766700
2023-05-02,190.5311279296875,203.88999938964844,208.2899932861328,202.38999938964844,207.4199981689453,1460000
2023-05-03,189.68072509765625,202.97999572753906,206.82000732421875,202.8300018310547,204.99000549316406,1143400
2023-05-04,191.8444366455078,203.92999267578125,203.97000122070312,199.49000549316406,200.72999572753906,1264900
2023-05-05,196.3505859375,208.72000122070312,210.75,205.0800018310547,205.50999450683594,1183100
2023-05-08,194.80776977539062,207.0800018310547,210.97000122070312,206.72999572753906,209.9199981689453,1414000
2023-05-09,195.9554443359375,208.3000030517578,208.94000244140625,204.66000366210938,206.32000732421875,1194200
2023-05-10,196.14364624023438,208.5,210.47999572753906,206.00999450683594,209.7899932861328,1591400
2023-05-11,197.84634399414062,210.30999755859375,211.30999755859375,207.0500030517578,209.27000427246094,1802600
2023-05-12,199.35150146484375,211.91000366210938,212.02000427246094,209.61000061035156,211.41000366210938,1250700
2023-05-15,200.30165100097656,212.9199981689453,214.57000732421875,210.99000549316406,212.5500030517578,1312700
2023-05-16,199.8689422607422,212.4600067138672,213.66000366210938,211.74000549316406,213.25999450683594,1157600
2023-05-17,202.23959350585938,214.97999572753906,216.77000427246094,213.13999938964844,213.85000610351562,1374000
2023-05-18,203.3590545654297,216.1699981689453,216.66000366210938,208.6699981689453,214.08999633789062,2225000
2023-05-19,204.83602905273438,217.74000549316406,218.75,216.02999877929688,217.8000030517578,2127000
2023-05-22,205.306396484375,218.24000549316406,223.99000549316406,217.19000244140625,223.94000244140625,1875400
2023-05-23,201.31765747070312,214.0,218.5,212.3000030517578,217.22999572753906,2378300
2023-05-24,198.4766387939453,210.97999572753906,214.85000610351562,209.5500030517578,212.64999389648438,1418300
2023-05-25,198.7024383544922,211.22000122070312,212.27999877929688,209.91000366210938,210.22999572753906,1041300
2023-05-26,198.0909423828125,210.57000732421875,212.0399932861328,209.47000122070312,211.22000122070312,1145000
2023-05-30,198.6741943359375,211.19000244140625,211.47000122070312,207.89999389648438,210.63999938964844,851500
2023-05-31,195.84255981445312,208.17999267578125,210.35000610351562,206.9199981689453,209.3699951171875,1596900
2023-06-01,199.63375854492188,212.2100067138672,212.52999877929688,208.92999267578125,209.5500030517578,922900
2023-06-02,203.07684326171875,215.8699951171875,217.99000549316406,213.08999633789062,214.22999572753906,1052800
2023-06-05,201.64694213867188,214.35000610351562,215.82000732421875,213.6699981689453,215.82000732421875,816200
2023-06-06,199.62432861328125,212.1999969482422,214.60000610351562,210.92999267578125,213.2899932861328,1118100
2023-06-07,205.2311553955078,218.16000366210938,218.44000244140625,210.5399932861328,212.13999938964844,1591400
2023-06-08,204.71372985839844,217.61000061035156,218.1199951171875,214.2899932861328,217.99000549316406,1079000
2023-06-09,203.3684844970703,216.17999267578125,219.16000366210938,215.19000244140625,218.00999450683594,975600
2023-06-12,203.14268493652344,215.94000244140625,216.38999938964844,212.4600067138672,215.64999389648438,809000
2023-06-13,205.3251953125,218.25999450683594,218.47999572753906,214.72999572753906,215.89999389648438,1091200
2023-06-14,208.27911376953125,221.39999389648438,225.7100067138672,218.47000122070312,219.3300018310547,1700200
2023-06-15,210.06654357910156,223.3000030517578,224.14999389648438,220.7100067138672,220.7100067138672,1052800
2023-06-16,210.85675048828125,224.13999938964844,226.0,223.64999389648438,225.6699981689453,1996900
2023-06-20,207.33837890625,220.39999389648438,223.17999267578125,220.02999877929688,221.74000549316406,870500
2023-06-21,207.70529174804688,220.7899932861328,222.35000610351562,218.75,219.22999572753906,984700
2023-06-22,207.06558227539062,220.11000061035156,221.05999755859375,219.35000610351562,220.72000122070312,624000
2023-06-23,205.0806121826172,218.0,219.1199951171875,216.3800048828125,218.72999572753906,1186700
2023-06-26,208.7024688720703,221.85000610351562,222.8800048828125,218.52000427246094,218.72000122070312,1030500
2023-06-27,209.3985595703125,222.58999633789062,224.6300048828125,221.32000732421875,222.0399932861328,940400
2023-06-28,209.93482971191406,223.16000366210938,223.8300018310547,220.00999450683594,222.22000122070312,859200
2023-06-29,212.5876922607422,225.97999572753906,226.10000610351562,221.75,222.36000061035156,867000
2023-06-30,213.32144165039062,226.75999450683594,227.58999633789062,223.97000122070312,227.1300048828125,1458200
2023-07-03,215.31582641601562,228.8800048828125,229.82000732421875,224.24000549316406,225.05999755859375,561800
2023-07-05,213.72598266601562,227.19000244140625,227.50999450683594,225.42999267578125,226.11000061035156,1235800
2023-07-06,213.7448272705078,227.2100067138672,227.9600067138672,224.30999755859375,225.0,1306800
2023-07-07,213.28382873535156,226.72000122070312,229.02999877929688,226.00999450683594,226.58999633789062,786400
2023-07-10,215.36285400390625,228.92999267578125,229.02999877929688,226.74000549316406,226.74000549316406,842200
2023-07-11,218.26976013183594,232.02000427246094,232.6199951171875,229.63999938964844,231.4600067138672,1206300
2023-07-12,217.28201293945312,230.97000122070312,233.8300018310547,230.58999633789062,233.7899932861328,1138300
2023-07-13,219.68087768554688,233.52000427246094,233.9199981689453,230.8300018310547,231.55999755859375,777800
2023-07-14,220.86618041992188,234.77999877929688,234.86000061035156,232.86000061035156,233.57000732421875,948200
2023-07-17,219.3610076904297,233.17999267578125,234.39999389648438,231.39999389648438,234.39999389648438,882200
2023-07-18,221.2048797607422,235.13999938964844,235.52999877929688,232.4600067138672,233.0,803000
2023-07-19,223.34031677246094,237.41000366210938,237.80999755859375,234.99000549316406,235.0,809200
2023-07-20,223.4155731201172,237.49000549316406,238.8300018310547,236.0800018310547,238.49000549316406,992800
2023-07-21,219.20106506347656,233.00999450683594,235.0,227.41000366210938,232.94000244140625,2689900
2023-07-24,221.42120361328125,235.3699951171875,236.4600067138672,232.97999572753906,232.97999572753906,966700
2023-07-25,223.12393188476562,237.17999267578125,237.5500030517578,233.97999572753906,234.6699981689453,1056100
2023-07-26,222.8887481689453,236.92999267578125,239.0,234.11000061035156,238.75,2003600
2023-07-27,221.39297485351562,235.33999633789062,237.74000549316406,232.0500030517578,236.94000244140625,2041200
2023-07-28,222.634765625,236.66000366210938,237.89999389648438,234.6199951171875,236.22999572753906,1281600
2023-07-31,219.74668884277344,233.58999633789062,236.35000610351562,233.2100067138672,235.6999969482422,1130300
2023-08-01,220.10418701171875,233.97000122070312,235.5500030517578,232.25999450683594,233.22999572753906,992000
2023-08-02,216.57644653320312,230.22000122070312,233.30999755859375,229.77999877929688,232.9199981689453,1255600
2023-08-03,215.0718536376953,227.27999877929688,228.63999938964844,226.75999450683594,228.22999572753906,951800
2023-08-04,212.57363891601562,224.63999938964844,229.30999755859375,223.30999755859375,226.8800048828125,1772600
2023-08-07,212.23297119140625,224.27999877929688,226.36000061035156,222.75999450683594,226.1300048828125,1110200
2023-08-08,207.78541564941406,219.5800018310547,222.99000549316406,219.1699981689453,222.64999389648438,1789200
2023-08-09,206.290283203125,218.0,219.36000061035156,217.3800048828125,219.2100067138672,1400400
2023-08-10,205.8076934814453,217.49000549316406,219.50999450683594,216.91000366210938,218.77000427246094,967500
2023-08-11,204.3125762939453,215.91000366210938,216.97000122070312,214.6999969482422,216.57000732421875,1192700
2023-08-14,203.85833740234375,215.42999267578125,215.74000549316406,213.0800018310547,214.6999969482422,834300
2023-08-15,197.63180541992188,208.85000610351562,214.63999938964844,208.49000549316406,214.63999938964844,1467300
2023-08-16,196.4867706298828,207.63999938964844,210.3800048828125,207.0,208.55999755859375,1008000
2023-08-17,197.2911376953125,208.49000549316406,210.99000549316406,207.8800048828125,207.91000366210938,980700
2023-08-18,200.7166748046875,212.11000061035156,212.94000244140625,207.63999938964844,207.63999938964844,1184700
2023-08-21,198.80516052246094,210.08999633789062,212.49000549316406,209.24000549316406,211.0399932861328,1170700
2023-08-22,197.50877380371094,208.72000122070312,211.4600067138672,207.66000366210938,210.66000366210938,817700
2023-08-23,199.2877655029297,210.60000610351562,210.82000732421875,208.61000061035156,208.72000122070312,626000
2023-08-24,197.35736083984375,208.55999755859375,211.27999877929688,208.47000122070312,209.8000030517578,629700
2023-08-25,199.33509826660156,210.64999389648438,211.55999755859375,208.85000610351562,209.60000610351562,668000
2023-08-28,199.85556030273438,211.1999969482422,214.52999877929688,210.0500030517578,210.0500030517578,882000
2023-08-29,196.57191467285156,207.72999572753906,211.3300018310547,207.32000732421875,210.9499969482422,1603500
2023-08-30,198.18060302734375,209.42999267578125,211.1199951171875,208.27000427246094,208.5800018310547,1234200
2023-08-31,193.99803161621094,205.00999450683594,209.5800018310547,204.88999938964844,209.5800018310547,1320400
2023-09-01,195.2944793701172,206.3800048828125,208.63999938964844,204.7899932861328,206.0800018310547,962600
2023-09-05,190.28858947753906,201.08999633789062,205.39999389648438,200.80999755859375,205.39999389648438,1628000
2023-09-06,187.7620086669922,198.4199981689453,201.8000030517578,197.72000122070312,201.1699981689453,1356800
2023-09-07,185.65179443359375,196.19000244140625,199.6199951171875,195.66000366210938,197.92999267578125,1246000
2023-09-08,185.13134765625,195.63999938964844,197.85000610351562,194.60000610351562,196.4199981689453,1071100
2023-09-11,185.44361877441406,195.97000122070312,197.69000244140625,195.41000366210938,196.8300018310547,1028600
2023-09-12,187.88504028320312,198.5500030517578,199.57000732421875,194.0500030517578,195.05999755859375,1520900
2023-09-13,189.9479217529297,200.72999572753906,201.5800018310547,197.1199951171875,198.74000549316406,1500200
2023-09-14,195.5026397705078,206.60000610351562,206.97999572753906,202.24000549316406,202.61000061035156,1587000
2023-09-15,193.07069396972656,204.02999877929688,206.67999267578125,203.2100067138672,205.97000122070312,1668600
2023-09-18,193.16531372070312,204.1300048828125,205.75,202.05999755859375,204.38999938964844,931000
2023-09-19,191.0645751953125,201.91000366210938,204.89999389648438,199.5,203.55999755859375,1116500
2023-09-20,194.26300048828125,205.2899932861328,206.64999389648438,202.86000061035156,202.86000061035156,1585900
2023-09-21,190.4683837890625,201.27999877929688,204.38999938964844,201.1199951171875,204.14999389648438,1162000
2023-09-22,191.62286376953125,202.5,204.86000061035156,200.64999389648438,200.6699981689453,1059300
2023-09-25,191.98245239257812,202.8800048828125,203.30999755859375,201.2899932861328,201.2899932861328,1100300
2023-09-26,187.6200714111328,198.27000427246094,202.32000732421875,198.1699981689453,201.58999633789062,931200
2023-09-27,185.68020629882812,196.22000122070312,199.88999938964844,194.38999938964844,199.2100067138672,1028600
2023-09-28,186.77789306640625,197.3800048828125,199.00999450683594,195.36000061035156,196.08999633789062,986700
2023-09-29,186.35203552246094,196.92999267578125,199.52999877929688,196.30999755859375,199.27999877929688,740300
2023-10-02,181.2137451171875,191.5,192.00999450683594,186.82000732421875,189.1699981689453,2073300
2023-10-03,182.08432006835938,192.4199981689453,194.63999938964844,190.0,190.0800018310547,989400
2023-10-04,182.59530639648438,192.9600067138672,194.0,190.80999755859375,192.1300048828125,820200
2023-10-05,180.44720458984375,190.69000244140625,192.83999633789062,188.6300048828125,192.08999633789062,1037700
2023-10-06,181.22317504882812,191.50999450683594,193.5800018310547,188.5,189.42999267578125,1157600
2023-10-09,185.23544311523438,195.75,196.9199981689453,191.3300018310547,191.50999450683594,1143300
2023-10-10,190.0236358642578,200.80999755859375,201.1699981689453,196.6199951171875,197.22000122070312,1430900
2023-10-11,191.14974975585938,202.0,203.39999389648438,200.5500030517578,201.00999450683594,1109300
2023-10-12,190.1844940185547,200.97999572753906,202.5,198.27999877929688,202.3800048828125,1062300
2023-10-13,190.14666748046875,200.94000244140625,204.11000061035156,200.55999755859375,201.7100067138672,752100
2023-10-16,196.40159606933594,207.5500030517578,210.1699981689453,201.9199981689453,202.55999755859375,2043100
2023-10-17,196.6665802001953,207.8300018310547,210.24000549316406,206.4199981689453,206.4199981689453,1021600
2023-10-18,192.51239013671875,203.44000244140625,207.0800018310547,203.2899932861328,206.3800048828125,911000
2023-10-19,189.34230041503906,200.08999633789062,206.08999633789062,199.9199981689453,205.52000427246094,1226300
2023-10-20,190.86582946777344,201.6999969482422,203.27000427246094,199.5500030517578,200.41000366210938,1246400
2023-10-23,186.32366943359375,196.89999389648438,201.5399932861328,196.39999389648438,200.3699951171875,1450700
2023-10-24,185.69912719726562,196.24000549316406,199.0399932861328,194.33999633789062,198.14999389648438,1667800
2023-10-25,175.81044006347656,185.7899932861328,195.0,183.08999633789062,186.0500030517578,2553600
2023-10-26,175.34678649902344,185.3000030517578,189.7100067138672,184.5399932861328,186.11000061035156,1706700
2023-10-27,174.61810302734375,184.52999877929688,186.77999877929688,183.75999450683594,184.14999389648438,1202100
2023-10-30,177.49484252929688,187.57000732421875,189.57000732421875,184.6199951171875,185.47999572753906,1127800
2023-10-31,180.5418701171875,190.7899932861328,191.9199981689453,187.75,188.25999450683594,989600
2023-11-01,179.97409057617188,190.19000244140625,192.80999755859375,189.0,191.5800018310547,958900
2023-11-02,182.852294921875,191.86000061035156,192.97999572753906,190.00999450683594,190.6199951171875,1215300
2023-11-03,185.42552185058594,194.55999755859375,195.82000732421875,193.85000610351562,194.72999572753906,985900
2023-11-06,186.11170959472656,195.27999877929688,196.02999877929688,192.52999877929688,194.4600067138672,1428500
2023-11-07,185.27304077148438,194.39999389648438,195.27000427246094,193.0,194.38999938964844,1037800
2023-11-08,185.66380310058594,194.80999755859375,195.97999572753906,194.22000122070312,195.52000427246094,1504400
2023-11-09,184.7107391357422,193.80999755859375,196.0,193.14999389648438,195.66000366210938,918700
2023-11-10,187.63661193847656,196.8800048828125,197.19000244140625,193.82000732421875,194.5800018310547,1214300
2023-11-13,189.7238006591797,199.07000732421875,199.36000061035156,195.75999450683594,195.97000122070312,1598400
2023-11-14,194.5366973876953,204.1199951171875,206.49000549316406,201.44000244140625,201.8000030517578,1314400
2023-11-15,197.29100036621094,207.00999450683594,209.1300048828125,204.89999389648438,204.89999389648438,1253900
2023-11-16,198.55857849121094,208.33999633789062,208.99000549316406,205.6999969482422,208.0,1187900
2023-11-17,201.1317901611328,211.0399932861328,211.6199951171875,208.22999572753906,210.0,1219300
2023-11-20,202.16110229492188,212.1199951171875,212.55999755859375,208.61000061035156,210.50999450683594,1682800
2023-11-21,203.0950927734375,213.10000610351562,213.30999755859375,209.55999755859375,211.82000732421875,1169300
2023-11-22,203.8670654296875,213.91000366210938,214.55999755859375,212.4600067138672,214.17999267578125,923900
2023-11-24,205.7255096435547,215.86000061035156,216.11000061035156,213.39999389648438,214.2100067138672,606000
2023-11-27,201.932373046875,211.8800048828125,214.82000732421875,211.1300048828125,214.61000061035156,1619200
2023-11-28,202.42796325683594,212.39999389648438,215.11000061035156,212.27999877929688,212.64999389648438,988600
2023-11-29,204.9821319580078,215.0800018310547,215.5,211.8000030517578,212.92999267578125,972200
2023-11-30,207.91754150390625,218.16000366210938,218.47999572753906,214.32000732421875,216.0800018310547,2078800
2023-12-01,215.83737182617188,226.47000122070312,226.9499969482422,220.1199951171875,222.0,1385700
2023-12-04,217.32412719726562,228.02999877929688,229.24000549316406,225.00999450683594,225.69000244140625,1444400
2023-12-05,213.39756774902344,223.91000366210938,226.97000122070312,223.50999450683594,226.6300048828125,921900
2023-12-06,217.37179565429688,228.0800018310547,228.74000549316406,223.8699951171875,225.11000061035156,1877300
2023-12-07,216.71420288085938,227.38999938964844,229.11000061035156,225.25999450683594,229.0399932861328,924800
2023-12-08,210.62417602539062,221.0,227.63999938964844,220.8699951171875,227.4600067138672,1480600
2023-12-11,211.33897399902344,221.75,222.9600067138672,220.83999633789062,221.94000244140625,1106000
2023-12-12,211.83457946777344,222.27000427246094,223.1199951171875,221.02000427246094,222.0800018310547,1066200
2023-12-13,216.9238739013672,227.61000061035156,227.7899932861328,220.25999450683594,221.72000122070312,1012300
2023-12-14,222.79464721679688,233.77000427246094,233.88999938964844,227.08999633789062,227.88999938964844,1537100
2023-12-15,221.36505126953125,232.27000427246094,234.75,230.55999755859375,230.64999389648438,1920200
2023-12-18,221.28883361816406,232.19000244140625,236.02999877929688,232.07000732421875,233.55999755859375,841900
2023-12-19,222.65170288085938,233.6199951171875,233.88999938964844,230.77999877929688,232.44000244140625,916000
2023-12-20,218.9919891357422,229.77999877929688,235.69000244140625,229.52000427246094,231.4499969482422,793100
2023-12-21,223.4141387939453,234.4199981689453,234.66000366210938,229.55999755859375,229.55999755859375,927500
2023-12-22,223.12820434570312,234.1199951171875,236.57000732421875,233.57000732421875,234.9600067138672,793300
2023-12-26,225.24398803710938,236.33999633789062,237.63999938964844,234.05999755859375,234.1300048828125,927900
2023-12-27,224.47201538085938,235.52999877929688,236.64999389648438,234.6999969482422,235.17999267578125,648200
2023-12-28,225.42507934570312,236.52999877929688,236.9499969482422,235.41000366210938,235.9600067138672,552100
2023-12-29,225.28207397460938,236.3800048828125,237.22999572753906,235.1699981689453,236.5,686600
2024-01-02,224.59591674804688,235.66000366210938,238.24000549316406,234.24000549316406,235.57000732421875,711100
2024-01-03,222.03221130371094,232.97000122070312,235.5800018310547,231.99000549316406,235.5800018310547,841400
2024-01-04,220.1737518310547,231.02000427246094,233.41000366210938,230.83999633789062,232.77999877929688,932800
2024-01-05,218.2676544189453,229.02000427246094,231.91000366210938,228.44000244140625,231.0800018310547,1247600
2024-01-08,218.9252471923828,229.7100067138672,229.9499969482422,226.0800018310547,228.57000732421875,1299400
2024-01-09,216.96197509765625,227.64999389648438,228.77000427246094,226.25999450683594,227.97999572753906,993000
2024-01-10,218.1056365966797,228.85000610351562,228.91000366210938,226.27999877929688,227.02000427246094,657600
2024-01-11,215.9613037109375,226.60000610351562,228.0,224.4199981689453,228.0,790700
2024-01-12,218.7537078857422,229.52999877929688,229.77000427246094,226.25,227.85000610351562,629300
2024-01-16,218.3343505859375,229.08999633789062,230.3300018310547,226.7899932861328,228.50999450683594,1067600
2024-01-17,215.52288818359375,226.13999938964844,228.52999877929688,224.5,225.1699981689453,1055700
2024-01-18,223.2616424560547,234.25999450683594,236.3000030517578,225.1699981689453,226.44000244140625,2866700
2024-01-19,223.06150817871094,234.0500030517578,235.97999572753906,232.6999969482422,234.72000122070312,1416600
2024-01-22,228.86557006835938,240.13999938964844,241.9600067138672,237.08999633789062,239.67999267578125,1669700
2024-01-23,230.2189178466797,241.55999755859375,242.66000366210938,239.0800018310547,241.8300018310547,1642100
2024-01-24,225.93972778320312,237.07000732421875,242.39999389648438,236.5,242.39999389648438,1267300
2024-01-25,226.68310546875,237.85000610351562,239.85000610351562,235.22999572753906,238.80999755859375,2550600
2024-01-26,223.2616424560547,234.25999450683594,235.19000244140625,227.22000122070312,232.8800048828125,3665600
2024-01-29,227.21678161621094,238.41000366210938,239.22999572753906,229.3699951171875,231.64999389648438,2765200
2024-01-30,225.7300567626953,236.85000610351562,238.4600067138672,234.5,236.89999389648438,1798600
2024-01-31,224.19564819335938,235.24000549316406,238.91000366210938,235.0500030517578,237.86000061035156,1740400
2024-02-01,244.65110778808594,255.22999572753906,255.8000030517578,247.22999572753906,250.32000732421875,4001300
2024-02-02,240.6731414794922,251.0800018310547,254.00999450683594,248.36000061035156,253.64999389648438,2538100
2024-02-05,238.18087768554688,248.47999572753906,252.8699951171875,248.27999877929688,250.8000030517578,1252400
2024-02-06,241.42080688476562,251.86000061035156,253.5,248.02000427246094,248.49000549316406,952200
2024-02-07,240.16510009765625,250.5500030517578,253.24000549316406,250.08999633789062,252.44000244140625,1103800
2024-02-08,243.52000427246094,254.0500030517578,254.38999938964844,250.82000732421875,250.82000732421875,975200
2024-02-09,244.26771545410156,254.8300018310547,256.3599853515625,253.69000244140625,254.25,929200
2024-02-12,243.3954315185547,253.9199981689453,255.13999938964844,252.08999633789062,254.64999389648438,710400
2024-02-13,239.89674377441406,250.27000427246094,252.3699951171875,248.27000427246094,251.97999572753906,977900
2024-02-14,241.80419921875,252.25999450683594,254.14999389648438,250.4199981689453,250.9600067138672,1572100
2024-02-15,243.79798889160156,254.33999633789062,257.0,253.2100067138672,253.2100067138672,1520300
2024-02-16,241.59332275390625,252.0399932861328,254.42999267578125,251.22999572753906,253.49000549316406,1154900
2024-02-20,243.2707977294922,253.7899932861328,257.75,251.33999633789062,255.9199981689453,1535100
2024-02-21,246.94207763671875,257.6199951171875,261.3699951171875,255.75,261.3599853515625,1347200
2024-02-22,245.5713348388672,256.19000244140625,258.1499938964844,255.86000061035156,257.54998779296875,1401400
2024-02-23,247.31588745117188,258.010009765625,259.1600036621094,256.0,256.80999755859375,1207100
2024-02-26,243.99929809570312,254.5500030517578,258.8399963378906,253.49000549316406,256.6600036621094,1573800
2024-02-27,242.01510620117188,252.47999572753906,256.0400085449219,252.17999267578125,254.2100067138672,1461500
2024-02-28,243.04074096679688,253.5500030517578,255.22999572753906,251.4199981689453,252.25999450683594,1083200
2024-02-29,242.8778076171875,253.3800048828125,255.86000061035156,252.89999389648438,254.27000427246094,1490300
2024-03-01,246.81744384765625,257.489990234375,257.8500061035156,252.85000610351562,252.89999389648438,1070300
2024-03-04,248.4278106689453,259.1700134277344,260.7900085449219,257.5799865722656,258.739990234375,830900
2024-03-05,246.68324279785156,257.3500061035156,260.7099914550781,256.239990234375,259.0199890136719,808000
2024-03-06,243.84593200683594,254.38999938964844,258.70001220703125,254.11000061035156,256.8900146484375,1754900
2024-03-07,244.77574157714844,255.36000061035156,256.94000244140625,254.5,255.92999267578125,1088600
2024-03-08,248.782470703125,259.5400085449219,259.8699951171875,255.82000732421875,255.82000732421875,882300
2024-03-11,247.55552673339844,258.260009765625,259.7699890136719,255.77000427246094,259.30999755859375,839200
2024-03-12,249.99026489257812,260.79998779296875,261.4599914550781,257.5,257.9100036621094,807800
2024-03-13,252.22369384765625,263.1300048828125,263.6600036621094,259.17999267578125,259.8500061035156,1125900
2024-03-14,247.7664337158203,258.4800109863281,262.5,255.0800018310547,261.44000244140625,1385500
2024-03-15,245.2262420654297,255.8300018310547,258.6700134277344,255.11000061035156,255.38999938964844,2068800
2024-03-18,245.60008239746094,256.2200012207031,257.6300048828125,255.50999450683594,256.2300109863281,736600
2024-03-19,245.96434020996094,256.6000061035156,258.04998779296875,255.1999969482422,256.67999267578125,664100
2024-03-20,250.40243530273438,261.2300109863281,261.57000732421875,256.1400146484375,258.0,962400
2024-03-21,247.10501098632812,257.7900085449219,262.8599853515625,257.4800109863281,262.2300109863281,1463100
2024-03-22,243.5871124267578,254.1199951171875,258.8800048828125,254.0500030517578,258.1700134277344,910400
2024-03-25,237.74952697753906,248.02999877929688,253.99000549316406,245.50999450683594,252.50999450683594,2349200
2024-03-26,236.97312927246094,247.22000122070312,251.00999450683594,245.60000610351562,248.0,1515200
2024-03-27,241.28662109375,251.72000122070312,251.97000122070312,247.77999877929688,248.75,954300
2024-03-28,244.30604553222656,254.8699951171875,255.77000427246094,250.3800048828125,252.57000732421875,1001300
2024-04-01,241.5550079345703,252.0,254.55999755859375,250.5,254.41000366210938,619400
2024-04-02,240.3664093017578,250.75999450683594,252.2100067138672,249.5800018310547,250.66000366210938,718500
2024-04-03,241.3920440673828,251.8300018310547,253.97000122070312,250.52000427246094,251.05999755859375,629500
2024-04-04,238.2096405029297,248.50999450683594,255.4199981689453,246.97000122070312,253.47000122070312,705700
2024-04-05,239.66664123535156,250.02999877929688,250.64999389648438,247.86000061035156,249.05999755859375,668900
2024-04-08,239.88710021972656,250.25999450683594,252.24000549316406,249.64999389648438,250.75,861900
2024-04-09,242.8874053955078,253.38999938964844,256.45001220703125,249.97999572753906,252.83999633789062,1296100
2024-04-10,239.30238342285156,249.64999389648438,250.67999267578125,245.33999633789062,246.72999572753906,1077800
2024-04-11,239.3790740966797,249.72999572753906,251.60000610351562,246.4499969482422,249.88999938964844,751300
2024-04-12,235.55445861816406,245.74000549316406,248.8699951171875,243.97999572753906,247.1300048828125,1090600
2024-04-15,235.39151000976562,245.57000732421875,251.42999267578125,243.8000030517578,251.42999267578125,857800
2024-04-16,232.84176635742188,242.91000366210938,246.07000732421875,242.05999755859375,245.24000549316406,823400
2024-04-17,229.41970825195312,239.33999633789062,243.27999877929688,239.0800018310547,242.91000366210938,1011100
2024-04-18,230.3112030029297,240.27000427246094,244.1199951171875,239.75999450683594,241.80999755859375,922200
2024-04-19,231.27932739257812,241.27999877929688,244.0,240.35000610351562,242.57000732421875,963400
2024-04-22,234.47129821777344,244.61000061035156,246.27999877929688,239.69000244140625,241.9499969482422,976100
2024-04-23,234.87388610839844,245.02999877929688,247.1699981689453,243.97999572753906,245.19000244140625,1148600
2024-04-24,226.42904663085938,236.22000122070312,241.77999877929688,232.14999389648438,239.9499969482422,2577900
2024-04-25,230.8479766845703,240.8300018310547,242.3800048828125,233.0399932861328,237.0,1854400
2024-04-26,229.994873046875,239.94000244140625,242.63999938964844,238.11000061035156,238.11000061035156,1461100
2024-04-29,231.4326934814453,241.44000244140625,242.72999572753906,237.9199981689453,239.99000549316406,1385000
2024-04-30,220.7736053466797,230.32000732421875,243.97000122070312,229.2899932861328,239.99000549316406,3569800
2024-05-01,221.0228271484375,230.5800018310547,234.1699981689453,228.11000061035156,229.8300018310547,1618500
2024-05-02,225.42919921875,233.8000030517578,235.9499969482422,228.38999938964844,230.7899932861328,1643100
2024-05-03,227.11654663085938,235.5500030517578,237.5,233.97999572753906,237.0,1072700
2024-05-06,222.21841430664062,230.47000122070312,236.94000244140625,229.22999572753906,236.8000030517578,1605600
2024-05-07,224.002197265625,232.32000732421875,233.1999969482422,230.32000732421875,232.63999938964844,1296300
2024-05-08,223.82862854003906,232.13999938964844,233.4199981689453,230.25999450683594,230.25999450683594,1182700
2024-05-09,218.22665405273438,226.3300018310547,227.27000427246094,219.97999572753906,219.97999572753906,4719200
2024-05-10,222.04486083984375,230.2899932861328,230.47999572753906,226.36000061035156,227.82000732421875,1986700
2024-05-13,222.71017456054688,230.97999572753906,231.80999755859375,230.27000427246094,230.89999389648438,2171900
2024-05-14,221.70738220214844,229.94000244140625,232.47000122070312,226.52999877929688,232.47000122070312,1831400
2024-05-15,223.07656860351562,231.36000061035156,232.2899932861328,230.25,231.91000366210938,1501300
2024-05-16,224.22396850585938,232.5500030517578,232.55999755859375,229.08999633789062,231.19000244140625,1290100
2024-05-17,223.18260192871094,231.47000122070312,233.72000122070312,230.74000549316406,233.4199981689453,1310800
2024-05-20,222.08343505859375,230.3300018310547,231.6300048828125,229.0500030517578,231.1999969482422,850100
2024-05-21,216.66465759277344,224.7100067138672,230.2100067138672,224.33999633789062,229.07000732421875,901600
2024-05-22,222.36305236816406,230.6199951171875,233.5800018310547,224.2899932861328,224.2899932861328,1777000
2024-05-23,218.19772338867188,226.3000030517578,232.5,225.52999877929688,232.30999755859375,1111000
2024-05-24,218.7376708984375,226.86000061035156,226.88999938964844,224.58999633789062,226.05999755859375,784900
2024-05-28,214.83265686035156,222.80999755859375,226.6300048828125,221.9199981689453,226.52000427246094,881600
2024-05-29,211.16873168945312,219.00999450683594,221.05999755859375,218.6300048828125,221.0,1063500
2024-05-30,212.77890014648438,220.67999267578125,220.8300018310547,218.41000366210938,219.17999267578125,974000
2024-05-31,216.75143432617188,224.8000030517578,224.94000244140625,219.99000549316406,220.7899932861328,1934200
2024-06-03,215.77757263183594,223.7899932861328,226.27999877929688,221.35000610351562,226.16000366210938,980900
2024-06-04,213.7720489501953,221.7100067138672,225.85000610351562,221.47999572753906,224.10000610351562,1041600
2024-06-05,215.3051300048828,223.3000030517578,224.0,220.4199981689453,223.6699981689453,569600
2024-06-06,216.65499877929688,224.6999969482422,225.22000122070312,222.33999633789062,223.5500030517578,760800
2024-06-07,216.0475616455078,224.07000732421875,226.85000610351562,222.5,224.4499969482422,781500
2024-06-10,217.0503387451172,225.11000061035156,225.67999267578125,223.55999755859375,223.99000549316406,752500
2024-06-11,216.87677001953125,224.92999267578125,225.4600067138672,223.1300048828125,223.32000732421875,999500
2024-06-12,216.10540771484375,224.1300048828125,229.69000244140625,223.27999877929688,227.36000061035156,944400
2024-06-13,213.89739990234375,221.83999633789062,223.1300048828125,220.13999938964844,223.1300048828125,843300
2024-06-14,212.02685546875,219.89999389648438,221.0399932861328,216.72000122070312,220.0,925800
2024-06-17,212.9910430908203,220.89999389648438,221.97999572753906,218.32000732421875,218.77000427246094,807200
2024-06-18,213.99383544921875,221.94000244140625,222.50999450683594,220.89999389648438,221.52999877929688,801200
2024-06-20,216.462158203125,224.5,225.17999267578125,220.85000610351562,220.97000122070312,798500
2024-06-21,216.8189239501953,224.8699951171875,225.35000610351562,222.3800048828125,225.35000610351562,1231000
2024-06-24,210.85052490234375,218.67999267578125,228.9600067138672,218.44000244140625,225.25999450683594,1893600
2024-06-25,205.73065185546875,213.3699951171875,215.5,206.7100067138672,213.19000244140625,2823600
2024-06-26,204.88217163085938,212.49000549316406,214.97999572753906,211.72000122070312,214.97999572753906,1521300
2024-06-27,202.38487243652344,209.89999389648438,213.3000030517578,208.82000732421875,212.85000610351562,2031500
2024-06-28,207.00338745117188,214.69000244140625,215.16000366210938,210.17999267578125,210.85000610351562,1584800
2024-07-01,206.39593505859375,214.05999755859375,216.36000061035156,212.16000366210938,214.89999389648438,749300
2024-07-02,207.83262634277344,215.5500030517578,215.5800018310547,213.72000122070312,214.0800018310547,1051100
2024-07-03,208.5557403564453,216.3000030517578,217.42999267578125,214.6999969482422,215.22000122070312,410000
2024-07-05,208.1315155029297,215.86000061035156,217.14999389648438,214.0399932861328,216.52999877929688,945700
2024-07-08,206.57916259765625,214.25,215.02999877929688,211.8300018310547,213.13999938964844,1120400
2024-07-09,206.09707641601562,213.75,214.3699951171875,210.88999938964844,212.75,1288300
2024-07-10,207.13839721679688,214.8300018310547,215.60000610351562,213.27000427246094,214.25,1035000
2024-07-11,213.02963256835938,220.94000244140625,221.17999267578125,215.08999633789062,216.14999389648438,1200900
2024-07-12,213.42494201660156,221.35000610351562,223.5,220.9199981689453,221.6199951171875,942800
2024-07-15,219.60545349121094,227.75999450683594,229.0500030517578,221.30999755859375,222.17999267578125,1058400
2024-07-16,226.3837432861328,234.7899932861328,235.75999450683594,228.25999450683594,228.25999450683594,1133400
2024-07-17,226.05593872070312,234.4499969482422,236.25,232.94000244140625,233.9499969482422,1056900
2024-07-18,222.1316680908203,230.3800048828125,234.44000244140625,230.19000244140625,233.32000732421875,991400
2024-07-19,219.78863525390625,227.9499969482422,231.94000244140625,226.38999938964844,231.94000244140625,1205000
2024-07-22,219.86578369140625,228.02999877929688,230.47999572753906,225.22999572753906,229.1999969482422,897800
2024-07-23,216.25003051757812,224.27999877929688,227.49000549316406,223.91000366210938,226.8300018310547,840000
2024-07-24,213.41531372070312,221.33999633789062,224.5800018310547,220.1199951171875,224.25999450683594,1539900
2024-07-25,214.91944885253906,222.89999389648438,229.5399932861328,220.52999877929688,223.1199951171875,2155100
2024-07-26,238.3687286376953,247.22000122070312,249.92999267578125,240.60000610351562,242.0,2993300
2024-07-29,238.76405334472656,247.6300048828125,250.0800018310547,245.47000122070312,247.47999572753906,2284700
2024-07-30,240.76956176757812,249.7100067138672,251.11000061035156,244.5800018310547,247.6999969482422,1227900
2024-07-31,240.6249542236328,249.55999755859375,252.6199951171875,246.94000244140625,249.02999877929688,918300
2024-08-01,237.6359100341797,246.4600067138672,251.3300018310547,244.67999267578125,250.35000610351562,959200
2024-08-02,235.98776245117188,243.41000366210938,244.41000366210938,237.33999633789062,244.41000366210938,1255000
2024-08-05,232.3715057373047,239.67999267578125,241.82000732421875,234.42999267578125,241.77000427246094,1630500
2024-08-06,236.41436767578125,243.85000610351562,246.77000427246094,239.91000366210938,240.2100067138672,940800
2024-08-07,232.66233825683594,239.97999572753906,247.05999755859375,239.6300048828125,243.85000610351562,909900
2024-08-08,234.64984130859375,242.02999877929688,243.33999633789062,239.5399932861328,240.42999267578125,625200
2024-08-09,232.31332397460938,239.6199951171875,241.85000610351562,237.63999938964844,241.60000610351562,710900
2024-08-12,229.94772338867188,237.17999267578125,240.89999389648438,236.24000549316406,240.13999938964844,719700
2024-08-13,232.0709686279297,239.3699951171875,239.5399932861328,235.16000366210938,237.9199981689453,705900
2024-08-14,234.5916748046875,241.97000122070312,242.8000030517578,237.3800048828125,239.35000610351562,929100
2024-08-15,233.79666137695312,241.14999389648438,245.4199981689453,240.5500030517578,244.6199951171875,1022100
2024-08-16,233.1083221435547,240.44000244140625,241.4199981689453,239.14999389648438,240.69000244140625,853100
2024-08-19,233.81605529785156,241.1699981689453,242.11000061035156,240.02000427246094,241.1199951171875,636000
2024-08-20,233.42828369140625,240.77000427246094,242.4199981689453,240.2100067138672,241.64999389648438,628900
2024-08-21,234.16506958007812,241.52999877929688,243.24000549316406,238.8800048828125,241.97999572753906,803900
2024-08-22,229.8701934814453,237.10000610351562,241.94000244140625,236.41000366210938,241.64999389648438,1178700
2024-08-23,233.31192016601562,240.64999389648438,240.8300018310547,237.9199981689453,238.55999755859375,637100
2024-08-26,234.97947692871094,242.3699951171875,243.91000366210938,240.4600067138672,242.0,772200
2024-08-27,241.30067443847656,248.88999938964844,249.7100067138672,240.91000366210938,242.10000610351562,1570700
2024-08-28,242.657958984375,250.2899932861328,251.52999877929688,247.72999572753906,248.72000122070312,1219500
2024-08-29,244.335205078125,252.02000427246094,253.8300018310547,249.27999877929688,252.1300048828125,824400
2024-08-30,248.3489990234375,256.1600036621094,256.510009765625,252.02999877929688,252.6199951171875,1453500
2024-09-03,246.79776000976562,254.55999755859375,256.4700012207031,253.3699951171875,254.72999572753906,1300100
2024-09-04,251.7713165283203,259.69000244140625,259.95001220703125,255.19000244140625,255.27000427246094,1289900
2024-09-05,245.0526580810547,252.75999450683594,260.69000244140625,251.69000244140625,260.25,1039100
2024-09-06,242.3865203857422,250.00999450683594,254.52000427246094,248.97999572753906,252.82000732421875,732900
2024-09-09,248.97915649414062,256.80999755859375,257.7799987792969,250.5,250.77000427246094,1879000
2024-09-10,249.52206420898438,257.3699951171875,258.6499938964844,254.25999450683594,257.6099853515625,1112400
2024-09-11,246.03184509277344,253.77000427246094,257.32000732421875,250.8800048828125,255.7899932861328,1574500
2024-09-12,246.8268585205078,254.58999633789062,254.8699951171875,249.9199981689453,251.0,1268900
2024-09-13,238.3048858642578,245.8000030517578,256.8399963378906,245.4499969482422,255.57000732421875,2446600
2024-09-16,239.5361785888672,247.07000732421875,251.77000427246094,246.55999755859375,247.82000732421875,1137400
2024-09-17,238.73146057128906,246.24000549316406,248.77000427246094,245.1199951171875,248.00999450683594,1020800
2024-09-18,241.68844604492188,249.2899932861328,251.5399932861328,246.4600067138672,248.0,1036700
2024-09-19,244.18008422851562,251.86000061035156,253.61000061035156,250.13999938964844,251.86000061035156,967400
2024-09-20,240.30206298828125,247.86000061035156,249.88999938964844,246.50999450683594,249.88999938964844,1904400
2024-09-23,238.498779296875,246.0,249.69000244140625,245.4600067138672,248.5,1007100
2024-09-24,239.40042114257812,246.92999267578125,247.92999267578125,243.25,246.2899932861328,1223700
2024-09-25,235.88111877441406,243.3000030517578,247.9499969482422,243.11000061035156,247.00999450683594,855600
2024-09-26,236.88938903808594,244.33999633789062,246.49000549316406,243.41000366210938,244.99000549316406,872900
2024-09-27,238.9544677734375,246.47000122070312,250.1300048828125,244.9199981689453,245.9199981689453,889500
2024-09-30,240.9225616455078,248.5,249.64999389648438,244.52000427246094,247.00999450683594,1016000
2024-10-01,240.5735321044922,248.13999938964844,250.99000549316406,244.38999938964844,247.3699951171875,1316400
2024-10-02,239.4973907470703,247.02999877929688,250.63999938964844,246.9499969482422,248.02000427246094,968300
2024-10-03,237.4129638671875,244.8800048828125,247.13999938964844,242.6699981689453,246.10000610351562,1213500
2024-10-04,240.3602294921875,247.9199981689453,249.36000061035156,245.7899932861328,246.72999572753906,1173100
2024-10-07,236.32708740234375,243.75999450683594,247.52000427246094,242.17999267578125,245.55999755859375,681900
2024-10-08,235.78414916992188,243.1999969482422,247.19000244140625,242.25999450683594,245.3699951171875,604700
2024-10-09,237.68441772460938,245.16000366210938,246.3800048828125,243.02999877929688,244.41000366210938,755800
2024-10-10,238.41152954101562,245.91000366210938,246.16000366210938,243.49000549316406,244.94000244140625,1235200
2024-10-11,242.5416259765625,250.1699981689453,250.55999755859375,245.88999938964844,246.72000122070312,1039700
2024-10-14,246.09971618652344,253.83999633789062,254.35000610351562,248.0500030517578,249.6300048828125,1012400
2024-10-15,246.5747833251953,254.3300018310547,256.9700012207031,253.39999389648438,254.13999938964844,1077900
2024-10-16,247.85450744628906,255.64999389648438,259.17999267578125,254.4199981689453,255.25,690900
2024-10-17,240.67050170898438,248.24000549316406,251.74000549316406,246.0,251.4600067138672,1996100
2024-10-18,244.67453002929688,252.3699951171875,253.0800018310547,247.41000366210938,249.07000732421875,1332500
2024-10-21,240.59292602539062,248.16000366210938,252.3300018310547,247.6999969482422,251.50999450683594,1278400
2024-10-22,252.48876953125,260.42999267578125,262.70001220703125,254.8300018310547,257.54998779296875,2406200
2024-10-23,249.14398193359375,256.9800109863281,260.7699890136719,255.30999755859375,259.510009765625,1568100
2024-10-24,245.69252014160156,253.4199981689453,259.29998779296875,251.69000244140625,257.8500061035156,1400800
2024-10-25,243.43359375,251.08999633789062,255.69000244140625,250.6199951171875,255.3800048828125,1027400
2024-10-28,245.8573455810547,253.58999633789062,253.9199981689453,251.3300018310547,252.22999572753906,964700
2024-10-29,244.7133331298828,252.41000366210938,255.64999389648438,251.11000061035156,253.05999755859375,865000
2024-10-30,245.03326416015625,252.74000549316406,254.44000244140625,251.61000061035156,251.74000549316406,1075300
2024-10-31,242.793701171875,250.42999267578125,254.35000610351562,250.32000732421875,251.72999572753906,1310000
2024-11-01,243.77821350097656,250.08999633789062,253.5399932861328,249.89999389648438,251.3300018310547,749800
2024-11-04,241.34130859375,247.58999633789062,251.11000061035156,246.17999267578125,249.9499969482422,1089900
2024-11-05,245.7472381591797,252.11000061035156,252.50999450683594,246.89999389648438,247.55999755859375,849600
2024-11-06,270.0090637207031,277.0,277.6000061035156,266.3599853515625,266.3599853515625,3226400
2024-11-07,263.87774658203125,270.7099914550781,275.8599853515625,268.3900146484375,275.6300048828125,1341900
2024-11-08,264.8135681152344,271.6700134277344,276.1499938964844,269.7699890136719,270.989990234375,1301700
2024-11-11,264.2677001953125,271.1099853515625,276.4200134277344,270.29998779296875,273.9599914550781,1093400
2024-11-12,260.7000732421875,267.45001220703125,270.19000244140625,266.0299987792969,269.7900085449219,1153200
2024-11-13,262.46441650390625,269.260009765625,269.989990234375,266.0199890136719,267.8299865722656,771600
2024-11-14,258.0779724121094,264.760009765625,268.7200012207031,263.70001220703125,267.239990234375,1223500
2024-11-15,254.6663055419922,261.260009765625,266.3999938964844,260.2900085449219,262.3299865722656,1152100
2024-11-18,255.6020965576172,262.2200012207031,264.0899963378906,260.1499938964844,260.54998779296875,794800
2024-11-19,253.1553955078125,259.7099914550781,261.32000732421875,257.44000244140625,259.8500061035156,981100
2024-11-20,252.39511108398438,258.92999267578125,261.6400146484375,258.1400146484375,260.5899963378906,922500
2024-11-21,257.5906066894531,264.260009765625,264.7300109863281,258.1499938964844,259.010009765625,1199000
2024-11-22,262.1622314453125,268.95001220703125,269.42999267578125,265.4800109863281,266.0799865722656,1314400
2024-11-25,268.966064453125,275.92999267578125,276.67999267578125,270.92999267578125,271.2699890136719,1747400
2024-11-26,269.12200927734375,276.0899963378906,276.55999755859375,271.69000244140625,274.57000732421875,1185800
2024-11-27,268.429931640625,275.3800048828125,277.2799987792969,274.8500061035156,275.95001220703125,626700
2024-11-29,268.8880615234375,275.8500061035156,277.55999755859375,273.760009765625,273.95001220703125,655600
2024-12-02,265.8663024902344,272.75,274.8800048828125,270.1600036621094,274.6199951171875,1029100
2024-12-03,263.3027038574219,270.1199951171875,273.04998779296875,268.05999755859375,272.6700134277344,754100
2024-12-04,260.8755187988281,267.6300048828125,269.9800109863281,264.7200012207031,269.19000244140625,848200
2024-12-05,257.3371276855469,264.0,268.5,263.67999267578125,268.1700134277344,725200
2024-12-06,254.19839477539062,260.7799987792969,266.1099853515625,260.17999267578125,265.2799987792969,754500
2024-12-09,250.3578643798828,256.8399963378906,261.54998779296875,256.4599914550781,260.17999267578125,1445000
2024-12-10,249.6170196533203,256.0799865722656,258.82000732421875,252.50999450683594,256.0199890136719,1426400
2024-12-11,241.00987243652344,247.25,256.8500061035156,246.6300048828125,255.9199981689453,2214400
2024-12-12,242.0431365966797,248.30999755859375,250.41000366210938,246.0800018310547,248.16000366210938,1600800
2024-12-13,240.00587463378906,246.22000122070312,249.25,246.17999267578125,248.5399932861328,1068300
2024-12-16,236.69171142578125,242.82000732421875,247.08999633789062,241.0500030517578,246.22000122070312,1276600
2024-12-17,236.3505096435547,242.47000122070312,245.0,240.97000122070312,241.33999633789062,1556000
2024-12-18,231.7983856201172,237.8000030517578,244.9199981689453,237.50999450683594,242.52999877929688,1759000
2024-12-19,224.7801055908203,230.60000610351562,239.3300018310547,230.52000427246094,236.50999450683594,1635300
2024-12-20,228.24049377441406,234.14999389648438,236.75,230.0,231.38999938964844,2698700
2024-12-23,229.81961059570312,235.77000427246094,236.5399932861328,232.67999267578125,233.9600067138672,1409200
2024-12-24,231.91534423828125,237.9199981689453,237.9199981689453,234.10000610351562,236.02000427246094,518700
2024-12-26,231.1940155029297,237.17999267578125,238.02999877929688,236.3800048828125,236.63999938964844,605500
2024-12-27,229.312744140625,235.25,238.32000732421875,233.72999572753906,235.07000732421875,526200
2024-12-30,227.59715270996094,233.49000549316406,234.3699951171875,231.19000244140625,233.57000732421875,643200
2024-12-31,228.776611328125,234.6999969482422,236.44000244140625,233.8000030517578,234.1699981689453,942500
2025-01-02,228.67916870117188,234.60000610351562,237.5,232.8699951171875,237.5,1049100
2025-01-03,229.9268341064453,235.8800048828125,236.99000549316406,233.57000732421875,235.07000732421875,1001300
2025-01-06,230.97958374023438,236.9600067138672,240.39999389648438,236.0800018310547,237.5,1112300
2025-01-07,231.7593994140625,237.75999450683594,239.35000610351562,235.97999572753906,238.0,760800
2025-01-08,230.93084716796875,236.91000366210938,237.66000366210938,234.22000122070312,235.80999755859375,850300
2025-01-10,228.03582763671875,233.94000244140625,237.3800048828125,233.00999450683594,233.85000610351562,1022500
2025-01-13,231.3695068359375,237.36000061035156,238.0,233.25,233.8800048828125,894500
2025-01-14,233.20204162597656,239.24000549316406,239.85000610351562,237.38999938964844,238.5,960500
2025-01-15,234.2937774658203,240.36000061035156,243.16000366210938,238.97000122070312,242.8699951171875,940800
2025-01-16,240.87342834472656,247.11000061035156,247.8000030517578,239.39999389648438,240.2100067138672,1269900
2025-01-17,239.1480712890625,245.33999633789062,248.0,244.85000610351562,248.0,1024000
2025-01-21,245.49378967285156,251.85000610351562,253.55999755859375,246.5800018310547,246.5800018310547,1513400
2025-01-22,245.49378967285156,251.85000610351562,253.77999877929688,249.1300048828125,250.6999969482422,1724200
2025-01-23,249.67552185058594,256.1400146484375,257.7799987792969,252.30999755859375,256.1600036621094,1567000
2025-01-24,248.24261474609375,254.6699981689453,255.99000549316406,251.3000030517578,253.6300048828125,1385800
2025-01-27,253.20413208007812,259.760009765625,261.239990234375,253.10000610351562,256.0,1487500
2025-01-28,245.951904296875,252.32000732421875,259.3699951171875,251.8300018310547,256.95001220703125,2207200
2025-01-29,250.26036071777344,256.739990234375,270.010009765625,256.1300048828125,264.739990234375,2255100
2025-01-30,250.7087860107422,257.20001220703125,260.3500061035156,254.16000366210938,259.6000061035156,1415600
2025-01-31,248.85671997070312,255.3000030517578,260.239990234375,255.25,257.1600036621094,1475200
2025-02-03,244.0023956298828,250.32000732421875,254.44000244140625,247.25999450683594,250.11000061035156,1338600
2025-02-04,246.53677368164062,252.9199981689453,253.8800048828125,249.97000122070312,250.49000549316406,828900
2025-02-05,246.1371307373047,252.50999450683594,254.0,252.02000427246094,253.63999938964844,774700
2025-02-06,245.13311767578125,251.47999572753906,253.88999938964844,250.1300048828125,253.88999938964844,830900
2025-02-07,244.12371826171875,249.10000610351562,252.38999938964844,248.17999267578125,251.22000122070312,725400
2025-02-10,248.36720275878906,253.42999267578125,254.3300018310547,250.02000427246094,250.50999450683594,1204000
2025-02-11,251.32688903808594,256.45001220703125,257.0199890136719,252.55999755859375,253.32000732421875,1036800
2025-02-12,248.83761596679688,253.91000366210938,256.42999267578125,251.14999389648438,251.14999389648438,876500
2025-02-13,252.08148193359375,257.2200012207031,258.2699890136719,252.64999389648438,253.6999969482422,880400
2025-02-14,250.87606811523438,255.99000549316406,259.8999938964844,255.50999450683594,257.95001220703125,908800
2025-02-18,253.25753784179688,258.4200134277344,258.5799865722656,254.25,256.3999938964844,935900
2025-02-19,244.07470703125,249.0500030517578,258.1099853515625,248.00999450683594,256.92999267578125,2441000
2025-02-20,244.42752075195312,249.41000366210938,249.77999877929688,246.22999572753906,248.57000732421875,1208400
2025-02-21,242.8104705810547,247.75999450683594,248.97000122070312,243.91000366210938,248.72000122070312,1493700
2025-02-24,239.22360229492188,244.10000610351562,248.69000244140625,243.32000732421875,248.0,1209400
2025-02-25,240.20362854003906,245.10000610351562,247.3300018310547,241.97999572753906,244.88999938964844,2116600
2025-02-26,237.22433471679688,242.05999755859375,244.8000030517578,241.75,244.36000061035156,1142700
2025-02-27,237.34193420410156,242.17999267578125,244.5,240.19000244140625,241.64999389648438,876900
2025-02-28,240.8406219482422,245.75,246.11000061035156,241.3800048828125,244.16000366210938,1099200
2025-03-03,240.24281311035156,245.13999938964844,249.7100067138672,243.19000244140625,246.8800048828125,1112100
2025-03-04,233.74525451660156,238.50999450683594,243.82000732421875,238.4199981689453,242.86000061035156,1137900
2025-03-05,233.87266540527344,238.63999938964844,241.97000122070312,236.82000732421875,240.0,1497600
2025-03-06,233.44146728515625,238.1999969482422,239.64999389648438,235.6699981689453,237.91000366210938,1178700
2025-03-07,237.3811492919922,242.22000122070312,244.3800048828125,237.25,238.25,1221500
2025-03-10,234.323486328125,239.10000610351562,246.64999389648438,237.72000122070312,241.0500030517578,1969800
2025-03-11,228.32574462890625,232.97999572753906,238.77999877929688,232.19000244140625,238.22000122070312,1499500
2025-03-12,226.34609985351562,230.9600067138672,231.75,225.52999877929688,229.99000549316406,1893200
2025-03-13,223.14141845703125,227.69000244140625,231.67999267578125,226.0399932861328,231.67999267578125,1470100
2025-03-14,227.65931701660156,232.3000030517578,233.19000244140625,228.1300048828125,229.6300048828125,1081000
2025-03-17,229.7075653076172,234.38999938964844,235.6999969482422,231.8300018310547,232.47000122070312,909800
2025-03-18,229.86436462402344,234.5500030517578,236.57000732421875,231.55999755859375,235.13999938964844,997600
2025-03-19,229.97218322753906,234.66000366210938,235.99000549316406,232.91000366210938,234.5500030517578,735200
2025-03-20,228.87454223632812,233.5399932861328,235.1199951171875,232.0,232.77000427246094,959300
2025-03-21,227.1203155517578,231.75,232.6699981689453,228.97000122070312,231.5500030517578,1248300
2025-03-24,230.8444061279297,235.5500030517578,236.47999572753906,234.2100067138672,235.0399932861328,1294900
2025-03-25,229.32537841796875,234.0,236.41000366210938,233.3300018310547,235.1199951171875,939900
2025-03-26,231.05018615722656,235.75999450683594,235.75999450683594,232.22999572753906,233.88999938964844,1276700
2025-03-27,230.51119995117188,235.2100067138672,237.24000549316406,234.32000732421875,236.24000549316406,1260800
2025-03-28,225.9442901611328,230.5500030517578,234.9199981689453,230.3000030517578,234.82000732421875,835300
2025-03-31,232.11843872070312,236.85000610351562,238.1300048828125,230.17999267578125,230.2100067138672,1682600
2025-04-01,231.88320922851562,236.61000061035156,236.77999877929688,232.3800048828125,234.57000732421875,788700
2025-04-02,233.80406188964844,238.57000732421875,239.2899932861328,233.69000244140625,233.69000244140625,827100
2025-04-03,216.33026123046875,220.74000549316406,232.75999450683594,220.0,231.9600067138672,2057600
2025-04-04,206.7162322998047,210.92999267578125,219.55999755859375,210.2100067138672,217.61000061035156,2308400
2025-04-07,203.89376831054688,208.0500030517578,217.13999938964844,201.6300048828125,208.52999877929688,2229800
2025-04-08,202.21792602539062,206.33999633789062,215.52999877929688,202.5500030517578,214.86000061035156,1622600
2025-04-09,217.58468627929688,222.02000427246094,222.63999938964844,202.9499969482422,203.75,3668100
2025-04-10,211.15573120117188,215.4600067138672,218.97000122070312,210.8699951171875,218.97000122070312,1519800
2025-04-11,213.9488067626953,218.30999755859375,218.7100067138672,211.9199981689453,215.08999633789062,1401100
2025-04-14,216.97706604003906,221.39999389648438,222.86000061035156,219.3300018310547,221.10000610351562,977000
2025-04-15,213.37059020996094,217.72000122070312,223.8000030517578,217.30999755859375,220.66000366210938,843200
2025-04-16,209.75430297851562,214.02999877929688,217.91000366210938,212.24000549316406,216.36000061035156,1275300
2025-04-17,215.4482421875,219.83999633789062,221.38999938964844,214.5,214.69000244140625,1362700
2025-04-21,214.56622314453125,218.94000244140625,219.30999755859375,214.77999877929688,217.72000122070312,1496100
2025-04-22,215.6050262451172,220.0,222.3300018310547,218.0,221.1199951171875,1895900
2025-04-23,217.51608276367188,221.9499969482422,231.2100067138672,221.8300018310547,225.0,1853400
2025-04-24,222.15158081054688,226.67999267578125,228.4499969482422,217.3300018310547,219.00999450683594,1798700
2025-04-25,217.28086853027344,221.7100067138672,226.80999755859375,220.49000549316406,224.41000366210938,1306900
2025-04-28,217.30047607421875,221.72999572753906,223.85000610351562,219.8000030517578,221.14999389648438,958700
2025-04-29,218.89793395996094,223.36000061035156,224.6699981689453,220.08999633789062,220.08999633789062,1053000
2025-04-30,219.57412719726562,224.0500030517578,224.60000610351562,218.92999267578125,221.32000732421875,1111400
2025-05-01,217.3396759033203,221.77000427246094,224.77000427246094,220.69000244140625,223.41000366210938,1088600
2025-05-02,221.224609375,224.36000061035156,225.77999877929688,222.0800018310547,223.72999572753906,1051000
2025-05-05,219.17367553710938,222.27999877929688,225.19000244140625,221.74000549316406,222.5800018310547,749800
2025-05-06,215.57469177246094,218.6300048828125,221.35000610351562,218.0500030517578,220.0,1023600
2025-05-07,216.90582275390625,219.97999572753906,220.9499969482422,218.88999938964844,219.50999450683594,813500
2025-05-08,220.9386749267578,224.07000732421875,226.74000549316406,220.02000427246094,221.88999938964844,1029100
2025-05-09,220.37664794921875,223.5,224.9600067138672,222.0,223.8300018310547,718600
2025-05-12,235.7684783935547,239.11000061035156,239.3800048828125,232.36000061035156,232.80999755859375,1491500
2025-05-13,236.90240478515625,240.25999450683594,241.0800018310547,238.22999572753906,238.5399932861328,1645400
2025-05-14,237.80955505371094,241.17999267578125,241.61000061035156,237.9199981689453,239.05999755859375,1456500
2025-05-15,240.5014190673828,243.91000366210938,244.4499969482422,240.85000610351562,240.89999389648438,1355400
2025-05-16,242.66079711914062,246.10000610351562,246.6699981689453,243.24000549316406,245.0,1090000
2025-05-19,240.3633575439453,243.77000427246094,245.2899932861328,243.10000610351562,243.4600067138672,894500
2025-05-20,240.6690216064453,244.0800018310547,245.74000549316406,242.13999938964844,242.22999572753906,1525100
2025-05-21,236.0741424560547,239.4199981689453,243.1300048828125,239.07000732421875,241.6999969482422,1398500
2025-05-22,236.2910919189453,239.63999938964844,240.9600067138672,237.17999267578125,239.4199981689453,957200
2025-05-23,236.665771484375,240.02000427246094,240.50999450683594,236.3699951171875,236.3699951171875,1414600
2025-05-27,241.3690948486328,244.7899932861328,245.57000732421875,241.1199951171875,242.64999389648438,1204400
2025-05-28,239.15054321289062,242.5399932861328,246.02999877929688,242.4199981689453,245.4499969482422,1070000
2025-05-29,242.85800170898438,246.3000030517578,246.8000030517578,242.64999389648438,243.39999389648438,2178800
2025-05-30,243.66653442382812,247.1199951171875,250.22999572753906,245.66000366210938,246.69000244140625,2785800
2025-06-02,241.83253479003906,245.25999450683594,245.49000549316406,241.82000732421875,244.6300048828125,1183000
2025-06-03,244.5145263671875,247.97999572753906,248.3000030517578,243.6999969482422,244.07000732421875,1407800
2025-06-04,243.942626953125,247.39999389648438,249.39999389648438,246.02000427246094,248.25,1193700
2025-06-05,243.46934509277344,246.9199981689453,248.72000122070312,245.19000244140625,247.99000549316406,1044000
2025-06-06,247.26553344726562,250.77000427246094,253.6699981689453,249.16000366210938,250.91000366210938,1145000
2025-06-09,247.06834411621094,250.57000732421875,253.58999633789062,249.9600067138672,251.4199981689453,847200
2025-06-10,249.38548278808594,252.9199981689453,257.95001220703125,248.99000549316406,251.52000427246094,2161700
2025-06-11,247.81771850585938,251.3300018310547,253.5399932861328,250.0500030517578,253.5399932861328,1029000
2025-06-12,247.9557647705078,251.47000122070312,251.66000366210938,249.16000366210938,250.0500030517578,985000
2025-06-13,245.12588500976562,248.60000610351562,252.2100067138672,247.85000610351562,250.3000030517578,916900
2025-06-16,248.60655212402344,252.1300048828125,252.66000366210938,248.82000732421875,249.9600067138672,1049000
2025-06-17,246.92042541503906,250.4199981689453,252.77999877929688,249.38999938964844,250.8000030517578,1333300
2025-06-18,249.3953399658203,252.92999267578125,254.3800048828125,250.64999389648438,251.44000244140625,1410900
2025-06-20,249.641845703125,253.17999267578125,255.52000427246094,252.32000732421875,254.08999633789062,1849300
2025-06-23,252.99432373046875,256.5799865722656,256.8699951171875,251.6199951171875,253.1699981689453,1036000
2025-06-24,253.86203002929688,257.4599914550781,258.2900085449219,254.97000122070312,258.0,1193300
2025-06-25,251.64349365234375,255.2100067138672,257.4200134277344,254.27999877929688,256.8599853515625,922100
2025-06-26,251.93930053710938,255.50999450683594,256.260009765625,252.5399932861328,256.260009765625,1402800
2025-06-27,252.235107421875,255.80999755859375,257.54998779296875,254.17999267578125,255.89999389648438,1905800
2025-06-30,252.39285278320312,255.97000122070312,256.989990234375,255.02999877929688,255.9199981689453,1466200
2025-07-01,258.71331787109375,262.3800048828125,264.67999267578125,255.41000366210938,255.77999877929688,1309400
2025-07-02,258.3385925292969,262.0,263.3500061035156,260.29998779296875,262.75,2002600
2025-07-03,258.8316345214844,262.5,263.82000732421875,261.94000244140625,262.42999267578125,928500
2025-07-07,256.3566589355469,259.989990234375,262.3299865722656,258.79998779296875,261.44000244140625,870300
2025-07-08,257.5498046875,261.20001220703125,263.4100036621094,258.6499938964844,259.2900085449219,1222100
2025-07-09,256.4059753417969,260.0400085449219,262.3999938964844,260.0400085449219,261.57000732421875,941900
2025-07-10,259.4626770019531,263.1400146484375,265.0,259.25,260.1600036621094,902900
2025-07-11,262.8447265625,266.57000732421875,267.989990234375,260.9599914550781,261.0,1718300
2025-07-14,259.2161865234375,262.8900146484375,265.5,261.0,265.45001220703125,1553800
2025-07-15,255.86366271972656,259.489990234375,262.8900146484375,259.2699890136719,262.8900146484375,1120000
2025-07-16,256.6820983886719,260.32000732421875,261.3599853515625,257.489990234375,261.0,1083500
2025-07-17,266.0394592285156,269.80999755859375,270.4200134277344,264.010009765625,264.1000061035156,3024600
2025-07-18,272.7937316894531,276.6600036621094,280.0,273.760009765625,278.0299987792969,6134200
2025-07-21,273.503662109375,277.3800048828125,279.2900085449219,275.8599853515625,278.1700134277344,1689100
2025-07-22,276.34344482421875,280.260009765625,281.19000244140625,276.9599914550781,279.7200012207031,2041800
2025-07-23,276.3532409667969,280.2699890136719,281.17999267578125,278.3500061035156,280.510009765625,1703500
2025-07-24,274.114990234375,278.0,288.1099853515625,275.25,288.0,5379400
2025-07-25,278.43377685546875,282.3800048828125,283.4599914550781,275.57000732421875,277.510009765625,4530300
2025-07-28,282.4173583984375,286.4200134277344,287.9800109863281,282.1199951171875,282.3500061035156,3822100
2025-07-29,273.8191833496094,277.70001220703125,282.8999938964844,274.0,275.4200134277344,9749600
2025-07-30,275.1010437011719,279.0,283.989990234375,278.25,278.9700012207031,5866700
2025-07-31,274.114990234375,278.0,280.3399963378906,276.79998779296875,277.3800048828125,3690900
2025-08-01,272.3315124511719,274.8500061035156,276.4100036621094,273.1000061035156,274.8299865722656,2727400
2025-08-04,275.571533203125,278.1199951171875,280.510009765625,275.70001220703125,276.5400085449219,3123800
2025-08-05,277.3055114746094,279.8699951171875,280.05999755859375,277.45001220703125,278.3999938964844,1778300
2025-08-06,280.3572998046875,282.95001220703125,285.6000061035156,279.1099853515625,280.54998779296875,2281200
2025-08-07,277.8999938964844,280.4700012207031,285.4599914550781,279.3299865722656,284.42999267578125,2187500
2025-08-08,277.46405029296875,280.0299987792969,283.4200134277344,279.4599914550781,281.4100036621094,1295400
2025-08-11,275.76971435546875,278.32000732421875,281.04998779296875,276.8299865722656,280.05999755859375,1280900
2025-08-12,275.6903991699219,278.239990234375,280.3999938964844,277.0799865722656,279.7900085449219,1650900
2025-08-13,279.2574462890625,281.8399963378906,282.70001220703125,277.3299865722656,278.3599853515625,1520400
2025-08-14,279.911376953125,282.5,282.6600036621094,279.0299987792969,281.239990234375,1761800
2025-08-15,278.1675109863281,280.739990234375,283.3800048828125,280.4800109863281,282.70001220703125,1939900
2025-08-18,277.2262268066406,279.7900085449219,281.25,278.80999755859375,279.489990234375,1392300
2025-08-19,282.91363525390625,285.5299987792969,287.489990234375,280.3399963378906,280.3399963378906,2127000
2025-08-20,282.8739929199219,285.489990234375,288.6400146484375,285.0899963378906,285.25,1742900
2025-08-21,281.74444580078125,284.3500061035156,285.4200134277344,283.1600036621094,285.0400085449219,1899600
2025-08-22,281.9921569824219,284.6000061035156,291.69000244140625,269.30999755859375,286.3699951171875,4575300
2025-08-25,274.8482360839844,277.3900146484375,284.4800109863281,275.3999938964844,284.4800109863281,2649500
2025-08-26,274.1348571777344,276.6700134277344,276.8999938964844,273.7099914550781,274.989990234375,2275300
2025-08-27,269.8544006347656,272.3500061035156,276.94000244140625,272.0799865722656,276.3599853515625,2525300
2025-08-28,275.2544250488281,277.79998779296875,280.760009765625,276.2799987792969,278.79998779296875,3031700
2025-08-29,277.4145202636719,279.9800109863281,280.1199951171875,277.5,277.5,1543100
2025-09-02,275.7003479003906,278.25,278.6700134277344,275.1499938964844,277.9700012207031,1718700
2025-09-03,275.640869140625,278.19000244140625,279.6099853515625,276.5199890136719,278.2200012207031,2085400
2025-09-04,277.1965026855469,279.760009765625,280.2799987792969,277.25,278.55999755859375,923300
2025-09-05,275.2049255371094,277.75,280.239990234375,276.6000061035156,279.82000732421875,1302000
2025-09-08,273.064697265625,275.5899963378906,277.7799987792969,274.8299865722656,277.0,1946200
2025-09-09,270.9443359375,273.45001220703125,276.6300048828125,273.3299865722656,275.489990234375,1362800
2025-09-10,269.86431884765625,272.3599853515625,274.010009765625,268.2300109863281,272.4200134277344,1979400
2025-09-11,271.4892883300781,274.0,275.6199951171875,271.8800048828125,271.8999938964844,1447200
2025-09-12,272.2026672363281,274.7200012207031,276.2300109863281,273.760009765625,273.8599853515625,2243800
2025-09-15,274.6203308105469,277.1600036621094,277.4599914550781,274.7799987792969,277.0,1169500
2025-09-16,275.54180908203125,278.0899963378906,280.989990234375,277.6099853515625,278.0,1707100
2025-09-17,275.45263671875,278.0,280.1099853515625,276.54998779296875,278.95001220703125,2854900
2025-09-18,280.0897216796875,282.67999267578125,283.1199951171875,277.760009765625,278.3800048828125,1095400
2025-09-19,281.1103210449219,283.7099914550781,284.760009765625,282.6099853515625,283.79998779296875,2712300
2025-09-22,287.8876037597656,290.54998779296875,294.7799987792969,282.9599914550781,284.69000244140625,2918200
2025-09-23,289.4035949707031,292.0799865722656,293.6400146484375,289.80999755859375,291.0,1734400
2025-09-24,290.63226318359375,293.32000732421875,296.3800048828125,292.45001220703125,292.45001220703125,2405200
2025-09-25,291.8708190917969,294.57000732421875,295.5400085449219,293.5400085449219,293.9100036621094,1666900
2025-09-26,294.7640380859375,297.489990234375,298.4200134277344,293.3299865722656,294.67999267578125,1835400
2025-09-29,296.87451171875,299.6199951171875,300.9100036621094,297.2300109863281,297.2300109863281,1118000
2025-09-30,297.65728759765625,300.4100036621094,300.6000061035156,298.6700134277344,299.0,1089400
2025-10-01,295.943115234375,298.67999267578125,300.79998779296875,297.20001220703125,299.17999267578125,1594800
2025-10-02,295.5666198730469,298.29998779296875,301.4700012207031,297.6300048828125,299.30999755859375,1292900
2025-10-03,297.399658203125,300.1499938964844,302.239990234375,298.30999755859375,298.30999755859375,1839400
2025-10-06,296.90423583984375,299.6499938964844,301.5299987792969,298.57000732421875,301.44000244140625,2076600
2025-10-07,293.1489562988281,295.8599853515625,300.8299865722656,294.80999755859375,299.95001220703125,912200
2025-10-08,293.9020080566406,296.6199951171875,297.5400085449219,292.95001220703125,294.989990234375,886400
2025-10-09,292.1878967285156,294.8900146484375,297.5299987792969,294.4700012207031,297.5299987792969,926400
2025-10-10,285.72760009765625,288.3699951171875,297.57000732421875,288.30999755859375,295.7200012207031,925800
2025-10-13,286.9166259765625,289.57000732421875,291.4200134277344,287.7900085449219,289.5,1057300
2025-10-14,287.64984130859375,290.30999755859375,292.1099853515625,287.0,287.67999267578125,745600
2025-10-15,287.04541015625,289.70001220703125,291.7200012207031,288.42999267578125,290.4100036621094,938200
2025-10-16,285.84649658203125,288.489990234375,291.45001220703125,287.3500061035156,291.45001220703125,1115800
2025-10-17,287.12469482421875,289.7799987792969,292.57000732421875,289.239990234375,289.55999755859375,991300
2025-10-20,288.48211669921875,291.1499938964844,292.8900146484375,289.5,289.57000732421875,1348100
2025-10-21,287.12469482421875,289.7799987792969,292.0799865722656,288.9800109863281,290.1099853515625,993100
2025-10-22,285.9852294921875,288.6300048828125,292.5400085449219,288.5400085449219,290.2099914550781,1232100
2025-10-23,281.22918701171875,283.8299865722656,289.6199951171875,283.4100036621094,288.6400146484375,1124000
2025-10-24,277.9297180175781,280.5,285.0799865722656,279.9200134277344,283.4800109863281,1466700
2025-10-27,279.0592956542969,281.6400146484375,282.5799865722656,280.07000732421875,281.95001220703125,1086300
2025-10-28,277.83062744140625,280.3999938964844,284.6199951171875,280.30999755859375,282.7099914550781,1535300
2025-10-29,276.9685974121094,279.5299987792969,281.5,278.4100036621094,280.0,1048500
2025-10-30,279.0394287109375,281.6199951171875,283.4100036621094,279.489990234375,279.6300048828125,816700
2025-10-31,280.7833251953125,283.3800048828125,284.5299987792969,279.5,280.4100036621094,1062600
2025-11-03,279.5844421386719,282.1700134277344,284.0,281.5299987792969,282.44000244140625,1558800
2025-11-04,281.1994934082031,283.79998779296875,284.1099853515625,280.4100036621094,281.54998779296875,1420000
2025-11-05,278.1972351074219,280.7699890136719,284.67999267578125,280.760009765625,283.0299987792969,878600
2025-11-06,279.51507568359375,282.1000061035156,282.9599914550781,279.80999755859375,280.2799987792969,1088100
2025-11-07,282.9996643066406,284.25,284.2799987792969,281.0199890136719,281.0199890136719,1090400
2025-11-10,285.6579284667969,286.9200134277344,287.7099914550781,282.9700012207031,283.3900146484375,1369200
2025-11-11,286.3050842285156,287.57000732421875,288.4100036621094,286.3399963378906,287.9700012207031,727500
2025-11-12,285.22979736328125,286.489990234375,289.6300048828125,286.3500061035156,286.6000061035156,960100
2025-11-13,282.2828369140625,283.5299987792969,286.5799865722656,283.0,286.04998779296875,1295500
2025-11-14,282.7308654785156,283.9800109863281,286.0299987792969,282.6400146484375,283.3699951171875,2086700
2025-11-17,280.1721496582031,281.4100036621094,285.2300109863281,281.4100036621094,283.9800109863281,1568400
2025-11-18,279.5050964355469,280.739990234375,282.75,280.1400146484375,281.3699951171875,2076600
2025-11-19,280.53057861328125,281.7699890136719,283.0,280.4700012207031,281.3999938964844,1505100
2025-11-20,278.9873962402344,280.2200012207031,285.6300048828125,280.0899963378906,283.2900085449219,2600400
2025-11-21,285.03070068359375,286.2900085449219,286.9599914550781,281.260009765625,281.5799865722656,1337500
2025-11-24,281.8646545410156,283.1099853515625,287.0799865722656,282.29998779296875,286.5299987792969,2112500
2025-11-25,287.78851318359375,289.05999755859375,289.6700134277344,285.010009765625,285.1400146484375,1022500
2025-11-26,288.7542419433594,290.0299987792969,291.57000732421875,288.7699890136719,289.05999755859375,951200
2025-11-28,290.80517578125,292.0899963378906,293.2799987792969,288.8800048828125,289.6700134277344,453400
2025-12-01,288.55511474609375,289.8299865722656,294.0,289.7699890136719,291.3599853515625,1592500
2025-12-02,290.4666748046875,291.75,292.5299987792969,287.4200134277344,289.82000732421875,2389900
2025-12-03,292.7565612792969,294.04998779296875,295.25,290.7099914550781,292.0899963378906,1479200
2025-12-04,293.8318176269531,295.1300048828125,295.9599914550781,292.8900146484375,293.2099914550781,1553500
2025-12-05,292.89593505859375,294.19000244140625,295.5899963378906,293.30999755859375,293.70001220703125,1045100
2025-12-08,291.711181640625,293.0,296.0299987792969,292.6400146484375,295.010009765625,967800
2025-12-09,288.2564392089844,289.5299987792969,292.6700134277344,289.4700012207031,292.3900146484375,1704000
2025-12-10,292.96563720703125,294.260009765625,295.79998779296875,289.7099914550781,289.7099914550781,1652500
2025-12-11,292.7665100097656,294.05999755859375,294.5899963378906,291.32000732421875,292.4200134277344,1946500
2025-12-12,295.6736755371094,296.9800109863281,297.8900146484375,294.1700134277344,295.30999755859375,1690100
2025-12-15,298.172607421875,299.489990234375,299.8399963378906,295.9100036621094,298.0,1570100
2025-12-16,292.706787109375,294.0,300.4200134277344,293.7200012207031,299.5400085449219,2334400
2025-12-17,293.1348876953125,294.42999267578125,295.6600036621094,293.0199890136719,294.0,1118600
2025-12-18,290.54632568359375,291.8299865722656,296.6000061035156,291.2099914550781,294.82000732421875,1274200
2025-12-19,290.128173828125,291.4100036621094,293.0799865722656,289.20001220703125,291.04998779296875,1368300
2025-12-22,290.3173522949219,291.6000061035156,292.6700134277344,289.2699890136719,291.5199890136719,1017100
2025-12-23,290.5960998535156,291.8800048828125,292.44000244140625,290.6700134277344,291.5299987792969,1069800
2025-12-24,291.4224548339844,292.7099914550781,293.8299865722656,291.29998779296875,291.29998779296875,389300
2025-12-26,289.6801452636719,290.9599914550781,293.3299865722656,290.8599853515625,292.7099914550781,357000
2025-12-29,290.7653503417969,292.04998779296875,292.95001220703125,290.2799987792969,291.5799865722656,505500
2025-12-30,288.8338623046875,290.1099853515625,291.9700012207031,290.1000061035156,291.54998779296875,621500
2025-12-31,287.45001220703125,288.7200012207031,290.70001220703125,288.57000732421875,290.489990234375,719900
2026-01-02,286.5539855957031,287.82000732421875,290.17999267578125,287.010009765625,288.8900146484375,1567700
2026-01-05,286.6535339355469,287.9200134277344,291.2200012207031,285.94000244140625,286.9200134277344,1052800
2026-01-06,289.86932373046875,291.1499938964844,291.3900146484375,287.3800048828125,287.3800048828125,991200
2026-01-07,282.8403625488281,284.0899963378906,292.75,283.9200134277344,291.6099853515625,1198700
2026-01-08,288.44561767578125,289.7200012207031,291.25,283.30999755859375,283.4100036621094,725800
2026-01-09,285.9466247558594,287.2099914550781,293.6400146484375,286.5299987792969,290.5299987792969,786800
2026-01-12,287.4599609375,288.7300109863281,289.0299987792969,284.67999267578125,285.0,956400
2026-01-13,286.93231201171875,288.20001220703125,289.7200012207031,286.54998779296875,288.8399963378906,529600
2026-01-14,285.1103515625,286.3699951171875,289.3599853515625,285.45001220703125,286.75,619400
2026-01-15,289.490966796875,290.7699890136719,291.239990234375,286.8900146484375,287.55999755859375,1070900
2026-01-16,289.35162353515625,290.6300048828125,292.010009765625,289.0,290.5799865722656,1467000
2026-01-20,279.15667724609375,280.3900146484375,286.7799987792969,277.79998779296875,286.6400146484375,2240200
2026-01-21,287.8283386230469,289.1000061035156,289.5400085449219,281.6199951171875,282.3900146484375,1239200
2026-01-22,287.80841064453125,289.0799865722656,291.4599914550781,288.2099914550781,289.30999755859375,958100
2026-01-23,286.1457824707031,287.4100036621094,291.239990234375,287.0799865722656,289.42999267578125,940400
2026-01-26,286.9920349121094,288.260009765625,289.5299987792969,287.1000061035156,288.1099853515625,973400
2026-01-27,287.69891357421875,288.9700012207031,293.510009765625,286.29998779296875,288.8599853515625,1502600
2026-01-28,283.21868896484375,284.4700012207031,290.6600036621094,284.3699951171875,288.0,766000
2026-01-29,288.8836669921875,290.1600036621094,290.6400146484375,284.0,284.0,1125700
2026-01-30,289.95892333984375,291.239990234375,291.69000244140625,286.7799987792969,286.7799987792969,942300
2026-02-02,290.1679992675781,291.45001220703125,292.20001220703125,286.70001220703125,290.82000732421875,1153100
2026-02-03,297.0077819824219,298.32000732421875,298.7900085449219,289.5899963378906,289.5899963378906,1659700
2026-02-04,305.49029541015625,306.8399963378906,308.1099853515625,299.75,300.4200134277344,1425800
2026-02-05,305.55999755859375,306.9100036621094,309.2099914550781,304.760009765625,307.05999755859375,2020300
2026-02-06,306.4800109863281,306.4800109863281,307.9700012207031,302.9700012207031,303.4700012207031,1166500
2026-02-09,305.7200012207031,305.7200012207031,306.95001220703125,302.010009765625,305.489990234375,1228200
2026-02-10,315.45001220703125,315.45001220703125,316.239990234375,305.3599853515625,306.0400085449219,1525500
2026-02-11,317.2900085449219,317.2900085449219,318.6499938964844,315.2200012207031,315.45001220703125,1376300
2026-02-12,314.5400085449219,314.5400085449219,319.94000244140625,312.2900085449219,318.5899963378906,1293500
2026-02-13,314.94000244140625,314.94000244140625,316.8900146484375,311.6300048828125,313.25,746500
2026-02-17,316.1199951171875,316.1199951171875,318.0,314.6600036621094,315.6600036621094,1016000
2026-02-18,316.760009765625,316.760009765625,317.1300048828125,314.1000061035156,315.0,1337500
2026-02-19,314.04998779296875,314.04998779296875,317.510009765625,312.5400085449219,317.0,1224600
2026-02-20,316.2300109863281,316.2300109863281,318.42999267578125,313.0,313.7799987792969,1355200
2026-02-23,315.0299987792969,315.0299987792969,317.739990234375,311.70001220703125,317.739990234375,1470300
2026-02-24,316.0899963378906,316.0899963378906,316.29998779296875,312.95001220703125,313.94000244140625,2378200
2026-02-25,311.8500061035156,311.8500061035156,316.9599914550781,310.1300048828125,316.8800048828125,1412800
2026-02-26,313.010009765625,313.010009765625,315.9200134277344,310.9599914550781,312.69000244140625,1138600
2026-02-27,314.739990234375,314.739990234375,315.1199951171875,311.0299987792969,311.8699951171875,2128600
2026-03-02,317.4700012207031,317.4700012207031,318.4599914550781,312.010009765625,315.67999267578125,1016200
2026-03-03,317.260009765625,317.260009765625,317.5,309.7200012207031,313.0400085449219,1393300
2026-03-04,317.8299865722656,317.8299865722656,318.7900085449219,314.5400085449219,317.32000732421875,2111700
2026-03-05,310.9200134277344,310.9200134277344,317.9200134277344,310.6199951171875,315.9200134277344,852400
2026-03-06,302.8399963378906,302.8399963378906,309.5199890136719,300.260009765625,308.0,1832700
2026-03-09,302.42999267578125,302.42999267578125,303.25,295.4100036621094,299.67999267578125,1980800
2026-03-10,298.489990234375,298.489990234375,303.6000061035156,298.4100036621094,301.510009765625,1289000
2026-03-11,297.55999755859375,297.55999755859375,298.9800109863281,294.510009765625,295.7699890136719,1613800
2026-03-12,291.260009765625,291.260009765625,295.3299865722656,290.2200012207031,295.3299865722656,1015000
2026-03-13,289.3699951171875,289.3699951171875,292.82000732421875,288.1000061035156,292.82000732421875,745300
2026-03-16,290.70001220703125,290.70001220703125,294.2900085449219,290.489990234375,292.9800109863281,734400
2026-03-17,291.32000732421875,291.32000732421875,293.8500061035156,289.3399963378906,293.489990234375,601600
2026-03-18,284.3599853515625,284.3599853515625,291.1400146484375,283.8800048828125,290.42999267578125,1113800
2026-03-19,278.19000244140625,278.19000244140625,284.67999267578125,278.04998779296875,284.3500061035156,2011300
2026-03-20,281.0899963378906,281.0899963378906,282.489990234375,277.8999938964844,279.3399963378906,1643100
2026-03-23,284.95001220703125,284.95001220703125,288.1400146484375,284.30999755859375,285.739990234375,1001500
2026-03-24,283.6400146484375,283.6400146484375,287.9599914550781,282.04998779296875,282.7099914550781,876900
2026-03-25,282.6099853515625,282.6099853515625,286.2200012207031,282.2300109863281,286.010009765625,1166700
2026-03-26,283.2799987792969,283.2799987792969,283.5299987792969,279.739990234375,281.6600036621094,2168000
2026-03-27,283.25,283.25,285.1600036621094,280.94000244140625,281.1099853515625,1214700
2026-03-30,282.3299865722656,282.3299865722656,287.20001220703125,282.07000732421875,286.20001220703125,936400
2026-03-31,287.0,287.0,289.1099853515625,281.7300109863281,285.1300048828125,2141100
2026-04-01,287.0,287.0,291.0199890136719,287.0,288.5799865722656,1770900
2026-04-02,288.0,288.0,290.0,284.7699890136719,286.0,2064500
