Date,Adj Close,Close,High,Low,Open,Volume
2016-01-04,49.17365646362305,54.369998931884766,54.369998931884766,52.5,53.0,4145700
2016-01-05,49.499244689941406,54.72999954223633,55.16999816894531,54.18000030517578,54.369998931884766,3029200
2016-01-06,48.73953628540039,53.88999938964844,54.529998779296875,53.29999923706055,54.029998779296875,2533700
2016-01-07,48.621971130371094,53.7599983215332,55.11000061035156,52.5,52.970001220703125,3774700
2016-01-08,47.1206169128418,52.099998474121094,53.84000015258789,51.959999084472656,53.84000015258789,2830900
2016-01-11,47.563785552978516,52.59000015258789,52.869998931884766,51.880001068115234,52.52000045776367,2261900
2016-01-12,49.24602508544922,54.45000076293945,54.86000061035156,53.40999984741211,53.52000045776367,3878800
2016-01-13,47.20201110839844,52.189998626708984,54.27000045776367,52.06999969482422,54.2599983215332,3565100
2016-01-14,47.77180480957031,52.81999969482422,53.369998931884766,51.720001220703125,52.41999816894531,3212600
2016-01-15,47.29244613647461,52.290000915527344,52.72999954223633,51.209999084472656,51.209999084472656,3656500
2016-01-19,47.55474853515625,52.58000183105469,53.150001525878906,52.08000183105469,52.88999938964844,3279000
2016-01-20,47.192962646484375,52.18000030517578,52.83000183105469,50.41999816894531,51.9900016784668,4108700
2016-01-21,47.23820114135742,52.22999954223633,52.68000030517578,51.90999984741211,52.31999969482422,3216200
2016-01-22,48.965641021728516,54.13999938964844,54.27000045776367,52.7400016784668,52.959999084472656,2638200
2016-01-25,48.49533462524414,53.619998931884766,54.349998474121094,53.400001525878906,54.08000183105469,2208400
2016-01-26,49.13747787475586,54.33000183105469,54.47999954223633,53.20000076293945,53.52000045776367,2145000
2016-01-27,48.64003372192383,53.779998779296875,54.81999969482422,53.40999984741211,54.369998931884766,2477000
2016-01-28,48.79380416870117,53.95000076293945,54.43000030517578,53.22999954223633,54.2599983215332,2176800
2016-01-29,50.883026123046875,56.2599983215332,56.31999969482422,54.0,54.27000045776367,3492100
2016-02-01,51.335243225097656,56.7599983215332,57.189998626708984,55.849998474121094,56.2599983215332,4299200
2016-02-02,51.11818313598633,56.52000045776367,57.189998626708984,55.689998626708984,56.290000915527344,3145800
2016-02-03,49.833885192871094,55.099998474121094,56.91999816894531,54.439998626708984,56.779998779296875,3431400
2016-02-04,49.273155212402344,54.47999954223633,54.790000915527344,53.349998474121094,54.439998626708984,4135900
2016-02-05,48.22401809692383,53.31999969482422,54.25,53.0099983215332,54.209999084472656,4347200
2016-02-08,48.23304748535156,53.33000183105469,53.599998474121094,52.11000061035156,52.66999816894531,3809900
2016-02-09,49.31837844848633,54.529998779296875,54.86000061035156,52.779998779296875,52.939998626708984,3878400
2016-02-10,48.69432067871094,53.84000015258789,55.63999938964844,53.810001373291016,54.470001220703125,3474200
2016-02-11,47.53665542602539,52.560001373291016,53.61000061035156,52.15999984741211,53.220001220703125,3467900
2016-02-12,48.6129264831543,53.75,54.060001373291016,52.310001373291016,53.2599983215332,2643100
2016-02-16,49.74345779418945,55.0,56.11000061035156,54.2400016784668,54.33000183105469,4148200
2016-02-17,49.80677032470703,55.06999969482422,55.86000061035156,54.900001525878906,55.52000045776367,4409600
2016-02-18,49.58065414428711,54.81999969482422,55.11000061035156,54.290000915527344,54.77000045776367,3221000
2016-02-19,49.46308135986328,54.689998626708984,54.72999954223633,53.599998474121094,54.4900016784668,3180700
2016-02-22,50.132347106933594,55.43000030517578,55.790000915527344,55.02000045776367,55.31999969482422,3040400
2016-02-23,50.059993743896484,55.349998474121094,56.0,55.029998779296875,55.11000061035156,3101300
2016-02-24,50.873985290527344,56.25,56.380001068115234,54.84000015258789,55.25,3838800
2016-02-25,51.13627243041992,56.540000915527344,56.77000045776367,55.709999084472656,56.54999923706055,2804700
2016-02-26,50.910152435302734,56.290000915527344,56.81999969482422,55.63999938964844,56.77000045776367,2443600
2016-02-29,49.7253532409668,54.97999954223633,56.56999969482422,54.91999816894531,56.099998474121094,6074900
2016-03-01,50.855899810791016,56.22999954223633,56.529998779296875,55.36000061035156,55.45000076293945,5119700
2016-03-02,52.22158432006836,57.7400016784668,58.91999816894531,56.75,57.849998474121094,8993600
2016-03-03,52.3210563659668,57.849998474121094,58.43000030517578,56.06999969482422,58.27000045776367,4220300
2016-03-04,51.932159423828125,57.41999816894531,57.810001373291016,57.099998474121094,57.72999954223633,3673400
2016-03-07,52.031646728515625,57.529998779296875,59.439998626708984,57.25,57.619998931884766,3128300
2016-03-08,51.89599609375,57.380001068115234,58.099998474121094,57.22999954223633,57.40999984741211,2346700
2016-03-09,51.172447204589844,56.58000183105469,57.470001220703125,56.25,56.439998626708984,3208400
2016-03-10,51.865989685058594,57.209999084472656,57.560001373291016,56.15999984741211,56.279998779296875,3016500
2016-03-11,52.54592514038086,57.959999084472656,58.099998474121094,57.209999084472656,57.939998626708984,2369700
2016-03-14,52.736305236816406,58.16999816894531,58.29999923706055,57.75,57.93000030517578,1551000
2016-03-15,52.70004653930664,58.130001068115234,58.5,57.849998474121094,57.849998474121094,1784100
2016-03-16,52.66378402709961,58.09000015258789,58.29999923706055,57.43000030517578,57.849998474121094,2502300
2016-03-17,53.06268310546875,58.529998779296875,58.56999969482422,57.65999984741211,57.9900016784668,2112100
2016-03-18,53.76074981689453,59.29999923706055,59.68000030517578,58.5,58.79999923706055,4666700
2016-03-21,52.972015380859375,58.43000030517578,59.11000061035156,58.209999084472656,58.849998474121094,2361100
2016-03-22,52.690975189208984,58.119998931884766,58.900001525878906,58.04999923706055,58.86000061035156,2242200
2016-03-23,52.74536895751953,58.18000030517578,58.40999984741211,57.619998931884766,58.040000915527344,1281200
2016-03-24,52.047298431396484,57.40999984741211,58.5,56.880001068115234,58.349998474121094,2527400
2016-03-28,52.21047592163086,57.59000015258789,57.9900016784668,57.29999923706055,57.540000915527344,2035400
2016-03-29,52.66378402709961,58.09000015258789,58.13999938964844,57.5,57.70000076293945,2081200
2016-03-30,52.89043045043945,58.34000015258789,58.59000015258789,57.63999938964844,58.27000045776367,1830100
2016-03-31,52.49153518676758,57.900001525878906,58.77000045776367,57.849998474121094,58.34000015258789,1977700
2016-04-01,53.16240692138672,58.63999938964844,58.790000915527344,57.619998931884766,57.88999938964844,2307600
2016-04-04,53.171470642089844,58.650001525878906,59.0099983215332,58.40999984741211,58.869998931884766,2941100
2016-04-05,52.49153518676758,57.900001525878906,58.52000045776367,57.5099983215332,57.68000030517578,2314400
2016-04-06,53.02642059326172,58.4900016784668,58.790000915527344,57.709999084472656,58.060001373291016,1797600
2016-04-07,51.40363311767578,56.70000076293945,58.529998779296875,56.400001525878906,58.09000015258789,2996700
2016-04-08,51.24950408935547,56.529998779296875,56.79999923706055,56.18000030517578,56.66999816894531,1937400
2016-04-11,50.8143310546875,56.04999923706055,56.91999816894531,56.0099983215332,56.529998779296875,1966400
2016-04-12,51.14070129394531,56.40999984741211,56.4900016784668,55.439998626708984,56.15999984741211,1554000
2016-04-13,51.630287170410156,56.95000076293945,57.029998779296875,56.11000061035156,56.68000030517578,1751200
2016-04-14,51.657466888427734,56.97999954223633,57.06999969482422,56.02000045776367,56.459999084472656,2681200
2016-04-15,51.630287170410156,56.95000076293945,57.34000015258789,56.709999084472656,57.15999984741211,1945600
2016-04-18,52.37366485595703,57.77000045776367,57.900001525878906,56.75,56.93000030517578,2095300
2016-04-19,52.15608215332031,57.529998779296875,58.04999923706055,57.209999084472656,57.95000076293945,1506600
2016-04-20,52.02916717529297,57.38999938964844,57.66999816894531,57.04999923706055,57.5099983215332,2033300
2016-04-21,51.90225601196289,57.25,58.099998474121094,57.20000076293945,57.630001068115234,2286500
2016-04-22,51.37642288208008,56.66999816894531,57.38999938964844,56.5,57.16999816894531,2286300
2016-04-25,51.67560577392578,57.0,57.119998931884766,56.13999938964844,56.689998626708984,2073600
2016-04-26,52.21955490112305,57.599998474121094,57.84000015258789,56.869998931884766,57.130001068115234,1577900
2016-04-27,52.77256393432617,58.209999084472656,58.310001373291016,57.130001068115234,57.59000015258789,1918200
2016-04-28,52.074493408203125,57.439998626708984,58.22999954223633,57.310001373291016,57.9900016784668,2032500
2016-04-29,51.476165771484375,56.779998779296875,57.099998474121094,56.06999969482422,56.939998626708984,2940500
2016-05-02,52.21047592163086,57.59000015258789,57.779998779296875,56.68000030517578,57.06999969482422,1267900
2016-05-03,51.947574615478516,57.29999923706055,57.689998626708984,56.65999984741211,57.279998779296875,1499300
2016-05-04,52.25580978393555,57.63999938964844,57.79999923706055,56.689998626708984,56.95000076293945,1661000
2016-05-05,51.195106506347656,56.470001220703125,57.900001525878906,56.439998626708984,57.5099983215332,1897000
2016-05-06,51.73905944824219,57.06999969482422,57.09000015258789,55.5099983215332,55.5099983215332,2074900
2016-05-09,52.72724151611328,58.15999984741211,58.36000061035156,56.91999816894531,57.81999969482422,2305200
2016-05-10,52.18330001831055,57.560001373291016,58.5,57.22999954223633,58.2400016784668,2393700
2016-05-11,49.35474395751953,54.439998626708984,55.83000183105469,54.43000030517578,55.400001525878906,5519400
2016-05-12,49.944007873535156,55.09000015258789,55.349998474121094,53.869998931884766,54.540000915527344,3635400
2016-05-13,49.245933532714844,54.31999969482422,55.63999938964844,54.279998779296875,55.09000015258789,3385100
2016-05-16,50.53329849243164,55.7400016784668,55.93000030517578,54.0,54.16999816894531,3181800
2016-05-17,49.42726135253906,54.52000045776367,57.209999084472656,54.13999938964844,56.689998626708984,4934200
2016-05-18,49.23685836791992,54.310001373291016,54.70000076293945,53.34000015258789,54.119998931884766,3216600
2016-05-19,50.3338508605957,55.52000045776367,55.86000061035156,54.619998931884766,54.630001068115234,5564900
2016-05-20,47.586883544921875,52.4900016784668,53.95000076293945,52.0,52.04999923706055,11595400
2016-05-23,47.50529098510742,52.400001525878906,53.04999923706055,52.16999816894531,52.529998779296875,4340400
2016-05-24,48.3756103515625,53.36000061035156,53.54999923706055,52.52000045776367,52.63999938964844,3007700
2016-05-25,48.420955657958984,53.40999984741211,53.880001068115234,52.81999969482422,53.290000915527344,2900800
2016-05-26,48.84705352783203,53.880001068115234,54.439998626708984,53.540000915527344,53.709999084472656,2568400
2016-05-27,48.883304595947266,53.91999816894531,54.22999954223633,53.59000015258789,54.06999969482422,2254700
2016-05-31,48.41188049316406,53.400001525878906,54.439998626708984,53.060001373291016,54.40999984741211,3004400
2016-06-01,48.32121658325195,53.29999923706055,53.869998931884766,53.2599983215332,53.470001220703125,2197100
2016-06-02,48.67478942871094,53.689998626708984,53.77000045776367,53.20000076293945,53.34000015258789,2215900
2016-06-03,48.25216293334961,53.09000015258789,53.470001220703125,52.869998931884766,53.470001220703125,2591100
2016-06-06,47.57050704956055,52.34000015258789,53.349998474121094,52.060001373291016,53.20000076293945,3106800
2016-06-07,48.33396530151367,53.18000030517578,53.400001525878906,52.27000045776367,52.380001068115234,3828200
2016-06-08,48.57936096191406,53.45000076293945,53.59000015258789,52.9900016784668,53.2400016784668,2442100
2016-06-09,49.279205322265625,54.220001220703125,54.5,52.93000030517578,53.31999969482422,4723900
2016-06-10,48.74295425415039,53.630001068115234,53.93000030517578,53.2599983215332,53.599998474121094,2859300
2016-06-13,48.661155700683594,53.540000915527344,53.849998474121094,53.029998779296875,53.54999923706055,3103300
2016-06-14,48.979270935058594,53.88999938964844,54.02000045776367,53.22999954223633,53.5,3433700
2016-06-15,49.37007522583008,54.31999969482422,54.65999984741211,53.81999969482422,53.90999984741211,3625200
2016-06-16,49.47006607055664,54.43000030517578,54.56999969482422,54.0,54.130001068115234,2272500
2016-06-17,49.306453704833984,54.25,54.4900016784668,53.90999984741211,54.310001373291016,3557500
2016-06-20,49.261016845703125,54.20000076293945,55.25,54.15999984741211,54.70000076293945,2152700
2016-06-21,49.85177993774414,54.849998474121094,54.97999954223633,54.150001525878906,54.310001373291016,2765000
2016-06-22,49.47006607055664,54.43000030517578,55.22999954223633,54.13999938964844,54.79999923706055,2981600
2016-06-23,49.142860412597656,54.06999969482422,54.97999954223633,53.81999969482422,54.689998626708984,2249000
2016-06-24,49.46095657348633,54.41999816894531,54.95000076293945,52.75,52.75,5501500
2016-06-27,49.760887145996094,54.75,54.869998931884766,53.34000015258789,54.29999923706055,4214900
2016-06-28,50.2971305847168,55.34000015258789,55.45000076293945,54.5099983215332,54.68000030517578,2825300
2016-06-29,50.687950134277344,55.77000045776367,56.34000015258789,55.540000915527344,55.540000915527344,3042300
2016-06-30,51.524105072021484,56.689998626708984,56.72999954223633,55.61000061035156,55.86000061035156,2604500
2016-07-01,51.2150993347168,56.349998474121094,57.22999954223633,56.15999984741211,56.54999923706055,1959700
2016-07-05,51.22418975830078,56.36000061035156,56.529998779296875,55.88999938964844,56.189998626708984,1577300
2016-07-06,51.61500549316406,56.790000915527344,56.79999923706055,55.9900016784668,56.34000015258789,2822300
2016-07-07,51.40596008300781,56.560001373291016,56.810001373291016,56.310001373291016,56.529998779296875,1762000
2016-07-08,52.88742446899414,58.189998626708984,58.220001220703125,56.70000076293945,57.0,2466200
2016-07-11,52.76927185058594,58.060001373291016,58.31999969482422,57.61000061035156,58.15999984741211,2868600
2016-07-12,52.62385177612305,57.900001525878906,58.36000061035156,57.599998474121094,58.22999954223633,3131200
2016-07-13,52.75109100341797,58.040000915527344,58.5099983215332,57.70000076293945,58.22999954223633,2238000
2016-07-14,52.73291015625,58.02000045776367,58.2599983215332,57.79999923706055,58.2400016784668,1861900
2016-07-15,52.88742446899414,58.189998626708984,58.34000015258789,57.88999938964844,58.34000015258789,2187000
2016-07-18,53.57816696166992,58.95000076293945,59.369998931884766,58.31999969482422,58.40999984741211,2184600
2016-07-19,53.81446838378906,59.209999084472656,59.290000915527344,58.81999969482422,58.88999938964844,2208300
2016-07-20,53.91445541381836,59.31999969482422,59.5,59.060001373291016,59.220001220703125,1751400
2016-07-21,53.823570251464844,59.220001220703125,59.5,58.900001525878906,59.31999969482422,1570400
2016-07-22,54.505210876464844,59.970001220703125,60.189998626708984,59.130001068115234,59.599998474121094,1976700
2016-07-25,55.55951690673828,61.130001068115234,61.2599983215332,59.83000183105469,59.91999816894531,2775000
2016-07-26,56.33205032348633,61.97999954223633,62.02000045776367,61.040000915527344,61.040000915527344,3674900
2016-07-27,55.795814514160156,61.38999938964844,62.349998474121094,61.22999954223633,61.83000183105469,3415900
2016-07-28,55.74128341674805,61.33000183105469,61.70000076293945,60.900001525878906,61.400001525878906,2405700
2016-07-29,56.19572830200195,61.83000183105469,61.88999938964844,61.08000183105469,61.310001373291016,2159300
2016-08-01,55.9685173034668,61.58000183105469,62.02000045776367,61.08000183105469,61.720001220703125,2103400
2016-08-02,55.15053176879883,60.68000030517578,61.650001525878906,60.33000183105469,61.369998931884766,2118600
2016-08-03,55.732208251953125,61.31999969482422,61.31999969482422,59.56999969482422,60.209999084472656,2520500
2016-08-04,55.88671875,61.4900016784668,61.79999923706055,61.16999816894531,61.439998626708984,2060500
2016-08-05,56.21390151977539,61.849998474121094,62.13999938964844,61.4900016784668,61.72999954223633,2157400
2016-08-08,55.9048957824707,61.5099983215332,61.880001068115234,61.2400016784668,61.81999969482422,2294000
2016-08-09,55.25958251953125,60.79999923706055,61.689998626708984,60.58000183105469,61.540000915527344,3192700
2016-08-10,55.49588394165039,61.060001373291016,61.33000183105469,60.5,61.02000045776367,2595400
2016-08-11,56.31389236450195,61.959999084472656,62.369998931884766,61.09000015258789,61.720001220703125,2441700
2016-08-12,57.36817169189453,63.119998931884766,63.13999938964844,61.29999923706055,61.5,3110400
2016-08-15,57.45906066894531,63.220001220703125,63.619998931884766,63.02000045776367,63.33000183105469,3216200
2016-08-16,56.23207473754883,61.869998931884766,63.06999969482422,61.81999969482422,62.33000183105469,4645500
2016-08-17,56.62289810180664,62.29999923706055,62.380001068115234,61.68000030517578,61.880001068115234,2979800
2016-08-18,57.150062561035156,62.880001068115234,63.650001525878906,62.29999923706055,62.4900016784668,4835300
2016-08-19,59.131378173828125,65.05999755859375,66.27999877929688,64.19999694824219,64.5,7260000
2016-08-22,58.57698059082031,64.44999694824219,65.26000213623047,64.37000274658203,65.06999969482422,4935700
2016-08-23,58.44065475463867,64.30000305175781,64.97000122070312,64.16999816894531,64.76000213623047,2887600
2016-08-24,58.049835205078125,63.869998931884766,64.30999755859375,63.65999984741211,64.16999816894531,2419000
2016-08-25,57.63174819946289,63.40999984741211,64.0199966430664,62.900001525878906,63.83000183105469,3492000
2016-08-26,57.49542236328125,63.2599983215332,63.900001525878906,62.95000076293945,63.459999084472656,2222500
2016-08-29,57.35908508300781,63.11000061035156,63.61000061035156,62.90999984741211,63.22999954223633,2540300
2016-08-30,56.62289810180664,62.29999923706055,63.08000183105469,62.08000183105469,62.90999984741211,2190700
2016-08-31,56.69120407104492,62.2400016784668,62.41999816894531,61.81999969482422,62.220001220703125,2603900
2016-09-01,56.81873321533203,62.380001068115234,62.5099983215332,61.630001068115234,62.459999084472656,1813500
2016-09-02,57.13752365112305,62.72999954223633,62.84000015258789,62.130001068115234,62.54999923706055,1316600
2016-09-06,57.15574264526367,62.75,62.75,61.83000183105469,62.529998779296875,2361300
2016-09-07,57.255924224853516,62.86000061035156,63.029998779296875,62.099998474121094,62.099998474121094,2233200
2016-09-08,57.128421783447266,62.720001220703125,63.0,62.45000076293945,62.63999938964844,2082900
2016-09-09,55.36137390136719,60.779998779296875,62.41999816894531,60.77000045776367,62.20000076293945,3021000
2016-09-12,56.208465576171875,61.709999084472656,61.790000915527344,60.790000915527344,60.86000061035156,2244100
2016-09-13,55.71659469604492,61.16999816894531,62.0,60.810001373291016,61.40999984741211,2409700
2016-09-14,55.835018157958984,61.29999923706055,61.61000061035156,61.040000915527344,61.16999816894531,1897900
2016-09-15,56.42706298828125,61.95000076293945,62.09000015258789,60.84000015258789,61.09000015258789,1846300
2016-09-16,56.408843994140625,61.93000030517578,62.02000045776367,61.310001373291016,61.810001373291016,2934300
2016-09-19,56.955352783203125,62.529998779296875,62.810001373291016,61.93000030517578,62.06999969482422,2338900
2016-09-20,57.301483154296875,62.90999984741211,63.0099983215332,62.369998931884766,62.540000915527344,2621600
2016-09-21,57.70225143432617,63.349998474121094,63.459999084472656,62.5,63.459999084472656,2288200
2016-09-22,58.27608871459961,63.97999954223633,64.27999877929688,63.5,63.58000183105469,2083200
2016-09-23,58.531131744384766,64.26000213623047,64.62000274658203,63.58000183105469,63.58000183105469,1814500
2016-09-26,58.075706481933594,63.7599983215332,64.26000213623047,63.47999954223633,64.12000274658203,1762800
2016-09-27,58.649532318115234,64.38999938964844,64.5999984741211,63.63999938964844,63.63999938964844,2200700
2016-09-28,57.775123596191406,63.43000030517578,64.51000213623047,63.22999954223633,64.48999786376953,2197700
2016-09-29,57.70225143432617,63.349998474121094,63.95000076293945,63.189998626708984,63.40999984741211,1982000
2016-09-30,58.567562103271484,64.30000305175781,64.52999877929688,63.529998779296875,63.869998931884766,2042000
2016-10-03,58.50379943847656,64.2300033569336,64.6500015258789,63.7400016784668,63.970001220703125,2091100
2016-10-04,58.531131744384766,64.26000213623047,64.69000244140625,64.0199966430664,64.13999938964844,1597500
2016-10-05,58.731510162353516,64.4800033569336,65.4000015258789,64.23999786376953,64.25,2318300
2016-10-06,58.63130569458008,64.37000274658203,64.54000091552734,63.83000183105469,64.23999786376953,1757300
2016-10-07,58.5493278503418,64.27999877929688,65.29000091552734,63.95000076293945,64.66999816894531,1945200
2016-10-10,58.476463317871094,64.19999694824219,64.98999786376953,64.08000183105469,64.68000030517578,1823500
2016-10-11,58.06660079956055,63.75,64.16000366210938,63.540000915527344,64.1500015258789,1944600
2016-10-12,59.11407470703125,64.9000015258789,64.94999694824219,63.849998474121094,63.91999816894531,2141500
2016-10-13,59.03207778930664,64.80999755859375,64.83000183105469,64.05000305175781,64.62000274658203,2001800
2016-10-14,58.89545440673828,64.66000366210938,65.13999938964844,64.54000091552734,64.94000244140625,1626700
2016-10-17,58.649532318115234,64.38999938964844,65.05000305175781,64.27999877929688,64.69999694824219,2152200
2016-10-18,57.88442611694336,63.54999923706055,64.9000015258789,63.540000915527344,64.66000366210938,2262700
2016-10-19,57.71136474609375,63.36000061035156,64.5999984741211,63.029998779296875,64.5999984741211,3019000
2016-10-20,57.75690460205078,63.40999984741211,64.0,63.2400016784668,63.470001220703125,2042300
2016-10-21,57.747802734375,63.400001525878906,63.41999816894531,62.77000045776367,63.189998626708984,1799900
2016-10-24,57.738685607910156,63.38999938964844,63.93000030517578,63.13999938964844,63.72999954223633,2108100
2016-10-25,57.50187683105469,63.130001068115234,63.33000183105469,62.560001373291016,63.040000915527344,1758000
2016-10-26,57.83887481689453,63.5,63.97999954223633,63.0,63.060001373291016,2040000
2016-10-27,56.75495910644531,62.310001373291016,63.619998931884766,62.08000183105469,63.5,2235800
2016-10-28,56.72765350341797,62.279998779296875,62.54999923706055,61.779998779296875,62.189998626708984,2324700
2016-10-31,56.96445846557617,62.540000915527344,62.56999969482422,61.900001525878906,62.43000030517578,3182600
2016-11-01,56.57280731201172,62.11000061035156,62.689998626708984,61.81999969482422,62.400001525878906,3157900
2016-11-02,56.57280731201172,62.11000061035156,62.40999984741211,61.83000183105469,62.18000030517578,1842700
2016-11-03,55.81678771972656,61.279998779296875,62.38999938964844,61.20000076293945,62.31999969482422,2118300
2016-11-04,55.92609405517578,61.400001525878906,62.13999938964844,61.029998779296875,61.029998779296875,2293800
2016-11-07,57.01000213623047,62.59000015258789,62.880001068115234,61.630001068115234,61.90999984741211,3191900
2016-11-08,57.24683380126953,62.849998474121094,63.689998626708984,62.290000915527344,62.59000015258789,2801700
2016-11-09,57.255924224853516,62.86000061035156,63.0,61.0,61.529998779296875,2880800
2016-11-10,57.60206604003906,63.2400016784668,64.63999938964844,62.93000030517578,63.130001068115234,3491200
2016-11-11,57.96641159057617,63.63999938964844,63.900001525878906,62.52000045776367,63.130001068115234,3390500
2016-11-14,57.929969787597656,63.599998474121094,64.47000122070312,63.56999969482422,63.72999954223633,3865000
2016-11-15,57.46543502807617,63.09000015258789,64.01000213623047,61.97999954223633,64.0,4099800
2016-11-16,58.16679382324219,63.86000061035156,64.08999633789062,62.91999816894531,63.09000015258789,3744500
2016-11-17,59.687896728515625,65.52999877929688,65.52999877929688,63.11000061035156,64.11000061035156,4038300
2016-11-18,61.93769836425781,68.0,68.83999633789062,66.5999984741211,67.72000122070312,6999100
2016-11-21,61.87393569946289,67.93000030517578,68.36000061035156,67.55999755859375,68.0199966430664,4024500
2016-11-22,62.79389572143555,68.94000244140625,69.80999755859375,68.55000305175781,68.6500015258789,7715400
2016-11-23,63.076271057128906,69.25,69.73999786376953,68.52999877929688,68.80999755859375,2832500
2016-11-25,62.88497543334961,69.04000091552734,69.55000305175781,68.86000061035156,69.55000305175781,1036400
2016-11-28,62.265602111816406,68.36000061035156,69.0,68.29000091552734,68.79000091552734,2693800
2016-11-29,62.45687484741211,68.56999969482422,68.8499984741211,68.20999908447266,68.5999984741211,2221300
2016-11-30,61.56425094604492,67.58999633789062,68.72000122070312,67.58000183105469,68.44999694824219,4411600
2016-12-01,61.37296676635742,67.37999725341797,67.94999694824219,67.08999633789062,67.45999908447266,2925100
2016-12-02,61.354740142822266,67.36000061035156,67.87999725341797,67.19000244140625,67.44999694824219,2248700
2016-12-05,61.28630065917969,67.1500015258789,67.91999816894531,66.87000274658203,67.69000244140625,2765700
2016-12-06,61.3867073059082,67.26000213623047,67.5,66.69999694824219,67.26000213623047,2626200
2016-12-07,62.29936981201172,68.26000213623047,68.30000305175781,67.05000305175781,67.37999725341797,2360200
2016-12-08,61.788272857666016,67.69999694824219,68.44000244140625,67.47000122070312,68.12999725341797,2451300
2016-12-09,61.71525955200195,67.62000274658203,67.77999877929688,66.91000366210938,67.77999877929688,2198400
2016-12-12,61.505348205566406,67.38999938964844,67.80999755859375,67.01000213623047,67.44999694824219,1786700
2016-12-13,62.30850601196289,68.2699966430664,68.69000244140625,67.44000244140625,67.69000244140625,2698600
2016-12-14,61.55099105834961,67.44000244140625,68.45999908447266,67.20999908447266,68.4000015258789,2827300
2016-12-15,61.39582443237305,67.2699966430664,67.94000244140625,67.06999969482422,67.68000030517578,3236900
2016-12-16,63.45847702026367,69.52999877929688,69.52999877929688,67.29000091552734,67.48999786376953,11132700
2016-12-19,62.43629455566406,68.41000366210938,69.23999786376953,68.33999633789062,69.0,4173800
2016-12-20,62.45453643798828,68.43000030517578,69.0,68.13999938964844,68.5199966430664,3205900
2016-12-21,62.06209182739258,68.0,68.7300033569336,67.97000122070312,68.44999694824219,2105700
2016-12-22,61.24979782104492,67.11000061035156,67.95999908447266,66.98999786376953,67.83000183105469,2058500
2016-12-23,61.24979782104492,67.11000061035156,67.58000183105469,67.06999969482422,67.1500015258789,1411300
2016-12-27,61.28630065917969,67.1500015258789,67.70999908447266,67.13999938964844,67.26000213623047,1266400
2016-12-28,60.71131134033203,66.5199966430664,67.58999633789062,66.47000122070312,67.27999877929688,1808600
2016-12-29,60.57442855834961,66.37000274658203,67.13999938964844,66.27999877929688,66.48999786376953,1670200
2016-12-30,59.871646881103516,65.5999984741211,66.95999908447266,65.48999786376953,66.69000244140625,2776900
2017-01-03,59.88078689575195,65.61000061035156,66.97000122070312,65.38999938964844,66.0199966430664,3023800
2017-01-04,60.738704681396484,66.55000305175781,66.76000213623047,65.62000274658203,65.66000366210938,2970600
2017-01-05,59.953792572021484,65.69000244140625,66.58999633789062,65.55000305175781,65.72000122070312,2798800
2017-01-06,59.60698318481445,65.30999755859375,65.98999786376953,65.26000213623047,65.79000091552734,2183200
2017-01-09,59.73474884033203,65.44999694824219,65.9800033569336,65.2699966430664,65.2699966430664,2182200
2017-01-10,60.93948745727539,66.7699966430664,67.19999694824219,65.26000213623047,65.30999755859375,3020300
2017-01-11,60.738704681396484,66.55000305175781,67.20999908447266,66.08000183105469,66.79000091552734,1919600
2017-01-12,60.77519989013672,66.58999633789062,66.69000244140625,65.91000366210938,66.3499984741211,1209900
2017-01-13,61.08552169799805,66.93000030517578,67.08999633789062,66.48999786376953,66.51000213623047,1418100
2017-01-17,61.25893020629883,67.12000274658203,68.36000061035156,66.80999755859375,66.9000015258789,1611900
2017-01-18,61.058135986328125,66.9000015258789,67.4000015258789,66.72000122070312,67.4000015258789,1935500
2017-01-19,60.2002067565918,65.95999908447266,67.0,65.83000183105469,66.7699966430664,1469300
2017-01-20,60.23673629760742,66.0,66.44000244140625,65.4800033569336,66.27999877929688,1732700
2017-01-23,59.4244499206543,65.11000061035156,66.06999969482422,64.88999938964844,65.80999755859375,2048800
2017-01-24,60.337120056152344,66.11000061035156,66.22000122070312,65.19000244140625,65.19000244140625,1676500
2017-01-25,60.2002067565918,65.95999908447266,66.5,65.70999908447266,66.33999633789062,2194100
2017-01-26,59.84427261352539,65.56999969482422,66.3499984741211,65.5199966430664,66.13999938964844,2090500
2017-01-27,59.62522888183594,65.33000183105469,65.87000274658203,64.94000244140625,65.81999969482422,1967600
2017-01-30,59.679996490478516,65.38999938964844,65.68000030517578,64.68000030517578,65.26000213623047,1655400
2017-01-31,60.337120056152344,66.11000061035156,66.12999725341797,64.58000183105469,65.1500015258789,1832300
2017-02-01,60.127193450927734,65.87999725341797,66.31999969482422,65.4800033569336,66.0199966430664,2148200
2017-02-02,59.90817642211914,65.63999938964844,66.18000030517578,65.45999908447266,65.7300033569336,1654800
2017-02-03,60.2002067565918,65.95999908447266,66.58000183105469,65.62000274658203,65.91000366210938,1698700
2017-02-06,60.54704666137695,66.33999633789062,66.45999908447266,65.66000366210938,65.80999755859375,1734900
2017-02-07,60.565277099609375,66.36000061035156,66.68000030517578,66.08000183105469,66.3499984741211,1368200
2017-02-08,61.760894775390625,67.66999816894531,67.86000061035156,66.33000183105469,66.36000061035156,1950400
2017-02-09,62.217262268066406,68.16999816894531,68.44000244140625,67.69999694824219,67.80000305175781,1818400
2017-02-10,62.78310012817383,68.79000091552734,68.95999908447266,67.83999633789062,68.31999969482422,2219200
2017-02-13,62.107704162597656,68.05000305175781,69.02999877929688,67.98999786376953,69.0,2116300
2017-02-14,62.7009391784668,68.69999694824219,68.72000122070312,67.94000244140625,68.05000305175781,1994600
2017-02-15,62.901737213134766,68.91999816894531,68.94999694824219,68.38999938964844,68.51000213623047,2377700
2017-02-16,62.29936981201172,68.26000213623047,69.08000183105469,67.97000122070312,69.08000183105469,2542000
2017-02-17,62.56404495239258,68.55000305175781,68.58999633789062,67.87000274658203,68.22000122070312,4137500
2017-02-21,62.80133056640625,68.80999755859375,69.52999877929688,68.55000305175781,68.98999786376953,2788200
2017-02-22,63.01124954223633,69.04000091552734,69.4000015258789,68.72000122070312,68.93000030517578,2540500
2017-02-23,61.733524322509766,67.63999938964844,68.93000030517578,67.55999755859375,68.83999633789062,2618100
2017-02-24,62.98388671875,69.01000213623047,69.37000274658203,67.5199966430664,67.75,3232900
2017-02-27,63.11168670654297,69.1500015258789,69.38999938964844,68.66999816894531,68.9800033569336,2380300
2017-02-28,62.5914421081543,68.58000183105469,68.8499984741211,68.05000305175781,68.8499984741211,3499400
2017-03-01,60.96684646606445,66.80000305175781,68.25,65.62999725341797,68.0199966430664,7923600
2017-03-02,61.88867950439453,67.80999755859375,68.37999725341797,66.62000274658203,66.7300033569336,3312000
2017-03-03,61.21329879760742,67.06999969482422,67.91000366210938,66.55000305175781,67.80000305175781,2605500
2017-03-06,61.51448059082031,67.4000015258789,67.54000091552734,66.63999938964844,67.05999755859375,2819100
2017-03-07,61.03075408935547,66.87000274658203,67.58000183105469,66.69000244140625,67.16000366210938,2496000
2017-03-08,61.03075408935547,66.70999908447266,67.11000061035156,66.43000030517578,66.70999908447266,1965800
2017-03-09,60.97587203979492,66.6500015258789,66.83000183105469,66.37000274658203,66.7300033569336,1867600
2017-03-10,61.259464263916016,66.95999908447266,67.13999938964844,66.44000244140625,67.11000061035156,2016900
2017-03-13,61.25031661987305,66.94999694824219,67.19999694824219,66.54000091552734,66.94000244140625,2354400
2017-03-14,61.5522346496582,67.27999877929688,67.45999908447266,66.70999908447266,66.87999725341797,1648600
2017-03-15,61.79008865356445,67.54000091552734,67.76000213623047,66.83000183105469,67.2300033569336,1357200
2017-03-16,61.57969284057617,67.30999755859375,67.94999694824219,67.22000122070312,67.23999786376953,1863500
2017-03-17,61.890724182128906,67.6500015258789,67.91000366210938,67.08999633789062,67.91000366210938,3324800
2017-03-20,60.80203628540039,66.45999908447266,67.63999938964844,66.27999877929688,67.45999908447266,2135800
2017-03-21,60.1707649230957,65.7699966430664,66.75,65.44000244140625,66.70999908447266,2453200
2017-03-22,60.701416015625,66.3499984741211,66.48999786376953,65.41000366210938,66.0,1821300
2017-03-23,60.1707649230957,65.7699966430664,66.5999984741211,65.69000244140625,66.23999786376953,1740500
2017-03-24,60.49098587036133,66.12000274658203,66.55000305175781,65.69000244140625,66.08999633789062,1857400
2017-03-27,59.777381896972656,65.33999633789062,65.91000366210938,65.20999908447266,65.76000213623047,2326200
2017-03-28,60.1707649230957,65.7699966430664,65.86000061035156,64.76000213623047,65.2699966430664,2075100
2017-03-29,60.43608093261719,66.05999755859375,66.37999725341797,65.45999908447266,65.7699966430664,1593300
2017-03-30,60.93926239013672,66.61000061035156,66.62999725341797,65.87000274658203,65.94000244140625,1740900
2017-03-31,60.26227951049805,65.87000274658203,66.5199966430664,65.80999755859375,66.4000015258789,1655300
2017-04-03,59.631019592285156,65.18000030517578,66.05000305175781,65.0199966430664,66.05000305175781,2313800
2017-04-04,58.24039840698242,63.65999984741211,65.16999816894531,63.540000915527344,65.0999984741211,2788500
2017-04-05,57.20660400390625,62.529998779296875,63.81999969482422,62.459999084472656,63.689998626708984,4965400
2017-04-06,58.04829788208008,63.45000076293945,64.0,62.869998931884766,62.93000030517578,4468600
2017-04-07,57.718936920166016,63.09000015258789,63.58000183105469,62.959999084472656,63.540000915527344,3140800
2017-04-10,58.094032287597656,63.5,63.810001373291016,63.0,63.0,2197500
2017-04-11,58.4691276550293,63.90999984741211,63.9900016784668,63.220001220703125,63.459999084472656,2060500
2017-04-12,58.30445098876953,63.72999954223633,64.08999633789062,63.650001525878906,64.08000183105469,2225100
2017-04-13,57.81957244873047,63.20000076293945,64.0199966430664,63.189998626708984,63.88999938964844,1743000
2017-04-17,57.89276885986328,63.279998779296875,63.63999938964844,63.02000045776367,63.560001373291016,1869400
2017-04-18,58.011688232421875,63.40999984741211,63.61000061035156,63.16999816894531,63.31999969482422,1756500
2017-04-19,58.30445098876953,63.72999954223633,64.08000183105469,63.560001373291016,63.7400016784668,2007600
2017-04-20,59.15528106689453,64.66000366210938,65.0,63.790000915527344,63.790000915527344,2857800
2017-04-21,59.37485122680664,64.9000015258789,64.93000030517578,64.11000061035156,64.66000366210938,2150100
2017-04-24,59.52122497558594,65.05999755859375,65.69999694824219,64.66000366210938,65.41999816894531,2118800
2017-04-25,59.23761749267578,64.75,65.33999633789062,64.5199966430664,65.20999908447266,1804000
2017-04-26,59.51209259033203,65.05000305175781,65.51000213623047,64.93000030517578,65.12999725341797,1910600
2017-04-27,59.96037292480469,65.54000091552734,65.88999938964844,65.0199966430664,65.02999877929688,2349500
2017-04-28,59.46634292602539,65.0,65.58999633789062,64.6500015258789,65.58999633789062,2823800
2017-05-01,58.62466049194336,64.08000183105469,65.43000030517578,64.06999969482422,65.30000305175781,1814000
2017-05-02,59.210166931152344,64.72000122070312,64.7699966430664,63.959999084472656,64.06999969482422,2524300
2017-05-03,59.594417572021484,65.13999938964844,65.22000122070312,64.66000366210938,64.8499984741211,1741900
2017-05-04,59.07295608520508,64.56999969482422,65.38999938964844,64.33000183105469,65.13999938964844,1876200
2017-05-05,59.19187927246094,64.69999694824219,64.9000015258789,64.41000366210938,64.69999694824219,1922300
2017-05-08,59.12782669067383,64.62999725341797,64.88999938964844,64.43000030517578,64.75,1532100
2017-05-09,59.667606353759766,65.22000122070312,65.58999633789062,64.36000061035156,64.58999633789062,1696400
2017-05-10,60.42695236206055,66.05000305175781,66.52999877929688,64.94000244140625,65.2699966430664,3073200
2017-05-11,59.6767578125,65.2300033569336,65.80000305175781,64.56999969482422,65.58999633789062,2691100
2017-05-12,58.08488464355469,63.4900016784668,65.12000274658203,63.470001220703125,64.9800033569336,3332500
2017-05-15,57.04193115234375,62.349998474121094,63.619998931884766,62.279998779296875,63.45000076293945,5505100
2017-05-16,56.26430130004883,61.5,61.869998931884766,59.66999816894531,60.540000915527344,8804300
2017-05-17,56.2826042175293,61.52000045776367,62.43000030517578,61.220001220703125,61.310001373291016,4108700
2017-05-18,55.87090301513672,61.06999969482422,62.15999984741211,61.0099983215332,61.849998474121094,3702900
2017-05-19,56.90471267700195,62.20000076293945,63.95000076293945,61.22999954223633,62.90999984741211,6901200
2017-05-22,57.1334228515625,62.45000076293945,62.91999816894531,61.880001068115234,62.29999923706055,3686100
2017-05-23,56.74003601074219,62.02000045776367,62.630001068115234,61.75,62.29999923706055,3343400
2017-05-24,56.67599105834961,61.95000076293945,62.5099983215332,61.68000030517578,62.029998779296875,3015100
2017-05-25,57.6366081237793,63.0,63.27000045776367,62.11000061035156,62.349998474121094,4109600
2017-05-26,58.112327575683594,63.52000045776367,63.689998626708984,62.790000915527344,63.150001525878906,1922900
2017-05-30,58.029991149902344,63.43000030517578,63.7400016784668,63.29999923706055,63.560001373291016,2233700
2017-05-31,58.478275299072266,63.91999816894531,63.939998626708984,63.15999984741211,63.43000030517578,3039200
2017-06-01,58.25872039794922,63.68000030517578,64.0,63.2400016784668,63.880001068115234,2763000
2017-06-02,58.460479736328125,63.7400016784668,63.88999938964844,63.310001373291016,63.459999084472656,2018700
2017-06-05,58.07527160644531,63.31999969482422,63.880001068115234,63.290000915527344,63.869998931884766,2234600
2017-06-06,56.717864990234375,61.84000015258789,63.25,61.72999954223633,63.099998474121094,3443300
2017-06-07,56.965492248535156,62.11000061035156,62.5099983215332,61.86000061035156,62.130001068115234,2851600
2017-06-08,56.24093246459961,61.31999969482422,62.630001068115234,61.189998626708984,62.529998779296875,3451800
2017-06-09,56.827919006347656,61.959999084472656,62.08000183105469,60.7400016784668,61.41999816894531,2498300
2017-06-12,56.736202239990234,61.86000061035156,62.869998931884766,61.65999984741211,61.65999984741211,3101700
2017-06-13,56.94715881347656,62.09000015258789,62.279998779296875,61.540000915527344,61.70000076293945,1962900
2017-06-14,56.03915023803711,61.099998474121094,62.349998474121094,60.81999969482422,62.349998474121094,2903900
2017-06-15,55.86488342285156,60.90999984741211,61.36000061035156,59.529998779296875,61.06999969482422,2929900
2017-06-16,55.1036376953125,60.08000183105469,60.22999954223633,59.599998474121094,60.18000030517578,4407500
2017-06-19,55.62643051147461,60.650001525878906,60.84000015258789,59.560001373291016,60.189998626708984,2400600
2017-06-20,52.93911361694336,57.720001220703125,60.619998931884766,57.65999984741211,60.619998931884766,5961100
2017-06-21,52.18703842163086,56.900001525878906,58.150001525878906,56.650001525878906,57.61000061035156,7242400
2017-06-22,51.33407211303711,55.970001220703125,56.939998626708984,55.619998931884766,56.939998626708984,6669800
2017-06-23,51.62755584716797,56.290000915527344,56.369998931884766,55.220001220703125,56.0099983215332,5281600
2017-06-26,52.00360870361328,56.70000076293945,57.27000045776367,56.400001525878906,56.40999984741211,2851500
2017-06-27,51.847679138183594,56.529998779296875,56.9900016784668,56.20000076293945,56.619998931884766,2610500
2017-06-28,52.994144439697266,57.779998779296875,58.09000015258789,56.349998474121094,56.72999954223633,3476400
2017-06-29,52.55390930175781,57.29999923706055,57.93000030517578,56.7599983215332,57.720001220703125,2934500
2017-06-30,52.948280334472656,57.72999954223633,58.060001373291016,57.380001068115234,58.060001373291016,3419100
2017-07-03,53.40687561035156,58.22999954223633,58.4900016784668,57.959999084472656,57.9900016784668,1544000
2017-07-05,52.636451721191406,57.38999938964844,58.25,57.0,58.18000030517578,3940300
2017-07-06,51.61839294433594,56.279998779296875,57.0,55.959999084472656,56.90999984741211,4068900
2017-07-07,51.489994049072266,56.13999938964844,56.66999816894531,56.119998931884766,56.27000045776367,3581400
2017-07-10,50.26097869873047,54.79999923706055,56.13999938964844,54.72999954223633,56.04999923706055,4575300
2017-07-11,49.839080810546875,54.34000015258789,55.02000045776367,54.31999969482422,54.810001373291016,3656400
2017-07-12,49.64646911621094,54.130001068115234,54.88999938964844,54.08000183105469,54.68000030517578,4363900
2017-07-13,49.91244888305664,54.41999816894531,54.61000061035156,53.88999938964844,54.099998474121094,6000400
2017-07-14,50.22428894042969,54.7599983215332,56.04999923706055,54.68000030517578,55.61000061035156,5736600
2017-07-17,50.196773529052734,54.72999954223633,55.2599983215332,54.66999816894531,54.790000915527344,3468100
2017-07-18,49.829917907714844,54.33000183105469,54.970001220703125,54.2599983215332,54.790000915527344,2698300
2017-07-19,49.91244888305664,54.41999816894531,54.72999954223633,54.209999084472656,54.349998474121094,4683200
2017-07-20,50.1234016418457,54.650001525878906,55.08000183105469,54.41999816894531,54.52000045776367,4902400
2017-07-21,49.81156921386719,54.310001373291016,55.02000045776367,54.099998474121094,54.72999954223633,4069100
2017-07-24,48.67428207397461,53.06999969482422,54.20000076293945,52.90999984741211,54.20000076293945,5574200
2017-07-25,49.554744720458984,54.029998779296875,54.47999954223633,53.08000183105469,53.34000015258789,5340000
2017-07-26,49.49055099487305,53.959999084472656,54.40999984741211,53.369998931884766,54.09000015258789,2715400
2017-07-27,50.554481506347656,55.119998931884766,55.130001068115234,53.790000915527344,53.900001525878906,3182500
2017-07-28,50.32518005371094,54.869998931884766,55.349998474121094,54.66999816894531,55.08000183105469,2102600
2017-07-31,50.73790740966797,55.31999969482422,55.38999938964844,54.72999954223633,55.099998474121094,2736600
2017-08-01,50.994720458984375,55.599998474121094,55.68000030517578,55.029998779296875,55.459999084472656,2475300
2017-08-02,51.04056930541992,55.650001525878906,55.900001525878906,55.209999084472656,55.58000183105469,2471500
2017-08-03,50.32518005371094,54.869998931884766,55.9900016784668,54.529998779296875,55.630001068115234,3109000
2017-08-04,51.23317337036133,55.86000061035156,55.939998626708984,54.86000061035156,55.099998474121094,2400900
2017-08-07,50.811275482177734,55.400001525878906,56.02000045776367,55.130001068115234,55.619998931884766,2235000
2017-08-08,51.2882080078125,55.91999816894531,56.61000061035156,55.52000045776367,55.52000045776367,3085500
2017-08-09,51.39826965332031,56.040000915527344,56.06999969482422,55.02000045776367,55.880001068115234,3353000
2017-08-10,50.26097869873047,54.79999923706055,55.72999954223633,54.66999816894531,55.70000076293945,3336900
2017-08-11,50.95802307128906,55.560001373291016,55.939998626708984,54.79999923706055,54.86000061035156,2593800
2017-08-14,50.23346710205078,54.77000045776367,56.2400016784668,54.63999938964844,55.90999984741211,3457100
2017-08-15,48.63759231567383,53.029998779296875,54.75,52.849998474121094,54.66999816894531,7469000
2017-08-16,49.86658477783203,54.369998931884766,54.45000076293945,53.38999938964844,53.880001068115234,3615300
2017-08-17,48.912742614746094,53.33000183105469,54.36000061035156,53.189998626708984,53.91999816894531,5508400
2017-08-18,54.13144302368164,59.02000045776367,59.5,57.9900016784668,58.72999954223633,14140300
2017-08-21,53.70953369140625,58.560001373291016,59.13999938964844,57.75,58.95000076293945,5277400
2017-08-22,54.28736877441406,59.189998626708984,59.2400016784668,58.65999984741211,58.79999923706055,3342700
2017-08-23,54.039730072021484,58.91999816894531,59.31999969482422,58.66999816894531,59.029998779296875,3144700
2017-08-24,53.498592376708984,58.33000183105469,60.79999923706055,58.13999938964844,59.36000061035156,4233500
2017-08-25,54.46162796020508,59.380001068115234,59.66999816894531,58.38999938964844,58.38999938964844,6287600
2017-08-28,54.13144302368164,59.02000045776367,59.54999923706055,58.7599983215332,59.45000076293945,2764300
2017-08-29,53.82876968383789,58.689998626708984,59.150001525878906,57.95000076293945,58.61000061035156,2649000
2017-08-30,53.590309143066406,58.43000030517578,58.91999816894531,58.04999923706055,58.7400016784668,3179200
2017-08-31,53.60865783691406,58.45000076293945,58.869998931884766,58.150001525878906,58.5,3370000
2017-09-01,54.039730072021484,58.91999816894531,59.27000045776367,58.650001525878906,58.650001525878906,2751800
2017-09-05,54.10392379760742,58.9900016784668,59.369998931884766,58.70000076293945,58.75,2918600
2017-09-06,54.39822006225586,59.150001525878906,59.70000076293945,58.84000015258789,58.84000015258789,2924100
2017-09-07,53.84641647338867,58.54999923706055,59.619998931884766,58.119998931884766,59.369998931884766,2942000
2017-09-08,53.81882095336914,58.52000045776367,58.720001220703125,57.869998931884766,58.5099983215332,2085300
2017-09-11,54.50857162475586,59.27000045776367,59.380001068115234,58.34000015258789,58.599998474121094,2778200
2017-09-12,55.79610824584961,60.66999816894531,61.400001525878906,59.189998626708984,59.4900016784668,3369700
2017-09-13,56.476654052734375,61.40999984741211,61.900001525878906,60.7599983215332,60.7599983215332,2943200
2017-09-14,55.731727600097656,60.599998474121094,61.439998626708984,60.290000915527344,61.279998779296875,2800900
2017-09-15,55.83290100097656,60.709999084472656,60.93000030517578,60.0,60.56999969482422,3528400
2017-09-18,55.92484664916992,60.810001373291016,60.9900016784668,59.95000076293945,60.810001373291016,2373700
2017-09-19,56.237548828125,61.150001525878906,61.209999084472656,60.689998626708984,60.880001068115234,3052400
2017-09-20,56.02601623535156,60.91999816894531,61.43000030517578,60.630001068115234,61.29999923706055,1747000
2017-09-21,56.016822814941406,60.90999984741211,61.2599983215332,60.650001525878906,61.099998474121094,2352100
2017-09-22,55.9984245300293,60.88999938964844,61.06999969482422,60.310001373291016,60.630001068115234,1644500
2017-09-25,57.81017303466797,62.86000061035156,63.58000183105469,62.5,62.689998626708984,3860700
2017-09-26,58.665462493896484,63.790000915527344,63.939998626708984,62.66999816894531,63.0099983215332,3651700
2017-09-27,59.6311149597168,64.83999633789062,65.30000305175781,63.63999938964844,63.68000030517578,4648200
2017-09-28,59.594329833984375,64.80000305175781,64.8499984741211,63.72999954223633,64.55999755859375,4224000
2017-09-29,59.382816314697266,64.56999969482422,65.20999908447266,64.5,64.91999816894531,2501700
2017-10-02,59.49315643310547,64.69000244140625,64.91999816894531,63.72999954223633,64.33999633789062,2507300
2017-10-03,59.69549560546875,64.91000366210938,65.1500015258789,64.44999694824219,64.55000305175781,1775300
2017-10-04,59.98979568481445,65.2300033569336,65.37999725341797,64.33999633789062,65.01000213623047,3286500
2017-10-05,60.26567840576172,65.52999877929688,65.6500015258789,65.05000305175781,65.22000122070312,2227200
2017-10-06,60.68872833251953,65.98999786376953,66.16000366210938,65.31999969482422,65.33000183105469,2385400
2017-10-09,60.04497146606445,65.29000091552734,65.95999908447266,65.06999969482422,65.95999908447266,1268100
2017-10-10,59.6311149597168,64.83999633789062,65.51000213623047,64.5999984741211,65.29000091552734,1761900
2017-10-11,59.36441421508789,64.55000305175781,65.2300033569336,64.38999938964844,64.95999908447266,2754400
2017-10-12,58.19643020629883,63.279998779296875,64.66000366210938,63.15999984741211,64.55000305175781,3254200
2017-10-13,58.049285888671875,63.119998931884766,63.61000061035156,62.90999984741211,63.38999938964844,2812700
2017-10-16,57.856163024902344,62.90999984741211,63.38999938964844,62.34000015258789,63.029998779296875,2226100
2017-10-17,58.15964889526367,63.2400016784668,63.599998474121094,62.86000061035156,63.0,1783800
2017-10-18,58.23322296142578,63.31999969482422,63.54999923706055,62.86000061035156,63.220001220703125,1860800
2017-10-19,58.2975959777832,63.38999938964844,63.619998931884766,62.93000030517578,63.349998474121094,1771400
2017-10-20,59.07011413574219,64.2300033569336,64.33999633789062,63.40999984741211,63.70000076293945,2334600
2017-10-23,59.14369201660156,64.30999755859375,64.91000366210938,63.970001220703125,64.1500015258789,1891200
2017-10-24,59.171268463134766,64.33999633789062,64.76000213623047,64.13999938964844,64.33999633789062,2020700
2017-10-25,58.71145248413086,63.84000015258789,64.31999969482422,63.29999923706055,64.0,2364000
2017-10-26,59.10690689086914,64.2699966430664,64.70999908447266,63.709999084472656,64.0199966430664,1624000
2017-10-27,58.69305419921875,63.81999969482422,64.08999633789062,63.290000915527344,63.63999938964844,2537200
2017-10-30,58.3251838684082,63.41999816894531,63.59000015258789,62.59000015258789,63.59000015258789,2159600
2017-10-31,58.38956832885742,63.4900016784668,64.87000274658203,63.40999984741211,63.68000030517578,1983000
2017-11-01,58.38037109375,63.47999954223633,64.12000274658203,63.16999816894531,63.7400016784668,1965700
2017-11-02,59.189674377441406,64.36000061035156,64.66999816894531,63.54999923706055,63.849998474121094,1948300
2017-11-03,58.9781494140625,64.12999725341797,64.55000305175781,64.05000305175781,64.16999816894531,1645400
2017-11-06,58.98734664916992,64.13999938964844,64.7300033569336,62.849998474121094,64.11000061035156,2052900
2017-11-07,59.58513641357422,64.79000091552734,64.81999969482422,64.0,64.20999908447266,2680400
2017-11-08,58.73904800415039,63.869998931884766,64.87999725341797,63.779998779296875,64.62999725341797,2373200
2017-11-09,59.382816314697266,64.56999969482422,65.19000244140625,63.54999923706055,63.560001373291016,2391900
2017-11-10,60.477210998535156,65.76000213623047,65.80000305175781,64.29000091552734,64.29000091552734,3430600
2017-11-13,59.69549560546875,64.91000366210938,65.88999938964844,64.70999908447266,65.16000366210938,2613000
2017-11-14,59.29083251953125,64.47000122070312,64.91000366210938,63.560001373291016,64.0199966430664,3992400
2017-11-15,59.41958236694336,64.61000061035156,65.5199966430664,63.90999984741211,64.23999786376953,3328000
2017-11-16,60.41282653808594,65.69000244140625,65.98999786376953,64.37999725341797,64.55999755859375,4665800
2017-11-17,66.44583129882812,72.25,73.94000244140625,71.0199966430664,72.12999725341797,8241900
2017-11-20,66.8964614868164,72.73999786376953,72.86000061035156,71.66999816894531,72.38999938964844,4161600
2017-11-21,66.83209228515625,72.66999816894531,73.0,71.88999938964844,72.97000122070312,3069400
2017-11-22,66.49182891845703,72.30000305175781,72.80999755859375,72.0,72.25,2287800
2017-11-24,65.5905532836914,71.31999969482422,72.69000244140625,71.18000030517578,72.2699966430664,1045400
2017-11-27,65.5997543334961,71.33000183105469,71.95999908447266,71.0199966430664,71.5999984741211,2557200
2017-11-28,66.96084594726562,72.80999755859375,72.88999938964844,70.83999633789062,71.36000061035156,3015400
2017-11-29,69.84860229492188,75.94999694824219,76.33000183105469,72.7300033569336,72.94999694824219,5689200
2017-11-30,70.0698013305664,76.02999877929688,77.19999694824219,74.93000030517578,75.97000122070312,5023900
2017-12-01,69.7933120727539,75.7300033569336,76.33000183105469,74.27999877929688,75.63999938964844,3100700
2017-12-04,71.8945541381836,78.01000213623047,78.80999755859375,76.23999786376953,76.41999816894531,4498200
2017-12-05,70.98218536376953,77.0199966430664,78.77999877929688,76.98999786376953,78.22000122070312,2403500
2017-12-06,70.77022552490234,76.79000091552734,77.97000122070312,76.62999725341797,77.26000213623047,2037600
2017-12-07,70.687255859375,76.69999694824219,77.4800033569336,76.5,77.08999633789062,1748900
2017-12-08,70.86237335205078,76.88999938964844,77.11000061035156,76.1500015258789,77.01000213623047,2093900
2017-12-11,70.7425537109375,76.76000213623047,77.20999908447266,76.0199966430664,76.69999694824219,2070700
2017-12-12,70.42000579833984,76.41000366210938,77.19000244140625,76.20999908447266,76.73999786376953,2096500
2017-12-13,70.93610382080078,76.97000122070312,77.56999969482422,76.5199966430664,76.68000030517578,2014200
2017-12-14,69.59056091308594,75.51000213623047,77.4800033569336,75.19999694824219,77.1500015258789,2057200
2017-12-15,70.00528717041016,75.95999908447266,76.7699966430664,75.26000213623047,76.41000366210938,4383100
2017-12-18,71.47982788085938,77.55999755859375,77.69000244140625,76.3499984741211,76.3499984741211,1813100
2017-12-19,72.3830337524414,78.54000091552734,78.83999633789062,77.19000244140625,77.76000213623047,2925600
2017-12-20,73.3691177368164,79.61000061035156,79.80999755859375,78.33000183105469,78.80999755859375,2991200
2017-12-21,73.85759735107422,80.13999938964844,80.62000274658203,79.52999877929688,79.72000122070312,2515600
2017-12-22,74.13408660888672,80.44000244140625,80.5199966430664,79.41999816894531,80.06999969482422,1447600
2017-12-26,74.61329650878906,80.95999908447266,81.12999725341797,80.4000015258789,80.55000305175781,1309800
2017-12-27,74.40133666992188,80.7300033569336,81.23999786376953,80.55999755859375,81.23999786376953,958000
2017-12-28,74.2907485961914,80.61000061035156,80.91999816894531,80.0199966430664,80.91999816894531,810900
2017-12-29,73.95895385742188,80.25,81.4800033569336,80.22000122070312,80.55999755859375,1757900
2018-01-02,74.18936920166016,80.5,81.36000061035156,80.43000030517578,80.86000061035156,2107900
2018-01-03,74.14327239990234,80.44999694824219,80.66000366210938,79.62000274658203,80.63999938964844,2942000
2018-01-04,74.56723022460938,80.91000366210938,81.01000213623047,79.61000061035156,80.45999908447266,2313200
2018-01-05,75.54412841796875,81.97000122070312,82.12000274658203,80.97000122070312,81.31999969482422,2224500
2018-01-08,74.85293579101562,81.22000122070312,82.12000274658203,80.83000183105469,81.95999908447266,3318300
2018-01-09,74.19860076904297,80.51000213623047,81.16999816894531,79.56999969482422,81.16999816894531,1676300
2018-01-10,74.35526275634766,80.68000030517578,81.20999908447266,79.91999816894531,80.37999725341797,3348600
2018-01-11,76.0878677368164,82.55999755859375,82.62000274658203,80.37999725341797,80.95999908447266,2252100
2018-01-12,77.02793884277344,83.58000183105469,83.93000030517578,82.80999755859375,82.91999816894531,2202600
2018-01-16,74.53038024902344,80.87000274658203,84.26000213623047,80.5999984741211,84.08000183105469,2596500
2018-01-17,74.92665100097656,81.30000305175781,82.22000122070312,81.18000030517578,81.58000183105469,2950200
2018-01-18,75.24919891357422,81.6500015258789,82.45999908447266,81.3499984741211,81.51000213623047,2186400
2018-01-19,77.19380187988281,83.76000213623047,83.9000015258789,81.73999786376953,82.16000366210938,2514500
2018-01-22,77.85736083984375,84.4800033569336,84.55999755859375,83.47000122070312,83.87000274658203,1853000
2018-01-23,77.94952392578125,84.58000183105469,84.66000366210938,83.8499984741211,84.22000122070312,1537500
2018-01-24,77.95874786376953,84.58999633789062,85.31999969482422,83.44999694824219,84.62999725341797,1752000
2018-01-25,77.7744140625,84.38999938964844,85.11000061035156,83.80999755859375,85.06999969482422,1259000
2018-01-26,78.76055145263672,85.45999908447266,85.51000213623047,84.16000366210938,84.87000274658203,1842300
2018-01-29,77.94032287597656,84.56999969482422,85.66000366210938,84.23999786376953,85.04000091552734,1785700
2018-01-30,76.85279846191406,83.38999938964844,85.19999694824219,83.23999786376953,84.80000305175781,2233800
2018-01-31,75.93121337890625,82.38999938964844,83.68000030517578,81.66000366210938,83.51000213623047,3241300
2018-02-01,75.57176208496094,82.0,83.18000030517578,81.5999984741211,81.70999908447266,2189700
2018-02-02,72.88067626953125,79.08000183105469,81.93000030517578,79.0,81.48999786376953,3230000
2018-02-05,70.87157440185547,76.9000015258789,80.27999877929688,76.88999938964844,79.02999877929688,3673300
2018-02-06,72.18950653076172,78.33000183105469,78.86000061035156,74.0,75.47000122070312,3034500
2018-02-07,71.87614440917969,77.98999786376953,79.33999633789062,77.19999694824219,77.69999694824219,2219200
2018-02-08,69.17581939697266,75.05999755859375,78.69999694824219,75.0199966430664,77.87000274658203,3438500
2018-02-09,71.25865936279297,77.31999969482422,78.0199966430664,74.0,75.52999877929688,3907800
2018-02-12,71.28630828857422,77.3499984741211,78.1500015258789,76.2300033569336,77.72000122070312,2302200
2018-02-13,71.7194595336914,77.81999969482422,77.98999786376953,76.61000061035156,77.12999725341797,1369100
2018-02-14,72.74244689941406,78.93000030517578,79.23999786376953,76.94000244140625,77.1500015258789,1996700
2018-02-15,74.2907485961914,80.61000061035156,80.62999725341797,78.72000122070312,79.16000366210938,2184700
2018-02-16,73.88524627685547,80.16999816894531,80.94000244140625,79.69999694824219,80.4800033569336,2356300
2018-02-20,71.86692810058594,77.9800033569336,79.91999816894531,77.94000244140625,79.69000244140625,2256800
2018-02-21,71.77476501464844,77.87999725341797,79.63999938964844,77.80999755859375,78.04000091552734,1755600
2018-02-22,72.34614562988281,78.5,79.55999755859375,78.16000366210938,78.22000122070312,1262100
2018-02-23,72.68717956542969,78.87000274658203,79.37999725341797,76.87999725341797,79.05000305175781,3196400
2018-02-26,73.68250274658203,79.94999694824219,80.0199966430664,78.66000366210938,79.30999755859375,2114600
2018-02-27,71.46139526367188,77.54000091552734,81.16000366210938,77.5199966430664,80.22000122070312,3214600
2018-02-28,71.9682846069336,78.08999633789062,80.69999694824219,78.08000183105469,78.9000015258789,3781300
2018-03-01,71.83928680419922,77.94999694824219,79.30999755859375,76.9000015258789,77.93000030517578,3033100
2018-03-02,72.27242279052734,78.41999816894531,79.05000305175781,76.68000030517578,77.18000030517578,2603800
2018-03-05,71.86692810058594,77.9800033569336,78.37000274658203,76.7300033569336,78.36000061035156,2756800
2018-03-06,74.19860076904297,80.51000213623047,80.66999816894531,78.16000366210938,78.5,4420900
2018-03-07,69.48918914794922,75.4000015258789,77.30999755859375,73.76000213623047,76.66999816894531,8768200
2018-03-08,69.32328033447266,75.22000122070312,76.93000030517578,74.91000366210938,75.94999694824219,3795100
2018-03-09,70.97296905517578,77.01000213623047,77.05000305175781,75.22000122070312,76.12999725341797,3419800
2018-03-12,70.43843078613281,76.43000030517578,77.1500015258789,76.01000213623047,76.87000274658203,4057100
2018-03-13,70.96372985839844,77.0,78.08000183105469,76.72000122070312,77.18000030517578,2428300
2018-03-14,71.129638671875,77.18000030517578,77.58000183105469,76.68000030517578,77.41999816894531,2468900
2018-03-15,70.79786682128906,76.81999969482422,77.55000305175781,76.5,77.22000122070312,2634000
2018-03-16,70.94110107421875,76.75,77.48999786376953,76.26000213623047,76.76000213623047,4289000
2018-03-19,71.20917510986328,77.04000091552734,77.66000366210938,76.5,76.58000183105469,2853800
2018-03-20,71.45872497558594,77.30999755859375,77.66000366210938,76.83000183105469,77.3499984741211,2184200
2018-03-21,71.55119323730469,77.41000366210938,78.70999908447266,77.02999877929688,77.11000061035156,2365900
2018-03-22,69.36054992675781,75.04000091552734,77.26000213623047,74.87000274658203,76.66999816894531,2540400
2018-03-23,69.17568969726562,74.83999633789062,76.43000030517578,74.80000305175781,75.13999938964844,2330900
2018-03-26,71.46798706054688,77.31999969482422,77.5,75.41999816894531,75.5999984741211,2046600
2018-03-27,71.09825897216797,76.91999816894531,77.94000244140625,76.4800033569336,77.63999938964844,3371800
2018-03-28,70.39579010009766,76.16000366210938,78.47000122070312,76.05999755859375,77.2300033569336,2774600
2018-03-29,72.07804107666016,77.9800033569336,78.25,76.19999694824219,76.66000366210938,3247500
2018-04-02,70.0352783203125,75.7699966430664,77.83999633789062,74.52999877929688,77.62000274658203,3098400
2018-04-03,70.43273162841797,76.19999694824219,76.72000122070312,75.33000183105469,75.94999694824219,2277100
2018-04-04,72.67881774902344,78.62999725341797,78.8499984741211,75.54000091552734,75.54000091552734,2763400
2018-04-05,73.7325439453125,79.7699966430664,80.0999984741211,78.16999816894531,78.88999938964844,2206000
2018-04-06,71.58812713623047,77.44999694824219,79.63999938964844,76.79000091552734,79.19999694824219,3053700
2018-04-09,71.11672973632812,76.94000244140625,78.4000015258789,76.86000061035156,77.98999786376953,2097300
2018-04-10,72.20742797851562,78.12000274658203,78.6500015258789,77.55000305175781,77.9800033569336,1692000
2018-04-11,71.44949340820312,77.30000305175781,78.4800033569336,77.0999984741211,77.41000366210938,2281100
2018-04-12,72.23516845703125,78.1500015258789,78.87999725341797,77.48999786376953,77.69999694824219,1790600
2018-04-13,70.405029296875,76.16999816894531,78.63999938964844,75.9800033569336,78.37999725341797,2426600
2018-04-16,71.717529296875,77.58999633789062,77.86000061035156,76.37000274658203,76.68000030517578,2146500
2018-04-17,72.8082275390625,78.7699966430664,79.20999908447266,77.94000244140625,78.4000015258789,2333700
2018-04-18,72.91915893554688,78.88999938964844,79.98999786376953,78.62999725341797,78.83000183105469,2308100
2018-04-19,72.78972625732422,78.75,79.01000213623047,77.87999725341797,78.66000366210938,2504300
2018-04-20,71.46798706054688,77.31999969482422,78.7699966430664,76.9800033569336,78.7300033569336,2308500
2018-04-23,72.22590637207031,78.13999938964844,78.38999938964844,77.08999633789062,77.45999908447266,2088900
2018-04-24,71.83771514892578,77.72000122070312,78.83999633789062,77.22000122070312,78.68000030517578,2147100
2018-04-25,72.36457061767578,78.29000091552734,78.66000366210938,77.16000366210938,77.4800033569336,1600000
2018-04-26,74.33333587646484,80.41999816894531,80.4800033569336,78.0199966430664,78.3499984741211,2224900
2018-04-27,75.49798583984375,81.68000030517578,82.04000091552734,80.04000091552734,80.33000183105469,2530300
2018-04-30,74.7308349609375,80.8499984741211,82.80999755859375,80.73999786376953,82.11000061035156,3049900
2018-05-01,73.37205505371094,79.37999725341797,80.62000274658203,78.30000305175781,80.41999816894531,2488300
2018-05-02,73.67710876464844,79.70999908447266,80.48999786376953,78.31999969482422,79.2699966430664,2305900
2018-05-03,74.2871322631836,80.37000274658203,80.97000122070312,78.88999938964844,79.44999694824219,2111100
2018-05-04,74.60140228271484,80.70999908447266,81.11000061035156,79.08999633789062,80.08000183105469,3237900
2018-05-07,73.42752075195312,79.44000244140625,80.98999786376953,78.87999725341797,80.8499984741211,2547500
2018-05-08,74.72156524658203,80.83999633789062,81.23999786376953,79.26000213623047,79.5999984741211,3401700
2018-05-09,75.6551284790039,81.8499984741211,81.86000061035156,80.0,80.73999786376953,2039600
2018-05-10,75.15597534179688,81.30999755859375,82.0,80.4000015258789,81.97000122070312,2021700
2018-05-11,75.73829650878906,81.94000244140625,82.44000244140625,81.0,81.44000244140625,1775500
2018-05-14,76.40383911132812,82.66000366210938,82.91000366210938,81.9000015258789,82.19000244140625,1766900
2018-05-15,76.50547790527344,82.7699966430664,82.8499984741211,81.87999725341797,82.25,2497900
2018-05-16,77.06008911132812,83.37000274658203,84.56999969482422,83.05999755859375,83.68000030517578,2288200
2018-05-17,77.11553955078125,83.43000030517578,83.9800033569336,82.8499984741211,83.05000305175781,2016500
2018-05-18,76.22817993164062,82.47000122070312,83.0999984741211,82.16000366210938,82.70999908447266,3649700
2018-05-21,75.72907257080078,81.93000030517578,83.0999984741211,81.52999877929688,83.05999755859375,3733500
2018-05-22,76.10803985595703,82.33999633789062,83.5999984741211,81.93000030517578,82.26000213623047,3694600
2018-05-23,76.35762023925781,82.61000061035156,82.75,81.1500015258789,81.58000183105469,2493900
2018-05-24,76.68112182617188,82.95999908447266,83.62000274658203,81.81999969482422,82.52999877929688,4079300
2018-05-25,71.4864501953125,77.33999633789062,80.45999908447266,76.55999755859375,79.18000030517578,7845400
2018-05-29,71.39401245117188,77.23999786376953,77.87999725341797,76.43000030517578,77.11000061035156,4873000
2018-05-30,72.92839813232422,78.9000015258789,79.18000030517578,76.70999908447266,77.51000213623047,3664800
2018-05-31,72.90991973876953,78.87999725341797,80.0199966430664,78.5,78.87000274658203,3215100
2018-06-01,74.60140228271484,80.70999908447266,81.27999877929688,79.04000091552734,79.36000061035156,3771900
2018-06-04,76.84750366210938,83.13999938964844,83.52999877929688,81.43000030517578,81.44000244140625,3738600
2018-06-05,77.54071044921875,83.88999938964844,84.41000366210938,82.97000122070312,83.26000213623047,2752200
2018-06-06,78.10455322265625,84.5,84.55000305175781,83.37999725341797,84.16999816894531,2580700
2018-06-07,78.64989471435547,85.08999633789062,85.51000213623047,84.5999984741211,84.80999755859375,3075400
2018-06-08,79.34312438964844,85.83999633789062,85.94999694824219,84.68000030517578,85.01000213623047,2501100
2018-06-11,79.29216003417969,85.55999755859375,86.33000183105469,85.05000305175781,85.41999816894531,2226500
2018-06-12,79.43118286132812,85.70999908447266,85.97000122070312,84.91000366210938,85.94000244140625,2398200
2018-06-13,78.48592376708984,84.69000244140625,86.16999816894531,84.27999877929688,85.91999816894531,3299400
2018-06-14,78.309814453125,84.5,85.75,84.0999984741211,84.69000244140625,2286000
2018-06-15,78.9029312133789,85.13999938964844,85.36000061035156,83.77999877929688,84.31999969482422,3852800
2018-06-18,78.72685241699219,84.94999694824219,85.37999725341797,84.16000366210938,84.62000274658203,2973300
2018-06-19,78.72685241699219,84.94999694824219,85.2699966430664,83.91999816894531,84.2300033569336,1973800
2018-06-20,80.26527404785156,86.61000061035156,86.70999908447266,84.86000061035156,85.5,2276800
2018-06-21,80.27452087402344,86.62000274658203,86.75,85.69000244140625,86.12000274658203,2406900
2018-06-22,79.6814193725586,85.9800033569336,86.95999908447266,84.91000366210938,86.5999984741211,3682300
2018-06-25,79.01415252685547,85.26000213623047,86.23999786376953,84.25,85.81999969482422,2794700
2018-06-26,79.16242980957031,85.41999816894531,85.61000061035156,84.70999908447266,85.16999816894531,2010800
2018-06-27,78.6527099609375,84.87000274658203,87.22000122070312,84.75,85.97000122070312,2404400
2018-06-28,78.8658676147461,85.0999984741211,85.66999816894531,84.33999633789062,84.93000030517578,1873800
2018-06-29,78.5415267944336,84.75,86.05000305175781,84.69000244140625,85.5,1793500
2018-07-02,78.37470245361328,84.56999969482422,84.5999984741211,83.04000091552734,84.2300033569336,2221600
2018-07-03,78.92149353027344,85.16000366210938,85.91000366210938,84.83999633789062,84.9000015258789,987400
2018-07-05,78.8751220703125,85.11000061035156,85.76000213623047,84.48999786376953,85.62999725341797,1747500
2018-07-06,79.9964828491211,86.31999969482422,86.4800033569336,84.87999725341797,85.13999938964844,2073500
2018-07-09,79.96868133544922,86.29000091552734,86.95999908447266,85.93000030517578,86.54000091552734,2189700
2018-07-10,79.62581634521484,85.91999816894531,86.55000305175781,85.19999694824219,86.38999938964844,1613900
2018-07-11,78.55079650878906,84.76000213623047,85.79000091552734,84.70999908447266,85.5,1798400
2018-07-12,78.60636901855469,84.81999969482422,85.43000030517578,84.33999633789062,85.04000091552734,1380000
2018-07-13,78.92149353027344,85.16000366210938,85.33000183105469,84.44999694824219,84.76000213623047,2009400
2018-07-16,78.9029312133789,85.13999938964844,85.62000274658203,84.12000274658203,85.3499984741211,1662000
2018-07-17,80.06137084960938,86.38999938964844,86.95999908447266,84.37000274658203,84.69000244140625,2420600
2018-07-18,80.64522552490234,87.0199966430664,87.11000061035156,85.9800033569336,86.33000183105469,1975600
2018-07-19,81.03446197509766,87.44000244140625,88.01000213623047,85.62000274658203,86.83999633789062,1822100
2018-07-20,80.24669647216797,86.58999633789062,87.69999694824219,86.56999969482422,87.52999877929688,2410600
2018-07-23,81.11784362792969,87.52999877929688,88.05999755859375,86.3499984741211,86.45999908447266,2186700
2018-07-24,80.15403747558594,86.48999786376953,87.87000274658203,86.01000213623047,87.51000213623047,1664000
2018-07-25,81.052978515625,87.45999908447266,87.58999633789062,86.48999786376953,86.54000091552734,1622700
2018-07-26,81.59976196289062,88.05000305175781,89.3499984741211,87.43000030517578,88.30999755859375,2158000
2018-07-27,79.63506317138672,85.93000030517578,88.62999725341797,85.70999908447266,88.36000061035156,1654300
2018-07-30,80.38571166992188,86.73999786376953,87.12999725341797,85.9800033569336,86.0,1862400
2018-07-31,81.02519226074219,87.43000030517578,87.9000015258789,86.75,86.80999755859375,2837700
2018-08-01,80.09843444824219,86.43000030517578,87.44999694824219,86.06999969482422,87.04000091552734,3314800
2018-08-02,82.90645599365234,89.45999908447266,89.86000061035156,85.69999694824219,85.87000274658203,3280800
2018-08-03,82.5264892578125,89.05000305175781,89.86000061035156,88.29000091552734,89.69999694824219,2330000
2018-08-06,83.11962127685547,89.69000244140625,89.76000213623047,88.83000183105469,89.31999969482422,1332700
2018-08-07,84.10197448730469,90.75,91.01000213623047,89.73999786376953,89.86000061035156,2035700
2018-08-08,85.10286712646484,91.83000183105469,92.19000244140625,90.77999877929688,90.77999877929688,2099400
2018-08-09,85.41796112060547,92.16999816894531,92.72000122070312,91.66999816894531,91.95999908447266,1898500
2018-08-10,84.88969421386719,91.5999984741211,92.5999984741211,90.93000030517578,91.31999969482422,2718000
2018-08-13,84.34293365478516,91.01000213623047,91.80000305175781,90.5999984741211,91.62999725341797,3901900
2018-08-14,86.04811096191406,92.8499984741211,92.9800033569336,90.91999816894531,91.41000366210938,2215800
2018-08-15,84.49119567871094,91.16999816894531,92.19000244140625,90.68000030517578,92.19000244140625,3456000
2018-08-16,85.01946258544922,91.73999786376953,92.31999969482422,90.66999816894531,91.88999938964844,2764400
2018-08-17,85.13995361328125,91.87000274658203,92.22000122070312,91.04000091552734,91.8499984741211,2715100
2018-08-20,85.55694580078125,92.31999969482422,92.5,91.31999969482422,92.2300033569336,3425700
2018-08-21,86.08519744873047,92.88999938964844,94.11000061035156,92.30000305175781,93.20999908447266,3951800
2018-08-22,86.56710815429688,93.41000366210938,94.0999984741211,92.73999786376953,93.13999938964844,3277400
2018-08-23,88.06844329833984,95.02999877929688,95.56999969482422,93.48999786376953,93.81999969482422,5537300
2018-08-24,88.1240463256836,95.08999633789062,97.8499984741211,91.31999969482422,92.0,7465300
2018-08-27,87.35484313964844,94.26000213623047,96.0,94.08000183105469,95.62999725341797,3145600
2018-08-28,87.67919158935547,94.61000061035156,94.66000366210938,93.68000030517578,94.3499984741211,2268100
2018-08-29,89.0229721069336,96.05999755859375,96.23999786376953,93.88999938964844,94.72000122070312,2646000
2018-08-30,87.95723724365234,94.91000366210938,96.37999725341797,94.73999786376953,95.44000244140625,2404200
2018-08-31,88.76348114013672,95.77999877929688,95.88999938964844,94.56999969482422,94.56999969482422,2238300
2018-09-04,90.53356170654297,97.69000244140625,97.76000213623047,95.73999786376953,96.16000366210938,4290000
2018-09-05,90.32041931152344,97.45999908447266,98.19000244140625,96.70999908447266,97.69999694824219,2837300
2018-09-06,90.21844482421875,97.3499984741211,98.23999786376953,97.0999984741211,97.52999877929688,2201300
2018-09-07,89.47708129882812,96.55000305175781,97.63999938964844,96.2699966430664,97.12999725341797,2704600
2018-09-10,90.73745727539062,97.91000366210938,98.05999755859375,96.73999786376953,96.98999786376953,2859700
2018-09-11,91.24716186523438,98.45999908447266,98.69999694824219,97.58999633789062,97.94999694824219,2379300
2018-09-12,90.3508071899414,97.2699966430664,98.6500015258789,95.93000030517578,98.12999725341797,2733400
2018-09-13,90.19290161132812,97.0999984741211,98.0,96.72000122070312,97.55000305175781,2365800
2018-09-14,89.90493774414062,96.79000091552734,97.08999633789062,96.02999877929688,97.08999633789062,2922400
2018-09-17,89.37548065185547,96.22000122070312,97.19000244140625,95.87999725341797,96.88999938964844,3211200
2018-09-18,90.04427337646484,96.94000244140625,97.44000244140625,95.81999969482422,96.02999877929688,2421800
2018-09-19,90.0535659790039,96.94999694824219,97.38999938964844,96.01000213623047,96.69000244140625,3425900
2018-09-20,89.57056427001953,96.43000030517578,97.0999984741211,95.61000061035156,96.9800033569336,3752100
2018-09-21,90.55513000488281,97.48999786376953,97.87000274658203,96.2699966430664,96.72000122070312,5646500
2018-09-24,90.36939239501953,97.29000091552734,98.75,97.16000366210938,97.3499984741211,3693900
2018-09-25,90.5737533569336,97.51000213623047,98.48999786376953,97.16999816894531,97.63999938964844,3657000
2018-09-26,92.11563873291016,99.16999816894531,100.58999633789062,97.88999938964844,97.98999786376953,2853500
2018-09-27,92.38502502441406,99.45999908447266,99.63999938964844,98.7699966430664,99.37000274658203,2147400
2018-09-28,92.05062103271484,99.0999984741211,100.16999816894531,98.75,99.37000274658203,3438200
2018-10-01,91.56761169433594,98.58000183105469,100.4800033569336,98.55000305175781,99.98999786376953,2312900
2018-10-02,89.46839141845703,96.31999969482422,98.87000274658203,96.27999877929688,98.44999694824219,2446200
2018-10-03,89.85850524902344,96.73999786376953,97.26000213623047,95.72000122070312,96.68000030517578,2132100
2018-10-04,88.36302947998047,95.12999725341797,96.9800033569336,94.91999816894531,96.58999633789062,2938800
2018-10-05,87.89860534667969,94.62999725341797,96.44999694824219,93.91999816894531,96.44999694824219,2342000
2018-10-08,89.0596694946289,95.87999725341797,96.11000061035156,94.52999877929688,94.56999969482422,1868400
2018-10-09,90.23931884765625,97.1500015258789,98.05999755859375,95.68000030517578,96.08000183105469,2465500
2018-10-10,88.26084899902344,95.0199966430664,97.3499984741211,94.88999938964844,97.16000366210938,2873000
2018-10-11,87.61064910888672,94.31999969482422,96.86000061035156,94.0199966430664,94.94999694824219,3308400
2018-10-12,89.05040740966797,95.87000274658203,96.43000030517578,94.30000305175781,95.05000305175781,3037600
2018-10-15,89.75631713867188,96.62999725341797,97.43000030517578,95.5199966430664,95.75,2278900
2018-10-16,91.32611846923828,98.31999969482422,98.52999877929688,96.56999969482422,97.68000030517578,2079700
2018-10-17,90.06285095214844,96.95999908447266,98.48999786376953,95.51000213623047,98.05999755859375,3196000
2018-10-18,89.10612487792969,95.93000030517578,97.97000122070312,95.20999908447266,97.30999755859375,2210600
2018-10-19,87.954345703125,94.69000244140625,96.8499984741211,94.58000183105469,96.8499984741211,2924200
2018-10-22,89.79347229003906,96.66999816894531,97.1500015258789,94.94999694824219,94.94999694824219,1713300
2018-10-23,89.31049346923828,96.1500015258789,96.5,93.86000061035156,95.7699966430664,2320700
2018-10-24,88.62311553955078,95.41000366210938,98.3499984741211,95.22000122070312,95.77999877929688,2670500
2018-10-25,89.54268646240234,96.4000015258789,97.30000305175781,94.55999755859375,95.70999908447266,2131900
2018-10-26,89.84920501708984,96.7300033569336,97.16000366210938,93.62000274658203,94.08000183105469,2833700
2018-10-29,91.28895568847656,98.27999877929688,100.3499984741211,96.80000305175781,97.87000274658203,3686500
2018-10-30,92.6822509765625,99.77999877929688,100.80000305175781,98.4800033569336,98.58999633789062,2635300
2018-10-31,91.9577407836914,99.0,101.19999694824219,98.5999984741211,100.27999877929688,3233300
2018-11-01,91.41898345947266,98.41999816894531,99.75,97.6500015258789,99.2300033569336,2710900
2018-11-02,92.91447448730469,100.02999877929688,100.4800033569336,98.08000183105469,99.23999786376953,2947000
2018-11-05,94.05699157714844,101.26000213623047,101.4000015258789,99.22000122070312,100.43000030517578,1952800
2018-11-06,94.2613525390625,101.4800033569336,101.70999908447266,100.18000030517578,101.16000366210938,1912300
2018-11-07,95.44097137451172,102.75,102.98999786376953,100.41999816894531,102.08999633789062,2291000
2018-11-08,95.97974395751953,103.33000183105469,104.3499984741211,102.05999755859375,102.83999633789062,2153300
2018-11-09,95.45024871826172,102.76000213623047,103.51000213623047,101.87000274658203,103.38999938964844,2070000
2018-11-12,94.53069305419922,101.7699966430664,103.7699966430664,101.33999633789062,102.76000213623047,2413600
2018-11-13,93.11881256103516,100.25,102.25,99.66000366210938,101.76000213623047,3345500
2018-11-14,90.93600463867188,97.9000015258789,101.9800033569336,97.80999755859375,100.9800033569336,4746600
2018-11-15,89.61700439453125,96.4800033569336,97.47000122070312,95.20999908447266,96.91999816894531,4252700
2018-11-16,88.50234985351562,95.27999877929688,95.93000030517578,93.4800033569336,95.6500015258789,3782900
2018-11-19,84.70330047607422,91.19000244140625,95.66000366210938,89.62000274658203,95.0,5776400
2018-11-20,76.76148986816406,82.63999938964844,88.83000183105469,82.04000091552734,84.4000015258789,7941900
2018-11-21,75.82333374023438,81.62999725341797,85.0,80.76000213623047,84.5,4443800
2018-11-23,74.6436767578125,80.36000061035156,81.41999816894531,79.80000305175781,81.0199966430664,2213300
2018-11-26,75.17314910888672,80.93000030517578,82.19000244140625,80.0,81.47000122070312,4839200
2018-11-27,76.84510803222656,82.7300033569336,82.73999786376953,80.52999877929688,80.73999786376953,6024700
2018-11-28,80.2818832397461,86.43000030517578,86.54000091552734,83.2300033569336,83.31999969482422,5930800
2018-11-29,79.82677459716797,85.94000244140625,86.72000122070312,85.33000183105469,86.22000122070312,3422400
2018-11-30,81.36865997314453,87.5999984741211,87.72000122070312,85.80000305175781,85.80000305175781,7369100
2018-12-03,78.72142028808594,84.75,88.97000122070312,84.5999984741211,88.33000183105469,5198000
2018-12-04,75.94408416748047,81.76000213623047,85.41999816894531,81.0199966430664,84.9800033569336,4881200
2018-12-06,75.98600769042969,81.58000183105469,81.62999725341797,78.5199966430664,80.68000030517578,4110600
2018-12-07,72.96815490722656,78.33999633789062,81.38999938964844,77.94999694824219,81.0199966430664,3474700
2018-12-10,74.523681640625,80.01000213623047,80.19999694824219,77.41999816894531,78.37000274658203,3570600
2018-12-11,75.0266342163086,80.55000305175781,81.3499984741211,79.93000030517578,80.86000061035156,3008400
2018-12-12,75.3526382446289,80.9000015258789,82.58999633789062,80.58000183105469,82.19999694824219,3055700
2018-12-13,75.27811431884766,80.81999969482422,81.66999816894531,79.83999633789062,81.26000213623047,2956600
2018-12-14,73.77851867675781,79.20999908447266,81.66000366210938,79.02999877929688,80.30999755859375,3368100
2018-12-17,72.91229248046875,78.27999877929688,79.33999633789062,77.77999877929688,78.9800033569336,3915900
2018-12-18,73.48046875,78.88999938964844,79.91999816894531,78.6500015258789,79.1500015258789,2879100
2018-12-19,73.08924865722656,78.47000122070312,80.77999877929688,78.05000305175781,79.2699966430664,2941200
2018-12-20,71.86908721923828,77.16000366210938,78.73999786376953,76.19000244140625,78.2300033569336,2680000
2018-12-21,71.70144653320312,76.9800033569336,80.05000305175781,76.7699966430664,77.62000274658203,6272400
2018-12-24,71.06805419921875,76.30000305175781,77.66999816894531,75.91000366210938,77.0199966430664,1541000
2018-12-26,76.18160247802734,81.79000091552734,81.93000030517578,76.51000213623047,76.55000305175781,3865800
2018-12-27,76.22816467285156,81.83999633789062,81.88999938964844,78.73999786376953,80.7699966430664,3296800
2018-12-28,75.98600769042969,81.58000183105469,82.83000183105469,80.51000213623047,82.12999725341797,2258800
2018-12-31,77.49492645263672,83.19999694824219,83.23999786376953,81.7300033569336,82.05999755859375,2327700
2019-01-02,78.03515625,83.77999877929688,83.9800033569336,81.80000305175781,81.80000305175781,2471200
2019-01-03,77.38316345214844,83.08000183105469,84.31999969482422,81.91000366210938,82.95999908447266,2978700
2019-01-04,79.48816680908203,85.33999633789062,86.01000213623047,83.37000274658203,84.04000091552734,3146000
2019-01-07,82.83200073242188,88.93000030517578,90.01000213623047,84.26000213623047,84.75,3892100
2019-01-08,85.26304626464844,91.54000091552734,91.73999786376953,88.86000061035156,89.41000366210938,4593500
2019-01-09,84.14531707763672,90.33999633789062,91.9000015258789,89.88999938964844,91.87000274658203,3310400
2019-01-10,84.50858306884766,90.7300033569336,90.81999969482422,87.41000366210938,88.0999984741211,2830600
2019-01-11,84.95567321777344,91.20999908447266,92.06999969482422,90.37999725341797,90.58999633789062,2105100
2019-01-14,84.41545867919922,90.62999725341797,91.68000030517578,90.11000061035156,90.44000244140625,2394700
2019-01-15,84.62034606933594,90.8499984741211,91.4000015258789,90.22000122070312,90.61000061035156,2818700
2019-01-16,84.0615005493164,90.25,91.69999694824219,89.94999694824219,91.0,2189000
2019-01-17,84.57377624511719,90.80000305175781,90.87999725341797,89.25,89.66999816894531,2408400
2019-01-18,86.63225555419922,93.01000213623047,93.37000274658203,90.88999938964844,91.68000030517578,2931500
2019-01-22,85.34686279296875,91.62999725341797,92.77999877929688,90.95999908447266,92.18000030517578,2467800
2019-01-23,85.23511505126953,91.51000213623047,91.87999725341797,90.66000366210938,91.86000061035156,1665200
2019-01-24,84.94635772705078,91.19999694824219,91.83999633789062,90.33999633789062,91.83999633789062,2547300
2019-01-25,86.16653442382812,92.51000213623047,92.69000244140625,91.72000122070312,92.2300033569336,1668700
2019-01-28,85.26304626464844,91.54000091552734,92.25,90.94000244140625,92.25,2362200
2019-01-29,85.1978530883789,91.47000122070312,91.5999984741211,90.5999984741211,91.54000091552734,1722200
2019-01-30,85.96161651611328,92.29000091552734,92.80999755859375,91.30999755859375,91.83000183105469,1603500
2019-01-31,85.80326843261719,92.12000274658203,92.62999725341797,91.6500015258789,92.2699966430664,2854200
2019-02-01,85.43999481201172,91.7300033569336,92.54000091552734,91.05999755859375,92.44999694824219,1815500
2019-02-04,86.00817108154297,92.33999633789062,92.33999633789062,91.02999877929688,91.75,1962600
2019-02-05,86.79989624023438,93.19000244140625,93.38999938964844,92.12000274658203,92.30000305175781,1533600
2019-02-06,86.30624389648438,92.66000366210938,93.01000213623047,91.70999908447266,92.91999816894531,1393200
2019-02-07,86.24105072021484,92.58999633789062,92.70999908447266,91.56999969482422,92.16000366210938,1518100
2019-02-08,86.57633209228516,92.94999694824219,93.19000244140625,92.06999969482422,92.33000183105469,1656700
2019-02-11,87.67543029785156,94.12999725341797,94.6500015258789,92.97000122070312,93.25,1773100
2019-02-12,88.26223754882812,94.76000213623047,95.12999725341797,94.04000091552734,94.62999725341797,1541200
2019-02-13,88.15047454833984,94.63999938964844,95.13999938964844,93.91000366210938,95.12999725341797,2189200
2019-02-14,86.8930435180664,93.29000091552734,94.1500015258789,92.36000061035156,94.12999725341797,1996600
2019-02-15,87.56367492675781,94.01000213623047,94.69000244140625,93.55999755859375,94.31999969482422,2342600
2019-02-19,87.24699401855469,93.66999816894531,93.9800033569336,92.80000305175781,93.9800033569336,2225300
2019-02-20,87.52642822265625,93.97000122070312,94.3499984741211,93.3499984741211,93.75,2358100
2019-02-21,87.11656951904297,93.52999877929688,94.01000213623047,93.1500015258789,93.93000030517578,1624600
2019-02-22,87.89900970458984,94.37000274658203,94.41999816894531,93.48999786376953,93.62999725341797,1602600
2019-02-25,87.42395782470703,93.86000061035156,95.20999908447266,93.72000122070312,94.69999694824219,1826400
2019-02-26,87.87104034423828,94.33999633789062,94.83000183105469,93.62999725341797,93.91000366210938,2022100
2019-02-27,88.28085327148438,94.77999877929688,95.22000122070312,93.54000091552734,93.81999969482422,2659600
2019-02-28,88.32744598388672,94.83000183105469,95.41999816894531,93.97000122070312,94.86000061035156,2685900
2019-03-01,88.35539245605469,94.86000061035156,96.20999908447266,94.56999969482422,95.77999877929688,1997500
2019-03-04,87.18179321289062,93.5999984741211,95.56999969482422,93.16999816894531,95.41999816894531,1755200
2019-03-05,87.71270751953125,94.16999816894531,95.47000122070312,93.44000244140625,95.11000061035156,3723000
2019-03-06,87.9548568725586,94.43000030517578,96.5,93.5,94.0,4341600
2019-03-07,86.07340240478516,92.41000366210938,93.80000305175781,91.12000274658203,93.58000183105469,3599800
2019-03-08,82.95309448242188,89.05999755859375,91.69000244140625,88.6500015258789,91.4800033569336,3061900
2019-03-11,84.51788330078125,90.73999786376953,90.94000244140625,89.0,89.31999969482422,2375200
2019-03-12,84.90910339355469,91.16000366210938,91.19000244140625,90.02999877929688,90.83000183105469,2115400
2019-03-13,84.47132110595703,90.69000244140625,91.58000183105469,90.6500015258789,91.26000213623047,2007500
2019-03-14,83.12075805664062,89.23999786376953,90.45999908447266,88.30999755859375,90.45999908447266,3705700
2019-03-15,83.9754409790039,89.9000015258789,90.0,88.61000061035156,89.08999633789062,5396200
2019-03-18,85.12440490722656,91.12999725341797,91.33000183105469,89.6500015258789,89.6500015258789,2869000
2019-03-19,85.67552185058594,91.72000122070312,92.37999725341797,90.87000274658203,91.19999694824219,2599400
2019-03-20,85.4793701171875,91.51000213623047,92.0199966430664,91.1500015258789,91.69999694824219,2182000
2019-03-21,85.47002410888672,91.5,91.91999816894531,91.02999877929688,91.3499984741211,1520200
2019-03-22,83.62980651855469,89.52999877929688,91.45999908447266,89.45999908447266,91.06999969482422,2318100
2019-03-25,83.88204956054688,89.80000305175781,90.66000366210938,89.02999877929688,89.23999786376953,1610300
2019-03-26,84.90953826904297,90.9000015258789,91.16999816894531,90.04000091552734,90.26000213623047,1837800
2019-03-27,85.61946868896484,91.66000366210938,92.33999633789062,90.75,91.0,2328600
2019-03-28,85.85298919677734,91.91000366210938,93.0,91.45999908447266,92.08999633789062,1923200
2019-03-29,86.96456909179688,93.0999984741211,93.51000213623047,92.06999969482422,92.45999908447266,2146800
2019-04-01,88.0481185913086,94.26000213623047,94.33999633789062,92.94000244140625,93.7699966430664,2556600
2019-04-02,87.5810775756836,93.76000213623047,94.23999786376953,93.44999694824219,94.12000274658203,2011000
2019-04-03,88.7206802368164,94.9800033569336,95.11000061035156,93.58000183105469,94.36000061035156,1717500
2019-04-04,91.05592346191406,97.4800033569336,97.5999984741211,94.97000122070312,95.05999755859375,1971000
2019-04-05,91.92463684082031,98.41000366210938,98.93000030517578,97.48999786376953,97.79000091552734,2329500
2019-04-08,92.16747283935547,98.66999816894531,98.98999786376953,97.62000274658203,98.19999694824219,1427700
2019-04-09,91.12129211425781,97.55000305175781,98.43000030517578,97.33999633789062,97.97000122070312,1291100
2019-04-10,91.8592529296875,98.33999633789062,98.75,97.68000030517578,98.05999755859375,1570600
2019-04-11,91.1960220336914,97.62999725341797,98.94999694824219,97.08999633789062,98.62000274658203,1929500
2019-04-12,90.95316314697266,97.37000274658203,98.37999725341797,97.0,97.81999969482422,1913200
2019-04-15,91.55098724365234,98.01000213623047,98.3499984741211,97.0,97.27999877929688,1447900
2019-04-16,92.36363983154297,98.87999725341797,99.16000366210938,98.05999755859375,98.45999908447266,1333800
2019-04-17,93.3351058959961,99.91999816894531,100.12000274658203,99.18000030517578,99.31999969482422,1551500
2019-04-18,93.40982818603516,100.0,100.7699966430664,99.81999969482422,100.44999694824219,2393700
2019-04-22,91.33613586425781,97.77999877929688,100.01000213623047,97.12999725341797,99.5999984741211,1565700
2019-04-23,91.41089630126953,97.86000061035156,98.36000061035156,97.2300033569336,98.2300033569336,2080100
2019-04-24,92.06473541259766,98.55999755859375,99.52999877929688,97.70999908447266,97.94000244140625,2416000
2019-04-25,91.56033325195312,98.0199966430664,98.7300033569336,97.19000244140625,97.56999969482422,1489900
2019-04-26,92.05540466308594,98.55000305175781,98.62999725341797,97.5,98.31999969482422,1450900
2019-04-29,91.79385375976562,98.2699966430664,99.80999755859375,98.13999938964844,98.43000030517578,1630500
2019-04-30,91.22407531738281,97.66000366210938,98.43000030517578,97.08999633789062,98.2699966430664,2314200
2019-05-01,89.56135559082031,95.87999725341797,97.63999938964844,95.80000305175781,97.5,1887100
2019-05-02,90.00972747802734,96.36000061035156,96.83000183105469,95.9000015258789,96.01000213623047,2135600
2019-05-03,90.7289810180664,97.12999725341797,97.23999786376953,96.33999633789062,96.94999694824219,1314100
2019-05-06,90.97185516357422,97.38999938964844,97.68000030517578,95.55000305175781,95.7300033569336,1163800
2019-05-07,89.44927215576172,95.76000213623047,96.76000213623047,95.12000274658203,96.75,1646300
2019-05-08,90.44877624511719,96.83000183105469,97.4800033569336,94.5999984741211,95.56999969482422,1881300
2019-05-09,90.61688232421875,97.01000213623047,97.5199966430664,95.5999984741211,95.91999816894531,1446400
2019-05-10,91.06523895263672,97.48999786376953,98.11000061035156,95.05000305175781,96.48999786376953,1928100
2019-05-13,87.29149627685547,93.44999694824219,96.4800033569336,92.72000122070312,95.77999877929688,2814800
2019-05-14,88.23491668701172,94.45999908447266,95.08999633789062,93.47000122070312,94.0,2501500
2019-05-15,88.27230072021484,94.5,94.87999725341797,93.19000244140625,93.69999694824219,1759900
2019-05-16,89.56135559082031,95.87999725341797,97.0,94.93000030517578,94.93000030517578,1677400
2019-05-17,90.79436492919922,97.19999694824219,97.38999938964844,95.26000213623047,95.4000015258789,2452700
2019-05-20,90.29928588867188,96.66999816894531,97.5199966430664,96.44000244140625,96.7699966430664,2575800
2019-05-21,90.9811782836914,97.4000015258789,97.80000305175781,95.30999755859375,96.44000244140625,2846900
2019-05-22,88.30033111572266,94.52999877929688,96.83000183105469,94.12000274658203,96.83000183105469,3002200
2019-05-23,88.28166961669922,94.51000213623047,94.94000244140625,92.77999877929688,93.94000244140625,3203500
2019-05-24,86.66566467285156,92.77999877929688,94.0,91.58999633789062,92.58000183105469,5843000
2019-05-28,85.31120300292969,91.33000183105469,95.6500015258789,91.27999877929688,93.69000244140625,5083900
2019-05-29,84.34908294677734,90.30000305175781,91.7300033569336,89.55000305175781,90.7699966430664,3095000
2019-05-30,86.77775573730469,92.9000015258789,92.94999694824219,90.61000061035156,90.6500015258789,2601500
2019-05-31,86.86181640625,92.98999786376953,93.26000213623047,91.45999908447266,91.83999633789062,2525800
2019-06-03,85.97441101074219,92.04000091552734,93.75,91.54000091552734,92.93000030517578,2396300
2019-06-04,88.40306854248047,94.63999938964844,94.73999786376953,92.79000091552734,92.80000305175781,2335200
2019-06-05,88.73001861572266,94.98999786376953,95.6500015258789,94.44000244140625,94.93000030517578,1755700
2019-06-06,89.8228988647461,96.16000366210938,96.45999908447266,94.79000091552734,95.25,2240100
2019-06-07,92.62520599365234,99.16000366210938,99.55000305175781,96.75,96.8499984741211,3194900
2019-06-10,91.77766418457031,98.0,100.4000015258789,97.80999755859375,99.0999984741211,2606000
2019-06-11,92.21783447265625,98.47000122070312,99.16000366210938,97.87000274658203,98.62999725341797,2661600
2019-06-12,92.06797790527344,98.30999755859375,99.5,98.23999786376953,98.79000091552734,1910400
2019-06-13,94.15640258789062,100.54000091552734,100.56999969482422,97.58999633789062,98.9800033569336,2221500
2019-06-14,94.55908203125,100.97000122070312,101.69000244140625,100.43000030517578,100.7699966430664,2562800
2019-06-17,94.99925231933594,101.44000244140625,102.12999725341797,100.41000366210938,100.9800033569336,2363100
2019-06-18,96.09494018554688,102.61000061035156,103.8499984741211,102.05000305175781,102.33000183105469,2489500
2019-06-19,96.8160629272461,103.37999725341797,103.58000183105469,101.70999908447266,102.83000183105469,1785900
2019-06-20,97.9305191040039,104.56999969482422,105.30999755859375,103.62999725341797,104.06999969482422,1920700
2019-06-21,97.35924530029297,103.95999908447266,105.1500015258789,103.9000015258789,104.6500015258789,3068500
2019-06-24,96.3197250366211,102.8499984741211,104.26000213623047,101.9000015258789,103.0,2058700
2019-06-25,95.0647964477539,101.51000213623047,103.08999633789062,101.29000091552734,102.83999633789062,2349100
2019-06-26,95.89828491210938,102.4000015258789,103.11000061035156,101.43000030517578,102.06999969482422,1938700
2019-06-27,94.15640258789062,100.54000091552734,100.62999725341797,98.83999633789062,99.5999984741211,3678800
2019-06-28,92.82655334472656,99.12000274658203,101.45999908447266,99.05999755859375,100.6500015258789,8249300
2019-07-01,92.6954574584961,98.9800033569336,101.91999816894531,98.55999755859375,100.52999877929688,2733900
2019-07-02,91.94622802734375,98.18000030517578,99.38999938964844,97.52999877929688,98.79000091552734,2174000
2019-07-03,93.6506576538086,100.0,100.04000091552734,98.38999938964844,98.4000015258789,1211900
2019-07-05,94.47480010986328,100.87999725341797,100.91000366210938,98.86000061035156,98.86000061035156,1612300
2019-07-08,95.1303482055664,101.58000183105469,101.70999908447266,100.19999694824219,100.77999877929688,1638300
2019-07-09,95.50494384765625,101.9800033569336,102.55999755859375,101.18000030517578,101.5,1877500
2019-07-10,96.09494018554688,102.61000061035156,102.95999908447266,101.37999725341797,102.58999633789062,1540800
2019-07-11,96.36654663085938,102.9000015258789,103.25,102.37000274658203,103.0,1722900
2019-07-12,99.2884292602539,106.0199966430664,106.77999877929688,103.08000183105469,103.51000213623047,3693700
2019-07-15,99.59748840332031,106.3499984741211,107.23999786376953,104.94000244140625,106.16999816894531,2448500
2019-07-16,100.0282974243164,106.80999755859375,107.44999694824219,106.0,106.55000305175781,2025100
2019-07-17,100.47782135009766,107.29000091552734,107.93000030517578,106.56999969482422,106.91000366210938,1774200
2019-07-18,100.24366760253906,107.04000091552734,107.62999725341797,106.37000274658203,107.37999725341797,2218800
2019-07-19,99.84098052978516,106.61000061035156,108.19999694824219,106.51000213623047,107.7699966430664,2738200
2019-07-22,99.21353149414062,105.94000244140625,107.4800033569336,105.66000366210938,107.05999755859375,1905700
2019-07-23,99.37274169921875,106.11000061035156,106.62999725341797,105.31999969482422,106.11000061035156,1303600
2019-07-24,99.22289276123047,105.94999694824219,106.61000061035156,105.5,105.94000244140625,1578800
2019-07-25,98.82018280029297,105.5199966430664,105.98999786376953,104.27999877929688,104.27999877929688,1705200
2019-07-26,100.04702758789062,106.83000183105469,107.05999755859375,105.08999633789062,105.8499984741211,1261500
2019-07-29,99.74732971191406,106.51000213623047,106.91999816894531,106.0,106.55000305175781,1060900
2019-07-30,99.58811950683594,106.33999633789062,106.4800033569336,105.47000122070312,106.1500015258789,1216200
2019-07-31,99.29781341552734,106.02999877929688,107.04000091552734,104.41999816894531,106.19000244140625,1485000
2019-08-01,96.99400329589844,103.56999969482422,107.08000183105469,102.48999786376953,106.69000244140625,1588900
2019-08-02,96.91908264160156,103.48999786376953,104.44999694824219,102.94000244140625,103.52999877929688,1563800
2019-08-05,94.79322814941406,101.22000122070312,103.06999969482422,100.16000366210938,102.31999969482422,2184900
2019-08-06,96.8160629272461,103.37999725341797,103.61000061035156,101.05999755859375,101.55999755859375,1664400
2019-08-07,97.31240844726562,103.91000366210938,104.22000122070312,101.55000305175781,102.06999969482422,1767600
2019-08-08,100.24366760253906,107.04000091552734,107.2300033569336,104.47000122070312,104.68000030517578,1861700
2019-08-09,98.80146026611328,105.5,107.12000274658203,104.95999908447266,106.9000015258789,1549800
2019-08-12,96.72242736816406,103.27999877929688,105.44999694824219,102.91999816894531,105.18000030517578,1743900
2019-08-13,99.68177032470703,106.44000244140625,108.04000091552734,102.26000213623047,103.23999786376953,1669000
2019-08-14,95.68289947509766,102.16999816894531,104.54000091552734,102.06999969482422,104.54000091552734,2413600
2019-08-15,94.9711685180664,101.41000366210938,103.44999694824219,100.68000030517578,103.19000244140625,1979500
2019-08-16,96.6287841796875,103.18000030517578,103.6500015258789,102.2699966430664,102.58000183105469,1900300
2019-08-19,97.48099517822266,104.08999633789062,105.4000015258789,103.33000183105469,104.88999938964844,1721500
2019-08-20,97.57464599609375,104.19000244140625,105.08000183105469,102.5999984741211,103.0199966430664,2308000
2019-08-21,98.9887466430664,105.69999694824219,106.62000274658203,104.26000213623047,105.70999908447266,1686300
2019-08-22,100.58081817626953,107.4000015258789,107.94000244140625,105.69999694824219,106.87000274658203,3922400
2019-08-23,96.41336059570312,102.94999694824219,106.37000274658203,102.41000366210938,105.63999938964844,3917000
2019-08-26,97.921142578125,104.55999755859375,104.76000213623047,103.30000305175781,103.3499984741211,1787500
2019-08-27,96.06687927246094,102.58000183105469,105.12999725341797,102.54000091552734,105.11000061035156,2355000
2019-08-28,97.921142578125,104.55999755859375,104.81999969482422,102.0,102.30000305175781,2095100
2019-08-29,100.30924224853516,107.11000061035156,107.55999755859375,105.98999786376953,105.98999786376953,1927100
2019-08-30,99.27906799316406,106.01000213623047,108.4800033569336,105.77999877929688,107.43000030517578,2290600
2019-09-03,98.3519287109375,105.0199966430664,106.08999633789062,104.06999969482422,105.16999816894531,2095800
2019-09-04,99.24164581298828,105.97000122070312,106.0,104.80999755859375,105.4800033569336,1612200
2019-09-05,102.4163818359375,109.36000061035156,109.4800033569336,106.73999786376953,107.0,2440900
2019-09-06,102.2478256225586,109.18000030517578,110.66999816894531,109.04000091552734,109.6500015258789,1436400
2019-09-09,101.60160827636719,108.48999786376953,109.69000244140625,107.68000030517578,109.30999755859375,1443300
2019-09-10,101.29257202148438,108.16000366210938,108.69000244140625,106.43000030517578,108.55000305175781,2081500
2019-09-11,101.67273712158203,108.30999755859375,108.5999984741211,106.66999816894531,107.37999725341797,2020600
2019-09-12,102.65840911865234,109.36000061035156,110.87999725341797,109.0,109.26000213623047,2242100
2019-09-13,102.4425048828125,109.12999725341797,110.26000213623047,109.0199966430664,109.61000061035156,1576100
2019-09-16,100.99687194824219,107.58999633789062,108.58000183105469,107.5,108.58000183105469,1518600
2019-09-17,101.51316833496094,108.13999938964844,108.9800033569336,107.4000015258789,107.80999755859375,1857100
2019-09-18,102.04823303222656,108.70999908447266,108.80999755859375,107.31999969482422,108.08999633789062,1984600
2019-09-19,101.95436096191406,108.61000061035156,109.63999938964844,108.38999938964844,108.80999755859375,1206900
2019-09-20,98.33091735839844,104.75,109.54000091552734,104.56999969482422,108.56999969482422,4592900
2019-09-23,100.47118377685547,107.02999877929688,107.30999755859375,105.27999877929688,105.36000061035156,2167000
2019-09-24,101.04379272460938,107.63999938964844,109.12000274658203,106.7699966430664,108.30000305175781,2176400
2019-09-25,101.60704803466797,108.23999786376953,109.12999725341797,107.69000244140625,107.69000244140625,1721200
2019-09-26,101.24092102050781,107.8499984741211,109.0,106.98999786376953,108.70999908447266,1390000
2019-09-27,102.3674087524414,109.05000305175781,109.43000030517578,108.13999938964844,108.61000061035156,1944600
2019-09-30,103.1183853149414,109.8499984741211,110.38999938964844,109.13999938964844,109.13999938964844,1582800
2019-10-01,102.60208892822266,109.30000305175781,111.41999816894531,109.23999786376953,110.37000274658203,1975400
2019-10-02,100.94054412841797,107.52999877929688,108.88999938964844,106.94000244140625,108.87000274658203,1724600
2019-10-03,100.3773193359375,106.93000030517578,107.23999786376953,104.81999969482422,107.05000305175781,1338800
2019-10-04,102.25475311279297,108.93000030517578,109.2699966430664,107.26000213623047,107.31999969482422,1570200
2019-10-07,101.51316833496094,108.13999938964844,108.97000122070312,107.75,108.20999908447266,1618300
2019-10-08,101.26909637451172,107.87999725341797,109.30999755859375,106.80000305175781,107.45999908447266,1695300
2019-10-09,102.48004913330078,109.16999816894531,109.43000030517578,108.02999877929688,108.5,1458400
2019-10-10,104.20729064941406,111.01000213623047,111.19000244140625,108.5199966430664,108.87000274658203,1461300
2019-10-11,105.5684585571289,112.45999908447266,113.51000213623047,111.66000366210938,112.0,1962300
2019-10-14,104.5733871459961,111.4000015258789,112.83999633789062,111.33000183105469,112.43000030517578,852900
2019-10-15,105.0802993774414,111.94000244140625,112.5,111.63999938964844,111.6500015258789,1629500
2019-10-16,105.38068389892578,112.26000213623047,112.68000030517578,111.5,111.94999694824219,1824700
2019-10-17,106.10350799560547,113.02999877929688,113.69000244140625,112.58999633789062,112.9800033569336,1025400
2019-10-18,107.13610076904297,114.12999725341797,114.83000183105469,112.5,112.80999755859375,1595700
2019-10-21,104.17912292480469,110.9800033569336,113.22000122070312,109.06999969482422,111.48999786376953,2832700
2019-10-22,105.0427474975586,111.9000015258789,112.9800033569336,111.02999877929688,111.27999877929688,1377300
2019-10-23,103.15592956542969,109.88999938964844,112.22000122070312,109.66999816894531,111.9800033569336,1484700
2019-10-24,103.67223358154297,110.44000244140625,110.69000244140625,109.18000030517578,110.22000122070312,1362700
2019-10-25,103.90689849853516,110.69000244140625,111.61000061035156,109.66000366210938,110.0999984741211,1116900
2019-10-28,102.68656921386719,109.38999938964844,111.12000274658203,109.26000213623047,110.62000274658203,1548000
2019-10-29,102.1514892578125,108.81999969482422,110.5,108.75,109.44999694824219,1565700
2019-10-30,103.55957794189453,110.31999969482422,110.38999938964844,108.58999633789062,108.69000244140625,1579100
2019-10-31,102.94940948486328,109.66999816894531,110.97000122070312,109.2300033569336,110.48999786376953,1790900
2019-11-01,104.18851470947266,110.98999786376953,111.56999969482422,109.73999786376953,110.19000244140625,1294400
2019-11-04,104.92071533203125,111.7699966430664,112.0199966430664,110.98999786376953,111.61000061035156,1540400
2019-11-05,105.19295501708984,112.05999755859375,112.80000305175781,111.41000366210938,111.48999786376953,1704700
2019-11-06,105.38068389892578,112.26000213623047,112.5199966430664,111.31999969482422,112.44999694824219,1282200
2019-11-07,106.14106750488281,113.06999969482422,113.72000122070312,112.18000030517578,112.3499984741211,1389700
2019-11-08,104.9676513671875,111.81999969482422,113.05999755859375,111.4000015258789,112.7699966430664,1431900
2019-11-11,105.30559539794922,112.18000030517578,112.37999725341797,111.11000061035156,111.66000366210938,1126300
2019-11-12,104.16973876953125,110.97000122070312,112.41000366210938,110.83999633789062,112.1500015258789,1327100
2019-11-13,104.56401062011719,111.38999938964844,111.94000244140625,109.33000183105469,111.01000213623047,1683900
2019-11-14,105.92516326904297,112.83999633789062,113.0,111.0,111.76000213623047,1291100
2019-11-15,106.42267608642578,113.37000274658203,113.66999816894531,112.23999786376953,113.66000366210938,1151600
2019-11-18,105.31498718261719,112.19000244140625,113.33999633789062,111.83999633789062,112.94000244140625,1800900
2019-11-19,105.53087615966797,112.41999816894531,113.95999908447266,111.81999969482422,112.72000122070312,1993500
2019-11-20,103.67223358154297,110.44000244140625,112.91000366210938,109.98999786376953,112.4000015258789,2267700
2019-11-21,104.93952178955078,111.79000091552734,111.8499984741211,110.5999984741211,111.16999816894531,2495600
2019-11-22,104.68603515625,111.5199966430664,113.88999938964844,108.41000366210938,113.08000183105469,3955400
2019-11-25,106.38511657714844,113.33000183105469,113.98999786376953,111.55000305175781,112.02999877929688,2210100
2019-11-26,108.2625732421875,115.33000183105469,116.02999877929688,112.98999786376953,113.37999725341797,5066600
2019-11-27,109.20128631591797,116.33000183105469,116.48999786376953,115.19999694824219,116.12000274658203,1589800
2019-11-29,109.03231811523438,116.1500015258789,117.23999786376953,116.05000305175781,116.58000183105469,1411500
2019-12-02,108.89151000976562,116.0,117.58000183105469,115.88999938964844,116.6500015258789,2534700
2019-12-03,107.26752471923828,114.2699966430664,115.8499984741211,113.58000183105469,115.01000213623047,1890600
2019-12-04,107.15489196777344,114.1500015258789,115.11000061035156,113.58999633789062,114.5199966430664,1964600
2019-12-05,106.77384948730469,113.48999786376953,114.30000305175781,113.20999908447266,114.23999786376953,1359200
2019-12-06,107.16898345947266,113.91000366210938,115.13999938964844,113.69999694824219,114.83999633789062,1243500
2019-12-09,108.25093078613281,115.05999755859375,115.37999725341797,113.69000244140625,113.76000213623047,1947000
2019-12-10,108.1474380493164,114.94999694824219,115.37000274658203,114.19999694824219,114.9800033569336,1264300
2019-12-11,108.05333709716797,114.8499984741211,115.30000305175781,114.12999725341797,115.30000305175781,1403600
2019-12-12,109.55867767333984,116.44999694824219,116.79000091552734,114.56999969482422,114.87999725341797,2041800
2019-12-13,108.65547180175781,115.48999786376953,116.38999938964844,115.23999786376953,116.30000305175781,1319200
2019-12-16,107.6205825805664,114.38999938964844,116.52999877929688,114.18000030517578,116.02999877929688,1937400
2019-12-17,107.07491302490234,113.80999755859375,114.70999908447266,113.5,114.70999908447266,1746000
2019-12-18,106.77384948730469,113.48999786376953,114.1500015258789,112.58000183105469,113.80999755859375,1863300
2019-12-19,108.34503173828125,115.16000366210938,115.19999694824219,113.73999786376953,113.73999786376953,1427900
2019-12-20,108.41087341308594,115.2300033569336,116.12999725341797,114.5199966430664,116.12999725341797,3701800
2019-12-23,107.44181823730469,114.19999694824219,115.52999877929688,114.0999984741211,115.36000061035156,1470800
2019-12-24,108.30738830566406,115.12000274658203,115.4000015258789,114.27999877929688,114.55000305175781,535700
2019-12-26,108.48612976074219,115.30999755859375,115.5999984741211,114.2699966430664,115.05000305175781,1033000
2019-12-27,108.1568603515625,114.95999908447266,116.0999984741211,114.52999877929688,116.0999984741211,895600
2019-12-30,109.60569763183594,116.5,117.01000213623047,114.16000366210938,114.66999816894531,1415400
2019-12-31,109.53043365478516,116.41999816894531,117.04000091552734,115.6500015258789,116.58999633789062,1576000
2020-01-02,109.91617584228516,116.83000183105469,116.83999633789062,115.47000122070312,116.4800033569336,1722500
2020-01-03,109.94440460205078,116.86000061035156,117.0,115.19999694824219,115.43000030517578,1486500
2020-01-06,110.480712890625,117.43000030517578,117.4800033569336,115.63999938964844,116.25,1573600
2020-01-07,111.76960754394531,118.80000305175781,118.87999725341797,116.54000091552734,117.01000213623047,1961900
2020-01-08,112.09889221191406,119.1500015258789,120.08999633789062,118.94999694824219,119.11000061035156,1565200
2020-01-09,114.90253448486328,122.12999725341797,122.62000274658203,119.54000091552734,120.66999816894531,2185800
2020-01-10,113.57599639892578,120.72000122070312,122.37999725341797,120.5,122.0999984741211,1271700
2020-01-13,112.87036895751953,119.97000122070312,120.77999877929688,119.23999786376953,120.68000030517578,1392100
2020-01-14,111.92015075683594,118.95999908447266,120.12999725341797,118.80999755859375,120.04000091552734,1828000
2020-01-15,110.80057525634766,117.7699966430664,119.37000274658203,117.44999694824219,118.51000213623047,1409100
2020-01-16,111.06401062011719,118.05000305175781,118.91999816894531,117.44999694824219,118.38999938964844,1853700
2020-01-17,110.71588897705078,117.68000030517578,118.72000122070312,117.44999694824219,118.20999908447266,2094800
2020-01-21,110.82879638671875,117.80000305175781,118.22000122070312,117.16999816894531,117.25,1853300
2020-01-22,110.46186065673828,117.41000366210938,118.5,117.4000015258789,118.12999725341797,1770500
2020-01-23,111.21450805664062,118.20999908447266,118.62000274658203,116.04000091552734,117.33999633789062,1989100
2020-01-24,108.90950775146484,115.76000213623047,118.4000015258789,115.2699966430664,118.0199966430664,1548100
2020-01-27,108.05333709716797,114.8499984741211,115.5,113.5,114.06999969482422,2677900
2020-01-28,107.70526885986328,114.4800033569336,115.47000122070312,114.36000061035156,115.11000061035156,1558400
2020-01-29,107.50767517089844,114.2699966430664,115.41999816894531,113.95999908447266,114.7300033569336,1365900
2020-01-30,107.42300415039062,114.18000030517578,114.66000366210938,113.05999755859375,113.4800033569336,1627100
2020-01-31,105.55078125,112.19000244140625,114.04000091552734,111.4800033569336,113.83999633789062,5115000
2020-02-03,107.09371948242188,113.83000183105469,114.72000122070312,112.54000091552734,112.55999755859375,1662700
2020-02-04,109.46459197998047,116.3499984741211,116.80000305175781,115.25,115.77999877929688,1510200
2020-02-05,111.7131576538086,118.73999786376953,119.08000183105469,117.06999969482422,117.06999969482422,1715700
2020-02-06,111.19572448730469,118.19000244140625,119.6500015258789,118.13999938964844,119.33999633789062,1267000
2020-02-07,110.480712890625,117.43000030517578,118.02999877929688,116.54000091552734,118.0199966430664,1059000
2020-02-10,111.26158905029297,118.26000213623047,118.4000015258789,116.70999908447266,116.88999938964844,1373400
2020-02-11,112.61634826660156,119.69999694824219,119.93000030517578,118.66999816894531,119.04000091552734,1260900
2020-02-12,112.95504760742188,120.05999755859375,120.5999984741211,119.66999816894531,120.4800033569336,1388800
2020-02-13,113.46308135986328,120.5999984741211,120.75,119.4800033569336,119.76000213623047,1290300
2020-02-14,114.5732421875,121.77999877929688,121.97000122070312,120.68000030517578,120.91000366210938,1307700
2020-02-18,115.24124145507812,122.48999786376953,123.01000213623047,121.0199966430664,121.58000183105469,1497200
2020-02-19,115.66461181640625,122.94000244140625,123.62999725341797,122.56999969482422,122.95999908447266,1061200
2020-02-20,116.4831314086914,123.80999755859375,124.16000366210938,121.94000244140625,122.83999633789062,1065400
2020-02-21,115.94684600830078,123.23999786376953,123.87000274658203,122.12000274658203,123.26000213623047,1316400
2020-02-24,114.42272186279297,121.62000274658203,123.18000030517578,121.05000305175781,122.0,1816400
2020-02-25,109.8409194946289,116.75,122.20999908447266,116.55999755859375,121.98999786376953,2295700
2020-02-26,112.14594268798828,119.19999694824219,121.41000366210938,117.95999908447266,118.4000015258789,2432000
2020-02-27,105.31556701660156,111.94000244140625,119.0199966430664,111.8499984741211,117.80000305175781,2738900
2020-02-28,102.34257507324219,108.77999877929688,110.6500015258789,106.76000213623047,108.62000274658203,4152000
2020-03-02,105.35321807861328,111.9800033569336,112.0,105.94999694824219,109.22000122070312,3138100
2020-03-03,102.75655364990234,109.22000122070312,114.30999755859375,107.58999633789062,111.0,3487300
2020-03-04,103.07643127441406,109.55999755859375,110.5,105.80999755859375,109.37999725341797,4938700
2020-03-05,95.67216491699219,101.69000244140625,107.16000366210938,100.69999694824219,106.33999633789062,3136700
2020-03-06,96.44361877441406,102.51000213623047,103.41999816894531,97.33999633789062,97.58999633789062,3940100
2020-03-09,89.19931030273438,94.80999755859375,97.81999969482422,94.41000366210938,96.98999786376953,4067500
2020-03-10,95.82266998291016,101.8499984741211,101.91999816894531,95.77999877929688,97.16000366210938,3921200
2020-03-11,92.72737121582031,98.55999755859375,100.97000122070312,97.83000183105469,99.41999816894531,3731100
2020-03-12,85.94406127929688,91.3499984741211,96.45999908447266,91.02999877929688,92.66999816894531,5273900
2020-03-13,87.33647155761719,92.83000183105469,97.12999725341797,87.4800033569336,95.62999725341797,4298400
2020-03-16,69.76915740966797,73.93000030517578,84.33999633789062,73.19000244140625,84.33999633789062,4883700
2020-03-17,65.64507293701172,69.55999755859375,74.66999816894531,67.69000244140625,74.43000030517578,7862800
2020-03-18,56.59482955932617,59.970001220703125,65.94999694824219,56.29999923706055,65.30000305175781,8149600
2020-03-19,61.341739654541016,65.0,69.33000183105469,57.66999816894531,59.459999084472656,7958700
2020-03-20,60.303646087646484,63.900001525878906,70.0,63.849998474121094,65.43000030517578,10008700
2020-03-23,59.37879943847656,62.91999816894531,66.43000030517578,60.5,62.689998626708984,5970200
2020-03-24,67.55139923095703,71.58000183105469,71.80000305175781,66.06999969482422,67.81999969482422,8351500
2020-03-25,76.71489715576172,81.29000091552734,84.86000061035156,72.80000305175781,73.94999694824219,5655300
2020-03-26,80.78231811523438,85.5999984741211,86.83000183105469,81.30999755859375,82.33999633789062,5436500
2020-03-27,77.90399169921875,82.55000305175781,85.77999877929688,80.0,81.77999877929688,3493000
2020-03-30,80.09344482421875,84.87000274658203,85.5,80.58000183105469,82.58999633789062,3237400
2020-03-31,82.0752182006836,86.97000122070312,88.79000091552734,83.73999786376953,84.0999984741211,4875800
2020-04-01,76.52616119384766,81.08999633789062,85.37000274658203,79.88999938964844,82.30000305175781,4468900
2020-04-02,74.93128204345703,79.4000015258789,82.2699966430664,75.62999725341797,80.0,4137500
2020-04-03,70.54300689697266,74.75,79.2300033569336,74.16999816894531,78.58000183105469,3534700
2020-04-06,82.27340698242188,87.18000030517578,88.05999755859375,78.1500015258789,80.0,5382000
2020-04-07,80.03681182861328,84.80999755859375,95.97000122070312,84.47000122070312,93.66000366210938,5867100
2020-04-08,84.03816986083984,89.05000305175781,91.86000061035156,84.69999694824219,85.75,3023800
2020-04-09,83.74562072753906,88.73999786376953,92.63999938964844,87.88999938964844,90.37999725341797,2693900
2020-04-13,82.10354614257812,87.0,89.0199966430664,85.0999984741211,89.0199966430664,2192200
2020-04-14,85.85011291503906,90.97000122070312,91.36000061035156,88.33999633789062,88.51000213623047,3034400
2020-04-15,83.57575225830078,88.55999755859375,89.3499984741211,86.19999694824219,86.58000183105469,2383500
2020-04-16,82.28285217285156,87.19000244140625,88.81999969482422,86.37000274658203,88.55000305175781,2610700
2020-04-17,86.55790710449219,91.72000122070312,92.0199966430664,88.72000122070312,90.05999755859375,5080600
2020-04-20,81.64112854003906,86.51000213623047,90.4800033569336,86.45999908447266,90.4800033569336,3565500
2020-04-21,78.0455551147461,82.69999694824219,85.51000213623047,81.62999725341797,83.6500015258789,4154500
2020-04-22,79.14970397949219,83.87000274658203,85.9800033569336,81.94000244140625,85.06999969482422,3265800
2020-04-23,77.9794921875,82.62999725341797,85.33000183105469,82.31999969482422,84.72000122070312,3721400
2020-04-24,80.67853546142578,85.48999786376953,86.30000305175781,82.61000061035156,83.01000213623047,2213900
2020-04-27,85.71800994873047,90.83000183105469,91.0999984741211,86.5,86.91000366210938,3238400
2020-04-28,87.33177185058594,92.54000091552734,101.08000183105469,92.16000366210938,94.05000305175781,4800000
2020-04-29,91.58792114257812,97.05000305175781,98.69999694824219,95.12999725341797,97.13999938964844,3552400
2020-04-30,86.2181625366211,91.36000061035156,96.08000183105469,91.05000305175781,95.43000030517578,3058100
2020-05-01,83.9532470703125,88.95999908447266,89.58000183105469,87.37000274658203,88.25,1990100
2020-05-04,83.4153060913086,88.38999938964844,88.80000305175781,85.69999694824219,87.19000244140625,1864300
2020-05-05,83.77391815185547,88.7699966430664,90.9800033569336,88.08000183105469,90.0,2423200
2020-05-06,83.85887908935547,88.86000061035156,90.29000091552734,88.38999938964844,89.33000183105469,1938400
2020-05-07,84.79314422607422,89.8499984741211,91.87000274658203,89.76000213623047,90.63999938964844,2286200
2020-05-08,86.31255340576172,91.45999908447266,91.5999984741211,90.45999908447266,91.0999984741211,1480000
2020-05-11,85.64249420166016,90.75,91.41000366210938,88.86000061035156,90.0999984741211,1598100
2020-05-12,81.74492645263672,86.62000274658203,91.22000122070312,86.12000274658203,90.8499984741211,2301600
2020-05-13,79.0081558227539,83.72000122070312,86.3499984741211,82.62000274658203,85.94999694824219,2192900
2020-05-14,79.76313018798828,84.5199966430664,84.69000244140625,79.86000061035156,82.26000213623047,2171100
2020-05-15,80.50865936279297,85.30999755859375,86.0,82.33999633789062,83.7300033569336,3067500
2020-05-18,85.52925872802734,90.62999725341797,92.4000015258789,88.77999877929688,89.9000015258789,2581900
2020-05-19,84.83089447021484,89.88999938964844,91.61000061035156,87.94000244140625,90.54000091552734,3319700
2020-05-20,85.77461242675781,90.88999938964844,92.30000305175781,90.0,90.81999969482422,2431800
2020-05-21,91.41805267333984,96.87000274658203,99.4000015258789,93.5,94.5,5012800
2020-05-22,88.59632873535156,93.87999725341797,96.69000244140625,91.87000274658203,92.9800033569336,5340100
2020-05-26,89.27581024169922,94.5999984741211,97.16999816894531,94.22000122070312,96.7300033569336,4445100
2020-05-27,91.0594482421875,96.48999786376953,96.5999984741211,93.80000305175781,95.22000122070312,2974500
2020-05-28,92.73925018310547,98.2699966430664,100.5999984741211,94.7300033569336,96.55999755859375,4286700
2020-05-29,91.50299072265625,96.95999908447266,98.87000274658203,95.4800033569336,98.04000091552734,4511800
2020-06-01,91.7294921875,97.19999694824219,99.11000061035156,96.48999786376953,97.08000183105469,2253900
2020-06-02,93.24887084960938,98.80999755859375,98.98999786376953,95.98999786376953,98.55999755859375,2510600
2020-06-03,94.50401306152344,100.13999938964844,100.72000122070312,98.81999969482422,99.91999816894531,2303300
2020-06-04,93.39041900634766,98.95999908447266,101.0,98.54000091552734,99.5,2689600
2020-06-05,96.7123031616211,102.4800033569336,104.93000030517578,101.30000305175781,102.30000305175781,2570800
2020-06-08,96.97655487060547,102.76000213623047,104.05000305175781,101.38999938964844,102.55000305175781,3616800
2020-06-09,95.87239074707031,101.58999633789062,102.91000366210938,100.66999816894531,102.0999984741211,2678700
2020-06-10,94.40965270996094,100.04000091552734,101.81999969482422,98.6500015258789,101.69000244140625,3299400
2020-06-11,89.05876159667969,94.37000274658203,96.83999633789062,93.20999908447266,96.68000030517578,3797000
2020-06-12,87.27513122558594,92.4800033569336,96.79000091552734,89.79000091552734,96.41999816894531,2933000
2020-06-15,86.1898422241211,91.33000183105469,91.48999786376953,87.86000061035156,89.13999938964844,3879400
2020-06-16,92.12586212158203,97.62000274658203,98.05000305175781,95.2699966430664,97.08999633789062,4164100
2020-06-17,91.23873901367188,96.68000030517578,98.12999725341797,96.56999969482422,97.73999786376953,3317200
2020-06-18,87.1807632446289,92.37999725341797,96.37999725341797,91.9800033569336,95.04000091552734,3357100
2020-06-19,88.05841827392578,93.30999755859375,95.1500015258789,91.6500015258789,95.13999938964844,6537000
2020-06-22,85.5764389038086,90.68000030517578,92.88999938964844,90.22000122070312,92.66999816894531,2839400
2020-06-23,86.31255340576172,91.45999908447266,93.16000366210938,91.31999969482422,92.01000213623047,3749000
2020-06-24,82.15074157714844,87.05000305175781,90.36000061035156,86.44000244140625,89.80000305175781,3119100
2020-06-25,79.52719116210938,84.2699966430664,86.94000244140625,82.48999786376953,86.7699966430664,4748500
2020-06-26,79.03646087646484,83.75,86.69000244140625,83.58999633789062,83.75,5236000
2020-06-29,80.44259643554688,85.23999786376953,85.5199966430664,81.61000061035156,83.93000030517578,2845900
2020-06-30,80.44259643554688,85.23999786376953,85.73999786376953,83.77999877929688,85.01000213623047,5775200
2020-07-01,82.28285217285156,87.19000244140625,88.5999984741211,85.22000122070312,85.29000091552734,3703700
2020-07-02,83.5946273803711,88.58000183105469,91.12000274658203,88.30999755859375,88.73999786376953,3516300
2020-07-06,85.06684875488281,90.13999938964844,91.05999755859375,89.54000091552734,89.76000213623047,1907500
2020-07-07,81.51844787597656,86.37999725341797,89.19999694824219,86.16999816894531,89.19999694824219,2300300
2020-07-08,81.17870330810547,86.0199966430664,87.05000305175781,84.80999755859375,86.20999908447266,2350800
2020-07-09,79.9518814086914,84.72000122070312,86.22000122070312,83.25,85.73999786376953,2700800
2020-07-10,81.90535736083984,86.79000091552734,87.75,84.48999786376953,84.8499984741211,2767100
2020-07-13,80.04624938964844,84.81999969482422,87.77999877929688,84.44999694824219,86.97000122070312,3584900
2020-07-14,75.6579360961914,80.16999816894531,83.9800033569336,79.6500015258789,83.9800033569336,7567700
2020-07-15,78.9515380859375,83.66000366210938,84.63999938964844,81.62999725341797,81.7699966430664,5743700
2020-07-16,79.8008804321289,84.55999755859375,84.94000244140625,82.4000015258789,83.01000213623047,3207100
2020-07-17,80.96163940429688,85.79000091552734,86.08000183105469,84.12999725341797,85.25,3217200
2020-07-20,80.0179214477539,84.79000091552734,86.08000183105469,83.51000213623047,85.58000183105469,3074600
2020-07-21,81.64112854003906,86.51000213623047,88.0,84.12000274658203,85.06999969482422,2263300
2020-07-22,83.78337860107422,88.77999877929688,88.80999755859375,85.62000274658203,86.3499984741211,2587700
2020-07-23,82.80189514160156,87.73999786376953,88.77999877929688,86.8499984741211,88.54000091552734,2890100
2020-07-24,81.31083679199219,86.16000366210938,88.0999984741211,85.94999694824219,87.66999816894531,2167600
2020-07-27,80.32936096191406,85.12000274658203,86.25,84.12000274658203,85.91999816894531,2380700
2020-07-28,81.04656982421875,85.87999725341797,86.54000091552734,84.76000213623047,84.94000244140625,1814800
2020-07-29,83.45307159423828,88.43000030517578,88.95999908447266,86.0,86.1500015258789,2371500
2020-07-30,83.94379425048828,88.94999694824219,89.30000305175781,87.05999755859375,87.62999725341797,2524000
2020-07-31,84.62330627441406,89.66999816894531,89.77999877929688,87.93000030517578,88.62000274658203,3166100
2020-08-03,82.93401336669922,87.87999725341797,89.70999908447266,87.4000015258789,89.19999694824219,2784100
2020-08-04,83.40586853027344,88.37999725341797,88.79000091552734,87.19999694824219,87.83000183105469,2043700
2020-08-05,83.68899536132812,88.68000030517578,89.5999984741211,88.2300033569336,88.83999633789062,1894300
2020-08-06,82.0752182006836,86.97000122070312,88.8499984741211,86.86000061035156,88.8499984741211,3282100
2020-08-07,84.40621948242188,89.44000244140625,89.44000244140625,86.37000274658203,86.94999694824219,3321400
2020-08-10,87.3034439086914,92.51000213623047,93.23999786376953,89.80999755859375,90.0,2557800
2020-08-11,88.33209991455078,93.5999984741211,94.9800033569336,92.37999725341797,93.47000122070312,1846200
2020-08-12,88.775634765625,94.06999969482422,94.45999908447266,92.3499984741211,93.62000274658203,1780900
2020-08-13,87.83191680908203,93.06999969482422,93.95999908447266,93.0199966430664,93.94999694824219,1583500
2020-08-14,88.76620483398438,94.05999755859375,94.76000213623047,92.62999725341797,93.19999694824219,1838900
2020-08-17,91.6634292602539,97.12999725341797,97.55999755859375,95.12000274658203,96.12000274658203,3101800
2020-08-18,88.99269104003906,94.30000305175781,96.97000122070312,93.27999877929688,96.77999877929688,2933900
2020-08-19,85.18008422851562,90.26000213623047,91.19999694824219,88.56999969482422,90.5,4579100
2020-08-20,82.53766632080078,87.45999908447266,89.70999908447266,87.2300033569336,88.87999725341797,3703200
2020-08-21,82.31116485595703,87.22000122070312,89.77999877929688,86.37000274658203,87.5999984741211,4292800
2020-08-24,84.28353881835938,89.30999755859375,89.31999969482422,86.70999908447266,87.01000213623047,2981900
2020-08-25,86.11434936523438,91.25,92.37999725341797,89.69999694824219,89.79000091552734,2534100
2020-08-26,84.80257415771484,89.86000061035156,91.55999755859375,89.7300033569336,91.12999725341797,1679600
2020-08-27,85.74629974365234,90.86000061035156,92.0199966430664,90.25,90.69999694824219,1958300
2020-08-28,88.54915618896484,93.83000183105469,93.93000030517578,90.87999725341797,91.19999694824219,1781500
2020-08-31,85.95393371582031,91.08000183105469,93.4800033569336,91.02999877929688,93.0,2057900
2020-09-01,86.13323974609375,91.2699966430664,91.70999908447266,89.52999877929688,91.01000213623047,2415900
2020-09-02,89.23806762695312,94.55999755859375,94.98999786376953,92.08999633789062,92.19000244140625,2181000
2020-09-03,88.51141357421875,93.79000091552734,95.63999938964844,92.9800033569336,95.12999725341797,2331800
2020-09-04,88.0678482055664,93.31999969482422,94.98999786376953,92.72000122070312,94.30999755859375,1776600
2020-09-08,88.32264709472656,93.58999633789062,95.27999877929688,91.69000244140625,92.23999786376953,2803200
2020-09-09,88.20941162109375,93.47000122070312,94.2699966430664,92.55000305175781,93.5,1895300
2020-09-10,85.604736328125,90.70999908447266,94.58999633789062,90.37999725341797,93.30999755859375,1858500
2020-09-11,85.142333984375,90.22000122070312,91.37999725341797,89.12999725341797,91.16000366210938,2264800
2020-09-14,88.49252319335938,93.7699966430664,94.05999755859375,90.95999908447266,91.22000122070312,1708400
2020-09-15,88.63409423828125,93.91999816894531,94.5,92.79000091552734,94.20999908447266,1795600
2020-09-16,90.61588287353516,96.0199966430664,97.8499984741211,94.18000030517578,94.93000030517578,1909500
2020-09-17,88.59632873535156,93.87999725341797,94.91999816894531,92.22000122070312,94.01000213623047,1463700
2020-09-18,87.07695770263672,92.2699966430664,94.44999694824219,91.19999694824219,93.88999938964844,2357300
2020-09-21,85.3310546875,90.41999816894531,91.23999786376953,87.62999725341797,90.94999694824219,2466800
2020-09-22,85.5197982788086,90.62000274658203,91.37000274658203,89.38999938964844,90.70999908447266,1427100
2020-09-23,82.80189514160156,87.73999786376953,92.44999694824219,87.5,91.0,2241700
2020-09-24,81.80154418945312,86.68000030517578,88.0999984741211,85.12000274658203,86.87000274658203,2016600
2020-09-25,82.981201171875,87.93000030517578,88.19000244140625,85.37000274658203,86.44999694824219,1624500
2020-09-28,87.06751251220703,92.26000213623047,92.66999816894531,88.81999969482422,89.79000091552734,1499300
2020-09-29,85.90673828125,91.02999877929688,92.13999938964844,90.19999694824219,91.8499984741211,1711800
2020-09-30,88.0678482055664,93.31999969482422,94.62999725341797,91.12000274658203,91.55000305175781,2045700
2020-10-01,89.49285888671875,94.83000183105469,96.2699966430664,93.94999694824219,94.11000061035156,1460200
2020-10-02,90.80463409423828,96.22000122070312,96.72000122070312,92.2300033569336,93.0,1923300
2020-10-05,91.61624908447266,97.08000183105469,97.30000305175781,95.91000366210938,96.61000061035156,1086000
2020-10-06,89.31355285644531,94.63999938964844,97.5,94.22000122070312,97.41000366210938,1428100
2020-10-07,91.67286682128906,97.13999938964844,97.6500015258789,95.54000091552734,95.91999816894531,1123700
2020-10-08,92.35233306884766,97.86000061035156,98.02999877929688,96.19999694824219,97.2699966430664,904900
2020-10-09,92.87139129638672,98.41000366210938,99.66000366210938,97.62000274658203,99.3499984741211,1517200
2020-10-12,93.08844757080078,98.63999938964844,99.86000061035156,98.06999969482422,98.91999816894531,1690700
2020-10-13,92.14472961425781,97.63999938964844,99.7699966430664,97.51000213623047,99.33000183105469,1359600
2020-10-14,90.87069702148438,96.29000091552734,98.91999816894531,96.12000274658203,97.61000061035156,1100100
2020-10-15,90.77632141113281,96.19000244140625,96.94000244140625,94.87999725341797,95.37000274658203,1434200
2020-10-16,89.76654815673828,95.12000274658203,96.79000091552734,95.0,95.91000366210938,1657800
2020-10-19,85.84069061279297,90.95999908447266,95.66000366210938,90.5,95.26000213623047,2791200
2020-10-20,86.99201202392578,92.18000030517578,93.22000122070312,90.80999755859375,91.95999908447266,3316600
2020-10-21,86.98258209228516,92.16999816894531,92.86000061035156,90.80000305175781,92.04000091552734,1624100
2020-10-22,87.91687774658203,93.16000366210938,94.12000274658203,91.76000213623047,92.05999755859375,1917800
2020-10-23,90.05909729003906,95.43000030517578,95.45999908447266,92.58999633789062,94.51000213623047,1778300
2020-10-26,86.48240661621094,91.63999938964844,94.63999938964844,90.37999725341797,94.0999984741211,2339900
2020-10-27,86.30308532714844,91.44999694824219,92.4800033569336,90.87999725341797,91.73999786376953,1280100
2020-10-28,80.48033142089844,85.27999877929688,90.08000183105469,85.19000244140625,89.62000274658203,3082000
2020-10-29,82.09408569335938,86.98999786376953,87.72000122070312,84.72000122070312,85.33000183105469,1803100
2020-10-30,80.37654876708984,85.16999816894531,86.8499984741211,84.68000030517578,86.02999877929688,2634700
2020-11-02,83.60404968261719,88.58999633789062,88.79000091552734,86.43000030517578,86.9000015258789,2879700
2020-11-03,86.48240661621094,91.63999938964844,92.30000305175781,88.94999694824219,88.94999694824219,1824100
2020-11-04,87.01090240478516,92.19999694824219,94.43000030517578,91.16999816894531,92.33000183105469,1980200
2020-11-05,89.59667205810547,94.94000244140625,95.4000015258789,92.5199966430664,93.52999877929688,1841600
2020-11-06,88.04898071289062,93.30000305175781,95.16000366210938,92.58000183105469,95.16000366210938,1728100
2020-11-09,101.75177001953125,107.81999969482422,117.7699966430664,104.2300033569336,104.83999633789062,6490400
2020-11-10,103.26172637939453,109.41999816894531,109.88999938964844,106.26000213623047,107.5199966430664,3511800
2020-11-11,98.3166275024414,104.18000030517578,109.22000122070312,103.29000091552734,108.9800033569336,2482200
2020-11-12,98.7224349975586,104.61000061035156,105.45999908447266,102.55000305175781,103.76000213623047,2417500
2020-11-13,102.04432678222656,108.12999725341797,108.48999786376953,105.23999786376953,106.19999694824219,2586100
2020-11-16,104.601806640625,110.83999633789062,110.97000122070312,106.4800033569336,109.69999694824219,2428000
2020-11-17,104.24319458007812,110.45999908447266,111.3499984741211,107.18000030517578,108.80000305175781,2260200
2020-11-18,105.03590393066406,111.30000305175781,115.63999938964844,110.44999694824219,110.47000122070312,3831400
2020-11-19,103.9978256225586,110.19999694824219,111.69000244140625,108.79000091552734,109.75,3665900
2020-11-20,102.85592651367188,108.98999786376953,115.0,108.80000305175781,114.98999786376953,5031300
2020-11-23,102.09149932861328,108.18000030517578,110.38999938964844,106.37000274658203,110.22000122070312,3852600
2020-11-24,107.02715301513672,113.41000366210938,113.54000091552734,109.38999938964844,109.94999694824219,2925200
2020-11-25,104.67731475830078,110.91999816894531,112.2300033569336,109.30000305175781,112.04000091552734,2301300
2020-11-27,103.37496185302734,109.54000091552734,111.91999816894531,108.69000244140625,111.80000305175781,827600
2020-11-30,101.46865844726562,107.5199966430664,108.44000244140625,106.6500015258789,108.44000244140625,5951000
2020-12-01,105.26241302490234,111.54000091552734,112.0,108.0,108.62999725341797,2155400
2020-12-02,105.30016326904297,111.58000183105469,111.80999755859375,109.83000183105469,110.06999969482422,1072100
2020-12-03,106.69686126708984,113.05999755859375,113.44999694824219,110.94000244140625,111.23999786376953,1526000
2020-12-04,108.75416564941406,115.23999786376953,115.31999969482422,113.20999908447266,113.51000213623047,1362700
2020-12-07,107.20645904541016,113.5999984741211,114.94999694824219,113.05999755859375,114.44000244140625,1382400
2020-12-08,107.08377838134766,113.47000122070312,113.68000030517578,111.62999725341797,112.51000213623047,1523600
2020-12-09,107.39521789550781,113.80000305175781,114.69000244140625,112.44999694824219,113.62999725341797,1381800
2020-12-10,106.94223022460938,113.31999969482422,114.25,112.18000030517578,112.9800033569336,1312300
2020-12-11,106.4703598022461,112.81999969482422,112.94999694824219,110.45999908447266,112.05999755859375,1636300
2020-12-14,104.3281478881836,110.55000305175781,114.31999969482422,110.48999786376953,113.9800033569336,1816600
2020-12-15,106.72518157958984,113.08999633789062,113.48999786376953,110.25,111.66000366210938,1364800
2020-12-16,107.04603576660156,113.43000030517578,115.3499984741211,112.5999984741211,112.87999725341797,1081300
2020-12-17,110.12255859375,116.69000244140625,116.87000274658203,113.37999725341797,114.2699966430664,1477800
2020-12-18,111.0379638671875,117.66000366210938,118.43000030517578,116.2300033569336,116.70999908447266,6004000
2020-12-21,110.21693420410156,116.79000091552734,117.91000366210938,113.9800033569336,114.16000366210938,1906300
2020-12-22,110.16973114013672,116.73999786376953,117.62000274658203,115.5199966430664,116.37999725341797,1640400
2020-12-23,111.49092864990234,118.13999938964844,118.91999816894531,117.22000122070312,117.22000122070312,961800
2020-12-24,111.37769317626953,118.0199966430664,118.29000091552734,116.83999633789062,118.29000091552734,608700
2020-12-28,115.71881866455078,122.62000274658203,123.0,118.58999633789062,119.45999908447266,1597800
2020-12-29,114.62409210205078,121.45999908447266,123.4000015258789,121.26000213623047,122.58999633789062,1054100
2020-12-30,115.59613037109375,122.48999786376953,123.31999969482422,121.36000061035156,121.47000122070312,786700
2020-12-31,115.89813232421875,122.80999755859375,123.44000244140625,121.70999908447266,122.44999694824219,849200
2021-01-04,110.48118591308594,117.06999969482422,123.23999786376953,116.4800033569336,122.54000091552734,2315600
2021-01-05,110.57555389404297,117.16999816894531,117.94999694824219,115.9800033569336,117.04000091552734,1994200
2021-01-06,115.40739440917969,122.29000091552734,123.13999938964844,115.9000015258789,115.9000015258789,1578300
2021-01-07,115.15258026123047,122.0199966430664,123.02999877929688,121.04000091552734,121.4000015258789,1463800
2021-01-08,115.5206527709961,122.41000366210938,123.80000305175781,121.19999694824219,121.95999908447266,1755100
2021-01-11,114.06730651855469,120.87000274658203,122.08999633789062,120.4000015258789,121.31999969482422,1856200
2021-01-12,114.34098815917969,121.16000366210938,122.43000030517578,119.80000305175781,120.05999755859375,1581200
2021-01-13,112.45355224609375,119.16000366210938,120.98999786376953,118.55000305175781,119.76000213623047,1300400
2021-01-14,110.48118591308594,117.06999969482422,119.7699966430664,116.0199966430664,119.41000366210938,2574100
2021-01-15,110.38680267333984,116.97000122070312,117.37000274658203,114.19000244140625,115.48999786376953,1425700
2021-01-19,107.56507873535156,113.9800033569336,117.80999755859375,113.33999633789062,117.0199966430664,2300200
2021-01-20,108.58429718017578,115.05999755859375,116.91000366210938,113.8499984741211,114.18000030517578,2413900
2021-01-21,108.89572143554688,115.38999938964844,116.52999877929688,114.37000274658203,115.29000091552734,1010000
2021-01-22,106.95166015625,113.33000183105469,115.44999694824219,112.44999694824219,114.94999694824219,1583600
2021-01-25,107.14984893798828,113.54000091552734,114.0199966430664,111.0999984741211,112.58000183105469,1708000
2021-01-26,105.37565612792969,111.66000366210938,114.47000122070312,111.22000122070312,113.4800033569336,1214200
2021-01-27,101.81783294677734,107.88999938964844,111.0999984741211,107.22000122070312,109.58000183105469,2699400
2021-01-28,107.38577270507812,113.79000091552734,116.1500015258789,109.3499984741211,110.05999755859375,2445900
2021-01-29,105.02647399902344,111.29000091552734,112.97000122070312,110.37999725341797,111.95999908447266,2381500
2021-02-01,106.08345031738281,112.41000366210938,113.13999938964844,111.27999877929688,112.63999938964844,1412100
2021-02-02,109.73563385009766,116.27999877929688,116.87000274658203,113.08000183105469,113.47000122070312,1645700
2021-02-03,111.06629180908203,117.69000244140625,118.91999816894531,116.0,116.30999755859375,2184000
2021-02-04,112.0666275024414,118.75,120.44999694824219,117.58999633789062,118.05999755859375,1693600
2021-02-05,112.03832244873047,118.72000122070312,120.63999938964844,117.81999969482422,120.19999694824219,1389000
2021-02-08,113.86913299560547,120.66000366210938,120.72000122070312,117.86000061035156,118.95999908447266,1441400
2021-02-09,113.2934799194336,120.05000305175781,120.79000091552734,119.63999938964844,120.5999984741211,1103200
2021-02-10,113.51052856445312,120.27999877929688,120.83999633789062,119.69000244140625,120.61000061035156,1214000
2021-02-11,115.02044677734375,121.87999725341797,123.41999816894531,120.51000213623047,120.95999908447266,1559300
2021-02-12,112.38748931884766,119.08999633789062,122.05999755859375,118.54000091552734,120.94000244140625,890700
2021-02-16,113.18022155761719,119.93000030517578,120.44000244140625,118.02999877929688,119.16000366210938,1102600
2021-02-17,112.74610900878906,119.47000122070312,119.94000244140625,118.16999816894531,119.33999633789062,1297900
2021-02-18,113.44446563720703,120.20999908447266,120.9000015258789,117.68000030517578,118.30999755859375,1838900
2021-02-19,112.25536346435547,118.94999694824219,120.87999725341797,118.66999816894531,120.29000091552734,1755500
2021-02-22,114.66185760498047,121.5,121.73999786376953,118.0199966430664,118.0199966430664,1567600
2021-02-23,113.49163055419922,120.26000213623047,123.0,119.1500015258789,121.55000305175781,2841000
2021-02-24,116.65311431884766,123.61000061035156,123.9000015258789,119.05000305175781,119.1500015258789,1955200
2021-02-25,112.08551025390625,118.7699966430664,123.8499984741211,118.61000061035156,123.8499984741211,2247400
2021-02-26,110.07537078857422,116.63999938964844,119.98999786376953,115.93000030517578,119.94000244140625,1794200
2021-03-01,113.7841796875,120.56999969482422,121.79000091552734,117.80999755859375,118.25,2038200
2021-03-02,111.01909637451172,117.63999938964844,121.0,116.37000274658203,120.5999984741211,2258800
2021-03-03,104.79998779296875,111.05000305175781,116.51000213623047,110.83999633789062,114.0,6375000
2021-03-04,105.71537780761719,112.0199966430664,112.33999633789062,108.51000213623047,110.7300033569336,4429300
2021-03-05,106.76293182373047,113.12999725341797,113.94999694824219,109.55999755859375,113.79000091552734,3789500
2021-03-08,113.595458984375,120.37000274658203,121.01000213623047,113.41999816894531,114.66000366210938,3749300
2021-03-09,117.94600677490234,124.9800033569336,127.08000183105469,121.16999816894531,122.12000274658203,4694300
2021-03-10,114.72792053222656,121.56999969482422,126.20999908447266,121.37999725341797,125.33999633789062,3805900
2021-03-11,114.06730651855469,120.87000274658203,123.69000244140625,120.69999694824219,121.93000030517578,2425000
2021-03-12,115.71881866455078,122.62000274658203,122.9000015258789,120.25,121.26000213623047,2971700
2021-03-15,118.49507904052734,125.2699966430664,126.12000274658203,122.27999877929688,122.62000274658203,2647100
2021-03-16,116.71675872802734,123.38999938964844,124.19999694824219,121.63999938964844,124.19999694824219,1974600
2021-03-17,116.99108123779297,123.68000030517578,124.43000030517578,122.26000213623047,122.83000183105469,1786100
2021-03-18,116.5086441040039,123.16999816894531,125.2300033569336,122.22000122070312,123.08000183105469,2208400
2021-03-19,114.74925994873047,121.30999755859375,122.68000030517578,119.31999969482422,119.88999938964844,7687500
2021-03-22,114.13441467285156,120.66000366210938,122.48999786376953,118.81999969482422,122.29000091552734,1778500
2021-03-23,110.36966705322266,116.68000030517578,122.0,115.58999633789062,122.0,2072900
2021-03-24,109.23455810546875,115.4800033569336,119.26000213623047,115.4000015258789,116.76000213623047,2022600
2021-03-25,112.55472564697266,118.98999786376953,119.47000122070312,113.68000030517578,113.68000030517578,1771300
2021-03-26,115.74246215820312,122.36000061035156,122.48999786376953,119.16000366210938,119.5199966430664,2007000
2021-03-29,113.53848266601562,120.02999877929688,123.12999725341797,118.36000061035156,121.66000366210938,1484200
2021-03-30,113.86955261230469,120.37999725341797,121.66000366210938,118.80000305175781,118.9000015258789,1338000
2021-03-31,113.42496490478516,119.91000366210938,122.55999755859375,119.5199966430664,119.91000366210938,1675400
2021-04-01,113.9925308227539,120.51000213623047,121.6500015258789,119.5,121.3499984741211,1370900
2021-04-05,116.32893371582031,122.9800033569336,123.08000183105469,120.4800033569336,121.8499984741211,1265200
2021-04-06,116.82083129882812,123.5,124.23999786376953,122.19999694824219,122.7300033569336,1553100
2021-04-07,116.73568725585938,123.41000366210938,124.36000061035156,122.52999877929688,123.33000183105469,1747000
2021-04-08,120.55719757080078,127.44999694824219,127.63999938964844,122.58000183105469,124.13999938964844,2335400
2021-04-09,121.28556060791016,128.22000122070312,128.57000732421875,126.16999816894531,127.23999786376953,1214900
2021-04-12,121.07743835449219,128.0,128.47999572753906,126.62999725341797,128.19000244140625,1258400
2021-04-13,119.55449676513672,126.38999938964844,127.9800033569336,124.80000305175781,127.9800033569336,1508000
2021-04-14,120.0085678100586,126.87000274658203,127.62999725341797,125.87000274658203,126.69999694824219,2262900
2021-04-15,122.08956909179688,129.07000732421875,129.63999938964844,127.83999633789062,128.16000366210938,1885800
2021-04-16,122.88414001464844,129.91000366210938,130.0800018310547,129.22000122070312,129.50999450683594,1676100
2021-04-19,120.59502410888672,127.48999786376953,130.0,127.20999908447266,129.5,1309500
2021-04-20,118.20184326171875,124.95999908447266,126.7300033569336,123.63999938964844,126.7300033569336,1723000
2021-04-21,120.48151397705078,127.37000274658203,127.7699966430664,124.5,125.1500015258789,1242400
2021-04-22,120.92608642578125,127.83999633789062,129.47999572753906,127.13999938964844,127.37999725341797,1144800
2021-04-23,121.85308074951172,128.82000732421875,129.4499969482422,127.12999725341797,127.94999694824219,966700
2021-04-26,120.31124114990234,127.19000244140625,129.02999877929688,126.44999694824219,128.60000610351562,1107900
2021-04-27,122.18415832519531,129.1699981689453,129.72000122070312,126.87000274658203,127.16999816894531,1523800
2021-04-28,121.56932067871094,128.52000427246094,129.58999633789062,128.00999450683594,128.55999755859375,1040400
2021-04-29,124.08544921875,131.17999267578125,131.27000427246094,128.82000732421875,129.05999755859375,1220900
2021-04-30,123.85845184326172,130.94000244140625,132.8000030517578,130.1300048828125,131.41000366210938,1253100
2021-05-03,124.98409271240234,132.1300048828125,133.1699981689453,130.9199981689453,131.30999755859375,1182300
2021-05-04,124.85164642333984,131.99000549316406,132.0500030517578,129.99000549316406,131.14999389648438,1833600
2021-05-05,121.75849914550781,128.72000122070312,132.97999572753906,128.36000061035156,132.1999969482422,2196600
2021-05-06,122.08011627197266,129.05999755859375,129.8000030517578,127.70999908447266,129.25,1643400
2021-05-07,125.76919555664062,132.9600067138672,133.32000732421875,128.3699951171875,128.55999755859375,1438100
2021-05-10,123.87738800048828,130.9600067138672,134.22000122070312,130.8699951171875,133.60000610351562,1227700
2021-05-11,122.1368637084961,129.1199951171875,130.17999267578125,126.33999633789062,130.17999267578125,1415900
2021-05-12,117.37890625,124.08999633789062,128.42999267578125,123.51000213623047,127.7300033569336,1970200
2021-05-13,118.939697265625,125.73999786376953,127.18000030517578,124.0,124.87999725341797,1295700
2021-05-14,123.44221496582031,130.5,131.22999572753906,126.30000305175781,126.66000366210938,1493600
2021-05-17,121.4747314453125,128.4199981689453,129.75,127.55000305175781,129.14999389648438,2486100
2021-05-18,118.05995178222656,124.80999755859375,129.13999938964844,124.16999816894531,128.58999633789062,3589700
2021-05-19,118.37212371826172,125.13999938964844,125.5199966430664,120.48999786376953,123.12000274658203,3946200
2021-05-20,115.85596466064453,122.4800033569336,125.91999816894531,121.62000274658203,124.62999725341797,3755900
2021-05-21,116.58433532714844,123.25,125.72000122070312,121.79000091552734,124.73999786376953,3684800
2021-05-24,116.83029174804688,123.51000213623047,124.58999633789062,122.98999786376953,123.9000015258789,2493500
2021-05-25,117.17081451416016,123.87000274658203,124.54000091552734,122.2699966430664,124.54000091552734,2675900
2021-05-26,119.31803894042969,126.13999938964844,126.23999786376953,124.01000213623047,124.30000305175781,1915600
2021-05-27,118.8639907836914,125.66000366210938,126.27999877929688,124.0199966430664,126.04000091552734,4549600
2021-05-28,119.55449676513672,126.38999938964844,127.19000244140625,124.73999786376953,126.95999908447266,2044900
2021-06-01,116.31948852539062,122.97000122070312,127.12999725341797,122.47000122070312,126.02999877929688,1982600
2021-06-02,114.44656372070312,120.98999786376953,123.0999984741211,120.63999938964844,122.79000091552734,2091500
2021-06-03,113.01822662353516,119.4800033569336,120.87000274658203,117.83000183105469,119.98999786376953,2381600
2021-06-04,113.0087661743164,119.47000122070312,120.75,118.16999816894531,120.43000030517578,2069300
2021-06-07,113.0419692993164,119.22000122070312,119.72000122070312,118.08999633789062,119.05999755859375,2078600
2021-06-08,114.03753662109375,120.2699966430664,121.0999984741211,119.72000122070312,120.37000274658203,1798900
2021-06-09,113.86687469482422,120.08999633789062,120.91999816894531,119.26000213623047,120.87999725341797,1735600
2021-06-10,111.85674285888672,117.97000122070312,120.08000183105469,117.43000030517578,119.47000122070312,4707600
2021-06-11,113.85739135742188,120.08000183105469,120.08999633789062,118.2699966430664,119.1500015258789,3456300
2021-06-14,113.0419692993164,119.22000122070312,121.05000305175781,118.33999633789062,120.16999816894531,1856200
2021-06-15,112.57734680175781,118.7300033569336,119.81999969482422,117.83000183105469,119.37999725341797,2117900
2021-06-16,112.81440734863281,118.9800033569336,119.58000183105469,117.69000244140625,119.12000274658203,2415100
2021-06-17,112.10326385498047,118.2300033569336,119.30999755859375,116.58999633789062,119.05999755859375,3734400
2021-06-18,109.28719329833984,115.26000213623047,117.11000061035156,114.55999755859375,116.72000122070312,4148500
2021-06-21,113.22210693359375,119.41000366210938,119.48999786376953,115.9800033569336,115.9800033569336,2264400
2021-06-22,114.16080474853516,120.4000015258789,120.88999938964844,118.54000091552734,119.29000091552734,1571500
2021-06-23,114.61592102050781,120.87999725341797,121.55999755859375,119.6500015258789,120.0,1291500
2021-06-24,116.78726959228516,123.16999816894531,123.43000030517578,121.51000213623047,122.01000213623047,1652600
2021-06-25,117.16654205322266,123.56999969482422,125.05000305175781,123.06999969482422,124.08999633789062,3143700
2021-06-28,115.46929931640625,121.77999877929688,123.45999908447266,121.08999633789062,123.45999908447266,1271100
2021-06-29,115.82960510253906,122.16000366210938,122.83999633789062,121.79000091552734,122.19999694824219,1249900
2021-06-30,117.57424926757812,124.0,124.43000030517578,122.05999755859375,122.44999694824219,1792500
2021-07-01,118.51294708251953,124.98999786376953,125.36000061035156,124.0,124.0,1499300
2021-07-02,119.70765686035156,126.25,126.5199966430664,124.81999969482422,125.12999725341797,1220400
2021-07-06,119.96365356445312,126.5199966430664,126.76000213623047,124.61000061035156,126.62999725341797,2446200
2021-07-07,117.65959167480469,124.08999633789062,127.58000183105469,123.54000091552734,127.05000305175781,1581600
2021-07-08,115.36500549316406,121.66999816894531,123.30999755859375,120.16000366210938,123.30999755859375,1643300
2021-07-09,118.30435180664062,124.7699966430664,124.81999969482422,122.61000061035156,122.61000061035156,1412800
2021-07-12,117.6690673828125,124.0999984741211,124.62999725341797,123.23999786376953,123.93000030517578,1079200
2021-07-13,116.31315612792969,122.66999816894531,124.30000305175781,122.47000122070312,123.95999908447266,1177200
2021-07-14,118.41813659667969,124.88999938964844,125.51000213623047,123.25,123.41999816894531,1290500
2021-07-15,117.28981018066406,123.69999694824219,124.25,122.69000244140625,123.31999969482422,1486300
2021-07-16,113.29796600341797,119.48999786376953,124.52999877929688,119.30000305175781,124.08000183105469,2197700
2021-07-19,109.55265808105469,115.54000091552734,117.86000061035156,114.38999938964844,117.58000183105469,2106400
2021-07-20,112.44459533691406,118.58999633789062,119.33000183105469,114.48999786376953,115.63999938964844,1984600
2021-07-21,115.34605407714844,121.6500015258789,121.87000274658203,118.95999908447266,118.95999908447266,1830500
2021-07-22,114.91934967041016,121.19999694824219,121.73999786376953,120.3499984741211,121.70999908447266,1025600
2021-07-23,115.3744888305664,121.68000030517578,122.62000274658203,120.9800033569336,122.05000305175781,962100
2021-07-26,116.04766845703125,122.38999938964844,122.44999694824219,120.52999877929688,121.52999877929688,1195800
2021-07-27,115.32706451416016,121.62999725341797,123.26000213623047,120.87000274658203,122.3499984741211,2150500
2021-07-28,114.9003677368164,121.18000030517578,122.54000091552734,120.76000213623047,121.5999984741211,1123100
2021-07-29,116.22784423828125,122.58000183105469,123.95999908447266,121.3499984741211,121.3499984741211,1166000
2021-07-30,116.33213806152344,122.69000244140625,125.33000183105469,121.66999816894531,122.05000305175781,1197800
2021-08-02,114.73920440673828,121.01000213623047,123.66000366210938,120.72000122070312,123.36000061035156,906800
2021-08-03,115.67788696289062,122.0,122.06999969482422,119.11000061035156,121.62000274658203,1157800
2021-08-04,112.54888153076172,118.69999694824219,121.77999877929688,118.62000274658203,121.66000366210938,1464800
2021-08-05,114.41681671142578,120.66999816894531,121.33000183105469,119.16999816894531,119.58999633789062,1305500
2021-08-06,116.71141815185547,123.08999633789062,123.16999816894531,120.86000061035156,121.01000213623047,1414000
2021-08-09,115.16586303710938,121.45999908447266,122.80000305175781,120.72000122070312,122.52999877929688,1080300
2021-08-10,119.22407531738281,125.73999786376953,126.4000015258789,121.37999725341797,121.80000305175781,1635400
2021-08-11,120.65583801269531,127.25,127.33000183105469,125.4000015258789,126.18000030517578,1436300
2021-08-12,118.93014526367188,125.43000030517578,127.33999633789062,124.51000213623047,127.0199966430664,1075800
2021-08-13,118.20006561279297,124.66000366210938,125.70999908447266,124.2300033569336,125.44999694824219,1308700
2021-08-16,118.33280181884766,124.80000305175781,124.91000366210938,122.70999908447266,124.63999938964844,1133600
2021-08-17,114.50216674804688,120.76000213623047,124.05000305175781,120.11000061035156,123.62999725341797,1839300
2021-08-18,117.62165832519531,124.05000305175781,125.69000244140625,119.86000061035156,120.83999633789062,2526700
2021-08-19,120.02054595947266,126.58000183105469,126.86000061035156,122.48999786376953,123.04000091552734,2594000
2021-08-20,116.7398681640625,123.12000274658203,123.56999969482422,118.91999816894531,121.87999725341797,4914800
2021-08-23,118.00092315673828,124.44999694824219,125.72000122070312,123.38999938964844,123.7699966430664,1728600
2021-08-24,117.37512969970703,123.79000091552734,125.62999725341797,123.47000122070312,124.94999694824219,2393700
2021-08-25,117.55530548095703,123.9800033569336,124.37999725341797,122.0999984741211,123.44999694824219,1683100
2021-08-26,113.0704116821289,119.25,122.87000274658203,118.41000366210938,122.76000213623047,2400300
2021-08-27,112.72905731201172,118.88999938964844,120.26000213623047,118.19999694824219,119.19999694824219,2130700
2021-08-30,112.34031677246094,118.4800033569336,119.66999816894531,117.81999969482422,119.22000122070312,1306100
2021-08-31,112.26445007324219,118.4000015258789,118.68000030517578,117.52999877929688,118.30000305175781,1960400
2021-09-01,111.43952178955078,117.52999877929688,118.75,116.66000366210938,118.62999725341797,1512100
2021-09-02,110.8990707397461,116.95999908447266,117.72000122070312,116.69999694824219,117.3499984741211,1331600
2021-09-03,109.66818237304688,115.37999725341797,116.55999755859375,115.19999694824219,115.91000366210938,1243600
2021-09-07,108.85074615478516,114.5199966430664,115.12999725341797,113.72000122070312,114.83999633789062,2130700
2021-09-08,108.5941162109375,114.25,114.88999938964844,113.16000366210938,114.73999786376953,1990000
2021-09-09,108.6131362915039,114.2699966430664,116.0999984741211,114.1500015258789,114.37000274658203,1340300
2021-09-10,107.22540283203125,112.80999755859375,115.02999877929688,112.7300033569336,114.75,1302500
2021-09-13,107.92877960205078,113.55000305175781,114.56999969482422,112.98999786376953,113.88999938964844,1330100
2021-09-14,106.85472106933594,112.41999816894531,114.54000091552734,112.11000061035156,114.48999786376953,1670500
2021-09-15,107.32047271728516,112.91000366210938,113.04000091552734,111.44000244140625,111.91999816894531,1554900
2021-09-16,108.02384185791016,113.6500015258789,114.23999786376953,112.94999694824219,113.2300033569336,2031200
2021-09-17,108.94580078125,114.62000274658203,115.77999877929688,113.80999755859375,114.19999694824219,2795300
2021-09-20,107.52955627441406,113.12999725341797,114.45999908447266,111.62000274658203,113.33999633789062,1355100
2021-09-21,108.19493103027344,113.83000183105469,115.41999816894531,113.41999816894531,114.04000091552734,1561900
2021-09-22,108.53710174560547,114.19000244140625,115.79000091552734,114.06999969482422,115.12000274658203,1036300
2021-09-23,109.83926391601562,115.55999755859375,117.47000122070312,114.2300033569336,114.2300033569336,1242400
2021-09-24,110.24797821044922,115.98999786376953,116.20999908447266,114.62000274658203,114.77999877929688,1099400
2021-09-27,110.82777404785156,116.5999984741211,118.62999725341797,115.75,115.75,1234600
2021-09-28,108.87928009033203,114.55000305175781,116.2300033569336,113.37999725341797,115.70999908447266,1380200
2021-09-29,109.27848052978516,114.97000122070312,116.5199966430664,114.4800033569336,115.37000274658203,984600
2021-09-30,103.4614486694336,108.8499984741211,114.13999938964844,108.47000122070312,113.4000015258789,3208800
2021-10-01,105.59054565429688,111.08999633789062,112.18000030517578,108.9800033569336,109.56999969482422,2634300
2021-10-04,104.75413513183594,110.20999908447266,112.44000244140625,109.8499984741211,110.98999786376953,1577200
2021-10-05,102.95769500732422,108.31999969482422,110.51000213623047,108.12000274658203,109.91000366210938,2838500
2021-10-06,100.63846588134766,105.87999725341797,107.94000244140625,104.91999816894531,107.66999816894531,3235700
2021-10-07,102.5679702758789,107.91000366210938,109.5199966430664,107.04000091552734,107.36000061035156,1764300
2021-10-08,102.52996063232422,107.87000274658203,108.93000030517578,107.23999786376953,108.3499984741211,1549500
2021-10-11,100.3152847290039,105.54000091552734,108.41000366210938,105.5,107.68000030517578,1437000
2021-10-12,100.94261932373047,106.19999694824219,107.16000366210938,105.77999877929688,106.08000183105469,1162500
2021-10-13,101.36085510253906,106.63999938964844,107.62000274658203,106.12000274658203,107.18000030517578,1320100
2021-10-14,102.7865982055664,108.13999938964844,108.83999633789062,105.62999725341797,105.72000122070312,1344300
2021-10-15,103.32836151123047,108.70999908447266,109.7300033569336,108.25,109.1500015258789,1383100
2021-10-18,104.07926177978516,109.5,109.7300033569336,107.05999755859375,108.06999969482422,1353100
2021-10-19,103.28084564208984,108.66000366210938,109.93000030517578,108.08999633789062,109.93000030517578,1153900
2021-10-20,103.78459930419922,109.19000244140625,110.73999786376953,108.68000030517578,108.81999969482422,1259700
2021-10-21,105.22937774658203,110.70999908447266,110.80999755859375,109.55000305175781,109.55000305175781,801800
2021-10-22,104.92520904541016,110.38999938964844,111.01000213623047,109.83999633789062,110.9800033569336,718400
2021-10-25,107.52007293701172,113.12000274658203,113.25,110.83000183105469,111.0,1689000
2021-10-26,108.22343444824219,113.86000061035156,114.51000213623047,112.70999908447266,113.37999725341797,2056400
2021-10-27,105.18183898925781,110.66000366210938,114.08000183105469,110.55999755859375,113.86000061035156,1759000
2021-10-28,107.37749481201172,112.97000122070312,113.70999908447266,110.83000183105469,111.47000122070312,3301500
2021-10-29,107.5960922241211,113.19999694824219,113.48999786376953,112.31999969482422,112.97000122070312,1927300
2021-11-01,108.36601257324219,114.01000213623047,115.13999938964844,112.61000061035156,113.05000305175781,1482800
2021-11-02,108.86976623535156,114.54000091552734,115.98999786376953,113.08999633789062,114.94999694824219,1666600
2021-11-03,111.52164459228516,117.33000183105469,117.44999694824219,114.45999908447266,114.45999908447266,1356800
2021-11-04,111.76875305175781,117.58999633789062,118.31999969482422,116.9000015258789,117.48999786376953,1097500
2021-11-05,113.726806640625,119.6500015258789,120.5999984741211,118.37999725341797,118.37999725341797,1496600
2021-11-08,112.74779510498047,118.62000274658203,120.11000061035156,117.44999694824219,119.94999694824219,1414200
2021-11-09,113.36561584472656,119.2699966430664,120.02999877929688,118.44999694824219,118.68000030517578,1427800
2021-11-10,112.7953109741211,118.66999816894531,120.43000030517578,118.56999969482422,119.37999725341797,1203700
2021-11-11,109.75371551513672,115.47000122070312,117.62000274658203,115.29000091552734,116.75,2299500
2021-11-12,109.78223419189453,115.5,116.5,114.68000030517578,116.02999877929688,1301500
2021-11-15,109.73471069335938,115.44999694824219,117.97000122070312,115.02999877929688,116.94999694824219,1731700
2021-11-16,109.32599639892578,115.0199966430664,116.26000213623047,114.27999877929688,115.9000015258789,2174800
2021-11-17,110.75173950195312,116.5199966430664,123.36000061035156,115.91000366210938,119.77999877929688,3978900
2021-11-18,113.60323333740234,119.5199966430664,119.9800033569336,115.72000122070312,117.2300033569336,4922500
2021-11-19,107.19688415527344,112.77999877929688,116.83999633789062,110.91999816894531,115.08000183105469,6664900
2021-11-22,105.6666030883789,111.16999816894531,114.41000366210938,109.79000091552734,113.80000305175781,3080300
2021-11-23,109.7157211303711,115.43000030517578,115.80000305175781,110.30000305175781,110.58999633789062,2724600
2021-11-24,109.79174041748047,115.51000213623047,115.58000183105469,113.29000091552734,114.12000274658203,1547000
2021-11-26,104.56401824951172,110.01000213623047,112.41999816894531,109.2699966430664,112.19999694824219,2045800
2021-11-29,106.1323471069336,111.66000366210938,112.80999755859375,110.29000091552734,112.08999633789062,2022900
2021-11-30,103.6895751953125,109.08999633789062,110.98999786376953,106.62999725341797,110.88999938964844,3091900
2021-12-01,99.67848205566406,104.87000274658203,111.94999694824219,104.79000091552734,110.9800033569336,1894800
2021-12-02,105.0867919921875,110.55999755859375,111.55000305175781,106.29000091552734,106.29000091552734,2396700
2021-12-03,104.735107421875,110.19000244140625,111.33000183105469,108.75,110.7699966430664,1719100
2021-12-06,107.37957763671875,112.68000030517578,114.13999938964844,111.33999633789062,111.73999786376953,1697300
2021-12-07,107.77983093261719,113.0999984741211,114.19000244140625,110.2300033569336,110.47000122070312,2167300
2021-12-08,107.80839538574219,113.12999725341797,114.44000244140625,112.20999908447266,113.93000030517578,2267700
2021-12-09,107.23661804199219,112.52999877929688,113.6500015258789,111.9800033569336,112.5199966430664,1194400
2021-12-10,107.55110168457031,112.86000061035156,113.80000305175781,111.66999816894531,113.2699966430664,1541400
2021-12-13,104.52068328857422,109.68000030517578,112.95999908447266,109.06999969482422,112.36000061035156,1637600
2021-12-14,104.4444580078125,109.5999984741211,111.87000274658203,108.80999755859375,109.0,1779600
2021-12-15,103.7011489868164,108.81999969482422,109.69000244140625,106.12000274658203,108.86000061035156,1675900
2021-12-16,104.12995910644531,109.2699966430664,111.52999877929688,108.91999816894531,111.20999908447266,1765800
2021-12-17,102.9864273071289,108.06999969482422,110.08999633789062,107.0999984741211,108.83000183105469,3542600
2021-12-20,100.88037872314453,105.86000061035156,106.79000091552734,103.62000274658203,106.79000091552734,1997400
2021-12-21,103.44383239746094,108.55000305175781,108.66000366210938,105.9000015258789,106.7699966430664,1508700
2021-12-22,103.90127563476562,109.02999877929688,109.44000244140625,107.7699966430664,108.69999694824219,1294600
2021-12-23,104.97811126708984,110.16000366210938,110.81999969482422,108.86000061035156,109.5,1187400
2021-12-27,107.08416748046875,112.37000274658203,113.12999725341797,110.37999725341797,110.62000274658203,1656200
2021-12-28,106.884033203125,112.16000366210938,113.4000015258789,111.83999633789062,111.97000122070312,1139700
2021-12-29,107.97994995117188,113.30999755859375,114.0,112.2300033569336,112.2300033569336,1399300
2021-12-30,108.894775390625,114.2699966430664,114.93000030517578,113.4000015258789,113.41000366210938,860100
2021-12-31,108.9043197631836,114.27999877929688,115.0999984741211,113.7699966430664,114.2699966430664,1134800
2022-01-03,107.83700561523438,113.16000366210938,115.22000122070312,112.9000015258789,113.25,1793200
2022-01-04,107.83700561523438,113.16000366210938,114.66000366210938,112.80000305175781,113.80999755859375,2273300
2022-01-05,104.50164031982422,109.66000366210938,113.7699966430664,109.5999984741211,113.33000183105469,2345100
2022-01-06,104.2919921875,109.44000244140625,110.62000274658203,108.30000305175781,110.4000015258789,1844400
2022-01-07,100.05130004882812,104.98999786376953,108.66999816894531,104.9000015258789,108.66999816894531,2999200
2022-01-10,98.2692642211914,103.12000274658203,104.41999816894531,100.94000244140625,104.31999969482422,4096400
2022-01-11,101.90005493164062,106.93000030517578,107.06999969482422,102.5999984741211,102.95999908447266,2645100
2022-01-12,100.48014068603516,105.44000244140625,108.66999816894531,104.55999755859375,107.61000061035156,2260900
2022-01-13,99.80354309082031,104.7300033569336,106.33000183105469,104.44999694824219,105.73999786376953,1960700
2022-01-14,97.4592514038086,102.2699966430664,104.13999938964844,100.55999755859375,103.81999969482422,3552200
2022-01-18,94.54319763183594,99.20999908447266,101.1500015258789,98.79000091552734,100.9800033569336,4103200
2022-01-19,94.37165832519531,99.02999877929688,100.93000030517578,98.86000061035156,99.95999908447266,2118500
2022-01-20,92.84691619873047,97.43000030517578,100.86000061035156,97.1500015258789,99.41999816894531,2379800
2022-01-21,90.9410171508789,95.43000030517578,98.68000030517578,95.05000305175781,97.48999786376953,3086000
2022-01-24,93.62834930419922,98.25,98.44999694824219,92.94000244140625,93.5999984741211,4575900
2022-01-25,92.06549835205078,96.61000061035156,97.94999694824219,94.29000091552734,95.91000366210938,3139100
2022-01-26,90.30252838134766,94.76000213623047,99.31999969482422,94.0,97.27999877929688,3125200
2022-01-27,90.40735626220703,94.87000274658203,97.81999969482422,94.41999816894531,96.37999725341797,2214700
2022-01-28,91.2650146484375,95.7699966430664,95.83000183105469,92.55000305175781,94.3499984741211,4187700
2022-01-31,93.15185546875,97.75,97.94999694824219,94.9000015258789,95.11000061035156,2891500
2022-02-01,93.90470886230469,98.54000091552734,99.13999938964844,97.5199966430664,98.26000213623047,3762500
2022-02-02,92.75163269042969,97.33000183105469,99.41000366210938,96.62000274658203,98.9800033569336,2966300
2022-02-03,89.94039916992188,94.37999725341797,97.27999877929688,94.29000091552734,97.0199966430664,3057100
2022-02-04,89.73075103759766,94.16000366210938,94.87000274658203,92.0999984741211,93.51000213623047,3617800
2022-02-07,88.9588394165039,93.3499984741211,95.08999633789062,92.97000122070312,94.55000305175781,2512900
2022-02-08,90.98865509033203,95.4800033569336,96.1500015258789,93.13999938964844,93.80000305175781,2161600
2022-02-09,92.83740997314453,97.41999816894531,97.95999908447266,96.55999755859375,96.87999725341797,2827100
2022-02-10,92.02738189697266,96.56999969482422,98.01000213623047,94.31999969482422,94.31999969482422,2470000
2022-02-11,89.8355712890625,94.2699966430664,97.02999877929688,93.94000244140625,96.48999786376953,2187700
2022-02-14,89.8355712890625,94.2699966430664,95.69000244140625,93.33000183105469,94.91000366210938,2320400
2022-02-15,91.66524505615234,96.19000244140625,96.58999633789062,94.94000244140625,95.5999984741211,2565200
2022-02-16,91.19828796386719,95.69999694824219,96.52999877929688,94.44999694824219,95.77999877929688,2431600
2022-02-17,87.4341049194336,91.75,95.62000274658203,91.3499984741211,94.37999725341797,3101500
2022-02-18,89.07322692871094,93.47000122070312,94.20999908447266,91.26000213623047,91.44000244140625,3260000
2022-02-22,87.90105438232422,92.23999786376953,95.51000213623047,91.9000015258789,93.31999969482422,3364800
2022-02-23,83.87956237792969,88.0199966430664,90.30999755859375,86.52999877929688,89.52999877929688,5274900
2022-02-24,86.37633514404297,90.63999938964844,90.79000091552734,86.1500015258789,86.72000122070312,4279900
2022-02-25,88.36801147460938,92.7300033569336,92.95999908447266,89.7699966430664,91.0,2525100
2022-02-28,87.09104919433594,91.38999938964844,91.97000122070312,90.22000122070312,91.19999694824219,3177700
2022-03-01,85.3376235961914,89.55000305175781,91.91999816894531,88.95999908447266,91.0,4002500
2022-03-02,90.53123474121094,95.0,97.61000061035156,94.08000183105469,95.16000366210938,5477000
2022-03-03,89.13037872314453,93.52999877929688,94.93000030517578,92.16000366210938,94.93000030517578,3266600
2022-03-04,85.2327880859375,89.44000244140625,93.04000091552734,88.87000274658203,92.69000244140625,4347900
2022-03-07,81.11599731445312,85.12000274658203,89.94000244140625,85.08999633789062,89.73999786376953,4641900
2022-03-08,81.8211669921875,85.86000061035156,88.73999786376953,84.44000244140625,85.4800033569336,3160200
2022-03-09,84.40369415283203,88.56999969482422,89.30000305175781,86.62999725341797,88.27999877929688,3488200
2022-03-10,85.38523864746094,89.5999984741211,89.80000305175781,86.30999755859375,87.04000091552734,2235100
2022-03-11,83.63180541992188,87.76000213623047,91.0999984741211,87.5999984741211,90.70999908447266,2228200
2022-03-14,82.01558685302734,85.76000213623047,88.7300033569336,85.58000183105469,88.29000091552734,2063100
2022-03-15,83.64134216308594,87.45999908447266,88.58000183105469,86.06999969482422,87.45999908447266,2744000
2022-03-16,87.35196685791016,91.33999633789062,91.3499984741211,88.4000015258789,88.62000274658203,3376600
2022-03-17,88.18397521972656,92.20999908447266,92.58999633789062,90.05000305175781,90.33999633789062,2467400
2022-03-18,89.25506591796875,93.33000183105469,93.47000122070312,90.7699966430664,91.38999938964844,4463400
2022-03-21,87.09375,91.06999969482422,94.25,90.44000244140625,93.83000183105469,2095200
2022-03-22,87.67711639404297,91.68000030517578,93.37999725341797,91.0999984741211,91.9000015258789,2008000
2022-03-23,85.82181549072266,89.73999786376953,91.06999969482422,88.94000244140625,90.98999786376953,2858800
2022-03-24,86.47212982177734,90.41999816894531,90.72000122070312,89.1500015258789,90.3499984741211,1739400
2022-03-25,86.2808609008789,90.22000122070312,91.54000091552734,88.62999725341797,91.27999877929688,2284200
2022-03-28,87.56233215332031,91.55999755859375,91.58999633789062,89.4000015258789,90.33000183105469,1496500
2022-03-29,91.37812042236328,95.55000305175781,95.94000244140625,93.13999938964844,93.18000030517578,2467100
2022-03-30,88.56651306152344,92.61000061035156,94.83000183105469,92.44999694824219,94.54000091552734,2188100
2022-03-31,86.5103759765625,90.45999908447266,92.80000305175781,90.4000015258789,92.16999816894531,2927900
2022-04-01,86.6538314819336,90.61000061035156,91.4800033569336,89.94999694824219,91.33999633789062,2160700
2022-04-04,89.10205841064453,93.16999816894531,93.54000091552734,90.30999755859375,90.98999786376953,2416800
2022-04-05,89.08293914794922,93.1500015258789,94.08000183105469,90.9800033569336,92.19999694824219,2451800
2022-04-06,90.07752990722656,94.19000244140625,95.11000061035156,91.06999969482422,91.41000366210938,3356700
2022-04-07,91.1868667602539,95.3499984741211,95.81999969482422,92.18000030517578,93.23999786376953,2811100
2022-04-08,92.61182403564453,96.83999633789062,98.30999755859375,95.11000061035156,95.19000244140625,2722400
2022-04-11,95.35651397705078,99.70999908447266,102.5,98.8499984741211,99.16000366210938,3994400
2022-04-12,97.72822570800781,102.19000244140625,103.5199966430664,100.26000213623047,100.26000213623047,4825600
2022-04-13,98.4359130859375,102.93000030517578,104.05999755859375,102.45999908447266,102.5199966430664,2300100
2022-04-14,98.57936096191406,103.08000183105469,104.69000244140625,102.69999694824219,102.69999694824219,2165800
2022-04-18,99.92780303955078,104.48999786376953,105.0199966430664,102.30000305175781,102.41000366210938,2969700
2022-04-19,102.67249298095703,107.36000061035156,107.8499984741211,104.33000183105469,104.37999725341797,3030200
2022-04-20,103.6766586303711,108.41000366210938,109.3499984741211,107.80999755859375,107.91999816894531,2072700
2022-04-21,102.5003662109375,107.18000030517578,110.41999816894531,106.7699966430664,109.41000366210938,2536800
2022-04-22,98.94277954101562,103.45999908447266,106.41000366210938,103.29000091552734,105.94999694824219,2430100
2022-04-25,100.99890899658203,105.61000061035156,105.87999725341797,101.97000122070312,103.18000030517578,2748200
2022-04-26,98.53155517578125,103.02999877929688,105.19999694824219,102.97000122070312,104.27999877929688,2425000
2022-04-27,96.82927703857422,101.25,102.97000122070312,100.36000061035156,102.72000122070312,2648000
2022-04-28,99.62177276611328,104.16999816894531,104.48999786376953,101.37000274658203,102.44000244140625,2373300
2022-04-29,95.41388702392578,99.7699966430664,103.27999877929688,99.5,102.5199966430664,2696800
2022-05-02,96.8962173461914,101.31999969482422,101.7300033569336,98.87999725341797,100.4000015258789,3059100
2022-05-03,96.06419372558594,100.44999694824219,101.68000030517578,98.81999969482422,101.62000274658203,2449700
2022-05-04,99.38269805908203,103.91999816894531,104.20999908447266,98.91999816894531,100.48999786376953,2449200
2022-05-05,95.52864837646484,99.88999938964844,103.30999755859375,98.4800033569336,102.4000015258789,2719500
2022-05-06,92.03799438476562,96.23999786376953,99.22000122070312,95.06999969482422,99.12999725341797,3446300
2022-05-09,89.33157348632812,93.41000366210938,96.3499984741211,93.02999877929688,95.5,3225500
2022-05-10,85.7070541381836,89.62000274658203,95.12000274658203,87.81999969482422,94.68000030517578,5568400
2022-05-11,84.01434326171875,87.8499984741211,90.48999786376953,87.68000030517578,89.0999984741211,3338000
2022-05-12,85.22888946533203,89.12000274658203,89.68000030517578,86.95999908447266,87.1500015258789,3092000
2022-05-13,88.04051208496094,92.05999755859375,92.19999694824219,89.70999908447266,90.02999877929688,2701800
2022-05-16,87.80142974853516,91.80999755859375,92.37000274658203,90.05000305175781,91.52999877929688,2563900
2022-05-17,88.9968490600586,93.05999755859375,93.1500015258789,89.36000061035156,91.5,3958400
2022-05-18,88.74819946289062,92.80000305175781,98.41000366210938,92.16000366210938,95.36000061035156,7013200
2022-05-19,88.6525650024414,92.69999694824219,94.66999816894531,91.20999908447266,92.02999877929688,7356600
2022-05-20,68.7320556640625,71.87000274658203,74.6500015258789,69.75,70.0,34575500
2022-05-23,75.3116455078125,78.75,79.80000305175781,72.23999786376953,72.2699966430664,12789900
2022-05-24,74.22142791748047,77.61000061035156,78.58999633789062,75.58000183105469,77.70999908447266,6149500
2022-05-25,77.80769348144531,81.36000061035156,82.56999969482422,76.58999633789062,77.36000061035156,4410400
2022-05-26,83.1918716430664,86.98999786376953,87.31999969482422,82.37999725341797,82.4000015258789,5308700
2022-05-27,83.4979019165039,87.30999755859375,89.22000122070312,86.08999633789062,87.37000274658203,3767500
2022-05-31,81.30789947509766,85.0199966430664,86.44999694824219,84.12999725341797,86.3499984741211,4228700
2022-06-01,79.05094909667969,82.66000366210938,85.75,82.36000061035156,85.4000015258789,3805800
2022-06-02,79.576904296875,83.20999908447266,83.79000091552734,81.9000015258789,82.5,3585300
2022-06-03,79.10832214355469,82.72000122070312,83.97000122070312,82.25,82.5,3059400
2022-06-06,78.07158660888672,81.33000183105469,83.25,81.12000274658203,82.91999816894531,2676000
2022-06-07,77.28443908691406,80.51000213623047,81.41000366210938,78.93000030517578,79.45999908447266,3671800
2022-06-08,77.80280303955078,81.05000305175781,83.2300033569336,79.69000244140625,80.56999969482422,2557300
2022-06-09,76.56448364257812,79.76000213623047,80.87999725341797,79.68000030517578,80.1500015258789,2719700
2022-06-10,74.10706329345703,77.19999694824219,79.3499984741211,77.1500015258789,78.33000183105469,3983400
2022-06-13,71.83200073242188,74.83000183105469,75.95999908447266,74.45999908447266,75.26000213623047,4753300
2022-06-14,71.03524780273438,74.0,75.72000122070312,73.36000061035156,74.95999908447266,3113300
2022-06-15,72.95513916015625,76.0,76.97000122070312,74.75,74.75,2616400
2022-06-16,70.6608657836914,73.61000061035156,74.45999908447266,72.94999694824219,74.16000366210938,3303200
2022-06-17,71.7647933959961,74.76000213623047,75.70999908447266,73.43000030517578,73.70999908447266,5539300
2022-06-21,72.09117889404297,75.0999984741211,76.30999755859375,74.30999755859375,75.62000274658203,3204600
2022-06-22,69.89292907714844,72.80999755859375,74.7699966430664,72.51000213623047,73.91000366210938,3335100
2022-06-23,71.01605987548828,73.9800033569336,74.27999877929688,72.22000122070312,73.29000091552734,2821900
2022-06-24,74.423828125,77.52999877929688,78.2699966430664,74.69000244140625,74.98999786376953,10913200
2022-06-27,73.28150177001953,76.33999633789062,78.27999877929688,75.83999633789062,77.51000213623047,2123200
2022-06-28,69.86412811279297,72.77999877929688,77.30999755859375,72.66000366210938,76.61000061035156,3612500
2022-06-29,68.9329833984375,71.80999755859375,72.70999908447266,71.4800033569336,72.4000015258789,2807200
2022-06-30,67.41631317138672,70.2300033569336,71.58000183105469,69.58000183105469,70.4800033569336,5531300
2022-07-01,68.52023315429688,71.37999725341797,71.54000091552734,69.23999786376953,70.13999938964844,2977800
2022-07-05,70.86247253417969,73.81999969482422,74.19000244140625,70.0999984741211,70.25,3824500
2022-07-06,71.0256576538086,73.98999786376953,74.93000030517578,72.94999694824219,74.51000213623047,2470000
2022-07-07,73.4734878540039,76.54000091552734,76.66999816894531,74.12999725341797,74.12999725341797,2387000
2022-07-08,72.43675994873047,75.45999908447266,76.44999694824219,74.91999816894531,75.97000122070312,2596400
2022-07-11,71.61122131347656,74.5999984741211,75.5999984741211,73.55000305175781,75.3499984741211,1969600
2022-07-12,72.06238555908203,75.06999969482422,76.0199966430664,74.22000122070312,74.43000030517578,2827900
2022-07-13,73.27191162109375,76.33000183105469,76.61000061035156,73.52999877929688,73.58000183105469,3164600
2022-07-14,73.88626861572266,76.97000122070312,77.23999786376953,75.19000244140625,75.3499984741211,3095200
2022-07-15,74.85580444335938,77.9800033569336,78.62000274658203,77.56999969482422,77.61000061035156,2875800
2022-07-18,75.95014190673828,79.12000274658203,81.26000213623047,78.87000274658203,78.87000274658203,2948700
2022-07-19,77.91799926757812,81.16999816894531,81.55000305175781,79.30000305175781,79.91000366210938,2424300
2022-07-20,79.17550659179688,82.4800033569336,82.68000030517578,80.91000366210938,81.4000015258789,2444900
2022-07-21,80.26024627685547,83.61000061035156,83.70999908447266,81.66000366210938,82.29000091552734,1938100
2022-07-22,79.9050521850586,83.23999786376953,84.94999694824219,82.47000122070312,83.80000305175781,1680200
2022-07-25,79.31950378417969,82.62999725341797,83.37999725341797,81.62000274658203,83.37999725341797,1484600
2022-07-26,74.83660888671875,77.95999908447266,79.43000030517578,77.66999816894531,78.41999816894531,3430100
2022-07-27,77.0540542602539,80.2699966430664,80.55000305175781,77.44000244140625,78.29000091552734,1889600
2022-07-28,78.13877868652344,81.4000015258789,81.47000122070312,79.4800033569336,80.66999816894531,1543700
2022-07-29,78.00439453125,81.26000213623047,81.69999694824219,79.97000122070312,81.45999908447266,2032400
2022-08-01,79.00272369384766,82.30000305175781,83.05999755859375,80.51000213623047,80.98999786376953,2394800
2022-08-02,76.6316909790039,79.83000183105469,82.8499984741211,79.2300033569336,82.8499984741211,4103000
2022-08-03,81.19136810302734,84.58000183105469,85.08999633789062,80.69000244140625,80.79000091552734,2990800
2022-08-04,80.40424346923828,83.76000213623047,84.94999694824219,83.29000091552734,84.12999725341797,1677800
2022-08-05,80.85540008544922,84.2300033569336,84.58000183105469,82.81999969482422,83.05000305175781,1350000
2022-08-08,81.8921127319336,85.30999755859375,87.0,84.61000061035156,85.0199966430664,1836200
2022-08-09,81.07620239257812,84.45999908447266,85.30999755859375,83.26000213623047,85.13999938964844,1834300
2022-08-10,82.72727966308594,86.18000030517578,87.37000274658203,86.08999633789062,86.12000274658203,1799900
2022-08-11,84.61836242675781,88.1500015258789,89.66000366210938,87.13999938964844,87.22000122070312,2517600
2022-08-12,86.50944519042969,90.12000274658203,90.22000122070312,88.02999877929688,88.31999969482422,1908500
2022-08-15,86.54781341552734,90.16000366210938,90.68000030517578,89.19999694824219,89.5999984741211,2146000
2022-08-16,88.92845153808594,92.63999938964844,94.38999938964844,90.37999725341797,90.37999725341797,3432400
2022-08-17,89.10124969482422,92.81999969482422,94.44000244140625,90.23999786376953,91.22000122070312,3846700
2022-08-18,88.3141098022461,92.0,92.41000366210938,90.7699966430664,91.79000091552734,3072800
2022-08-19,87.36376953125,91.01000213623047,93.7699966430664,89.2699966430664,91.76000213623047,4911300
2022-08-22,84.57994079589844,88.11000061035156,90.68000030517578,87.94999694824219,90.04000091552734,3668100
2022-08-23,84.43595123291016,87.95999908447266,89.30000305175781,87.75,88.18000030517578,2148700
2022-08-24,86.93180847167969,90.55999755859375,90.76000213623047,87.19999694824219,87.7699966430664,2746700
2022-08-25,87.26779174804688,90.91000366210938,92.12000274658203,89.5,89.87999725341797,2475500
2022-08-26,83.76399993896484,87.26000213623047,91.63999938964844,87.12999725341797,91.18000030517578,2530300
2022-08-29,83.47602081298828,86.95999908447266,88.2699966430664,85.86000061035156,86.33999633789062,2260900
2022-08-30,82.87126922607422,86.33000183105469,88.12999725341797,85.62000274658203,87.41000366210938,1960400
2022-08-31,82.81368255615234,86.2699966430664,86.98999786376953,85.62999725341797,86.6500015258789,2153700
2022-09-01,84.96393585205078,88.51000213623047,88.62000274658203,85.79000091552734,85.79000091552734,2248600
2022-09-02,84.18363952636719,87.38999938964844,89.23999786376953,86.68000030517578,88.73999786376953,2094800
2022-09-06,83.5382308959961,86.72000122070312,88.11000061035156,85.6500015258789,87.70999908447266,1822800
2022-09-07,88.75935363769531,92.13999938964844,92.77999877929688,87.16000366210938,87.2300033569336,2868000
2022-09-08,88.87496185302734,92.26000213623047,92.80000305175781,90.62999725341797,91.2300033569336,2144200
2022-09-09,90.0791015625,93.51000213623047,93.69999694824219,92.12000274658203,92.12000274658203,2046600
2022-09-12,91.49516296386719,94.9800033569336,95.83000183105469,94.04000091552734,94.04000091552734,2158700
2022-09-13,86.56301879882812,89.86000061035156,93.12000274658203,89.45999908447266,92.20999908447266,2602400
2022-09-14,86.17768859863281,89.45999908447266,90.63999938964844,88.30999755859375,90.1500015258789,2054600
2022-09-15,86.27400970458984,89.55999755859375,91.68000030517578,89.30999755859375,89.54000091552734,2034400
2022-09-16,86.938720703125,90.25,90.7300033569336,88.16000366210938,88.75,3962400
2022-09-19,87.41072082519531,90.73999786376953,90.9800033569336,89.2300033569336,89.38999938964844,2063700
2022-09-20,85.06027221679688,88.30000305175781,89.83999633789062,86.8499984741211,89.72000122070312,2055200
2022-09-21,84.62675476074219,87.8499984741211,90.86000061035156,87.58000183105469,88.94999694824219,2319600
2022-09-22,83.41299438476562,86.58999633789062,88.23999786376953,86.0199966430664,87.73999786376953,3681300
2022-09-23,81.3418960571289,84.44000244140625,86.05000305175781,83.05999755859375,86.01000213623047,2993800
2022-09-26,79.88727569580078,82.93000030517578,86.05000305175781,82.83999633789062,84.80999755859375,2630800
2022-09-27,81.3033447265625,84.4000015258789,85.48999786376953,82.52999877929688,83.72000122070312,2262300
2022-09-28,83.81758117675781,87.01000213623047,87.63999938964844,84.66000366210938,85.19000244140625,2102600
2022-09-29,80.94691467285156,84.02999877929688,86.1500015258789,83.16999816894531,86.1500015258789,2051000
2022-09-30,81.17811584472656,84.2699966430664,86.0199966430664,81.2300033569336,83.41999816894531,3720900
2022-10-03,82.80610656738281,85.95999908447266,87.48999786376953,84.1500015258789,85.47000122070312,2706600
2022-10-04,86.10062408447266,89.37999725341797,89.5,87.75,87.76000213623047,1972200
2022-10-05,86.52449035644531,89.81999969482422,90.41000366210938,87.9800033569336,88.44999694824219,1767700
2022-10-06,85.00244903564453,88.23999786376953,90.72000122070312,88.13999938964844,89.70999908447266,1788900
2022-10-07,83.673095703125,86.86000061035156,87.77999877929688,86.16999816894531,87.29000091552734,1743100
2022-10-10,82.71942901611328,85.87000274658203,87.62999725341797,84.0999984741211,87.16999816894531,1836800
2022-10-11,82.9795150756836,86.13999938964844,87.55000305175781,84.80000305175781,85.25,1931100
2022-10-12,81.40931701660156,84.51000213623047,86.66000366210938,84.41999816894531,86.25,2125100
2022-10-13,82.3148193359375,85.44999694824219,85.98999786376953,81.56999969482422,82.38999938964844,2988800
2022-10-14,78.46158599853516,81.44999694824219,86.79000091552734,81.20999908447266,86.12000274658203,2788400
2022-10-17,81.12032318115234,84.20999908447266,84.91999816894531,83.36000061035156,83.58000183105469,3007300
2022-10-18,81.55380249023438,84.66000366210938,86.9800033569336,83.98999786376953,85.87999725341797,1890400
2022-10-19,80.59050750732422,83.66000366210938,85.05999755859375,82.20999908447266,83.94999694824219,1479200
2022-10-20,79.46343231201172,82.48999786376953,85.2300033569336,82.3499984741211,84.1500015258789,1716300
2022-10-21,81.94876098632812,85.06999969482422,85.33999633789062,82.13999938964844,82.4000015258789,2194000
2022-10-24,83.89464569091797,87.08999633789062,87.31999969482422,84.5199966430664,85.23999786376953,1792200
2022-10-25,89.6552505493164,93.06999969482422,93.6500015258789,88.66000366210938,89.16999816894531,3595500
2022-10-26,89.96351623535156,93.38999938964844,95.55999755859375,93.01000213623047,93.62000274658203,2939100
2022-10-27,91.12910461425781,94.5999984741211,95.27999877929688,93.44000244140625,93.93000030517578,2347100
2022-10-28,91.85160064697266,95.3499984741211,95.80999755859375,93.13999938964844,94.04000091552734,2293900
2022-10-31,92.17911529541016,95.69000244140625,96.56999969482422,94.72000122070312,95.0999984741211,2969800
2022-11-01,91.20619201660156,94.68000030517578,97.36000061035156,92.69000244140625,96.45999908447266,2643300
2022-11-02,89.20249938964844,92.5999984741211,97.31999969482422,92.41999816894531,94.16000366210938,3326200
2022-11-03,88.91351318359375,92.30000305175781,93.86000061035156,91.91000366210938,92.55000305175781,2071600
2022-11-04,90.43550872802734,93.87999725341797,95.30000305175781,92.20999908447266,93.6500015258789,2475500
2022-11-07,89.72268676757812,93.13999938964844,94.55999755859375,91.7300033569336,93.93000030517578,2807600
2022-11-08,88.71119689941406,92.08999633789062,94.45999908447266,90.30999755859375,94.02999877929688,2613600
2022-11-09,87.9694595336914,91.31999969482422,93.0,91.08000183105469,91.83999633789062,2614500
2022-11-10,93.5662841796875,97.12999725341797,97.47000122070312,95.01000213623047,95.5199966430664,2937100
2022-11-11,92.64151000976562,96.16999816894531,98.47000122070312,95.47000122070312,97.69000244140625,2892700
2022-11-14,91.15801239013672,94.62999725341797,96.2300033569336,94.5,96.02999877929688,2472400
2022-11-15,94.21170043945312,97.80000305175781,98.37000274658203,95.83000183105469,96.5,4102000
2022-11-16,92.95941162109375,96.5,96.87000274658203,94.83000183105469,96.0,3331100
2022-11-17,94.33692932128906,97.93000030517578,97.94999694824219,94.33999633789062,97.13999938964844,4533500
2022-11-18,103.64249420166016,107.58999633789062,115.9000015258789,106.5999984741211,114.80000305175781,11725200
2022-11-21,108.17969512939453,112.30000305175781,112.83999633789062,106.95999908447266,107.23999786376953,4736400
2022-11-22,111.04071044921875,115.2699966430664,115.80000305175781,112.77999877929688,114.04000091552734,4072300
2022-11-23,111.77286529541016,116.02999877929688,117.29000091552734,114.8499984741211,115.44000244140625,3158300
2022-11-25,111.6861572265625,115.94000244140625,116.80999755859375,114.91999816894531,116.54000091552734,1134500
2022-11-28,112.1003646850586,116.37000274658203,117.16999816894531,115.55000305175781,115.70999908447266,2006100
2022-11-29,112.50495910644531,116.79000091552734,117.51000213623047,115.25,116.44000244140625,2674800
2022-11-30,113.35267639160156,117.66999816894531,118.12999725341797,115.9800033569336,116.77999877929688,2916100
2022-12-01,113.65130615234375,117.9800033569336,118.16999816894531,116.69999694824219,118.05000305175781,2104200
2022-12-02,114.63388061523438,119.0,119.4800033569336,116.12999725341797,116.13999938964844,2120600
2022-12-05,113.34931945800781,117.36000061035156,118.0999984741211,116.5,117.81999969482422,2022100
2022-12-06,112.54769897460938,116.52999877929688,119.02999877929688,116.20999908447266,117.69999694824219,2651600
2022-12-07,111.41766357421875,115.36000061035156,116.87999725341797,115.1500015258789,115.93000030517578,1983900
2022-12-08,113.13683319091797,117.13999938964844,117.27999877929688,115.23999786376953,115.55000305175781,2467600
2022-12-09,110.9637451171875,114.88999938964844,116.72000122070312,114.80000305175781,116.38999938964844,2037600
2022-12-12,112.41246795654297,116.38999938964844,116.41999816894531,114.2300033569336,115.5,1744500
2022-12-13,113.51350402832031,117.52999877929688,120.38999938964844,116.13999938964844,120.38999938964844,2163000
2022-12-14,113.40726470947266,117.41999816894531,118.36000061035156,115.54000091552734,117.75,2184500
2022-12-15,109.80474090576172,113.69000244140625,116.70999908447266,113.41000366210938,115.94000244140625,3293100
2022-12-16,110.05583953857422,113.94999694824219,114.47000122070312,112.4000015258789,112.88999938964844,5324400
2022-12-19,110.99271392822266,114.91999816894531,115.4800033569336,113.66999816894531,114.25,2423900
2022-12-20,110.44219207763672,114.3499984741211,115.27999877929688,114.23999786376953,114.51000213623047,2136400
2022-12-21,111.19551086425781,115.12999725341797,116.45999908447266,114.58999633789062,115.9800033569336,2572000
2022-12-22,110.06551361083984,113.95999908447266,114.25,112.5,113.5999984741211,2250100
2022-12-23,111.5335693359375,115.4800033569336,115.66000366210938,112.91999816894531,113.86000061035156,1317100
2022-12-27,111.10860443115234,115.04000091552734,116.44000244140625,114.41999816894531,115.83999633789062,1362600
2022-12-28,110.38423919677734,114.29000091552734,115.87999725341797,114.2699966430664,114.9800033569336,1321500
2022-12-29,111.90056610107422,115.86000061035156,116.48999786376953,115.05000305175781,115.27999877929688,1593700
2022-12-30,112.10340118408203,116.06999969482422,116.08999633789062,114.52999877929688,114.94000244140625,1547900
2023-01-03,111.87161254882812,115.83000183105469,117.12000274658203,114.75,116.62999725341797,1707600
2023-01-04,113.93846893310547,117.97000122070312,118.9000015258789,116.54000091552734,117.23999786376953,2008900
2023-01-05,114.35377502441406,118.4000015258789,118.97000122070312,116.47000122070312,116.94000244140625,2058800
2023-01-06,117.41545104980469,121.56999969482422,122.44999694824219,119.16999816894531,119.41999816894531,2467900
2023-01-09,114.67251586914062,118.7300033569336,121.25,118.61000061035156,120.75,2581300
2023-01-10,115.69627380371094,119.79000091552734,120.04000091552734,118.7300033569336,118.7300033569336,1596300
2023-01-11,115.45481872558594,119.54000091552734,120.2699966430664,119.0199966430664,120.04000091552734,2533900
2023-01-12,114.69181823730469,118.75,119.58000183105469,117.94999694824219,119.4800033569336,2747100
2023-01-13,115.90874481201172,120.01000213623047,120.12999725341797,118.13999938964844,118.51000213623047,2339400
2023-01-17,115.66729736328125,119.76000213623047,120.01000213623047,119.04000091552734,119.91999816894531,1708200
2023-01-18,113.3686294555664,117.37999725341797,120.1500015258789,117.30000305175781,119.9800033569336,1762200
2023-01-19,111.79434204101562,115.75,116.94000244140625,115.66999816894531,116.38999938964844,1618800
2023-01-20,111.77503204345703,115.7300033569336,116.30000305175781,114.33000183105469,115.05000305175781,2240800
2023-01-23,111.82332611083984,115.77999877929688,116.27999877929688,115.0,116.0999984741211,2132700
2023-01-24,113.697021484375,117.72000122070312,117.9000015258789,115.44999694824219,116.2300033569336,1881700
2023-01-25,116.09225463867188,120.19999694824219,120.22000122070312,116.19000244140625,116.91000366210938,1674500
2023-01-26,116.5848388671875,120.70999908447266,121.16000366210938,119.4000015258789,120.29000091552734,1847300
2023-01-27,115.3968734741211,119.4800033569336,121.86000061035156,119.37999725341797,120.7699966430664,1887200
2023-01-30,114.93325805664062,119.0,119.97000122070312,118.26000213623047,118.69000244140625,1690000
2023-01-31,114.15094757080078,118.19000244140625,119.45999908447266,117.72000122070312,119.12000274658203,2208200
2023-02-01,114.46966552734375,118.5199966430664,119.31999969482422,116.1500015258789,119.0199966430664,2213400
2023-02-02,112.12271118164062,116.08999633789062,119.20999908447266,115.7300033569336,118.95999908447266,3553500
2023-02-03,111.37904357910156,115.31999969482422,116.31999969482422,114.79000091552734,115.87000274658203,3780600
2023-02-06,111.75569915771484,115.70999908447266,116.79000091552734,114.68000030517578,115.0999984741211,2073500
2023-02-07,110.57738494873047,114.48999786376953,114.7699966430664,112.02999877929688,114.73999786376953,2535900
2023-02-08,110.57738494873047,114.48999786376953,114.5,111.91000366210938,113.87999725341797,2691000
2023-02-09,111.08927917480469,115.0199966430664,117.04000091552734,114.91000366210938,115.68000030517578,2140900
2023-02-10,111.24380493164062,115.18000030517578,115.31999969482422,113.76000213623047,114.75,1371000
2023-02-13,112.78911590576172,116.77999877929688,117.19999694824219,115.12000274658203,115.75,1751800
2023-02-14,112.80845642089844,116.80000305175781,117.33000183105469,114.94000244140625,116.77999877929688,1928400
2023-02-15,112.65391540527344,116.63999938964844,117.25,115.18000030517578,115.87999725341797,1671700
2023-02-16,111.37904357910156,115.31999969482422,116.69000244140625,114.52999877929688,115.02999877929688,2351100
2023-02-17,111.73639678955078,115.69000244140625,116.16999816894531,114.66999816894531,114.97000122070312,1473100
2023-02-21,109.05140686035156,112.91000366210938,114.94999694824219,112.7300033569336,114.5,2446700
2023-02-22,108.8099594116211,112.66000366210938,113.93000030517578,112.0,112.9800033569336,3075300
2023-02-23,107.67990112304688,111.48999786376953,112.52999877929688,110.55999755859375,112.22000122070312,1875600
2023-02-24,107.65094757080078,111.45999908447266,111.8499984741211,109.83999633789062,110.44000244140625,2103500
2023-02-27,107.12940216064453,110.91999816894531,112.80000305175781,110.69000244140625,112.73999786376953,1993000
2023-02-28,106.76240539550781,110.54000091552734,111.88999938964844,110.4000015258789,110.91000366210938,3519300
2023-03-01,106.88794708251953,110.66999816894531,110.80000305175781,105.0999984741211,106.9800033569336,5081600
2023-03-02,107.2163314819336,111.01000213623047,111.06999969482422,109.4800033569336,110.66000366210938,2569500
2023-03-03,108.5877914428711,112.43000030517578,112.5,110.70999908447266,111.01000213623047,2247500
2023-03-06,108.55882263183594,112.4000015258789,113.56999969482422,111.73999786376953,112.12000274658203,2365000
2023-03-07,106.10562896728516,109.86000061035156,112.76000213623047,109.66000366210938,112.56999969482422,2741600
2023-03-08,105.31364440917969,109.04000091552734,110.37000274658203,108.27999877929688,110.04000091552734,1903100
2023-03-09,101.95258331298828,105.55999755859375,108.97000122070312,105.2699966430664,108.91000366210938,2034100
2023-03-10,100.6100845336914,104.16999816894531,106.33000183105469,103.83000183105469,105.6500015258789,2458100
2023-03-13,100.17890930175781,103.38999938964844,104.86000061035156,102.19999694824219,102.9000015258789,2920400
2023-03-14,100.45989227294922,103.68000030517578,104.98999786376953,102.80999755859375,104.56999969482422,2221900
2023-03-15,99.12276458740234,102.30000305175781,103.0999984741211,100.94999694824219,102.11000061035156,3074300
2023-03-16,100.0335693359375,103.23999786376953,103.27999877929688,101.1500015258789,101.58000183105469,3167700
2023-03-17,98.89021301269531,102.05999755859375,102.58000183105469,101.05999755859375,102.2699966430664,2866700
2023-03-20,98.96772003173828,102.13999938964844,103.19999694824219,101.36000061035156,102.73999786376953,2030400
2023-03-21,100.90560150146484,104.13999938964844,104.55999755859375,102.8499984741211,103.58000183105469,2110100
2023-03-22,99.42312622070312,102.61000061035156,105.79000091552734,102.58999633789062,105.19000244140625,3797300
2023-03-23,98.47356414794922,101.62999725341797,103.4000015258789,100.73999786376953,102.61000061035156,1892800
2023-03-24,98.1828842163086,101.33000183105469,102.11000061035156,99.68000030517578,101.44000244140625,2543800
2023-03-27,97.5046157836914,100.62999725341797,101.98999786376953,100.45999908447266,101.79000091552734,1876600
2023-03-28,99.9366683959961,103.13999938964844,103.48999786376953,100.91000366210938,100.91000366210938,2270700
2023-03-29,99.28748321533203,102.47000122070312,103.61000061035156,100.69999694824219,101.62000274658203,3190200
2023-03-30,99.92695617675781,103.12999725341797,104.8499984741211,102.62999725341797,103.83999633789062,1884600
2023-03-31,102.83377838134766,106.12999725341797,106.20999908447266,103.41999816894531,103.79000091552734,3723300
2023-04-03,105.25615692138672,108.62999725341797,108.79000091552734,105.93000030517578,105.9800033569336,3637300
2023-04-04,105.15924835205078,108.52999877929688,110.1500015258789,108.3499984741211,109.0999984741211,2280100
2023-04-05,103.15354919433594,106.45999908447266,107.87000274658203,106.05999755859375,107.80999755859375,2567100
2023-04-06,102.92100524902344,106.22000122070312,106.54000091552734,104.94000244140625,106.19000244140625,1709000
2023-04-10,103.32797241210938,106.63999938964844,107.2300033569336,105.61000061035156,105.73999786376953,1716800
2023-04-11,101.8648681640625,105.12999725341797,107.26000213623047,104.8499984741211,106.8499984741211,1943300
2023-04-12,99.6944351196289,102.88999938964844,105.68000030517578,102.76000213623047,105.55999755859375,1652300
2023-04-13,100.95404815673828,104.19000244140625,104.33000183105469,102.4000015258789,103.23999786376953,1731800
2023-04-14,101.351318359375,104.5999984741211,106.22000122070312,103.69000244140625,104.25,1324700
2023-04-17,100.94435119628906,104.18000030517578,105.06999969482422,103.5,104.7300033569336,2043400
2023-04-18,100.4695816040039,103.69000244140625,104.9800033569336,102.9800033569336,104.8499984741211,1695800
2023-04-19,101.02188873291016,104.26000213623047,104.70999908447266,102.86000061035156,103.06999969482422,1201400
2023-04-20,102.7369155883789,106.02999877929688,106.26000213623047,103.41000366210938,103.77999877929688,1925200
2023-04-21,103.01789093017578,106.31999969482422,107.25,105.87999725341797,106.26000213623047,1143900
2023-04-24,103.10511016845703,106.41000366210938,107.04000091552734,105.66999816894531,106.2300033569336,1767100
2023-04-25,100.80873107910156,104.04000091552734,106.04000091552734,103.66999816894531,105.87000274658203,1726600
2023-04-26,101.44821166992188,104.69999694824219,105.6500015258789,102.58000183105469,102.9000015258789,1600400
2023-04-27,102.27182006835938,105.55000305175781,105.83000183105469,104.31999969482422,105.13999938964844,1239400
2023-04-28,103.41516876220703,106.7300033569336,106.79000091552734,105.25,105.38999938964844,1420800
2023-05-01,102.46559143066406,105.75,106.97000122070312,105.33999633789062,106.51000213623047,1255400
2023-05-02,101.51602935791016,104.7699966430664,105.37999725341797,102.7300033569336,105.37999725341797,1458000
2023-05-03,100.76026916503906,103.98999786376953,105.6500015258789,103.94000244140625,104.8499984741211,1429700
2023-05-04,99.63629150390625,102.83000183105469,104.69999694824219,102.22000122070312,104.01000213623047,1220600
2023-05-05,101.1962890625,104.44000244140625,105.18000030517578,103.56999969482422,103.6500015258789,1765300
2023-05-08,101.57417297363281,104.83000183105469,105.1500015258789,103.52999877929688,104.19999694824219,1385800
2023-05-09,100.84748077392578,104.08000183105469,104.36000061035156,103.2300033569336,104.05000305175781,2045300
2023-05-10,98.78361511230469,101.94999694824219,105.2300033569336,101.1500015258789,104.98999786376953,2612300
2023-05-11,99.3456039428711,102.52999877929688,102.62999725341797,100.95999908447266,101.94999694824219,1991600
2023-05-12,101.26410675048828,104.51000213623047,104.66999816894531,102.48999786376953,103.0,1978000
2023-05-15,101.14784240722656,104.38999938964844,105.55000305175781,103.51000213623047,105.37000274658203,2389500
2023-05-16,99.73320007324219,102.93000030517578,103.80999755859375,102.33000183105469,103.69000244140625,3029000
2023-05-17,100.56648254394531,103.79000091552734,105.69999694824219,102.30999755859375,103.55999755859375,3345300
2023-05-18,102.10710144042969,105.37999725341797,105.80999755859375,102.26000213623047,103.98999786376953,3706800
2023-05-19,101.50635528564453,104.76000213623047,105.38999938964844,99.0,100.91000366210938,5952400
2023-05-22,101.3707046508789,104.62000274658203,105.83000183105469,104.5,104.97000122070312,2815300
2023-05-23,98.71578979492188,101.87999725341797,104.0199966430664,101.75,103.88999938964844,2562000
2023-05-24,98.308837890625,101.45999908447266,103.48999786376953,101.37000274658203,102.69000244140625,2497700
2023-05-25,99.16151428222656,102.33999633789062,104.13999938964844,101.52999877929688,101.87000274658203,2951300
2023-05-26,100.15950775146484,103.37000274658203,103.87999725341797,102.1500015258789,102.56999969482422,2223100
2023-05-30,100.05294036865234,103.26000213623047,104.0,102.16000366210938,103.37000274658203,2539300
2023-05-31,100.40174865722656,103.62000274658203,104.1500015258789,102.0,103.0,3558200
2023-06-01,97.7662353515625,100.9000015258789,103.6500015258789,100.66000366210938,103.38999938964844,2957100
2023-06-02,100.0916976928711,103.30000305175781,103.45999908447266,100.98999786376953,101.5,2296400
2023-06-05,100.22291564941406,103.0999984741211,104.47000122070312,102.73999786376953,103.31999969482422,2159900
2023-06-06,100.77702331542969,103.66999816894531,104.19999694824219,102.66000366210938,103.16000366210938,2138200
2023-06-07,99.14390563964844,101.98999786376953,104.08999633789062,101.52999877929688,103.66999816894531,2555100
2023-06-08,100.3590087890625,103.23999786376953,103.41000366210938,101.58999633789062,101.98999786376953,2369900
2023-06-09,100.40762329101562,103.29000091552734,104.2300033569336,102.7300033569336,103.1500015258789,2456800
2023-06-12,103.40167236328125,106.37000274658203,106.44999694824219,104.13999938964844,104.13999938964844,3319200
2023-06-13,103.45999145507812,106.43000030517578,107.0999984741211,106.18000030517578,106.80000305175781,2220600
2023-06-14,103.27530670166016,106.23999786376953,107.12000274658203,105.1500015258789,106.31999969482422,1858700
2023-06-15,104.86953735351562,107.87999725341797,108.37999725341797,106.2699966430664,106.77999877929688,3287800
2023-06-16,104.83064270019531,107.83999633789062,108.97000122070312,107.30999755859375,108.61000061035156,3479300
2023-06-20,104.28627014160156,107.27999877929688,108.13999938964844,106.9000015258789,107.66000366210938,2299300
2023-06-21,104.24739074707031,107.23999786376953,107.6500015258789,106.47000122070312,107.58999633789062,1621300
2023-06-22,104.94729614257812,107.95999908447266,108.66999816894531,106.98999786376953,108.23999786376953,2357700
2023-06-23,105.62776947021484,108.66000366210938,109.61000061035156,106.9800033569336,106.9800033569336,7431600
2023-06-26,104.60708618164062,107.61000061035156,108.58999633789062,107.33000183105469,107.86000061035156,1956800
2023-06-27,105.88050842285156,108.91999816894531,109.33000183105469,107.87000274658203,108.33000183105469,1946500
2023-06-28,105.31669616699219,108.33999633789062,109.22000122070312,107.69000244140625,108.44999694824219,1694200
2023-06-29,105.83191680908203,108.87000274658203,109.29000091552734,107.76000213623047,108.13999938964844,1715000
2023-06-30,109.00093841552734,112.12999725341797,112.55999755859375,109.38999938964844,109.61000061035156,2636000
2023-07-03,108.0288314819336,111.12999725341797,111.87000274658203,111.08000183105469,111.1500015258789,1209800
2023-07-05,107.53306579589844,110.62000274658203,110.97000122070312,110.0,110.97000122070312,1750500
2023-07-06,106.27906799316406,109.33000183105469,110.19999694824219,109.05000305175781,109.70999908447266,1873900
2023-07-07,104.46125793457031,107.45999908447266,109.29000091552734,107.30000305175781,108.80999755859375,2449600
2023-07-10,106.52210235595703,109.58000183105469,110.0199966430664,107.30000305175781,107.63999938964844,2360400
2023-07-11,107.9024658203125,111.0,111.02999877929688,109.61000061035156,109.81999969482422,1902500
2023-07-12,108.40795135498047,111.5199966430664,113.36000061035156,111.41999816894531,112.48999786376953,1984100
2023-07-13,108.36908721923828,111.4800033569336,112.0999984741211,111.16000366210938,111.47000122070312,1943900
2023-07-14,108.4662857055664,111.58000183105469,111.73999786376953,109.13999938964844,110.77999877929688,1813300
2023-07-17,107.17339324951172,110.25,111.66000366210938,110.06999969482422,111.38999938964844,1832100
2023-07-18,108.7870864868164,111.91000366210938,112.33999633789062,109.9000015258789,109.9000015258789,2135500
2023-07-19,109.47726440429688,112.62000274658203,113.12999725341797,111.55000305175781,112.16999816894531,1680000
2023-07-20,109.06898498535156,112.19999694824219,113.81999969482422,112.18000030517578,112.97000122070312,1711400
2023-07-21,108.90372467041016,112.02999877929688,113.83999633789062,111.9000015258789,112.91000366210938,6007300
2023-07-24,109.5550308227539,112.69999694824219,113.20999908447266,111.66999816894531,112.52999877929688,1777600
2023-07-25,109.3703384399414,112.51000213623047,112.5999984741211,111.4000015258789,112.0,1424200
2023-07-26,110.31327056884766,113.4800033569336,113.55000305175781,112.11000061035156,112.26000213623047,1325900
2023-07-27,110.31327056884766,113.4800033569336,115.05000305175781,112.93000030517578,114.33000183105469,2318000
2023-07-28,111.41173553466797,114.61000061035156,115.48999786376953,113.98999786376953,114.30000305175781,1636300
2023-07-31,111.4408950805664,114.63999938964844,114.72000122070312,113.55999755859375,114.43000030517578,1400700
2023-08-01,110.80903625488281,113.98999786376953,115.08999633789062,113.69999694824219,114.47000122070312,1252800
2023-08-02,108.6509780883789,111.7699966430664,113.18000030517578,111.48999786376953,112.93000030517578,1968600
2023-08-03,109.44810485839844,112.58999633789062,113.33999633789062,111.6500015258789,112.88999938964844,2432800
2023-08-04,109.44810485839844,112.58999633789062,113.9000015258789,112.43000030517578,113.37999725341797,1762500
2023-08-07,110.29383087158203,113.45999908447266,113.8499984741211,112.37999725341797,113.13999938964844,1441200
2023-08-08,110.02163696289062,113.18000030517578,113.30000305175781,111.95999908447266,113.06999969482422,1224500
2023-08-09,109.87581634521484,113.02999877929688,114.63999938964844,112.91999816894531,113.66000366210938,1601800
2023-08-10,110.70209503173828,113.87999725341797,115.37999725341797,113.58000183105469,114.16000366210938,1640300
2023-08-11,110.22577667236328,113.38999938964844,113.83000183105469,112.69999694824219,113.26000213623047,1614600
2023-08-14,110.9354019165039,114.12000274658203,115.33999633789062,113.8499984741211,113.88999938964844,2063700
2023-08-15,110.8284683227539,114.01000213623047,114.19000244140625,112.83999633789062,113.86000061035156,2019900
2023-08-16,112.01443481445312,115.2300033569336,117.44999694824219,115.22000122070312,115.75,2940200
2023-08-17,109.90497589111328,113.05999755859375,116.08999633789062,112.8499984741211,115.76000213623047,3569300
2023-08-18,115.40704345703125,118.72000122070312,120.68000030517578,116.33000183105469,116.5,6356900
2023-08-21,115.83477020263672,119.16000366210938,119.29000091552734,117.83999633789062,118.62000274658203,2799600
2023-08-22,114.50299835205078,117.79000091552734,119.06999969482422,117.19999694824219,118.12999725341797,2871100
2023-08-23,118.47884368896484,121.87999725341797,122.69999694824219,117.62000274658203,118.12999725341797,4261200
2023-08-24,115.54312896728516,118.86000061035156,121.98999786376953,118.41000366210938,121.5199966430664,4945400
2023-08-25,115.6792221069336,119.0,120.02999877929688,118.30000305175781,119.38999938964844,2904900
2023-08-28,116.58326721191406,119.93000030517578,120.12000274658203,118.7300033569336,119.55999755859375,2109400
2023-08-29,117.64285278320312,121.0199966430664,121.44999694824219,119.5999984741211,119.91000366210938,2451600
2023-08-30,118.25528717041016,121.6500015258789,122.04000091552734,121.0199966430664,121.0199966430664,1613000
2023-08-31,118.41080474853516,121.80999755859375,122.37999725341797,121.0199966430664,121.55999755859375,2396200
2023-09-01,118.630126953125,121.69999694824219,122.30999755859375,120.77999877929688,122.0,1996000
2023-09-05,117.56761932373047,120.61000061035156,121.62000274658203,120.41000366210938,121.31999969482422,1730100
2023-09-06,116.92426300048828,119.94999694824219,120.75,119.3499984741211,120.41999816894531,1896900
2023-09-07,116.40765380859375,119.41999816894531,120.66999816894531,119.23999786376953,120.38999938964844,1592800
2023-09-08,116.34915924072266,119.36000061035156,120.02999877929688,119.0999984741211,119.36000061035156,1189600
2023-09-11,115.40361785888672,118.38999938964844,120.02999877929688,118.22000122070312,120.02999877929688,1809100
2023-09-12,115.41337585449219,118.4000015258789,119.47000122070312,118.19999694824219,119.0999984741211,1508800
2023-09-13,113.87322235107422,116.81999969482422,118.51000213623047,116.66999816894531,118.37999725341797,2385800
2023-09-14,114.82850646972656,117.80000305175781,118.19999694824219,116.83000183105469,116.98999786376953,2446200
2023-09-15,115.18917083740234,118.16999816894531,118.41999816894531,117.16000366210938,117.91999816894531,3672900
2023-09-18,114.70178985595703,117.66999816894531,118.62999725341797,117.5,118.05000305175781,1993200
2023-09-19,113.36634826660156,116.30000305175781,117.6500015258789,116.2300033569336,117.1500015258789,1938900
2023-09-20,112.0503921508789,114.94999694824219,116.43000030517578,114.9000015258789,116.30999755859375,2267800
2023-09-21,110.27629852294922,113.12999725341797,114.88999938964844,112.47000122070312,114.5,2424100
2023-09-22,108.84339904785156,111.66000366210938,113.4800033569336,111.52999877929688,113.38999938964844,2050500
2023-09-25,106.90359497070312,109.66999816894531,111.08000183105469,109.4000015258789,110.69999694824219,2283400
2023-09-26,106.78662109375,109.55000305175781,110.37999725341797,109.05999755859375,109.2300033569336,1887900
2023-09-27,106.17251586914062,108.91999816894531,110.19000244140625,108.3499984741211,109.6500015258789,2378400
2023-09-28,108.98961639404297,111.80999755859375,111.9800033569336,109.19000244140625,109.44999694824219,2419900
2023-09-29,110.1008529663086,112.94999694824219,114.16000366210938,112.22000122070312,112.22000122070312,2476100
2023-10-02,111.58252716064453,114.47000122070312,114.8499984741211,112.8499984741211,112.94999694824219,2663100
2023-10-03,109.08707427978516,111.91000366210938,114.95999908447266,111.38999938964844,114.37999725341797,2474300
2023-10-04,109.16506958007812,111.98999786376953,113.08000183105469,110.6500015258789,112.04000091552734,1845900
2023-10-05,108.9018783569336,111.72000122070312,112.69000244140625,111.0999984741211,112.54000091552734,1813500
2023-10-06,109.54523468017578,112.37999725341797,113.23999786376953,110.0199966430664,110.9800033569336,1752800
2023-10-09,110.21782684326172,113.06999969482422,113.37000274658203,110.81999969482422,112.22000122070312,1431100
2023-10-10,110.2470703125,113.0999984741211,114.0,112.77999877929688,113.18000030517578,1914900
2023-10-11,110.80268859863281,113.66999816894531,113.75,111.88999938964844,112.97000122070312,2251700
2023-10-12,110.34455108642578,113.19999694824219,114.12999725341797,112.30999755859375,114.12999725341797,1946800
2023-10-13,109.21379852294922,112.04000091552734,113.37000274658203,111.63999938964844,113.1500015258789,1789300
2023-10-16,113.45407104492188,116.38999938964844,116.77999877929688,112.97000122070312,112.97000122070312,2965400
2023-10-17,115.0234603881836,118.0,118.52999877929688,116.06999969482422,116.06999969482422,2127900
2023-10-18,114.28263092041016,117.23999786376953,118.23999786376953,116.91999816894531,117.8499984741211,1908300
2023-10-19,113.32736206054688,116.26000213623047,117.80000305175781,115.6500015258789,117.69000244140625,2102700
2023-10-20,112.74250030517578,115.66000366210938,116.79000091552734,115.0999984741211,116.26000213623047,4154700
2023-10-23,111.52401733398438,114.41000366210938,115.66999816894531,113.2300033569336,115.66000366210938,1929400
2023-10-24,112.8886947631836,115.80999755859375,116.7699966430664,114.41999816894531,114.41999816894531,2327800
2023-10-25,112.62551879882812,115.54000091552734,116.30999755859375,114.56999969482422,115.61000061035156,1827500
2023-10-26,111.40704345703125,114.29000091552734,116.37999725341797,113.91000366210938,115.69999694824219,1901100
2023-10-27,109.94488525390625,112.79000091552734,115.16000366210938,112.38999938964844,114.22000122070312,1585400
2023-10-30,111.80670166015625,114.69999694824219,115.19000244140625,113.44999694824219,113.5999984741211,2406000
2023-10-31,113.04468536376953,115.97000122070312,116.06999969482422,114.05999755859375,114.87000274658203,2397900
2023-11-01,113.0544204711914,115.9800033569336,116.56999969482422,114.72000122070312,116.16000366210938,1406200
2023-11-02,115.33538818359375,118.31999969482422,118.47000122070312,116.5,116.5,1642600
2023-11-03,118.19148254394531,121.25,122.31999969482422,120.01000213623047,120.2699966430664,1853700
2023-11-06,119.05903625488281,122.13999938964844,122.31999969482422,120.8499984741211,121.61000061035156,1443600
2023-11-07,120.05330657958984,123.16000366210938,123.33999633789062,121.80000305175781,122.12999725341797,1808900
2023-11-08,119.69263458251953,122.79000091552734,123.6500015258789,122.62000274658203,123.25,1439900
2023-11-09,119.28323364257812,122.37000274658203,123.61000061035156,121.98999786376953,123.0999984741211,1739500
2023-11-10,120.2190170288086,123.33000183105469,123.44000244140625,121.45999908447266,122.81999969482422,1816700
2023-11-13,119.27347564697266,122.36000061035156,123.52999877929688,122.19999694824219,122.80999755859375,1929700
2023-11-14,121.65193176269531,124.80000305175781,125.86000061035156,123.86000061035156,124.0,2380600
2023-11-15,120.84286499023438,123.97000122070312,124.83999633789062,123.47000122070312,124.0,4072600
2023-11-16,117.11923217773438,120.1500015258789,123.93000030517578,119.7300033569336,123.2699966430664,4714100
2023-11-17,125.5705337524414,128.82000732421875,131.30999755859375,126.70999908447266,127.12000274658203,9016500
2023-11-20,126.16512298583984,129.42999267578125,130.39999389648438,128.25999450683594,128.82000732421875,3404700
2023-11-21,127.42259979248047,130.72000122070312,130.94000244140625,128.25999450683594,129.77999877929688,2345600
2023-11-22,127.67606353759766,130.97999572753906,131.30999755859375,130.22999572753906,131.2100067138672,1511900
2023-11-24,127.78327178955078,131.08999633789062,131.99000549316406,130.4199981689453,130.61000061035156,856200
2023-11-27,127.78327178955078,131.08999633789062,131.5,130.50999450683594,130.75,2068100
2023-11-28,127.0132064819336,130.3000030517578,131.27999877929688,129.8300018310547,131.1199951171875,1854400
2023-11-29,125.9409408569336,129.1999969482422,130.4499969482422,128.99000549316406,130.30999755859375,1616700
2023-11-30,127.09117126464844,130.3800048828125,130.52000427246094,129.10000610351562,129.3300018310547,2566900
2023-12-01,128.80679321289062,132.13999938964844,132.30999755859375,130.14999389648438,130.8699951171875,1919900
2023-12-04,129.63253784179688,132.64999389648438,133.67999267578125,131.10000610351562,131.5,2280800
2023-12-05,129.23190307617188,132.24000549316406,132.42999267578125,131.1199951171875,131.97000122070312,1820000
2023-12-06,129.4175567626953,132.42999267578125,133.7899932861328,132.3300018310547,133.4600067138672,1566200
2023-12-07,128.66506958007812,131.66000366210938,133.67999267578125,131.49000549316406,132.91000366210938,2532700
2023-12-08,129.07553100585938,132.0800018310547,132.3000030517578,130.39999389648438,131.02000427246094,1443000
2023-12-11,132.21249389648438,135.2899932861328,135.35000610351562,133.24000549316406,133.24000549316406,2124400
2023-12-12,132.3688507080078,135.4499969482422,135.86000061035156,134.63999938964844,135.50999450683594,1967300
2023-12-13,134.63607788085938,137.77000427246094,137.83999633789062,135.17999267578125,135.8699951171875,3294900
2023-12-14,131.52841186523438,134.58999633789062,137.63999938964844,134.10000610351562,135.91000366210938,3059900
2023-12-15,130.89320373535156,133.94000244140625,134.99000549316406,133.02999877929688,134.6199951171875,5573700
2023-12-18,131.9681854248047,135.0399932861328,135.1699981689453,133.86000061035156,135.1699981689453,1893800
2023-12-19,132.77932739257812,135.8699951171875,136.10000610351562,135.22000122070312,135.6300048828125,1319600
2023-12-20,131.5479736328125,134.61000061035156,136.72000122070312,134.60000610351562,135.7899932861328,2199100
2023-12-21,132.78907775878906,135.8800048828125,136.39999389648438,135.0399932861328,135.38999938964844,1659600
2023-12-22,133.31678771972656,136.4199981689453,136.64999389648438,135.5399932861328,135.57000732421875,1422700
2023-12-26,133.88360595703125,137.0,137.49000549316406,136.00999450683594,136.35000610351562,3028100
2023-12-27,134.28427124023438,137.41000366210938,137.5500030517578,136.67999267578125,137.02000427246094,1390800
2023-12-28,135.0563201904297,138.1999969482422,138.5,137.3000030517578,137.86000061035156,1443200
2023-12-29,135.2419891357422,138.38999938964844,139.22000122070312,138.0,138.0,2011600
2024-01-02,134.5481414794922,137.67999267578125,139.32000732421875,137.22000122070312,137.49000549316406,2123900
2024-01-03,131.704345703125,134.77000427246094,138.0,134.75999450683594,137.77999877929688,1617600
2024-01-04,132.19297790527344,135.27000427246094,136.08999633789062,134.6199951171875,134.77000427246094,2171800
2024-01-05,131.4404754638672,134.5,136.17999267578125,134.44000244140625,135.27000427246094,1665900
2024-01-08,132.72067260742188,135.80999755859375,135.97000122070312,134.36000061035156,134.5,1685900
2024-01-09,132.80862426757812,135.89999389648438,136.1999969482422,134.27999877929688,134.64999389648438,1578700
2024-01-10,132.86727905273438,135.9600067138672,137.02000427246094,135.60000610351562,136.1699981689453,1359000
2024-01-11,133.6588592529297,136.77000427246094,136.89999389648438,134.97999572753906,135.72999572753906,1527500
2024-01-12,133.47315979003906,136.5800018310547,137.47000122070312,136.0399932861328,137.22999572753906,930800
2024-01-16,133.96180725097656,137.0800018310547,137.08999633789062,135.9199981689453,136.0,1760800
2024-01-17,132.5154571533203,135.60000610351562,136.99000549316406,135.49000549316406,136.6199951171875,1964900
2024-01-18,134.34292602539062,137.47000122070312,137.64999389648438,135.05999755859375,135.22000122070312,1375500
2024-01-19,134.499267578125,137.6300048828125,138.44000244140625,136.6199951171875,137.86000061035156,1786000
2024-01-22,135.0856170654297,138.22999572753906,138.32000732421875,137.42999267578125,137.72999572753906,1530100
2024-01-23,135.72084045410156,138.8800048828125,139.44000244140625,137.35000610351562,138.85000610351562,1702200
2024-01-24,135.57424926757812,138.72999572753906,139.9199981689453,138.39999389648438,139.5,1501100
2024-01-25,137.60694885253906,140.80999755859375,141.1199951171875,139.86000061035156,140.07000732421875,2112600
2024-01-26,138.5353240966797,141.75999450683594,142.00999450683594,140.72000122070312,141.4600067138672,1910200
2024-01-29,139.68850708007812,142.94000244140625,143.0500030517578,141.11000061035156,141.41000366210938,1820900
2024-01-30,139.26828002929688,142.50999450683594,143.08999633789062,141.0399932861328,142.50999450683594,1847600
2024-01-31,137.0889892578125,140.27999877929688,142.89999389648438,139.75,142.52000427246094,1616800
2024-02-01,139.85462951660156,143.11000061035156,143.16000366210938,140.77999877929688,140.8000030517578,1728600
2024-02-02,140.41163635253906,143.67999267578125,144.75,141.4600067138672,142.50999450683594,1956200
2024-02-05,139.5028076171875,142.75,143.07000732421875,141.4499969482422,142.64999389648438,2879300
2024-02-06,138.92623901367188,142.16000366210938,142.75999450683594,141.27999877929688,142.75999450683594,1796000
2024-02-07,139.99143981933594,143.25,143.97000122070312,141.39999389648438,142.27000427246094,1804400
2024-02-08,142.7375030517578,146.05999755859375,146.1199951171875,144.80999755859375,144.97999572753906,1336600
2024-02-09,142.5518035888672,145.8699951171875,146.4199981689453,145.1999969482422,145.77000427246094,1283000
2024-02-12,142.10227966308594,145.41000366210938,145.9199981689453,144.4600067138672,145.69000244140625,1949100
2024-02-13,141.64297485351562,144.94000244140625,145.0399932861328,143.4499969482422,143.9600067138672,1604600
2024-02-14,141.2032470703125,144.49000549316406,145.57000732421875,143.52000427246094,145.02000427246094,1451500
2024-02-15,141.10548400878906,144.38999938964844,145.22000122070312,143.77000427246094,145.1999969482422,1891300
2024-02-16,140.8025665283203,144.0800018310547,145.4499969482422,142.80999755859375,144.35000610351562,1876400
2024-02-20,141.16412353515625,144.4499969482422,144.97000122070312,143.82000732421875,144.0800018310547,1788400
2024-02-21,141.52574157714844,144.82000732421875,145.58999633789062,143.6999969482422,145.13999938964844,1484100
2024-02-22,143.55841064453125,146.89999389648438,146.9199981689453,144.89999389648438,145.4199981689453,2101100
2024-02-23,144.6627197265625,148.02999877929688,149.61000061035156,147.25,147.6999969482422,1581600
2024-02-26,144.47702026367188,147.83999633789062,149.07000732421875,147.13999938964844,148.2100067138672,1601700
2024-02-27,146.21653747558594,149.6199951171875,149.86000061035156,148.0,148.3800048828125,1618300
2024-02-28,147.02767944335938,150.4499969482422,151.0500030517578,149.27000427246094,149.47999572753906,1594100
2024-02-29,145.57156372070312,148.9600067138672,151.1199951171875,148.6999969482422,151.0500030517578,2785700
2024-03-01,146.22628784179688,149.6300048828125,150.10000610351562,148.35000610351562,148.72999572753906,1426100
2024-03-04,146.54881286621094,149.9600067138672,150.9199981689453,149.3000030517578,150.55999755859375,3258000
2024-03-05,145.77676391601562,149.1699981689453,150.6300048828125,148.1999969482422,150.16000366210938,3301000
2024-03-06,144.7506561279297,148.1199951171875,149.89999389648438,143.32000732421875,144.3000030517578,4094700
2024-03-07,142.6984405517578,146.02000427246094,150.0,145.74000549316406,149.5,2917600
2024-03-08,142.42478942871094,145.74000549316406,147.17999267578125,144.69000244140625,145.82000732421875,3079300
2024-03-11,142.5518035888672,145.8699951171875,147.00999450683594,144.30999755859375,146.16000366210938,1643300
2024-03-12,143.1577606201172,146.49000549316406,146.77999877929688,145.00999450683594,145.35000610351562,2138700
2024-03-13,143.74407958984375,147.08999633789062,147.88999938964844,145.61000061035156,146.39999389648438,1851900
2024-03-14,143.0563507080078,146.02000427246094,147.8800048828125,145.60000610351562,147.74000549316406,2618100
2024-03-15,142.1746063232422,145.1199951171875,147.1300048828125,144.38999938964844,145.05999755859375,4555400
2024-03-18,141.38104248046875,144.30999755859375,146.0800018310547,144.1300048828125,145.52000427246094,2250800
2024-03-19,143.4580078125,146.42999267578125,146.52999877929688,144.16000366210938,144.32000732421875,2437700
2024-03-20,143.99685668945312,146.97999572753906,147.3300018310547,146.2100067138672,146.2100067138672,1600000
2024-03-21,144.2025909423828,147.19000244140625,148.8000030517578,147.05999755859375,147.5399932861328,1999700
2024-03-22,142.4195098876953,145.3699951171875,146.9600067138672,145.27000427246094,146.9600067138672,2080400
2024-03-25,141.65536499023438,144.58999633789062,145.7100067138672,144.25999450683594,145.35000610351562,1832200
2024-03-26,141.63577270507812,144.57000732421875,145.13999938964844,144.02999877929688,144.4199981689453,1949000
2024-03-27,144.2025909423828,147.19000244140625,147.22999572753906,145.22000122070312,145.8000030517578,2007600
2024-03-28,143.78131103515625,146.75999450683594,148.10000610351562,146.4499969482422,147.63999938964844,1960300
2024-04-01,142.14520263671875,145.08999633789062,146.77000427246094,144.6300048828125,146.42999267578125,1533200
2024-04-02,140.76382446289062,143.67999267578125,144.38999938964844,142.5,144.38999938964844,1630600
2024-04-03,138.6476593017578,141.52000427246094,144.02000427246094,140.99000549316406,143.67999267578125,1824600
2024-04-04,136.87440490722656,139.7100067138672,143.27000427246094,139.4499969482422,142.9499969482422,1801500
2024-04-05,136.6980438232422,139.52999877929688,140.57000732421875,139.1999969482422,140.13999938964844,1529000
2024-04-08,137.4230499267578,140.27000427246094,141.19000244140625,138.6699981689453,138.85000610351562,1969400
2024-04-09,137.0801544189453,139.9199981689453,142.55999755859375,139.11000061035156,141.5,2025700
2024-04-10,135.4832305908203,138.2899932861328,139.27000427246094,137.00999450683594,138.47000122070312,1902300
2024-04-11,137.09974670410156,139.94000244140625,140.32000732421875,138.22000122070312,138.86000061035156,1707900
2024-04-12,133.22988891601562,135.99000549316406,138.8300018310547,135.5399932861328,138.22999572753906,2290300
2024-04-15,130.9373779296875,133.64999389648438,138.30999755859375,133.5399932861328,138.1300048828125,2490400
2024-04-16,131.11375427246094,133.8300018310547,134.67999267578125,133.0800018310547,133.67999267578125,1793700
2024-04-17,130.09486389160156,132.7899932861328,134.9199981689453,132.05999755859375,134.9199981689453,2151600
2024-04-18,129.1249237060547,131.8000030517578,134.17999267578125,131.60000610351562,134.02000427246094,1505700
2024-04-19,130.63369750976562,133.33999633789062,133.9199981689453,131.27999877929688,131.8000030517578,3122000
2024-04-22,131.0549774169922,133.77000427246094,134.69000244140625,133.05999755859375,134.4499969482422,2187600
2024-04-23,130.38876342773438,133.08999633789062,134.1699981689453,132.97999572753906,133.9199981689453,2590100
2024-04-24,129.91851806640625,132.61000061035156,133.38999938964844,131.9199981689453,132.17999267578125,2366800
2024-04-25,129.46783447265625,132.14999389648438,133.1699981689453,130.67999267578125,132.6199951171875,2364300
2024-04-26,130.89820861816406,133.61000061035156,134.3000030517578,131.52000427246094,131.52000427246094,1958400
2024-04-29,128.3999786376953,131.05999755859375,133.49000549316406,130.17999267578125,133.3000030517578,3541700
2024-04-30,126.92061614990234,129.5500030517578,130.97000122070312,129.11000061035156,130.7100067138672,3217800
2024-05-01,125.22571563720703,127.81999969482422,129.72999572753906,127.7699966430664,128.9199981689453,3450500
2024-05-02,125.08856201171875,127.68000030517578,129.0399932861328,127.52999877929688,128.8300018310547,2597900
2024-05-03,128.18441772460938,130.83999633789062,131.41000366210938,128.02000427246094,128.02000427246094,3732500
2024-05-06,129.79115295410156,132.47999572753906,132.52000427246094,130.9499969482422,130.9499969482422,2803000
2024-05-07,128.90940856933594,131.5800018310547,133.3699951171875,131.4199981689453,132.7899932861328,1909000
2024-05-08,130.06544494628906,132.75999450683594,132.8300018310547,131.02999877929688,131.5500030517578,1606100
2024-05-09,132.13262939453125,134.8699951171875,135.0399932861328,132.9199981689453,133.0500030517578,2188300
2024-05-10,130.7708282470703,133.47999572753906,135.77000427246094,133.30999755859375,134.8699951171875,1793800
2024-05-13,130.88841247558594,133.60000610351562,135.8699951171875,133.41000366210938,134.61000061035156,1946400
2024-05-14,130.16343688964844,132.86000061035156,134.8800048828125,132.16000366210938,134.1699981689453,3560700
2024-05-15,130.30059814453125,133.0,134.1699981689453,132.75,133.19000244140625,1958900
2024-05-16,131.61338806152344,134.33999633789062,135.47000122070312,132.55999755859375,133.55999755859375,2265600
2024-05-17,129.64419555664062,132.3300018310547,134.2899932861328,132.16000366210938,134.0,3604600
2024-05-20,128.85064697265625,131.52000427246094,132.35000610351562,130.86000061035156,131.72000122070312,2259800
2024-05-21,129.61480712890625,132.3000030517578,132.99000549316406,131.22000122070312,131.67999267578125,2278500
2024-05-22,128.8408203125,131.50999450683594,133.72999572753906,130.86000061035156,132.9199981689453,3932700
2024-05-23,129.18374633789062,131.86000061035156,132.86000061035156,130.4499969482422,132.0,3913500
2024-05-24,139.24530029296875,142.1300048828125,145.17999267578125,140.8800048828125,141.86000061035156,7641400
2024-05-28,134.84642028808594,137.63999938964844,141.64999389648438,137.52000427246094,141.27999877929688,3857400
2024-05-29,136.2767791748047,139.10000610351562,139.30999755859375,136.41000366210938,136.5,3042100
2024-05-30,137.0017547607422,139.83999633789062,143.9199981689453,139.3699951171875,140.1999969482422,3181300
2024-05-31,136.9233856201172,139.75999450683594,140.3800048828125,137.94000244140625,139.9600067138672,3204700
2024-06-03,138.35377502441406,141.22000122070312,141.38999938964844,139.3800048828125,139.47999572753906,2587200
2024-06-04,138.07945251464844,140.94000244140625,142.8800048828125,139.75,141.25999450683594,2558100
2024-06-05,141.4104461669922,144.33999633789062,144.5,140.16000366210938,141.32000732421875,4078400
2024-06-06,141.22427368164062,144.14999389648438,144.94000244140625,143.39999389648438,144.66000366210938,1705800
2024-06-07,141.35165405273438,144.27999877929688,144.85000610351562,143.82000732421875,144.52999877929688,2032900
2024-06-10,141.82191467285156,144.75999450683594,145.25,144.0399932861328,144.0399932861328,2513900
2024-06-11,142.00656127929688,144.5800018310547,144.6300048828125,142.64999389648438,143.86000061035156,2126000
2024-06-12,141.8199462890625,144.38999938964844,145.5,143.4199981689453,144.94000244140625,2162000
2024-06-13,143.0574951171875,145.64999389648438,146.25,143.88999938964844,144.52999877929688,2003600
2024-06-14,143.33253479003906,145.92999267578125,146.6300048828125,145.6199951171875,145.64999389648438,2670700
2024-06-17,147.7033233642578,150.3800048828125,150.44000244140625,145.0,145.66000366210938,2651800
2024-06-18,146.0434112548828,148.69000244140625,150.17999267578125,148.3800048828125,150.0,2510200
2024-06-20,144.7468719482422,147.3699951171875,149.3800048828125,146.9199981689453,148.3699951171875,2714900
2024-06-21,146.63272094726562,149.2899932861328,149.60000610351562,147.6199951171875,148.39999389648438,4509400
2024-06-24,146.59344482421875,149.25,149.91000366210938,148.33999633789062,149.91000366210938,1655600
2024-06-25,145.81748962402344,148.4600067138672,149.52999877929688,147.49000549316406,149.52999877929688,1788600
2024-06-26,146.09251403808594,148.74000549316406,149.27999877929688,147.8000030517578,148.16000366210938,1717500
2024-06-27,143.47987365722656,146.0800018310547,148.4199981689453,145.9600067138672,148.3699951171875,1794500
2024-06-28,142.7333984375,145.32000732421875,146.35000610351562,144.8699951171875,145.75,8586000
2024-07-01,142.65480041503906,145.24000549316406,146.27999877929688,144.41000366210938,145.77000427246094,1965800
2024-07-02,141.82974243164062,144.39999389648438,146.13999938964844,144.19000244140625,145.25,1854500
2024-07-03,141.43685913085938,144.0,144.8000030517578,143.7899932861328,144.39999389648438,1170600
2024-07-05,142.95928955078125,145.5500030517578,145.86000061035156,144.02000427246094,144.24000549316406,1601700
2024-07-08,144.07899475097656,146.69000244140625,146.97999572753906,145.67999267578125,146.2100067138672,1088900
2024-07-09,144.21649169921875,146.8300018310547,147.7899932861328,146.6699981689453,147.22000122070312,1313700
2024-07-10,145.3951416015625,148.02999877929688,148.25999450683594,146.8300018310547,146.8300018310547,1432100
2024-07-11,148.1158447265625,150.8000030517578,151.10000610351562,148.50999450683594,148.6199951171875,1779600
2024-07-12,149.02928161621094,151.72999572753906,153.05999755859375,151.1699981689453,151.25999450683594,1648700
2024-07-15,145.4442901611328,148.0800018310547,151.3800048828125,147.8699951171875,150.41000366210938,2685600
2024-07-16,146.22018432617188,148.8699951171875,149.35000610351562,147.14999389648438,147.89999389648438,2027000
2024-07-17,144.97279357910156,147.60000610351562,148.99000549316406,146.75999450683594,148.63999938964844,2058200
2024-07-18,141.927978515625,144.5,147.7899932861328,143.9499969482422,147.7899932861328,2168800
2024-07-19,140.9457550048828,143.5,145.38999938964844,142.80999755859375,145.0,3550700
2024-07-22,142.34051513671875,144.9199981689453,145.00999450683594,143.4499969482422,144.32000732421875,1957400
2024-07-23,141.2207794189453,143.77999877929688,145.25999450683594,143.24000549316406,144.9199981689453,1906400
2024-07-24,139.56088256835938,142.08999633789062,143.75,141.7899932861328,143.5800018310547,1939800
2024-07-25,138.5983428955078,141.11000061035156,143.30999755859375,141.00999450683594,142.10000610351562,1800500
2024-07-26,138.40187072753906,140.91000366210938,142.50999450683594,140.4199981689453,142.0,1853700
2024-07-29,139.38409423828125,141.91000366210938,142.41000366210938,139.64999389648438,141.42999267578125,1595600
2024-07-30,140.2091522216797,142.75,143.2899932861328,141.80999755859375,142.22000122070312,1210100
2024-07-31,140.68060302734375,143.22999572753906,144.3800048828125,142.64999389648438,143.3800048828125,1743800
2024-08-01,140.43504333496094,142.97999572753906,143.7100067138672,141.61000061035156,143.7100067138672,1862100
2024-08-02,137.74380493164062,140.24000549316406,144.25,137.66000366210938,143.58999633789062,2363500
2024-08-05,133.63819885253906,136.05999755859375,139.7100067138672,135.52000427246094,138.36000061035156,2565100
2024-08-06,134.5418243408203,136.97999572753906,138.3300018310547,135.52999877929688,135.83999633789062,1926500
2024-08-07,133.90341186523438,136.3300018310547,139.82000732421875,136.16000366210938,138.1699981689453,1421400
2024-08-08,136.74197387695312,139.22000122070312,139.39999389648438,136.63999938964844,137.39999389648438,1892500
2024-08-09,137.15451049804688,139.63999938964844,139.83999633789062,138.22999572753906,139.1300048828125,1225700
2024-08-12,138.16615295410156,140.6699981689453,141.16000366210938,139.10000610351562,140.13999938964844,1708400
2024-08-13,139.12867736816406,141.64999389648438,141.9199981689453,140.32000732421875,141.0500030517578,1218200
2024-08-14,138.82424926757812,141.33999633789062,142.2899932861328,140.1999969482422,140.94000244140625,1529700
2024-08-15,145.16925048828125,147.8000030517578,147.8699951171875,144.47999572753906,144.8000030517578,2443100
2024-08-16,144.77635192871094,147.39999389648438,147.88999938964844,146.14999389648438,147.19000244140625,3117200
2024-08-19,144.77635192871094,147.39999389648438,148.38999938964844,146.86000061035156,147.41000366210938,1363700
2024-08-20,145.07102966308594,147.6999969482422,148.25,147.16000366210938,147.6999969482422,1537600
2024-08-21,151.2097930908203,153.9499969482422,157.85000610351562,152.10000610351562,156.25999450683594,3173800
2024-08-22,149.8052520751953,152.52000427246094,154.11000061035156,152.24000549316406,153.8000030517578,3215600
2024-08-23,152.44735717773438,155.2100067138672,163.60000610351562,153.3699951171875,163.55999755859375,5124300
2024-08-26,151.46514892578125,154.2100067138672,157.39999389648438,153.6999969482422,155.5399932861328,2393700
2024-08-27,150.60079956054688,153.3300018310547,154.4199981689453,153.10000610351562,153.58999633789062,2283000
2024-08-28,147.2318878173828,149.89999389648438,153.47000122070312,149.8000030517578,153.0,2829600
2024-08-29,149.0980682373047,151.8000030517578,153.19000244140625,149.66000366210938,151.4499969482422,1976500
2024-08-30,147.92921447753906,150.61000061035156,152.2899932861328,149.33999633789062,151.83999633789062,2287800
2024-09-03,148.9801788330078,151.67999267578125,151.7899932861328,150.05999755859375,150.05999755859375,2476800
2024-09-04,149.05874633789062,151.75999450683594,151.97000122070312,150.0800018310547,151.41000366210938,3216800
2024-09-05,150.41421508789062,153.13999938964844,154.25999450683594,150.35000610351562,151.94000244140625,2766400
2024-09-06,147.8506622314453,150.52999877929688,153.3300018310547,150.1699981689453,153.3300018310547,2818200
2024-09-09,148.10601806640625,150.7899932861328,151.6199951171875,149.97000122070312,150.33999633789062,2145500
2024-09-10,148.46835327148438,150.7899932861328,151.2100067138672,149.0500030517578,150.9600067138672,2780000
2024-09-11,148.80311584472656,151.1300048828125,151.39999389648438,148.22999572753906,150.85000610351562,1873300
2024-09-12,150.32923889160156,152.67999267578125,153.0,151.0399932861328,151.3300018310547,1634000
2024-09-13,152.8596954345703,155.25,155.55999755859375,153.1999969482422,153.4600067138672,1411400
2024-09-16,150.81170654296875,153.1699981689453,156.25,153.0800018310547,156.05999755859375,1655900
2024-09-17,148.00559997558594,150.32000732421875,154.27000427246094,149.8800048828125,153.13999938964844,1756700
2024-09-18,148.4092559814453,150.72999572753906,152.82000732421875,150.3800048828125,150.91000366210938,1364900
2024-09-19,152.06216430664062,154.44000244140625,154.52000427246094,152.58999633789062,152.58999633789062,2345100
2024-09-20,151.93414306640625,154.30999755859375,154.47000122070312,153.25999450683594,154.30999755859375,3351600
2024-09-23,147.6708221435547,149.97999572753906,154.72999572753906,149.91000366210938,154.69000244140625,3155900
2024-09-24,149.9255828857422,152.27000427246094,152.30999755859375,149.7899932861328,150.13999938964844,2382900
2024-09-25,150.72311401367188,153.0800018310547,153.5,151.8300018310547,152.5800018310547,1492300
2024-09-26,150.46710205078125,152.82000732421875,154.3800048828125,151.64999389648438,154.19000244140625,1699800
2024-09-27,149.2264862060547,151.55999755859375,153.50999450683594,151.47000122070312,152.97999572753906,1727300
2024-09-30,148.19265747070312,150.50999450683594,152.52000427246094,149.5399932861328,151.8000030517578,1869200
2024-10-01,145.90838623046875,148.19000244140625,150.02000427246094,147.47999572753906,149.77000427246094,1688800
2024-10-02,145.45545959472656,147.72999572753906,148.14999389648438,146.39999389648438,147.4499969482422,1371600
2024-10-03,144.52008056640625,146.77999877929688,147.4199981689453,145.25999450683594,146.33999633789062,1697500
2024-10-04,143.3385772705078,145.5800018310547,148.82000732421875,144.35000610351562,148.24000549316406,1788300
2024-10-07,137.96263122558594,140.1199951171875,145.49000549316406,138.91000366210938,145.07000732421875,2382100
2024-10-08,139.636474609375,141.82000732421875,142.05999755859375,139.52000427246094,140.25,1945900
2024-10-09,140.1977081298828,142.38999938964844,142.5800018310547,139.82000732421875,142.0,2215200
2024-10-10,138.85862731933594,141.02999877929688,142.00999450683594,139.55999755859375,141.1300048828125,2048800
2024-10-11,141.15274047851562,143.36000061035156,143.38999938964844,141.35000610351562,141.72000122070312,2530200
2024-10-14,141.11337280273438,143.32000732421875,144.30999755859375,142.52000427246094,143.57000732421875,1937200
2024-10-15,143.9982452392578,146.25,147.2899932861328,144.25,144.25,2956300
2024-10-16,145.50469970703125,147.77999877929688,148.02000427246094,146.47999572753906,146.9600067138672,2312100
2024-10-17,146.89300537109375,149.19000244140625,149.60000610351562,147.8000030517578,148.7100067138672,1573300
2024-10-18,147.59205627441406,149.89999389648438,150.9499969482422,148.99000549316406,149.77999877929688,4003500
2024-10-21,145.02224731445312,147.2899932861328,149.64999389648438,146.36000061035156,149.13999938964844,1554100
2024-10-22,143.50596618652344,145.75,146.3800048828125,144.39999389648438,146.19000244140625,2299600
2024-10-23,143.00379943847656,145.24000549316406,146.17999267578125,144.4499969482422,144.72999572753906,1610900
2024-10-24,142.1570587158203,144.3800048828125,146.3699951171875,143.7100067138672,145.52999877929688,1573600
2024-10-25,141.99951171875,144.22000122070312,145.6199951171875,143.74000549316406,144.88999938964844,1565100
2024-10-28,140.9558563232422,143.16000366210938,144.8800048828125,142.6999969482422,144.30999755859375,2095300
2024-10-29,136.8697052001953,139.00999450683594,142.35000610351562,138.3000030517578,141.5399932861328,4081600
2024-10-30,137.44081115722656,139.58999633789062,139.94000244140625,138.27000427246094,138.32000732421875,2332000
2024-10-31,137.5688018798828,139.72000122070312,140.5500030517578,138.64999389648438,139.3000030517578,2214100
2024-11-01,137.90354919433594,140.05999755859375,141.10000610351562,139.13999938964844,139.72000122070312,2255700
2024-11-04,138.49432373046875,140.66000366210938,140.8699951171875,138.75999450683594,140.02999877929688,2407400
2024-11-05,140.12876892089844,142.32000732421875,142.4499969482422,140.42999267578125,141.19000244140625,2730900
2024-11-06,136.45619201660156,138.58999633789062,145.66000366210938,138.44000244140625,144.83999633789062,4311500
2024-11-07,139.85305786132812,142.0399932861328,142.5800018310547,138.72999572753906,139.77000427246094,3118500
2024-11-08,141.19212341308594,143.39999389648438,144.94000244140625,142.0399932861328,142.2899932861328,2846000
2024-11-11,140.16815185546875,142.36000061035156,144.44000244140625,141.00999450683594,144.0,3164300
2024-11-12,138.1497039794922,140.30999755859375,142.10000610351562,139.2899932861328,139.85000610351562,4312800
2024-11-13,138.2974090576172,140.4600067138672,141.5500030517578,139.8300018310547,140.0,2374100
2024-11-14,140.13861083984375,142.3300018310547,144.2899932861328,139.94000244140625,140.0,3187900
2024-11-15,138.5238800048828,140.69000244140625,143.1999969482422,140.2100067138672,142.33999633789062,2837800
2024-11-18,139.1244659423828,141.3000030517578,141.5399932861328,139.07000732421875,140.50999450683594,2238400
2024-11-19,137.11585998535156,139.25999450683594,141.24000549316406,137.47000122070312,140.94000244140625,2586700
2024-11-20,137.1749267578125,139.32000732421875,139.5800018310547,136.8000030517578,137.0,3698000
2024-11-21,140.7589111328125,142.9600067138672,143.22000122070312,139.27000427246094,140.8800048828125,5871200
2024-11-22,143.8406982421875,146.08999633789062,155.47000122070312,144.7899932861328,153.2899932861328,8266300
2024-11-25,150.9298553466797,153.2899932861328,154.7100067138672,148.5800018310547,148.8300018310547,5475900
2024-11-26,152.0030975341797,154.3800048828125,155.05999755859375,152.27000427246094,153.77999877929688,2742900
2024-11-27,152.50521850585938,154.88999938964844,155.9600067138672,154.0,154.0,2330200
2024-11-29,152.4855194091797,154.8699951171875,155.69000244140625,153.91000366210938,154.9600067138672,1323500
2024-12-02,153.95260620117188,156.36000061035156,156.86000061035156,154.4199981689453,155.16000366210938,3353400
2024-12-03,151.35324096679688,153.72000122070312,156.75,153.61000061035156,155.9499969482422,1968600
2024-12-04,152.10153198242188,154.47999572753906,155.6699981689453,153.08999633789062,153.72999572753906,2155100
2024-12-05,154.19874572753906,156.61000061035156,157.07000732421875,154.24000549316406,154.47999572753906,2884300
2024-12-06,154.07073974609375,156.47999572753906,158.33999633789062,156.27999877929688,157.47999572753906,3692200
2024-12-09,153.83444213867188,156.24000549316406,158.69000244140625,155.3699951171875,156.4600067138672,3555700
2024-12-10,153.73377990722656,155.77000427246094,156.85000610351562,154.07000732421875,156.0800018310547,2228700
2024-12-11,151.82899475097656,153.83999633789062,157.0399932861328,153.75999450683594,156.75999450683594,1499900
2024-12-12,151.8684844970703,153.8800048828125,154.67999267578125,153.13999938964844,153.3000030517578,2129200
2024-12-13,151.52305603027344,153.52999877929688,154.7100067138672,152.86000061035156,153.88999938964844,1698000
2024-12-16,147.9602508544922,149.9199981689453,153.97000122070312,149.63999938964844,153.97000122070312,2557000
2024-12-17,148.8780975341797,150.85000610351562,151.64999389648438,149.14999389648438,149.1699981689453,3313300
2024-12-18,146.6575164794922,148.60000610351562,152.10000610351562,148.5399932861328,150.85000610351562,2641300
2024-12-19,145.8580780029297,147.7899932861328,149.4499969482422,147.75,148.5399932861328,2352100
2024-12-20,147.20030212402344,149.14999389648438,151.2100067138672,147.8000030517578,147.82000732421875,6172700
2024-12-23,146.7364501953125,148.67999267578125,148.9199981689453,146.83999633789062,148.47999572753906,1411100
2024-12-24,148.51292419433594,150.47999572753906,150.6300048828125,148.52000427246094,149.08999633789062,658000
2024-12-26,151.8585968017578,153.8699951171875,154.02999877929688,149.67999267578125,150.08999633789062,1313600
2024-12-27,150.9605255126953,152.9600067138672,154.07000732421875,152.0500030517578,152.77000427246094,1341500
2024-12-30,149.51959228515625,151.5,152.25999450683594,149.74000549316406,152.02000427246094,1703000
2024-12-31,149.2926025390625,151.27000427246094,152.7100067138672,150.6199951171875,152.4499969482422,1692800
2025-01-02,150.605224609375,152.60000610351562,154.82000732421875,151.3800048828125,152.52999877929688,1947500
2025-01-03,152.233642578125,154.25,155.0800018310547,152.52999877929688,153.6199951171875,1638700
2025-01-06,152.9244842529297,154.9499969482422,157.25,154.11000061035156,154.11000061035156,1882300
2025-01-07,149.5788116455078,151.55999755859375,155.2100067138672,151.42999267578125,154.72000122070312,2705500
2025-01-08,152.6086883544922,154.6300048828125,154.6999969482422,150.91000366210938,151.8800048828125,2437800
2025-01-10,149.75645446777344,151.74000549316406,154.42999267578125,151.6199951171875,152.3000030517578,2809600
2025-01-13,149.1840362548828,151.16000366210938,151.44000244140625,146.6199951171875,151.25,2086700
2025-01-14,147.17068481445312,149.1199951171875,151.7899932861328,148.22999572753906,151.27000427246094,1961400
2025-01-15,147.06214904785156,149.00999450683594,151.00999450683594,147.6300048828125,150.67999267578125,2365700
2025-01-16,147.05227661132812,149.0,150.19000244140625,148.77999877929688,149.36000061035156,2254600
2025-01-17,147.20030212402344,149.14999389648438,151.44000244140625,148.91000366210938,150.8300018310547,3011200
2025-01-21,146.99305725097656,148.94000244140625,149.6199951171875,147.4600067138672,148.14999389648438,2508300
2025-01-22,147.83192443847656,149.7899932861328,149.8800048828125,146.5800018310547,148.5,2640800
2025-01-23,146.66737365722656,148.61000061035156,149.3800048828125,147.82000732421875,149.13999938964844,2419800
2025-01-24,147.32861328125,149.27999877929688,149.6300048828125,147.80999755859375,148.6199951171875,1993600
2025-01-27,144.10133361816406,146.00999450683594,150.3000030517578,145.30999755859375,148.22999572753906,3010000
2025-01-28,145.9863739013672,147.9199981689453,148.11000061035156,145.25999450683594,145.77999877929688,2752700
2025-01-29,148.18722534179688,150.14999389648438,152.05999755859375,147.72000122070312,148.5,2331500
2025-01-30,150.9210205078125,152.9199981689453,153.02999877929688,151.0,152.0,2067900
2025-01-31,148.5918731689453,150.55999755859375,154.08999633789062,150.27999877929688,152.52999877929688,1753600
2025-02-03,145.1475067138672,147.07000732421875,149.44000244140625,146.0500030517578,148.97000122070312,2587300
2025-02-04,145.02906799316406,146.9499969482422,147.6300048828125,145.89999389648438,146.3000030517578,2036500
2025-02-05,145.51266479492188,147.44000244140625,147.66000366210938,145.94000244140625,147.39999389648438,1528300
2025-02-06,143.12429809570312,145.02000427246094,148.91000366210938,144.8699951171875,148.47999572753906,2478800
2025-02-07,140.72605895996094,142.58999633789062,144.44000244140625,141.52999877929688,144.44000244140625,2877200
2025-02-10,140.2720947265625,142.1300048828125,143.88999938964844,139.83999633789062,143.88999938964844,2185200
2025-02-11,139.42332458496094,141.27000427246094,141.52000427246094,140.13999938964844,141.0,2704100
2025-02-12,137.72579956054688,139.5500030517578,140.91000366210938,138.75,140.91000366210938,1888000
2025-02-13,138.6041717529297,140.44000244140625,140.61000061035156,139.0500030517578,139.58999633789062,1674300
2025-02-14,136.9461212158203,138.75999450683594,140.92999267578125,138.74000549316406,140.7100067138672,2350600
2025-02-18,137.2718048095703,139.08999633789062,139.75999450683594,136.5800018310547,139.6699981689453,2250000
2025-02-19,137.9034423828125,139.72999572753906,140.13999938964844,137.5,138.38999938964844,2420000
2025-02-20,137.2718048095703,139.08999633789062,139.6699981689453,137.1199951171875,139.13999938964844,2442300
2025-02-21,134.82423400878906,136.61000061035156,140.3300018310547,135.9199981689453,139.44000244140625,2677000
2025-02-24,134.15310668945312,135.92999267578125,137.08999633789062,135.02999877929688,137.08999633789062,2035400
2025-02-25,134.66632080078125,136.4499969482422,137.83999633789062,135.86000061035156,136.89999389648438,2163700
2025-02-26,136.9658660888672,138.77999877929688,140.6999969482422,137.3800048828125,138.0,4394600
2025-02-27,136.21580505371094,138.02000427246094,139.77000427246094,137.8300018310547,139.00999450683594,2291100
2025-02-28,138.48574829101562,140.32000732421875,141.10000610351562,137.99000549316406,138.8300018310547,3137800
2025-03-03,135.02162170410156,136.80999755859375,141.08999633789062,136.39999389648438,140.5,3423100
2025-03-04,134.19259643554688,135.97000122070312,137.64999389648438,134.75,137.11000061035156,4108800
2025-03-05,136.82769775390625,138.63999938964844,139.22000122070312,129.25999450683594,129.39999389648438,5162600
2025-03-06,136.08750915527344,137.88999938964844,141.8000030517578,137.66000366210938,138.02000427246094,4014400
2025-03-07,134.1827392578125,135.9600067138672,138.69000244140625,133.9199981689453,138.3000030517578,4252700
2025-03-10,130.39292907714844,132.1199951171875,136.67999267578125,131.92999267578125,135.38999938964844,3694100
2025-03-11,126.96827697753906,128.64999389648438,132.3800048828125,128.55999755859375,132.14999389648438,4410400
2025-03-12,124.86611938476562,126.5199966430664,129.58999633789062,126.44000244140625,129.32000732421875,4954800
2025-03-13,121.68821716308594,123.30000305175781,126.51000213623047,123.01000213623047,126.30000305175781,3320600
2025-03-14,122.5863265991211,124.20999908447266,125.18000030517578,122.7699966430664,123.83999633789062,4042900
2025-03-17,123.89894104003906,125.54000091552734,126.08000183105469,124.19000244140625,124.93000030517578,3868400
2025-03-18,122.4880142211914,123.70999908447266,124.62000274658203,122.9000015258789,124.27999877929688,3359500
2025-03-19,124.70588684082031,125.94999694824219,126.93000030517578,124.0199966430664,124.70999908447266,5331200
2025-03-20,123.36921691894531,124.5999984741211,126.33000183105469,124.13999938964844,125.12999725341797,4366200
2025-03-21,122.31969451904297,123.54000091552734,124.86000061035156,122.36000061035156,123.11000061035156,6659800
2025-03-24,127.90398406982422,129.17999267578125,129.27999877929688,124.83000183105469,125.26000213623047,4208300
2025-03-25,126.86436462402344,128.1300048828125,129.6699981689453,127.22000122070312,128.72000122070312,3660700
2025-03-26,126.43859100341797,127.69999694824219,128.6699981689453,127.0999984741211,128.4600067138672,1901200
2025-03-27,127.81486511230469,129.08999633789062,129.75999450683594,127.36000061035156,127.70999908447266,2120200
2025-03-28,124.18112182617188,125.41999816894531,128.36000061035156,125.0199966430664,128.36000061035156,2273600
2025-03-31,126.52771759033203,127.79000091552734,128.25,124.06999969482422,124.5999984741211,3318300
2025-04-01,127.83466339111328,129.11000061035156,129.64999389648438,127.80999755859375,127.87999725341797,1904200
2025-04-02,131.06246948242188,132.3699951171875,133.08999633789062,127.68000030517578,127.69999694824219,2137400
2025-04-03,129.91392517089844,131.2100067138672,133.85000610351562,128.58999633789062,129.86000061035156,4055400
2025-04-04,129.02281188964844,130.30999755859375,136.4199981689453,129.58999633789062,131.39999389648438,5570300
2025-04-07,126.6168212890625,127.87999725341797,132.6199951171875,124.36000061035156,128.8699951171875,4744800
2025-04-08,125.64649963378906,126.9000015258789,133.5399932861328,125.2699966430664,130.9499969482422,3702000
2025-04-09,135.64674377441406,137.0,139.2899932861328,126.0,126.54000091552734,7302100
2025-04-10,137.51806640625,138.88999938964844,140.17999267578125,134.52999877929688,136.0500030517578,4736500
2025-04-11,140.1121826171875,141.50999450683594,142.47000122070312,137.66000366210938,138.82000732421875,4388900
2025-04-14,142.240966796875,143.66000366210938,144.30999755859375,141.88999938964844,142.41000366210938,2995600
2025-04-15,139.63693237304688,141.02999877929688,144.13999938964844,140.6699981689453,143.22000122070312,2570100
2025-04-16,137.3101348876953,138.67999267578125,142.25999450683594,137.72999572753906,141.75,2512500
2025-04-17,138.25076293945312,139.6300048828125,140.4600067138672,138.22000122070312,139.41000366210938,2287600
2025-04-21,134.15167236328125,135.49000549316406,139.13999938964844,133.6999969482422,139.13999938964844,3161100
2025-04-22,136.5279541015625,137.88999938964844,138.72999572753906,136.2100067138672,136.5,2523400
2025-04-23,136.8546905517578,138.22000122070312,141.6699981689453,137.7100067138672,140.61000061035156,2294500
2025-04-24,138.54776000976562,139.92999267578125,140.33999633789062,135.77000427246094,137.08999633789062,2484900
2025-04-25,138.32997131347656,139.7100067138672,142.6300048828125,138.58999633789062,140.4600067138672,2289800
2025-04-28,137.99331665039062,139.3699951171875,142.0,138.7899932861328,139.9199981689453,2515800
2025-04-29,139.38938903808594,140.77999877929688,141.17999267578125,138.75,138.7899932861328,2165900
2025-04-30,137.62698364257812,139.0,139.57000732421875,137.25,138.8699951171875,4037300
2025-05-01,137.5576629638672,138.92999267578125,139.9499969482422,138.38999938964844,138.38999938964844,2342700
2025-05-02,139.10226440429688,140.49000549316406,141.88999938964844,140.16000366210938,140.3300018310547,2133500
2025-05-05,140.0725860595703,141.47000122070312,142.24000549316406,139.61000061035156,140.0399932861328,2263900
2025-05-06,140.211181640625,141.61000061035156,142.0,140.10000610351562,140.27000427246094,1856400
2025-05-07,141.6171875,143.02999877929688,143.91000366210938,140.4600067138672,141.22000122070312,2723300
2025-05-08,141.9538116455078,143.3699951171875,145.27000427246094,143.07000732421875,144.07000732421875,2049600
2025-05-09,140.8745880126953,142.27999877929688,143.9199981689453,141.77000427246094,143.3699951171875,1727900
2025-05-12,147.78562927246094,149.25999450683594,149.30999755859375,145.9199981689453,147.25999450683594,2663100
2025-05-13,147.8549346923828,149.3300018310547,150.07000732421875,148.0800018310547,148.92999267578125,1658300
2025-05-14,149.1717987060547,150.66000366210938,151.02999877929688,148.4499969482422,148.8800048828125,2491600
2025-05-15,150.3896484375,151.88999938964844,151.97999572753906,149.66000366210938,150.2899932861328,2438300
2025-05-16,151.4094696044922,152.9199981689453,153.11000061035156,150.8800048828125,152.0399932861328,2065000
2025-05-19,152.7362518310547,154.25999450683594,154.35000610351562,151.60000610351562,152.0,1896500
2025-05-20,152.71646118164062,154.24000549316406,155.5800018310547,153.30999755859375,153.44000244140625,2166600
2025-05-21,151.17184448242188,152.67999267578125,153.91000366210938,151.1199951171875,151.50999450683594,2878400
2025-05-22,150.74609375,152.25,153.3800048828125,151.99000549316406,153.3800048828125,3996000
2025-05-23,135.9041748046875,137.25999450683594,139.89999389648438,129.1999969482422,134.60000610351562,18535000
2025-05-27,139.89434814453125,141.2899932861328,145.50999450683594,138.07000732421875,138.07000732421875,7636000
2025-05-28,138.32005310058594,139.6999969482422,142.5500030517578,139.5,140.8300018310547,3596800
2025-05-29,137.5576629638672,138.92999267578125,142.64999389648438,138.75,142.1199951171875,3913700
2025-05-30,138.7062225341797,140.08999633789062,140.7100067138672,138.22999572753906,138.92999267578125,4225900
2025-06-02,141.01319885253906,142.4199981689453,142.44000244140625,138.05999755859375,139.8699951171875,3073100
2025-06-03,142.60731506347656,144.02999877929688,144.5500030517578,141.63999938964844,141.63999938964844,3161600
2025-06-04,141.10231018066406,142.50999450683594,144.4199981689453,142.02000427246094,143.97000122070312,2260500
2025-06-05,140.83497619628906,142.24000549316406,142.61000061035156,140.72000122070312,142.27999877929688,1620700
2025-06-06,142.37957763671875,143.8000030517578,144.08999633789062,141.4199981689453,143.1999969482422,1496400
2025-06-09,140.7557830810547,142.16000366210938,143.66000366210938,141.1999969482422,143.60000610351562,2782300
2025-06-10,139.09259033203125,140.0800018310547,142.13999938964844,139.1999969482422,141.24000549316406,2159600
2025-06-11,135.42857360839844,136.38999938964844,140.14999389648438,135.27999877929688,140.14999389648438,4645100
2025-06-12,132.52915954589844,133.47000122070312,136.58999633789062,132.94000244140625,136.1999969482422,6157800
2025-06-13,130.92059326171875,131.85000610351562,134.55999755859375,131.30999755859375,132.8000030517578,2996900
2025-06-16,130.22552490234375,131.14999389648438,133.1999969482422,130.97999572753906,133.14999389648438,3537400
2025-06-17,128.1403350830078,129.0500030517578,131.0500030517578,128.39999389648438,130.25999450683594,3971400
2025-06-18,127.14737701416016,128.0500030517578,129.7899932861328,127.95999908447266,129.1300048828125,3833200
2025-06-20,126.77005767822266,127.66999816894531,129.35000610351562,127.0999984741211,128.74000549316406,7112800
2025-06-23,126.9686508178711,127.87000274658203,128.47000122070312,125.30000305175781,127.23999786376953,4898100
2025-06-24,127.4254150390625,128.3300018310547,129.16000366210938,127.0999984741211,128.3800048828125,4515800
2025-06-25,126.38280487060547,127.27999877929688,128.72000122070312,126.95999908447266,128.52000427246094,2017600
2025-06-26,125.72746276855469,126.62000274658203,127.25,124.48999786376953,127.04000091552734,4160000
2025-06-27,126.99844360351562,127.9000015258789,129.58999633789062,127.0,127.41000366210938,4422900
2025-06-30,126.68069458007812,127.58000183105469,128.66000366210938,126.79000091552734,128.22999572753906,2553500
2025-07-01,129.05384826660156,129.97000122070312,131.66000366210938,127.30999755859375,127.41000366210938,2976300
2025-07-02,130.59291076660156,131.52000427246094,135.85000610351562,130.33999633789062,135.38999938964844,3684200
2025-07-03,130.62271118164062,131.5500030517578,132.1300048828125,130.24000549316406,131.35000610351562,2343800
2025-07-07,129.8482208251953,130.77000427246094,131.75,129.3800048828125,131.11000061035156,2504600
2025-07-08,130.63262939453125,131.55999755859375,131.89999389648438,130.2899932861328,130.5,2737200
2025-07-09,130.28509521484375,131.2100067138672,132.33999633789062,130.25,131.63999938964844,2211500
2025-07-10,129.93756103515625,130.86000061035156,132.99000549316406,130.67999267578125,131.00999450683594,3142900
2025-07-11,130.24537658691406,131.1699981689453,131.83999633789062,129.5500030517578,130.39999389648438,2171500
2025-07-14,130.24537658691406,131.1699981689453,131.24000549316406,129.5500030517578,130.8800048828125,2485600
2025-07-15,126.69062042236328,127.58999633789062,131.33999633789062,127.55000305175781,131.1699981689453,2082400
2025-07-16,128.1899871826172,129.10000610351562,129.35000610351562,126.31999969482422,127.6500015258789,3697800
2025-07-17,129.56024169921875,130.47999572753906,130.8800048828125,128.82000732421875,129.3800048828125,2105400
2025-07-18,129.02406311035156,129.94000244140625,131.44000244140625,129.47999572753906,131.41000366210938,2714100
2025-07-21,133.07530212402344,134.02000427246094,134.55999755859375,130.49000549316406,130.52999877929688,2749200
2025-07-22,134.8030242919922,135.75999450683594,136.08999633789062,133.13999938964844,134.02000427246094,2077000
2025-07-23,136.2030792236328,137.1699981689453,137.25999450683594,135.75,136.44000244140625,2350100
2025-07-24,135.47824096679688,136.44000244140625,138.05999755859375,134.88999938964844,136.77999877929688,2311600
2025-07-25,137.35491943359375,138.3300018310547,138.52000427246094,136.6199951171875,137.27000427246094,1644100
2025-07-28,139.82737731933594,140.82000732421875,140.99000549316406,138.67999267578125,138.77999877929688,2687600
2025-07-29,138.57623291015625,139.55999755859375,141.38999938964844,139.10000610351562,141.38999938964844,2118800
2025-07-30,137.5038604736328,138.47999572753906,140.05999755859375,137.89999389648438,140.0,2231400
2025-07-31,135.57752990722656,136.5399932861328,138.6999969482422,136.33999633789062,137.22999572753906,2519300
2025-08-01,136.04420471191406,137.00999450683594,137.61000061035156,134.3699951171875,136.0,2220600
2025-08-04,140.96925354003906,141.97000122070312,142.5,137.5800018310547,137.5800018310547,2686100
2025-08-05,140.79052734375,141.7899932861328,142.77000427246094,140.7100067138672,141.3000030517578,2055900
2025-08-06,145.5169677734375,146.5500030517578,146.8000030517578,141.91000366210938,142.27999877929688,2955200
2025-08-07,144.1268310546875,145.14999389648438,147.50999450683594,144.41000366210938,146.5500030517578,2107100
2025-08-08,144.19635009765625,145.22000122070312,146.07000732421875,144.0800018310547,145.22000122070312,2295700
2025-08-11,145.4573974609375,146.49000549316406,147.67999267578125,144.77999877929688,146.02999877929688,2399300
2025-08-12,146.95675659179688,148.0,148.5800018310547,146.0,146.58999633789062,2346800
2025-08-13,149.22067260742188,150.27999877929688,150.58999633789062,147.57000732421875,147.94000244140625,2795700
2025-08-14,146.34112548828125,147.3800048828125,149.2899932861328,147.3000030517578,149.25,3247300
2025-08-15,145.9042205810547,146.94000244140625,148.5,146.47999572753906,147.7100067138672,3695600
2025-08-18,145.03042602539062,146.05999755859375,147.86000061035156,145.67999267578125,147.0399932861328,5075400
2025-08-19,146.83761596679688,147.8800048828125,148.8000030517578,145.36000061035156,145.94000244140625,3615600
2025-08-20,145.31838989257812,146.35000610351562,150.5800018310547,146.0800018310547,148.85000610351562,4966100
2025-08-21,144.59352111816406,145.6199951171875,146.85000610351562,144.17999267578125,146.10000610351562,5611000
2025-08-22,146.2120361328125,147.25,151.0,145.36000061035156,150.22999572753906,7736700
2025-08-25,146.41061401367188,147.4499969482422,148.11000061035156,145.4600067138672,146.97000122070312,3371600
2025-08-26,147.284423828125,148.3300018310547,149.17999267578125,146.9600067138672,147.41000366210938,2693400
2025-08-27,149.23060607910156,150.2899932861328,150.52000427246094,148.07000732421875,148.52999877929688,2360100
2025-08-28,147.99935913085938,149.0500030517578,151.8300018310547,148.07000732421875,150.8699951171875,2321200
2025-08-29,146.1226806640625,147.16000366210938,149.63999938964844,146.77000427246094,148.92999267578125,2633600
2025-09-02,150.183837890625,151.25,151.42999267578125,146.3699951171875,146.3699951171875,3132600
2025-09-03,149.66749572753906,150.72999572753906,152.0,150.24000549316406,151.0,2701300
2025-09-04,151.7328338623047,152.80999755859375,153.5399932861328,151.07000732421875,151.1699981689453,2620900
2025-09-05,149.88595581054688,150.9499969482422,153.4199981689453,150.4600067138672,152.77000427246094,2438400
2025-09-08,150.50160217285156,151.57000732421875,152.4499969482422,150.47000122070312,150.94000244140625,2393400
2025-09-09,148.38589477539062,149.0399932861328,150.64999389648438,148.3699951171875,150.3000030517578,1863500
2025-09-10,148.5850372314453,149.24000549316406,149.9199981689453,147.63999938964844,148.1999969482422,1957000
2025-09-11,150.43687438964844,151.10000610351562,151.27000427246094,149.52999877929688,149.5500030517578,2029400
2025-09-12,147.25091552734375,147.89999389648438,150.35000610351562,146.77000427246094,149.99000549316406,2131700
2025-09-15,146.40464782714844,147.0500030517578,147.89999389648438,146.41000366210938,147.89999389648438,1946200
2025-09-16,145.80726623535156,146.4499969482422,147.5399932861328,145.77000427246094,147.10000610351562,1554600
2025-09-17,146.016357421875,146.66000366210938,148.14999389648438,146.22999572753906,146.9499969482422,3285600
2025-09-18,145.4488525390625,146.08999633789062,147.3699951171875,143.38999938964844,147.0399932861328,3155100
2025-09-19,145.5384521484375,146.17999267578125,146.92999267578125,144.55999755859375,146.4199981689453,4702500
2025-09-22,144.03509521484375,144.6699981689453,146.9199981689453,143.7100067138672,146.44000244140625,3294600
2025-09-23,145.0406494140625,145.67999267578125,145.8000030517578,144.0,144.75999450683594,2704300
2025-09-24,148.77418518066406,149.42999267578125,150.47000122070312,146.0,146.0,2689200
2025-09-25,148.8040771484375,149.4600067138672,150.6300048828125,147.77000427246094,150.07000732421875,2758400
2025-09-26,150.8550262451172,151.52000427246094,151.92999267578125,149.13999938964844,150.1999969482422,2265100
2025-09-29,151.1935272216797,151.86000061035156,152.86000061035156,150.41000366210938,152.49000549316406,2346400
2025-09-30,151.72120666503906,152.38999938964844,152.89999389648438,151.05999755859375,151.13999938964844,2025100
2025-10-01,152.52764892578125,153.1999969482422,153.97000122070312,150.8000030517578,151.89999389648438,2193400
2025-10-02,155.48460388183594,156.1699981689453,157.02999877929688,152.61000061035156,153.05999755859375,2576400
2025-10-03,151.97010803222656,152.63999938964844,156.55999755859375,151.99000549316406,156.00999450683594,2372700
2025-10-06,151.59176635742188,152.25999450683594,153.4600067138672,151.1999969482422,152.24000549316406,2669700
2025-10-07,149.68020629882812,150.33999633789062,152.97999572753906,149.6699981689453,152.97999572753906,1591600
2025-10-08,151.3528289794922,152.02000427246094,152.10000610351562,150.41000366210938,150.97000122070312,1992700
2025-10-09,149.32177734375,149.97999572753906,152.52999877929688,149.0800018310547,151.24000549316406,1466900
2025-10-10,147.06175231933594,147.7100067138672,151.63999938964844,147.49000549316406,150.6699981689453,2365500
2025-10-13,154.09075927734375,154.77000427246094,155.41000366210938,148.5800018310547,148.97000122070312,3214600
2025-10-14,154.57861328125,155.25999450683594,156.55999755859375,154.1699981689453,154.66000366210938,2077600
2025-10-15,156.30101013183594,156.99000549316406,157.91000366210938,155.5,155.57000732421875,1851300
2025-10-16,154.52883911132812,155.2100067138672,157.47999572753906,154.69000244140625,157.3000030517578,1793900
2025-10-17,155.62400817871094,156.30999755859375,157.35000610351562,155.16000366210938,156.1199951171875,2896100
2025-10-20,156.75900268554688,157.4499969482422,157.7899932861328,156.35000610351562,157.32000732421875,1691400
2025-10-21,155.72357177734375,156.41000366210938,157.60000610351562,156.3699951171875,156.6300048828125,1457000
2025-10-22,155.36514282226562,156.0500030517578,158.02999877929688,155.88999938964844,156.91000366210938,1311900
2025-10-23,155.9724578857422,156.66000366210938,156.88999938964844,154.8699951171875,155.19000244140625,1337600
2025-10-24,156.06207275390625,156.75,157.8300018310547,156.41000366210938,156.97999572753906,1598100
2025-10-27,160.0246124267578,160.72999572753906,161.9499969482422,159.22999572753906,159.47000122070312,3812300
2025-10-28,159.99473571777344,160.6999969482422,161.30999755859375,158.64999389648438,160.1199951171875,1534100
2025-10-29,157.6450958251953,158.33999633789062,160.82000732421875,157.9199981689453,158.9199981689453,1507500
2025-10-30,157.37628173828125,158.07000732421875,159.4199981689453,157.55999755859375,158.9199981689453,1619900
2025-10-31,158.22254943847656,158.9199981689453,159.6300048828125,157.38999938964844,157.97999572753906,1755800
2025-11-03,160.49253845214844,161.1999969482422,161.44000244140625,157.64999389648438,159.66000366210938,2414000
2025-11-04,161.5180206298828,162.22999572753906,162.74000549316406,159.6300048828125,160.19000244140625,2083100
2025-11-05,161.5180206298828,162.22999572753906,165.07000732421875,161.32000732421875,162.22999572753906,2650700
2025-11-06,159.52679443359375,160.22999572753906,163.02000427246094,158.85000610351562,162.22999572753906,1572700
2025-11-07,160.37307739257812,161.0800018310547,162.02000427246094,159.97999572753906,160.77000427246094,2142100
2025-11-10,161.20938110351562,161.9199981689453,162.61000061035156,160.36000061035156,161.8000030517578,2852800
2025-11-11,162.0158233642578,162.72999572753906,163.39999389648438,161.38999938964844,162.6699981689453,1718100
2025-11-12,162.1352996826172,162.85000610351562,163.44000244140625,161.14999389648438,163.02999877929688,2535500
2025-11-13,161.11978149414062,161.8300018310547,163.3300018310547,161.3699951171875,162.52999877929688,2285300
2025-11-14,159.87527465820312,160.5800018310547,162.22999572753906,159.89999389648438,161.10000610351562,2918600
2025-11-17,158.7104034423828,159.41000366210938,161.22000122070312,157.72999572753906,160.5800018310547,2767700
2025-11-18,159.1982421875,159.89999389648438,161.2899932861328,158.49000549316406,159.0,2285700
2025-11-19,159.74583435058594,160.4499969482422,161.86000061035156,158.8699951171875,160.5,2454400
2025-11-20,159.79562377929688,160.5,164.22999572753906,160.33999633789062,161.08999633789062,4895600
2025-11-21,173.23635864257812,174.0,174.86000061035156,163.50999450683594,166.72999572753906,7821200
2025-11-24,173.3657989501953,174.1300048828125,176.0,172.9199981689453,173.3699951171875,5598700
2025-11-25,175.72540283203125,176.5,177.3300018310547,173.5,174.2899932861328,4531100
2025-11-26,176.91018676757812,177.69000244140625,178.08999633789062,175.47000122070312,176.22999572753906,2193800
2025-11-28,175.58599853515625,176.36000061035156,178.19000244140625,176.17999267578125,177.30999755859375,984100
2025-12-01,176.72100830078125,177.5,178.8000030517578,174.8800048828125,175.49000549316406,2439600
2025-12-02,176.7906951904297,177.57000732421875,178.52999877929688,176.0800018310547,177.72000122070312,4002200
2025-12-03,177.21881103515625,178.0,178.63999938964844,177.1199951171875,178.3699951171875,3434600
2025-12-04,176.31280517578125,177.08999633789062,179.0500030517578,176.00999450683594,178.6699981689453,3431500
2025-12-05,177.08938598632812,177.8699951171875,177.94000244140625,176.02999877929688,177.47999572753906,2904200
2025-12-08,177.40797424316406,178.19000244140625,179.4199981689453,177.5500030517578,178.33999633789062,2553900
2025-12-09,176.6446075439453,177.02000427246094,177.69000244140625,175.63999938964844,177.30999755859375,2024900
2025-12-10,181.43443298339844,181.82000732421875,182.52000427246094,178.1199951171875,178.13999938964844,3730100
2025-12-11,182.7416534423828,183.1300048828125,183.89999389648438,181.47000122070312,182.1300048828125,3090700
2025-12-12,181.70384216308594,182.08999633789062,185.0,181.2899932861328,184.13999938964844,2549400
2025-12-15,183.8892059326172,184.27999877929688,184.75,181.77000427246094,183.16000366210938,3118300
2025-12-16,182.01318359375,182.39999389648438,185.85000610351562,182.0399932861328,184.80999755859375,2645100
2025-12-17,182.35247802734375,182.74000549316406,183.3000030517578,181.58999633789062,182.5399932861328,2327600
2025-12-18,182.18283081054688,182.57000732421875,184.5,181.75999450683594,183.5,2163900
2025-12-19,182.02317810058594,182.41000366210938,183.1699981689453,181.32000732421875,182.89999389648438,6157600
2025-12-22,180.2968292236328,180.67999267578125,183.75,179.8699951171875,183.50999450683594,3069900
2025-12-23,180.22698974609375,180.61000061035156,181.13999938964844,178.8800048828125,180.7899932861328,1563500
2025-12-24,181.29470825195312,181.67999267578125,182.4199981689453,180.11000061035156,181.0800018310547,621200
2025-12-26,180.755859375,181.13999938964844,181.77999877929688,180.16000366210938,180.4600067138672,918100
2025-12-29,180.3367462158203,180.72000122070312,181.86000061035156,179.92999267578125,180.2100067138672,1840800
2025-12-30,181.06520080566406,181.4499969482422,181.6999969482422,180.22999572753906,180.72000122070312,1267100
2025-12-31,179.7579803466797,180.13999938964844,181.82000732421875,180.0500030517578,181.25,1350000
2026-01-02,182.35247802734375,182.74000549316406,182.77000427246094,179.02000427246094,180.58999633789062,2566400
2026-01-05,186.2841033935547,186.67999267578125,186.77999877929688,182.89999389648438,182.89999389648438,2343100
2026-01-06,187.13230895996094,187.52999877929688,189.5800018310547,185.3699951171875,185.8800048828125,2843700
2026-01-07,186.5934600830078,186.99000549316406,187.64999389648438,185.74000549316406,187.41000366210938,2047800
2026-01-08,188.86862182617188,189.27000427246094,191.22000122070312,186.4199981689453,186.99000549316406,2385600
2026-01-09,191.03402709960938,191.44000244140625,192.25999450683594,188.9199981689453,189.27000427246094,2659400
2026-01-12,191.85227966308594,192.25999450683594,192.49000549316406,188.94000244140625,191.0,2071000
2026-01-13,192.82022094726562,193.22999572753906,193.49000549316406,192.10000610351562,192.22999572753906,1768100
2026-01-14,191.42318725585938,191.8300018310547,193.7899932861328,190.27000427246094,192.49000549316406,2262000
2026-01-15,193.3790283203125,193.7899932861328,194.52000427246094,191.27999877929688,192.57000732421875,1667300
2026-01-16,191.9520721435547,192.36000061035156,194.9199981689453,191.77999877929688,194.1999969482422,3269700
2026-01-20,189.28773498535156,189.69000244140625,192.19000244140625,188.91000366210938,190.5399932861328,2304100
2026-01-21,191.9121551513672,192.32000732421875,192.61000061035156,189.8699951171875,190.94000244140625,1964000
2026-01-22,186.6134033203125,187.00999450683594,193.9600067138672,186.4600067138672,192.92999267578125,3219800
2026-01-23,188.150146484375,188.5500030517578,188.85000610351562,186.1199951171875,186.9199981689453,1976900
2026-01-26,187.17222595214844,187.57000732421875,189.39999389648438,186.72000122070312,187.61000061035156,2828700
2026-01-27,185.60556030273438,186.0,188.49000549316406,184.74000549316406,187.66000366210938,3270000
2026-01-28,185.6454620361328,186.0399932861328,186.88999938964844,184.6999969482422,185.97000122070312,1753600
2026-01-29,186.1044921875,186.5,187.11000061035156,184.69000244140625,185.27999877929688,2759800
2026-01-30,188.2499237060547,188.64999389648438,188.7100067138672,185.66000366210938,185.66000366210938,2062600
2026-02-02,189.7068328857422,190.11000061035156,191.25999450683594,187.8000030517578,188.64999389648438,3444500
2026-02-03,190.71469116210938,191.1199951171875,193.5800018310547,188.77000427246094,189.19000244140625,2291400
2026-02-04,188.86862182617188,189.27000427246094,193.88999938964844,188.0500030517578,191.8300018310547,2764000
2026-02-05,188.82870483398438,189.22999572753906,191.10000610351562,187.99000549316406,189.3699951171875,2626300
2026-02-06,190.33551025390625,190.74000549316406,191.85000610351562,189.72000122070312,190.61000061035156,3185300
2026-02-09,194.0875244140625,194.5,194.75999450683594,190.00999450683594,190.66000366210938,1902200
2026-02-10,191.92213439941406,192.3300018310547,194.82000732421875,191.94000244140625,193.86000061035156,2601600
2026-02-11,192.13168334960938,192.5399932861328,193.64999389648438,191.22000122070312,193.64999389648438,2115700
2026-02-12,194.43679809570312,194.85000610351562,197.17999267578125,193.66000366210938,194.5399932861328,1942700
2026-02-13,196.12319946289062,196.5399932861328,197.24000549316406,193.32000732421875,194.52999877929688,1445700
2026-02-17,197.7896728515625,198.2100067138672,198.97999572753906,195.19000244140625,198.1300048828125,2528900
2026-02-18,199.95506286621094,200.3800048828125,200.60000610351562,197.16000366210938,197.69000244140625,2205100
2026-02-19,199.95506286621094,200.3800048828125,200.57000732421875,198.3800048828125,199.42999267578125,1574600
2026-02-20,201.0227813720703,201.4499969482422,203.30999755859375,198.88999938964844,199.39999389648438,1987900
2026-02-23,201.46185302734375,201.88999938964844,202.77999877929688,198.27000427246094,202.0500030517578,1795400
2026-02-24,200.12469482421875,200.5500030517578,202.30999755859375,199.07000732421875,202.10000610351562,1883500
2026-02-25,201.1026153564453,201.52999877929688,204.85000610351562,199.92999267578125,199.92999267578125,2203800
2026-02-26,203.0684356689453,203.5,204.72000122070312,202.14999389648438,202.91000366210938,2641300
2026-02-27,205.2039031982422,205.63999938964844,206.39999389648438,201.27999877929688,202.64999389648438,4422700
2026-03-02,201.87098693847656,202.3000030517578,204.25,200.52999877929688,203.08999633789062,3048600
2026-03-03,197.2208709716797,197.63999938964844,199.3300018310547,194.07000732421875,198.75,4988600
2026-03-04,213.06719970703125,213.52000427246094,216.8000030517578,206.5399932861328,214.75,7735700
2026-03-05,214.37442016601562,214.8300018310547,214.8800048828125,211.2100067138672,211.49000549316406,3595600
2026-03-06,211.3009490966797,211.75,213.63999938964844,209.72999572753906,213.00999450683594,2410500
2026-03-09,211.70008850097656,212.14999389648438,212.27999877929688,204.25,209.97999572753906,3408600
2026-03-10,212.4784393310547,212.92999267578125,216.58999633789062,209.3699951171875,211.0500030517578,2562000
2026-03-11,212.41856384277344,212.8699951171875,214.11000061035156,211.5500030517578,212.6999969482422,2131500
2026-03-12,209.39498901367188,209.83999633789062,213.1699981689453,209.39999389648438,210.42999267578125,2283700
2026-03-13,206.27999877929688,206.27999877929688,210.75,206.00999450683594,209.60000610351562,2583200
2026-03-16,207.9600067138672,207.9600067138672,210.30999755859375,206.82000732421875,206.82000732421875,2073000
2026-03-17,209.19000244140625,209.19000244140625,210.3800048828125,208.52000427246094,209.33999633789062,2120000
2026-03-18,207.22000122070312,207.22000122070312,210.9499969482422,207.02000427246094,208.1999969482422,2491900
2026-03-19,210.66000366210938,210.66000366210938,211.4600067138672,206.6300048828125,207.11000061035156,2143000
2026-03-20,211.19000244140625,211.19000244140625,211.36000061035156,208.0800018310547,209.5399932861328,4013500
2026-03-23,213.08999633789062,213.08999633789062,215.4499969482422,212.9600067138672,213.4199981689453,2067300
2026-03-24,215.8000030517578,215.8000030517578,216.10000610351562,210.52999877929688,211.89999389648438,2711800
2026-03-25,216.02999877929688,216.02999877929688,216.5,212.13999938964844,215.6199951171875,3764800
2026-03-26,214.3000030517578,214.3000030517578,217.50999450683594,214.16000366210938,216.3300018310547,2927300
2026-03-27,211.69000244140625,211.69000244140625,213.99000549316406,210.8300018310547,213.5800018310547,2571900
2026-03-30,208.7899932861328,208.7899932861328,212.61000061035156,207.47999572753906,211.69000244140625,3009600
2026-03-31,216.6300048828125,216.6300048828125,217.49000549316406,211.00999450683594,211.5,2893200
2026-04-01,219.9499969482422,219.9499969482422,222.02999877929688,216.47000122070312,217.74000549316406,2612400
2026-04-02,219.97999572753906,219.97999572753906,221.16000366210938,217.25999450683594,218.16000366210938,2193100
2026-04-06,221.2100067138672,221.2100067138672,221.3699951171875,218.8300018310547,219.19000244140625,1982000
2026-04-07,216.33999633789062,216.33999633789062,220.61000061035156,215.1300048828125,219.99000549316406,2692800
2026-04-08,224.47000122070312,224.47000122070312,224.60000610351562,219.1999969482422,219.1999969482422,3039000
2026-04-09,224.91000366210938,224.91000366210938,226.63999938964844,223.6300048828125,223.6999969482422,1641200
2026-04-10,221.16000366210938,221.16000366210938,224.83999633789062,219.69000244140625,224.39999389648438,2978000
2026-04-13,220.9499969482422,220.9499969482422,221.9600067138672,219.60000610351562,221.57000732421875,1843500
2026-04-14,223.2899932861328,223.2899932861328,223.60000610351562,219.0800018310547,220.35000610351562,1790900
2026-04-15,224.14999389648438,224.14999389648438,225.2100067138672,221.88999938964844,222.9499969482422,1701600
2026-04-16,221.97000122070312,221.97000122070312,224.91000366210938,220.3300018310547,223.35000610351562,1514000
2026-04-17,227.82000732421875,227.82000732421875,228.7100067138672,223.0,224.1199951171875,2909700
2026-04-20,228.25,228.25,230.44000244140625,227.5,228.0,1809400
2026-04-21,225.58999633789062,225.58999633789062,229.67999267578125,224.61000061035156,228.5500030517578,1997000
2026-04-22,226.33999633789062,226.33999633789062,228.61000061035156,224.67999267578125,227.14999389648438,1986700
2026-04-23,226.9199981689453,226.9199981689453,229.07000732421875,225.4600067138672,228.25999450683594,1615100
2026-04-24,226.3699951171875,226.3699951171875,227.0399932861328,224.22000122070312,226.02999877929688,1042000
2026-04-27,226.1699981689453,226.1699981689453,227.36000061035156,224.92999267578125,226.3300018310547,1321800
2026-04-28,225.52000427246094,225.52000427246094,227.94000244140625,223.82000732421875,227.67999267578125,1277700
2026-04-29,225.0800018310547,225.0800018310547,227.0800018310547,224.74000549316406,225.05999755859375,2021600
2026-04-30,227.7899932861328,227.7899932861328,229.0800018310547,225.38999938964844,226.8000030517578,2354600
2026-05-01,228.83999633789062,228.83999633789062,229.8699951171875,225.61000061035156,225.61000061035156,1619400
2026-05-04,226.02000427246094,226.02000427246094,228.72999572753906,224.00999450683594,228.14999389648438,2341600
2026-05-05,227.4199981689453,227.4199981689453,229.00999450683594,226.3800048828125,227.3300018310547,1677200
2026-05-06,228.91000366210938,228.91000366210938,229.58999633789062,226.49000549316406,228.08999633789062,2450600
2026-05-07,224.47999572753906,224.47999572753906,231.16000366210938,222.5800018310547,229.67999267578125,2747000
2026-05-08,225.80999755859375,225.80999755859375,227.02999877929688,224.05999755859375,225.66000366210938,3666300
2026-05-11,214.5500030517578,214.5500030517578,226.41000366210938,211.02000427246094,225.30999755859375,5500900
2026-05-12,217.6699981689453,217.6699981689453,217.99000549316406,211.3000030517578,214.8000030517578,3257400
2026-05-13,211.75999450683594,211.75999450683594,217.0,209.1300048828125,217.0,3714400
2026-05-14,213.27000427246094,213.27000427246094,215.17999267578125,212.64999389648438,213.11000061035156,1988300
2026-05-15,212.75,212.75,214.77999877929688,211.3300018310547,213.25999450683594,2340900
2026-05-18,211.0800018310547,211.0800018310547,216.0399932861328,209.41000366210938,214.08999633789062,3672300
2026-05-19,212.67999267578125,212.67999267578125,214.0500030517578,208.1999969482422,211.0,2654800
2026-05-20,217.7899932861328,217.7899932861328,220.77999877929688,213.58999633789062,214.5,3684500
2026-05-21,217.19000244140625,217.19000244140625,218.9499969482422,215.00999450683594,216.3699951171875,3791500
2026-05-22,234.80999755859375,234.80999755859375,235.8000030517578,228.0,228.9600067138672,4588700
2026-05-26,234.67999267578125,234.67999267578125,236.2899932861328,231.08999633789062,236.2899932861328,3241900
2026-05-27,233.47000122070312,233.47000122070312,237.41000366210938,231.77999877929688,236.0,2914200
2026-05-28,227.1999969482422,227.1999969482422,233.05999755859375,225.0500030517578,232.13999938964844,3441100
2026-05-29,231.72999572753906,231.72999572753906,233.82000732421875,226.63999938964844,226.64999389648438,11295700
2026-06-01,224.07000732421875,224.07000732421875,229.55999755859375,223.30999755859375,227.99000549316406,2875700
2026-06-02,223.82000732421875,223.82000732421875,224.7100067138672,222.0,222.97000122070312,2540300
2026-06-03,232.6199951171875,232.6199951171875,233.0399932861328,223.50999450683594,224.47000122070312,2995200
2026-06-04,233.05999755859375,233.05999755859375,235.47999572753906,231.3300018310547,233.16000366210938,2923800
2026-06-05,230.3699951171875,230.3699951171875,235.25,227.82000732421875,232.89999389648438,4163300
