Date,Adj Close,Close,High,Low,Open,Volume
2018-01-02,156.3605499267578,168.1199951171875,170.3000030517578,167.99000549316406,169.74000549316406,941800
2018-01-03,158.87171936035156,170.82000732421875,171.19000244140625,167.9499969482422,168.25999450683594,808400
2018-01-04,161.25265502929688,173.3800048828125,174.00999450683594,171.2899932861328,171.3000030517578,727400
2018-01-05,163.410400390625,175.6999969482422,175.7899932861328,173.5800018310547,173.5800018310547,688300
2018-01-08,164.786865234375,177.17999267578125,177.44000244140625,175.1300048828125,175.52000427246094,948300
2018-01-09,164.84266662597656,177.24000549316406,178.5,176.52999877929688,177.3300018310547,906200
2018-01-10,163.32669067382812,175.61000061035156,178.0399932861328,175.00999450683594,177.3699951171875,935700
2018-01-11,164.06143188476562,176.39999389648438,176.49000549316406,174.47999572753906,175.9499969482422,714100
2018-01-12,165.21469116210938,177.63999938964844,177.94000244140625,175.9600067138672,176.97000122070312,711200
2018-01-16,163.53131103515625,175.8300018310547,178.6199951171875,175.0800018310547,178.11000061035156,840800
2018-01-17,164.42413330078125,176.7899932861328,177.30999755859375,174.9499969482422,176.77999877929688,1044300
2018-01-18,166.144775390625,178.63999938964844,179.6699981689453,176.4499969482422,176.4499969482422,1109500
2018-01-19,168.46983337402344,181.13999938964844,182.24000549316406,178.22999572753906,179.89999389648438,1088300
2018-01-22,169.40924072265625,182.14999389648438,182.1699981689453,179.77999877929688,181.27999877929688,873400
2018-01-23,170.13461303710938,182.92999267578125,183.6699981689453,181.1699981689453,182.22999572753906,776100
2018-01-24,170.30206298828125,183.11000061035156,184.5,181.94000244140625,183.16000366210938,791200
2018-01-25,169.1674041748047,181.88999938964844,184.77000427246094,181.60000610351562,183.6300048828125,748600
2018-01-26,170.94383239746094,183.8000030517578,184.2100067138672,181.60000610351562,182.80999755859375,1091200
2018-01-29,168.37684631347656,181.0399932861328,185.33999633789062,180.92999267578125,183.8000030517578,1065600
2018-01-30,167.72581481933594,180.33999633789062,182.58999633789062,180.0,180.7899932861328,1219600
2018-01-31,168.4326934814453,181.10000610351562,182.4499969482422,180.7100067138672,180.8300018310547,1243700
2018-02-01,169.2697296142578,182.0,182.97999572753906,179.4199981689453,180.39999389648438,1102100
2018-02-02,164.92637634277344,177.3300018310547,181.86000061035156,177.30999755859375,181.5500030517578,1118800
2018-02-05,154.7237091064453,166.36000061035156,178.4199981689453,164.99000549316406,177.0399932861328,2508200
2018-02-06,167.37245178222656,179.9600067138672,181.0,165.94000244140625,165.9499969482422,5582500
2018-02-07,169.9114227294922,182.69000244140625,185.3800048828125,175.02000427246094,179.7899932861328,2405800
2018-02-08,161.18759155273438,173.30999755859375,185.1699981689453,173.14999389648438,182.8000030517578,2651000
2018-02-09,165.08450317382812,177.5,178.86000061035156,170.0500030517578,175.0,2387000
2018-02-12,167.74441528320312,180.36000061035156,183.3800048828125,178.13999938964844,180.0,1723900
2018-02-13,169.2139434814453,181.94000244140625,182.4199981689453,179.39999389648438,179.39999389648438,1498600
2018-02-14,173.01783752441406,186.02999877929688,186.38999938964844,179.97999572753906,181.1999969482422,1567500
2018-02-15,175.7056884765625,188.9199981689453,189.24000549316406,184.7100067138672,187.3000030517578,1529700
2018-02-16,176.04052734375,189.27999877929688,190.99000549316406,188.02000427246094,188.8000030517578,1302200
2018-02-20,174.75698852539062,187.89999389648438,190.47999572753906,187.16000366210938,188.42999267578125,937500
2018-02-21,174.4594268798828,187.5800018310547,191.22000122070312,187.52999877929688,187.60000610351562,1196800
2018-02-22,174.71054077148438,187.85000610351562,189.33999633789062,187.07000732421875,188.2100067138672,1028700
2018-02-23,178.73910522460938,191.6699981689453,191.91000366210938,187.85000610351562,188.24000549316406,1114900
2018-02-26,180.2591094970703,193.3000030517578,193.33999633789062,191.4499969482422,192.4600067138672,1299900
2018-02-27,180.10989379882812,193.13999938964844,195.47000122070312,192.69000244140625,193.2899932861328,1278500
2018-02-28,178.86033630371094,191.8000030517578,195.92999267578125,191.72000122070312,194.0,1257900
2018-03-01,176.73416137695312,189.52000427246094,192.99000549316406,187.64999389648438,191.13999938964844,1735400
2018-03-02,176.26788330078125,189.02000427246094,189.57000732421875,185.5800018310547,187.86000061035156,1122000
2018-03-05,177.5267791748047,190.3699951171875,191.0,186.0399932861328,187.39999389648438,862800
2018-03-06,178.10498046875,190.99000549316406,191.39999389648438,188.2899932861328,190.6999969482422,868300
2018-03-07,176.90200805664062,189.6999969482422,190.11000061035156,187.07000732421875,189.0,2043600
2018-03-08,179.5130615234375,192.5,192.69000244140625,189.55999755859375,190.0,2717600
2018-03-09,181.8071746826172,194.9600067138672,196.13999938964844,193.02999877929688,193.92999267578125,3575000
2018-03-12,182.73968505859375,195.9600067138672,196.72000122070312,193.8800048828125,194.13999938964844,1409300
2018-03-13,182.6743621826172,195.88999938964844,197.75999450683594,195.3300018310547,197.25,1532200
2018-03-14,179.4011688232422,192.3800048828125,197.44000244140625,191.9499969482422,196.47000122070312,956400
2018-03-15,179.70896911621094,192.7100067138672,194.17999267578125,191.41000366210938,192.69000244140625,710700
2018-03-16,179.52243041992188,192.50999450683594,194.97000122070312,191.94000244140625,193.05999755859375,1836600
2018-03-19,177.6013946533203,190.4499969482422,193.6199951171875,189.64999389648438,192.3300018310547,1160400
2018-03-20,182.4505615234375,195.64999389648438,196.38999938964844,190.67999267578125,191.7899932861328,1289500
2018-03-21,180.7346954345703,193.80999755859375,196.72000122070312,193.75999450683594,196.1300048828125,1471800
2018-03-22,176.32382202148438,189.0800018310547,193.22999572753906,188.94000244140625,192.0399932861328,1293200
2018-03-23,173.9085235595703,186.49000549316406,189.9600067138672,186.24000549316406,189.9600067138672,1248000
2018-03-26,178.37538146972656,191.27999877929688,192.75,188.13999938964844,189.85000610351562,1870200
2018-03-27,175.19546508789062,187.8699951171875,193.1999969482422,186.60000610351562,192.3800048828125,2128500
2018-03-28,174.64523315429688,187.27999877929688,189.83999633789062,184.80999755859375,188.3800048828125,1163000
2018-03-29,178.17027282714844,191.05999755859375,191.82000732421875,187.32000732421875,188.3699951171875,1473900
2018-04-02,174.03912353515625,186.6300048828125,190.7100067138672,183.75,190.1999969482422,1405300
2018-04-03,176.4357147216797,189.1999969482422,189.35000610351562,185.99000549316406,187.08999633789062,1294300
2018-04-04,176.67816162109375,189.4600067138672,190.19000244140625,185.8000030517578,186.36000061035156,1327400
2018-04-05,176.9392852783203,189.74000549316406,191.5,189.2100067138672,190.85000610351562,1045200
2018-04-06,174.68258666992188,187.32000732421875,189.69000244140625,185.52999877929688,187.4199981689453,976400
2018-04-09,175.10218811035156,187.77000427246094,191.25999450683594,187.6199951171875,188.38999938964844,2833100
2018-04-10,178.58984375,191.50999450683594,192.74000549316406,188.77999877929688,192.07000732421875,884900
2018-04-11,176.66888427734375,189.4499969482422,190.97000122070312,188.5800018310547,190.05999755859375,744600
2018-04-12,179.20535278320312,192.1699981689453,193.2899932861328,190.3800048828125,191.1199951171875,926100
2018-04-13,177.89044189453125,190.75999450683594,193.38999938964844,189.6699981689453,192.1699981689453,882200
2018-04-16,178.72982788085938,191.66000366210938,193.0399932861328,190.8000030517578,192.5,909500
2018-04-17,180.86529541015625,193.9499969482422,194.85000610351562,192.9199981689453,193.4199981689453,847400
2018-04-18,181.5366973876953,194.6699981689453,195.55999755859375,193.30999755859375,194.2100067138672,706900
2018-04-19,180.85589599609375,193.94000244140625,195.17999267578125,193.00999450683594,194.5800018310547,699600
2018-04-20,179.94207763671875,192.9600067138672,194.8699951171875,191.91000366210938,194.11000061035156,1208800
2018-04-23,179.0934600830078,192.0500030517578,193.97000122070312,191.27000427246094,193.11000061035156,1496400
2018-04-24,176.31446838378906,189.07000732421875,193.6699981689453,187.8000030517578,193.02000427246094,1612400
2018-04-25,176.79006958007812,189.5800018310547,190.6699981689453,186.36000061035156,188.1199951171875,1543600
2018-04-26,177.41488647460938,190.25,192.27999877929688,184.5500030517578,186.05999755859375,2186100
2018-04-27,174.4493865966797,187.07000732421875,190.7100067138672,186.89999389648438,190.50999450683594,1436600
2018-04-30,175.8761749267578,188.60000610351562,190.8300018310547,188.17999267578125,188.64999389648438,1562000
2018-05-01,177.209716796875,190.02999877929688,190.24000549316406,188.22000122070312,189.0,940500
2018-05-02,175.2980499267578,187.97999572753906,190.72000122070312,187.85000610351562,189.3000030517578,1228200
2018-05-03,176.8367156982422,189.6300048828125,189.85000610351562,185.11000061035156,187.66000366210938,1670100
2018-05-04,179.20535278320312,192.1699981689453,192.89999389648438,187.69000244140625,188.6199951171875,780000
2018-05-07,180.333740234375,193.3800048828125,194.07000732421875,192.41000366210938,192.7899932861328,641900
2018-05-08,181.68588256835938,194.8300018310547,194.8800048828125,192.3699951171875,193.92999267578125,1571700
2018-05-09,184.09185791015625,197.41000366210938,198.19000244140625,193.5399932861328,194.88999938964844,1021200
2018-05-10,187.0946044921875,200.6300048828125,201.1999969482422,197.75999450683594,198.17999267578125,1153400
2018-05-11,186.49781799316406,199.99000549316406,201.44000244140625,199.41000366210938,200.27999877929688,928800
2018-05-14,185.6398468017578,199.07000732421875,201.19000244140625,197.6699981689453,200.75,934300
2018-05-15,185.00576782226562,198.38999938964844,198.63999938964844,196.64999389648438,198.44000244140625,1069200
2018-05-16,184.80990600585938,198.17999267578125,199.16000366210938,196.7899932861328,197.47000122070312,1070300
2018-05-17,184.32496643066406,197.66000366210938,198.82000732421875,196.72000122070312,198.4499969482422,850000
2018-05-18,184.5674285888672,197.9199981689453,198.86000061035156,197.02000427246094,197.6699981689453,1627900
2018-05-21,187.08526611328125,200.6199951171875,201.17999267578125,198.49000549316406,198.49000549316406,1001000
2018-05-22,186.53509521484375,200.02999877929688,201.5,198.99000549316406,200.88999938964844,1006100
2018-05-23,187.3837127685547,200.94000244140625,201.00999450683594,198.7899932861328,199.25999450683594,1260500
2018-05-24,186.33929443359375,199.82000732421875,202.75,198.07000732421875,201.00999450683594,1275700
2018-05-25,187.3115234375,200.36000061035156,200.61000061035156,198.19000244140625,198.77999877929688,824700
2018-05-29,184.35733032226562,197.1999969482422,200.3699951171875,195.38999938964844,199.27999877929688,1363600
2018-05-30,186.52621459960938,199.52000427246094,200.3800048828125,197.80999755859375,198.82000732421875,877000
2018-05-31,184.63778686523438,197.5,199.57000732421875,196.88999938964844,199.3000030517578,1370200
2018-06-01,187.2741241455078,200.32000732421875,201.5500030517578,198.7100067138672,199.8699951171875,2027800
2018-06-04,188.33058166503906,201.4499969482422,201.82000732421875,200.63999938964844,201.35000610351562,1344100
2018-06-05,190.1161346435547,203.36000061035156,203.97000122070312,201.05999755859375,201.22000122070312,1698200
2018-06-06,192.7618408203125,206.19000244140625,206.27000427246094,203.25999450683594,203.85000610351562,1052600
2018-06-07,191.93917846679688,205.30999755859375,206.35000610351562,204.08999633789062,206.02999877929688,1884500
2018-06-08,193.0236053466797,206.47000122070312,206.7899932861328,204.5500030517578,205.69000244140625,1054700
2018-06-11,193.91172790527344,207.4199981689453,208.57000732421875,206.66000366210938,207.1999969482422,1749200
2018-06-12,193.9772186279297,207.49000549316406,208.80999755859375,206.38999938964844,208.5,1816400
2018-06-13,193.84628295898438,207.35000610351562,208.77000427246094,207.0500030517578,207.4499969482422,1051000
2018-06-14,193.79017639160156,207.2899932861328,208.97999572753906,206.2899932861328,208.7899932861328,894000
2018-06-15,195.08970642089844,208.67999267578125,208.80999755859375,205.83999633789062,206.22999572753906,1783300
2018-06-18,194.0800323486328,207.60000610351562,208.00999450683594,205.5800018310547,207.3000030517578,881800
2018-06-19,193.74351501464844,207.24000549316406,207.32000732421875,205.1300048828125,206.11000061035156,831000
2018-06-20,192.87403869628906,206.30999755859375,208.8000030517578,206.14999389648438,208.11000061035156,677000
2018-06-21,193.21058654785156,206.6699981689453,207.4600067138672,205.22000122070312,206.4199981689453,916400
2018-06-22,192.9114227294922,206.35000610351562,208.08999633789062,206.07000732421875,207.8300018310547,1100600
2018-06-25,190.66773986816406,203.9499969482422,205.8699951171875,201.86000061035156,205.8699951171875,1258400
2018-06-26,189.9291534423828,203.16000366210938,206.11000061035156,202.9199981689453,203.97999572753906,836300
2018-06-27,188.685791015625,201.8300018310547,205.16000366210938,201.7100067138672,204.49000549316406,887700
2018-06-28,190.42465209960938,203.69000244140625,204.3800048828125,201.33999633789062,201.39999389648438,582500
2018-06-29,190.61160278320312,203.88999938964844,207.5800018310547,203.6699981689453,205.14999389648438,1010300
2018-07-02,191.01365661621094,204.32000732421875,204.32000732421875,202.0399932861328,202.57000732421875,1954800
2018-07-03,189.5271759033203,202.72999572753906,205.33999633789062,202.63999938964844,204.8800048828125,416200
2018-07-05,191.4717559814453,204.80999755859375,205.2100067138672,203.17999267578125,204.11000061035156,605500
2018-07-06,192.9300994873047,206.3699951171875,207.4600067138672,204.19000244140625,204.7100067138672,588200
2018-07-09,195.46365356445312,209.0800018310547,209.30999755859375,206.42999267578125,207.1199951171875,767000
2018-07-10,196.09938049316406,209.75999450683594,210.82000732421875,208.66000366210938,209.0399932861328,802400
2018-07-11,195.8001708984375,209.44000244140625,210.27000427246094,208.99000549316406,209.0,677500
2018-07-12,197.02487182617188,210.75,210.9199981689453,209.47999572753906,210.25,807600
2018-07-13,196.93133544921875,210.64999389648438,211.8000030517578,209.63999938964844,210.99000549316406,734200
2018-07-16,197.697998046875,211.47000122070312,211.6699981689453,210.61000061035156,210.72999572753906,425000
2018-07-17,198.7450714111328,212.58999633789062,213.00999450683594,209.52999877929688,210.86000061035156,521800
2018-07-18,200.30628967285156,214.25999450683594,214.89999389648438,213.19000244140625,213.19000244140625,736200
2018-07-19,197.5110321044922,211.27000427246094,214.3000030517578,211.1300048828125,213.55999755859375,813600
2018-07-20,198.501953125,212.3300018310547,212.7899932861328,209.50999450683594,210.6999969482422,882000
2018-07-23,199.00677490234375,212.8699951171875,213.6699981689453,212.3000030517578,212.89999389648438,790500
2018-07-24,199.2405548095703,213.1199951171875,214.47999572753906,212.8699951171875,213.5399932861328,1159100
2018-07-25,200.7924346923828,214.77999877929688,215.08999633789062,212.4199981689453,213.0,1020400
2018-07-26,198.2028045654297,212.00999450683594,217.30999755859375,211.3800048828125,217.30999755859375,1171600
2018-07-27,190.58360290527344,203.86000061035156,213.52999877929688,202.49000549316406,212.5800018310547,1848400
2018-07-30,187.7976837158203,200.8800048828125,204.80999755859375,200.2899932861328,203.41000366210938,1484300
2018-07-31,187.38629150390625,200.44000244140625,203.25,199.52999877929688,202.0,1590500
2018-08-01,184.85279846191406,197.72999572753906,200.6300048828125,197.6300048828125,198.85000610351562,1531700
2018-08-02,184.43211364746094,197.27999877929688,198.2100067138672,196.02999877929688,196.69000244140625,1750700
2018-08-03,185.17999267578125,198.0800018310547,198.14999389648438,196.2100067138672,198.07000732421875,1032600
2018-08-06,185.60073852539062,198.52999877929688,198.94000244140625,197.69000244140625,198.0,1013900
2018-08-07,189.0597686767578,202.22999572753906,202.86000061035156,199.05999755859375,199.3300018310547,1594000
2018-08-08,188.23707580566406,201.35000610351562,203.19000244140625,200.80999755859375,202.17999267578125,796900
2018-08-09,187.8631134033203,200.9499969482422,202.72000122070312,200.8699951171875,201.77000427246094,732000
2018-08-10,188.20899963378906,201.32000732421875,201.92999267578125,199.75,200.4600067138672,843700
2018-08-13,187.47048950195312,200.52999877929688,202.22000122070312,200.38999938964844,201.30999755859375,949200
2018-08-14,189.84507751464844,203.07000732421875,203.44000244140625,201.75999450683594,201.9199981689453,511700
2018-08-15,188.58302307128906,201.72000122070312,203.60000610351562,200.3699951171875,201.27000427246094,846600
2018-08-16,189.48976135253906,202.69000244140625,203.61000061035156,202.22999572753906,202.97999572753906,642800
2018-08-17,189.8824462890625,203.11000061035156,203.52000427246094,202.02999877929688,202.91000366210938,649700
2018-08-20,190.6396484375,203.9199981689453,204.4499969482422,203.17999267578125,203.39999389648438,586000
2018-08-21,191.04168701171875,204.35000610351562,205.32000732421875,203.86000061035156,204.22999572753906,1311200
2018-08-22,189.70480346679688,202.9199981689453,204.80999755859375,202.83999633789062,203.8699951171875,696700
2018-08-23,189.63938903808594,202.85000610351562,204.63999938964844,202.58999633789062,202.99000549316406,759500
2018-08-24,189.63938903808594,202.85000610351562,203.6999969482422,202.4600067138672,203.07000732421875,553700
2018-08-27,191.37313842773438,204.1999969482422,205.60000610351562,203.3000030517578,203.99000549316406,877900
2018-08-28,190.37974548339844,203.13999938964844,205.8300018310547,202.85000610351562,204.5,1207800
2018-08-29,193.31317138671875,206.27000427246094,206.50999450683594,202.25,202.5800018310547,1107500
2018-08-30,192.7508087158203,205.6699981689453,206.72000122070312,205.42999267578125,205.72000122070312,906700
2018-08-31,194.0441436767578,207.0500030517578,207.39999389648438,205.11000061035156,205.11000061035156,1031200
2018-09-04,194.7095489501953,207.75999450683594,208.94000244140625,206.3300018310547,207.47999572753906,1140100
2018-09-05,192.113525390625,204.99000549316406,208.52000427246094,204.6699981689453,207.8699951171875,1096700
2018-09-06,194.01605224609375,207.02000427246094,207.36000061035156,205.05999755859375,205.49000549316406,1020500
2018-09-07,193.8848419189453,206.8800048828125,209.1999969482422,206.30999755859375,206.4199981689453,831600
2018-09-10,195.16871643066406,208.25,208.4499969482422,206.36000061035156,207.88999938964844,755800
2018-09-11,196.30276489257812,209.4600067138672,209.60000610351562,207.7100067138672,208.27000427246094,644900
2018-09-12,196.7994384765625,209.99000549316406,211.11000061035156,208.8300018310547,209.4199981689453,937300
2018-09-13,198.56138610839844,211.8699951171875,212.13999938964844,209.8800048828125,210.66000366210938,703900
2018-09-14,200.5107421875,213.9499969482422,214.0399932861328,211.86000061035156,212.0500030517578,1082100
2018-09-17,198.0740509033203,211.35000610351562,213.6300048828125,211.08999633789062,212.8800048828125,1006000
2018-09-18,200.13584899902344,213.5500030517578,213.64999389648438,209.77999877929688,211.11000061035156,716000
2018-09-19,199.59231567382812,212.97000122070312,214.75,212.00999450683594,213.63999938964844,1060600
2018-09-20,199.71412658691406,213.10000610351562,214.0500030517578,211.6199951171875,213.8800048828125,836700
2018-09-21,198.1770782470703,211.4600067138672,215.0,210.38999938964844,215.0,2015700
2018-09-24,197.08999633789062,210.3000030517578,211.25999450683594,209.0800018310547,210.49000549316406,699400
2018-09-25,193.82864379882812,206.82000732421875,210.9199981689453,206.3800048828125,210.22000122070312,1400900
2018-09-26,192.38536071777344,205.27999877929688,207.02999877929688,204.74000549316406,206.6199951171875,1132100
2018-09-27,191.21383666992188,204.02999877929688,206.94000244140625,203.8699951171875,205.99000549316406,958100
2018-09-28,183.11656188964844,195.38999938964844,203.8800048828125,195.33999633789062,202.89999389648438,2557700
2018-10-01,186.884033203125,199.41000366210938,199.5399932861328,196.30999755859375,196.5,1744100
2018-10-02,184.34432983398438,196.6999969482422,199.22000122070312,196.3300018310547,199.0,1203100
2018-10-03,183.40708923339844,195.6999969482422,198.7100067138672,195.69000244140625,197.6199951171875,1289100
2018-10-04,180.86732482910156,192.99000549316406,196.66000366210938,192.2899932861328,196.07000732421875,1613400
2018-10-05,181.4390106201172,193.60000610351562,194.7899932861328,191.74000549316406,193.0800018310547,1080700
2018-10-08,178.0745086669922,190.00999450683594,193.5,187.91000366210938,192.52000427246094,1500500
2018-10-09,176.02203369140625,187.82000732421875,189.99000549316406,187.50999450683594,188.11000061035156,1606400
2018-10-10,170.7270050048828,182.1699981689453,188.1199951171875,182.1699981689453,188.1199951171875,2092100
2018-10-11,168.7213897705078,180.02999877929688,185.0500030517578,178.86000061035156,181.2899932861328,2010700
2018-10-12,174.75689697265625,186.47000122070312,187.0500030517578,183.0800018310547,183.30999755859375,2266700
2018-10-15,172.64817810058594,184.22000122070312,186.08999633789062,183.5500030517578,186.07000732421875,1370500
2018-10-16,177.96206665039062,189.88999938964844,190.0800018310547,184.9600067138672,186.10000610351562,1275800
2018-10-17,178.6555633544922,190.6300048828125,191.6300048828125,188.13999938964844,188.97999572753906,1119200
2018-10-18,175.17860412597656,186.9199981689453,190.72000122070312,186.5399932861328,189.6999969482422,1309200
2018-10-19,176.50942993164062,188.33999633789062,190.14999389648438,187.1300048828125,187.3699951171875,1161700
2018-10-22,177.0623321533203,188.92999267578125,191.0,187.5500030517578,188.99000549316406,1568500
2018-10-23,172.3014678955078,183.85000610351562,185.1699981689453,181.3000030517578,182.35000610351562,1899400
2018-10-24,166.64088439941406,177.80999755859375,186.08999633789062,176.9199981689453,184.2899932861328,2198000
2018-10-25,166.0410919189453,177.1699981689453,180.69000244140625,170.75,180.47999572753906,3652000
2018-10-26,160.64288330078125,171.41000366210938,173.5500030517578,166.11000061035156,171.52000427246094,3146600
2018-10-29,161.4300994873047,172.25,176.08999633789062,170.2899932861328,172.9199981689453,2852000
2018-10-30,165.51622009277344,176.61000061035156,176.6999969482422,172.60000610351562,172.94000244140625,2255600
2018-10-31,170.86753845214844,182.32000732421875,184.75999450683594,178.4499969482422,178.4499969482422,2926200
2018-11-01,171.289306640625,182.77000427246094,183.3699951171875,181.19000244140625,182.25999450683594,1807800
2018-11-02,171.48609924316406,182.97999572753906,188.49000549316406,181.50999450683594,188.00999450683594,1590800
2018-11-05,171.70164489746094,183.2100067138672,184.27999877929688,181.85000610351562,183.44000244140625,1137500
2018-11-06,171.92657470703125,183.4499969482422,185.8699951171875,182.47999572753906,182.47999572753906,1887600
2018-11-07,174.99122619628906,186.72000122070312,187.41000366210938,184.8699951171875,184.8699951171875,2208200
2018-11-08,176.34071350097656,188.16000366210938,188.25,185.17999267578125,186.5800018310547,1524700
2018-11-09,174.56944274902344,186.27000427246094,187.8800048828125,184.2100067138672,187.2100067138672,1327800
2018-11-12,170.7644805908203,182.2100067138672,186.4199981689453,182.00999450683594,186.4199981689453,1597500
2018-11-13,168.7588653564453,180.07000732421875,182.39999389648438,179.3000030517578,181.99000549316406,1924800
2018-11-14,167.83106994628906,179.0800018310547,184.13999938964844,177.32000732421875,182.3699951171875,1915100
2018-11-15,169.72422790527344,181.10000610351562,181.6699981689453,176.6999969482422,178.39999389648438,1618700
2018-11-16,169.93971252441406,181.3300018310547,183.14999389648438,179.75999450683594,180.16000366210938,1100700
2018-11-19,166.1442108154297,177.27999877929688,181.61000061035156,176.88999938964844,181.0800018310547,1494100
2018-11-20,164.47596740722656,175.5,176.60000610351562,173.1199951171875,175.25,2151000
2018-11-21,166.4815216064453,177.63999938964844,179.5800018310547,176.6199951171875,177.6300048828125,1396900
2018-11-23,163.77305603027344,174.75,176.50999450683594,174.75,176.0,558000
2018-11-26,166.256591796875,177.39999389648438,177.92999267578125,175.17999267578125,177.25999450683594,1362400
2018-11-27,166.38819885253906,177.0399932861328,177.1300048828125,174.8300018310547,176.19000244140625,968800
2018-11-28,172.1681365966797,183.19000244140625,183.24000549316406,176.67999267578125,177.27999877929688,2178100
2018-11-29,169.49903869628906,180.35000610351562,183.2899932861328,180.25,182.8800048828125,1053900
2018-11-30,171.8580322265625,182.86000061035156,183.16000366210938,179.6999969482422,180.27000427246094,2376100
2018-12-03,174.05718994140625,185.1999969482422,186.30999755859375,183.3000030517578,185.74000549316406,1447600
2018-12-04,166.93325805664062,177.6199951171875,184.7100067138672,177.3800048828125,184.5800018310547,2417600
2018-12-06,163.05178833007812,173.49000549316406,175.63999938964844,170.85000610351562,174.47999572753906,3663500
2018-12-07,158.96348571777344,169.13999938964844,175.6199951171875,168.19000244140625,175.27999877929688,2728400
2018-12-10,158.94473266601562,169.1199951171875,170.22999572753906,166.0500030517578,169.11000061035156,2256800
2018-12-11,156.7642822265625,166.8000030517578,171.1699981689453,166.22999572753906,170.80999755859375,1848500
2018-12-12,158.97286987304688,169.14999389648438,171.16000366210938,168.52000427246094,169.47000122070312,2106200
2018-12-13,159.33941650390625,169.5399932861328,170.58999633789062,169.0500030517578,169.77000427246094,1765100
2018-12-14,156.59510803222656,166.6199951171875,169.52999877929688,166.27999877929688,167.72000122070312,1813100
2018-12-17,156.28494262695312,166.2899932861328,167.38999938964844,165.13999938964844,166.38999938964844,2424500
2018-12-18,157.8826446533203,167.99000549316406,169.69000244140625,166.1699981689453,167.4499969482422,1906100
2018-12-19,156.961669921875,167.00999450683594,170.69000244140625,164.9199981689453,167.72999572753906,2527200
2018-12-20,155.59889221191406,165.55999755859375,167.25,164.49000549316406,166.2899932861328,2970900
2018-12-21,151.87713623046875,161.60000610351562,168.5399932861328,161.60000610351562,165.55999755859375,3928900
2018-12-24,149.43357849121094,159.0,160.9199981689453,158.47999572753906,160.8000030517578,2034000
2018-12-26,154.9973602294922,164.9199981689453,164.9600067138672,156.67999267578125,159.47999572753906,1992400
2018-12-27,158.96348571777344,169.13999938964844,169.1699981689453,161.97000122070312,163.00999450683594,1572700
2018-12-28,158.1740264892578,168.3000030517578,170.60000610351562,166.4199981689453,169.50999450683594,1135300
2018-12-31,159.71536254882812,169.94000244140625,170.72000122070312,168.41000366210938,169.1199951171875,944800
2019-01-02,159.63076782226562,169.85000610351562,171.27000427246094,167.0,169.27000427246094,1362200
2019-01-03,154.48049926757812,164.3699951171875,169.39999389648438,163.99000549316406,169.2899932861328,1569500
2019-01-04,161.89576721191406,172.25999450683594,172.9199981689453,166.63999938964844,167.02999877929688,1946800
2019-01-07,163.1927032470703,173.63999938964844,175.32000732421875,171.91000366210938,171.91000366210938,1820500
2019-01-08,164.68710327148438,175.22999572753906,175.25,173.0500030517578,174.75999450683594,1426700
2019-01-09,163.21153259277344,173.66000366210938,176.2899932861328,173.27999877929688,175.13999938964844,1280100
2019-01-10,166.49151611328125,177.14999389648438,177.3000030517578,172.89999389648438,173.4199981689453,1406100
2019-01-11,165.39195251464844,175.97999572753906,177.72000122070312,175.1699981689453,176.91000366210938,1018800
2019-01-14,166.36940002441406,177.02000427246094,177.5800018310547,174.00999450683594,174.3300018310547,1396900
2019-01-15,170.692626953125,181.6199951171875,181.77000427246094,176.1199951171875,176.4199981689453,1455000
2019-01-16,173.8693084716797,185.0,185.74000549316406,182.0,182.39999389648438,1995300
2019-01-17,174.17002868652344,185.32000732421875,186.0,183.35000610351562,183.74000549316406,1178600
2019-01-18,177.29026794433594,188.63999938964844,188.80999755859375,185.61000061035156,186.50999450683594,1424200
2019-01-22,176.02145385742188,187.2899932861328,188.47000122070312,186.25999450683594,187.92999267578125,4011400
2019-01-23,176.31283569335938,187.60000610351562,188.72000122070312,186.75999450683594,187.5399932861328,2519300
2019-01-24,177.22447204589844,188.57000732421875,189.55999755859375,187.22000122070312,187.5,1684800
2019-01-25,177.91993713378906,189.30999755859375,190.55999755859375,188.52000427246094,189.88999938964844,1070800
2019-01-28,176.83914184570312,188.16000366210938,188.35000610351562,185.0800018310547,188.07000732421875,1763800
2019-01-29,175.1380615234375,186.35000610351562,188.1300048828125,185.75999450683594,187.72999572753906,1220800
2019-01-30,177.6380157470703,189.00999450683594,189.39999389648438,185.58999633789062,186.99000549316406,1215600
2019-01-31,180.119140625,191.64999389648438,191.85000610351562,187.52000427246094,188.63999938964844,1624000
2019-02-01,182.16799926757812,193.8300018310547,195.16000366210938,191.16000366210938,192.10000610351562,1147300
2019-02-04,182.71310424804688,194.41000366210938,194.88999938964844,192.11000061035156,194.08999633789062,1502700
2019-02-05,183.17361450195312,194.89999389648438,195.5800018310547,193.89999389648438,194.60000610351562,1420700
2019-02-06,181.3409423828125,192.9499969482422,195.08999633789062,192.85000610351562,194.72000122070312,1721300
2019-02-07,183.26760864257812,195.0,197.02999877929688,187.30999755859375,191.0,2398500
2019-02-08,181.94241333007812,193.58999633789062,193.72000122070312,189.2100067138672,189.77000427246094,1845200
2019-02-11,182.44993591308594,194.1300048828125,195.47000122070312,192.83999633789062,193.72999572753906,1519900
2019-02-12,183.5025634765625,195.25,196.30999755859375,194.67999267578125,195.74000549316406,1136700
2019-02-13,185.31642150878906,197.17999267578125,197.8000030517578,195.3300018310547,196.0,1410900
2019-02-14,184.0852508544922,195.8699951171875,196.74000549316406,194.80999755859375,195.9499969482422,1033000
2019-02-15,186.3878631591797,198.32000732421875,198.99000549316406,196.61000061035156,197.4600067138672,1106800
2019-02-19,185.75814819335938,197.64999389648438,198.30999755859375,197.35000610351562,197.88999938964844,1013600
2019-02-20,186.1058807373047,198.02000427246094,198.4600067138672,197.1199951171875,198.13999938964844,1266900
2019-02-21,186.22804260253906,198.14999389648438,198.5399932861328,197.0,197.52000427246094,1100000
2019-02-22,189.733642578125,201.8800048828125,202.0,198.89999389648438,199.14999389648438,987600
2019-02-25,190.3274383544922,201.94000244140625,204.27000427246094,201.5399932861328,202.97000122070312,1166800
2019-02-26,189.8938446044922,201.47999572753906,202.6199951171875,201.02000427246094,201.5,1054000
2019-02-27,190.1200714111328,201.72000122070312,202.2899932861328,200.24000549316406,201.1199951171875,1054900
2019-02-28,188.84768676757812,200.3699951171875,202.97999572753906,200.2100067138672,201.89999389648438,1329900
2019-03-01,190.2332000732422,201.83999633789062,203.49000549316406,201.3800048828125,202.1300048828125,1098400
2019-03-04,188.39529418945312,199.88999938964844,203.49000549316406,198.3800048828125,202.97999572753906,1019100
2019-03-05,186.57632446289062,197.9600067138672,200.92999267578125,197.88999938964844,200.38999938964844,938400
2019-03-06,185.97308349609375,197.32000732421875,198.6999969482422,196.11000061035156,198.02000427246094,890100
2019-03-07,185.18136596679688,196.47999572753906,196.9199981689453,194.9499969482422,196.5500030517578,1103000
2019-03-08,185.0400390625,196.3300018310547,196.60000610351562,194.99000549316406,195.0399932861328,664400
2019-03-11,185.89772033691406,197.24000549316406,198.63999938964844,196.6300048828125,197.13999938964844,856100
2019-03-12,186.14276123046875,197.5,198.41000366210938,197.17999267578125,197.8000030517578,1050400
2019-03-13,188.21621704101562,199.6999969482422,200.13999938964844,196.61000061035156,196.8699951171875,1115500
2019-03-14,190.00697326660156,201.60000610351562,201.64999389648438,198.97999572753906,199.7899932861328,1424000
2019-03-15,191.49609375,203.17999267578125,203.25999450683594,200.38999938964844,201.64999389648438,2047700
2019-03-18,193.89007568359375,205.72000122070312,206.72999572753906,203.44000244140625,203.44000244140625,1778400
2019-03-19,195.9070281982422,207.86000061035156,208.7100067138672,206.32000732421875,207.41000366210938,2051000
2019-03-20,194.4178924560547,206.27999877929688,208.0800018310547,204.74000549316406,206.86000061035156,1534800
2019-03-21,197.70712280273438,209.77000427246094,210.5399932861328,204.52000427246094,205.32000732421875,1275600
2019-03-22,193.6732940673828,205.49000549316406,208.80999755859375,205.22000122070312,207.32000732421875,882700
2019-03-25,193.22088623046875,205.00999450683594,206.08999633789062,203.86000061035156,206.02999877929688,760900
2019-03-26,194.2764892578125,206.1300048828125,206.80999755859375,204.6300048828125,206.14999389648438,815000
2019-03-27,193.38111877441406,205.17999267578125,206.66000366210938,204.24000549316406,205.8000030517578,1095800
2019-03-28,195.718505859375,207.66000366210938,207.9199981689453,205.5,205.8800048828125,716400
2019-03-29,198.44229125976562,210.5500030517578,211.27000427246094,208.0800018310547,208.99000549316406,1400200
2019-04-01,200.6571502685547,212.89999389648438,213.6199951171875,211.3300018310547,212.02000427246094,1136000
2019-04-02,200.9588165283203,213.22000122070312,213.5,210.16000366210938,213.00999450683594,719900
2019-04-03,201.31690979003906,213.60000610351562,214.92999267578125,213.0,214.5,896400
2019-04-04,200.42153930664062,212.64999389648438,214.27000427246094,212.4600067138672,214.00999450683594,605200
2019-04-05,202.1934051513672,214.52999877929688,214.99000549316406,213.07000732421875,213.60000610351562,743500
2019-04-08,201.36402893066406,213.64999389648438,214.5,212.6999969482422,214.2899932861328,634300
2019-04-09,202.45730590820312,214.80999755859375,215.25,212.00999450683594,212.4199981689453,990100
2019-04-10,200.44979858398438,212.67999267578125,215.6999969482422,212.42999267578125,215.36000061035156,850200
2019-04-11,200.87396240234375,213.1300048828125,214.13999938964844,212.64999389648438,214.13999938964844,1403700
2019-04-12,202.57041931152344,214.92999267578125,214.92999267578125,213.22000122070312,214.6999969482422,793100
2019-04-15,204.02183532714844,216.47000122070312,216.52999877929688,214.57000732421875,215.42999267578125,667100
2019-04-16,204.47425842285156,216.9499969482422,217.94000244140625,216.72000122070312,217.14999389648438,607400
2019-04-17,203.0039520263672,215.38999938964844,217.6699981689453,214.3000030517578,217.6699981689453,716500
2019-04-18,204.70989990234375,217.1999969482422,217.5500030517578,214.0800018310547,215.07000732421875,758700
2019-04-22,204.67222595214844,217.16000366210938,217.77000427246094,216.05999755859375,216.4199981689453,872900
2019-04-23,205.4544677734375,217.99000549316406,218.0500030517578,215.89999389648438,216.99000549316406,1059000
2019-04-24,205.82205200195312,218.3800048828125,219.1999969482422,216.17999267578125,216.17999267578125,861500
2019-04-25,206.5948486328125,219.1999969482422,219.86000061035156,216.67999267578125,217.8800048828125,651000
2019-04-26,207.60333251953125,220.27000427246094,220.3000030517578,217.5399932861328,219.1999969482422,565000
2019-04-29,207.06614685058594,219.6999969482422,220.9199981689453,219.47000122070312,220.17999267578125,1016100
2019-04-30,207.97093200683594,220.66000366210938,220.8699951171875,218.69000244140625,220.0,1066200
2019-05-01,206.83047485351562,219.4499969482422,222.0,219.3000030517578,220.99000549316406,1113900
2019-05-02,204.68165588378906,217.1699981689453,219.80999755859375,212.74000549316406,215.99000549316406,1373400
2019-05-03,205.35081481933594,217.8800048828125,218.61000061035156,215.4199981689453,217.02999877929688,1129000
2019-05-06,206.98130798339844,219.61000061035156,220.0399932861328,213.58999633789062,214.44000244140625,973100
2019-05-07,202.25942993164062,214.60000610351562,217.57000732421875,212.58999633789062,217.57000732421875,1078600
2019-05-08,202.38192749023438,214.72999572753906,216.6699981689453,213.35000610351562,213.3699951171875,1242100
2019-05-09,200.86448669433594,213.1199951171875,213.74000549316406,210.5,212.5800018310547,1331300
2019-05-10,202.0049285888672,214.3300018310547,214.67999267578125,209.41000366210938,212.38999938964844,900200
2019-05-13,196.67982482910156,208.67999267578125,211.69000244140625,205.92999267578125,211.1699981689453,1538200
2019-05-14,199.64871215820312,211.8300018310547,214.6199951171875,209.27000427246094,209.27000427246094,1117600
2019-05-15,199.54501342773438,211.72000122070312,213.33999633789062,209.85000610351562,210.6699981689453,1232500
2019-05-16,202.9097137451172,215.2899932861328,216.38999938964844,208.72000122070312,212.8800048828125,885300
2019-05-17,200.69483947753906,212.94000244140625,215.30999755859375,212.50999450683594,213.22999572753906,1686700
2019-05-20,199.64871215820312,211.8300018310547,213.36000061035156,210.60000610351562,211.9199981689453,1067500
2019-05-21,204.45541381835938,216.92999267578125,217.22000122070312,213.74000549316406,216.5800018310547,1696800
2019-05-22,205.08688354492188,217.60000610351562,220.33999633789062,216.7100067138672,216.77000427246094,1288300
2019-05-23,201.6844940185547,213.99000549316406,216.47000122070312,212.57000732421875,216.16000366210938,1046500
2019-05-24,202.0049285888672,214.3300018310547,215.3300018310547,211.88999938964844,215.3300018310547,1275500
2019-05-28,202.72311401367188,214.52000427246094,217.3000030517578,214.11000061035156,214.3699951171875,1593600
2019-05-29,204.63198852539062,216.5399932861328,217.9600067138672,214.19000244140625,214.22999572753906,1237900
2019-05-30,205.21798706054688,217.16000366210938,219.6300048828125,216.2100067138672,216.5500030517578,733800
2019-05-31,202.11837768554688,213.8800048828125,215.8699951171875,213.2899932861328,215.77000427246094,1095500
2019-06-03,201.2583770751953,212.97000122070312,216.02999877929688,211.35000610351562,214.38999938964844,849800
2019-06-04,203.01609802246094,214.8300018310547,215.74000549316406,210.49000549316406,215.3800048828125,1254200
2019-06-05,208.1569061279297,220.27000427246094,220.88999938964844,216.1699981689453,216.36000061035156,1313000
2019-06-06,209.80123901367188,222.00999450683594,222.4499969482422,220.3699951171875,221.3800048828125,763700
2019-06-07,212.3149871826172,224.6699981689453,225.22000122070312,222.0399932861328,222.5,948900
2019-06-10,214.63966369628906,227.1300048828125,227.63999938964844,225.0500030517578,225.89999389648438,834000
2019-06-11,210.4438934326172,222.69000244140625,229.0,221.3699951171875,228.67999267578125,839600
2019-06-12,211.87078857421875,224.1999969482422,224.5,222.1199951171875,222.72999572753906,530500
2019-06-13,212.1070556640625,224.4499969482422,225.52000427246094,222.8800048828125,224.6300048828125,559700
2019-06-14,212.5323486328125,224.89999389648438,225.6999969482422,222.22000122070312,224.63999938964844,717900
2019-06-17,211.8424530029297,224.1699981689453,225.83999633789062,223.9499969482422,225.22999572753906,823100
2019-06-18,213.78919982910156,226.22999572753906,227.07000732421875,225.0,225.27999877929688,796200
2019-06-19,217.8905029296875,230.57000732421875,231.25,226.3699951171875,227.0500030517578,1130400
2019-06-20,218.56149291992188,231.27999877929688,235.5800018310547,230.3800048828125,232.52000427246094,1339900
2019-06-21,216.12335205078125,228.6999969482422,231.17999267578125,228.5800018310547,230.86000061035156,1519500
2019-06-24,216.26510620117188,228.85000610351562,230.0,228.47999572753906,228.94000244140625,799300
2019-06-25,215.44293212890625,227.97999572753906,230.6999969482422,227.88999938964844,229.66000366210938,1152300
2019-06-26,213.9497833251953,226.39999389648438,229.22000122070312,225.3800048828125,228.5500030517578,918900
2019-06-27,214.5074005126953,226.99000549316406,227.80999755859375,225.67999267578125,226.92999267578125,666800
2019-06-28,215.2633819580078,227.7899932861328,229.44000244140625,227.07000732421875,227.88999938964844,1813500
2019-07-01,219.48757934570312,232.25999450683594,233.3000030517578,229.77000427246094,230.58999633789062,950300
2019-07-02,222.05799865722656,234.97999572753906,235.6699981689453,231.97000122070312,231.97000122070312,914500
2019-07-03,225.044189453125,238.13999938964844,238.17999267578125,234.77999877929688,236.22000122070312,868500
2019-07-05,223.9669189453125,237.0,238.99000549316406,234.74000549316406,238.64999389648438,775100
2019-07-08,219.6104278564453,232.38999938964844,235.5399932861328,231.02000427246094,235.17999267578125,740600
2019-07-09,218.75045776367188,231.47999572753906,231.8800048828125,229.7899932861328,230.44000244140625,1065200
2019-07-10,221.85008239746094,234.75999450683594,236.0,233.2100067138672,233.2100067138672,916400
2019-07-11,225.32772827148438,238.44000244140625,238.55999755859375,234.5,235.47000122070312,720400
2019-07-12,227.99261474609375,241.25999450683594,241.2899932861328,238.00999450683594,239.47999572753906,1338400
2019-07-15,227.64300537109375,240.88999938964844,241.9199981689453,239.75999450683594,240.9499969482422,565100
2019-07-16,226.830322265625,240.02999877929688,240.94000244140625,239.05999755859375,239.69000244140625,606800
2019-07-17,227.19883728027344,240.4199981689453,241.75999450683594,239.7100067138672,240.07000732421875,1011600
2019-07-18,227.8508758544922,241.11000061035156,242.41000366210938,239.86000061035156,240.6199951171875,865300
2019-07-19,226.7357940673828,239.92999267578125,242.8000030517578,239.61000061035156,242.08999633789062,1279400
2019-07-22,228.1816864013672,241.4600067138672,242.4499969482422,239.7100067138672,240.52000427246094,989700
2019-07-23,230.0338897705078,243.4199981689453,243.94000244140625,240.52999877929688,242.11000061035156,997100
2019-07-24,229.72201538085938,243.08999633789062,243.24000549316406,238.86000061035156,242.30999755859375,1059300
2019-07-25,229.022705078125,242.35000610351562,243.0,240.75999450683594,242.72000122070312,894700
2019-07-26,230.91273498535156,244.35000610351562,244.52999877929688,242.52000427246094,243.0399932861328,760700
2019-07-29,229.9204559326172,243.3000030517578,244.97999572753906,242.97999572753906,244.3800048828125,677200
2019-07-30,228.6258087158203,241.92999267578125,242.74000549316406,241.14999389648438,242.74000549316406,856400
2019-07-31,231.47975158691406,244.9499969482422,248.7100067138672,242.0500030517578,242.5500030517578,2239600
2019-08-01,243.07496643066406,257.2200012207031,262.8299865722656,252.2100067138672,252.66000366210938,2297300
2019-08-02,239.9848175048828,253.9499969482422,258.1300048828125,252.67999267578125,256.95001220703125,1335200
2019-08-05,230.75205993652344,244.17999267578125,251.3699951171875,242.24000549316406,251.3699951171875,1736900
2019-08-06,232.30189514160156,245.82000732421875,247.0500030517578,242.52999877929688,245.33999633789062,2488700
2019-08-07,235.00460815429688,248.67999267578125,250.33999633789062,241.85000610351562,244.0,1435900
2019-08-08,243.6042022705078,257.7799987792969,258.5899963378906,251.14999389648438,251.75,1746900
2019-08-09,242.10165405273438,256.19000244140625,258.0199890136719,253.16000366210938,256.8399963378906,1337200
2019-08-12,240.1265411376953,254.10000610351562,255.66000366210938,251.60000610351562,254.6199951171875,794000
2019-08-13,244.16171264648438,258.3699951171875,259.0899963378906,252.49000549316406,255.1199951171875,1013900
2019-08-14,234.93844604492188,248.61000061035156,256.32000732421875,247.88999938964844,253.0800018310547,1339000
2019-08-15,239.2477264404297,253.1699981689453,254.07000732421875,248.8800048828125,250.77999877929688,919200
2019-08-16,242.5646514892578,256.67999267578125,257.6700134277344,254.0,254.6199951171875,2637800
2019-08-19,246.3447265625,260.67999267578125,261.6099853515625,258.3599853515625,259.3699951171875,1321900
2019-08-20,246.87391662597656,261.239990234375,263.1700134277344,259.0,259.69000244140625,1013400
2019-08-21,250.06808471679688,264.6199951171875,265.6300048828125,262.260009765625,262.6199951171875,1133600
2019-08-22,248.83953857421875,263.32000732421875,266.2200012207031,260.8699951171875,265.32000732421875,1059000
2019-08-23,242.90489196777344,257.0400085449219,263.19000244140625,255.44000244140625,262.010009765625,1381500
2019-08-26,243.59628295898438,257.20001220703125,259.989990234375,255.36000061035156,258.7699890136719,1327300
2019-08-27,243.65309143066406,257.260009765625,259.3999938964844,255.8000030517578,259.0199890136719,1025100
2019-08-28,245.03590393066406,258.7200012207031,258.95001220703125,254.33999633789062,256.989990234375,1030800
2019-08-29,246.95852661132812,260.75,262.2900085449219,259.4800109863281,261.1300048828125,1102600
2019-08-30,246.4281463623047,260.19000244140625,262.8399963378906,259.5799865722656,262.75,1452300
2019-09-03,244.9884796142578,258.6700134277344,261.2900085449219,258.1300048828125,259.44000244140625,1283000
2019-09-04,245.49053955078125,259.20001220703125,260.6199951171875,256.9100036621094,260.44000244140625,1491100
2019-09-05,250.8226776123047,264.8299865722656,265.489990234375,260.6700134277344,262.32000732421875,1185300
2019-09-06,253.5881805419922,267.75,268.54998779296875,264.9599914550781,265.5199890136719,1112600
2019-09-09,246.96798706054688,260.760009765625,269.57000732421875,259.5799865722656,268.92999267578125,1089700
2019-09-10,239.00279235839844,252.35000610351562,260.8599853515625,250.85000610351562,259.17999267578125,2095700
2019-09-11,238.6713104248047,252.0,253.67999267578125,249.2100067138672,253.0,1426200
2019-09-12,238.5576629638672,251.8800048828125,257.2900085449219,251.14999389648438,253.69000244140625,1285400
2019-09-13,236.84339904785156,250.07000732421875,252.91000366210938,249.05999755859375,252.1199951171875,1361600
2019-09-16,236.30349731445312,249.5,251.4199981689453,247.61000061035156,248.69000244140625,1152700
2019-09-17,242.57339477539062,256.1199951171875,256.9800109863281,249.75999450683594,250.0,1464600
2019-09-18,241.21900939941406,254.69000244140625,257.9800109863281,250.75,257.1099853515625,1225900
2019-09-19,243.15115356445312,256.7300109863281,257.4599914550781,254.97999572753906,255.50999450683594,1123000
2019-09-20,239.41001892089844,252.77999877929688,258.010009765625,252.08999633789062,256.1199951171875,1412500
2019-09-23,239.1070098876953,252.4600067138672,254.47999572753906,251.86000061035156,252.7899932861328,889800
2019-09-24,238.46290588378906,251.77999877929688,255.60000610351562,250.66000366210938,253.50999450683594,1036300
2019-09-25,241.11480712890625,254.5800018310547,255.36000061035156,250.42999267578125,252.00999450683594,925500
2019-09-26,242.45974731445312,256.0,257.1300048828125,253.05999755859375,253.8699951171875,941900
2019-09-27,233.32017517089844,246.35000610351562,258.4599914550781,243.0399932861328,257.3399963378906,2070100
2019-09-30,232.02261352539062,244.97999572753906,249.27000427246094,244.27999877929688,246.42999267578125,2656700
2019-10-01,230.0052490234375,242.85000610351562,245.02999877929688,242.05999755859375,244.6999969482422,2480700
2019-10-02,223.93429565429688,236.44000244140625,241.89999389648438,235.75,241.19000244140625,1302100
2019-10-03,226.9461212158203,239.6199951171875,239.7100067138672,233.49000549316406,236.44000244140625,1219100
2019-10-04,231.51116943359375,244.44000244140625,245.17999267578125,240.5800018310547,240.61000061035156,1238600
2019-10-07,232.5908660888672,245.5800018310547,247.27000427246094,243.39999389648438,243.39999389648438,1108500
2019-10-08,229.05816650390625,241.85000610351562,245.3300018310547,239.63999938964844,243.58999633789062,1044900
2019-10-09,235.63107299804688,248.7899932861328,249.5500030517578,244.0,245.1300048828125,1248300
2019-10-10,237.69577026367188,250.97000122070312,252.0800018310547,247.77000427246094,247.88999938964844,1137500
2019-10-11,239.6089630126953,252.99000549316406,256.0299987792969,252.64999389648438,255.05999755859375,1301400
2019-10-14,238.07464599609375,251.3699951171875,253.77999877929688,251.1199951171875,252.39999389648438,629700
2019-10-15,240.04461669921875,253.4499969482422,256.1000061035156,252.52000427246094,253.75,886400
2019-10-16,238.9554443359375,252.3000030517578,252.89999389648438,248.3800048828125,252.89999389648438,723600
2019-10-17,239.61842346191406,253.0,254.14999389648438,252.36000061035156,253.1199951171875,1077700
2019-10-18,237.23170471191406,250.47999572753906,253.0399932861328,249.0800018310547,251.91000366210938,1011600
2019-10-21,238.12196350097656,251.4199981689453,252.07000732421875,249.25,252.07000732421875,878800
2019-10-22,233.1591339111328,246.17999267578125,253.27000427246094,245.9600067138672,251.30999755859375,980900
2019-10-23,231.00921630859375,243.91000366210938,246.8699951171875,241.35000610351562,245.63999938964844,1443600
2019-10-24,235.26173400878906,248.39999389648438,250.13999938964844,244.02000427246094,245.5800018310547,1085600
2019-10-25,236.0857391357422,249.27000427246094,250.05999755859375,247.7899932861328,247.9499969482422,800400
2019-10-28,235.44163513183594,248.58999633789062,250.24000549316406,246.89999389648438,249.6699981689453,1262000
2019-10-29,242.66807556152344,256.2200012207031,258.25,252.10000610351562,254.60000610351562,1325100
2019-10-30,241.18113708496094,254.64999389648438,257.2900085449219,251.0,256.30999755859375,1145000
2019-10-31,244.34449768066406,257.989990234375,259.17999267578125,254.55999755859375,254.55999755859375,1203500
2019-11-01,245.11163330078125,258.79998779296875,261.3800048828125,257.8699951171875,260.010009765625,1074400
2019-11-04,242.78170776367188,256.3399963378906,260.54998779296875,255.3300018310547,260.2300109863281,1116100
2019-11-05,237.9041748046875,251.19000244140625,256.5799865722656,249.0800018310547,255.9600067138672,966900
2019-11-06,239.98780822753906,253.38999938964844,254.14999389648438,250.42999267578125,251.08999633789062,1297800
2019-11-07,242.07139587402344,255.58999633789062,256.1199951171875,252.22000122070312,254.85000610351562,1125200
2019-11-08,241.7967529296875,255.3000030517578,256.5,253.32000732421875,255.0,645400
2019-11-11,241.57894897460938,255.07000732421875,257.0799865722656,252.3699951171875,253.66000366210938,498700
2019-11-12,241.63575744628906,255.1300048828125,257.1300048828125,254.4199981689453,255.72000122070312,613800
2019-11-13,244.94114685058594,258.6199951171875,259.6700134277344,254.57000732421875,255.07000732421875,643500
2019-11-14,246.2482147216797,260.0,260.19000244140625,257.2300109863281,258.2300109863281,463800
2019-11-15,248.98532104492188,262.8900146484375,262.9700012207031,259.8299865722656,261.6000061035156,831600
2019-11-18,250.11236572265625,264.0799865722656,265.3399963378906,262.1099853515625,263.20001220703125,847200
2019-11-19,253.70193481445312,267.8699951171875,270.45001220703125,265.5199890136719,265.57000732421875,1231800
2019-11-20,253.9197540283203,268.1000061035156,272.6499938964844,266.69000244140625,267.70001220703125,1157800
2019-11-21,250.40602111816406,264.3900146484375,269.95001220703125,263.8399963378906,268.20001220703125,1002200
2019-11-22,251.1826171875,265.2099914550781,269.239990234375,263.8999938964844,268.8500061035156,916100
2019-11-25,252.3310546875,265.8500061035156,267.7900085449219,264.75,264.7699890136719,1235000
2019-11-26,253.32769775390625,266.8999938964844,267.3299865722656,265.05999755859375,266.5299987792969,2973100
2019-11-27,251.99888610839844,265.5,267.8699951171875,262.5400085449219,266.9100036621094,1231600
2019-11-29,251.1920928955078,264.6499938964844,267.1000061035156,264.0799865722656,264.4100036621094,1037700
2019-12-02,248.85719299316406,262.19000244140625,266.6499938964844,261.3599853515625,265.2099914550781,1952000
2019-12-03,250.57516479492188,264.0,264.0299987792969,259.45001220703125,260.04998779296875,1317200
2019-12-04,254.80831909179688,268.4599914550781,268.9800109863281,263.3500061035156,263.69000244140625,1008500
2019-12-05,257.731689453125,271.5400085449219,272.1400146484375,268.739990234375,269.55999755859375,1523500
2019-12-06,260.4273376464844,274.3800048828125,275.75,272.010009765625,273.6199951171875,1544500
2019-12-09,258.2253112792969,272.05999755859375,275.19000244140625,271.9200134277344,275.19000244140625,1096800
2019-12-10,257.8455810546875,271.6600036621094,273.5400085449219,270.80999755859375,271.9599914550781,971200
2019-12-11,258.3107604980469,272.1499938964844,273.70001220703125,271.2099914550781,272.75,1267000
2019-12-12,256.5452575683594,270.2900085449219,272.5799865722656,270.20001220703125,272.0899963378906,1779500
2019-12-13,257.4090576171875,271.20001220703125,271.4800109863281,268.19000244140625,269.0799865722656,1468700
2019-12-16,258.7474060058594,272.6099853515625,273.9800109863281,271.25,273.32000732421875,1172800
2019-12-17,257.750732421875,271.55999755859375,274.0299987792969,271.55999755859375,274.0299987792969,1667500
2019-12-18,255.74803161621094,269.45001220703125,272.57000732421875,268.8999938964844,272.3399963378906,1603900
2019-12-19,258.6239929199219,272.4800109863281,272.5199890136719,268.7799987792969,268.9599914550781,1570200
2019-12-20,257.8455810546875,271.6600036621094,273.9100036621094,270.5,272.5,1695100
2019-12-23,257.5704345703125,271.3699951171875,273.44000244140625,270.8999938964844,272.9200134277344,1054400
2019-12-24,258.6429443359375,272.5,273.04998779296875,271.04998779296875,271.8399963378906,363000
2019-12-26,259.6490478515625,273.55999755859375,274.3299865722656,272.42999267578125,273.3299865722656,450300
2019-12-27,260.3418884277344,274.2900085449219,274.8599853515625,272.3900146484375,274.44000244140625,688800
2019-12-30,258.1113586425781,271.94000244140625,274.739990234375,271.010009765625,274.3800048828125,539000
2019-12-31,259.1649475097656,273.04998779296875,273.29998779296875,270.8500061035156,271.510009765625,638900
2020-01-02,263.7113952636719,277.8399963378906,277.8999938964844,273.7200012207031,274.57000732421875,1092300
2020-01-03,262.8286437988281,276.9100036621094,278.20001220703125,274.0299987792969,274.54998779296875,576800
2020-01-06,264.8503723144531,279.0400085449219,279.07000732421875,274.7699890136719,275.6000061035156,875100
2020-01-07,266.69171142578125,280.9800109863281,286.69000244140625,280.9700012207031,283.1199951171875,1253700
2020-01-08,270.5167236328125,285.010009765625,286.80999755859375,281.1300048828125,281.92999267578125,1004500
2020-01-09,274.8543395996094,289.5799865722656,290.8999938964844,285.67999267578125,285.67999267578125,1316100
2020-01-10,274.2469482421875,288.94000244140625,290.9100036621094,288.0899963378906,290.6400146484375,834500
2020-01-13,279.2774353027344,294.239990234375,294.260009765625,288.44000244140625,288.760009765625,961700
2020-01-14,275.4143981933594,290.1700134277344,294.260009765625,289.8999938964844,293.8500061035156,1249100
2020-01-15,279.4101867675781,294.3800048828125,296.1499938964844,290.0,290.0,1066200
2020-01-16,283.02655029296875,298.19000244140625,298.20001220703125,294.0199890136719,296.19000244140625,789500
2020-01-17,281.6977233886719,296.7900085449219,299.44000244140625,295.4100036621094,299.4200134277344,2246600
2020-01-21,281.1376953125,296.20001220703125,297.5899963378906,294.010009765625,294.760009765625,1423500
2020-01-22,282.29571533203125,297.4200134277344,299.5899963378906,296.8800048828125,298.8999938964844,956300
2020-01-23,282.07745361328125,297.19000244140625,297.94000244140625,294.3900146484375,294.3900146484375,813400
2020-01-24,279.83740234375,294.8299865722656,299.1400146484375,293.32000732421875,298.6700134277344,835800
2020-01-27,278.2238464355469,293.1300048828125,293.92999267578125,290.010009765625,291.0,919400
2020-01-28,282.162841796875,297.2799987792969,298.42999267578125,293.3999938964844,294.0899963378906,882400
2020-01-29,282.19122314453125,297.30999755859375,300.7099914550781,297.010009765625,298.9200134277344,760100
2020-01-30,284.6116638183594,299.8599853515625,300.1000061035156,295.2900085449219,296.6400146484375,913900
2020-01-31,278.7933044433594,293.7300109863281,299.8900146484375,292.6700134277344,298.510009765625,1209700
2020-02-03,280.6346130371094,295.6700134277344,297.3699951171875,294.2799987792969,294.6499938964844,1002300
2020-02-04,282.77032470703125,297.9200134277344,300.8900146484375,297.80999755859375,298.9700012207031,1308000
2020-02-05,279.7803649902344,294.7699890136719,300.3599853515625,291.6600036621094,299.57000732421875,1324200
2020-02-06,280.4922180175781,295.5199890136719,298.8900146484375,292.2699890136719,296.9800109863281,1975100
2020-02-07,280.454345703125,295.4800109863281,297.6199951171875,294.739990234375,297.1099853515625,1401600
2020-02-10,281.47943115234375,296.55999755859375,296.7900085449219,293.739990234375,294.42999267578125,1089000
2020-02-11,279.1634826660156,294.1199951171875,298.0799865722656,292.5799865722656,297.17999267578125,1397500
2020-02-12,288.3797302246094,303.8299865722656,304.1400146484375,294.67999267578125,295.3500061035156,1288000
2020-02-13,286.0258483886719,301.3500061035156,303.82000732421875,297.6000061035156,301.9200134277344,1107700
2020-02-14,292.00543212890625,307.6499938964844,307.70001220703125,300.54998779296875,301.7300109863281,979300
2020-02-18,291.1417541503906,306.739990234375,308.92999267578125,304.2799987792969,306.92999267578125,1047000
2020-02-19,295.3370056152344,311.1600036621094,312.94000244140625,307.17999267578125,308.1400146484375,1341100
2020-02-20,287.9810485839844,303.4100036621094,310.3699951171875,300.5199890136719,310.0899963378906,1898500
2020-02-21,278.3377380371094,293.25,301.8800048828125,291.6499938964844,301.4200134277344,2066700
2020-02-24,276.1072082519531,290.8999938964844,292.7300109863281,283.32000732421875,284.80999755859375,2006000
2020-02-25,268.87701416015625,282.6300048828125,292.82000732421875,280.95001220703125,291.25,1439400
2020-02-26,269.01019287109375,282.7699890136719,289.3399963378906,281.3500061035156,283.7200012207031,1460500
2020-02-27,254.15023803710938,267.1499938964844,277.3800048828125,267.1499938964844,276.8500061035156,2298200
2020-02-28,252.97067260742188,265.9100036621094,265.9200134277344,257.0,260.2200012207031,2900400
2020-03-02,275.2319641113281,289.30999755859375,291.2699890136719,269.2200012207031,271.04998779296875,3140800
2020-03-03,266.5082092285156,280.1400146484375,297.6400146484375,277.6600036621094,289.8299865722656,2691800
2020-03-04,281.65350341796875,296.05999755859375,296.239990234375,281.92999267578125,285.0299987792969,1468300
2020-03-05,264.87188720703125,278.4200134277344,289.4800109863281,274.9599914550781,289.29998779296875,1824800
2020-03-06,257.87005615234375,271.05999755859375,272.30999755859375,264.0,268.8900146484375,2513700
2020-03-09,230.70932006835938,242.50999450683594,258.7799987792969,241.9499969482422,249.83999633789062,3947500
2020-03-10,246.55862426757812,259.1700134277344,259.42999267578125,245.67999267578125,252.50999450683594,3059300
2020-03-11,228.66392517089844,240.36000061035156,254.77000427246094,237.22999572753906,250.91000366210938,3389000
2020-03-12,210.68357849121094,221.4600067138672,231.38999938964844,213.6699981689453,224.22999572753906,4659900
2020-03-13,236.02732849121094,248.10000610351562,249.9199981689453,225.67999267578125,237.72999572753906,3394400
2020-03-16,211.3495330810547,222.16000366210938,232.32000732421875,209.69000244140625,222.61000061035156,3119400
2020-03-17,216.58192443847656,227.66000366210938,231.2899932861328,220.14999389648438,228.6199951171875,3205300
2020-03-18,183.68463134765625,193.0800018310547,218.52000427246094,186.05999755859375,212.89999389648438,4235700
2020-03-19,197.66932678222656,207.77999877929688,211.9199981689453,186.74000549316406,192.7899932861328,3203500
2020-03-20,198.63014221191406,208.7899932861328,215.0,205.11000061035156,211.00999450683594,3558500
2020-03-23,182.7047119140625,192.0500030517578,212.02999877929688,191.32000732421875,202.8300018310547,2605100
2020-03-24,208.0198516845703,218.66000366210938,219.39999389648438,199.89999389648438,202.77999877929688,2755800
2020-03-25,216.13479614257812,227.19000244140625,234.6999969482422,217.3300018310547,220.1300048828125,2045300
2020-03-26,233.03054809570312,244.9499969482422,246.5500030517578,230.41000366210938,231.52999877929688,2884200
2020-03-27,228.08363342285156,239.75,246.52999877929688,236.77000427246094,239.0800018310547,2924900
2020-03-30,234.97129821777344,246.99000549316406,248.6300048828125,239.00999450683594,241.41000366210938,2529500
2020-03-31,233.12570190429688,245.0500030517578,248.17999267578125,240.49000549316406,243.9499969482422,3805600
2020-04-01,222.9273681640625,234.3300018310547,239.44000244140625,233.41000366210938,233.9600067138672,3457900
2020-04-02,229.59625244140625,241.33999633789062,241.6999969482422,230.11000061035156,233.33999633789062,1735600
2020-04-03,227.17984008789062,238.8000030517578,241.47999572753906,236.02000427246094,238.3300018310547,2217600
2020-04-06,243.38119506835938,255.8300018310547,257.29998779296875,243.9600067138672,248.22999572753906,2129200
2020-04-07,243.59996032714844,256.05999755859375,265.239990234375,255.74000549316406,264.8599853515625,1678600
2020-04-08,248.7847900390625,261.510009765625,262.0899963378906,255.22999572753906,259.5,1326200
2020-04-09,269.7522888183594,283.54998779296875,284.8800048828125,262.95001220703125,262.95001220703125,2740500
2020-04-13,255.37765502929688,268.44000244140625,280.4100036621094,267.3699951171875,279.5,2900400
2020-04-14,263.8445739746094,277.3399963378906,278.989990234375,271.25,275.6000061035156,2588700
2020-04-15,259.9533996582031,273.25,274.9200134277344,267.1400146484375,270.20001220703125,1594000
2020-04-16,261.1902160644531,274.54998779296875,276.1499938964844,270.8900146484375,274.17999267578125,1265100
2020-04-17,268.8389587402344,282.5899963378906,286.6199951171875,278.2900085449219,282.67999267578125,2667700
2020-04-20,265.58544921875,279.1700134277344,280.6700134277344,276.489990234375,277.8500061035156,1512900
2020-04-21,254.22647094726562,267.2300109863281,273.54998779296875,265.9200134277344,271.25,1856200
2020-04-22,262.57916259765625,276.010009765625,277.3999938964844,269.3999938964844,272.7099914550781,1112200
2020-04-23,265.9564208984375,279.55999755859375,281.29998779296875,276.0299987792969,276.7900085449219,1699400
2020-04-24,270.1233215332031,283.94000244140625,284.5299987792969,280.3800048828125,282.6099853515625,1124500
2020-04-27,277.0205383300781,291.19000244140625,292.04998779296875,285.19000244140625,286.4599914550781,1289700
2020-04-28,281.4346923828125,295.8299865722656,308.4100036621094,292.510009765625,300.0,2048000
2020-04-29,280.0933837890625,294.4200134277344,303.7900085449219,293.4200134277344,303.260009765625,1757100
2020-04-30,278.6282958984375,292.8800048828125,295.1000061035156,288.510009765625,289.2699890136719,1916400
2020-05-01,272.14013671875,286.05999755859375,289.0299987792969,284.0899963378906,287.6700134277344,1152000
2020-05-04,271.8642272949219,285.7699890136719,288.1300048828125,281.07000732421875,283.29998779296875,1187800
2020-05-05,281.0351867675781,295.4100036621094,298.55999755859375,288.3299865722656,289.6199951171875,1049700
2020-05-06,275.279541015625,289.3599853515625,297.44000244140625,288.9200134277344,294.82000732421875,881000
2020-05-07,281.19683837890625,295.5799865722656,297.7699890136719,292.9200134277344,294.54998779296875,1282600
2020-05-08,283.1661682128906,297.6499938964844,300.0,295.7799987792969,300.0,852000
2020-05-11,286.0487060546875,300.67999267578125,303.2799987792969,292.6499938964844,294.0400085449219,1206000
2020-05-12,284.6502380371094,299.2099914550781,307.1700134277344,299.2099914550781,304.9599914550781,1303600
2020-05-13,280.0743103027344,294.3999938964844,302.4800109863281,291.989990234375,297.739990234375,1642500
2020-05-14,285.5159606933594,300.1199951171875,300.260009765625,290.0799865722656,291.4100036621094,1253700
2020-05-15,288.3890380859375,303.1400146484375,304.6300048828125,297.3299865722656,298.3900146484375,1960800
2020-05-18,296.4658508300781,311.6300048828125,316.260009765625,310.6199951171875,311.04998779296875,1773000
2020-05-19,295.9522399902344,311.0899963378906,317.2900085449219,310.6700134277344,311.760009765625,1237700
2020-05-20,298.7205810546875,314.0,317.07000732421875,312.3800048828125,315.3599853515625,801200
2020-05-21,295.63818359375,310.760009765625,316.80999755859375,309.2300109863281,314.2900085449219,725200
2020-05-22,296.6846923828125,311.8599853515625,312.6300048828125,307.5199890136719,310.94000244140625,621500
2020-05-26,297.7811279296875,312.3399963378906,318.8900146484375,311.20001220703125,318.260009765625,1695300
2020-05-27,300.72705078125,315.42999267578125,316.8900146484375,308.1400146484375,316.8900146484375,1182900
2020-05-28,303.9399719238281,318.79998779296875,323.5199890136719,314.79998779296875,317.7699890136719,1928600
2020-05-29,309.8699951171875,325.0199890136719,326.0,318.3599853515625,320.6199951171875,1935800
2020-06-01,312.0437316894531,327.29998779296875,329.57000732421875,323.3699951171875,326.04998779296875,892300
2020-06-02,312.1105041503906,327.3699951171875,327.82000732421875,323.30999755859375,325.82000732421875,1280200
2020-06-03,317.8404235839844,333.3800048828125,334.6400146484375,326.6199951171875,330.1199951171875,1058900
2020-06-04,312.12957763671875,327.3900146484375,333.6000061035156,324.3399963378906,331.1000061035156,1209100
2020-06-05,317.8308410644531,333.3699951171875,334.6600036621094,329.6300048828125,332.4800109863281,1522200
2020-06-08,316.5056457519531,331.9800109863281,333.0799865722656,325.8900146484375,330.8800048828125,1116800
2020-06-09,312.33929443359375,327.6099853515625,330.8599853515625,326.6700134277344,329.239990234375,966600
2020-06-10,315.7428894042969,331.17999267578125,334.0899963378906,326.1199951171875,328.9800109863281,1136400
2020-06-11,292.7185363769531,307.0299987792969,326.17999267578125,306.5,325.0,1663500
2020-06-12,302.1380615234375,316.9100036621094,318.2200012207031,310.0,314.4100036621094,1168700
2020-06-15,304.75030517578125,319.6499938964844,320.8999938964844,308.1099853515625,310.0,998000
2020-06-16,309.78424072265625,324.92999267578125,330.0,319.05999755859375,330.0,912800
2020-06-17,311.1094665527344,326.32000732421875,329.5799865722656,325.1499938964844,326.6199951171875,896700
2020-06-18,311.5766296386719,326.80999755859375,327.7699890136719,323.32000732421875,324.5400085449219,726300
2020-06-19,308.6401672363281,323.7300109863281,333.0,321.2799987792969,332.2699890136719,1932700
2020-06-22,311.14764404296875,326.3599853515625,326.92999267578125,320.7699890136719,323.7099914550781,1330400
2020-06-23,313.2450256347656,328.55999755859375,332.5400085449219,327.010009765625,329.54998779296875,890000
2020-06-24,303.148681640625,317.9700012207031,326.44000244140625,316.3999938964844,324.54998779296875,1298200
2020-06-25,312.53961181640625,327.82000732421875,328.25,316.0,318.3800048828125,1051900
2020-06-26,306.60943603515625,321.6000061035156,327.92999267578125,321.1400146484375,324.8999938964844,2563800
2020-06-29,306.3138732910156,321.2900085449219,325.1499938964844,318.239990234375,325.1499938964844,1298200
2020-06-30,314.1222229003906,329.4800109863281,330.5799865722656,320.4200134277344,321.6099853515625,1823400
2020-07-01,318.9272766113281,334.5199890136719,336.1300048828125,328.69000244140625,330.4200134277344,963200
2020-07-02,317.7164306640625,333.25,339.2900085449219,332.6000061035156,338.3500061035156,707900
2020-07-06,325.124267578125,341.0199890136719,344.04998779296875,337.6000061035156,338.6000061035156,1296500
2020-07-07,325.2862854003906,341.19000244140625,345.6199951171875,339.3900146484375,339.3900146484375,836800
2020-07-08,337.8042907714844,354.32000732421875,354.75,345.3900146484375,345.3900146484375,1121200
2020-07-09,336.2789306640625,352.7200012207031,356.7900085449219,349.44000244140625,353.94000244140625,1126400
2020-07-10,335.4112854003906,351.80999755859375,354.3399963378906,348.5299987792969,353.0199890136719,821000
2020-07-13,329.9579162597656,346.0899963378906,356.4599914550781,344.25,353.0199890136719,919700
2020-07-14,335.249267578125,351.6400146484375,351.80999755859375,343.8500061035156,344.92999267578125,724500
2020-07-15,338.2618713378906,354.79998779296875,357.07000732421875,350.2300109863281,357.07000732421875,613100
2020-07-16,333.2184753417969,349.510009765625,354.6600036621094,346.8500061035156,353.0799865722656,624600
2020-07-17,338.1570739746094,354.69000244140625,355.0899963378906,349.6099853515625,351.4700012207031,577800
2020-07-20,341.3985595703125,358.0899963378906,359.30999755859375,352.6000061035156,352.6000061035156,597700
2020-07-21,338.29052734375,354.8299865722656,359.5,353.260009765625,359.0,611400
2020-07-22,339.8350830078125,356.45001220703125,358.239990234375,353.6400146484375,353.8800048828125,634700
2020-07-23,332.0268249511719,348.260009765625,357.6400146484375,346.2200012207031,354.989990234375,1383300
2020-07-24,333.6571044921875,349.9700012207031,352.30999755859375,345.45001220703125,347.3599853515625,860900
2020-07-27,334.944091796875,351.32000732421875,355.510009765625,349.3900146484375,350.1300048828125,1057800
2020-07-28,331.3974914550781,347.6000061035156,356.57000732421875,343.6199951171875,356.57000732421875,1185300
2020-07-29,343.0860595703125,359.8599853515625,360.0,348.2300109863281,348.2300109863281,1036300
2020-07-30,335.9451599121094,352.3699951171875,356.6300048828125,348.6600036621094,354.3599853515625,1122600
2020-07-31,333.9240417480469,350.25,354.739990234375,344.7200012207031,353.6600036621094,1126800
2020-08-03,334.33392333984375,350.67999267578125,355.2799987792969,349.5400085449219,352.760009765625,673300
2020-08-04,329.65283203125,345.7699890136719,350.8999938964844,342.1300048828125,348.5,1116300
2020-08-05,331.19732666015625,347.3900146484375,349.95001220703125,345.6499938964844,347.0199890136719,712200
2020-08-06,336.1358642578125,352.57000732421875,352.7300109863281,346.3500061035156,347.1400146484375,623300
2020-08-07,331.08294677734375,347.2699890136719,351.489990234375,341.6600036621094,350.0,828000
2020-08-10,328.0321350097656,344.07000732421875,345.30999755859375,340.4800109863281,345.0,552700
2020-08-11,327.6889343261719,343.7099914550781,349.7099914550781,341.7300109863281,344.92999267578125,745100
2020-08-12,332.9133605957031,349.19000244140625,353.0,347.0299987792969,347.44000244140625,522200
2020-08-13,339.5299377441406,356.1300048828125,356.4700012207031,347.3900146484375,347.3900146484375,723000
2020-08-14,335.849853515625,352.2699890136719,357.75,350.8500061035156,354.4800109863281,530800
2020-08-17,340.4928894042969,357.1400146484375,359.8500061035156,353.2699890136719,353.2699890136719,618800
2020-08-18,343.333984375,360.1199951171875,362.2799987792969,356.5,357.1499938964844,561100
2020-08-19,341.41766357421875,358.1099853515625,363.1000061035156,357.75,361.7900085449219,1018900
2020-08-20,344.3826904296875,361.2200012207031,361.4800109863281,355.010009765625,355.1199951171875,735500
2020-08-21,345.1358337402344,362.010009765625,363.3699951171875,358.3500061035156,361.7900085449219,722500
2020-08-24,343.2196044921875,360.0,365.0,358.25,364.0799865722656,588500
2020-08-25,342.4267883300781,358.5,361.2900085449219,357.1499938964844,361.1600036621094,528200
2020-08-26,348.07177734375,364.4100036621094,367.4100036621094,357.1600036621094,358.0,676900
2020-08-27,347.6610412597656,363.9800109863281,367.5400085449219,359.8800048828125,365.7300109863281,600600
2020-08-28,350.38323974609375,366.8299865722656,367.07000732421875,363.25,365.6300048828125,509900
2020-08-31,349.99169921875,366.4200134277344,369.2799987792969,364.2699890136719,369.1199951171875,775300
2020-09-01,351.8733215332031,368.3900146484375,369.7699890136719,364.8399963378906,366.2200012207031,564900
2020-09-02,361.4441223144531,378.4100036621094,379.8699951171875,369.739990234375,370.1400146484375,764900
2020-09-03,337.8324279785156,353.69000244140625,376.67999267578125,351.75,376.3999938964844,1352100
2020-09-04,329.7039794921875,345.17999267578125,356.5199890136719,337.7900085449219,353.6600036621094,1275000
2020-09-08,325.3866882324219,340.6600036621094,344.9100036621094,335.04998779296875,339.6600036621094,1055000
2020-09-09,336.0080871582031,351.7799987792969,356.3599853515625,344.8800048828125,346.0,842900
2020-09-10,329.0353698730469,344.4800109863281,354.69000244140625,342.5299987792969,351.5799865722656,679600
2020-09-11,333.15203857421875,348.7900085449219,351.2200012207031,345.70001220703125,347.32000732421875,681900
2020-09-14,337.2593078613281,353.0899963378906,356.80999755859375,352.0,352.5199890136719,628500
2020-09-15,341.1850891113281,357.20001220703125,360.5299987792969,354.6300048828125,357.4200134277344,779300
2020-09-16,341.5098571777344,357.5400085449219,360.0400085449219,355.6499938964844,355.8699951171875,907100
2020-09-17,335.9603576660156,351.7300109863281,358.20001220703125,349.04998779296875,352.6600036621094,783700
2020-09-18,335.2726135253906,351.010009765625,354.7699890136719,348.75,352.1300048828125,992700
2020-09-21,335.15789794921875,350.8900146484375,351.2099914550781,342.0899963378906,345.8800048828125,1129800
2020-09-22,334.47027587890625,350.1700134277344,353.4100036621094,344.57000732421875,351.3299865722656,748200
2020-09-23,327.67901611328125,343.05999755859375,352.1700134277344,342.69000244140625,350.5199890136719,628100
2020-09-24,330.3630065917969,345.8699951171875,348.3999938964844,342.0899963378906,343.20001220703125,644400
2020-09-25,337.0299987792969,352.8500061035156,354.8800048828125,344.5199890136719,345.1099853515625,578700
2020-09-28,339.6089782714844,355.54998779296875,359.67999267578125,355.1199951171875,357.2099914550781,741500
2020-09-29,340.97491455078125,356.9800109863281,360.32000732421875,354.54998779296875,355.94000244140625,580900
2020-09-30,344.4326171875,360.6000061035156,363.7099914550781,355.6199951171875,357.0,1012000
2020-10-01,347.4222412109375,363.7300109863281,368.1400146484375,361.2900085449219,364.8900146484375,650300
2020-10-02,346.7059631347656,362.9800109863281,365.5,357.07000732421875,359.8699951171875,719500
2020-10-05,348.606689453125,364.9700012207031,365.9800109863281,361.9800109863281,365.70001220703125,517300
2020-10-06,338.4245910644531,354.30999755859375,367.2300109863281,354.04998779296875,367.2300109863281,776300
2020-10-07,338.9881896972656,354.8999938964844,358.8299865722656,351.8800048828125,355.9200134277344,703100
2020-10-08,341.1850891113281,357.20001220703125,360.7799987792969,355.0799865722656,355.6700134277344,547800
2020-10-09,340.7647399902344,356.760009765625,359.7099914550781,356.05999755859375,358.9800109863281,812200
2020-10-12,343.9455261230469,360.0899963378906,364.0899963378906,358.17999267578125,361.6400146484375,687200
2020-10-13,338.12847900390625,354.0,360.0899963378906,352.44000244140625,360.0899963378906,1163900
2020-10-14,335.7501525878906,351.510009765625,357.3500061035156,350.3399963378906,356.9800109863281,811700
2020-10-15,331.8722229003906,347.45001220703125,351.5400085449219,345.2799987792969,347.80999755859375,963000
2020-10-16,332.5599060058594,348.1700134277344,351.9800109863281,346.69000244140625,348.0,1109600
2020-10-19,325.8545837402344,341.1499938964844,352.239990234375,340.4200134277344,349.25,731500
2020-10-20,324.8994445800781,340.1499938964844,343.8599853515625,339.29998779296875,340.3299865722656,1032500
2020-10-21,322.7598876953125,337.9100036621094,344.7200012207031,337.2699890136719,342.510009765625,691100
2020-10-22,322.1294860839844,337.25,339.82000732421875,334.30999755859375,337.5799865722656,1001900
2020-10-23,322.301513671875,337.42999267578125,339.69000244140625,335.1300048828125,339.0,688600
2020-10-26,318.5953674316406,333.54998779296875,336.3399963378906,330.3999938964844,333.1600036621094,893600
2020-10-27,316.0164489746094,330.8500061035156,336.0299987792969,328.8500061035156,330.0,1482700
2020-10-28,312.052490234375,326.70001220703125,329.57000732421875,322.1199951171875,325.010009765625,1505600
2020-10-29,311.1355285644531,325.739990234375,329.4100036621094,319.510009765625,327.4100036621094,876400
2020-10-30,308.2604675292969,322.7300109863281,329.7799987792969,319.0400085449219,323.4599914550781,1464400
2020-11-02,313.2177429199219,327.9200134277344,335.5,325.7699890136719,328.57000732421875,1305100
2020-11-03,319.7415771484375,334.75,337.8800048828125,329.57000732421875,331.9700012207031,1186600
2020-11-04,335.3585510253906,351.1000061035156,357.69000244140625,338.0799865722656,338.2900085449219,1603700
2020-11-05,340.02935791015625,355.989990234375,360.8500061035156,352.6600036621094,358.05999755859375,1317500
2020-11-06,338.4723205566406,354.3599853515625,356.7900085449219,348.1199951171875,355.4700012207031,1072300
2020-11-09,330.8788757324219,346.4100036621094,368.2699890136719,345.6300048828125,368.19000244140625,1316100
2020-11-10,320.07586669921875,335.1000061035156,346.989990234375,333.6099853515625,345.1300048828125,1488600
2020-11-11,328.54815673828125,343.9700012207031,348.0199890136719,337.0,337.67999267578125,975900
2020-11-12,326.39910888671875,341.7200012207031,345.2300109863281,338.5,344.3900146484375,697900
2020-11-13,326.590087890625,341.9200134277344,344.8699951171875,337.55999755859375,343.3599853515625,941200
2020-11-16,324.3932800292969,339.6199951171875,345.3599853515625,337.45001220703125,341.010009765625,1407700
2020-11-17,321.56597900390625,336.6600036621094,341.19000244140625,336.25,338.29998779296875,1052200
2020-11-18,321.39398193359375,336.4800109863281,339.3800048828125,334.8599853515625,337.8599853515625,943500
2020-11-19,323.44769287109375,338.6300048828125,339.9599914550781,334.55999755859375,338.05999755859375,1111200
2020-11-20,323.11328125,338.2799987792969,342.4599914550781,336.6499938964844,338.0,825200
2020-11-23,322.0053405761719,337.1199951171875,341.5400085449219,333.6400146484375,339.260009765625,893200
2020-11-24,319.8614501953125,334.2099914550781,339.0,333.8599853515625,336.6000061035156,1469700
2020-11-25,323.5270690917969,338.0400085449219,338.1600036621094,333.8999938964844,335.3699951171875,1013900
2020-11-27,326.905517578125,341.57000732421875,344.1300048828125,339.1499938964844,340.5,407700
2020-11-30,336.67718505859375,351.7799987792969,353.1600036621094,342.25,343.3299865722656,3327300
2020-12-01,319.966796875,334.32000732421875,352.7300109863281,333.0,352.7300109863281,2256000
2020-12-02,318.9713439941406,333.2799987792969,338.67999267578125,330.7699890136719,338.6199951171875,1713100
2020-12-03,312.5877990722656,326.6099853515625,334.6000061035156,325.6600036621094,330.3599853515625,1745500
2020-12-04,324.8764953613281,339.45001220703125,339.5,329.0400085449219,330.79998779296875,3059500
2020-12-07,321.8043518066406,336.239990234375,340.19000244140625,332.8500061035156,338.2300109863281,1691400
2020-12-08,319.37335205078125,333.70001220703125,336.92999267578125,333.1300048828125,335.29998779296875,1637400
2020-12-09,313.22894287109375,327.2799987792969,335.1600036621094,323.8999938964844,334.25,2000300
2020-12-10,311.8412780761719,325.8299865722656,329.17999267578125,323.8500061035156,327.2300109863281,1475200
2020-12-11,310.8746032714844,324.82000732421875,329.0400085449219,323.260009765625,324.8999938964844,1429000
2020-12-14,309.7835388183594,323.67999267578125,328.7799987792969,323.2699890136719,327.42999267578125,1666900
2020-12-15,309.9366149902344,323.8399963378906,326.67999267578125,323.260009765625,324.7900085449219,1207600
2020-12-16,307.0942077636719,320.8699951171875,325.5,319.739990234375,325.5,1809000
2020-12-17,307.2760925292969,321.05999755859375,322.8900146484375,316.42999267578125,322.8900146484375,3021600
2020-12-18,308.6542053222656,322.5,323.4200134277344,319.1600036621094,321.25,2981100
2020-12-21,305.8594970703125,319.5799865722656,319.9200134277344,311.67999267578125,318.70001220703125,2211400
2020-12-22,305.2374572753906,318.92999267578125,320.25,314.92999267578125,318.54998779296875,1627500
2020-12-23,300.1650390625,313.6300048828125,321.57000732421875,313.55999755859375,320.0,1047600
2020-12-24,302.9883117675781,316.5799865722656,316.94000244140625,313.2300109863281,313.2300109863281,490800
2020-12-28,304.38568115234375,318.0400085449219,319.0199890136719,314.3699951171875,318.92999267578125,1030500
2020-12-29,307.6875305175781,321.489990234375,322.9100036621094,319.7900085449219,320.489990234375,1058600
2020-12-30,309.7357177734375,323.6300048828125,324.2900085449219,320.760009765625,322.7099914550781,1340000
2020-12-31,314.6167907714844,328.7300109863281,328.8500061035156,323.30999755859375,324.29998779296875,1014200
2021-01-04,318.9427490234375,333.25,336.7300109863281,330.5,331.7099914550781,3231000
2021-01-05,314.34881591796875,328.45001220703125,334.6499938964844,325.0899963378906,331.7799987792969,2012800
2021-01-06,314.74114990234375,328.8599853515625,330.4800109863281,324.1499938964844,327.05999755859375,1638300
2021-01-07,314.9421081542969,329.07000732421875,333.4700012207031,326.3900146484375,329.4200134277344,1856700
2021-01-08,312.8174743652344,326.8500061035156,331.20001220703125,322.69000244140625,331.20001220703125,1493900
2021-01-11,305.49591064453125,319.20001220703125,325.45001220703125,318.69000244140625,324.760009765625,1545600
2021-01-12,302.29937744140625,315.8599853515625,319.75,313.260009765625,319.75,2271500
2021-01-13,298.65289306640625,312.04998779296875,315.5199890136719,311.3599853515625,314.6000061035156,1936900
2021-01-14,293.0348815917969,306.17999267578125,316.3999938964844,305.0,312.95001220703125,1910400
2021-01-15,292.81475830078125,305.95001220703125,307.7200012207031,303.5400085449219,306.3999938964844,2701800
2021-01-19,299.69610595703125,313.1400146484375,314.1199951171875,306.7099914550781,307.5,2224000
2021-01-20,308.1182861328125,321.94000244140625,324.45001220703125,315.010009765625,317.67999267578125,2799500
2021-01-21,304.0794372558594,317.7200012207031,322.989990234375,316.5799865722656,320.1099853515625,1622200
2021-01-22,301.6101989746094,315.1400146484375,320.6099853515625,315.05999755859375,316.7699890136719,1519100
2021-01-25,301.4091796875,314.92999267578125,318.2200012207031,311.7099914550781,316.0400085449219,1453800
2021-01-26,305.3140869140625,319.010009765625,321.0400085449219,313.2799987792969,315.3699951171875,1479500
2021-01-27,293.1496887207031,306.29998779296875,327.6499938964844,303.5,318.1000061035156,3074900
2021-01-28,305.27581787109375,318.9700012207031,323.67999267578125,307.07000732421875,308.7099914550781,2721800
2021-01-29,303.3902893066406,317.0,320.1499938964844,311.8699951171875,314.6700134277344,2734500
2021-02-01,308.0225830078125,321.8399963378906,322.8900146484375,317.17999267578125,319.75,1774600
2021-02-02,315.92791748046875,330.1000061035156,332.1499938964844,324.0799865722656,324.2300109863281,2397000
2021-02-03,310.3291015625,324.25,330.0,324.1700134277344,330.0,1705100
2021-02-04,314.34881591796875,328.45001220703125,328.4700012207031,324.25,324.69000244140625,1172500
2021-02-05,310.10894775390625,324.0199890136719,332.4599914550781,323.4800109863281,328.95001220703125,2153300
2021-02-08,311.46795654296875,325.44000244140625,326.29998779296875,322.94000244140625,325.55999755859375,1250100
2021-02-09,318.11962890625,332.3900146484375,338.4700012207031,326.67999267578125,330.0,3154600
2021-02-10,318.7034912109375,333.0,336.8500061035156,330.6400146484375,334.9700012207031,1810400
2021-02-11,324.81915283203125,339.3900146484375,339.80999755859375,333.0,334.3500061035156,1627400
2021-02-12,324.8764953613281,339.45001220703125,340.54998779296875,337.239990234375,337.6700134277344,2033700
2021-02-16,323.80462646484375,338.3299865722656,342.0,336.5,342.0,2280100
2021-02-17,324.37884521484375,338.92999267578125,339.0899963378906,334.6199951171875,335.3599853515625,1344900
2021-02-18,323.9289855957031,338.4599914550781,341.0400085449219,337.0899963378906,337.0899963378906,1155000
2021-02-19,324.6754455566406,339.239990234375,341.9200134277344,338.4800109863281,339.1300048828125,1251800
2021-02-22,318.9809875488281,333.2900085449219,339.239990234375,331.5899963378906,339.239990234375,1542100
2021-02-23,311.9398193359375,325.17999267578125,331.9100036621094,323.07000732421875,331.9100036621094,2261600
2021-02-24,318.2807312011719,331.7900085449219,332.17999267578125,322.3699951171875,326.0,1663000
2021-02-25,317.09112548828125,330.54998779296875,335.7300109863281,329.4599914550781,331.489990234375,2584200
2021-02-26,315.94964599609375,329.3599853515625,333.2699890136719,326.3900146484375,332.0400085449219,1691000
2021-03-01,323.7869567871094,337.5299987792969,338.8999938964844,330.1700134277344,331.5199890136719,1175100
2021-03-02,319.3838195800781,332.94000244140625,337.4100036621094,332.7300109863281,336.2099914550781,1748500
2021-03-03,313.2348327636719,326.5299987792969,331.6600036621094,326.2799987792969,330.19000244140625,1690300
2021-03-04,314.2037658691406,327.5400085449219,334.54998779296875,325.5,326.2300109863281,2134300
2021-03-05,320.8995361328125,334.5199890136719,334.80999755859375,327.30999755859375,330.0,2235600
2021-03-08,328.7656555175781,342.7200012207031,346.6600036621094,333.4700012207031,334.010009765625,1854600
2021-03-09,328.1900634765625,342.1199951171875,351.3699951171875,341.8599853515625,347.3399963378906,2063300
2021-03-10,330.329345703125,344.3500061035156,345.0,340.45001220703125,343.510009765625,1263200
2021-03-11,331.08709716796875,345.1400146484375,346.7099914550781,342.739990234375,345.79998779296875,1702500
2021-03-12,331.5379638671875,345.6099853515625,346.2300109863281,341.29998779296875,345.1400146484375,1226500
2021-03-15,337.1785888671875,351.489990234375,351.7900085449219,344.5400085449219,344.5400085449219,1511500
2021-03-16,334.41583251953125,348.6099853515625,357.95001220703125,347.7799987792969,352.2900085449219,1332900
2021-03-17,335.9315185546875,350.19000244140625,351.2900085449219,345.7300109863281,348.0799865722656,1493000
2021-03-18,334.2718505859375,348.4599914550781,352.239990234375,343.1300048828125,350.5799865722656,1718300
2021-03-19,333.226318359375,347.3699951171875,349.6300048828125,346.2799987792969,347.04998779296875,2317000
2021-03-22,331.47088623046875,345.5400085449219,350.7099914550781,344.6499938964844,345.9700012207031,922100
2021-03-23,332.7083435058594,346.8299865722656,348.3399963378906,342.6000061035156,345.5899963378906,1619500
2021-03-24,337.46636962890625,351.7900085449219,353.17999267578125,346.260009765625,347.05999755859375,1069000
2021-03-25,336.9962463378906,351.29998779296875,351.8599853515625,347.79998779296875,351.8599853515625,1388800
2021-03-26,344.91046142578125,359.54998779296875,359.5899963378906,351.07000732421875,351.7699890136719,1152700
2021-03-29,347.0112609863281,361.739990234375,362.1499938964844,358.239990234375,358.6700134277344,1464400
2021-03-30,338.416015625,352.7799987792969,359.6400146484375,352.30999755859375,359.1700134277344,1261800
2021-03-31,338.50238037109375,352.8699951171875,355.7300109863281,351.5799865722656,353.510009765625,1116200
2021-04-01,347.8841552734375,362.6499938964844,362.9700012207031,355.510009765625,359.44000244140625,1242800
2021-04-05,352.2201843261719,367.1700134277344,368.4100036621094,361.3699951171875,363.20001220703125,997500
2021-04-06,350.95391845703125,365.8500061035156,368.2900085449219,364.3500061035156,366.0799865722656,937200
2021-04-07,346.4931945800781,361.20001220703125,367.0799865722656,359.4100036621094,365.2300109863281,1260000
2021-04-08,350.7236328125,365.6099853515625,369.07000732421875,362.0,364.3999938964844,945900
2021-04-09,354.07159423828125,369.1000061035156,369.29998779296875,363.67999267578125,366.3999938964844,1323700
2021-04-12,355.9997253417969,371.1099853515625,371.7699890136719,366.20001220703125,368.5400085449219,1035500
2021-04-13,357.78399658203125,372.9700012207031,374.7200012207031,369.1700134277344,369.1700134277344,947800
2021-04-14,356.88232421875,372.0299987792969,376.7900085449219,371.010009765625,374.1400146484375,893100
2021-04-15,359.7984924316406,375.07000732421875,376.4100036621094,372.9700012207031,374.3299865722656,965800
2021-04-16,362.6763000488281,378.07000732421875,378.32000732421875,374.1700134277344,378.1300048828125,2062200
2021-04-19,361.1127014160156,376.44000244140625,379.05999755859375,375.79998779296875,377.510009765625,977800
2021-04-20,363.62603759765625,379.05999755859375,379.30999755859375,372.94000244140625,375.0,1516600
2021-04-21,367.1753845214844,382.760009765625,383.1700134277344,379.3900146484375,380.0,1180600
2021-04-22,367.7029724121094,383.30999755859375,385.4700012207031,380.8900146484375,381.04998779296875,1052800
2021-04-23,372.33636474609375,388.1400146484375,389.42999267578125,383.6099853515625,385.0400085449219,1234100
2021-04-26,368.2976989746094,383.92999267578125,388.3399963378906,383.3999938964844,388.3399963378906,924200
2021-04-27,368.4991760253906,384.1400146484375,386.44000244140625,381.2200012207031,385.6700134277344,1288000
2021-04-28,364.60455322265625,380.0799865722656,388.4200134277344,380.05999755859375,387.2300109863281,1551100
2021-04-29,376.71063232421875,392.70001220703125,393.54998779296875,382.4800109863281,385.0,1663100
2021-04-30,374.4947204589844,390.3900146484375,394.94000244140625,388.4800109863281,391.0400085449219,1492400
2021-05-03,377.86181640625,393.8999938964844,394.1199951171875,390.17999267578125,391.010009765625,1031000
2021-05-04,380.9602966308594,397.1300048828125,397.1300048828125,391.239990234375,392.3800048828125,1735600
2021-05-05,376.0967102050781,392.05999755859375,398.54998779296875,391.32000732421875,398.0,1080000
2021-05-06,373.70819091796875,389.57000732421875,394.1000061035156,385.989990234375,393.7900085449219,1613000
2021-05-07,374.8016662597656,390.7099914550781,391.6199951171875,388.79998779296875,390.760009765625,1068900
2021-05-10,374.4659118652344,390.3599853515625,396.0,389.8699951171875,392.6199951171875,1319500
2021-05-11,364.21124267578125,379.6700134277344,386.32000732421875,378.17999267578125,385.0,1902800
2021-05-12,354.63751220703125,369.69000244140625,378.0400085449219,368.0199890136719,377.4800109863281,1690000
2021-05-13,364.239990234375,379.70001220703125,380.44000244140625,371.1400146484375,372.19000244140625,1888100
2021-05-14,363.7220458984375,379.1600036621094,380.989990234375,377.260009765625,380.0299987792969,1563300
2021-05-17,359.68341064453125,374.95001220703125,379.1000061035156,373.3800048828125,379.1000061035156,1561400
2021-05-18,355.0500183105469,370.1199951171875,374.95001220703125,370.010009765625,374.8299865722656,1027200
2021-05-19,355.5776062011719,370.6700134277344,370.7799987792969,364.1199951171875,366.9100036621094,1128600
2021-05-20,359.280517578125,374.5299987792969,377.3399963378906,371.510009765625,371.57000732421875,1150900
2021-05-21,362.1295471191406,377.5,379.3299865722656,375.1000061035156,375.4599914550781,1539700
2021-05-24,363.616455078125,379.04998779296875,383.3299865722656,378.0,378.0799865722656,1205900
2021-05-25,363.91436767578125,378.5899963378906,381.6099853515625,378.239990234375,380.4100036621094,952500
2021-05-26,363.9913024902344,378.6700134277344,381.20001220703125,377.3399963378906,379.44000244140625,871500
2021-05-27,365.78887939453125,380.5400085449219,382.9100036621094,377.17999267578125,378.5299987792969,1226600
2021-05-28,364.76025390625,379.4700012207031,383.6099853515625,378.7699890136719,383.44000244140625,1760900
2021-06-01,358.9832763671875,373.4599914550781,382.3500061035156,372.94000244140625,382.17999267578125,1415200
2021-06-02,365.1063537597656,379.8299865722656,380.79998779296875,373.29998779296875,373.29998779296875,1380200
2021-06-03,366.56744384765625,381.3500061035156,382.5799865722656,375.2300109863281,378.6000061035156,1471000
2021-06-04,369.6722412109375,384.5799865722656,385.1300048828125,381.05999755859375,381.9200134277344,938200
2021-06-07,366.4520568847656,381.2300109863281,385.6700134277344,380.6400146484375,384.79998779296875,800300
2021-06-08,369.4897155761719,384.3900146484375,384.6099853515625,379.0899963378906,381.239990234375,1179600
2021-06-09,369.7010498046875,384.6099853515625,386.989990234375,383.94000244140625,386.45001220703125,969100
2021-06-10,371.7388916015625,386.7300109863281,387.57000732421875,382.44000244140625,384.0,831700
2021-06-11,377.275634765625,392.489990234375,392.94000244140625,387.4100036621094,388.5299987792969,1085600
2021-06-14,381.0051574707031,396.3699951171875,396.5199890136719,388.17999267578125,388.8599853515625,1375300
2021-06-15,380.6688537597656,396.0199890136719,399.1099853515625,395.1400146484375,398.80999755859375,1813800
2021-06-16,377.53509521484375,392.760009765625,399.1199951171875,390.7200012207031,397.04998779296875,1346000
2021-06-17,384.6483154296875,400.1600036621094,401.2699890136719,393.5299987792969,393.7300109863281,2122100
2021-06-18,375.5646057128906,390.7099914550781,399.3299865722656,389.75,398.5799865722656,2394900
2021-06-21,384.0330810546875,399.5199890136719,400.19000244140625,389.7699890136719,392.8299865722656,1431800
2021-06-22,388.204833984375,403.8599853515625,404.8900146484375,396.8699951171875,398.8999938964844,1343200
2021-06-23,385.29229736328125,400.8299865722656,404.80999755859375,400.6400146484375,403.6499938964844,1254500
2021-06-24,395.2410888671875,411.17999267578125,412.4599914550781,402.1499938964844,404.0799865722656,2135500
2021-06-25,396.3753356933594,412.3599853515625,412.92999267578125,407.5799865722656,410.8399963378906,1980300
2021-06-28,394.8758239746094,410.79998779296875,414.7699890136719,410.42999267578125,412.0,1058300
2021-06-29,394.6642761230469,410.5799865722656,411.8599853515625,402.6000061035156,405.75,1709500
2021-06-30,394.5393981933594,410.45001220703125,411.5400085449219,408.20001220703125,409.8699951171875,1469400
2021-07-01,396.2215881347656,412.20001220703125,414.010009765625,410.5299987792969,411.94000244140625,938700
2021-07-02,398.55731201171875,414.6300048828125,415.2099914550781,411.739990234375,413.1499938964844,874200
2021-07-06,399.55706787109375,415.6700134277344,416.6499938964844,410.1700134277344,415.0,1166500
2021-07-07,402.9117736816406,419.1600036621094,419.9599914550781,414.3399963378906,416.9100036621094,714100
2021-07-08,400.8932800292969,417.05999755859375,419.30999755859375,414.739990234375,414.8399963378906,1418100
2021-07-09,398.60546875,414.67999267578125,419.4800109863281,410.7699890136719,417.3500061035156,1534900
2021-07-12,395.78900146484375,411.75,417.7300109863281,408.9700012207031,416.3999938964844,1581700
2021-07-13,393.09759521484375,408.95001220703125,412.8500061035156,408.0299987792969,410.7900085449219,1143100
2021-07-14,394.6642761230469,410.5799865722656,410.79998779296875,407.57000732421875,409.0,810900
2021-07-15,395.56787109375,411.5199890136719,413.0,409.1199951171875,409.1199951171875,845900
2021-07-16,398.3554992675781,414.4200134277344,415.260009765625,411.6300048828125,413.1099853515625,905800
2021-07-19,393.2897644042969,409.1499938964844,414.9700012207031,406.1000061035156,411.57000732421875,1226600
2021-07-20,400.2395324707031,416.3800048828125,419.3800048828125,408.760009765625,410.5,922700
2021-07-21,400.8932800292969,417.05999755859375,420.6199951171875,416.6600036621094,418.1499938964844,985500
2021-07-22,402.3734436035156,418.6000061035156,419.4800109863281,415.989990234375,418.8900146484375,822000
2021-07-23,402.27728271484375,418.5,422.70001220703125,417.7799987792969,420.70001220703125,994800
2021-07-26,397.3750305175781,413.3999938964844,418.8800048828125,408.510009765625,416.6400146484375,1167000
2021-07-27,396.7886962890625,412.7900085449219,415.42999267578125,407.9200134277344,412.3999938964844,1828600
2021-07-28,395.63519287109375,411.5899963378906,416.44000244140625,409.2900085449219,415.20001220703125,1474300
2021-07-29,407.1507873535156,423.57000732421875,427.92999267578125,416.0,419.79998779296875,1833300
2021-07-30,412.1012268066406,428.7200012207031,429.92999267578125,422.5199890136719,424.04998779296875,1572000
2021-08-02,417.41680908203125,434.25,436.1600036621094,428.54998779296875,430.6000061035156,1968800
2021-08-03,419.14697265625,436.04998779296875,436.0799865722656,428.489990234375,434.1499938964844,1645300
2021-08-04,422.46331787109375,439.5,444.6400146484375,434.3399963378906,436.04998779296875,2280700
2021-08-05,424.59722900390625,441.7200012207031,443.8299865722656,436.82000732421875,441.1199951171875,1391100
2021-08-06,424.4626770019531,441.5799865722656,442.3900146484375,437.32000732421875,441.0199890136719,1140100
2021-08-09,419.2047424316406,436.1099853515625,442.0,434.489990234375,440.9700012207031,1238500
2021-08-10,417.6474914550781,434.489990234375,438.7699890136719,433.29998779296875,438.7699890136719,879600
2021-08-11,416.7920837402344,433.6000061035156,437.19000244140625,431.1000061035156,435.54998779296875,1035700
2021-08-12,419.8199157714844,436.75,437.0299987792969,432.44000244140625,435.8800048828125,923100
2021-08-13,424.616455078125,441.739990234375,442.05999755859375,436.4599914550781,438.0,1021900
2021-08-16,428.81707763671875,446.1099853515625,446.2900085449219,438.45001220703125,440.8299865722656,1085200
2021-08-17,426.9618835449219,444.17999267578125,445.2799987792969,441.3699951171875,444.29998779296875,950000
2021-08-18,413.3315124511719,430.0,445.0,429.75,445.0,1694700
2021-08-19,417.1188049316406,433.94000244140625,435.17999267578125,422.7900085449219,424.9100036621094,1585000
2021-08-20,420.5600891113281,437.5199890136719,439.239990234375,431.8500061035156,433.6700134277344,1622000
2021-08-23,422.00189208984375,439.0199890136719,442.3900146484375,436.8800048828125,439.9599914550781,874000
2021-08-24,420.63702392578125,437.6000061035156,441.489990234375,437.0,440.6400146484375,854200
2021-08-25,421.6191711425781,437.8500061035156,438.260009765625,433.3599853515625,437.1300048828125,572800
2021-08-26,420.9547424316406,437.1600036621094,439.0899963378906,433.7699890136719,439.0899963378906,543500
2021-08-27,422.0524597167969,438.29998779296875,440.82000732421875,436.0799865722656,439.0400085449219,838400
2021-08-30,427.6084899902344,444.07000732421875,446.260009765625,438.0,440.42999267578125,908800
2021-08-31,427.3678283691406,443.82000732421875,446.6300048828125,442.8800048828125,444.42999267578125,994400
2021-09-01,431.9898986816406,448.6199951171875,450.4700012207031,442.010009765625,445.3500061035156,961300
2021-09-02,432.74102783203125,449.3999938964844,453.6000061035156,446.0899963378906,451.5400085449219,844500
2021-09-03,435.32171630859375,452.0799865722656,454.1600036621094,447.6700134277344,449.4800109863281,997400
2021-09-07,430.16033935546875,446.7200012207031,452.29998779296875,443.0400085449219,451.7699890136719,964200
2021-09-08,433.90606689453125,450.6099853515625,451.8999938964844,445.5799865722656,447.5199890136719,1010800
2021-09-09,434.65716552734375,451.3900146484375,456.6300048828125,450.0899963378906,454.0199890136719,1079000
2021-09-10,433.5498352050781,450.239990234375,455.0299987792969,449.29998779296875,452.2099914550781,972100
2021-09-13,432.76031494140625,449.4200134277344,456.5899963378906,443.8299865722656,453.8299865722656,1365600
2021-09-14,434.8497619628906,451.5899963378906,455.1499938964844,449.29998779296875,449.67999267578125,801700
2021-09-15,435.3890380859375,452.1499938964844,454.17999267578125,448.55999755859375,453.989990234375,891900
2021-09-16,437.2186279296875,454.04998779296875,455.05999755859375,451.3399963378906,451.8399963378906,1120000
2021-09-17,429.8714904785156,446.4200134277344,453.80999755859375,445.0400085449219,452.1499938964844,1482500
2021-09-20,428.37896728515625,444.8699951171875,445.55999755859375,439.29998779296875,440.6099853515625,1088200
2021-09-21,428.6966857910156,445.20001220703125,448.0,443.6600036621094,447.1400146484375,743900
2021-09-22,429.12042236328125,445.6400146484375,448.9800109863281,441.45001220703125,448.9800109863281,1103800
2021-09-23,434.92694091796875,451.6700134277344,455.3999938964844,448.07000732421875,448.32000732421875,1092300
2021-09-24,436.2845153808594,453.0799865722656,453.1400146484375,449.1400146484375,449.8999938964844,552700
2021-09-27,428.8218078613281,445.3299865722656,451.5899963378906,441.5299987792969,451.4100036621094,780900
2021-09-28,410.3143310546875,426.1099853515625,442.010009765625,420.0299987792969,438.6600036621094,1940200
2021-09-29,410.8053894042969,426.6199951171875,431.04998779296875,424.3299865722656,429.0,1145400
2021-09-30,409.1396179199219,424.8900146484375,432.80999755859375,424.5799865722656,429.3399963378906,1248900
2021-10-01,412.4809875488281,428.3599853515625,429.739990234375,421.0,426.0299987792969,1262300
2021-10-04,400.4347229003906,415.8500061035156,428.4100036621094,414.94000244140625,426.42999267578125,1160000
2021-10-05,409.37060546875,425.1300048828125,428.20001220703125,417.2200012207031,419.6700134277344,1194300
2021-10-06,411.9032287597656,427.760009765625,428.30999755859375,418.79998779296875,421.1099853515625,854200
2021-10-07,416.75634765625,432.79998779296875,436.7099914550781,431.6099853515625,432.3999938964844,752200
2021-10-08,413.79052734375,429.7200012207031,432.260009765625,426.17999267578125,431.79998779296875,591000
2021-10-11,412.60601806640625,428.489990234375,434.4700012207031,426.17999267578125,427.7900085449219,653900
2021-10-12,414.70526123046875,430.6700134277344,434.8800048828125,426.1499938964844,431.44000244140625,1423500
2021-10-13,414.47418212890625,430.42999267578125,433.5,424.5400085449219,433.0,1271300
2021-10-14,425.4034423828125,441.7799987792969,445.989990234375,433.8900146484375,435.44000244140625,1436700
2021-10-15,427.4641418457031,443.9200134277344,446.4800109863281,442.6400146484375,445.75,953600
2021-10-18,431.25811767578125,447.8599853515625,448.3599853515625,442.0400085449219,444.010009765625,836200
2021-10-19,434.3683776855469,451.0899963378906,453.1400146484375,447.0,449.8999938964844,1042300
2021-10-20,424.2286682128906,440.55999755859375,453.0,435.8900146484375,452.04998779296875,1519400
2021-10-21,428.92779541015625,445.44000244140625,446.04998779296875,436.8299865722656,440.5400085449219,961400
2021-10-22,433.79058837890625,450.489990234375,451.20001220703125,443.8500061035156,446.07000732421875,1349700
2021-10-25,430.7862548828125,447.3699951171875,450.8299865722656,443.7099914550781,450.1400146484375,1148500
2021-10-26,447.3968200683594,464.6199951171875,470.80999755859375,452.7799987792969,454.0199890136719,2318800
2021-10-27,445.4516906738281,462.6000061035156,470.2099914550781,462.3500061035156,465.2799987792969,1251800
2021-10-28,452.1055603027344,469.510009765625,475.25,460.55999755859375,460.55999755859375,1830600
2021-10-29,456.5831604003906,474.1600036621094,475.6600036621094,466.1400146484375,467.989990234375,1588500
2021-11-01,446.01025390625,463.17999267578125,476.1700134277344,457.760009765625,474.1199951171875,1225400
2021-11-02,444.0843811035156,461.17999267578125,469.4200134277344,460.4700012207031,464.6300048828125,936200
2021-11-03,438.1815490722656,455.04998779296875,460.9700012207031,452.489990234375,458.25,1662000
2021-11-04,445.59613037109375,462.75,466.0,455.0,455.5299987792969,1438600
2021-11-05,443.2273254394531,460.2900085449219,467.989990234375,458.54998779296875,467.1000061035156,1158400
2021-11-08,444.54656982421875,461.6600036621094,465.7200012207031,458.54998779296875,464.1400146484375,1027200
2021-11-09,444.85467529296875,461.9800109863281,464.739990234375,459.8699951171875,463.0299987792969,952000
2021-11-10,437.3726806640625,454.2099914550781,461.1400146484375,450.20001220703125,459.6499938964844,1011000
2021-11-11,434.7824401855469,451.5199890136719,457.32000732421875,451.0199890136719,456.7900085449219,741100
2021-11-12,436.55426025390625,453.3599853515625,455.32000732421875,448.79998779296875,452.2300109863281,1842600
2021-11-15,442.2547607421875,459.2799987792969,464.07000732421875,449.8900146484375,453.5,2115800
2021-11-16,452.9337158203125,470.3699951171875,472.1600036621094,458.30999755859375,458.82000732421875,1538300
2021-11-17,448.2442321777344,465.5,468.94000244140625,451.32000732421875,467.0,1680200
2021-11-18,446.7323913574219,463.92999267578125,469.0,460.8699951171875,468.45001220703125,2835700
2021-11-19,444.20953369140625,461.30999755859375,469.0,459.1600036621094,467.4100036621094,1585400
2021-11-22,441.1473693847656,458.1300048828125,466.0899963378906,457.7799987792969,464.239990234375,1190900
2021-11-23,441.349609375,458.3399963378906,459.0,451.5,454.3800048828125,1219300
2021-11-24,447.0982360839844,463.5299987792969,464.5,455.1700134277344,455.8900146484375,905500
2021-11-26,438.4173583984375,454.5299987792969,463.25,453.0899963378906,457.8500061035156,833900
2021-11-29,448.4486389160156,464.92999267578125,467.1000061035156,457.9100036621094,459.70001220703125,1489200
2021-11-30,439.5748596191406,455.7300109863281,466.75,454.3900146484375,460.45001220703125,1865900
2021-12-01,433.1412658691406,449.05999755859375,462.5199890136719,448.7200012207031,461.04998779296875,1436800
2021-12-02,444.62908935546875,460.9700012207031,462.5799865722656,447.95001220703125,448.0400085449219,1369700
2021-12-03,439.6616516113281,455.82000732421875,465.489990234375,445.3299865722656,462.69000244140625,1488500
2021-12-06,440.3464660644531,456.5299987792969,460.19000244140625,451.6099853515625,460.19000244140625,1250800
2021-12-07,453.7826232910156,470.4599914550781,470.5899963378906,463.07000732421875,466.7099914550781,1093600
2021-12-08,456.232666015625,473.0,473.4100036621094,468.8399963378906,471.3500061035156,998600
2021-12-09,451.08184814453125,467.6600036621094,472.0299987792969,467.3399963378906,471.3399963378906,931000
2021-12-10,456.87890625,473.6700134277344,473.8599853515625,465.30999755859375,469.80999755859375,904300
2021-12-13,461.884765625,478.8599853515625,481.6099853515625,473.0799865722656,475.1300048828125,1449500
2021-12-14,453.6668395996094,470.3399963378906,478.0299987792969,464.8399963378906,475.7699890136719,1440300
2021-12-15,461.9910583496094,478.9700012207031,479.5299987792969,469.6400146484375,471.3699951171875,1093300
2021-12-16,459.9268493652344,476.8299865722656,484.2099914550781,471.5,480.9100036621094,1377400
2021-12-17,451.0626220703125,467.6400146484375,475.55999755859375,464.8500061035156,475.42999267578125,2355500
2021-12-20,444.0213623046875,460.3399963378906,462.3599853515625,454.0,462.3599853515625,1675300
2021-12-21,453.81158447265625,470.489990234375,470.8999938964844,463.04998779296875,464.7099914550781,717300
2021-12-22,456.48345947265625,473.260009765625,473.70001220703125,468.6000061035156,470.9700012207031,814700
2021-12-23,456.94635009765625,473.739990234375,477.4200134277344,473.4700012207031,474.30999755859375,1342600
2021-12-27,461.15185546875,478.1000061035156,480.2699890136719,472.510009765625,478.239990234375,850700
2021-12-28,458.25811767578125,475.1000061035156,481.44000244140625,474.510009765625,478.6300048828125,717600
2021-12-29,457.7276916503906,474.54998779296875,477.489990234375,472.3500061035156,475.9200134277344,709400
2021-12-30,453.802001953125,470.4800109863281,476.7799987792969,470.04998779296875,474.94000244140625,820400
2021-12-31,455.2005310058594,471.92999267578125,473.92999267578125,469.0199890136719,469.5799865722656,842800
2022-01-03,444.75445556640625,461.1000061035156,472.8299865722656,458.25,472.8299865722656,1282400
2022-01-04,443.5198059082031,459.82000732421875,465.0199890136719,456.9599914550781,465.0199890136719,1215200
2022-01-05,439.60382080078125,455.760009765625,463.1499938964844,455.4100036621094,461.2300109863281,1316100
2022-01-06,435.9384460449219,451.9599914550781,454.9599914550781,446.54998779296875,453.7300109863281,1452600
2022-01-07,430.9130554199219,446.75,452.0799865722656,446.1300048828125,450.0799865722656,1086400
2022-01-10,419.95587158203125,435.3900146484375,442.4100036621094,428.32000732421875,439.1000061035156,2357500
2022-01-11,425.3863220214844,441.0199890136719,441.1700134277344,430.8999938964844,435.3900146484375,1497300
2022-01-12,431.96453857421875,447.8399963378906,450.5899963378906,442.57000732421875,443.5299987792969,1910400
2022-01-13,420.8045654296875,436.2699890136719,450.07000732421875,434.70001220703125,447.8299865722656,1158000
2022-01-14,417.0332336425781,432.3599853515625,434.5,427.2799987792969,433.1400146484375,1400700
2022-01-18,409.1142883300781,424.1499938964844,427.70001220703125,420.6400146484375,426.2099914550781,1483100
2022-01-19,407.9568176269531,422.95001220703125,434.7799987792969,422.4700012207031,427.42999267578125,1535300
2022-01-20,403.1630554199219,417.9800109863281,431.44000244140625,416.4200134277344,425.2900085449219,1284200
2022-01-21,402.1501770019531,416.92999267578125,425.2099914550781,414.3500061035156,419.0400085449219,1634100
2022-01-24,403.134033203125,417.95001220703125,418.8500061035156,400.69000244140625,409.4800109863281,1861400
2022-01-25,385.3670654296875,399.5299987792969,413.1099853515625,399.0199890136719,410.55999755859375,2498500
2022-01-26,383.4476013183594,397.5400085449219,407.510009765625,394.2099914550781,403.1400146484375,2119700
2022-01-27,381.0747985839844,395.0799865722656,410.04998779296875,393.0899963378906,403.7200012207031,1716700
2022-01-28,392.2056884765625,406.6199951171875,406.7200012207031,390.95001220703125,395.2300109863281,1701100
2022-01-31,400.5008544921875,415.2200012207031,415.510009765625,405.4700012207031,406.6499938964844,1788200
2022-02-01,402.6614685058594,417.4599914550781,419.3999938964844,409.2200012207031,418.45001220703125,1457400
2022-02-02,407.1080322265625,422.07000732421875,423.4100036621094,417.5,421.29998779296875,1640600
2022-02-03,398.50421142578125,413.1499938964844,419.8299865722656,412.20001220703125,418.0,1226800
2022-02-04,399.7002258300781,414.3900146484375,420.010009765625,408.3399963378906,409.3999938964844,1370800
2022-02-07,390.8843078613281,405.25,417.6499938964844,403.8999938964844,414.0899963378906,1471300
2022-02-08,385.6083068847656,399.7799987792969,403.0799865722656,391.75,401.3399963378906,2887800
2022-02-09,393.610107421875,407.2900085449219,410.1000061035156,401.2799987792969,402.7699890136719,2351300
2022-02-10,383.1341857910156,396.45001220703125,406.69000244140625,394.1199951171875,399.3299865722656,2420500
2022-02-11,374.639404296875,387.6600036621094,397.3900146484375,386.25,395.0,2731700
2022-02-14,367.9228210449219,380.7099914550781,388.9800109863281,375.45001220703125,386.5,3156700
2022-02-15,372.4263000488281,385.3699951171875,390.0,382.80999755859375,387.260009765625,1425500
2022-02-16,373.5667419433594,386.54998779296875,389.2900085449219,380.6099853515625,384.4100036621094,1813100
2022-02-17,368.6766662597656,381.489990234375,388.0199890136719,380.9100036621094,386.82000732421875,1224800
2022-02-18,365.951416015625,378.6700134277344,383.489990234375,376.4700012207031,382.489990234375,1253600
2022-02-22,367.47833251953125,380.25,384.29998779296875,376.04998779296875,376.3699951171875,1648500
2022-02-23,360.8293762207031,373.3699951171875,384.760009765625,372.760009765625,383.9200134277344,1766800
2022-02-24,368.8602600097656,381.67999267578125,383.7200012207031,363.5400085449219,364.2699890136719,1895400
2022-02-25,368.0968322753906,380.8900146484375,384.489990234375,371.0,377.8699951171875,8122200
2022-02-28,363.08111572265625,375.70001220703125,389.4800109863281,372.1300048828125,379.0,5249900
2022-03-01,377.4613037109375,390.5799865722656,396.2799987792969,376.17999267578125,378.0,9770400
2022-03-02,385.7145080566406,399.1199951171875,406.55999755859375,391.9800109863281,394.0,5798500
2022-03-03,387.0481262207031,400.5,408.79998779296875,391.1499938964844,398.760009765625,4359800
2022-03-04,393.8612976074219,407.54998779296875,408.3699951171875,397.260009765625,399.8800048828125,3523900
2022-03-07,372.687255859375,385.6400146484375,407.989990234375,384.67999267578125,406.8299865722656,4222000
2022-03-08,375.0936279296875,388.1300048828125,395.7799987792969,380.4800109863281,384.1600036621094,3693900
2022-03-09,378.3600769042969,391.510009765625,402.1099853515625,390.9800109863281,401.3999938964844,3034100
2022-03-10,369.89434814453125,382.75,385.739990234375,373.8399963378906,381.2799987792969,2767300
2022-03-11,366.92742919921875,379.67999267578125,388.6499938964844,379.2799987792969,385.0,2252100
2022-03-14,364.3374938964844,377.0,386.3399963378906,373.17999267578125,383.5299987792969,2558100
2022-03-15,374.3784484863281,387.3900146484375,388.3599853515625,375.4200134277344,380.9599914550781,1977200
2022-03-16,379.05596923828125,392.2300109863281,396.3900146484375,384.07000732421875,389.9200134277344,2092100
2022-03-17,389.1355895996094,402.6600036621094,402.9700012207031,391.5,391.5,2393500
2022-03-18,396.1711120605469,409.94000244140625,412.0,403.45001220703125,404.1700134277344,2858200
2022-03-21,391.1650695800781,404.760009765625,407.989990234375,401.8599853515625,405.5899963378906,2207900
2022-03-22,400.3652648925781,414.2799987792969,416.5299987792969,405.5400085449219,406.4599914550781,2336400
2022-03-23,392.08306884765625,405.7099914550781,412.8699951171875,404.8299865722656,411.6600036621094,2145200
2022-03-24,393.9773254394531,407.6700134277344,410.6199951171875,405.989990234375,409.6099853515625,2066800
2022-03-25,399.5825500488281,413.4700012207031,413.8500061035156,407.8900146484375,408.95001220703125,2033300
2022-03-28,400.5779113769531,414.5,417.6099853515625,410.2300109863281,414.3500061035156,2529900
2022-03-29,403.4288635253906,417.45001220703125,420.82000732421875,414.9700012207031,419.79998779296875,1527000
2022-03-30,404.87847900390625,418.95001220703125,419.4200134277344,415.6700134277344,416.3900146484375,2096100
2022-03-31,396.4030456542969,410.17999267578125,423.54998779296875,410.1700134277344,422.5,2414900
2022-04-01,394.1802673339844,407.8800048828125,412.20001220703125,405.6400146484375,409.9800109863281,1721900
2022-04-04,400.3846435546875,414.29998779296875,417.3699951171875,408.05999755859375,409.9700012207031,1620600
2022-04-05,398.04595947265625,411.8800048828125,415.9800109863281,410.1600036621094,411.92999267578125,1263700
2022-04-06,397.07952880859375,410.8800048828125,413.0,406.25,407.5299987792969,1558200
2022-04-07,401.0514221191406,414.989990234375,416.3599853515625,408.0799865722656,409.29998779296875,2172700
2022-04-08,399.2152099609375,413.0899963378906,415.82000732421875,410.7699890136719,414.0400085449219,1061900
2022-04-11,391.98651123046875,405.6099853515625,412.42999267578125,401.4700012207031,411.2300109863281,1466400
2022-04-12,383.9653625488281,397.30999755859375,406.92999267578125,396.0899963378906,405.9599914550781,2226200
2022-04-13,382.99884033203125,396.30999755859375,398.8999938964844,390.760009765625,396.0,2458200
2022-04-14,374.5718078613281,387.5899963378906,400.1700134277344,387.0,398.2099914550781,2404900
2022-04-18,377.44195556640625,390.55999755859375,391.5899963378906,385.8699951171875,386.489990234375,1212500
2022-04-19,382.0710754394531,395.3500061035156,397.1099853515625,389.79998779296875,391.3299865722656,1869600
2022-04-20,383.90728759765625,397.25,402.7699890136719,396.739990234375,397.79998779296875,1768600
2022-04-21,377.702880859375,390.8299865722656,403.4800109863281,389.239990234375,399.2300109863281,1537900
2022-04-22,366.9081115722656,379.6600036621094,389.5199890136719,379.32000732421875,388.5199890136719,1749200
2022-04-25,368.4157409667969,381.2200012207031,381.3999938964844,373.67999267578125,377.25,2197600
2022-04-26,362.8878479003906,375.5,384.2099914550781,374.7099914550781,380.25,1688500
2022-04-27,367.855224609375,380.6400146484375,384.7300109863281,376.760009765625,376.760009765625,1930700
2022-04-28,373.5667419433594,386.54998779296875,389.20001220703125,379.80999755859375,384.6499938964844,1690100
2022-04-29,363.8542785644531,376.5,387.260009765625,375.3699951171875,382.3299865722656,2103100
2022-05-02,354.9825439453125,367.32000732421875,371.6400146484375,360.2699890136719,364.0,3850000
2022-05-03,347.5508728027344,359.6300048828125,372.010009765625,356.95001220703125,367.04998779296875,2767100
2022-05-04,352.0833740234375,364.32000732421875,364.9700012207031,347.6700134277344,356.79998779296875,3722300
2022-05-05,335.2484130859375,346.8999938964844,360.4100036621094,343.9800109863281,360.2200012207031,4252200
2022-05-06,334.1467590332031,345.760009765625,346.82000732421875,337.9700012207031,346.82000732421875,3353700
2022-05-09,317.72735595703125,328.7699890136719,342.5199890136719,327.9200134277344,337.3999938964844,4154900
2022-05-10,316.97357177734375,327.989990234375,336.3500061035156,322.6700134277344,333.7300109863281,2959600
2022-05-11,314.8667907714844,325.80999755859375,334.1600036621094,323.07000732421875,324.7200012207031,2987900
2022-05-12,318.5874328613281,329.6600036621094,332.2699890136719,322.20001220703125,322.9700012207031,3251300
2022-05-13,325.5359802246094,336.8500061035156,341.07000732421875,332.55999755859375,335.29998779296875,2811700
2022-05-16,324.0959777832031,335.3599853515625,337.5799865722656,330.9100036621094,333.3399963378906,2588100
2022-05-17,327.8843994140625,339.2799987792969,342.7200012207031,335.7300109863281,342.20001220703125,2149300
2022-05-18,319.031982421875,330.1199951171875,335.5899963378906,329.3900146484375,332.4100036621094,2527700
2022-05-19,320.9165344238281,332.07000732421875,335.17999267578125,324.8599853515625,326.4599914550781,2581700
2022-05-20,330.9189758300781,342.4200134277344,342.8699951171875,334.0299987792969,336.5299987792969,3425800
2022-05-23,338.7468566894531,350.5199890136719,353.3500061035156,342.2799987792969,343.55999755859375,2753300
2022-05-24,339.0851135253906,350.8699951171875,352.25,345.3299865722656,346.95001220703125,2049300
2022-05-25,335.9829406738281,347.6600036621094,352.3399963378906,345.8900146484375,349.8299865722656,2830000
2022-05-26,341.4661865234375,352.4700012207031,354.3699951171875,347.5199890136719,349.6400146484375,2048000
2022-05-27,349.38116455078125,360.6400146484375,361.239990234375,354.25,354.25,2177600
2022-05-31,338.56951904296875,349.4800109863281,358.1600036621094,348.7900085449219,356.4700012207031,9048900
2022-06-01,321.64495849609375,332.010009765625,346.5899963378906,311.8699951171875,313.010009765625,7792600
2022-06-02,332.33062744140625,343.0400085449219,343.239990234375,331.0899963378906,331.0899963378906,2609600
2022-06-03,325.4425964355469,335.92999267578125,338.7300109863281,331.8299865722656,336.42999267578125,2276000
2022-06-06,328.0679626464844,338.6400146484375,344.3900146484375,336.82000732421875,336.82000732421875,1815800
2022-06-07,333.7063293457031,344.4599914550781,345.6000061035156,338.1700134277344,339.1400146484375,1904700
2022-06-08,328.116455078125,338.69000244140625,345.2300109863281,337.7900085449219,341.7099914550781,1620800
2022-06-09,325.927001953125,336.42999267578125,342.6400146484375,336.2799987792969,338.42999267578125,1759400
2022-06-10,322.3715515136719,332.760009765625,336.5299987792969,328.5199890136719,331.07000732421875,2505100
2022-06-13,312.2962341308594,322.3599853515625,329.1099853515625,321.4599914550781,326.1600036621094,3357300
2022-06-14,307.5201110839844,317.42999267578125,322.510009765625,314.0899963378906,319.9200134277344,2849000
2022-06-15,311.3080139160156,321.3399963378906,326.45001220703125,317.55999755859375,319.94000244140625,2489600
2022-06-16,306.1638488769531,316.0299987792969,316.8500061035156,312.260009765625,313.45001220703125,2692500
2022-06-17,309.94207763671875,319.92999267578125,323.57000732421875,313.45001220703125,313.45001220703125,4856100
2022-06-21,310.0292053222656,320.0199890136719,326.6600036621094,318.3900146484375,322.8399963378906,3614500
2022-06-22,315.01849365234375,325.1700134277344,328.5400085449219,316.6199951171875,317.69000244140625,2001300
2022-06-23,323.32086181640625,333.739990234375,334.57000732421875,326.760009765625,327.1700134277344,2082900
2022-06-24,330.99371337890625,341.6600036621094,342.1400146484375,333.75,336.2900085449219,4890200
2022-06-27,329.8408203125,340.4700012207031,343.260009765625,337.260009765625,342.45001220703125,1728600
2022-06-28,322.31341552734375,332.70001220703125,344.0,331.5199890136719,340.2699890136719,1913900
2022-06-29,324.2994079589844,334.75,338.3599853515625,332.3599853515625,332.7099914550781,1745100
2022-06-30,326.53729248046875,337.05999755859375,339.7900085449219,331.82000732421875,333.5199890136719,2153500
2022-07-01,332.611572265625,343.3299865722656,343.8599853515625,334.44000244140625,336.7300109863281,1912500
2022-07-05,333.57061767578125,344.32000732421875,344.739990234375,336.7300109863281,338.2699890136719,2051000
2022-07-06,338.1239013671875,349.0199890136719,351.6700134277344,344.2300109863281,346.75,1757500
2022-07-07,340.8462219238281,351.8299865722656,352.3399963378906,345.0,345.0,1611400
2022-07-08,341.4759521484375,352.4800109863281,355.8699951171875,349.1700134277344,349.17999267578125,1606900
2022-07-11,340.633056640625,351.6099853515625,356.3699951171875,348.6400146484375,354.07000732421875,1492700
2022-07-12,335.24664306640625,346.04998779296875,354.3999938964844,344.1300048828125,349.8399963378906,1664400
2022-07-13,331.34246826171875,342.0199890136719,344.1300048828125,339.3900146484375,341.2900085449219,2491800
2022-07-14,334.3941650390625,345.1700134277344,347.4200134277344,336.5299987792969,338.5899963378906,1505900
2022-07-15,338.5404968261719,349.45001220703125,351.9100036621094,347.7699890136719,349.4800109863281,1750500
2022-07-18,334.5782165527344,345.3599853515625,355.04998779296875,344.6499938964844,351.2699890136719,1709700
2022-07-19,345.990478515625,357.1400146484375,357.5400085449219,348.6300048828125,349.760009765625,1786000
2022-07-20,347.40484619140625,358.6000061035156,362.05999755859375,356.8699951171875,358.04998779296875,1366600
2022-07-21,350.33056640625,361.6199951171875,361.9200134277344,356.69000244140625,358.0,1794700
2022-07-22,350.64056396484375,361.94000244140625,364.29998779296875,359.75,363.6700134277344,1714900
2022-07-25,342.9775085449219,354.0299987792969,360.510009765625,351.7799987792969,360.510009765625,2111000
2022-07-26,345.0022277832031,356.1199951171875,360.3999938964844,349.8500061035156,349.9800109863281,2151200
2022-07-27,349.6524658203125,360.9200134277344,362.7699890136719,355.7300109863281,356.2699890136719,1627100
2022-07-28,362.89569091796875,374.5899963378906,375.8699951171875,361.8800048828125,364.44000244140625,1741200
2022-07-29,365.1625671386719,376.92999267578125,378.489990234375,372.8399963378906,373.6000061035156,1902100
2022-08-01,364.339111328125,376.0799865722656,377.0,371.9599914550781,373.4100036621094,1418500
2022-08-02,358.2358093261719,369.7799987792969,375.489990234375,363.44000244140625,370.0,2014100
2022-08-03,356.6664123535156,368.1600036621094,371.9800109863281,363.17999267578125,369.0,1568100
2022-08-04,366.1023254394531,377.8999938964844,378.75,366.2900085449219,366.2900085449219,1973100
2022-08-05,364.89129638671875,376.6499938964844,377.07000732421875,369.3699951171875,373.1600036621094,977900
2022-08-08,366.3154602050781,378.1199951171875,380.3299865722656,374.2300109863281,380.0,872800
2022-08-09,365.3175964355469,377.0899963378906,379.9700012207031,374.1000061035156,378.3999938964844,1174700
2022-08-10,380.9246826171875,393.20001220703125,394.989990234375,382.7699890136719,382.7699890136719,2141000
2022-08-11,374.11419677734375,386.1700134277344,395.2799987792969,385.67999267578125,395.05999755859375,1467700
2022-08-12,379.6846923828125,391.9200134277344,392.4800109863281,386.1300048828125,388.4700012207031,1257600
2022-08-15,378.8805236816406,391.0899963378906,395.79998779296875,389.9599914550781,390.82000732421875,1471900
2022-08-16,376.6329650878906,388.7699890136719,390.55999755859375,386.3900146484375,388.19000244140625,1381700
2022-08-17,375.62548828125,387.7300109863281,390.57000732421875,382.9100036621094,383.760009765625,1078100
2022-08-18,375.286376953125,387.3800048828125,388.8500061035156,386.2099914550781,386.6099853515625,1633200
2022-08-19,368.0592956542969,379.9200134277344,384.7699890136719,378.75,384.0199890136719,2565700
2022-08-22,364.6976013183594,376.45001220703125,378.42999267578125,374.17999267578125,375.17999267578125,1189900
2022-08-23,361.1615295410156,372.79998779296875,376.0,371.80999755859375,374.9700012207031,2256800
2022-08-24,363.98065185546875,375.7099914550781,376.7200012207031,371.989990234375,372.94000244140625,1777900
2022-08-25,368.6025695800781,379.6199951171875,379.67999267578125,371.6199951171875,374.7200012207031,2004100
2022-08-26,353.494140625,364.05999755859375,380.17999267578125,363.70001220703125,380.0,1358400
2022-08-29,350.52288818359375,361.0,365.1199951171875,359.510009765625,360.54998779296875,1250300
2022-08-30,345.24078369140625,355.55999755859375,363.4100036621094,353.1099853515625,363.4100036621094,1725500
2022-08-31,341.9588928222656,352.17999267578125,359.6700134277344,352.010009765625,356.80999755859375,1939700
2022-09-01,341.7549743652344,351.9700012207031,352.0799865722656,345.8999938964844,349.5899963378906,1573000
2022-09-02,337.541015625,347.6300048828125,356.1400146484375,345.54998779296875,356.1400146484375,1233600
2022-09-06,346.43511962890625,356.7900085449219,359.95001220703125,349.82000732421875,350.010009765625,1604400
2022-09-07,352.9794921875,363.5299987792969,363.8999938964844,355.32000732421875,356.8800048828125,1082200
2022-09-08,356.40704345703125,367.05999755859375,367.5199890136719,360.4800109863281,361.1400146484375,997300
2022-09-09,358.69854736328125,369.4200134277344,371.2099914550781,366.44000244140625,367.4800109863281,1276200
2022-09-12,360.71820068359375,371.5,374.2300109863281,369.1499938964844,370.4800109863281,1255900
2022-09-13,346.1632385253906,356.510009765625,365.2799987792969,355.7799987792969,364.2300109863281,1638800
2022-09-14,340.968505859375,351.1600036621094,359.7799987792969,347.95001220703125,359.7799987792969,2616500
2022-09-15,336.98748779296875,347.05999755859375,351.1400146484375,344.3800048828125,350.6600036621094,2074800
2022-09-16,336.0262451171875,346.07000732421875,346.3500061035156,340.69000244140625,343.95001220703125,3390000
2022-09-19,334.6862487792969,344.69000244140625,345.0400085449219,341.0199890136719,342.6400146484375,1543200
2022-09-20,329.5012512207031,339.3500061035156,342.94000244140625,335.2200012207031,342.4100036621094,1260700
2022-09-21,325.1609802246094,334.8800048828125,344.8800048828125,334.8800048828125,341.7799987792969,1307400
2022-09-22,313.0140686035156,322.3699951171875,334.25,322.2200012207031,333.5899963378906,2513900
2022-09-23,308.6349182128906,317.8599853515625,323.6099853515625,315.2900085449219,321.7799987792969,2445300
2022-09-26,306.27545166015625,315.42999267578125,319.1000061035156,312.1099853515625,317.239990234375,2722400
2022-09-27,304.17816162109375,313.2699890136719,320.2699890136719,310.25,318.0199890136719,2833500
2022-09-28,305.6346740722656,314.7699890136719,317.2799987792969,311.05999755859375,315.30999755859375,2659300
2022-09-29,301.42059326171875,310.42999267578125,312.5199890136719,308.3500061035156,311.6400146484375,2213400
2022-09-30,296.48809814453125,305.3500061035156,315.1000061035156,305.0799865722656,310.2900085449219,2205100
2022-10-03,305.65399169921875,314.7900085449219,316.5,306.8399963378906,307.07000732421875,1479100
2022-10-04,314.1597900390625,323.54998779296875,324.3399963378906,318.30999755859375,318.8399963378906,1507400
2022-10-05,312.31494140625,321.6499938964844,324.1300048828125,316.92999267578125,318.9599914550781,1386400
2022-10-06,306.99407958984375,316.1700134277344,322.739990234375,315.4100036621094,320.9599914550781,1267900
2022-10-07,295.6917724609375,304.5299987792969,313.5799865722656,302.6099853515625,312.7799987792969,2098300
2022-10-10,290.05047607421875,298.7200012207031,307.17999267578125,297.7099914550781,307.1199951171875,1551500
2022-10-11,286.1665954589844,294.7200012207031,299.510009765625,293.1099853515625,297.2699890136719,1612500
2022-10-12,282.7196044921875,291.1700134277344,295.8900146484375,291.05999755859375,294.8999938964844,1444900
2022-10-13,283.79730224609375,292.2799987792969,294.3500061035156,279.32000732421875,283.0,2799100
2022-10-14,278.3016662597656,286.6199951171875,300.1099853515625,286.1199951171875,295.2900085449219,1631600
2022-10-17,288.7590026855469,297.3900146484375,300.04998779296875,291.6499938964844,292.7099914550781,1780500
2022-10-18,292.07977294921875,300.80999755859375,306.1300048828125,298.19000244140625,304.3500061035156,2270600
2022-10-19,288.25408935546875,296.8699951171875,300.1400146484375,294.54998779296875,296.8399963378906,1399200
2022-10-20,283.5545654296875,292.0299987792969,299.8900146484375,290.4599914550781,296.510009765625,1628100
2022-10-21,287.35113525390625,295.94000244140625,296.3599853515625,287.30999755859375,291.8299865722656,1740800
2022-10-24,291.6720275878906,300.3900146484375,302.2799987792969,295.3999938964844,298.2200012207031,1870700
2022-10-25,302.97418212890625,312.0299987792969,312.9700012207031,295.5199890136719,297.1300048828125,2973900
2022-10-26,302.4886474609375,311.5299987792969,318.010009765625,310.6199951171875,312.489990234375,1956800
2022-10-27,310.0428466796875,319.30999755859375,326.3999938964844,312.3900146484375,312.3900146484375,2563100
2022-10-28,317.44171142578125,326.92999267578125,327.6300048828125,315.6300048828125,316.8599853515625,1588600
2022-10-31,311.9265441894531,321.25,326.57000732421875,321.1400146484375,324.510009765625,1845900
2022-11-01,306.95513916015625,316.1300048828125,326.1700134277344,315.2300109863281,325.2699890136719,1476000
2022-11-02,301.7215270996094,310.739990234375,320.510009765625,309.010009765625,315.5899963378906,1855700
2022-11-03,300.3233947753906,309.29998779296875,311.6400146484375,305.04998779296875,305.30999755859375,1908700
2022-11-04,307.2173156738281,316.3999938964844,318.2200012207031,309.8500061035156,313.30999755859375,1659100
2022-11-07,309.9845886230469,319.25,322.2799987792969,314.7900085449219,321.3699951171875,1040000
2022-11-08,310.65460205078125,319.94000244140625,325.25,316.3399963378906,321.1400146484375,1210400
2022-11-09,304.98406982421875,314.1000061035156,319.5,312.6400146484375,318.54998779296875,1731500
2022-11-10,336.16217041015625,346.2099914550781,347.2900085449219,329.6499938964844,330.69000244140625,2569600
2022-11-11,345.8622741699219,356.20001220703125,357.7300109863281,346.07000732421875,346.07000732421875,2042600
2022-11-14,337.5798034667969,347.6700134277344,352.9700012207031,346.25,348.739990234375,1363600
2022-11-15,344.3669738769531,354.6600036621094,357.5400085449219,351.2300109863281,353.8399963378906,1413400
2022-11-16,343.4056396484375,353.6700134277344,357.82000732421875,351.8999938964844,355.3399963378906,1390800
2022-11-17,336.70587158203125,346.7699890136719,349.989990234375,343.5299987792969,348.94000244140625,1288400
2022-11-18,335.8320007324219,345.8699951171875,353.1099853515625,340.4100036621094,351.989990234375,1962900
2022-11-21,337.3370666503906,347.4200134277344,349.29998779296875,339.010009765625,343.25,1830600
2022-11-22,342.02685546875,352.25,352.45001220703125,346.25,349.3699951171875,1405100
2022-11-23,347.8721618652344,358.2699890136719,362.04998779296875,351.1199951171875,353.0199890136719,2137500
2022-11-25,348.34912109375,357.9100036621094,358.30999755859375,352.5299987792969,355.04998779296875,763500
2022-11-28,341.6333923339844,351.010009765625,357.3399963378906,349.92999267578125,354.4599914550781,1946400
2022-11-29,337.86676025390625,347.1400146484375,351.7300109863281,346.3900146484375,350.7200012207031,1676300
2022-11-30,343.37554931640625,352.79998779296875,353.3800048828125,340.1099853515625,347.1300048828125,6468900
2022-12-01,352.894287109375,362.5799865722656,365.79998779296875,355.95001220703125,356.8900146484375,2677900
2022-12-02,350.1885986328125,359.79998779296875,362.04998779296875,355.8299865722656,356.4100036621094,2026400
2022-12-05,340.9520263671875,350.30999755859375,357.17999267578125,348.44000244140625,354.7200012207031,2143900
2022-12-06,342.2951965332031,351.69000244140625,352.75,348.4700012207031,351.0199890136719,1538400
2022-12-07,342.1297607421875,351.5199890136719,354.5299987792969,349.0299987792969,351.6000061035156,1770000
2022-12-08,343.3852844238281,352.80999755859375,357.2099914550781,350.9100036621094,350.9100036621094,1160400
2022-12-09,337.4871826171875,346.75,353.0299987792969,346.4100036621094,351.3399963378906,1502800
2022-12-12,337.9153747558594,347.19000244140625,348.42999267578125,344.8999938964844,346.6099853515625,1814000
2022-12-13,348.1349182128906,357.69000244140625,366.44000244140625,354.5899963378906,362.3800048828125,1961200
2022-12-14,344.3877868652344,353.8399963378906,361.3599853515625,350.0899963378906,357.489990234375,1711400
2022-12-15,335.3751525878906,344.5799865722656,350.29998779296875,342.7200012207031,348.45001220703125,2007800
2022-12-16,330.5281982421875,339.6000061035156,341.67999267578125,337.7200012207031,339.9800109863281,4511700
2022-12-19,326.6934509277344,335.6600036621094,339.3800048828125,334.8500061035156,338.79998779296875,1476500
2022-12-20,323.2382507324219,332.1099853515625,334.6400146484375,330.75,332.19000244140625,1288200
2022-12-21,328.4356384277344,337.45001220703125,338.010009765625,334.1499938964844,335.07000732421875,1229300
2022-12-22,323.2382507324219,332.1099853515625,334.9100036621094,328.3999938964844,334.5299987792969,1455300
2022-12-23,324.0461120605469,332.94000244140625,332.9599914550781,328.44000244140625,329.7799987792969,740000
2022-12-27,322.4693908691406,331.32000732421875,333.67999267578125,329.7699890136719,332.2900085449219,739900
2022-12-28,320.79534912109375,329.6000061035156,335.0299987792969,329.42999267578125,331.44000244140625,840100
2022-12-29,330.7325439453125,339.80999755859375,340.2200012207031,331.54998779296875,332.0199890136719,988800
2022-12-30,325.99261474609375,334.94000244140625,337.6700134277344,331.8599853515625,335.70001220703125,1104200
2023-01-03,326.2165832519531,335.1700134277344,343.8299865722656,332.1400146484375,342.0400085449219,1212900
2023-01-04,332.4942321777344,341.6199951171875,344.94000244140625,337.8299865722656,340.44000244140625,1393800
2023-01-05,327.1022644042969,336.0799865722656,340.29998779296875,334.7200012207031,338.1199951171875,1148000
2023-01-06,338.5480651855469,347.8399963378906,349.29998779296875,335.9100036621094,339.45001220703125,1781000
2023-01-09,340.98126220703125,350.3399963378906,356.4800109863281,350.04998779296875,351.1700134277344,1699800
2023-01-10,344.92315673828125,354.3900146484375,355.3999938964844,348.0,349.1600036621094,927700
2023-01-11,354.3250427246094,364.04998779296875,365.2699890136719,355.29998779296875,356.1700134277344,1597200
2023-01-12,357.9456787109375,367.7699890136719,368.6400146484375,360.3900146484375,366.0,1186800
2023-01-13,356.5928649902344,366.3800048828125,366.7200012207031,362.92999267578125,363.95001220703125,1447100
2023-01-17,357.5953674316406,367.4100036621094,369.2699890136719,365.1400146484375,366.4100036621094,1237500
2023-01-18,354.3736572265625,364.1000061035156,374.3599853515625,363.8299865722656,367.7200012207031,1760500
2023-01-19,351.4830017089844,361.1300048828125,363.7900085449219,356.5400085449219,360.2300109863281,1150900
2023-01-20,358.2181396484375,368.04998779296875,368.3800048828125,361.239990234375,361.239990234375,3077400
2023-01-23,360.8558349609375,370.760009765625,374.2799987792969,365.6000061035156,368.0899963378906,1192000
2023-01-24,357.89703369140625,367.7200012207031,373.0400085449219,364.2900085449219,373.0400085449219,917000
2023-01-25,356.5928649902344,366.3800048828125,368.6400146484375,360.3699951171875,363.1700134277344,1048600
2023-01-26,357.5661315917969,367.3800048828125,369.8999938964844,364.5199890136719,369.8299865722656,1526600
2023-01-27,363.4155578613281,373.3900146484375,375.2200012207031,362.75,364.2900085449219,1509700
2023-01-30,356.35919189453125,366.1400146484375,373.79998779296875,365.6000061035156,369.6300048828125,1202800
2023-01-31,364.9241027832031,374.94000244140625,375.1499938964844,366.5199890136719,369.260009765625,1662100
2023-02-01,367.10430908203125,377.17999267578125,380.1400146484375,369.3599853515625,372.6099853515625,1465300
2023-02-02,372.9245910644531,383.1600036621094,388.4200134277344,379.8999938964844,381.5,1266500
2023-02-03,362.9483947753906,372.9100036621094,376.6700134277344,370.510009765625,373.57000732421875,1554500
2023-02-06,358.8118896484375,368.6600036621094,370.0,366.30999755859375,367.32000732421875,1028400
2023-02-07,361.19647216796875,371.1099853515625,372.1000061035156,362.1600036621094,365.1700134277344,859300
2023-02-08,356.07696533203125,365.8500061035156,371.55999755859375,364.6600036621094,368.1700134277344,1151900
2023-02-09,353.9356689453125,363.6499938964844,374.7900085449219,362.9599914550781,371.1499938964844,1483300
2023-02-10,354.1401062011719,363.8599853515625,365.3800048828125,359.32000732421875,361.4599914550781,1324700
2023-02-13,360.7000427246094,370.6000061035156,371.45001220703125,363.7300109863281,364.75,1458000
2023-02-14,355.1134033203125,364.8599853515625,370.8399963378906,363.32000732421875,370.4599914550781,1418100
2023-02-15,357.7510681152344,367.57000732421875,367.69000244140625,360.1700134277344,360.2699890136719,1011600
2023-02-16,348.261474609375,357.82000732421875,362.6199951171875,357.7799987792969,359.8399963378906,967600
2023-02-17,351.1910705566406,360.8299865722656,361.010009765625,353.739990234375,354.3299865722656,1206300
2023-02-21,341.4193115234375,350.7900085449219,357.05999755859375,350.42999267578125,356.3500061035156,1206500
2023-02-22,336.951904296875,346.20001220703125,352.32000732421875,344.4700012207031,351.20001220703125,1674500
2023-02-23,339.7134704589844,348.1300048828125,350.6700134277344,344.5899963378906,349.0799865722656,1245800
2023-02-24,335.0782775878906,343.3800048828125,346.55999755859375,340.3900146484375,346.55999755859375,1071600
2023-02-27,333.2535400390625,341.510009765625,347.57000732421875,340.4100036621094,347.3399963378906,1383900
2023-02-28,332.9509582519531,341.20001220703125,345.1000061035156,338.739990234375,340.2699890136719,2046800
2023-03-01,329.6136474609375,337.7799987792969,343.010009765625,337.1400146484375,340.0799865722656,1194100
2023-03-02,331.6727294921875,339.8900146484375,340.0299987792969,330.8599853515625,332.32000732421875,1175900
2023-03-03,337.7032470703125,346.07000732421875,346.1600036621094,341.3800048828125,342.510009765625,1045100
2023-03-06,342.8263244628906,351.32000732421875,353.07000732421875,346.489990234375,347.05999755859375,1612700
2023-03-07,328.5110168457031,336.6499938964844,350.6300048828125,336.0400085449219,350.6099853515625,1463900
2023-03-08,330.6871032714844,338.8800048828125,339.5799865722656,331.1700134277344,336.2799987792969,1177800
2023-03-09,325.85675048828125,333.92999267578125,344.7099914550781,333.3699951171875,339.80999755859375,1427400
2023-03-10,318.6454772949219,326.5400085449219,338.45001220703125,325.25,337.2099914550781,2448900
2023-03-13,316.937744140625,324.7900085449219,329.9599914550781,321.1499938964844,324.7300109863281,2248000
2023-03-14,324.685791015625,332.7300109863281,334.69000244140625,327.55999755859375,330.3900146484375,1953200
2023-03-15,325.905517578125,333.9800109863281,334.5,325.9100036621094,326.80999755859375,2068500
2023-03-16,331.68243408203125,339.8999938964844,341.55999755859375,332.2900085449219,333.17999267578125,1351300
2023-03-17,326.4031982421875,334.489990234375,340.32000732421875,331.20001220703125,339.04998779296875,3418200
2023-03-20,326.5008239746094,334.5899963378906,335.3299865722656,331.1199951171875,334.94000244140625,1505000
2023-03-21,333.34136962890625,341.6000061035156,342.3999938964844,338.0199890136719,338.8500061035156,1067000
2023-03-22,327.60345458984375,335.7200012207031,344.75,335.5899963378906,342.1000061035156,1133800
2023-03-23,324.2174072265625,332.25,338.32000732421875,330.3599853515625,334.32000732421875,1413200
2023-03-24,326.4324951171875,334.5199890136719,335.3299865722656,327.0799865722656,328.0299987792969,1192800
2023-03-27,327.6327819824219,335.75,339.30999755859375,333.5799865722656,338.6000061035156,1202600
2023-03-28,326.05194091796875,334.1300048828125,335.9599914550781,331.30999755859375,334.29998779296875,960700
2023-03-29,329.955322265625,338.1300048828125,338.6099853515625,335.0799865722656,337.1400146484375,1283800
2023-03-30,333.0193176269531,341.2699890136719,342.6499938964844,338.6099853515625,340.3999938964844,797100
2023-03-31,336.4346923828125,344.7699890136719,346.5899963378906,342.1600036621094,343.8299865722656,1732800
2023-04-03,337.89837646484375,346.2699890136719,346.70001220703125,341.05999755859375,342.5,1683500
2023-04-04,338.0350646972656,346.4100036621094,352.239990234375,345.510009765625,348.489990234375,1098900
2023-04-05,336.268798828125,344.6000061035156,348.54998779296875,344.2799987792969,345.760009765625,948700
2023-04-06,332.6191711425781,340.8599853515625,343.3999938964844,334.5,343.3999938964844,1309900
2023-04-10,330.6383056640625,338.8299865722656,338.989990234375,329.4599914550781,337.44000244140625,893200
2023-04-11,333.64385986328125,341.9100036621094,343.8999938964844,339.5400085449219,340.7300109863281,752400
2023-04-12,334.5025634765625,342.7900085449219,347.80999755859375,341.760009765625,346.4700012207031,903100
2023-04-13,339.45977783203125,347.8699951171875,348.25,343.1400146484375,344.32000732421875,732900
2023-04-14,339.45001220703125,347.8599853515625,350.1199951171875,346.0899963378906,347.70001220703125,960000
2023-04-17,340.5722351074219,349.010009765625,349.8599853515625,345.5899963378906,346.5899963378906,863600
2023-04-18,343.6557922363281,352.1700134277344,352.8599853515625,347.5799865722656,350.0,1223800
2023-04-19,343.5191650390625,352.0299987792969,353.8399963378906,350.4200134277344,350.5,845000
2023-04-20,344.37786865234375,352.9100036621094,355.3599853515625,349.7300109863281,350.2799987792969,859100
2023-04-21,343.2166748046875,351.7200012207031,354.510009765625,350.57000732421875,353.8999938964844,753100
2023-04-24,339.2548522949219,347.6600036621094,353.67999267578125,346.1600036621094,352.7699890136719,1022300
2023-04-25,336.86407470703125,345.2099914550781,350.82000732421875,344.0799865722656,347.3500061035156,1447600
2023-04-26,331.84832763671875,340.07000732421875,345.45001220703125,338.9200134277344,343.3399963378906,1592700
2023-04-27,346.98333740234375,355.5799865722656,357.2300109863281,345.5,345.9100036621094,1647300
2023-04-28,353.8141174316406,362.5799865722656,362.95001220703125,355.0199890136719,355.0299987792969,1748200
2023-05-01,353.88232421875,362.6499938964844,365.5299987792969,361.260009765625,361.70001220703125,1085100
2023-05-02,347.4127197265625,356.0199890136719,362.6499938964844,352.5,360.1199951171875,1131400
2023-05-03,341.50897216796875,349.9700012207031,358.3399963378906,349.8599853515625,357.44000244140625,912400
2023-05-04,339.10845947265625,347.510009765625,352.4100036621094,346.6199951171875,348.7099914550781,1022700
2023-05-05,345.62689208984375,354.19000244140625,356.6600036621094,350.239990234375,351.07000732421875,930000
2023-05-08,346.593017578125,355.17999267578125,356.1499938964844,353.25,354.4599914550781,696200
2023-05-09,346.6808166503906,355.2699890136719,359.1000061035156,354.739990234375,355.17999267578125,863700
2023-05-10,353.423828125,362.17999267578125,363.6400146484375,357.1000061035156,357.1000061035156,1407100
2023-05-11,351.5794982910156,360.2900085449219,363.6400146484375,358.1099853515625,362.9200134277344,892600
2023-05-12,350.6524353027344,359.3399963378906,361.9800109863281,356.7099914550781,360.7099914550781,750000
2023-05-15,352.7406921386719,361.4800109863281,361.8299865722656,357.3599853515625,359.57000732421875,854200
2023-05-16,349.9791259765625,358.6499938964844,362.29998779296875,358.4700012207031,359.8599853515625,683000
2023-05-17,352.2137451171875,360.94000244140625,361.9800109863281,357.2300109863281,361.42999267578125,870700
2023-05-18,355.004638671875,363.79998779296875,364.57000732421875,358.7699890136719,361.2900085449219,1046800
2023-05-19,356.58544921875,365.4200134277344,370.7799987792969,361.5299987792969,362.19000244140625,1304600
2023-05-22,363.347900390625,372.3500061035156,374.05999755859375,365.4100036621094,365.4100036621094,1231400
2023-05-23,353.4334716796875,362.19000244140625,372.45001220703125,360.8800048828125,369.6000061035156,1198700
2023-05-24,347.5883483886719,356.20001220703125,362.3800048828125,354.20001220703125,361.5799865722656,1234300
2023-05-25,350.5428466796875,358.32000732421875,359.45001220703125,354.739990234375,356.07000732421875,1069600
2023-05-26,352.9494323730469,360.7799987792969,363.6000061035156,357.7099914550781,358.760009765625,1054400
2023-05-30,356.42236328125,364.3299865722656,370.1000061035156,362.80999755859375,365.7200012207031,973500
2023-05-31,359.455078125,367.42999267578125,368.5299987792969,359.760009765625,362.0,2540500
2023-06-01,360.9811706542969,368.989990234375,371.5400085449219,365.4200134277344,366.5299987792969,1068300
2023-06-02,367.868408203125,376.0299987792969,378.70001220703125,371.2099914550781,372.0,1326600
2023-06-05,369.8935241699219,378.1000061035156,380.70001220703125,376.5,377.9800109863281,814100
2023-06-06,370.9500427246094,379.17999267578125,381.0299987792969,375.9700012207031,376.6499938964844,737500
2023-06-07,366.0683288574219,374.19000244140625,380.75,372.82000732421875,379.9200134277344,1020700
2023-06-08,373.8653259277344,382.1600036621094,382.3299865722656,373.82000732421875,374.6600036621094,1035800
2023-06-09,375.6654357910156,384.0,385.0,381.4100036621094,384.20001220703125,1251400
2023-06-12,376.8980712890625,385.260009765625,386.17999267578125,382.5299987792969,384.6099853515625,1159000
2023-06-13,382.0829772949219,390.55999755859375,390.9599914550781,384.80999755859375,386.2699890136719,1515300
2023-06-14,384.55810546875,393.0899963378906,395.4800109863281,390.5,391.2900085449219,1498500
2023-06-15,391.298583984375,399.9800109863281,401.2699890136719,392.70001220703125,394.489990234375,1465100
2023-06-16,386.632080078125,395.2099914550781,402.9200134277344,395.0,401.8399963378906,1883500
2023-06-20,383.33526611328125,391.8399963378906,392.6499938964844,384.42999267578125,387.04998779296875,1500000
2023-06-21,380.6645202636719,389.1099853515625,391.4200134277344,386.44000244140625,389.30999755859375,1266700
2023-06-22,379.8133850097656,388.239990234375,388.989990234375,383.8299865722656,388.2699890136719,1143200
2023-06-23,381.8873596191406,390.3599853515625,392.3800048828125,385.010009765625,385.8599853515625,1467600
2023-06-26,378.6100769042969,387.010009765625,391.3500061035156,386.92999267578125,390.260009765625,855900
2023-06-27,382.5232849121094,391.010009765625,392.32000732421875,386.6400146484375,389.6499938964844,711300
2023-06-28,383.0221862792969,391.5199890136719,392.1000061035156,389.19000244140625,390.239990234375,721100
2023-06-29,387.2484130859375,395.8399963378906,396.8599853515625,389.8299865722656,391.5899963378906,999700
2023-06-30,392.1888122558594,400.8900146484375,405.6499938964844,398.75,400.19000244140625,1349900
2023-07-03,388.3050231933594,396.9200134277344,399.1099853515625,394.2900085449219,398.3699951171875,713600
2023-07-05,390.9268493652344,399.6000061035156,401.3399963378906,392.9100036621094,395.42999267578125,1163000
2023-07-06,386.77886962890625,395.3599853515625,397.5199890136719,392.54998779296875,395.3599853515625,1031400
2023-07-07,384.71466064453125,393.25,398.07000732421875,392.0,393.2200012207031,811600
2023-07-10,389.7822265625,398.42999267578125,400.7699890136719,393.989990234375,393.989990234375,840800
2023-07-11,387.8158264160156,396.4200134277344,399.8800048828125,394.9700012207031,396.9800109863281,926600
2023-07-12,397.73577880859375,406.55999755859375,409.45001220703125,403.1700134277344,403.82000732421875,1952300
2023-07-13,403.08709716796875,412.0299987792969,413.55999755859375,407.2799987792969,409.989990234375,1244800
2023-07-14,406.9904479980469,416.0199890136719,417.3599853515625,412.2900085449219,412.6199951171875,1282600
2023-07-17,408.3307189941406,417.3900146484375,418.6400146484375,414.7200012207031,416.7099914550781,1189300
2023-07-18,412.6939392089844,421.8500061035156,422.260009765625,417.010009765625,417.7200012207031,1024100
2023-07-19,413.359130859375,422.5299987792969,425.3399963378906,420.95001220703125,423.7099914550781,1320200
2023-07-20,414.5918273925781,423.7900085449219,424.1099853515625,420.82000732421875,422.9100036621094,1085400
2023-07-21,414.1026611328125,423.2900085449219,425.2900085449219,423.260009765625,424.7799987792969,1351100
2023-07-24,413.6233215332031,422.79998779296875,425.510009765625,421.04998779296875,424.3999938964844,1442200
2023-07-25,418.2506408691406,427.5299987792969,428.6499938964844,420.510009765625,421.4200134277344,1353900
2023-07-26,419.1115417480469,428.4100036621094,428.6499938964844,425.4100036621094,428.07000732421875,1352600
2023-07-27,387.0919494628906,395.67999267578125,412.42999267578125,393.7699890136719,403.5,3530000
2023-07-28,383.6483154296875,392.1600036621094,401.8399963378906,392.0199890136719,398.010009765625,2418600
2023-07-31,385.9472961425781,394.510009765625,395.2699890136719,388.0400085449219,391.7900085449219,1916200
2023-08-01,389.6648254394531,398.30999755859375,398.8699951171875,393.3699951171875,394.3999938964844,1221300
2023-08-02,385.69293212890625,394.25,395.94000244140625,390.7200012207031,394.29998779296875,1589600
2023-08-03,375.3914489746094,383.7200012207031,392.9700012207031,382.70001220703125,388.7799987792969,2144600
2023-08-04,378.4438171386719,386.8399963378906,390.7200012207031,380.6199951171875,384.55999755859375,1196600
2023-08-07,381.9070129394531,390.3800048828125,390.510009765625,386.0,387.5899963378906,715500
2023-08-08,378.12091064453125,386.510009765625,388.95001220703125,380.6700134277344,387.8999938964844,951900
2023-08-09,379.2460021972656,387.6600036621094,392.010009765625,386.1199951171875,386.30999755859375,927100
2023-08-10,379.3927001953125,387.80999755859375,394.75,387.19000244140625,389.8999938964844,933100
2023-08-11,379.27532958984375,387.69000244140625,388.5799865722656,383.4599914550781,385.1700134277344,817300
2023-08-14,380.2536315917969,388.69000244140625,390.6300048828125,386.6099853515625,388.05999755859375,847700
2023-08-15,378.6492004394531,387.04998779296875,388.5199890136719,385.07000732421875,385.82000732421875,971900
2023-08-16,378.35577392578125,386.75,389.1600036621094,384.0299987792969,384.8699951171875,811000
2023-08-17,376.0371398925781,384.3800048828125,390.1499938964844,384.1400146484375,387.4599914550781,994300
2023-08-18,373.7087707519531,382.0,384.8500061035156,380.1700134277344,380.44000244140625,1045600
2023-08-21,370.2652282714844,378.4800109863281,383.19000244140625,376.7900085449219,382.0,1168800
2023-08-22,375.21539306640625,383.5400085449219,385.5299987792969,378.9800109863281,380.8900146484375,1024800
2023-08-23,383.2276611328125,391.7300109863281,392.0,385.2200012207031,386.6600036621094,770600
2023-08-24,378.619873046875,387.0199890136719,396.2099914550781,386.9800109863281,392.010009765625,770500
2023-08-25,380.7281799316406,388.2699890136719,391.9200134277344,385.70001220703125,388.95001220703125,942300
2023-08-28,382.8461608886719,390.42999267578125,393.1499938964844,387.8800048828125,390.1300048828125,1016000
2023-08-29,384.8759460449219,392.5,393.239990234375,388.80999755859375,389.6099853515625,661400
2023-08-30,384.7582702636719,392.3800048828125,395.42999267578125,391.4800109863281,392.1199951171875,750500
2023-08-31,383.2677917480469,390.8599853515625,395.8800048828125,390.739990234375,393.4200134277344,1201800
2023-09-01,386.5821533203125,394.239990234375,396.6199951171875,392.82000732421875,393.6499938964844,769400
2023-09-05,385.9055480957031,393.54998779296875,402.94000244140625,393.3699951171875,394.45001220703125,1334300
2023-09-06,386.4938659667969,394.1499938964844,395.8500061035156,391.95001220703125,393.19000244140625,1099500
2023-09-07,385.9349365234375,393.5799865722656,395.1600036621094,389.5299987792969,389.5299987792969,1160900
2023-09-08,383.12066650390625,390.7099914550781,395.489990234375,389.510009765625,394.5,864600
2023-09-11,381.7969665527344,389.3599853515625,392.8299865722656,387.6499938964844,390.7099914550781,973300
2023-09-12,379.76715087890625,387.2900085449219,389.94000244140625,385.2799987792969,387.1300048828125,968700
2023-09-13,382.27740478515625,389.8500061035156,390.8999938964844,385.7300109863281,386.6600036621094,680800
2023-09-14,388.49432373046875,396.19000244140625,396.3900146484375,389.9200134277344,394.32000732421875,825500
2023-09-15,380.71826171875,388.260009765625,394.70001220703125,387.79998779296875,393.4800109863281,2472300
2023-09-18,381.9538269042969,389.5199890136719,391.2200012207031,386.3299865722656,386.9700012207031,638300
2023-09-19,381.7478942871094,389.30999755859375,389.8699951171875,386.6400146484375,387.9700012207031,849000
2023-09-20,378.737548828125,386.239990234375,392.1199951171875,385.82000732421875,390.0199890136719,773500
2023-09-21,365.0781555175781,372.30999755859375,385.0,372.1600036621094,383.6400146484375,1078900
2023-09-22,364.4701232910156,371.69000244140625,375.8999938964844,371.07000732421875,372.57000732421875,1159300
2023-09-25,364.24462890625,371.4599914550781,372.6000061035156,369.510009765625,370.44000244140625,946300
2023-09-26,356.9981994628906,364.07000732421875,368.6199951171875,363.239990234375,366.17999267578125,1852900
2023-09-27,356.0077819824219,363.05999755859375,365.5899963378906,360.9100036621094,365.1300048828125,1437600
2023-09-28,361.37158203125,368.5299987792969,370.32000732421875,362.8299865722656,363.05999755859375,1907200
2023-09-29,358.31219482421875,365.4100036621094,374.69000244140625,364.57000732421875,371.510009765625,1142100
2023-10-02,359.5967102050781,366.7200012207031,372.010009765625,364.5899963378906,367.260009765625,1568600
2023-10-03,349.496826171875,356.4200134277344,365.67999267578125,355.0,364.17999267578125,1027000
2023-10-04,355.24298095703125,362.2799987792969,362.5799865722656,356.8399963378906,357.9100036621094,1069600
2023-10-05,354.2624206542969,361.2799987792969,362.42999267578125,357.4599914550781,361.1300048828125,714200
2023-10-06,356.9884033203125,364.05999755859375,366.1700134277344,357.55999755859375,359.6600036621094,880400
2023-10-09,359.3515930175781,366.4700012207031,367.2799987792969,361.9800109863281,361.9800109863281,638600
2023-10-10,362.401123046875,369.5799865722656,372.42999267578125,365.260009765625,366.0,889900
2023-10-11,364.67608642578125,371.8999938964844,374.04998779296875,369.2200012207031,371.92999267578125,611400
2023-10-12,358.7142028808594,365.82000732421875,373.3900146484375,363.8800048828125,372.8399963378906,861200
2023-10-13,356.6451721191406,363.7099914550781,368.4800109863281,360.5400085449219,366.510009765625,661900
2023-10-16,360.40081787109375,367.5400085449219,371.6300048828125,364.9800109863281,366.3800048828125,826700
2023-10-17,360.1752624511719,367.30999755859375,371.6499938964844,362.8500061035156,364.7200012207031,728100
2023-10-18,352.9091491699219,359.8999938964844,365.75,359.70001220703125,364.239990234375,975900
2023-10-19,350.6146240234375,357.55999755859375,362.3800048828125,356.04998779296875,360.7799987792969,899800
2023-10-20,343.23089599609375,350.0299987792969,357.4200134277344,349.8900146484375,357.4200134277344,2062600
2023-10-23,343.39764404296875,350.20001220703125,354.6600036621094,346.1099853515625,347.8999938964844,1128500
2023-10-24,341.1814880371094,347.94000244140625,353.9100036621094,345.1000061035156,350.25,1548500
2023-10-25,342.348388671875,349.1300048828125,353.57000732421875,345.9100036621094,346.6199951171875,1113300
2023-10-26,341.4952697753906,348.260009765625,352.8599853515625,347.44000244140625,347.739990234375,946100
2023-10-27,335.82757568359375,342.4800109863281,349.989990234375,340.6099853515625,348.5,1160900
2023-10-30,338.36724853515625,345.07000732421875,346.8299865722656,340.489990234375,344.79998779296875,1546500
2023-10-31,342.5249328613281,349.30999755859375,349.4100036621094,342.94000244140625,345.489990234375,1748100
2023-11-01,344.57427978515625,351.3999938964844,353.2799987792969,347.0,350.5299987792969,1411700
2023-11-02,368.6180419921875,375.9200134277344,379.82000732421875,365.0,365.0,3046500
2023-11-03,375.4624328613281,382.8999938964844,385.5299987792969,380.04998779296875,381.4100036621094,1888400
2023-11-06,377.1784362792969,384.6499938964844,385.30999755859375,381.3299865722656,382.2099914550781,1209300
2023-11-07,377.1000061035156,384.57000732421875,388.0,383.6700134277344,385.75,908800
2023-11-08,378.8748474121094,386.3800048828125,386.739990234375,382.1199951171875,383.4800109863281,781700
2023-11-09,380.1495361328125,387.67999267578125,390.489990234375,385.3800048828125,389.6300048828125,1200200
2023-11-10,386.3174133300781,393.9700012207031,394.1000061035156,387.05999755859375,389.75,1201200
2023-11-13,387.1410827636719,394.80999755859375,396.0199890136719,392.69000244140625,394.4200134277344,1164900
2023-11-14,396.0643005371094,403.9100036621094,406.42999267578125,398.7300109863281,399.6400146484375,1674000
2023-11-15,394.2502746582031,402.05999755859375,407.3399963378906,401.5799865722656,403.9100036621094,1243600
2023-11-16,396.13299560546875,403.9800109863281,405.6000061035156,403.2099914550781,404.42999267578125,1062300
2023-11-17,400.1925354003906,408.1199951171875,408.4200134277344,401.7900085449219,403.5,1647100
2023-11-20,403.54608154296875,411.5400085449219,413.2099914550781,407.5299987792969,407.5799865722656,1510400
2023-11-21,405.7229919433594,413.760009765625,413.8800048828125,410.94000244140625,411.0299987792969,1059400
2023-11-22,407.0369567871094,415.1000061035156,417.7799987792969,413.8800048828125,415.2900085449219,977600
2023-11-24,407.0369567871094,415.1000061035156,416.0199890136719,412.760009765625,416.0199890136719,404200
2023-11-27,405.12066650390625,412.25,414.010009765625,410.3900146484375,412.4100036621094,1326900
2023-11-28,405.83807373046875,412.9800109863281,417.739990234375,410.010009765625,411.0,1134400
2023-11-29,407.4693908691406,414.6400146484375,418.3399963378906,413.75,414.5299987792969,946800
2023-11-30,408.6387939453125,415.8299865722656,416.1199951171875,412.1099853515625,413.1300048828125,1666000
2023-12-01,414.70208740234375,422.0,424.9800109863281,416.010009765625,417.0,1974400
2023-12-04,416.8542175292969,424.19000244140625,425.6000061035156,418.0299987792969,419.54998779296875,1513400
2023-12-05,415.8321838378906,423.1499938964844,426.1499938964844,419.7099914550781,426.1000061035156,1661200
2023-12-06,411.4198913574219,418.6600036621094,425.0,418.3800048828125,423.0,1475600
2023-12-07,410.1619567871094,417.3800048828125,419.92999267578125,416.6000061035156,419.5,1243000
2023-12-08,408.196533203125,415.3800048828125,418.8500061035156,413.1700134277344,415.6400146484375,1651500
2023-12-11,416.42181396484375,423.75,424.1300048828125,415.9800109863281,416.1199951171875,1380200
2023-12-12,419.42889404296875,426.80999755859375,427.1499938964844,422.3299865722656,423.489990234375,1095900
2023-12-13,427.73284912109375,435.260009765625,435.989990234375,427.3699951171875,428.8999938964844,1204900
2023-12-14,430.20916748046875,437.7799987792969,441.6700134277344,435.79998779296875,440.0,1320900
2023-12-15,428.24371337890625,435.7799987792969,437.3500061035156,432.55999755859375,432.5899963378906,2389800
2023-12-18,428.8628845214844,436.4100036621094,439.3299865722656,435.1499938964844,435.9700012207031,899800
2023-12-19,429.10858154296875,436.6600036621094,439.82000732421875,434.5,435.1600036621094,1181900
2023-12-20,420.4313049316406,427.8299865722656,437.4599914550781,427.57000732421875,436.70001220703125,1553400
2023-12-21,425.20721435546875,432.69000244140625,433.0799865722656,429.04998779296875,429.04998779296875,817500
2023-12-22,427.3199768066406,434.8399963378906,436.8599853515625,432.6199951171875,435.1300048828125,698500
2023-12-26,428.68603515625,436.2300109863281,438.6300048828125,434.510009765625,434.510009765625,535100
2023-12-27,432.3907470703125,440.0,440.2900085449219,434.0,435.2900085449219,821100
2023-12-28,434.1989440917969,441.8399963378906,443.4700012207031,439.0199890136719,439.6600036621094,679000
2023-12-29,432.9018249511719,440.5199890136719,443.7200012207031,439.1400146484375,441.8399963378906,884300
2024-01-02,428.8432312011719,436.3900146484375,440.5,433.760009765625,439.2699890136719,1080600
2024-01-03,422.4261474609375,429.8599853515625,434.6000061035156,429.0799865722656,433.4100036621094,936500
2024-01-04,422.2394104003906,429.6700134277344,433.6499938964844,429.0199890136719,430.6499938964844,1052100
2024-01-05,420.529541015625,427.92999267578125,431.3800048828125,425.7699890136719,428.8599853515625,921200
2024-01-08,424.6961975097656,432.1700134277344,432.3900146484375,427.5799865722656,430.6499938964844,1193100
2024-01-09,422.7308044433594,430.1700134277344,432.8800048828125,428.2900085449219,428.2900085449219,706200
2024-01-10,425.6396484375,433.1300048828125,434.95001220703125,429.6499938964844,431.75,1002500
2024-01-11,426.68133544921875,434.19000244140625,435.6199951171875,430.2200012207031,434.1700134277344,1328800
2024-01-12,429.4427185058594,437.0,439.29998779296875,434.1400146484375,437.4700012207031,842800
2024-01-16,429.0004577636719,436.54998779296875,438.2200012207031,432.8699951171875,433.44000244140625,1127800
2024-01-17,430.1600646972656,437.7300109863281,439.489990234375,433.4599914550781,433.8399963378906,1041000
2024-01-18,431.99774169921875,439.6000061035156,441.1600036621094,435.6300048828125,439.4800109863281,1204100
2024-01-19,434.3070983886719,441.95001220703125,443.4599914550781,439.0299987792969,441.2300109863281,1172500
2024-01-22,436.773681640625,444.4599914550781,446.2099914550781,442.8399963378906,444.7200012207031,1025000
2024-01-23,438.7685546875,446.489990234375,447.0,443.0199890136719,446.57000732421875,816600
2024-01-24,438.1887512207031,445.8999938964844,450.32000732421875,445.20001220703125,448.4100036621094,892400
2024-01-25,441.5693054199219,449.3399963378906,449.57000732421875,443.6199951171875,447.3599853515625,1071000
2024-01-26,438.8766784667969,446.6000061035156,449.44000244140625,445.4200134277344,448.92999267578125,787600
2024-01-29,442.0310974121094,449.80999755859375,450.6199951171875,444.9599914550781,447.92999267578125,1073600
2024-01-30,446.698974609375,454.55999755859375,455.3299865722656,448.5,450.19000244140625,1098700
2024-01-31,440.5964050292969,448.3500061035156,457.19000244140625,447.9599914550781,455.010009765625,1820100
2024-02-01,449.31304931640625,457.2200012207031,457.4599914550781,447.7300109863281,448.3500061035156,1078100
2024-02-02,446.1978454589844,454.04998779296875,456.7300109863281,448.17999267578125,455.0,1552900
2024-02-05,443.7312316894531,451.5400085449219,453.0199890136719,445.6700134277344,450.0,1247300
2024-02-06,445.4510192871094,453.2900085449219,454.5199890136719,449.7200012207031,451.7900085449219,975700
2024-02-07,451.7698059082031,459.7200012207031,461.1600036621094,453.6300048828125,459.3800048828125,1584000
2024-02-08,429.0790710449219,436.6300048828125,437.3399963378906,419.8500061035156,431.79998779296875,3790200
2024-02-09,430.3172912597656,437.8900146484375,441.0400085449219,431.3299865722656,436.92999267578125,1863700
2024-02-12,422.10186767578125,429.5299987792969,439.1400146484375,429.17999267578125,439.1400146484375,1817000
2024-02-13,415.17376708984375,422.4800109863281,426.260009765625,420.1300048828125,421.8399963378906,1888800
2024-02-14,413.92572021484375,421.2099914550781,425.5,417.4700012207031,424.45001220703125,1621300
2024-02-15,417.1490173339844,424.489990234375,426.6600036621094,422.0799865722656,423.489990234375,1378100
2024-02-16,416.2449035644531,423.57000732421875,427.510009765625,421.8599853515625,422.0,1813400
2024-02-20,418.64276123046875,426.010009765625,426.2099914550781,420.69000244140625,423.1600036621094,2424700
2024-02-21,416.9917907714844,424.3299865722656,429.489990234375,421.3800048828125,425.510009765625,979400
2024-02-22,427.6934814453125,435.2200012207031,437.6199951171875,428.4800109863281,429.1099853515625,1328000
2024-02-23,430.69073486328125,438.2699890136719,440.32000732421875,436.1600036621094,436.4800109863281,871200
2024-02-26,426.8009338378906,433.4100036621094,439.29998779296875,433.3900146484375,436.67999267578125,1135400
2024-02-27,421.31591796875,427.8399963378906,434.6000061035156,426.239990234375,433.25,1493600
2024-02-28,422.8422546386719,429.3900146484375,431.80999755859375,426.1700134277344,427.4700012207031,1222200
2024-02-29,421.8476257324219,428.3800048828125,433.5899963378906,428.0199890136719,432.510009765625,2070200
2024-03-01,422.46807861328125,429.010009765625,432.2699890136719,426.989990234375,428.0,1484400
2024-03-04,418.95245361328125,425.44000244140625,429.510009765625,423.95001220703125,428.3800048828125,2056800
2024-03-05,415.8702087402344,422.30999755859375,427.05999755859375,421.3900146484375,423.80999755859375,1456200
2024-03-06,419.641845703125,426.1400146484375,426.8999938964844,422.3500061035156,424.3299865722656,1529800
2024-03-07,420.1637268066406,426.6700134277344,430.7300109863281,426.3999938964844,430.7300109863281,1189000
2024-03-08,421.6999816894531,428.2300109863281,430.6000061035156,426.8699951171875,427.739990234375,1138700
2024-03-11,420.173583984375,426.67999267578125,428.69000244140625,423.2900085449219,427.0,987300
2024-03-12,422.0740966796875,428.6099853515625,430.7300109863281,426.1499938964844,429.32000732421875,1005600
2024-03-13,421.5029602050781,428.0299987792969,430.1700134277344,426.67999267578125,428.2900085449219,750100
2024-03-14,417.01251220703125,423.4700012207031,428.1000061035156,421.05999755859375,426.7200012207031,1296000
2024-03-15,416.3625793457031,422.80999755859375,424.5199890136719,418.6499938964844,420.0299987792969,2467000
2024-03-18,415.31878662109375,421.75,426.2200012207031,421.3599853515625,424.07000732421875,1023100
2024-03-19,417.5048828125,423.9700012207031,424.05999755859375,420.739990234375,422.3900146484375,1643900
2024-03-20,419.5334777832031,426.0299987792969,426.05999755859375,421.7300109863281,424.1499938964844,1333100
2024-03-21,422.0151062011719,428.54998779296875,431.3999938964844,426.010009765625,427.3500061035156,1248400
2024-03-22,412.73870849609375,419.1300048828125,431.0899963378906,419.010009765625,429.3699951171875,1480300
2024-03-25,412.0986022949219,418.4800109863281,418.8399963378906,412.79998779296875,417.44000244140625,1342400
2024-03-26,413.09320068359375,419.489990234375,421.19000244140625,417.17999267578125,418.94000244140625,1331800
2024-03-27,416.3625793457031,422.80999755859375,423.4800109863281,418.6700134277344,422.9599914550781,1252900
2024-03-28,418.96240234375,425.45001220703125,427.1600036621094,422.3699951171875,424.5199890136719,1881600
2024-04-01,420.5772705078125,427.0899963378906,431.1600036621094,426.8599853515625,429.0899963378906,1682300
2024-04-02,419.61224365234375,426.1099853515625,427.20001220703125,422.67999267578125,426.5799865722656,1409100
2024-04-03,419.9569396972656,426.4599914550781,426.95001220703125,424.2200012207031,424.92999267578125,1027000
2024-04-04,421.8870849609375,428.4200134277344,437.3900146484375,427.2200012207031,429.1199951171875,1588300
2024-04-05,425.00872802734375,431.5899963378906,432.1099853515625,424.0299987792969,428.3299865722656,1158000
2024-04-08,427.4902038574219,434.1099853515625,435.6400146484375,431.8299865722656,432.0199890136719,1049700
2024-04-09,428.3666687011719,435.0,438.30999755859375,432.2900085449219,437.3900146484375,739400
2024-04-10,417.5738220214844,424.0400085449219,430.30999755859375,423.32000732421875,428.7900085449219,954400
2024-04-11,416.470947265625,422.9200134277344,425.989990234375,422.0400085449219,424.260009765625,1129200
2024-04-12,411.4388427734375,417.80999755859375,421.94000244140625,416.45001220703125,419.2300109863281,1182200
2024-04-15,403.3146057128906,409.55999755859375,422.6400146484375,408.260009765625,421.8299865722656,1054100
2024-04-16,402.3298645019531,408.55999755859375,413.510009765625,407.75,409.25,1058800
2024-04-17,405.82574462890625,412.1099853515625,413.94000244140625,409.510009765625,411.3900146484375,851100
2024-04-18,407.0664978027344,413.3699951171875,415.7799987792969,408.3999938964844,414.9599914550781,1155000
2024-04-19,406.2688903808594,412.55999755859375,414.8500061035156,409.9100036621094,414.69000244140625,1138700
2024-04-22,410.57220458984375,416.92999267578125,417.8999938964844,413.0400085449219,415.0,1168500
2024-04-23,406.95819091796875,413.260009765625,418.19000244140625,411.3800048828125,417.0400085449219,2356300
2024-04-24,406.9779357910156,413.2799987792969,414.5799865722656,408.95001220703125,412.1300048828125,3357300
2024-04-25,409.1640319824219,415.5,429.989990234375,407.69000244140625,428.0400085449219,2418900
2024-04-26,409.4397888183594,415.7799987792969,418.8599853515625,412.8500061035156,416.010009765625,1611500
2024-04-29,408.9769287109375,415.30999755859375,418.0,414.4100036621094,418.0,1526500
2024-04-30,409.489013671875,415.8299865722656,417.3500061035156,410.4800109863281,414.8999938964844,2004200
2024-05-01,409.8533935546875,416.20001220703125,421.04998779296875,413.8599853515625,413.8599853515625,1083100
2024-05-02,410.6017761230469,416.9599914550781,419.239990234375,408.8399963378906,417.5400085449219,1222000
2024-05-03,418.69647216796875,425.17999267578125,425.3699951171875,420.5199890136719,421.9599914550781,1917800
2024-05-06,419.2676086425781,425.760009765625,427.7699890136719,420.8900146484375,427.3900146484375,1316500
2024-05-07,422.0248718261719,428.55999755859375,428.80999755859375,425.1000061035156,425.1000061035156,795100
2024-05-08,422.6649475097656,429.2099914550781,430.3999938964844,427.4700012207031,428.3999938964844,749000
2024-05-09,425.697998046875,432.2900085449219,432.42999267578125,428.67999267578125,429.0899963378906,1289200
2024-05-10,424.989013671875,431.57000732421875,435.260009765625,431.1400146484375,433.75,858900
2024-05-13,421.48333740234375,428.010009765625,433.5799865722656,427.6199951171875,432.4800109863281,1135300
2024-05-14,421.5029602050781,428.0299987792969,429.739990234375,420.3699951171875,428.010009765625,1692400
2024-05-15,429.0560607910156,435.70001220703125,435.9700012207031,428.1300048828125,429.30999755859375,1272000
2024-05-16,431.3406677246094,438.0199890136719,440.8599853515625,432.3299865722656,435.8599853515625,1105900
2024-05-17,435.14178466796875,441.8800048828125,442.1000061035156,437.1400146484375,439.67999267578125,1236200
2024-05-20,431.06488037109375,437.739990234375,441.57000732421875,437.0,439.5400085449219,1080000
2024-05-21,433.16241455078125,439.8699951171875,441.2300109863281,436.8999938964844,437.739990234375,1516000
2024-05-22,435.5553894042969,442.29998779296875,442.6199951171875,438.57000732421875,439.8399963378906,922700
2024-05-23,429.627197265625,436.2799987792969,441.1300048828125,434.9700012207031,441.1300048828125,1142300
2024-05-24,431.55731201171875,438.239990234375,439.8999938964844,435.010009765625,437.8999938964844,661800
2024-05-28,424.42767333984375,431.0,437.6700134277344,429.0,436.4599914550781,1199900
2024-05-29,419.365234375,424.9599914550781,428.3900146484375,424.0899963378906,426.2699890136719,870800
2024-05-30,416.03961181640625,421.5899963378906,424.7900085449219,420.29998779296875,424.1499938964844,1086300
2024-05-31,421.88165283203125,427.510009765625,427.7099914550781,419.489990234375,421.9800109863281,1849700
2024-06-03,423.608642578125,429.260009765625,432.2699890136719,424.82000732421875,428.44000244140625,1230000
2024-06-04,426.1546936035156,431.8399963378906,433.4200134277344,427.2699890136719,428.989990234375,657600
2024-06-05,430.54608154296875,436.2900085449219,436.989990234375,427.8399963378906,432.7200012207031,879900
2024-06-06,428.9375305175781,434.6600036621094,438.95001220703125,434.1000061035156,437.3800048828125,613100
2024-06-07,423.0954895019531,428.739990234375,432.8900146484375,428.2300109863281,431.6700134277344,810100
2024-06-10,424.3388671875,430.0,430.260009765625,425.489990234375,427.6600036621094,694700
2024-06-11,423.16455078125,428.80999755859375,429.9100036621094,427.19000244140625,429.9100036621094,1148200
2024-06-12,434.45391845703125,440.25,441.80999755859375,432.1099853515625,434.20001220703125,1219000
2024-06-13,431.4342346191406,437.19000244140625,440.6700134277344,435.3699951171875,440.0,689600
2024-06-14,428.6809387207031,434.3999938964844,436.0,429.8800048828125,434.7300109863281,789400
2024-06-17,427.59539794921875,433.29998779296875,434.82000732421875,429.8699951171875,432.2900085449219,765900
2024-06-18,430.1118469238281,435.8500061035156,436.2099914550781,431.3999938964844,434.0400085449219,983500
2024-06-20,432.9342041015625,438.7099914550781,440.3299865722656,434.4700012207031,436.1499938964844,1006600
2024-06-21,433.4375,439.2200012207031,440.2300109863281,436.0,438.67999267578125,1367400
2024-06-24,439.1117858886719,444.9700012207031,446.54998779296875,438.3399963378906,440.5,958500
2024-06-25,442.87164306640625,448.7799987792969,449.239990234375,442.7699890136719,445.7900085449219,998800
2024-06-26,442.4571533203125,448.3599853515625,449.1199951171875,443.55999755859375,446.32000732421875,1630800
2024-06-27,442.9999084472656,448.9100036621094,450.9800109863281,446.45001220703125,450.0,1100900
2024-06-28,440.1282043457031,446.0,447.9700012207031,442.0299987792969,446.6000061035156,3028300
2024-07-01,440.44403076171875,446.32000732421875,451.1099853515625,444.0899963378906,448.3800048828125,1079600
2024-07-02,444.5196838378906,450.45001220703125,450.7699890136719,446.3599853515625,446.3599853515625,731300
2024-07-03,443.52294921875,449.44000244140625,451.6400146484375,448.57000732421875,449.8599853515625,462100
2024-07-05,447.3025207519531,453.2699890136719,454.04998779296875,448.010009765625,451.3699951171875,777100
2024-07-08,449.8880310058594,455.8900146484375,457.05999755859375,453.5199890136719,454.239990234375,833100
2024-07-09,454.23992919921875,460.29998779296875,461.3800048828125,456.8399963378906,458.7699890136719,892300
2024-07-10,459.86492919921875,466.0,466.05999755859375,458.3999938964844,461.3500061035156,1233400
2024-07-11,466.9898986816406,473.2200012207031,473.260009765625,466.8800048828125,466.8800048828125,1376100
2024-07-12,472.022705078125,478.32000732421875,481.1700134277344,474.0,474.7099914550781,1355500
2024-07-15,476.1970520019531,482.54998779296875,483.2200012207031,477.20001220703125,478.8999938964844,1083500
2024-07-16,482.3548889160156,488.7900085449219,488.8500061035156,482.739990234375,484.5,1215100
2024-07-17,483.4206848144531,489.8699951171875,489.9599914550781,486.010009765625,488.42999267578125,1411200
2024-07-18,478.3088684082031,484.69000244140625,491.4800109863281,484.1499938964844,487.8900146484375,1250200
2024-07-19,473.522705078125,479.8399963378906,485.5400085449219,478.9800109863281,485.3800048828125,1094400
2024-07-22,480.9042053222656,487.32000732421875,487.9800109863281,481.9800109863281,484.92999267578125,1094700
2024-07-23,489.0357360839844,495.55999755859375,498.1499938964844,487.1000061035156,487.8599853515625,1024000
2024-07-24,475.31878662109375,481.6600036621094,496.5799865722656,480.2099914550781,494.8999938964844,1091200
2024-07-25,476.966796875,483.3299865722656,492.0,476.9700012207031,478.0400085449219,785700
2024-07-26,483.3713684082031,489.82000732421875,492.6700134277344,484.70001220703125,486.70001220703125,823300
2024-07-29,483.38116455078125,489.8299865722656,493.30999755859375,488.510009765625,491.4800109863281,1122500
2024-07-30,482.0785827636719,488.510009765625,502.95001220703125,480.6499938964844,495.6000061035156,1399900
2024-07-31,478.3483581542969,484.7300109863281,492.70001220703125,481.2099914550781,491.54998779296875,1644700
2024-08-01,484.0719909667969,490.5299987792969,491.6000061035156,486.1400146484375,489.9100036621094,1049100
2024-08-02,479.64111328125,486.0400085449219,489.7300109863281,480.1199951171875,485.8500061035156,1214400
2024-08-05,465.77606201171875,471.989990234375,477.8900146484375,467.69000244140625,477.3299865722656,1562600
2024-08-06,473.16748046875,479.4800109863281,487.1700134277344,473.3299865722656,474.9800109863281,1473500
2024-08-07,471.82537841796875,478.1199951171875,490.42999267578125,477.4200134277344,483.80999755859375,1305900
2024-08-08,480.7759704589844,487.19000244140625,488.1600036621094,477.2900085449219,478.7900085449219,932200
2024-08-09,482.0785827636719,488.510009765625,490.20001220703125,485.5199890136719,488.0,611200
2024-08-12,478.091796875,484.4700012207031,489.989990234375,483.4800109863281,488.42999267578125,731900
2024-08-13,483.2430419921875,489.69000244140625,491.1600036621094,486.29998779296875,488.55999755859375,639900
2024-08-14,486.1640319824219,492.6499938964844,493.45001220703125,487.8399963378906,489.010009765625,736200
2024-08-15,486.44036865234375,492.92999267578125,497.4700012207031,491.5799865722656,494.0199890136719,778500
2024-08-16,484.40753173828125,490.8699951171875,494.1499938964844,489.0199890136719,494.0,1012800
2024-08-19,489.2134094238281,495.739990234375,495.8999938964844,491.8900146484375,491.8900146484375,972900
2024-08-20,491.3054504394531,497.8599853515625,499.30999755859375,495.989990234375,497.760009765625,2046700
2024-08-21,492.4107360839844,498.9800109863281,499.2900085449219,495.4599914550781,497.8599853515625,857100
2024-08-22,492.1541748046875,498.7200012207031,500.7200012207031,496.70001220703125,498.9800109863281,1347700
2024-08-23,493.99957275390625,500.5899963378906,502.7300109863281,497.79998779296875,500.4800109863281,679800
2024-08-26,495.41070556640625,502.0199890136719,505.8500061035156,501.2300109863281,502.42999267578125,850600
2024-08-27,499.6420593261719,505.3900146484375,506.7900085449219,499.6300048828125,500.3299865722656,1123400
2024-08-28,499.5234069824219,505.2699890136719,510.2900085449219,500.54998779296875,505.3599853515625,1368200
2024-08-29,502.27178955078125,508.04998779296875,511.8800048828125,505.010009765625,506.4200134277344,1096300
2024-08-30,507.4027404785156,513.239990234375,514.0,507.20001220703125,509.6499938964844,1245400
2024-09-03,504.9905090332031,510.79998779296875,517.4600219726562,506.989990234375,514.97998046875,1059300
2024-09-04,507.4719543457031,513.3099975585938,513.9500122070312,509.1700134277344,510.9700012207031,781200
2024-09-05,511.1199951171875,517.0,518.5900268554688,513.719970703125,514.7999877929688,1171700
2024-09-06,504.83233642578125,510.6400146484375,521.5,510.1199951171875,517.0900268554688,1037700
2024-09-09,509.96331787109375,515.8300170898438,519.8699951171875,513.5499877929688,514.7899780273438,937800
2024-09-10,514.0364990234375,519.9500122070312,520.97998046875,513.6599731445312,517.7000122070312,972200
2024-09-11,509.94354248046875,515.8099975585938,517.7100219726562,504.5,516.9500122070312,1176100
2024-09-12,514.0958251953125,520.010009765625,521.010009765625,512.5900268554688,514.1300048828125,889700
2024-09-13,513.542236328125,519.4500122070312,524.1400146484375,518.0700073242188,522.0,1148800
2024-09-16,521.3820190429688,527.3800048828125,528.02001953125,520.6199951171875,521.8599853515625,1015800
2024-09-17,516.4388427734375,522.3800048828125,525.8300170898438,517.5800170898438,525.0999755859375,1124000
2024-09-18,513.6113891601562,519.52001953125,525.27001953125,516.02001953125,520.6400146484375,951100
2024-09-19,518.2578735351562,524.219970703125,526.7999877929688,522.0800170898438,525.0,936300
2024-09-20,517.7141723632812,523.6699829101562,525.22998046875,520.0,523.3900146484375,1814700
2024-09-23,515.1536254882812,521.0800170898438,527.8400268554688,518.1199951171875,520.02001953125,960800
2024-09-24,512.2173461914062,518.1099853515625,519.510009765625,513.010009765625,517.280029296875,1070900
2024-09-25,508.9648132324219,514.8200073242188,522.0599975585938,513.1599731445312,519.510009765625,931100
2024-09-26,505.88031005859375,511.70001220703125,515.9299926757812,509.260009765625,513.239990234375,1209400
2024-09-27,506.8886413574219,512.719970703125,516.6799926757812,511.19000244140625,511.6000061035156,806700
2024-09-30,510.74432373046875,516.6199951171875,517.469970703125,510.30999755859375,512.0599975585938,1000000
2024-10-01,506.3943176269531,512.219970703125,518.8699951171875,511.45001220703125,518.6400146484375,978400
2024-10-02,508.8560485839844,514.7100219726562,516.6500244140625,511.04998779296875,514.0700073242188,962300
2024-10-03,508.7472839355469,514.5999755859375,516.97998046875,513.4299926757812,514.5700073242188,753900
2024-10-04,506.34490966796875,512.1699829101562,516.1400146484375,508.3500061035156,513.5800170898438,683800
2024-10-07,500.66033935546875,506.4200134277344,513.5599975585938,505.1400146484375,512.5499877929688,816000
2024-10-08,512.4546508789062,518.3499755859375,519.5599975585938,510.4599914550781,511.32000732421875,1005200
2024-10-09,515.5391235351562,521.469970703125,524.3499755859375,518.5599975585938,519.0,819200
2024-10-10,509.2613525390625,515.1199951171875,521.489990234375,513.9500122070312,519.9500122070312,719100
2024-10-11,516.0730590820312,522.010009765625,522.719970703125,516.6699829101562,517.52001953125,662100
2024-10-14,521.5203857421875,527.52001953125,528.5399780273438,522.5599975585938,522.5599975585938,639200
2024-10-15,522.4397583007812,528.4500122070312,533.2899780273438,527.8300170898438,530.0,1298400
2024-10-16,522.9835205078125,529.0,529.6099853515625,522.010009765625,524.8599853515625,629000
2024-10-17,513.0577392578125,518.9600219726562,532.0,515.2100219726562,531.739990234375,1447600
2024-10-18,518.8313598632812,524.7999877929688,525.5800170898438,520.8800048828125,523.9099731445312,1832000
2024-10-21,517.2395629882812,523.1900024414062,524.75,518.6900024414062,521.1699829101562,808200
2024-10-22,507.6795959472656,513.52001953125,519.3800048828125,510.6300048828125,519.0599975585938,1316400
2024-10-23,505.1091613769531,510.9200134277344,514.5499877929688,509.6000061035156,513.5,1023100
2024-10-24,487.6005859375,493.2099914550781,504.4200134277344,492.0400085449219,499.0,1761300
2024-10-25,485.0301208496094,490.6099853515625,498.92999267578125,488.6400146484375,497.5899963378906,984400
2024-10-28,481.698486328125,487.239990234375,494.92999267578125,486.30999755859375,493.8500061035156,1303500
2024-10-29,481.2140197753906,486.75,489.82000732421875,486.0299987792969,487.69000244140625,1615500
2024-10-30,480.4132080078125,485.94000244140625,490.5899963378906,484.75,487.6300048828125,1109300
2024-10-31,474.896728515625,480.3599853515625,485.8800048828125,480.0299987792969,484.8699951171875,1326400
2024-11-01,477.81317138671875,483.30999755859375,487.2300109863281,480.8800048828125,481.8699951171875,940300
2024-11-04,480.24517822265625,485.7699890136719,486.75,482.9200134277344,483.92999267578125,1908700
2024-11-05,484.140380859375,489.7099914550781,489.82000732421875,484.8399963378906,485.9700012207031,1879500
2024-11-06,484.4172058105469,489.989990234375,503.6199951171875,477.2900085449219,503.6199951171875,2389600
2024-11-07,491.44635009765625,497.1000061035156,498.32000732421875,492.30999755859375,494.7200012207031,1314700
2024-11-08,497.1012878417969,502.82000732421875,507.489990234375,497.239990234375,497.239990234375,1343100
2024-11-11,501.49078369140625,507.260009765625,509.9599914550781,500.010009765625,500.489990234375,1125600
2024-11-12,497.743896484375,503.4700012207031,508.04998779296875,503.2099914550781,506.95001220703125,1035100
2024-11-13,504.4863586425781,510.2900085449219,515.7999877929688,503.5400085449219,503.8500061035156,1098400
2024-11-14,504.83233642578125,510.6400146484375,515.72998046875,510.2900085449219,514.2999877929688,794200
2024-11-15,497.5659484863281,503.2900085449219,510.7900085449219,502.05999755859375,506.1499938964844,1187600
2024-11-18,497.27923583984375,503.0,504.7300109863281,499.1499938964844,501.6300048828125,1449700
2024-11-19,496.5970764160156,502.30999755859375,505.8800048828125,499.79998779296875,502.7300109863281,1402600
2024-11-20,497.4077453613281,503.1300048828125,507.4700012207031,496.1300048828125,503.6000061035156,1258400
2024-11-21,505.5540466308594,511.3699951171875,513.5599975585938,504.32000732421875,508.010009765625,1159400
2024-11-22,508.60894775390625,514.4600219726562,517.4199829101562,510.0,510.0,1230000
2024-11-25,514.5901489257812,520.510009765625,520.8300170898438,514.8099975585938,516.760009765625,1890300
2024-11-26,516.9273681640625,521.9600219726562,524.0,515.969970703125,521.5700073242188,948000
2024-11-27,517.818603515625,522.8599853515625,526.8200073242188,519.530029296875,523.0,1391600
2024-11-29,517.4720458984375,522.510009765625,526.75,521.4099731445312,523.5499877929688,842500
2024-12-02,517.8284912109375,522.8699951171875,524.2899780273438,518.280029296875,522.4199829101562,1460200
2024-12-03,513.1936645507812,518.1900024414062,524.969970703125,517.72998046875,523.47998046875,1253000
2024-12-04,515.2437133789062,520.260009765625,527.8900146484375,519.260009765625,519.260009765625,1295800
2024-12-05,508.9351501464844,513.8900146484375,519.3800048828125,511.79998779296875,519.3800048828125,991900
2024-12-06,511.7873840332031,516.77001953125,520.5800170898438,513.1300048828125,514.25,914200
2024-12-09,508.40032958984375,513.3499755859375,517.9400024414062,509.3800048828125,514.0599975585938,1205800
2024-12-10,507.2119445800781,512.1500244140625,514.5,509.4100036621094,513.6300048828125,1369500
2024-12-11,511.29217529296875,516.27001953125,519.8499755859375,509.760009765625,512.0499877929688,882200
2024-12-12,507.92498779296875,512.8699951171875,518.6400146484375,512.8200073242188,516.6599731445312,838800
2024-12-13,500.8736267089844,505.75,515.25,504.2699890136719,513.739990234375,1191800
2024-12-16,498.011474609375,502.8599853515625,510.0,502.19000244140625,506.5199890136719,1402400
2024-12-17,495.68414306640625,500.510009765625,502.04998779296875,497.3900146484375,502.04998779296875,1456400
2024-12-18,485.4042053222656,490.1300048828125,506.0899963378906,489.69000244140625,500.1499938964844,1439900
2024-12-19,481.8686218261719,486.55999755859375,495.5,485.7200012207031,492.94000244140625,1684100
2024-12-20,487.0679931640625,491.80999755859375,494.82000732421875,483.9200134277344,485.0,2543600
2024-12-23,493.4459228515625,498.25,498.8999938964844,488.5299987792969,490.0199890136719,1622300
2024-12-24,499.8832702636719,504.75,504.75,498.2200012207031,499.7900085449219,432200
2024-12-26,499.9129943847656,504.7799987792969,506.0299987792969,499.989990234375,502.07000732421875,563100
2024-12-27,496.961669921875,501.79998779296875,506.55999755859375,499.4599914550781,501.9100036621094,671900
2024-12-30,493.2181396484375,498.0199890136719,500.45001220703125,494.0,498.5199890136719,794300
2024-12-31,493.22802734375,498.0299987792969,500.92999267578125,495.7099914550781,498.7300109863281,705400
2025-01-02,490.7224426269531,495.5,503.2699890136719,493.239990234375,499.8500061035156,1541900
2025-01-03,494.7532043457031,499.57000732421875,502.8299865722656,495.7699890136719,498.3999938964844,1386600
2025-01-06,489.4250793457031,494.19000244140625,501.20001220703125,492.6300048828125,501.20001220703125,879100
2025-01-07,486.6124267578125,491.3500061035156,497.010009765625,488.4700012207031,493.42999267578125,1544900
2025-01-08,491.0789794921875,495.8599853515625,496.1300048828125,487.2699890136719,488.1199951171875,1250900
2025-01-10,478.065673828125,482.7200012207031,491.3500061035156,481.25,489.1199951171875,1189400
2025-01-13,477.9369201660156,482.5899963378906,483.20001220703125,478.6000061035156,479.95001220703125,1461800
2025-01-14,479.79876708984375,484.4700012207031,486.989990234375,482.42999267578125,484.82000732421875,1548700
2025-01-15,491.73260498046875,496.5199890136719,498.0199890136719,487.80999755859375,490.6099853515625,1972700
2025-01-16,500.289306640625,505.1600036621094,506.1099853515625,496.94000244140625,499.7699890136719,1215800
2025-01-17,497.0211181640625,501.8599853515625,507.1400146484375,501.0299987792969,503.04998779296875,1784900
2025-01-21,505.1321105957031,510.04998779296875,510.1700134277344,504.2799987792969,505.6199951171875,1295900
2025-01-22,506.0333557128906,510.9599914550781,511.05999755859375,506.3800048828125,510.1099853515625,940600
2025-01-23,508.58843994140625,513.5399780273438,513.7999877929688,505.989990234375,509.239990234375,911100
2025-01-24,508.7965087890625,513.75,517.760009765625,510.29998779296875,513.4299926757812,950400
2025-01-27,515.72900390625,520.75,522.0999755859375,507.5799865722656,511.1700134277344,994700
2025-01-28,515.431884765625,520.4500122070312,525.3400268554688,516.22998046875,520.4299926757812,1010300
2025-01-29,512.2329711914062,517.219970703125,522.1300048828125,515.4500122070312,519.1500244140625,947500
2025-01-30,518.4921264648438,523.5399780273438,526.9400024414062,519.5999755859375,521.5399780273438,771400
2025-01-31,516.3825073242188,521.4099731445312,528.0,520.2100219726562,524.2100219726562,1256800
2025-02-03,513.3818359375,518.3800048828125,519.4000244140625,511.32000732421875,517.9099731445312,1839000
2025-02-04,508.737060546875,513.6900024414062,518.4500122070312,512.219970703125,512.8400268554688,1232700
2025-02-05,509.3114929199219,514.27001953125,517.2899780273438,510.3999938964844,516.0800170898438,1420900
2025-02-06,514.0552978515625,519.0599975585938,521.3599853515625,515.6900024414062,515.6900024414062,1440100
2025-02-07,514.1444091796875,519.1500244140625,521.6300048828125,516.52001953125,518.5999755859375,1396900
2025-02-10,510.33154296875,515.2999877929688,520.6199951171875,513.5,518.0,1695800
2025-02-11,535.2984619140625,540.510009765625,542.0,526.219970703125,540.0,2259000
2025-02-12,526.38525390625,531.510009765625,537.0,526.989990234375,535.8699951171875,1492000
2025-02-13,537.0910034179688,542.3200073242188,542.77001953125,534.219970703125,536.739990234375,1490200
2025-02-14,534.486328125,539.6900024414062,545.3900146484375,538.8900146484375,544.22998046875,973300
2025-02-18,538.5270385742188,543.77001953125,544.3300170898438,537.1500244140625,543.3900146484375,1745000
2025-02-19,537.4674072265625,542.7000122070312,543.5,539.510009765625,542.280029296875,1745100
2025-02-20,530.2674560546875,535.4299926757812,542.1400146484375,532.9099731445312,540.8599853515625,1308800
2025-02-21,528.2570190429688,533.4000244140625,536.1400146484375,531.5499877929688,535.0499877929688,1335100
2025-02-24,528.0787353515625,533.219970703125,536.4199829101562,531.4199829101562,533.2100219726562,1325000
2025-02-25,528.2371826171875,533.3800048828125,536.0999755859375,529.5,534.9099731445312,1042200
2025-02-26,525.0821533203125,529.239990234375,535.2000122070312,528.5399780273438,532.4099731445312,703900
2025-02-27,521.2326049804688,525.3599853515625,534.4000244140625,522.8300170898438,530.4099731445312,1035900
2025-02-28,529.5467529296875,533.739990234375,534.1900024414062,525.239990234375,530.1900024414062,1639000
2025-03-03,525.151611328125,529.3099975585938,537.5499877929688,527.2899780273438,533.739990234375,1834200
2025-03-04,512.7498168945312,516.8099975585938,529.02001953125,514.75,527.0700073242188,1404400
2025-03-05,518.7920532226562,522.9000244140625,526.780029296875,515.0800170898438,517.010009765625,1645600
2025-03-06,510.1703186035156,514.2100219726562,521.4600219726562,509.20001220703125,517.0,1470100
2025-03-07,493.095458984375,497.0,512.469970703125,487.55999755859375,509.760009765625,1911200
2025-03-10,484.5531005859375,488.3900146484375,495.260009765625,483.67999267578125,489.4700012207031,1829000
2025-03-11,476.22900390625,480.0,490.94000244140625,479.489990234375,490.0,1859200
2025-03-12,474.5027160644531,478.260009765625,487.2200012207031,474.0400085449219,483.7099914550781,1677600
2025-03-13,476.0802001953125,479.8500061035156,481.7900085449219,475.1099853515625,478.2300109863281,1760700
2025-03-14,482.6680603027344,486.489990234375,486.9599914550781,478.5799865722656,481.95001220703125,1427800
2025-03-17,490.38690185546875,494.2699890136719,496.239990234375,485.45001220703125,487.5799865722656,1168300
2025-03-18,486.53741455078125,490.3900146484375,496.6000061035156,484.7799987792969,493.2099914550781,1469800
2025-03-19,491.3294677734375,495.2200012207031,497.70001220703125,490.1300048828125,490.6000061035156,1224200
2025-03-20,493.2939147949219,497.20001220703125,499.2900085449219,493.1700134277344,495.0199890136719,1342100
2025-03-21,493.9685363769531,497.8800048828125,498.0400085449219,492.1499938964844,494.1199951171875,2603900
2025-03-24,499.9809265136719,503.94000244140625,507.69000244140625,501.1000061035156,503.1099853515625,1560600
2025-03-25,509.12847900390625,513.1599731445312,514.3599853515625,506.0,508.30999755859375,1351300
2025-03-26,503.8105773925781,507.79998779296875,514.6699829101562,505.1600036621094,512.4000244140625,1053800
2025-03-27,504.6440124511719,508.6400146484375,511.6600036621094,504.8900146484375,507.42999267578125,821200
2025-03-28,498.56219482421875,502.510009765625,510.94000244140625,501.80999755859375,507.7699890136719,1140500
2025-03-31,504.1082458496094,508.1000061035156,510.5799865722656,497.8999938964844,501.5899963378906,1420600
2025-04-01,506.7671813964844,510.7799987792969,512.4400024414062,503.0299987792969,504.07000732421875,980700
2025-04-02,509.94207763671875,513.97998046875,514.9099731445312,505.260009765625,505.760009765625,864000
2025-04-03,485.53533935546875,489.3800048828125,507.9700012207031,488.57000732421875,498.1300048828125,1516900
2025-04-04,447.9529113769531,451.5,479.0,450.7200012207031,477.2799987792969,1961400
2025-04-07,434.8665466308594,438.30999755859375,460.82000732421875,427.1400146484375,442.8399963378906,3184700
2025-04-08,438.0314636230469,441.5,470.3900146484375,434.739990234375,462.8999938964844,2265700
2025-04-09,470.2662048339844,473.989990234375,475.94000244140625,428.0,435.0,2733400
2025-04-10,454.16375732421875,457.760009765625,471.05999755859375,447.4800109863281,471.05999755859375,1685200
2025-04-11,461.48577880859375,465.1400146484375,466.8999938964844,450.7799987792969,456.0299987792969,1045200
2025-04-14,467.8851013183594,471.5899963378906,475.0,468.4599914550781,472.17999267578125,825300
2025-04-15,467.0119934082031,470.7099914550781,475.80999755859375,470.0299987792969,472.5400085449219,1086100
2025-04-16,460.3348693847656,463.9800109863281,471.95001220703125,460.0,469.20001220703125,831000
2025-04-17,459.2435607910156,462.8800048828125,467.5400085449219,461.0299987792969,466.1600036621094,913100
2025-04-21,445.4626159667969,448.989990234375,460.2200012207031,444.05999755859375,460.0,1639900
2025-04-22,462.7557373046875,466.4200134277344,466.9800109863281,450.2799987792969,450.739990234375,1240200
2025-04-23,466.5357666015625,470.2300109863281,484.2699890136719,467.29998779296875,475.5,1232100
2025-04-24,477.4791259765625,481.260009765625,482.0400085449219,470.7200012207031,472.739990234375,1228300
2025-04-25,476.22900390625,480.0,482.19000244140625,476.1400146484375,480.760009765625,979100
2025-04-28,475.6039733886719,479.3699951171875,484.0299987792969,473.7200012207031,480.0,1531100
2025-04-29,487.8966369628906,491.760009765625,495.7799987792969,482.6600036621094,486.44000244140625,1886300
2025-04-30,496.1214904785156,500.04998779296875,502.3999938964844,483.1300048828125,488.8999938964844,2427200
2025-05-01,495.0102844238281,498.92999267578125,506.2799987792969,497.3399963378906,498.8999938964844,1583000
2025-05-02,502.639892578125,506.6199951171875,509.7900085449219,502.8599853515625,503.5199890136719,892300
2025-05-05,501.9255676269531,505.8999938964844,512.0,502.2900085449219,504.67999267578125,993800
2025-05-06,497.8676452636719,501.80999755859375,506.0,500.07000732421875,500.95001220703125,775300
2025-05-07,501.73699951171875,505.7099914550781,507.5799865722656,500.5,502.239990234375,1064500
2025-05-08,503.6221008300781,507.6099853515625,514.780029296875,507.2300109863281,507.7300109863281,870100
2025-05-09,503.7411804199219,507.7300109863281,509.4200134277344,505.6300048828125,507.8900146484375,941800
2025-05-12,514.28759765625,518.3599853515625,519.0,510.9599914550781,516.010009765625,909500
2025-05-13,511.5195617675781,515.5700073242188,522.5599975585938,515.4500122070312,518.3599853515625,1215500
2025-05-14,507.9180908203125,511.94000244140625,517.239990234375,510.7099914550781,517.0,1607700
2025-05-15,515.200439453125,519.280029296875,520.2000122070312,510.0,512.4600219726562,1232200
2025-05-16,518.35546875,522.4600219726562,522.8499755859375,518.1699829101562,521.469970703125,1022200
2025-05-19,520.1611328125,524.280029296875,526.52001953125,517.2100219726562,517.2100219726562,725600
2025-05-20,518.8316040039062,522.9400024414062,523.4299926757812,518.8900146484375,520.3900146484375,1279100
2025-05-21,506.26116943359375,510.2699890136719,521.4199829101562,509.54998779296875,519.9199829101562,1501400
2025-05-22,507.302978515625,511.32000732421875,514.1699829101562,507.0299987792969,507.4700012207031,899800
2025-05-23,506.0131530761719,510.0199890136719,512.739990234375,506.6499938964844,507.1099853515625,1293900
2025-05-27,512.6406860351562,516.7000122070312,518.27001953125,512.5800170898438,515.1199951171875,875300
2025-05-28,508.40631103515625,511.4800109863281,516.25,510.6499938964844,514.6500244140625,877900
2025-05-29,511.0105285644531,514.0999755859375,515.1599731445312,509.4599914550781,513.030029296875,650100
2025-05-30,509.7779846191406,512.8599853515625,514.739990234375,508.4599914550781,514.0999755859375,2142200
2025-06-02,510.503662109375,513.5900268554688,513.739990234375,501.9599914550781,509.42999267578125,915900
2025-06-03,509.2213439941406,512.2999877929688,513.8800048828125,506.7300109863281,513.8800048828125,1397600
2025-06-04,510.85150146484375,513.9400024414062,517.22998046875,511.6099853515625,513.3499755859375,712300
2025-06-05,512.6605834960938,515.760009765625,517.4600219726562,513.1699829101562,516.9600219726562,837700
2025-06-06,516.2388916015625,519.3599853515625,521.9299926757812,515.5,518.3300170898438,624300
2025-06-09,511.9051208496094,515.0,519.1599731445312,510.3900146484375,518.2899780273438,743700
2025-06-10,510.83160400390625,513.9199829101562,516.7899780273438,511.2699890136719,516.0499877929688,855100
2025-06-11,510.8912353515625,513.97998046875,519.239990234375,511.70001220703125,513.0999755859375,949600
2025-06-12,502.83001708984375,505.8699951171875,510.4599914550781,497.1700134277344,510.4599914550781,1321400
2025-06-13,498.4763488769531,501.489990234375,504.6000061035156,498.69000244140625,500.9599914550781,1343000
2025-06-16,501.9652099609375,505.0,510.3599853515625,503.30999755859375,505.0,1011600
2025-06-17,498.0588684082031,501.07000732421875,504.989990234375,499.5400085449219,502.07000732421875,1197000
2025-06-18,499.6094665527344,502.6300048828125,506.6000061035156,500.510009765625,500.6600036621094,1103900
2025-06-20,501.1700744628906,504.20001220703125,510.6499938964844,500.9599914550781,504.5299987792969,2079600
2025-06-23,511.4876708984375,514.5800170898438,515.6199951171875,505.0,505.79998779296875,2134700
2025-06-24,519.8272094726562,522.969970703125,524.4299926757812,515.7999877929688,518.030029296875,1023700
2025-06-25,518.1573486328125,521.2899780273438,521.4099731445312,517.5700073242188,520.9500122070312,1059900
2025-06-26,511.9250183105469,515.02001953125,522.2899780273438,514.7100219726562,521.4500122070312,1301100
2025-06-27,514.598876953125,517.7100219726562,520.0,513.6300048828125,517.2100219726562,2251700
2025-06-30,524.1212158203125,527.2899780273438,528.1599731445312,516.6400146484375,517.5999755859375,1496300
2025-07-01,526.1390991210938,529.3200073242188,530.0800170898438,522.989990234375,525.1699829101562,1193800
2025-07-02,522.481201171875,525.6400146484375,528.3800048828125,522.72998046875,527.52001953125,917700
2025-07-03,526.4273681640625,529.6099853515625,529.6099853515625,525.5,528.1799926757812,578300
2025-07-07,526.993896484375,530.1799926757812,532.530029296875,526.719970703125,530.5599975585938,872600
2025-07-08,523.2266845703125,526.3900146484375,531.219970703125,524.5999755859375,529.989990234375,891000
2025-07-09,525.5526123046875,528.72998046875,529.8699951171875,521.75,523.52001953125,736700
2025-07-10,526.6460571289062,529.8300170898438,533.3900146484375,525.77001953125,528.1500244140625,703300
2025-07-11,523.902587890625,527.0700073242188,528.9099731445312,525.0,526.5499877929688,816700
2025-07-14,526.9342651367188,530.1199951171875,531.6900024414062,525.0599975585938,525.5900268554688,685800
2025-07-15,519.1414184570312,522.280029296875,530.75,522.2100219726562,530.030029296875,791900
2025-07-16,521.2088623046875,524.3599853515625,525.0900268554688,517.2899780273438,523.8800048828125,825000
2025-07-17,522.2028198242188,525.3599853515625,527.8800048828125,522.6900024414062,523.1199951171875,867000
2025-07-18,521.2288208007812,524.3800048828125,528.6599731445312,521.47998046875,525.6900024414062,1333200
2025-07-21,518.9822998046875,522.1199951171875,529.8099975585938,521.9400024414062,526.2100219726562,969000
2025-07-22,514.6981811523438,517.8099975585938,523.4099731445312,514.6099853515625,522.1199951171875,1128600
2025-07-23,522.5010986328125,525.6599731445312,526.8300170898438,516.0499877929688,517.1500244140625,1118800
2025-07-24,527.6598510742188,530.8499755859375,534.25,525.5,526.0399780273438,1024000
2025-07-25,531.7352905273438,534.9500122070312,537.0,529.5,529.5,788300
2025-07-28,527.2224731445312,530.4099731445312,535.3800048828125,530.02001953125,533.3300170898438,877900
2025-07-29,527.6002197265625,530.7899780273438,535.6900024414062,530.1300048828125,533.6300048828125,1145600
2025-07-30,526.1490478515625,529.3300170898438,535.0900268554688,527.6300048828125,530.6699829101562,1263700
2025-07-31,547.7881469726562,551.0999755859375,558.8599853515625,532.3800048828125,535.1300048828125,2494700
2025-08-01,542.380859375,545.6599731445312,549.530029296875,540.3200073242188,545.010009765625,1885500
2025-08-04,559.6365356445312,563.02001953125,563.02001953125,547.8599853515625,549.1900024414062,1714200
2025-08-05,559.6365356445312,563.02001953125,566.1300048828125,557.2999877929688,564.8699951171875,1462600
2025-08-06,559.1793212890625,562.5599975585938,564.5900268554688,552.510009765625,562.219970703125,1346900
2025-08-07,555.7699584960938,559.1300048828125,566.4199829101562,556.2999877929688,566.0,1084900
2025-08-08,553.5234985351562,556.8699951171875,563.0,555.7000122070312,561.1199951171875,821300
2025-08-11,552.5394897460938,555.8800048828125,559.7000122070312,555.4199829101562,557.6400146484375,1095400
2025-08-12,555.7003173828125,559.0599975585938,561.27001953125,554.2000122070312,556.719970703125,702100
2025-08-13,559.19921875,562.5800170898438,566.5599975585938,560.6699829101562,562.8499755859375,1047400
2025-08-14,560.7598266601562,564.1500244140625,579.0499877929688,559.8499755859375,564.1300048828125,1019100
2025-08-15,553.1258544921875,556.469970703125,565.280029296875,555.7000122070312,564.0,962700
2025-08-18,547.8975219726562,551.2100219726562,556.7999877929688,549.3300170898438,554.75,947900
2025-08-19,551.0982055664062,554.4299926757812,559.5599975585938,551.47998046875,551.47998046875,1299700
2025-08-20,553.6825561523438,557.030029296875,559.5999755859375,552.4500122070312,555.5,1553500
2025-08-21,549.1201171875,552.4400024414062,556.6199951171875,551.0,553.3599853515625,981200
2025-08-22,553.3147583007812,556.6599731445312,559.4400024414062,553.780029296875,554.8200073242188,1060200
2025-08-25,548.3746948242188,551.6900024414062,557.0599975585938,549.8800048828125,556.3200073242188,1112100
2025-08-26,549.9578247070312,552.3200073242188,552.6400146484375,546.280029296875,548.7999877929688,1553900
2025-08-27,547.518310546875,549.8699951171875,554.5599975585938,549.6599731445312,550.6900024414062,999800
2025-08-28,545.2081909179688,547.5499877929688,551.0,546.260009765625,549.260009765625,1033500
2025-08-29,546.0944213867188,548.4400024414062,550.3599853515625,546.3400268554688,546.97998046875,886900
2025-09-02,537.3320922851562,539.6400146484375,544.469970703125,537.4500122070312,543.6300048828125,1069700
2025-09-03,536.9337768554688,539.239990234375,542.2899780273438,535.8300170898438,538.1099853515625,863800
2025-09-04,537.9494018554688,540.260009765625,543.72998046875,538.3699951171875,541.97998046875,999100
2025-09-05,535.7588500976562,538.0599975585938,543.1900024414062,532.52001953125,542.8699951171875,920300
2025-09-08,543.535400390625,545.8699951171875,547.0900268554688,534.7999877929688,537.77001953125,1057900
2025-09-09,545.3675537109375,547.7100219726562,548.9299926757812,543.280029296875,544.22998046875,633100
2025-09-10,537.5809936523438,539.8900146484375,549.0700073242188,539.0,547.4199829101562,910500
2025-09-11,548.5240478515625,550.8800048828125,552.1699829101562,540.0,541.030029296875,1015800
2025-09-12,541.9024047851562,544.22998046875,550.3400268554688,543.0,547.9099731445312,1008400
2025-09-15,541.6635131835938,543.989990234375,547.8900146484375,543.22998046875,545.6799926757812,963800
2025-09-16,538.9749755859375,541.2899780273438,542.4600219726562,536.9500122070312,540.0,1164000
2025-09-17,541.77294921875,544.0999755859375,547.4500122070312,540.510009765625,544.1599731445312,875700
2025-09-18,505.62823486328125,507.79998779296875,543.5999755859375,503.1000061035156,542.760009765625,3236600
2025-09-19,504.9909973144531,507.1600036621094,510.0,502.5799865722656,507.79998779296875,4147400
2025-09-22,503.4078063964844,505.57000732421875,514.1400146484375,505.4700012207031,508.3399963378906,1754500
2025-09-23,494.6354675292969,496.760009765625,507.0,493.05999755859375,505.6000061035156,2249400
2025-09-24,488.6412048339844,490.739990234375,493.4200134277344,485.45001220703125,492.55999755859375,2582100
2025-09-25,482.8659973144531,484.94000244140625,490.70001220703125,482.3699951171875,489.3299865722656,1933700
2025-09-26,485.096435546875,487.17999267578125,490.9599914550781,485.3599853515625,488.0,1777700
2025-09-29,489.2386474609375,491.3399963378906,493.9700012207031,488.3699951171875,491.9599914550781,1855500
2025-09-30,484.6284484863281,486.7099914550781,491.82000732421875,484.2200012207031,491.82000732421875,1626200
2025-10-01,479.6100158691406,481.6700134277344,490.6400146484375,480.25,488.8999938964844,1904200
2025-10-02,474.591552734375,476.6300048828125,484.3599853515625,474.7699890136719,480.0299987792969,1560700
2025-10-03,477.7579345703125,479.80999755859375,482.30999755859375,474.7699890136719,475.5299987792969,1347700
2025-10-06,476.30419921875,478.3500061035156,480.4700012207031,474.2799987792969,480.239990234375,1997500
2025-10-07,479.16192626953125,481.2200012207031,485.1000061035156,478.8699951171875,484.6700134277344,1468800
2025-10-08,480.3667297363281,482.42999267578125,486.3999938964844,477.9200134277344,483.6199951171875,1597500
2025-10-09,485.5245666503906,487.6099853515625,491.989990234375,484.8999938964844,486.5199890136719,1874000
2025-10-10,484.02105712890625,486.1000061035156,494.4200134277344,485.2900085449219,492.2900085449219,2223100
2025-10-13,477.2899475097656,479.3399963378906,490.30999755859375,471.7799987792969,485.9200134277344,2139700
2025-10-14,484.6085205078125,486.69000244140625,488.2900085449219,477.0,477.1000061035156,1445000
2025-10-15,480.8148193359375,482.8800048828125,491.32000732421875,481.5199890136719,486.8999938964844,1166100
2025-10-16,470.0311279296875,472.04998779296875,484.7200012207031,470.0,483.3599853515625,1690800
2025-10-17,471.166259765625,473.19000244140625,476.4599914550781,470.260009765625,473.5400085449219,1787700
2025-10-20,475.5474548339844,477.5899963378906,478.1199951171875,472.8399963378906,474.4599914550781,1697100
2025-10-21,481.720947265625,483.7900085449219,485.70001220703125,477.5400085449219,478.4200134277344,1033200
2025-10-22,477.6882629394531,479.739990234375,485.8599853515625,478.29998779296875,482.05999755859375,1715000
2025-10-23,480.6356201171875,482.70001220703125,483.2699890136719,478.8800048828125,482.1499938964844,1180300
2025-10-24,487.35675048828125,489.45001220703125,492.2300109863281,484.5799865722656,486.9700012207031,1306000
2025-10-27,494.5159912109375,496.6400146484375,497.6000061035156,491.3999938964844,492.0400085449219,1862600
2025-10-28,491.5686340332031,493.67999267578125,498.2200012207031,492.6300048828125,495.3399963378906,1328300
2025-10-29,471.02685546875,473.04998779296875,490.0,470.9700012207031,489.3599853515625,2540700
2025-10-30,489.4676818847656,491.57000732421875,500.25,486.29998779296875,487.7699890136719,2630500
2025-10-31,485.1263122558594,487.2099914550781,498.0,485.57000732421875,493.9599914550781,2522400
2025-11-03,494.8943176269531,497.0199890136719,497.2900085449219,483.7699890136719,489.7200012207031,2068900
2025-11-04,497.0749816894531,499.2099914550781,500.3500061035156,495.010009765625,497.7200012207031,2089700
2025-11-05,494.9739990234375,497.1000061035156,500.3699951171875,494.95001220703125,496.5299987792969,1567700
2025-11-06,487.9043884277344,490.0,497.239990234375,488.79998779296875,494.989990234375,1315500
2025-11-07,494.29693603515625,496.4200134277344,496.4200134277344,486.0,488.45001220703125,1704400
2025-11-10,491.7279357910156,493.8399963378906,494.9200134277344,487.5799865722656,493.5899963378906,1505700
2025-11-11,495.601318359375,497.7300109863281,498.6600036621094,493.54998779296875,495.0,1130300
2025-11-12,493.7193908691406,495.8399963378906,501.80999755859375,495.4800109863281,497.760009765625,966300
2025-11-13,500.8089294433594,502.9599914550781,506.2699890136719,491.6400146484375,491.6400146484375,1962900
2025-11-14,491.78765869140625,493.8999938964844,503.8900146484375,493.6300048828125,502.04998779296875,2082700
2025-11-17,486.85888671875,488.95001220703125,493.510009765625,487.6199951171875,492.5,1880300
2025-11-18,488.1831970214844,490.2799987792969,492.3999938964844,486.25,487.7300109863281,1208400
2025-11-19,488.700927734375,490.79998779296875,493.0,487.9200134277344,490.75,1533600
2025-11-20,488.81048583984375,490.9100036621094,498.32000732421875,488.95001220703125,493.79998779296875,1245900
2025-11-21,491.4889831542969,493.6000061035156,497.0,490.3500061035156,494.07000732421875,1904900
2025-11-24,487.1476135253906,489.239990234375,494.2300109863281,488.82000732421875,494.0,2782200
2025-11-25,493.0439147949219,494.19000244140625,496.5400085449219,489.239990234375,490.32000732421875,1136600
2025-11-26,494.46063232421875,495.6099853515625,498.4599914550781,490.0,491.6600036621094,1041700
2025-11-28,497.67315673828125,498.8299865722656,500.17999267578125,495.6600036621094,497.95001220703125,749600
2025-12-01,494.12139892578125,495.2699890136719,500.42999267578125,494.7799987792969,495.510009765625,1508400
2025-12-02,490.0708312988281,491.2099914550781,496.54998779296875,490.80999755859375,494.9100036621094,1190700
2025-12-03,498.7207336425781,499.8800048828125,501.739990234375,491.7900085449219,492.260009765625,1241200
2025-12-04,495.8374328613281,496.989990234375,502.1000061035156,494.6000061035156,499.1099853515625,935500
2025-12-05,497.3638610839844,498.5199890136719,501.739990234375,494.55999755859375,494.55999755859375,1833200
2025-12-08,490.9587707519531,492.1000061035156,497.2799987792969,489.489990234375,496.7200012207031,1464000
2025-12-09,489.5919494628906,490.7300109863281,495.45001220703125,490.1199951171875,492.67999267578125,1081900
2025-12-10,490.18060302734375,491.32000732421875,492.8500061035156,485.260009765625,490.8800048828125,1634700
2025-12-11,496.4060974121094,497.55999755859375,498.6099853515625,492.1000061035156,493.2200012207031,2666200
2025-12-12,499.8680725097656,501.0299987792969,503.9100036621094,498.0799865722656,498.55999755859375,1463200
2025-12-15,498.4713134765625,499.6300048828125,503.2699890136719,497.67999267578125,502.5199890136719,1750100
2025-12-16,498.7007751464844,499.8599853515625,503.489990234375,495.0,499.70001220703125,2368500
2025-12-17,509.4058837890625,510.5899963378906,512.4099731445312,500.239990234375,500.92999267578125,2134600
2025-12-18,505.5348815917969,506.7099914550781,515.8699951171875,505.9800109863281,510.8399963378906,1567100
2025-12-19,511.41119384765625,512.5999755859375,512.72998046875,506.1000061035156,506.7099914550781,2872700
2025-12-22,520.689697265625,521.9000244140625,524.6400146484375,509.9200134277344,510.2099914550781,1423500
2025-12-23,523.9221801757812,525.1400146484375,527.0599975585938,519.8599853515625,520.9400024414062,1585300
2025-12-24,524.520751953125,525.739990234375,527.5800170898438,524.2000122070312,525.5700073242188,444500
2025-12-26,528.22216796875,529.4500122070312,529.6400146484375,524.719970703125,524.719970703125,717900
2025-12-29,528.87060546875,530.0999755859375,532.4600219726562,529.0,530.0900268554688,1229700
2025-12-30,526.4662475585938,527.6900024414062,531.989990234375,526.9600219726562,527.7999877929688,910200
2025-12-31,521.3781127929688,522.5900268554688,527.9600219726562,522.4400024414062,526.280029296875,1073900
2026-01-02,511.4710693359375,512.6599731445312,524.5499877929688,511.30999755859375,521.8099975585938,1636600
2026-01-05,531.6641845703125,532.9000244140625,537.6699829101562,511.5,511.9800109863281,1583500
2026-01-06,538.3984985351562,539.6500244140625,541.760009765625,532.1400146484375,533.8599853515625,1424900
2026-01-07,536.2534790039062,537.5,543.4199829101562,537.010009765625,541.030029296875,1173900
2026-01-08,540.3040771484375,541.5599975585938,545.739990234375,535.9500122070312,537.4099731445312,1332400
2026-01-09,540.6831665039062,541.9400024414062,547.3300170898438,541.6300048828125,543.8200073242188,1197100
2026-01-12,543.21728515625,544.47998046875,544.5700073242188,538.5900268554688,541.0,1034300
2026-01-13,540.9026489257812,542.1599731445312,545.5800170898438,536.3499755859375,544.9299926757812,1368500
2026-01-14,543.736083984375,545.0,546.989990234375,539.7000122070312,540.02001953125,1144100
2026-01-15,544.1651000976562,545.4299926757812,552.25,541.8699951171875,541.8699951171875,1544300
2026-01-16,545.0829467773438,546.3499755859375,548.8300170898438,543.1099853515625,545.3099975585938,1618200
2026-01-20,517.8363037109375,519.0399780273438,545.010009765625,518.3200073242188,538.3400268554688,3039900
2026-01-21,529.9281616210938,531.1599731445312,532.77001953125,520.6500244140625,520.6500244140625,1487800
2026-01-22,538.5481567382812,539.7999877929688,540.5599975585938,531.219970703125,532.8499755859375,1740500
2026-01-23,532.3724975585938,533.6099853515625,541.5399780273438,529.6400146484375,539.97998046875,1603500
2026-01-26,533.9887084960938,535.22998046875,538.8099975585938,530.1900024414062,533.0,1022100
2026-01-27,525.4486083984375,526.6699829101562,536.1699829101562,526.0999755859375,533.27001953125,1310400
2026-01-28,526.895263671875,528.1199951171875,532.4500122070312,523.0599975585938,523.9500122070312,1264200
2026-01-29,527.404052734375,528.6300048828125,532.2999877929688,521.1699829101562,528.5900268554688,1615100
2026-01-30,526.5659790039062,527.7899780273438,532.2999877929688,523.010009765625,524.5900268554688,1428700
2026-02-02,526.436279296875,527.6599731445312,531.4400024414062,523.530029296875,527.7899780273438,1267100
2026-02-03,467.1241760253906,468.2099914550781,506.8800048828125,464.6400146484375,503.0,6732100
2026-02-04,464.4304504394531,465.510009765625,470.70001220703125,448.4800109863281,462.010009765625,6197600
2026-02-05,450.6624450683594,451.7099914550781,474.0,439.20001220703125,470.0,5007700
2026-02-06,438.2612609863281,439.2799987792969,461.510009765625,436.5299987792969,452.1600036621094,4337700
2026-02-09,443.1598815917969,444.19000244140625,445.6400146484375,436.0899963378906,437.9800109863281,3915600
2026-02-10,400.14984130859375,401.0799865722656,424.79998779296875,395.8800048828125,418.9700012207031,10888500
2026-02-11,389.8537902832031,390.760009765625,413.989990234375,390.7300109863281,406.7099914550781,5174800
2026-02-12,396.27886962890625,397.20001220703125,399.95001220703125,381.6099853515625,390.04998779296875,5396200
2026-02-13,408.5902404785156,409.5400085449219,410.3999938964844,399.1499938964844,399.1499938964844,4739100
2026-02-17,409.4981384277344,410.45001220703125,422.4200134277344,409.0299987792969,416.0,5131900
2026-02-18,418.40740966796875,419.3800048828125,422.6099853515625,413.1700134277344,414.0,3112800
2026-02-19,415.7037048339844,416.6700134277344,420.4100036621094,411.5,418.1400146484375,2111300
2026-02-20,416.5118408203125,417.4800109863281,418.6199951171875,410.7300109863281,414.2799987792969,2791900
2026-02-23,403.8412780761719,404.7799987792969,417.54998779296875,404.239990234375,413.4700012207031,2554000
2026-02-24,417.29998779296875,418.2699890136719,419.6600036621094,400.5199890136719,402.29998779296875,3305600
2026-02-25,423.6099853515625,423.6099853515625,426.3699951171875,418.54998779296875,419.4100036621094,3237800
2026-02-26,437.489990234375,437.489990234375,439.19000244140625,426.6000061035156,426.6000061035156,2513500
2026-02-27,441.8800048828125,441.8800048828125,443.489990234375,433.57000732421875,434.8699951171875,3176400
2026-03-02,443.0799865722656,443.0799865722656,444.5,433.010009765625,433.010009765625,2836900
2026-03-03,443.989990234375,443.989990234375,447.6199951171875,435.75,437.0,3264100
2026-03-04,445.5,445.5,450.2099914550781,441.30999755859375,443.760009765625,2054400
2026-03-05,451.1099853515625,451.1099853515625,451.6600036621094,442.80999755859375,443.2300109863281,2611200
2026-03-06,452.3599853515625,452.3599853515625,452.69000244140625,443.7300109863281,447.4100036621094,1869200
2026-03-09,445.2799987792969,445.2799987792969,449.5899963378906,431.4200134277344,448.5899963378906,2154600
2026-03-10,435.44000244140625,435.44000244140625,445.0199890136719,432.0,444.2900085449219,1839400
2026-03-11,428.9599914550781,428.9599914550781,439.30999755859375,415.9200134277344,435.5,2118500
2026-03-12,419.70001220703125,419.70001220703125,428.75,418.3299865722656,428.5,2325800
2026-03-13,422.489990234375,422.489990234375,427.54998779296875,419.1099853515625,423.8900146484375,1790500
2026-03-16,426.5899963378906,426.5899963378906,428.7799987792969,424.70001220703125,424.70001220703125,1852900
2026-03-17,432.94000244140625,432.94000244140625,435.9700012207031,429.0799865722656,431.1700134277344,1492700
2026-03-18,426.6400146484375,426.6400146484375,430.8500061035156,426.0,428.67999267578125,1910000
2026-03-19,426.1400146484375,426.1400146484375,427.9800109863281,419.0,422.0899963378906,1954000
2026-03-20,424.42999267578125,424.42999267578125,428.2699890136719,421.3399963378906,426.3599853515625,3444400
2026-03-23,428.8699951171875,428.8699951171875,433.6000061035156,425.1099853515625,429.510009765625,1954400
2026-03-24,411.20001220703125,411.20001220703125,426.010009765625,411.1000061035156,424.9800109863281,2628000
2026-03-25,408.4800109863281,408.4800109863281,419.3599853515625,405.0,417.7300109863281,3002600
2026-03-26,412.45001220703125,412.45001220703125,415.3500061035156,406.20001220703125,406.7799987792969,2363000
2026-03-27,406.239990234375,406.239990234375,410.25,403.3699951171875,407.989990234375,1638400
2026-03-30,417.5899963378906,417.5899963378906,418.8999938964844,408.9599914550781,410.8999938964844,1664800
2026-03-31,425.3399963378906,425.3399963378906,426.9100036621094,417.1700134277344,422.7099914550781,1465822
