Date,Adj Close,Close,High,Low,Open,Volume
2016-01-04,53.603904724121094,73.55000305175781,73.70999908447266,71.52999877929688,71.83999633789062,8233300
2016-01-05,54.5440673828125,74.83999633789062,75.23999786376953,73.62999725341797,73.73999786376953,8191400
2016-01-06,53.990169525146484,74.08000183105469,74.80000305175781,73.37999725341797,73.80000305175781,4921400
2016-01-07,53.84440231323242,73.87999725341797,76.0,73.48999786376953,73.58000183105469,11289900
2016-01-08,52.02237319946289,71.37999725341797,74.79000091552734,71.2699966430664,74.20999908447266,7749000
2016-01-11,52.78034210205078,72.41999816894531,72.75,70.51000213623047,71.52999877929688,6369700
2016-01-12,53.46540832519531,73.36000061035156,73.55000305175781,72.62999725341797,72.97000122070312,4851100
2016-01-13,52.21187973022461,71.63999938964844,73.75,71.55000305175781,73.29000091552734,5963500
2016-01-14,51.31543731689453,70.41000366210938,71.63999938964844,70.0,71.62000274658203,6283200
2016-01-15,51.07493209838867,70.08000183105469,70.58999633789062,68.83000183105469,68.83000183105469,7435800
2016-01-19,50.462711334228516,69.23999786376953,70.55999755859375,68.69999694824219,69.8499984741211,5645400
2016-01-20,49.260196685791016,67.58999633789062,68.62000274658203,66.45999908447266,68.22000122070312,9395700
2016-01-21,50.02544021606445,68.63999938964844,69.66999816894531,67.54000091552734,68.06999969482422,6869300
2016-01-22,50.81254959106445,69.72000122070312,69.9800033569336,69.13999938964844,69.18000030517578,3740800
2016-01-25,50.2295036315918,68.91999816894531,69.98999786376953,68.8499984741211,69.7699966430664,5312200
2016-01-26,51.337310791015625,70.44000244140625,70.6500015258789,69.01000213623047,69.38999938964844,4052600
2016-01-27,51.519508361816406,70.69000244140625,71.87000274658203,70.08000183105469,70.20999908447266,3961400
2016-01-28,51.7381477355957,70.98999786376953,71.44000244140625,70.18000030517578,71.30999755859375,4073300
2016-01-29,52.78034210205078,72.41999816894531,72.52999877929688,71.0199966430664,71.13999938964844,5184500
2016-02-01,53.07916259765625,72.83000183105469,73.20999908447266,70.33000183105469,71.25,4714900
2016-02-02,53.428985595703125,73.30999755859375,73.41000366210938,72.31999969482422,72.70999908447266,4635500
2016-02-03,52.88965606689453,72.56999969482422,73.94000244140625,71.5999984741211,73.86000061035156,5444900
2016-02-04,51.0457763671875,70.04000091552734,70.66999816894531,69.12999725341797,70.66999816894531,7650400
2016-02-05,50.69594192504883,69.55999755859375,70.75,69.44999694824219,70.04000091552734,3764200
2016-02-08,51.016624450683594,70.0,70.29000091552734,68.23999786376953,69.18000030517578,5392400
2016-02-09,50.91459655761719,69.86000061035156,70.47000122070312,68.97000122070312,69.80000305175781,5110600
2016-02-10,50.11289596557617,68.76000213623047,70.69999694824219,68.56999969482422,70.43000030517578,4691200
2016-02-11,49.59544372558594,68.05000305175781,69.16999816894531,67.6500015258789,68.31999969482422,3846100
2016-02-12,51.4031867980957,69.94999694824219,69.9800033569336,67.43000030517578,68.02999877929688,4651800
2016-02-16,52.5422248840332,71.5,71.55999755859375,69.69999694824219,70.62000274658203,3952000
2016-02-17,52.98312759399414,72.0999984741211,72.6500015258789,71.5199966430664,72.19999694824219,4933400
2016-02-18,53.29912185668945,72.52999877929688,72.66999816894531,69.5,70.94999694824219,5394800
2016-02-19,53.14480972290039,72.31999969482422,72.31999969482422,70.55999755859375,72.19999694824219,4390800
2016-02-22,53.25503158569336,72.47000122070312,73.25,72.26000213623047,72.31999969482422,4766400
2016-02-23,54.37201690673828,73.98999786376953,74.37999725341797,72.66999816894531,72.83000183105469,5823100
2016-02-24,56.53983688354492,76.94000244140625,77.0,73.4000015258789,74.38999938964844,15048400
2016-02-25,57.81113052368164,78.66999816894531,78.81999969482422,76.16000366210938,77.0,8383100
2016-02-26,57.634788513183594,78.43000030517578,78.97000122070312,77.31999969482422,78.9000015258789,5190100
2016-02-29,57.64948272705078,78.44999694824219,79.16999816894531,78.0199966430664,78.2699966430664,5226200
2016-03-01,59.49394989013672,80.95999908447266,81.05000305175781,78.87999725341797,79.12000274658203,7174400
2016-03-02,59.59684753417969,81.0999984741211,81.63999938964844,80.18000030517578,80.94000244140625,9385300
2016-03-03,58.57537078857422,79.70999908447266,80.69000244140625,78.56999969482422,80.51000213623047,11353900
2016-03-04,59.6188850402832,81.12999725341797,81.5999984741211,79.45999908447266,80.06999969482422,6059200
2016-03-07,59.391090393066406,80.81999969482422,81.19999694824219,80.25,80.52999877929688,4665000
2016-03-08,59.177978515625,80.52999877929688,81.4000015258789,80.45999908447266,80.55000305175781,3981100
2016-03-09,59.67766571044922,81.20999908447266,81.5,80.58999633789062,81.0,3573100
2016-03-10,59.89078903198242,81.5,82.02999877929688,80.30000305175781,81.61000061035156,5694800
2016-03-11,60.162681579589844,81.87000274658203,82.44999694824219,81.5199966430664,81.88999938964844,4103300
2016-03-14,60.089195251464844,81.7699966430664,82.0999984741211,81.2699966430664,81.8499984741211,3548800
2016-03-15,60.00102615356445,81.6500015258789,81.88999938964844,81.18000030517578,81.36000061035156,3213000
2016-03-16,60.54477310180664,82.38999938964844,82.44999694824219,80.95999908447266,81.88999938964844,4066000
2016-03-17,61.00776672363281,83.0199966430664,83.31999969482422,82.26000213623047,82.26000213623047,5689900
2016-03-18,60.77994918823242,82.70999908447266,84.0,82.69999694824219,83.37000274658203,7754400
2016-03-21,60.40517807006836,82.19999694824219,82.9000015258789,82.12999725341797,82.5,4656000
2016-03-22,60.03778076171875,81.69999694824219,82.62000274658203,81.6500015258789,82.38999938964844,5264600
2016-03-23,59.89078903198242,81.5,82.3499984741211,81.5,81.7300033569336,4792700
2016-03-24,60.28761291503906,82.04000091552734,82.18000030517578,81.18000030517578,81.36000061035156,4304900
2016-03-28,60.846099853515625,82.80000305175781,83.44000244140625,82.30999755859375,82.37999725341797,5692900
2016-03-29,60.97101974487305,82.97000122070312,83.2699966430664,82.12000274658203,82.86000061035156,3576500
2016-03-30,61.4339714050293,83.5999984741211,83.9000015258789,82.97000122070312,83.41999816894531,3205900
2016-03-31,60.463966369628906,82.27999877929688,83.1500015258789,80.9800033569336,82.5,9481500
2016-04-01,60.816673278808594,82.76000213623047,83.19000244140625,81.76000213623047,81.76000213623047,4288800
2016-04-04,60.478668212890625,82.30000305175781,83.36000061035156,82.12000274658203,82.88999938964844,3753600
2016-04-05,60.33171081542969,82.0999984741211,82.5999984741211,81.80999755859375,82.1500015258789,4397200
2016-04-06,60.383155822753906,82.16999816894531,82.41000366210938,81.66000366210938,82.05000305175781,3885500
2016-04-07,59.94222640991211,81.56999969482422,82.31999969482422,81.0,81.94999694824219,4138800
2016-04-08,59.43518829345703,80.87999725341797,81.37999725341797,80.55000305175781,81.26000213623047,3958500
2016-04-11,58.61946487426758,79.7699966430664,81.33999633789062,79.70999908447266,80.94000244140625,4683000
2016-04-12,59.361671447753906,80.77999877929688,81.05999755859375,79.36000061035156,79.94000244140625,3338900
2016-04-13,59.93486785888672,81.55999755859375,81.66999816894531,80.48999786376953,81.11000061035156,2497900
2016-04-14,60.09654998779297,81.77999877929688,82.0999984741211,81.27999877929688,81.3499984741211,2689900
2016-04-15,60.699134826660156,82.5999984741211,83.05999755859375,82.0,82.06999969482422,3547000
2016-04-18,61.301692962646484,83.41999816894531,83.75,82.66000366210938,82.66999816894531,3716800
2016-04-19,61.71321487426758,83.9800033569336,84.13999938964844,83.38999938964844,83.5,3423700
2016-04-20,60.89753723144531,82.87000274658203,83.95999908447266,82.5199966430664,83.94000244140625,3737200
2016-04-21,60.80936050415039,82.75,83.62999725341797,82.5,83.08000183105469,3328900
2016-04-22,60.50071716308594,82.33000183105469,83.12999725341797,82.1500015258789,82.88999938964844,3208300
2016-04-25,60.699134826660156,82.5999984741211,82.5999984741211,81.5999984741211,82.1500015258789,3163700
2016-04-26,60.699134826660156,82.5999984741211,83.11000061035156,82.43000030517578,82.63999938964844,2933800
2016-04-27,61.20619583129883,83.29000091552734,83.56999969482422,82.19999694824219,82.66999816894531,3580200
2016-04-28,59.765846252441406,81.33000183105469,82.98999786376953,81.1500015258789,82.81999969482422,3833000
2016-04-29,58.42107009887695,79.5,80.68000030517578,79.01000213623047,80.5999984741211,6838700
2016-05-02,58.87668228149414,80.12000274658203,80.16000366210938,79.04000091552734,79.44999694824219,4891900
2016-05-03,58.7811279296875,79.98999786376953,80.33999633789062,79.56999969482422,79.97000122070312,3231300
2016-05-04,58.57537078857422,79.70999908447266,80.2699966430664,79.43000030517578,79.66999816894531,3214500
2016-05-05,57.41431427001953,78.12999725341797,79.70999908447266,77.62000274658203,79.55999755859375,5655500
2016-05-06,57.86256790161133,78.73999786376953,78.86000061035156,77.8499984741211,78.12999725341797,3467700
2016-05-09,58.73706817626953,79.93000030517578,80.30000305175781,78.7699966430664,79.08999633789062,4391500
2016-05-10,58.82524490356445,80.05000305175781,80.51000213623047,79.30000305175781,79.86000061035156,3855000
2016-05-11,55.62861251831055,75.69999694824219,77.37000274658203,75.68000030517578,77.05999755859375,11492700
2016-05-12,55.55512237548828,75.5999984741211,76.4000015258789,75.30999755859375,75.33000183105469,9124900
2016-05-13,54.291175842285156,73.87999725341797,75.38999938964844,73.77999877929688,75.26000213623047,9456800
2016-05-16,55.24639129638672,74.61000061035156,75.3499984741211,73.0,73.55000305175781,8756400
2016-05-17,54.50590896606445,73.61000061035156,75.0999984741211,73.05999755859375,74.6500015258789,9292800
2016-05-18,50.351871490478516,68.0,68.62000274658203,65.5,67.4800033569336,36405600
2016-05-19,49.65583801269531,67.05999755859375,68.70999908447266,66.79000091552734,68.16000366210938,12987700
2016-05-20,50.840606689453125,68.66000366210938,69.13999938964844,67.0,67.38999938964844,9325800
2016-05-23,50.30006790161133,67.93000030517578,69.05000305175781,67.86000061035156,68.77999877929688,7890200
2016-05-24,50.86282730102539,68.69000244140625,69.22000122070312,68.0199966430664,68.06999969482422,7586700
2016-05-25,51.299686431884766,69.27999877929688,69.68000030517578,68.31999969482422,68.81999969482422,8697700
2016-05-26,51.02571487426758,68.91000366210938,70.11000061035156,68.80000305175781,69.62999725341797,7018000
2016-05-27,51.018306732177734,68.9000015258789,69.52999877929688,68.76000213623047,68.9800033569336,4811900
2016-05-31,50.929447174072266,68.77999877929688,69.47000122070312,68.47000122070312,69.27999877929688,8560500
2016-06-01,50.65548324584961,68.41000366210938,68.95999908447266,68.01000213623047,68.95999908447266,8786700
2016-06-02,50.58884048461914,68.31999969482422,68.41999816894531,67.73999786376953,67.73999786376953,13664100
2016-06-03,50.83317947387695,68.6500015258789,69.02999877929688,68.06999969482422,68.37999725341797,7251000
2016-06-06,50.95166015625,68.80999755859375,69.22000122070312,68.2300033569336,68.62000274658203,5623900
2016-06-07,50.52959060668945,68.23999786376953,69.63999938964844,68.19000244140625,69.22000122070312,5375400
2016-06-08,50.81098175048828,68.62000274658203,68.91000366210938,68.12000274658203,68.3499984741211,5708900
2016-06-09,50.12234115600586,67.69000244140625,68.87000274658203,67.36000061035156,68.58000183105469,6122900
2016-06-10,50.26302719116211,67.87999725341797,68.12999725341797,67.05000305175781,67.44999694824219,4743600
2016-06-13,49.529964447021484,66.88999938964844,68.08999633789062,66.83999633789062,67.8499984741211,4603700
2016-06-14,49.41888427734375,66.73999786376953,66.94000244140625,65.93000030517578,66.66999816894531,5271800
2016-06-15,49.811344146728516,67.2699966430664,67.8499984741211,66.88999938964844,66.9800033569336,5894700
2016-06-16,49.59661102294922,66.9800033569336,67.54000091552734,66.7300033569336,67.22000122070312,4967900
2016-06-17,49.98164367675781,67.5,68.08999633789062,66.87000274658203,67.01000213623047,7864300
2016-06-20,50.344478607177734,67.98999786376953,68.88999938964844,67.98999786376953,68.11000061035156,4327200
2016-06-21,50.57402420043945,68.30000305175781,68.83999633789062,67.66999816894531,68.2699966430664,4579800
2016-06-22,50.98868179321289,68.86000061035156,69.19999694824219,68.26000213623047,68.26000213623047,4421800
2016-06-23,51.669925689697266,69.77999877929688,70.19999694824219,69.29000091552734,69.37000274658203,7511100
2016-06-24,51.35151290893555,69.3499984741211,69.86000061035156,68.08000183105469,68.2300033569336,6760800
2016-06-27,51.425559997558594,69.44999694824219,69.72000122070312,67.9000015258789,69.05000305175781,5570000
2016-06-28,51.640296936035156,69.73999786376953,70.41000366210938,69.05999755859375,69.70999908447266,7325300
2016-06-29,51.83281707763672,70.0,70.58000183105469,69.68000030517578,69.76000213623047,6771300
2016-06-30,51.69952392578125,69.81999969482422,70.30000305175781,69.4000015258789,70.19999694824219,6502300
2016-07-01,51.86985778808594,70.05000305175781,70.5,69.5999984741211,69.63999938964844,5005400
2016-07-05,51.640296936035156,69.73999786376953,70.20999908447266,69.37999725341797,70.0,3311100
2016-07-06,52.210453033447266,70.51000213623047,70.54000091552734,69.44000244140625,69.54000091552734,3907800
2016-07-07,51.89944839477539,70.08999633789062,70.91999816894531,69.75,70.45999908447266,5088100
2016-07-08,52.80283737182617,71.30999755859375,71.56999969482422,70.45999908447266,70.66999816894531,4675400
2016-07-11,53.71361541748047,72.54000091552734,72.72000122070312,71.3499984741211,71.4000015258789,5264100
2016-07-12,54.43925857543945,73.5199966430664,73.5999984741211,72.44000244140625,72.48999786376953,6648500
2016-07-13,54.180110931396484,73.16999816894531,73.83999633789062,73.08999633789062,73.5199966430664,3606700
2016-07-14,54.41704559326172,73.48999786376953,74.22000122070312,73.48999786376953,73.58999633789062,4802000
2016-07-15,54.0838508605957,73.04000091552734,73.79000091552734,72.5,73.48999786376953,5205300
2016-07-18,54.76508712768555,73.95999908447266,74.0199966430664,72.87999725341797,72.87999725341797,3852600
2016-07-19,54.757659912109375,73.94999694824219,74.0199966430664,73.41000366210938,73.88999938964844,4255700
2016-07-20,55.15013122558594,74.4800033569336,74.5,73.95999908447266,74.19999694824219,2802300
2016-07-21,55.04646682739258,74.33999633789062,74.69000244140625,74.1500015258789,74.41000366210938,3269200
2016-07-22,55.47593307495117,74.91999816894531,75.0,74.16999816894531,74.5,2514400
2016-07-25,56.49778747558594,76.30000305175781,76.33000183105469,74.87000274658203,74.94000244140625,4208000
2016-07-26,56.43852615356445,76.22000122070312,77.37999725341797,76.02999877929688,76.37999725341797,5027200
2016-07-27,55.720279693603516,75.25,76.37999725341797,75.04000091552734,76.37999725341797,3161800
2016-07-28,55.379669189453125,74.79000091552734,75.2300033569336,74.05000305175781,75.04000091552734,4165900
2016-07-29,55.7795295715332,75.33000183105469,75.38999938964844,74.54000091552734,74.9000015258789,4969000
2016-08-01,55.91279983520508,75.51000213623047,75.55999755859375,74.66999816894531,74.83999633789062,3818200
2016-08-02,54.7132453918457,73.88999938964844,76.44000244140625,73.69000244140625,75.95999908447266,5071800
2016-08-03,54.868751525878906,74.0999984741211,74.11000061035156,72.16000366210938,73.20999908447266,5490100
2016-08-04,54.89836502075195,74.13999938964844,74.47000122070312,73.77999877929688,74.0,3095300
2016-08-05,55.49074172973633,74.94000244140625,75.11000061035156,74.33999633789062,74.51000213623047,3056600
2016-08-08,55.53516387939453,75.0,75.5199966430664,74.55000305175781,75.0,3022200
2016-08-09,53.765464782714844,72.61000061035156,73.62000274658203,71.73999786376953,73.62000274658203,7492600
2016-08-10,54.091251373291016,73.05000305175781,73.37999725341797,72.66999816894531,72.87999725341797,4037400
2016-08-11,54.802093505859375,74.01000213623047,75.18000030517578,73.52999877929688,75.1500015258789,6311400
2016-08-12,56.13493728637695,75.80999755859375,75.95999908447266,74.26000213623047,74.36000061035156,6670900
2016-08-15,56.37379837036133,75.52999877929688,76.2300033569336,75.2699966430664,75.58000183105469,5373400
2016-08-16,56.33647155761719,75.4800033569336,76.08000183105469,75.12000274658203,75.4800033569336,6924200
2016-08-17,52.71653747558594,70.62999725341797,71.6500015258789,69.9000015258789,70.4800033569336,19611500
2016-08-18,52.47024917602539,70.30000305175781,70.70999908447266,69.23999786376953,70.43000030517578,11650900
2016-08-19,52.33589553833008,70.12000274658203,70.72000122070312,69.98999786376953,70.11000061035156,5930800
2016-08-22,52.53742218017578,70.38999938964844,70.58000183105469,69.81999969482422,70.30000305175781,4548900
2016-08-23,53.03001022338867,71.05000305175781,71.5,70.58999633789062,70.58999633789062,5622700
2016-08-24,53.537559509277344,71.7300033569336,71.94000244140625,71.19000244140625,71.2300033569336,5780500
2016-08-25,52.850894927978516,70.80999755859375,72.0999984741211,70.58999633789062,71.41000366210938,5068000
2016-08-26,52.5075569152832,70.3499984741211,71.5,70.08000183105469,70.77999877929688,5023100
2016-08-29,53.03001022338867,71.05000305175781,71.13999938964844,70.30000305175781,70.43000030517578,3992200
2016-08-30,52.53742218017578,70.38999938964844,71.13999938964844,70.11000061035156,71.05000305175781,4031800
2016-08-31,52.388153076171875,70.19000244140625,70.8499984741211,69.93000030517578,70.16999816894531,5025100
2016-09-01,52.679229736328125,70.58000183105469,70.69999694824219,70.0999984741211,70.33999633789062,5199900
2016-09-02,52.850894927978516,70.80999755859375,71.43000030517578,70.45999908447266,70.94999694824219,7857000
2016-09-06,52.320960998535156,70.0999984741211,70.95999908447266,69.56999969482422,70.87999725341797,8235200
2016-09-07,52.47024917602539,70.30000305175781,70.41999816894531,69.80999755859375,69.94000244140625,5131500
2016-09-08,51.8432731628418,69.45999908447266,70.30000305175781,69.41999816894531,70.30000305175781,9141200
2016-09-09,51.49995040893555,69.0,69.41999816894531,68.75,69.04000091552734,6177800
2016-09-12,51.723846435546875,69.30000305175781,69.5199966430664,68.20999908447266,68.44999694824219,8167900
2016-09-13,51.45517349243164,68.94000244140625,69.44999694824219,68.81999969482422,69.0999984741211,9374900
2016-09-14,50.90284729003906,68.19999694824219,69.45999908447266,68.08999633789062,69.29000091552734,6638000
2016-09-15,51.65669631958008,69.20999908447266,69.31999969482422,67.91999816894531,68.05999755859375,5370900
2016-09-16,51.6716194152832,69.2300033569336,69.33000183105469,68.76000213623047,68.91999816894531,7138000
2016-09-19,51.4178581237793,68.88999938964844,69.7699966430664,68.87000274658203,69.37999725341797,4504600
2016-09-20,51.216331481933594,68.62000274658203,69.29000091552734,68.47000122070312,69.19000244140625,2988200
2016-09-21,51.85075378417969,69.47000122070312,69.63999938964844,68.72000122070312,69.1500015258789,4311000
2016-09-22,51.1715202331543,68.55999755859375,70.05999755859375,68.04000091552734,69.66000366210938,7619200
2016-09-23,51.328285217285156,68.7699966430664,68.9800033569336,68.30000305175781,68.37000274658203,3541900
2016-09-26,50.17140579223633,67.22000122070312,68.44999694824219,67.12000274658203,68.44999694824219,6902800
2016-09-27,50.970027923583984,68.29000091552734,68.5,67.7300033569336,68.05000305175781,5778400
2016-09-28,50.61920928955078,67.81999969482422,68.36000061035156,67.7300033569336,68.22000122070312,3376000
2016-09-29,50.54458999633789,67.72000122070312,68.2699966430664,67.66999816894531,67.8499984741211,2887300
2016-09-30,51.261104583740234,68.68000030517578,68.9000015258789,67.7699966430664,67.7699966430664,4900500
2016-10-03,51.261104583740234,68.68000030517578,69.02999877929688,68.37999725341797,68.5,3295900
2016-10-04,51.238704681396484,68.6500015258789,69.55999755859375,68.5,68.77999877929688,4376500
2016-10-05,50.55952835083008,67.73999786376953,68.72000122070312,67.62999725341797,68.62000274658203,4762300
2016-10-06,51.059593200683594,68.41000366210938,68.58000183105469,67.20999908447266,67.54000091552734,5032300
2016-10-07,51.52981185913086,69.04000091552734,69.20999908447266,68.4800033569336,68.61000061035156,3863100
2016-10-10,51.39546203613281,68.86000061035156,69.41000366210938,68.69000244140625,69.41000366210938,2724100
2016-10-11,51.0446662902832,68.38999938964844,69.0199966430664,68.27999877929688,68.79000091552734,3029900
2016-10-12,50.649078369140625,67.86000061035156,68.55999755859375,67.80999755859375,68.45999908447266,4279600
2016-10-13,50.67147445678711,67.88999938964844,68.18000030517578,67.30999755859375,67.66999816894531,3292100
2016-10-14,50.83567810058594,68.11000061035156,68.55000305175781,67.70999908447266,67.9000015258789,3818700
2016-10-17,50.18632507324219,67.23999786376953,68.0,67.08999633789062,67.9800033569336,4059500
2016-10-18,50.27589416503906,67.36000061035156,67.72000122070312,67.01000213623047,67.55000305175781,3011600
2016-10-19,50.40278244018555,67.52999877929688,67.69999694824219,67.12000274658203,67.62999725341797,2619600
2016-10-20,50.537139892578125,67.70999908447266,67.88999938964844,67.44999694824219,67.62000274658203,3961200
2016-10-21,50.92525863647461,68.2300033569336,68.44999694824219,67.25,67.43000030517578,3121800
2016-10-24,50.9476432800293,68.26000213623047,68.69999694824219,68.0,68.33000183105469,2545800
2016-10-25,50.716251373291016,67.94999694824219,68.33000183105469,67.80000305175781,68.0,2553100
2016-10-26,51.193946838378906,68.58999633789062,68.95999908447266,67.79000091552734,67.87999725341797,2846500
2016-10-27,50.469974517822266,67.62000274658203,68.77999877929688,67.48999786376953,68.58999633789062,3731200
2016-10-28,51.373069763183594,68.83000183105469,69.25,67.72000122070312,67.72000122070312,4114500
2016-10-31,51.298431396484375,68.7300033569336,69.25,68.51000213623047,68.77999877929688,3349500
2016-11-01,50.58937454223633,67.77999877929688,68.83000183105469,67.4000015258789,68.66000366210938,4019500
2016-11-02,50.9476432800293,68.26000213623047,68.48999786376953,67.3499984741211,67.72000122070312,3970600
2016-11-03,49.76089096069336,66.66999816894531,68.58999633789062,66.55000305175781,68.54000091552734,5068400
2016-11-04,49.65639877319336,66.52999877929688,67.30999755859375,66.5199966430664,66.72000122070312,3937300
2016-11-07,50.40278244018555,67.52999877929688,67.56999969482422,67.02999877929688,67.22000122070312,4777700
2016-11-08,50.044517517089844,67.05000305175781,67.73999786376953,66.6500015258789,67.36000061035156,5097500
2016-11-09,51.35813903808594,68.80999755859375,69.25,66.01000213623047,66.29000091552734,9570700
2016-11-10,52.64937210083008,70.54000091552734,72.19999694824219,69.38999938964844,69.66999816894531,9639100
2016-11-11,53.25393295288086,71.3499984741211,71.54000091552734,70.19999694824219,70.43000030517578,5330600
2016-11-14,54.32278060913086,72.16999816894531,72.87999725341797,70.8499984741211,71.06999969482422,7455400
2016-11-15,53.7733039855957,71.44000244140625,72.37000274658203,71.16999816894531,72.30999755859375,7693800
2016-11-16,57.22822952270508,76.02999877929688,78.30000305175781,75.55999755859375,77.5,22059200
2016-11-17,57.30349349975586,76.12999725341797,76.43000030517578,75.4000015258789,76.18000030517578,8065000
2016-11-18,57.34865951538086,76.19000244140625,76.38999938964844,75.69000244140625,75.9000015258789,6057500
2016-11-21,57.58952713012695,76.51000213623047,76.80999755859375,76.0,76.12000274658203,4477000
2016-11-22,58.61320495605469,77.87000274658203,78.12999725341797,76.86000061035156,76.88999938964844,5853300
2016-11-23,59.07236099243164,78.4800033569336,78.95999908447266,77.58000183105469,77.93000030517578,6768400
2016-11-25,59.17021560668945,78.61000061035156,79.33000183105469,78.41999816894531,78.8499984741211,2543800
2016-11-28,58.500308990478516,77.72000122070312,78.94000244140625,77.5,78.37000274658203,5405500
2016-11-29,59.01966857910156,78.41000366210938,78.69000244140625,77.75,78.0,4694000
2016-11-30,58.138973236083984,77.23999786376953,78.04000091552734,77.05999755859375,77.7300033569336,5819100
2016-12-01,58.57558059692383,77.81999969482422,78.58000183105469,76.58999633789062,76.86000061035156,6685300
2016-12-02,58.6658821105957,77.94000244140625,78.4000015258789,76.83000183105469,77.23999786376953,7523700
2016-12-05,57.94330978393555,76.9800033569336,78.08000183105469,76.80000305175781,78.01000213623047,7173300
2016-12-06,57.785221099853516,76.7699966430664,77.08000183105469,76.05000305175781,76.91000366210938,7704200
2016-12-07,57.9357795715332,76.97000122070312,77.18000030517578,76.0999984741211,76.79000091552734,6791000
2016-12-08,58.59061813354492,77.83999633789062,78.41999816894531,77.16000366210938,77.3499984741211,5090500
2016-12-09,58.25191116333008,77.38999938964844,77.69000244140625,76.87999725341797,77.44000244140625,4047700
2016-12-12,57.762638092041016,76.73999786376953,77.43000030517578,76.3499984741211,76.9800033569336,4489300
2016-12-13,58.462646484375,77.66999816894531,78.05999755859375,76.48999786376953,77.0,4925600
2016-12-14,58.101348876953125,77.19000244140625,77.8499984741211,76.8499984741211,77.44999694824219,6045400
2016-12-15,57.94330978393555,76.9800033569336,77.69000244140625,76.79000091552734,77.13999938964844,4089400
2016-12-16,57.770179748535156,76.75,78.37000274658203,76.47000122070312,77.04000091552734,8217400
2016-12-19,57.98845672607422,77.04000091552734,77.63999938964844,76.5199966430664,76.58000183105469,2856600
2016-12-20,58.447628021240234,77.6500015258789,78.0,77.26000213623047,77.3499984741211,3504600
2016-12-21,58.05619430541992,77.12999725341797,77.87000274658203,77.12000274658203,77.37000274658203,2152400
2016-12-22,55.50453567504883,73.73999786376953,77.0,73.41000366210938,76.8499984741211,8438800
2016-12-23,55.32386779785156,73.5,74.4800033569336,73.29000091552734,73.9800033569336,3333700
2016-12-27,55.47441482543945,73.69999694824219,74.2300033569336,73.55999755859375,73.83000183105469,2200300
2016-12-28,54.8195686340332,72.83000183105469,73.9800033569336,72.75,73.75,2648500
2016-12-29,54.6614875793457,72.62000274658203,73.16999816894531,72.43000030517578,72.77999877929688,2795300
2016-12-30,54.36793899536133,72.2300033569336,72.93000030517578,71.87999725341797,72.70999908447266,3069200
2017-01-03,54.75934600830078,72.75,72.88999938964844,71.98999786376953,72.66000366210938,3907100
2017-01-04,55.55720901489258,73.80999755859375,74.23999786376953,73.0999984741211,73.0999984741211,5316200
2017-01-05,54.6163330078125,72.55999755859375,72.72000122070312,70.8499984741211,72.33000183105469,7096300
2017-01-06,53.7733039855957,71.44000244140625,72.2300033569336,71.18000030517578,71.9800033569336,5235100
2017-01-09,53.76577377319336,71.43000030517578,71.87000274658203,71.36000061035156,71.55000305175781,3814300
2017-01-10,53.76577377319336,71.43000030517578,72.01000213623047,71.01000213623047,71.37999725341797,4681800
2017-01-11,53.90126419067383,71.61000061035156,71.93000030517578,71.33000183105469,71.68000030517578,3479900
2017-01-12,53.630279541015625,71.25,71.70999908447266,70.79000091552734,71.43000030517578,4163200
2017-01-13,52.83242416381836,70.19000244140625,71.37999725341797,70.02999877929688,71.06999969482422,5332300
2017-01-17,53.396942138671875,70.94000244140625,72.08000183105469,70.62999725341797,70.76000213623047,5426700
2017-01-18,50.31837844848633,66.8499984741211,68.0,66.3499984741211,68.0,19063200
2017-01-19,49.21942901611328,65.38999938964844,66.87999725341797,65.05999755859375,66.33000183105469,12274900
2017-01-20,48.24843978881836,64.0999984741211,65.41000366210938,63.779998779296875,65.38999938964844,12983500
2017-01-23,48.060272216796875,63.849998474121094,64.55000305175781,63.54999923706055,64.06999969482422,7909000
2017-01-24,48.481781005859375,64.41000366210938,64.41999816894531,63.61000061035156,63.849998474121094,6084400
2017-01-25,48.92587661743164,65.0,65.16999816894531,64.66000366210938,64.7300033569336,5702500
2017-01-26,48.30112838745117,64.16999816894531,64.91000366210938,64.12000274658203,64.8499984741211,4393100
2017-01-27,47.94736099243164,63.70000076293945,64.7699966430664,62.939998626708984,64.55000305175781,7472000
2017-01-30,48.26349639892578,64.12000274658203,64.13999938964844,63.4900016784668,63.70000076293945,5220500
2017-01-31,48.53446578979492,64.4800033569336,64.5,63.45000076293945,63.79999923706055,5735100
2017-02-01,47.92477035522461,63.66999816894531,64.16000366210938,63.459999084472656,63.97999954223633,5307400
2017-02-02,47.93230438232422,63.68000030517578,64.16999816894531,63.65999984741211,63.90999984741211,5518400
2017-02-03,47.98499298095703,63.75,64.3499984741211,63.52000045776367,63.86000061035156,4965300
2017-02-06,47.73659896850586,63.41999816894531,63.95000076293945,63.36000061035156,63.77000045776367,6003300
2017-02-07,47.849510192871094,63.56999969482422,64.16000366210938,63.45000076293945,63.880001068115234,4256000
2017-02-08,48.75275802612305,64.7699966430664,64.91000366210938,63.380001068115234,63.5099983215332,4511000
2017-02-09,49.98719787597656,66.41000366210938,66.54000091552734,64.61000061035156,64.7699966430664,7754800
2017-02-10,49.47535705566406,65.7300033569336,66.95999908447266,65.22000122070312,66.51000213623047,5520800
2017-02-13,49.232269287109375,64.80999755859375,65.69999694824219,64.52999877929688,65.62000274658203,4218200
2017-02-14,49.87038040161133,65.6500015258789,65.66000366210938,64.5199966430664,64.5199966430664,5117100
2017-02-15,49.946327209472656,65.75,65.94999694824219,65.23999786376953,65.5,3974000
2017-02-16,49.52851867675781,65.19999694824219,65.8499984741211,65.02999877929688,65.7699966430664,3325000
2017-02-17,49.976715087890625,65.79000091552734,65.9000015258789,64.91999816894531,65.23999786376953,4235400
2017-02-21,50.2957649230957,66.20999908447266,66.38999938964844,65.79000091552734,66.26000213623047,4838600
2017-02-22,50.090660095214844,65.94000244140625,66.27999877929688,65.5999984741211,66.05999755859375,3029400
2017-02-23,49.361412048339844,64.9800033569336,66.1500015258789,64.87000274658203,66.04000091552734,4867900
2017-02-24,50.523658752441406,66.51000213623047,66.63999938964844,64.93000030517578,65.26000213623047,6909000
2017-02-27,50.8275146484375,66.91000366210938,67.08000183105469,66.2300033569336,66.38999938964844,6839200
2017-02-28,44.644039154052734,58.77000045776367,66.91000366210938,57.29999923706055,66.91000366210938,45305400
2017-03-01,43.929988861083984,57.83000183105469,59.33000183105469,57.349998474121094,58.779998779296875,22808000
2017-03-02,44.02113342285156,57.95000076293945,58.52000045776367,57.75,58.0,10976600
2017-03-03,43.56536102294922,57.349998474121094,58.279998779296875,57.09000015258789,58.2400016784668,9057200
2017-03-06,42.61579895019531,56.099998474121094,57.349998474121094,56.0,57.29999923706055,11313400
2017-03-07,41.88655090332031,55.13999938964844,56.43000030517578,55.04999923706055,56.099998474121094,13236500
2017-03-08,41.7953987121582,55.02000045776367,55.54999923706055,55.0,55.439998626708984,9417300
2017-03-09,41.932132720947266,55.20000076293945,55.349998474121094,54.40999984741211,55.0,10878100
2017-03-10,42.05366516113281,55.36000061035156,55.880001068115234,55.04999923706055,55.349998474121094,7591300
2017-03-13,41.92452621459961,55.189998626708984,55.61000061035156,54.84000015258789,55.380001068115234,7522200
2017-03-14,41.590301513671875,54.75,55.369998931884766,54.68000030517578,55.20000076293945,6000100
2017-03-15,41.453548431396484,54.56999969482422,54.709999084472656,54.119998931884766,54.599998474121094,8525500
2017-03-16,41.4687385559082,54.59000015258789,54.95000076293945,54.25,54.400001525878906,6354100
2017-03-17,41.2408561706543,54.290000915527344,54.779998779296875,54.290000915527344,54.70000076293945,14193800
2017-03-20,41.30162811279297,54.369998931884766,54.63999938964844,53.939998626708984,54.54999923706055,9164000
2017-03-21,40.55718231201172,53.38999938964844,54.459999084472656,53.22999954223633,54.40999984741211,9146700
2017-03-22,40.701507568359375,53.58000183105469,53.66999816894531,52.77000045776367,53.349998474121094,5869000
2017-03-23,40.36725616455078,53.13999938964844,53.63999938964844,53.04999923706055,53.47999954223633,5722400
2017-03-24,40.352073669433594,53.119998931884766,53.349998474121094,52.90999984741211,53.25,4351800
2017-03-27,40.51160430908203,53.33000183105469,53.75,52.849998474121094,53.0,7644400
2017-03-28,40.71671676635742,53.599998474121094,53.68000030517578,53.18000030517578,53.189998626708984,4395800
2017-03-29,41.894134521484375,55.150001525878906,55.58000183105469,53.54999923706055,53.650001525878906,9848600
2017-03-30,41.97010803222656,55.25,55.40999984741211,54.869998931884766,55.060001373291016,4870200
2017-03-31,41.92452621459961,55.189998626708984,55.77000045776367,55.130001068115234,55.20000076293945,7457800
2017-04-03,41.0433349609375,54.029998779296875,55.22999954223633,53.849998474121094,55.220001220703125,6970900
2017-04-04,40.58756637573242,53.43000030517578,53.9900016784668,52.97999954223633,53.81999969482422,6578300
2017-04-05,40.07101821899414,52.75,53.84000015258789,52.720001220703125,53.54999923706055,6810800
2017-04-06,40.693912506103516,53.56999969482422,54.130001068115234,53.06999969482422,53.15999984741211,8672400
2017-04-07,40.4432258605957,53.2400016784668,53.790000915527344,52.970001220703125,53.470001220703125,5782100
2017-04-10,40.86103820800781,53.790000915527344,54.34000015258789,53.400001525878906,53.47999954223633,4978100
2017-04-11,40.800262451171875,53.709999084472656,53.900001525878906,53.13999938964844,53.810001373291016,4917500
2017-04-12,40.56477737426758,53.400001525878906,53.529998779296875,53.189998626708984,53.36000061035156,4534800
2017-04-13,40.55718231201172,53.38999938964844,53.63999938964844,53.290000915527344,53.4900016784668,5087400
2017-04-17,40.7774772644043,53.68000030517578,53.68000030517578,53.099998474121094,53.36000061035156,4702400
2017-04-18,40.71671676635742,53.599998474121094,53.81999969482422,53.43000030517578,53.599998474121094,4371000
2017-04-19,40.93699645996094,53.88999938964844,54.380001068115234,53.709999084472656,53.790000915527344,5419600
2017-04-20,41.50673294067383,54.63999938964844,54.880001068115234,54.11000061035156,54.209999084472656,5843200
2017-04-21,41.61308670043945,54.779998779296875,55.130001068115234,54.540000915527344,54.540000915527344,5948300
2017-04-24,41.64346694946289,54.81999969482422,55.290000915527344,54.41999816894531,55.15999984741211,5717900
2017-04-25,41.894134521484375,55.150001525878906,55.15999984741211,54.79999923706055,54.900001525878906,4096700
2017-04-26,42.52464294433594,55.97999954223633,56.290000915527344,55.209999084472656,55.369998931884766,6273500
2017-04-27,42.608211517333984,56.09000015258789,56.16999816894531,55.68000030517578,55.97999954223633,3881200
2017-04-28,42.425899505615234,55.849998474121094,56.08000183105469,55.36000061035156,56.08000183105469,8428000
2017-05-01,42.36511993408203,55.77000045776367,56.0,55.52000045776367,55.810001373291016,5164200
2017-05-02,42.661376953125,56.15999984741211,56.34000015258789,55.630001068115234,55.7400016784668,4017100
2017-05-03,43.55775833129883,57.34000015258789,57.540000915527344,55.91999816894531,56.13999938964844,7542800
2017-05-04,43.519779205322266,57.290000915527344,57.68000030517578,56.650001525878906,57.5,5508800
2017-05-05,43.54255676269531,57.31999969482422,57.58000183105469,56.83000183105469,57.33000183105469,4845500
2017-05-08,43.527374267578125,57.29999923706055,57.54999923706055,57.029998779296875,57.5099983215332,4553800
2017-05-09,44.119895935058594,58.08000183105469,58.650001525878906,57.349998474121094,57.40999984741211,8020700
2017-05-10,44.370567321777344,58.40999984741211,58.4900016784668,57.689998626708984,57.880001068115234,6954300
2017-05-11,42.58541488647461,56.060001373291016,57.869998931884766,55.939998626708984,57.75,13327000
2017-05-12,42.38792037963867,55.79999923706055,56.0099983215332,55.0,55.900001525878906,8957000
2017-05-15,42.50309371948242,55.349998474121094,56.13999938964844,55.209999084472656,55.31999969482422,8392900
2017-05-16,41.87342071533203,54.529998779296875,55.560001373291016,54.20000076293945,55.5099983215332,11944900
2017-05-17,42.265052795410156,55.040000915527344,56.970001220703125,55.040000915527344,56.959999084472656,23241100
2017-05-18,42.87168884277344,55.83000183105469,56.11000061035156,55.15999984741211,55.25,11919700
2017-05-19,42.994544982910156,55.9900016784668,56.439998626708984,55.70000076293945,56.130001068115234,9949500
2017-05-22,42.58756637573242,55.459999084472656,56.06999969482422,55.380001068115234,56.06999969482422,9528900
2017-05-23,41.84269714355469,54.4900016784668,55.43000030517578,54.439998626708984,55.400001525878906,7136800
2017-05-24,41.56626892089844,54.130001068115234,54.540000915527344,53.7599983215332,54.5099983215332,6780700
2017-05-25,41.620018005371094,54.20000076293945,54.560001373291016,54.0099983215332,54.34000015258789,7360400
2017-05-26,41.773590087890625,54.400001525878906,54.54999923706055,53.93000030517578,54.349998474121094,3738300
2017-05-30,42.18825912475586,54.939998626708984,55.11000061035156,54.36000061035156,54.5099983215332,5763600
2017-05-31,42.349510192871094,55.150001525878906,55.29999923706055,54.25,55.25,8401700
2017-06-01,42.74114990234375,55.65999984741211,55.88999938964844,55.06999969482422,55.25,5165300
2017-06-02,42.6336555480957,55.52000045776367,55.790000915527344,55.220001220703125,55.560001373291016,4485200
2017-06-05,42.71812057495117,55.630001068115234,55.68000030517578,54.93000030517578,55.56999969482422,4236800
2017-06-06,41.91181945800781,54.58000183105469,55.27000045776367,54.31999969482422,55.2599983215332,6395100
2017-06-07,41.82735061645508,54.470001220703125,54.83000183105469,54.27000045776367,54.70000076293945,5728200
2017-06-08,41.950218200683594,54.630001068115234,55.18000030517578,54.470001220703125,54.470001220703125,5767100
2017-06-09,43.693336486816406,56.900001525878906,57.06999969482422,54.72999954223633,54.959999084472656,7889200
2017-06-12,44.43819808959961,57.869998931884766,58.33000183105469,57.099998474121094,57.099998474121094,11661500
2017-06-13,44.06193161010742,57.380001068115234,57.84000015258789,56.75,57.70000076293945,5947600
2017-06-14,44.43051528930664,57.86000061035156,57.959999084472656,56.81999969482422,57.5,4337100
2017-06-15,42.58756637573242,55.459999084472656,57.75,55.33000183105469,56.97999954223633,10528000
2017-06-16,40.399051666259766,52.61000061035156,52.61000061035156,48.560001373291016,51.43000030517578,49491700
2017-06-19,39.70796203613281,51.709999084472656,52.90999984741211,50.63999938964844,52.869998931884766,14747200
2017-06-20,39.0936393737793,50.90999984741211,51.869998931884766,50.90999984741211,51.810001373291016,8795400
2017-06-21,38.79414749145508,50.52000045776367,51.790000915527344,50.439998626708984,50.959999084472656,9996500
2017-06-22,38.878623962402344,50.630001068115234,50.959999084472656,50.04999923706055,50.61000061035156,6746000
2017-06-23,38.978450775146484,50.7599983215332,50.91999816894531,50.380001068115234,50.599998474121094,6256700
2017-06-26,39.531333923339844,51.47999954223633,51.65999984741211,50.77000045776367,50.83000183105469,5805000
2017-06-27,39.98438262939453,52.06999969482422,52.34000015258789,51.36000061035156,51.40999984741211,6671600
2017-06-28,39.976715087890625,52.060001373291016,52.689998626708984,51.900001525878906,52.130001068115234,6148000
2017-06-29,39.999759674072266,52.09000015258789,52.630001068115234,51.7400016784668,52.25,4663000
2017-06-30,40.15333938598633,52.290000915527344,52.43000030517578,51.90999984741211,52.25,4008400
2017-07-03,40.429771423339844,52.650001525878906,52.880001068115234,52.33000183105469,52.529998779296875,2790900
2017-07-05,40.05350875854492,52.15999984741211,53.18000030517578,51.91999816894531,52.849998474121094,3960700
2017-07-06,39.500614166259766,51.439998626708984,52.08000183105469,51.369998931884766,52.0,3712700
2017-07-07,39.21649169921875,51.06999969482422,51.72999954223633,50.689998626708984,51.47999954223633,4882400
2017-07-10,38.533077239990234,50.18000030517578,51.16999816894531,50.040000915527344,51.150001525878906,6520000
2017-07-11,38.70968246459961,50.40999984741211,50.779998779296875,50.189998626708984,50.22999954223633,4594300
2017-07-12,39.06291580200195,50.869998931884766,51.15999984741211,50.459999084472656,50.47999954223633,4482100
2017-07-13,40.93659210205078,53.310001373291016,53.709999084472656,52.0,52.25,23218000
2017-07-14,40.875152587890625,53.22999954223633,53.540000915527344,53.060001373291016,53.47999954223633,5829200
2017-07-17,41.25910186767578,53.72999954223633,54.16999816894531,53.220001220703125,53.22999954223633,12488000
2017-07-18,41.25910186767578,53.72999954223633,53.970001220703125,53.2599983215332,53.58000183105469,4526300
2017-07-19,41.543212890625,54.099998474121094,54.209999084472656,53.52000045776367,53.79999923706055,3954200
2017-07-20,41.91181945800781,54.58000183105469,54.93000030517578,53.97999954223633,54.15999984741211,6665900
2017-07-21,42.11146545410156,54.84000015258789,55.0099983215332,54.18000030517578,54.560001373291016,6355400
2017-07-24,41.50483703613281,54.04999923706055,54.86000061035156,54.02000045776367,54.650001525878906,5627100
2017-07-25,42.31112289428711,55.099998474121094,55.560001373291016,54.189998626708984,54.209999084472656,4506500
2017-07-26,42.203617095947266,54.959999084472656,55.15999984741211,54.27000045776367,55.060001373291016,3403400
2017-07-27,43.040618896484375,56.04999923706055,56.060001373291016,54.529998779296875,54.959999084472656,4489100
2017-07-28,43.08670425415039,56.11000061035156,56.36000061035156,55.63999938964844,56.0,5372000
2017-07-31,43.5167236328125,56.66999816894531,56.75,55.900001525878906,56.34000015258789,5662800
2017-08-01,43.66261672973633,56.86000061035156,56.880001068115234,56.13999938964844,56.58000183105469,4029000
2017-08-02,43.61654281616211,56.79999923706055,57.119998931884766,56.41999816894531,56.779998779296875,3677100
2017-08-03,43.80084228515625,57.040000915527344,57.380001068115234,56.380001068115234,56.959999084472656,5321700
2017-08-04,44.21550750732422,57.58000183105469,57.650001525878906,57.15999984741211,57.18000030517578,4462800
2017-08-07,44.44588851928711,57.880001068115234,57.970001220703125,57.5,57.56999969482422,3903900
2017-08-08,45.10626983642578,58.7400016784668,59.209999084472656,58.0,58.0,8129300
2017-08-09,44.43819808959961,57.869998931884766,58.58000183105469,57.380001068115234,58.56999969482422,6389400
2017-08-10,42.72578430175781,55.63999938964844,57.31999969482422,55.470001220703125,57.31999969482422,10853100
2017-08-11,42.73346710205078,55.650001525878906,55.91999816894531,55.11000061035156,55.34000015258789,6022800
2017-08-14,43.323646545410156,55.790000915527344,56.04999923706055,55.400001525878906,55.400001525878906,5775200
2017-08-15,42.205413818359375,54.349998474121094,55.779998779296875,54.25,55.72999954223633,9457300
2017-08-16,43.727455139160156,56.310001373291016,57.0,54.470001220703125,57.0,22059400
2017-08-17,43.57990264892578,56.119998931884766,57.060001373291016,55.40999984741211,56.529998779296875,15275200
2017-08-18,43.21492385864258,55.650001525878906,56.36000061035156,55.650001525878906,55.90999984741211,4738500
2017-08-21,43.92158889770508,56.560001373291016,57.119998931884766,55.61000061035156,55.86000061035156,11604200
2017-08-22,43.90605163574219,56.540000915527344,56.90999984741211,56.25,56.720001220703125,7969500
2017-08-23,43.84392547607422,56.459999084472656,56.88999938964844,56.15999984741211,56.400001525878906,4237800
2017-08-24,42.09669494628906,54.209999084472656,57.630001068115234,53.900001525878906,57.16999816894531,15836400
2017-08-25,42.71792984008789,55.0099983215332,55.400001525878906,54.04999923706055,54.40999984741211,6979900
2017-08-28,42.275299072265625,54.439998626708984,54.86000061035156,54.06999969482422,54.619998931884766,6368500
2017-08-29,42.360713958740234,54.54999923706055,54.86000061035156,54.04999923706055,54.189998626708984,4347800
2017-08-30,42.18211364746094,54.31999969482422,54.84000015258789,54.150001525878906,54.56999969482422,3494500
2017-08-31,42.345191955566406,54.529998779296875,55.0,54.18000030517578,54.279998779296875,6017800
2017-09-01,43.65755844116211,56.220001220703125,56.41999816894531,54.84000015258789,54.84000015258789,7047500
2017-09-05,44.53506088256836,57.349998474121094,57.40999984741211,56.119998931884766,56.130001068115234,7890400
2017-09-06,45.05534744262695,58.02000045776367,58.630001068115234,57.470001220703125,57.4900016784668,9376800
2017-09-07,45.3659553527832,58.41999816894531,58.86000061035156,57.849998474121094,58.310001373291016,6951100
2017-09-08,44.47293472290039,57.27000045776367,58.27000045776367,55.65999984741211,58.130001068115234,10951400
2017-09-11,44.488468170166016,57.290000915527344,57.84000015258789,57.11000061035156,57.560001373291016,6057500
2017-09-12,44.95439529418945,57.88999938964844,58.59000015258789,57.2400016784668,57.33000183105469,5313700
2017-09-13,46.21240997314453,59.5099983215332,60.119998931884766,57.93000030517578,57.970001220703125,8704700
2017-09-14,46.18134689331055,59.470001220703125,59.689998626708984,58.959999084472656,59.540000915527344,5057800
2017-09-15,46.561851501464844,59.959999084472656,60.09000015258789,59.130001068115234,59.439998626708984,6718700
2017-09-18,45.886260986328125,59.09000015258789,60.439998626708984,59.06999969482422,60.130001068115234,5133100
2017-09-19,46.08815002441406,59.349998474121094,59.7400016784668,58.7599983215332,59.20000076293945,3944000
2017-09-20,46.01826858520508,59.2599983215332,59.4900016784668,58.65999984741211,59.41999816894531,4830500
2017-09-21,45.29608917236328,58.33000183105469,59.150001525878906,58.0,59.150001525878906,5395400
2017-09-22,45.8086051940918,58.9900016784668,59.04999923706055,58.16999816894531,58.40999984741211,3510600
2017-09-25,45.466922760009766,58.54999923706055,59.290000915527344,57.95000076293945,58.0,5990400
2017-09-26,45.497982025146484,58.59000015258789,59.08000183105469,58.34000015258789,58.54999923706055,4211000
2017-09-27,45.71540832519531,58.869998931884766,59.0099983215332,57.849998474121094,58.560001373291016,4279400
2017-09-28,45.746482849121094,58.90999984741211,59.5099983215332,58.7400016784668,58.900001525878906,5183600
2017-09-29,45.824127197265625,59.0099983215332,59.56999969482422,58.68000030517578,59.099998474121094,3816900
2017-10-02,45.73094177246094,58.88999938964844,59.08000183105469,57.70000076293945,58.790000915527344,3909900
2017-10-03,45.49021530151367,58.58000183105469,59.2400016784668,58.439998626708984,59.04999923706055,3580000
2017-10-04,45.55233383178711,58.65999984741211,58.93000030517578,58.52000045776367,58.68000030517578,3037900
2017-10-05,45.33491134643555,58.380001068115234,58.88999938964844,58.310001373291016,58.689998626708984,4868800
2017-10-06,44.35645294189453,57.119998931884766,57.65999984741211,56.72999954223633,57.540000915527344,8925600
2017-10-09,43.68085861206055,56.25,57.29999923706055,55.77000045776367,57.29999923706055,6312200
2017-10-10,44.72919464111328,57.599998474121094,57.849998474121094,56.58000183105469,56.79999923706055,7358500
2017-10-11,45.9328498840332,59.150001525878906,59.66999816894531,57.72999954223633,57.790000915527344,11676600
2017-10-12,46.740455627441406,60.189998626708984,60.25,58.540000915527344,59.0099983215332,8970700
2017-10-13,47.25297927856445,60.849998474121094,61.560001373291016,59.95000076293945,60.25,6800500
2017-10-16,46.70940017700195,60.150001525878906,60.75,59.56999969482422,60.36000061035156,4602200
2017-10-17,46.72493362426758,60.16999816894531,60.560001373291016,59.86000061035156,60.16999816894531,3285900
2017-10-18,46.6162109375,60.029998779296875,60.58000183105469,60.0,60.16999816894531,3538600
2017-10-19,46.926822662353516,60.43000030517578,60.540000915527344,59.619998931884766,59.83000183105469,4201300
2017-10-20,47.95964431762695,61.7599983215332,61.79999923706055,60.540000915527344,60.68000030517578,6053800
2017-10-23,48.596412658691406,62.58000183105469,63.619998931884766,61.65999984741211,61.810001373291016,8877800
2017-10-24,48.868202209472656,62.93000030517578,63.2400016784668,62.29999923706055,62.869998931884766,5644700
2017-10-25,48.083885192871094,61.91999816894531,62.970001220703125,61.369998931884766,62.7400016784668,6352500
2017-10-26,48.15375518798828,62.0099983215332,62.66999816894531,61.63999938964844,62.099998474121094,4287300
2017-10-27,46.7948112487793,60.2599983215332,61.560001373291016,59.86000061035156,61.45000076293945,6964400
2017-10-30,46.243465423583984,59.54999923706055,60.20000076293945,59.310001373291016,60.18000030517578,6162200
2017-10-31,45.847434997558594,59.040000915527344,59.7599983215332,58.90999984741211,59.4900016784668,6458100
2017-11-01,45.7076416015625,58.86000061035156,59.41999816894531,58.619998931884766,58.79999923706055,4710500
2017-11-02,46.429832458496094,59.790000915527344,59.95000076293945,58.599998474121094,59.13999938964844,4790500
2017-11-03,46.095916748046875,59.36000061035156,60.119998931884766,59.290000915527344,59.66999816894531,3992500
2017-11-06,46.041568756103516,59.290000915527344,59.400001525878906,58.709999084472656,59.29999923706055,4538700
2017-11-07,44.95439529418945,57.88999938964844,59.11000061035156,57.65999984741211,59.06999969482422,6587600
2017-11-08,45.3271369934082,58.369998931884766,58.95000076293945,57.380001068115234,57.86000061035156,4921600
2017-11-09,46.51526641845703,59.900001525878906,60.150001525878906,57.189998626708984,57.65999984741211,8496200
2017-11-10,47.68008804321289,61.400001525878906,61.40999984741211,59.90999984741211,59.90999984741211,6854500
2017-11-13,46.903533935546875,60.400001525878906,61.95000076293945,60.150001525878906,61.400001525878906,6608800
2017-11-14,47.14675521850586,60.09000015258789,60.310001373291016,59.150001525878906,59.59000015258789,8018700
2017-11-15,42.49407196044922,54.15999984741211,57.90999984741211,54.040000915527344,56.2599983215332,34811200
2017-11-16,43.23159408569336,55.099998474121094,55.31999969482422,54.130001068115234,54.5099983215332,12744700
2017-11-17,45.61678695678711,58.13999938964844,58.7400016784668,55.720001220703125,55.7599983215332,16719400
2017-11-20,45.41279983520508,57.880001068115234,58.209999084472656,57.11000061035156,57.970001220703125,7973000
2017-11-21,44.918479919433594,57.25,58.06999969482422,56.790000915527344,57.849998474121094,6318400
2017-11-22,45.10680389404297,57.4900016784668,57.7599983215332,57.06999969482422,57.41999816894531,2867400
2017-11-24,43.84358215332031,55.880001068115234,58.130001068115234,55.83000183105469,58.04999923706055,5892400
2017-11-27,43.81219482421875,55.84000015258789,56.38999938964844,55.25,56.20000076293945,8277500
2017-11-28,44.42417907714844,56.619998931884766,56.75,55.41999816894531,56.02000045776367,6312100
2017-11-29,48.39427947998047,61.68000030517578,61.779998779296875,56.81999969482422,56.81999969482422,18820900
2017-11-30,46.9976921081543,59.900001525878906,63.099998474121094,59.84000015258789,61.650001525878906,14923100
2017-12-01,46.691688537597656,59.5099983215332,60.470001220703125,58.900001525878906,60.0,8318000
2017-12-04,49.08472442626953,62.560001373291016,63.029998779296875,60.540000915527344,60.650001525878906,11463100
2017-12-05,48.80226516723633,62.20000076293945,62.47999954223633,60.45000076293945,62.38999938964844,8184300
2017-12-06,47.64106369018555,60.720001220703125,62.279998779296875,60.54999923706055,61.130001068115234,5562300
2017-12-07,47.931358337402344,61.09000015258789,61.65999984741211,60.5,60.880001068115234,3965300
2017-12-08,48.15105056762695,61.369998931884766,61.83000183105469,60.650001525878906,61.099998474121094,3666500
2017-12-11,48.45704650878906,61.7599983215332,62.16999816894531,61.150001525878906,61.58000183105469,4315300
2017-12-12,47.87643051147461,61.02000045776367,61.95000076293945,60.880001068115234,61.7599983215332,4769300
2017-12-13,49.1710319519043,62.66999816894531,62.83000183105469,60.79999923706055,60.849998474121094,7998100
2017-12-14,48.598262786865234,61.939998626708984,63.70000076293945,61.88999938964844,63.06999969482422,6332000
2017-12-15,49.12395477294922,62.61000061035156,63.20000076293945,62.349998474121094,62.709999084472656,9152100
2017-12-18,50.27732467651367,64.08000183105469,64.41999816894531,63.349998474121094,63.349998474121094,6372500
2017-12-19,50.261627197265625,64.05999755859375,64.63999938964844,63.869998931884766,64.33000183105469,6424900
2017-12-20,50.59116744995117,64.4800033569336,65.23999786376953,64.16999816894531,64.19999694824219,8163800
2017-12-21,51.171775817871094,65.22000122070312,65.73999786376953,64.5199966430664,64.5999984741211,7640900
2017-12-22,51.305145263671875,65.38999938964844,65.47000122070312,64.66999816894531,65.47000122070312,3938900
2017-12-26,51.642513275146484,65.81999969482422,66.44999694824219,65.25,65.4000015258789,2637700
2017-12-27,51.10900115966797,65.13999938964844,66.11000061035156,65.06999969482422,66.0,3510600
2017-12-28,50.85792922973633,64.81999969482422,65.41000366210938,64.5999984741211,65.2300033569336,2467500
2017-12-29,51.195316314697266,65.25,65.73999786376953,64.88999938964844,65.20999908447266,5058100
2018-01-02,53.06265640258789,67.62999725341797,68.12999725341797,65.94999694824219,65.94999694824219,8509000
2018-01-03,52.701751708984375,67.16999816894531,68.83999633789062,67.0999984741211,68.62999725341797,6057500
2018-01-04,51.66606140136719,65.8499984741211,67.81999969482422,65.05999755859375,67.2300033569336,7124500
2018-01-05,52.21530532836914,66.55000305175781,66.73999786376953,65.94999694824219,66.37999725341797,5549700
2018-01-08,52.709590911865234,67.18000030517578,68.31999969482422,66.25,67.19999694824219,8337200
2018-01-09,54.247406005859375,69.13999938964844,70.0199966430664,68.5,69.5199966430664,18160800
2018-01-10,55.49492645263672,70.7300033569336,71.76000213623047,69.30000305175781,69.41000366210938,10985200
2018-01-11,58.060569763183594,74.0,74.05999755859375,70.5,70.9000015258789,12186000
2018-01-12,60.25746154785156,76.80000305175781,77.0,74.44999694824219,74.54000091552734,14846000
2018-01-16,58.81379699707031,74.95999908447266,77.58000183105469,74.63999938964844,76.87999725341797,10167900
2018-01-17,60.27314376831055,76.81999969482422,77.25,74.83000183105469,74.98999786376953,7083700
2018-01-18,61.12051773071289,77.9000015258789,77.91000366210938,76.26000213623047,76.86000061035156,7668600
2018-01-19,61.277435302734375,78.0999984741211,78.16999816894531,76.88999938964844,78.16999816894531,7808100
2018-01-22,61.654048919677734,78.58000183105469,78.63999938964844,77.56999969482422,78.11000061035156,5621600
2018-01-23,61.29314422607422,78.12000274658203,78.69999694824219,77.83999633789062,78.58000183105469,5372700
2018-01-24,60.32804870605469,76.88999938964844,78.29000091552734,76.37000274658203,78.29000091552734,9765100
2018-01-25,59.86517333984375,76.30000305175781,77.55999755859375,75.76000213623047,77.55000305175781,6347700
2018-01-26,60.37515640258789,76.94999694824219,77.0199966430664,75.81999969482422,76.62000274658203,4981200
2018-01-29,60.25746154785156,76.80000305175781,77.13999938964844,76.37999725341797,76.66999816894531,3489400
2018-01-30,58.92363739013672,75.0999984741211,76.69999694824219,74.81999969482422,76.38999938964844,5626300
2018-01-31,59.01777648925781,75.22000122070312,75.75,74.5999984741211,75.38999938964844,8706300
2018-02-01,58.82164764404297,74.97000122070312,75.6500015258789,74.1500015258789,74.62999725341797,4649100
2018-02-02,57.236751556396484,72.94999694824219,74.48999786376953,72.72000122070312,74.27999877929688,6807800
2018-02-05,55.526302337646484,70.7699966430664,74.16999816894531,70.51000213623047,72.44999694824219,6518200
2018-02-06,57.048431396484375,72.70999908447266,73.05999755859375,68.38999938964844,69.54000091552734,8051600
2018-02-07,57.472129821777344,73.25,74.1500015258789,72.33999633789062,72.52999877929688,6521900
2018-02-08,55.79308319091797,71.11000061035156,73.88999938964844,71.06999969482422,73.51000213623047,5705500
2018-02-09,56.84444046020508,72.44999694824219,72.97000122070312,68.91000366210938,71.80999755859375,7733200
2018-02-12,56.397220611572266,71.87999725341797,73.2300033569336,71.52999877929688,73.12999725341797,4624500
2018-02-13,57.9664306640625,73.87999725341797,73.94999694824219,71.68000030517578,71.86000061035156,4417500
2018-02-14,59.119781494140625,75.3499984741211,76.62000274658203,74.05999755859375,74.29000091552734,7388700
2018-02-15,59.66117858886719,76.04000091552734,76.20999908447266,75.12000274658203,75.72000122070312,3428600
2018-02-16,59.394405364990234,75.69999694824219,76.80999755859375,75.30999755859375,76.13999938964844,4279000
2018-02-20,57.638206481933594,72.86000061035156,73.83999633789062,71.68000030517578,72.83999633789062,7086000
2018-02-21,57.717308044433594,72.95999908447266,74.68000030517578,72.91999816894531,73.22000122070312,8645200
2018-02-22,59.35485076904297,75.02999877929688,75.95999908447266,73.47000122070312,73.48999786376953,6987100
2018-02-23,59.65546417236328,75.41000366210938,76.30000305175781,74.29000091552734,75.5199966430664,5475600
2018-02-26,60.83417510986328,76.9000015258789,76.98999786376953,75.18000030517578,76.25,5779300
2018-02-27,59.782020568847656,75.56999969482422,78.43000030517578,75.2699966430664,77.73999786376953,6234300
2018-02-28,59.65546417236328,75.41000366210938,76.68000030517578,75.41000366210938,76.05999755859375,5520500
2018-03-01,58.642860412597656,74.12999725341797,75.55000305175781,73.0,75.51000213623047,7084400
2018-03-02,59.449764251708984,75.1500015258789,75.4800033569336,73.30000305175781,73.62999725341797,4956200
2018-03-05,59.441871643066406,75.13999938964844,75.75,73.94999694824219,74.7699966430664,7654800
2018-03-06,56.791744232177734,71.79000091552734,74.63999938964844,69.94000244140625,74.25,20019700
2018-03-07,56.506961822509766,71.43000030517578,72.13999938964844,70.58000183105469,71.05999755859375,7684600
2018-03-08,55.17793273925781,69.75,71.58000183105469,69.1500015258789,71.43000030517578,8753900
2018-03-09,55.763343811035156,70.48999786376953,70.81999969482422,69.33000183105469,70.37999725341797,6813000
2018-03-12,55.90571975708008,70.66999816894531,70.98999786376953,69.80999755859375,70.05000305175781,3665100
2018-03-13,56.301273345947266,71.16999816894531,72.0999984741211,70.87999725341797,71.0,4485800
2018-03-14,55.8899040222168,70.6500015258789,71.72000122070312,70.37999725341797,71.44000244140625,4683700
2018-03-15,55.87408447265625,70.62999725341797,71.5,70.27999877929688,71.27999877929688,6528600
2018-03-16,56.15888595581055,70.98999786376953,71.43000030517578,70.41000366210938,70.55000305175781,7297000
2018-03-19,55.6446647644043,70.33999633789062,71.31999969482422,70.11000061035156,70.91999816894531,3214900
2018-03-20,56.609798431396484,71.55999755859375,71.7699966430664,70.51000213623047,70.5999984741211,5015000
2018-03-21,55.486454010009766,70.13999938964844,71.5,70.13999938964844,71.18000030517578,3792600
2018-03-22,54.49761962890625,68.88999938964844,70.4800033569336,68.80999755859375,69.8499984741211,6614000
2018-03-23,53.69861602783203,67.87999725341797,69.94000244140625,67.7699966430664,69.72000122070312,5261000
2018-03-26,55.59719467163086,70.27999877929688,70.62999725341797,68.6500015258789,68.66999816894531,4893900
2018-03-27,54.19700241088867,68.51000213623047,70.9000015258789,68.2300033569336,70.79000091552734,6896500
2018-03-28,54.727020263671875,69.18000030517578,71.7699966430664,68.73999786376953,68.73999786376953,8052400
2018-03-29,54.924781799316406,69.43000030517578,69.87000274658203,68.86000061035156,69.2300033569336,7594300
2018-04-02,54.56881332397461,68.9800033569336,69.37999725341797,67.44000244140625,69.02999877929688,5903000
2018-04-03,55.00389099121094,69.52999877929688,69.94000244140625,69.01000213623047,69.38999938964844,3484200
2018-04-04,56.84711837768555,71.86000061035156,71.93000030517578,68.8499984741211,68.87999725341797,5200200
2018-04-05,57.30594253540039,72.44000244140625,72.58000183105469,70.73999786376953,71.95999908447266,4525100
2018-04-06,57.18728256225586,72.29000091552734,73.41999816894531,71.5199966430664,71.7699966430664,6360100
2018-04-09,56.5465202331543,71.4800033569336,72.72000122070312,71.41000366210938,72.44999694824219,3093300
2018-04-10,57.58283996582031,72.79000091552734,73.01000213623047,71.83000183105469,72.86000061035156,4653900
2018-04-11,57.6065673828125,72.81999969482422,73.51000213623047,72.13999938964844,72.4800033569336,3545700
2018-04-12,57.29804229736328,72.43000030517578,73.58999633789062,72.11000061035156,73.12999725341797,3020200
2018-04-13,56.578155517578125,71.5199966430664,72.79000091552734,71.13999938964844,72.77999877929688,3824400
2018-04-16,56.95786666870117,72.0,72.43000030517578,71.47000122070312,71.94000244140625,4837600
2018-04-17,57.3138542175293,72.44999694824219,72.94000244140625,72.38999938964844,72.80999755859375,3066500
2018-04-18,57.377140045166016,72.52999877929688,73.45999908447266,72.41999816894531,72.7300033569336,3211100
2018-04-19,56.15095901489258,70.9800033569336,72.30999755859375,70.18000030517578,72.30999755859375,5816500
2018-04-20,55.62885665893555,70.31999969482422,71.63999938964844,70.12000274658203,71.12999725341797,4110000
2018-04-23,56.12722396850586,70.94999694824219,71.08000183105469,69.76000213623047,70.75,3346000
2018-04-24,55.794979095458984,70.52999877929688,71.95999908447266,70.19999694824219,70.97000122070312,3946100
2018-04-25,56.27753829956055,71.13999938964844,71.66999816894531,69.9000015258789,70.25,2590900
2018-04-26,56.86294174194336,71.87999725341797,72.13999938964844,71.08999633789062,71.31999969482422,3112700
2018-04-27,57.63026428222656,72.8499984741211,73.08000183105469,71.38999938964844,71.51000213623047,3711800
2018-04-30,57.43251037597656,72.5999984741211,73.69000244140625,72.48999786376953,72.80000305175781,4810200
2018-05-01,56.22215270996094,71.06999969482422,72.30000305175781,71.06999969482422,71.87000274658203,5619600
2018-05-02,56.522769927978516,71.44999694824219,71.5199966430664,69.44000244140625,70.61000061035156,4603400
2018-05-03,56.28546142578125,71.1500015258789,71.62999725341797,70.56999969482422,71.43000030517578,3217300
2018-05-04,56.20634078979492,71.05000305175781,71.38999938964844,69.93000030517578,70.6500015258789,2609500
2018-05-07,54.84568786621094,69.33000183105469,70.94000244140625,68.9000015258789,70.91999816894531,5927700
2018-05-08,54.916893005371094,69.41999816894531,70.01000213623047,69.04000091552734,69.30999755859375,3852300
2018-05-09,55.32033157348633,69.93000030517578,70.12000274658203,68.33000183105469,68.68000030517578,4122900
2018-05-10,55.5655632019043,70.23999786376953,70.5,69.16999816894531,69.75,3574200
2018-05-11,55.57347106933594,70.25,70.33000183105469,69.30000305175781,69.94000244140625,3032200
2018-05-14,57.66983413696289,72.9000015258789,73.12999725341797,70.58999633789062,70.63999938964844,7312700
2018-05-15,58.30813980102539,73.08000183105469,73.44999694824219,72.20999908447266,72.33000183105469,5000000
2018-05-16,60.023555755615234,75.2300033569336,75.69000244140625,73.94000244140625,73.9800033569336,8596200
2018-05-17,60.50226974487305,75.83000183105469,76.37999725341797,75.0999984741211,75.18000030517578,5476000
2018-05-18,60.59003829956055,75.94000244140625,76.55000305175781,75.5999984741211,76.19000244140625,4317600
2018-05-21,61.33205795288086,76.87000274658203,77.19000244140625,76.30000305175781,76.62999725341797,5073900
2018-05-22,60.21503829956055,75.47000122070312,77.62999725341797,75.19000244140625,77.0,7550100
2018-05-23,56.784210205078125,71.16999816894531,72.95999908447266,70.86000061035156,71.47000122070312,17346600
2018-05-24,56.6007080078125,70.94000244140625,71.52999877929688,70.08000183105469,71.25,8246300
2018-05-25,56.81614685058594,71.20999908447266,71.95999908447266,70.93000030517578,71.18000030517578,5984000
2018-05-29,57.207069396972656,71.69999694824219,71.76000213623047,70.69999694824219,71.0,6711000
2018-05-30,58.619300842285156,73.47000122070312,74.05000305175781,71.61000061035156,72.0,7652200
2018-05-31,58.15654754638672,72.88999938964844,73.5999984741211,72.37000274658203,73.1500015258789,6418900
2018-06-01,58.08473205566406,72.80000305175781,73.63999938964844,72.58000183105469,72.93000030517578,4017300
2018-06-04,60.91716384887695,76.3499984741211,76.81999969482422,73.23999786376953,73.25,7619000
2018-06-05,62.63258361816406,78.5,78.83999633789062,75.7699966430664,76.31999969482422,8824700
2018-06-06,62.153839111328125,77.9000015258789,78.79000091552734,77.63999938964844,78.5999984741211,4396700
2018-06-07,62.51288986206055,78.3499984741211,79.36000061035156,78.08000183105469,78.69999694824219,5668000
2018-06-08,62.24958038330078,78.0199966430664,78.94000244140625,77.86000061035156,78.19000244140625,4815200
2018-06-11,63.07937240600586,79.05999755859375,79.36000061035156,77.87999725341797,78.2699966430664,4291400
2018-06-12,63.087337493896484,79.06999969482422,79.58999633789062,78.36000061035156,79.4800033569336,4251900
2018-06-13,62.24958038330078,78.0199966430664,79.51000213623047,78.0,79.43000030517578,3502700
2018-06-14,61.61130142211914,77.22000122070312,78.81999969482422,77.0199966430664,78.22000122070312,4246800
2018-06-15,61.635257720947266,77.25,77.4000015258789,76.33999633789062,77.27999877929688,6780000
2018-06-18,61.531517028808594,77.12000274658203,77.91999816894531,76.19000244140625,76.33000183105469,3341000
2018-06-19,61.09268569946289,76.56999969482422,76.95999908447266,75.91999816894531,76.62999725341797,3926700
2018-06-20,60.15119171142578,75.38999938964844,77.23999786376953,74.5,77.16000366210938,5147600
2018-06-21,60.74958801269531,76.13999938964844,77.2300033569336,75.23999786376953,75.38999938964844,4261000
2018-06-22,60.66984176635742,76.04000091552734,76.87000274658203,75.58000183105469,76.7300033569336,3254500
2018-06-25,61.3081169128418,76.83999633789062,77.1500015258789,76.08999633789062,76.12000274658203,6191500
2018-06-26,60.90121841430664,76.33000183105469,77.08000183105469,76.23999786376953,76.6500015258789,3575900
2018-06-27,61.33205795288086,76.87000274658203,78.5,76.36000061035156,76.36000061035156,4328100
2018-06-28,60.318748474121094,75.5999984741211,77.11000061035156,75.0,76.73999786376953,4670700
2018-06-29,60.733673095703125,76.12000274658203,76.97000122070312,76.04000091552734,76.33000183105469,3438400
2018-07-02,60.454410552978516,75.7699966430664,76.1500015258789,74.77999877929688,75.75,3518800
2018-07-03,61.140560150146484,76.62999725341797,77.5,75.95999908447266,75.9800033569336,1993300
2018-07-05,61.076751708984375,76.55000305175781,76.87999725341797,75.58999633789062,76.7300033569336,2772100
2018-07-06,61.26822280883789,76.79000091552734,77.12999725341797,75.44999694824219,76.19999694824219,2380600
2018-07-09,62.04216384887695,77.76000213623047,78.26000213623047,77.0999984741211,77.1500015258789,3397100
2018-07-10,62.47300338745117,78.30000305175781,78.4800033569336,77.75,78.02999877929688,3831400
2018-07-11,61.89853286743164,77.58000183105469,78.20999908447266,76.95999908447266,77.88999938964844,3001100
2018-07-12,61.03684616088867,76.5,78.18000030517578,75.9800033569336,78.18000030517578,3472600
2018-07-13,62.010250091552734,77.72000122070312,78.37000274658203,76.95999908447266,76.95999908447266,2958900
2018-07-16,61.60332489013672,77.20999908447266,77.72000122070312,76.19000244140625,77.5,3405600
2018-07-17,61.65119171142578,77.2699966430664,78.19000244140625,76.87000274658203,77.02999877929688,3179100
2018-07-18,61.31610107421875,76.8499984741211,77.80999755859375,76.62000274658203,77.41999816894531,4161000
2018-07-19,62.60065460205078,78.45999908447266,78.83999633789062,77.04000091552734,77.08999633789062,5180200
2018-07-20,62.04216384887695,77.76000213623047,78.63999938964844,77.62999725341797,78.27999877929688,2896300
2018-07-23,62.7841796875,78.69000244140625,78.93000030517578,77.87999725341797,77.94999694824219,3415900
2018-07-24,63.31873321533203,79.36000061035156,80.05999755859375,78.8499984741211,78.94999694824219,5504400
2018-07-25,63.8213996887207,79.98999786376953,80.18000030517578,79.16000366210938,79.5999984741211,3655700
2018-07-26,63.71766662597656,79.86000061035156,81.29000091552734,79.54000091552734,79.95999908447266,4409300
2018-07-27,63.93309783935547,80.12999725341797,81.0,79.66000366210938,80.44999694824219,3361600
2018-07-30,64.7947998046875,81.20999908447266,81.29000091552734,80.19000244140625,80.19000244140625,3781800
2018-07-31,64.3719253540039,80.68000030517578,81.29000091552734,80.52999877929688,81.0199966430664,3959500
2018-08-01,62.991615295410156,78.94999694824219,80.91000366210938,78.33999633789062,80.5999984741211,4204800
2018-08-02,64.43578338623047,80.76000213623047,80.94000244140625,78.80999755859375,78.93000030517578,4180100
2018-08-03,64.98628997802734,81.44999694824219,81.94999694824219,81.01000213623047,81.04000091552734,3142400
2018-08-06,65.11392211914062,81.61000061035156,81.77999877929688,81.08000183105469,81.19000244140625,2467200
2018-08-07,65.61659240722656,82.23999786376953,82.80000305175781,81.80000305175781,81.95999908447266,2910700
2018-08-08,65.73625946044922,82.38999938964844,82.51000213623047,81.68000030517578,82.23999786376953,2674100
2018-08-09,65.91979217529297,82.62000274658203,83.05999755859375,82.2300033569336,82.51000213623047,3025200
2018-08-10,65.99159240722656,82.70999908447266,83.16999816894531,82.2300033569336,82.30000305175781,2343300
2018-08-13,65.47295379638672,82.05999755859375,83.19000244140625,81.6500015258789,82.98999786376953,3895600
2018-08-14,66.4861831665039,82.68000030517578,82.88999938964844,82.01000213623047,82.0999984741211,4680400
2018-08-15,64.8859634399414,80.69000244140625,82.11000061035156,79.37000274658203,82.01000213623047,6191700
2018-08-16,65.99567413330078,82.06999969482422,82.41000366210938,81.11000061035156,82.08999633789062,6603600
2018-08-17,66.77568817138672,83.04000091552734,84.13999938964844,82.3499984741211,82.44999694824219,7431500
2018-08-20,67.0008544921875,83.31999969482422,83.47000122070312,82.52999877929688,83.19999694824219,5699300
2018-08-21,66.96064758300781,83.2699966430664,83.72000122070312,82.44000244140625,83.37999725341797,8030000
2018-08-22,69.1076889038086,85.94000244140625,88.88999938964844,84.4800033569336,88.05000305175781,19633800
2018-08-23,69.72686767578125,86.70999908447266,87.19000244140625,85.8499984741211,86.25,7409600
2018-08-24,70.20935821533203,87.30999755859375,87.7300033569336,86.13999938964844,86.44000244140625,4505200
2018-08-27,69.63841247558594,86.5999984741211,87.58999633789062,86.22000122070312,87.37999725341797,3940300
2018-08-28,69.71882629394531,86.69999694824219,87.62999725341797,86.44999694824219,86.95999908447266,3953800
2018-08-29,70.46666717529297,87.62999725341797,87.75,86.20999908447266,86.91999816894531,3307100
2018-08-30,70.20935821533203,87.30999755859375,87.7300033569336,86.7699966430664,87.01000213623047,2940500
2018-08-31,70.36214447021484,87.5,87.58999633789062,86.80000305175781,86.80000305175781,3469400
2018-09-04,71.52815246582031,88.94999694824219,88.9800033569336,87.41000366210938,87.41000366210938,3562700
2018-09-05,71.24669647216797,88.5999984741211,89.41999816894531,88.1500015258789,88.93000030517578,7113900
2018-09-06,71.47184753417969,88.87999725341797,90.19999694824219,88.80000305175781,89.19999694824219,4504900
2018-09-07,71.35926818847656,88.73999786376953,89.98999786376953,88.20999908447266,88.9800033569336,4614900
2018-09-10,71.77743530273438,89.26000213623047,90.38999938964844,88.91999816894531,89.4000015258789,4156000
2018-09-11,71.40753936767578,88.80000305175781,89.83000183105469,88.7300033569336,89.38999938964844,3070200
2018-09-12,71.28691864013672,88.6500015258789,89.19999694824219,88.2699966430664,88.94000244140625,2920500
2018-09-13,70.82855987548828,88.08000183105469,88.94000244140625,87.94999694824219,88.62999725341797,3756500
2018-09-14,70.7159652709961,87.94000244140625,88.5199966430664,87.54000091552734,88.12000274658203,3433300
2018-09-17,70.18525695800781,87.27999877929688,88.20999908447266,87.13999938964844,88.18000030517578,2857300
2018-09-18,70.50691223144531,87.68000030517578,87.97000122070312,86.6500015258789,86.95999908447266,5014100
2018-09-19,70.08875274658203,87.16000366210938,87.94000244140625,86.37999725341797,87.68000030517578,3218500
2018-09-20,70.2656478881836,87.37999725341797,87.63999938964844,86.72000122070312,87.37000274658203,3242100
2018-09-21,70.20935821533203,87.30999755859375,88.66000366210938,87.05999755859375,87.52999877929688,6707500
2018-09-24,70.15306091308594,87.23999786376953,88.52999877929688,87.04000091552734,87.20999908447266,3475700
2018-09-25,70.20935821533203,87.30999755859375,87.98999786376953,86.86000061035156,87.41999816894531,2949600
2018-09-26,70.67578125,87.88999938964844,88.37000274658203,87.26000213623047,87.44999694824219,3880100
2018-09-27,70.37017822265625,87.51000213623047,88.23999786376953,87.37999725341797,87.83999633789062,3075800
2018-09-28,70.93306732177734,88.20999908447266,88.29000091552734,87.4800033569336,87.66000366210938,3924000
2018-10-01,71.14214324951172,88.47000122070312,88.79000091552734,88.20999908447266,88.33000183105469,3154800
2018-10-02,69.6545181274414,86.62000274658203,89.38999938964844,86.41999816894531,88.36000061035156,4258800
2018-10-03,69.1318130493164,85.97000122070312,86.75,85.6500015258789,86.7300033569336,4270700
2018-10-04,68.22311401367188,84.83999633789062,86.5199966430664,84.41999816894531,85.83999633789062,5473200
2018-10-05,67.9658203125,84.5199966430664,85.2300033569336,83.80999755859375,84.8499984741211,5075200
2018-10-08,68.67346954345703,85.4000015258789,85.55999755859375,84.16999816894531,84.38999938964844,3732000
2018-10-09,68.8825454711914,85.66000366210938,86.80000305175781,85.48999786376953,85.48999786376953,3330900
2018-10-10,68.51262664794922,85.19999694824219,86.80999755859375,85.06999969482422,85.66999816894531,4952600
2018-10-11,66.58269500732422,82.80000305175781,86.12999725341797,82.69999694824219,85.41999816894531,5091000
2018-10-12,68.03819274902344,84.61000061035156,85.76000213623047,83.7699966430664,84.08999633789062,5128900
2018-10-15,68.03014373779297,84.5999984741211,85.30999755859375,84.31999969482422,84.55999755859375,3345500
2018-10-16,69.0031509399414,85.80999755859375,86.06999969482422,84.55000305175781,85.13999938964844,2691700
2018-10-17,67.88539123535156,84.41999816894531,85.94999694824219,83.54000091552734,85.55999755859375,4191800
2018-10-18,67.03301239013672,83.36000061035156,84.58000183105469,82.0,83.58999633789062,4242600
2018-10-19,65.9554672241211,82.0199966430664,83.7699966430664,81.91999816894531,83.7300033569336,5464400
2018-10-22,66.928466796875,83.2300033569336,83.77999877929688,82.5,82.5,3420200
2018-10-23,66.4781494140625,82.66999816894531,82.94999694824219,81.06999969482422,81.27999877929688,4517500
2018-10-24,66.15648651123047,82.2699966430664,84.30000305175781,82.11000061035156,82.58999633789062,5098800
2018-10-25,67.41095733642578,83.83000183105469,84.58000183105469,82.6500015258789,83.18000030517578,5311600
2018-10-26,65.89114379882812,81.94000244140625,84.26000213623047,81.80999755859375,83.72000122070312,6128800
2018-10-29,67.62806701660156,84.0999984741211,85.5199966430664,82.51000213623047,82.77999877929688,5353000
2018-10-30,68.97099304199219,85.7699966430664,86.47000122070312,84.55000305175781,84.80000305175781,5767600
2018-10-31,67.25010681152344,83.62999725341797,86.47000122070312,83.5199966430664,86.47000122070312,6674200
2018-11-01,67.73262023925781,84.2300033569336,84.37999725341797,82.9800033569336,83.51000213623047,4388600
2018-11-02,67.8773422241211,84.41000366210938,85.66999816894531,83.45999908447266,84.76000213623047,3637600
2018-11-05,68.63324737548828,85.3499984741211,85.5199966430664,84.11000061035156,84.55999755859375,3670700
2018-11-06,68.82623291015625,85.58999633789062,85.66999816894531,84.93000030517578,85.44000244140625,3837700
2018-11-07,69.76708221435547,86.76000213623047,87.66000366210938,85.76000213623047,87.51000213623047,6778300
2018-11-08,70.44255065917969,87.5999984741211,87.86000061035156,86.79000091552734,87.0,4477900
2018-11-09,69.91181945800781,86.94000244140625,87.93000030517578,86.66999816894531,87.44000244140625,3490000
2018-11-12,68.72975158691406,85.47000122070312,87.29000091552734,85.23999786376953,87.16999816894531,4720800
2018-11-13,67.80499267578125,84.31999969482422,85.9800033569336,83.94000244140625,85.62000274658203,4328400
2018-11-14,66.84805297851562,83.12999725341797,85.5999984741211,82.61000061035156,84.5199966430664,5625500
2018-11-15,64.9422836303711,80.76000213623047,82.8499984741211,80.06999969482422,82.8499984741211,7119000
2018-11-16,64.07380676269531,79.68000030517578,80.16000366210938,78.20999908447266,79.44999694824219,8260900
2018-11-19,62.5539665222168,77.79000091552734,80.4000015258789,77.55999755859375,79.93000030517578,9144000
2018-11-20,55.97018814086914,69.02999877929688,71.5,66.12000274658203,67.98999786376953,20866400
2018-11-21,56.156673431396484,69.26000213623047,70.25,68.08000183105469,70.0,11724700
2018-11-23,54.60801315307617,67.3499984741211,69.37000274658203,67.20999908447266,69.19000244140625,5652600
2018-11-26,56.1485710144043,69.25,69.33999633789062,68.06999969482422,68.06999969482422,10028800
2018-11-27,57.875579833984375,71.37999725341797,71.98999786376953,68.68000030517578,69.08999633789062,13392500
2018-11-28,58.28099060058594,71.87999725341797,71.88999938964844,69.81999969482422,71.38999938964844,8457200
2018-11-29,57.705318450927734,71.16999816894531,71.54000091552734,69.76000213623047,71.44999694824219,6718400
2018-11-30,57.53504180908203,70.95999908447266,71.66999816894531,70.33999633789062,70.94000244140625,7100400
2018-12-03,58.65396499633789,72.33999633789062,72.63999938964844,70.80999755859375,72.43000030517578,7747600
2018-12-04,56.197208404541016,69.30999755859375,72.4800033569336,68.5,72.05999755859375,9762000
2018-12-06,56.38370132446289,69.54000091552734,69.5999984741211,67.3499984741211,68.69999694824219,6304400
2018-12-07,54.980995178222656,67.80999755859375,69.87000274658203,67.33000183105469,69.16999816894531,5471500
2018-12-10,55.39451217651367,68.31999969482422,68.52999877929688,66.56999969482422,67.76000213623047,5750900
2018-12-11,54.14585876464844,66.77999877929688,68.80999755859375,66.06999969482422,68.73999786376953,5756500
2018-12-12,54.96478271484375,67.79000091552734,68.31999969482422,67.25,67.8499984741211,5451300
2018-12-13,54.06478500366211,66.68000030517578,68.66999816894531,65.95999908447266,67.41999816894531,5866800
2018-12-14,54.46207809448242,67.16999816894531,67.91999816894531,66.0199966430664,66.19999694824219,6471700
2018-12-17,52.15127182006836,64.31999969482422,66.70999908447266,63.7599983215332,66.69999694824219,8576400
2018-12-18,52.95397186279297,65.30999755859375,65.77999877929688,64.56999969482422,64.72000122070312,7074300
2018-12-19,50.94316864013672,62.83000183105469,65.94999694824219,62.470001220703125,65.83999633789062,6705300
2018-12-20,50.02694320678711,61.70000076293945,63.33000183105469,60.7400016784668,62.650001525878906,8216200
2018-12-21,49.56477737426758,61.130001068115234,63.5099983215332,60.810001373291016,61.77000045776367,8825100
2018-12-24,49.90533447265625,61.54999923706055,62.709999084472656,60.150001525878906,60.709999084472656,3623400
2018-12-26,52.79181671142578,65.11000061035156,65.2300033569336,61.9900016784668,62.400001525878906,6157300
2018-12-27,52.46747970581055,64.70999908447266,64.88999938964844,62.15999984741211,64.37000274658203,5706000
2018-12-28,52.6701774597168,64.95999908447266,65.87999725341797,64.43000030517578,65.18000030517578,4193200
2018-12-31,53.586402893066406,66.08999633789062,66.18000030517578,65.22000122070312,65.33000183105469,4178500
2019-01-02,53.87019729614258,66.44000244140625,66.8499984741211,64.76000213623047,65.05999755859375,4549300
2019-01-03,53.13234329223633,65.52999877929688,66.62999725341797,65.41000366210938,66.12999725341797,4562200
2019-01-04,53.86207580566406,66.43000030517578,66.87999725341797,65.44999694824219,66.23999786376953,4825900
2019-01-07,56.49720764160156,69.68000030517578,69.87999725341797,66.80999755859375,66.80999755859375,7630600
2019-01-08,56.44047164916992,69.61000061035156,70.4800033569336,68.30999755859375,70.18000030517578,6756000
2019-01-09,56.991817474365234,70.29000091552734,70.9800033569336,68.77999877929688,69.37999725341797,6025100
2019-01-10,55.37019348144531,68.29000091552734,68.33000183105469,66.52999877929688,67.94999694824219,13913700
2019-01-11,56.44047164916992,69.61000061035156,70.04000091552734,68.05999755859375,68.30000305175781,5025900
2019-01-14,55.81614303588867,68.83999633789062,69.8499984741211,68.62999725341797,69.1500015258789,4568000
2019-01-15,55.305320739746094,68.20999908447266,68.76000213623047,67.80000305175781,68.76000213623047,3770000
2019-01-16,55.01343536376953,67.8499984741211,68.62999725341797,67.5999984741211,68.05999755859375,4888700
2019-01-17,56.24587631225586,69.37000274658203,69.66000366210938,67.16999816894531,67.51000213623047,4133200
2019-01-18,57.308021545410156,70.68000030517578,70.87999725341797,69.83000183105469,69.97000122070312,4484100
2019-01-22,56.98368835449219,70.27999877929688,71.04000091552734,69.66000366210938,70.37999725341797,5763900
2019-01-23,57.01613235473633,70.31999969482422,71.44999694824219,69.33000183105469,70.83999633789062,4446600
2019-01-24,57.251258850097656,70.61000061035156,70.9000015258789,69.81999969482422,70.55000305175781,4057000
2019-01-25,58.69449996948242,72.38999938964844,72.44000244140625,70.94000244140625,71.05000305175781,5544200
2019-01-28,58.47557830810547,72.12000274658203,72.22000122070312,71.20999908447266,72.0199966430664,3511100
2019-01-29,58.135032653808594,71.69999694824219,72.19000244140625,71.30000305175781,72.12000274658203,3320600
2019-01-30,58.645877838134766,72.33000183105469,72.6500015258789,71.30999755859375,72.30000305175781,3789300
2019-01-31,59.18911361694336,73.0,73.06999969482422,72.06999969482422,72.30999755859375,6699400
2019-02-01,57.705318450927734,71.16999816894531,73.0999984741211,70.45999908447266,73.0999984741211,5916200
2019-02-04,58.735042572021484,72.44000244140625,72.55999755859375,70.80999755859375,71.20999908447266,3622300
2019-02-05,59.00260543823242,72.7699966430664,73.05000305175781,72.25,72.70999908447266,3526200
2019-02-06,58.79180145263672,72.51000213623047,72.73999786376953,71.87000274658203,72.62999725341797,3399300
2019-02-07,58.2647705078125,71.86000061035156,72.54000091552734,71.4800033569336,72.04000091552734,3711600
2019-02-08,57.47018814086914,70.87999725341797,72.18000030517578,70.73999786376953,71.69999694824219,4146200
2019-02-11,56.878292083740234,70.1500015258789,70.79000091552734,69.06999969482422,70.77999877929688,6661000
2019-02-12,57.08910369873047,70.41000366210938,71.18000030517578,70.26000213623047,70.69999694824219,4505500
2019-02-13,58.8404541015625,72.56999969482422,72.76000213623047,69.97000122070312,70.61000061035156,7186900
2019-02-14,58.52424621582031,72.18000030517578,72.98999786376953,71.11000061035156,71.7300033569336,4624800
2019-02-15,59.05936050415039,72.83999633789062,73.37999725341797,72.22000122070312,72.55999755859375,3835800
2019-02-19,59.95915603637695,73.30000305175781,73.70999908447266,72.0199966430664,72.93000030517578,6868000
2019-02-20,59.476531982421875,72.70999908447266,73.62999725341797,72.48999786376953,73.43000030517578,5005600
2019-02-21,58.92031478881836,72.02999877929688,72.97000122070312,71.68000030517578,72.76000213623047,3985000
2019-02-22,59.100276947021484,72.25,72.63999938964844,71.80000305175781,72.20999908447266,3144800
2019-02-25,59.79557418823242,73.0999984741211,73.58999633789062,72.61000061035156,72.83000183105469,7782000
2019-02-26,59.13298797607422,72.29000091552734,73.22000122070312,71.70999908447266,72.91999816894531,5370900
2019-02-27,59.73011016845703,73.0199966430664,73.4800033569336,72.30000305175781,72.30999755859375,5164400
2019-02-28,59.41929244995117,72.63999938964844,73.12000274658203,72.2699966430664,73.12000274658203,5375600
2019-03-01,59.664703369140625,72.94000244140625,74.45999908447266,71.95999908447266,73.58999633789062,6833800
2019-03-04,59.443817138671875,72.66999816894531,73.97000122070312,72.44999694824219,73.44999694824219,7383800
2019-03-05,62.167762756347656,76.0,76.55999755859375,74.12000274658203,76.48999786376953,17015100
2019-03-06,62.903961181640625,76.9000015258789,77.44000244140625,76.12999725341797,76.81999969482422,7874200
2019-03-07,62.30682373046875,76.16999816894531,76.98999786376953,75.5199966430664,76.33000183105469,5617900
2019-03-08,62.012332916259766,75.80999755859375,75.94999694824219,74.79000091552734,75.87999725341797,4581900
2019-03-11,62.388607025146484,76.2699966430664,76.30000305175781,75.44000244140625,75.81999969482422,3435900
2019-03-12,62.31500244140625,76.18000030517578,76.5,75.7699966430664,76.44000244140625,3646200
2019-03-13,63.08391189575195,77.12000274658203,77.37000274658203,76.18000030517578,76.26000213623047,3796600
2019-03-14,62.56858444213867,76.48999786376953,76.80000305175781,76.05000305175781,76.66000366210938,3779500
2019-03-15,62.7076301574707,76.66000366210938,76.87999725341797,76.06999969482422,76.7300033569336,5274100
2019-03-18,63.70557403564453,77.87999725341797,78.01000213623047,76.91999816894531,76.91999816894531,3923500
2019-03-19,64.1800308227539,78.45999908447266,78.7699966430664,78.01000213623047,78.33000183105469,4192300
2019-03-20,63.4274787902832,77.54000091552734,78.44999694824219,77.4000015258789,78.43000030517578,4325300
2019-03-21,65.0225601196289,79.48999786376953,79.93000030517578,78.19999694824219,78.19999694824219,5322000
2019-03-22,64.06549072265625,78.31999969482422,79.58999633789062,78.25,79.1500015258789,3174500
2019-03-25,64.23729705810547,78.52999877929688,79.27999877929688,78.05000305175781,78.30999755859375,2911400
2019-03-26,65.13707733154297,79.62999725341797,80.02999877929688,79.05000305175781,79.16000366210938,3493600
2019-03-27,65.29248809814453,79.81999969482422,80.63999938964844,79.55000305175781,79.68000030517578,3609400
2019-03-28,65.70149230957031,80.31999969482422,81.55999755859375,79.87000274658203,80.08999633789062,5394100
2019-03-29,65.65240478515625,80.26000213623047,80.7699966430664,79.8499984741211,80.73999786376953,3886600
2019-04-01,65.41520690917969,79.97000122070312,80.61000061035156,79.30000305175781,80.61000061035156,4733900
2019-04-02,64.99801635742188,79.45999908447266,80.26000213623047,79.36000061035156,79.5999984741211,2909200
2019-04-03,64.87532043457031,79.30999755859375,79.86000061035156,79.19000244140625,79.73999786376953,3251700
2019-04-04,66.56861114501953,81.37999725341797,81.55999755859375,79.16000366210938,79.18000030517578,4396200
2019-04-05,66.20867156982422,80.94000244140625,81.58000183105469,80.5999984741211,81.05999755859375,4234600
2019-04-08,67.01849365234375,81.93000030517578,82.2300033569336,80.86000061035156,80.91000366210938,4609000
2019-04-09,65.97962188720703,80.66000366210938,81.37999725341797,80.37000274658203,81.18000030517578,4863800
2019-04-10,66.05325317382812,80.75,81.41000366210938,80.23999786376953,80.93000030517578,2265400
2019-04-11,65.80782318115234,80.44999694824219,81.08000183105469,80.13999938964844,80.69999694824219,2627800
2019-04-12,66.0368881225586,80.7300033569336,81.5,80.44000244140625,81.0,3517200
2019-04-15,67.05940246582031,81.9800033569336,82.12999725341797,80.69000244140625,80.83999633789062,3306200
2019-04-16,67.05120086669922,81.97000122070312,82.45999908447266,81.6500015258789,82.38999938964844,2663600
2019-04-17,67.6319580078125,82.68000030517578,83.4000015258789,82.30000305175781,82.4000015258789,3045000
2019-04-18,68.10641479492188,83.26000213623047,83.4800033569336,82.44000244140625,82.76000213623047,3162700
2019-04-22,67.09208679199219,82.0199966430664,83.6500015258789,81.93000030517578,83.16000366210938,3331200
2019-04-23,67.20661163330078,82.16000366210938,82.26000213623047,80.29000091552734,81.63999938964844,6238500
2019-04-24,67.79557037353516,82.87999725341797,83.33999633789062,81.66999816894531,81.66999816894531,2660000
2019-04-25,66.86305236816406,81.73999786376953,82.79000091552734,81.6500015258789,82.79000091552734,3797000
2019-04-26,63.08391189575195,77.12000274658203,78.36000061035156,74.7300033569336,77.12000274658203,12352800
2019-04-29,63.64016342163086,77.80000305175781,78.4800033569336,76.97000122070312,78.41999816894531,9097000
2019-04-30,63.32931137084961,77.41999816894531,78.13999938964844,77.01000213623047,78.05999755859375,5339800
2019-05-01,61.89781951904297,75.66999816894531,78.04000091552734,75.62000274658203,77.80000305175781,5463200
2019-05-02,62.511322021484375,76.41999816894531,77.0,75.73999786376953,76.08000183105469,4456300
2019-05-03,62.11867141723633,75.94000244140625,77.0,75.31999969482422,75.97000122070312,5774300
2019-05-06,62.151390075683594,75.9800033569336,76.1500015258789,74.75,75.0,4008600
2019-05-07,61.38248062133789,75.04000091552734,75.81999969482422,74.47000122070312,75.44999694824219,4437200
2019-05-08,61.68514633178711,75.41000366210938,75.77999877929688,74.30000305175781,75.12000274658203,3997700
2019-05-09,61.43975067138672,75.11000061035156,75.55999755859375,74.2300033569336,74.94999694824219,4549300
2019-05-10,61.05527877807617,74.63999938964844,75.08999633789062,73.33000183105469,74.66000366210938,5200300
2019-05-13,58.63402557373047,71.68000030517578,73.52999877929688,71.37000274658203,73.29000091552734,6055200
2019-05-14,58.815589904785156,71.26000213623047,71.7699966430664,70.02999877929688,70.97000122070312,8063100
2019-05-15,58.444190979003906,70.80999755859375,71.22000122070312,70.26000213623047,70.94000244140625,5578900
2019-05-16,58.41942596435547,70.77999877929688,71.94000244140625,70.61000061035156,71.48999786376953,4476200
2019-05-17,58.51020812988281,70.88999938964844,71.58999633789062,70.08999633789062,70.13999938964844,3891200
2019-05-20,59.49238967895508,72.08000183105469,72.31999969482422,71.0999984741211,71.41999816894531,5750100
2019-05-21,59.393348693847656,71.95999908447266,72.94999694824219,70.70999908447266,71.26000213623047,7705900
2019-05-22,64.01539611816406,77.55999755859375,79.19000244140625,76.80000305175781,77.01000213623047,20777800
2019-05-23,65.53409576416016,79.4000015258789,79.58999633789062,76.81999969482422,77.80999755859375,11619600
2019-05-24,67.32513427734375,81.56999969482422,81.66000366210938,79.58000183105469,79.5999984741211,7851700
2019-05-28,66.66482543945312,80.7699966430664,82.25,80.69000244140625,81.77999877929688,6522700
2019-05-29,65.73213958740234,79.63999938964844,80.19000244140625,79.12999725341797,80.02999877929688,5772200
2019-05-30,66.3511962890625,80.38999938964844,80.79000091552734,79.9000015258789,80.01000213623047,3996900
2019-05-31,66.40069580078125,80.44999694824219,80.58999633789062,79.41000366210938,79.79000091552734,4137000
2019-06-03,68.4641342163086,82.94999694824219,83.76000213623047,80.55999755859375,80.5999984741211,7071800
2019-06-04,70.85770416259766,85.8499984741211,85.95999908447266,83.25,83.3499984741211,7952700
2019-06-05,70.56055450439453,85.48999786376953,87.41000366210938,85.12999725341797,86.37999725341797,6744500
2019-06-06,70.73387145996094,85.69999694824219,86.04000091552734,84.69999694824219,85.4800033569336,4558400
2019-06-07,71.68305206298828,86.8499984741211,87.43000030517578,86.05000305175781,86.26000213623047,5214100
2019-06-10,72.26082611083984,87.55000305175781,87.9800033569336,87.1500015258789,87.33999633789062,3019500
2019-06-11,72.50841522216797,87.8499984741211,88.63999938964844,87.62999725341797,88.0,4285000
2019-06-12,72.8468246459961,88.26000213623047,88.38999938964844,87.58999633789062,87.91000366210938,3650900
2019-06-13,72.87982177734375,88.30000305175781,89.1500015258789,87.97000122070312,88.45999908447266,3200300
2019-06-14,72.45889282226562,87.79000091552734,88.7300033569336,87.2699966430664,88.33000183105469,4300800
2019-06-17,71.92239379882812,87.13999938964844,87.5999984741211,86.27999877929688,87.45999908447266,4194500
2019-06-18,71.36941528320312,86.47000122070312,87.61000061035156,86.27999877929688,87.51000213623047,4389100
2019-06-19,71.1135482788086,86.16000366210938,86.75,85.62999725341797,86.54000091552734,4088200
2019-06-20,71.15482330322266,86.20999908447266,86.69000244140625,85.4800033569336,86.66000366210938,3814800
2019-06-21,72.30207824707031,87.5999984741211,88.5999984741211,86.05999755859375,86.36000061035156,7847600
2019-06-24,71.57577514648438,86.72000122070312,87.98999786376953,86.44999694824219,87.45999908447266,3059000
2019-06-25,70.73387145996094,85.69999694824219,87.25,85.55999755859375,87.13999938964844,5061300
2019-06-26,70.6430892944336,85.58999633789062,86.5999984741211,85.52999877929688,86.05999755859375,2978100
2019-06-27,70.87419128417969,85.87000274658203,86.19000244140625,85.29000091552734,85.61000061035156,2941600
2019-06-28,71.48497772216797,86.61000061035156,87.12999725341797,85.75,85.80000305175781,5284100
2019-07-01,71.7573471069336,86.94000244140625,88.83999633789062,86.01000213623047,87.55000305175781,4780700
2019-07-02,71.83987426757812,87.04000091552734,87.05000305175781,86.23999786376953,86.91000366210938,2323600
2019-07-03,72.54967498779297,87.9000015258789,87.9800033569336,87.41999816894531,87.5,1532900
2019-07-05,73.16046905517578,88.63999938964844,88.77999877929688,87.44000244140625,87.75,2032000
2019-07-08,73.38330841064453,88.91000366210938,89.41000366210938,87.94999694824219,88.55000305175781,4734400
2019-07-09,72.4671401977539,87.80000305175781,89.4000015258789,87.80000305175781,88.47000122070312,3986900
2019-07-10,70.85770416259766,85.8499984741211,88.0,85.68000030517578,87.8499984741211,5638400
2019-07-11,71.36941528320312,86.47000122070312,87.22000122070312,86.05999755859375,86.4000015258789,5307700
2019-07-12,72.24429321289062,87.52999877929688,88.87999725341797,86.7300033569336,87.05000305175781,4732000
2019-07-15,71.64176940917969,86.80000305175781,88.20999908447266,86.44999694824219,87.55000305175781,3174200
2019-07-16,72.8880844116211,88.30999755859375,88.81999969482422,87.0999984741211,87.41999816894531,5276900
2019-07-17,72.51668548583984,87.86000061035156,88.12000274658203,87.20999908447266,88.05000305175781,3671100
2019-07-18,73.04490661621094,88.5,88.5199966430664,87.02999877929688,87.51000213623047,3847300
2019-07-19,72.64048767089844,88.01000213623047,89.13999938964844,88.0,88.83999633789062,3420400
2019-07-22,71.98844146728516,87.22000122070312,88.63999938964844,86.87999725341797,88.25,2850200
2019-07-23,73.07793426513672,88.54000091552734,88.55999755859375,86.69000244140625,87.75,4304000
2019-07-24,73.5318832397461,89.08999633789062,89.51000213623047,87.72000122070312,88.0199966430664,3204700
2019-07-25,72.60746765136719,87.97000122070312,89.02999877929688,87.41999816894531,88.81999969482422,3603500
2019-07-26,71.85637664794922,87.05999755859375,87.83999633789062,86.37000274658203,87.83999633789062,5315900
2019-07-29,71.99669647216797,87.2300033569336,87.45999908447266,86.66000366210938,87.16000366210938,3328800
2019-07-30,71.70781707763672,86.87999725341797,87.29000091552734,86.22000122070312,87.2699966430664,2733400
2019-07-31,71.31163024902344,86.4000015258789,87.51000213623047,85.83000183105469,86.83000183105469,4470600
2019-08-01,68.19173431396484,82.62000274658203,87.04000091552734,81.02999877929688,86.19000244140625,7100500
2019-08-02,67.28384399414062,81.5199966430664,82.7300033569336,81.44999694824219,82.52999877929688,5134500
2019-08-05,66.68134307861328,80.79000091552734,81.56999969482422,80.02999877929688,81.30000305175781,7255600
2019-08-06,68.31553649902344,82.7699966430664,83.20999908447266,80.7699966430664,81.16000366210938,5546300
2019-08-07,68.5136489868164,83.01000213623047,83.25,81.12999725341797,81.94000244140625,4762100
2019-08-08,69.16567993164062,83.80000305175781,84.62000274658203,82.9800033569336,83.7300033569336,4464100
2019-08-09,68.01842498779297,82.41000366210938,84.37000274658203,82.05000305175781,83.5,4966300
2019-08-12,67.70480346679688,82.02999877929688,82.16000366210938,81.05000305175781,81.31999969482422,5194200
2019-08-13,69.52885437011719,84.23999786376953,86.63999938964844,81.20999908447266,81.5999984741211,8412100
2019-08-14,67.5892333984375,81.88999938964844,83.22000122070312,81.1500015258789,81.86000061035156,7011500
2019-08-15,68.1422348022461,82.55999755859375,84.05000305175781,82.01000213623047,83.36000061035156,5389000
2019-08-16,69.50408172607422,84.20999908447266,84.45999908447266,83.16999816894531,83.30000305175781,4861100
2019-08-19,71.46021270751953,86.58000183105469,86.87999725341797,85.70999908447266,86.5,7353800
2019-08-20,71.13582611083984,85.52999877929688,87.12000274658203,85.52999877929688,86.2300033569336,8797200
2019-08-21,85.66575622558594,103.0,103.37999725341797,98.12999725341797,99.87000274658203,41449400
2019-08-22,88.42701721191406,106.31999969482422,106.5199966430664,103.37999725341797,105.38999938964844,17105700
2019-08-23,86.07328796386719,103.48999786376953,105.94000244140625,103.25,104.7699966430664,8989600
2019-08-26,87.13787841796875,104.7699966430664,105.73999786376953,103.7699966430664,104.91000366210938,5583100
2019-08-27,87.07965850830078,104.69999694824219,105.0999984741211,104.26000213623047,105.01000213623047,5319900
2019-08-28,88.4935531616211,106.4000015258789,106.72000122070312,104.5,104.66999816894531,6641000
2019-08-29,89.76605987548828,107.93000030517578,108.55000305175781,106.93000030517578,107.98999786376953,5196600
2019-08-30,89.02583312988281,107.04000091552734,109.33000183105469,106.83000183105469,108.5,5309000
2019-09-03,88.75138092041016,106.70999908447266,107.4800033569336,106.01000213623047,106.7699966430664,3992100
2019-09-04,89.29199981689453,107.36000061035156,107.91999816894531,106.80999755859375,107.0,3963700
2019-09-05,90.27340698242188,108.54000091552734,109.4000015258789,108.22000122070312,109.23999786376953,4144400
2019-09-06,91.3629379272461,109.8499984741211,110.94000244140625,108.80000305175781,108.94999694824219,5274400
2019-09-09,89.7826919555664,107.94999694824219,110.2699966430664,107.5199966430664,109.5999984741211,5005500
2019-09-10,90.51459503173828,108.83000183105469,108.83000183105469,106.83999633789062,107.41000366210938,3949200
2019-09-11,90.63103485107422,108.97000122070312,109.51000213623047,107.88999938964844,108.69999694824219,3704700
2019-09-12,90.6060791015625,108.94000244140625,109.72000122070312,108.55000305175781,109.43000030517578,3185700
2019-09-13,89.81596374511719,107.98999786376953,109.16999816894531,107.83000183105469,109.06999969482422,2508300
2019-09-16,88.95931243896484,106.95999908447266,107.94000244140625,106.30000305175781,107.25,4642500
2019-09-17,89.2254638671875,107.27999877929688,107.45999908447266,106.18000030517578,106.62999725341797,4325800
2019-09-18,88.96762084960938,106.97000122070312,107.69000244140625,106.01000213623047,107.12000274658203,2950900
2019-09-19,89.71617126464844,107.87000274658203,108.73999786376953,106.87999725341797,108.55000305175781,2938700
2019-09-20,88.7181167602539,106.66999816894531,108.55000305175781,106.5999984741211,108.30999755859375,4199800
2019-09-23,90.47300720214844,108.77999877929688,110.41000366210938,107.20999908447266,107.41999816894531,4945300
2019-09-24,89.36683654785156,107.44999694824219,110.19999694824219,107.08000183105469,110.19999694824219,5397700
2019-09-25,88.82622528076172,106.80000305175781,108.12999725341797,106.62000274658203,107.06999969482422,3934100
2019-09-26,88.40206146240234,106.29000091552734,107.4000015258789,104.68000030517578,106.9000015258789,5166600
2019-09-27,88.26067352294922,106.12000274658203,106.80999755859375,105.52999877929688,105.94999694824219,3188600
2019-09-30,88.91771697998047,106.91000366210938,107.38999938964844,106.41999816894531,106.66999816894531,3639000
2019-10-01,88.11097717285156,105.94000244140625,108.13999938964844,105.86000061035156,107.33000183105469,3557400
2019-10-02,87.46224975585938,105.16000366210938,105.95999908447266,104.01000213623047,104.9000015258789,5637600
2019-10-03,88.6765365600586,106.62000274658203,106.69999694824219,104.38999938964844,105.2300033569336,3512600
2019-10-04,90.73914337158203,109.0999984741211,109.2699966430664,106.54000091552734,106.7699966430664,4116400
2019-10-07,89.7826919555664,107.94999694824219,108.8499984741211,107.13999938964844,108.66000366210938,3755600
2019-10-08,90.25676727294922,108.5199966430664,110.02999877929688,107.04000091552734,107.93000030517578,4339800
2019-10-09,91.78712463378906,110.36000061035156,111.25,109.52999877929688,109.91999816894531,5832000
2019-10-10,91.9617691040039,110.56999969482422,110.58999633789062,109.08999633789062,109.55999755859375,3647000
2019-10-11,93.00971221923828,111.83000183105469,112.94000244140625,111.20999908447266,111.8499984741211,4563100
2019-10-14,92.44413757324219,111.1500015258789,112.2300033569336,110.94999694824219,111.8499984741211,2356300
2019-10-15,93.05961608886719,111.88999938964844,112.30000305175781,111.33999633789062,111.55999755859375,2706100
2019-10-16,93.30914306640625,112.19000244140625,112.20999908447266,111.18000030517578,111.79000091552734,2315700
2019-10-17,94.1740951538086,113.2300033569336,113.70999908447266,112.33999633789062,112.41000366210938,4100800
2019-10-18,93.82478332519531,112.80999755859375,113.73999786376953,112.4000015258789,112.86000061035156,3887700
2019-10-21,94.54837036132812,113.68000030517578,113.80999755859375,112.73999786376953,113.31999969482422,2886500
2019-10-22,94.14082336425781,113.19000244140625,114.83000183105469,113.05999755859375,113.94999694824219,3509100
2019-10-23,92.61882019042969,111.36000061035156,113.19000244140625,110.72000122070312,113.19000244140625,5157800
2019-10-24,91.69561767578125,110.25,112.0,110.0199966430664,111.83000183105469,3840100
2019-10-25,90.67261505126953,109.0199966430664,109.98999786376953,108.52999877929688,109.91999816894531,5659700
2019-10-28,91.25479125976562,109.72000122070312,110.4800033569336,109.0199966430664,109.16999816894531,4448200
2019-10-29,89.94903564453125,108.1500015258789,109.58000183105469,107.93000030517578,109.26000213623047,3004700
2019-10-30,89.76605987548828,107.93000030517578,108.7699966430664,107.22000122070312,108.0199966430664,3567800
2019-10-31,88.91771697998047,106.91000366210938,107.93000030517578,105.91000366210938,107.6500015258789,6467400
2019-11-01,89.6745834350586,107.81999969482422,108.37000274658203,107.43000030517578,108.05999755859375,3104000
2019-11-04,90.46469116210938,108.7699966430664,109.16000366210938,108.20999908447266,108.5,3195600
2019-11-05,91.53758239746094,110.05999755859375,110.41999816894531,108.83000183105469,108.97000122070312,3292400
2019-11-06,91.91188049316406,110.51000213623047,110.5999984741211,109.33999633789062,109.88999938964844,3234400
2019-11-07,91.9783935546875,110.58999633789062,111.86000061035156,110.33999633789062,111.62000274658203,3494300
2019-11-08,91.6124496459961,110.1500015258789,110.9800033569336,109.41999816894531,110.55999755859375,2805400
2019-11-11,91.86194610595703,110.44999694824219,110.86000061035156,109.76000213623047,110.62999725341797,3082700
2019-11-12,90.11537170410156,108.3499984741211,110.27999877929688,107.91000366210938,110.22000122070312,5429600
2019-11-13,90.30667877197266,108.58000183105469,109.2300033569336,107.0199966430664,108.62999725341797,3653900
2019-11-14,92.41088104248047,111.11000061035156,111.25,109.55999755859375,110.70999908447266,5968400
2019-11-15,94.15746307373047,113.20999908447266,113.68000030517578,111.33000183105469,112.05000305175781,5340300
2019-11-18,93.11783599853516,111.95999908447266,114.26000213623047,111.86000061035156,113.83000183105469,6898000
2019-11-19,92.74132537841797,110.8499984741211,111.0999984741211,109.3499984741211,110.41000366210938,7377500
2019-11-20,105.77618408203125,126.43000030517578,127.19999694824219,118.36000061035156,122.31999969482422,32365500
2019-11-21,106.796875,127.6500015258789,127.97000122070312,125.70999908447266,126.58000183105469,10804300
2019-11-22,106.269775390625,127.0199966430664,127.94999694824219,126.27999877929688,127.94999694824219,7537100
2019-11-25,104.7387466430664,125.19000244140625,127.48999786376953,125.08000183105469,127.26000213623047,8365300
2019-11-26,106.1610336303711,126.88999938964844,127.83999633789062,125.0,125.26000213623047,7581400
2019-11-27,105.3327407836914,125.9000015258789,127.1500015258789,125.76000213623047,127.1500015258789,3430400
2019-11-29,104.58815002441406,125.01000213623047,126.77999877929688,124.94999694824219,126.0,2660000
2019-12-02,103.72642517089844,123.9800033569336,126.19999694824219,123.91000366210938,125.69999694824219,4194400
2019-12-03,103.77660369873047,124.04000091552734,124.58000183105469,122.33000183105469,122.5999984741211,4237200
2019-12-04,104.17817687988281,124.5199966430664,125.52999877929688,124.30000305175781,125.01000213623047,3935200
2019-12-05,104.31207275390625,124.68000030517578,125.33000183105469,123.6500015258789,125.05999755859375,2614100
2019-12-06,104.60488891601562,125.02999877929688,126.4000015258789,124.86000061035156,125.16999816894531,4305300
2019-12-09,105.79288482666016,126.44999694824219,127.18000030517578,124.9000015258789,124.9800033569336,3508700
2019-12-10,105.22398376464844,125.7699966430664,126.56999969482422,125.31999969482422,126.08999633789062,3573800
2019-12-11,105.24909210205078,125.80000305175781,125.88999938964844,124.7300033569336,125.4000015258789,2816200
2019-12-12,106.68809509277344,127.5199966430664,127.86000061035156,125.12999725341797,125.66000366210938,3677400
2019-12-13,106.43712615966797,127.22000122070312,127.43000030517578,126.16999816894531,126.72000122070312,2970000
2019-12-16,105.38297271728516,125.95999908447266,128.0,125.95999908447266,127.79000091552734,4488100
2019-12-17,107.40763092041016,128.3800048828125,128.91000366210938,126.0,126.47000122070312,5617300
2019-12-18,107.1566162109375,128.0800018310547,129.0800018310547,127.75,128.50999450683594,3940200
2019-12-19,107.67533111572266,128.6999969482422,128.97999572753906,127.37000274658203,127.72000122070312,3292700
2019-12-20,108.05181884765625,129.14999389648438,130.24000549316406,128.5,129.4499969482422,6224900
2019-12-23,107.3741683959961,128.33999633789062,129.5399932861328,128.00999450683594,129.47000122070312,4051800
2019-12-24,107.54985809326172,128.5500030517578,128.89999389648438,127.94999694824219,128.89999389648438,1643400
2019-12-26,107.83430480957031,128.88999938964844,129.39999389648438,127.93000030517578,129.1300048828125,2197900
2019-12-27,108.10204315185547,129.2100067138672,129.22999572753906,128.22999572753906,129.0,2233600
2019-12-30,107.83430480957031,128.88999938964844,129.9499969482422,128.41000366210938,129.0,2546500
2019-12-31,107.26539611816406,128.2100067138672,128.97000122070312,127.37000274658203,128.39999389648438,4059800
2020-01-02,105.4749755859375,126.06999969482422,128.89999389648438,125.26000213623047,128.74000549316406,5149800
2020-01-03,104.37899017333984,124.76000213623047,125.52999877929688,123.93000030517578,124.66000366210938,5018500
2020-01-06,103.3917465209961,123.58000183105469,124.6500015258789,123.22000122070312,123.97000122070312,4226900
2020-01-07,103.57581329345703,123.80000305175781,124.43000030517578,123.0,123.0,3641600
2020-01-08,103.24115753173828,123.4000015258789,125.25,123.33999633789062,124.05000305175781,5731600
2020-01-09,103.32481384277344,123.5,124.91000366210938,122.66000366210938,123.5,5369700
2020-01-10,104.35388946533203,124.7300033569336,125.69999694824219,124.05000305175781,124.70999908447266,4678000
2020-01-13,103.63438415527344,123.87000274658203,124.68000030517578,122.93000030517578,124.58999633789062,3632800
2020-01-14,104.79732513427734,125.26000213623047,125.66000366210938,123.44000244140625,123.5999984741211,3291900
2020-01-15,97.88668060302734,117.0,119.4000015258789,115.55999755859375,117.48999786376953,26743400
2020-01-16,97.31776428222656,116.31999969482422,117.31999969482422,115.83000183105469,117.13999938964844,9361600
2020-01-17,97.81974029541016,116.91999816894531,117.79000091552734,116.16999816894531,116.48999786376953,7303800
2020-01-21,95.41024017333984,114.04000091552734,116.66000366210938,113.81999969482422,116.66000366210938,8188000
2020-01-22,95.29310607910156,113.9000015258789,115.08000183105469,113.7699966430664,114.13999938964844,5070600
2020-01-23,96.65680694580078,115.52999877929688,115.56999969482422,113.0999984741211,113.52999877929688,4641500
2020-01-24,95.64447784423828,114.31999969482422,116.0,113.63999938964844,116.0,4338900
2020-01-27,96.865966796875,115.77999877929688,116.20999908447266,112.56999969482422,112.94999694824219,6779200
2020-01-28,96.58152770996094,115.44000244140625,116.45999908447266,115.43000030517578,116.1500015258789,3865100
2020-01-29,95.6026382446289,114.2699966430664,116.08000183105469,114.25,115.77999877929688,5250600
2020-01-30,95.93730926513672,114.66999816894531,114.70999908447266,112.88999938964844,113.7699966430664,4466400
2020-01-31,92.64930725097656,110.73999786376953,113.79000091552734,110.37000274658203,113.41000366210938,6961900
2020-02-03,94.13018798828125,112.51000213623047,113.41000366210938,111.0,111.13999938964844,5186000
2020-02-04,94.74928283691406,113.25,114.80000305175781,113.19999694824219,113.63999938964844,3626000
2020-02-05,96.65680694580078,115.52999877929688,115.9000015258789,113.8499984741211,114.01000213623047,3636700
2020-02-06,96.33052825927734,115.13999938964844,116.37999725341797,114.76000213623047,115.98999786376953,4024800
2020-02-07,96.72373962402344,115.61000061035156,115.6500015258789,114.45999908447266,115.0199966430664,2970800
2020-02-10,97.86992645263672,116.9800033569336,117.23999786376953,115.5999984741211,115.5999984741211,3862000
2020-02-11,97.62732696533203,116.69000244140625,117.13999938964844,115.12000274658203,117.06999969482422,3065100
2020-02-12,98.81533813476562,118.11000061035156,118.75,116.47000122070312,116.66000366210938,3764800
2020-02-13,98.95757293701172,118.27999877929688,118.5,117.41999816894531,117.83999633789062,2654900
2020-02-14,97.57711029052734,116.62999725341797,118.45999908447266,116.30000305175781,118.30000305175781,3289100
2020-02-18,99.1421127319336,117.83000183105469,117.87000274658203,116.3499984741211,116.94999694824219,3122500
2020-02-19,98.77191162109375,117.38999938964844,118.12999725341797,117.05000305175781,117.69000244140625,2866700
2020-02-20,99.50389862060547,118.26000213623047,118.29000091552734,116.56999969482422,116.97000122070312,2659300
2020-02-21,98.45217895507812,117.01000213623047,118.87999725341797,116.80000305175781,117.83000183105469,3856500
2020-02-24,95.73442840576172,113.77999877929688,115.98999786376953,113.12000274658203,114.4800033569336,5304900
2020-02-25,94.00117492675781,111.72000122070312,115.1500015258789,111.62999725341797,114.19000244140625,5095900
2020-02-26,93.10929107666016,110.66000366210938,112.70999908447266,110.29000091552734,112.18000030517578,4318300
2020-02-27,88.8686294555664,105.62000274658203,109.37999725341797,105.54000091552734,108.37999725341797,6713400
2020-02-28,86.66416931152344,103.0,104.19999694824219,100.73999786376953,102.20999908447266,9174100
2020-03-02,91.76303100585938,109.05999755859375,109.44000244140625,102.94999694824219,103.37999725341797,9691100
2020-03-03,89.05374145507812,105.83999633789062,112.19999694824219,103.95999908447266,112.0,10927400
2020-03-04,90.71971893310547,107.81999969482422,108.06999969482422,104.66999816894531,107.0,6834800
2020-03-05,89.16313171386719,105.97000122070312,108.44000244140625,105.25,105.63999938964844,5294900
2020-03-06,89.14630126953125,105.94999694824219,106.43000030517578,102.75,104.16000366210938,5370800
2020-03-09,87.53081512451172,104.02999877929688,107.68000030517578,99.76000213623047,99.76000213623047,7346600
2020-03-10,91.1488037109375,108.33000183105469,109.58999633789062,104.80000305175781,106.23999786376953,7461000
2020-03-11,88.83499908447266,105.58000183105469,107.9800033569336,103.41999816894531,106.02999877929688,6102500
2020-03-12,77.93043518066406,92.62000274658203,101.52999877929688,92.41000366210938,99.23999786376953,10208800
2020-03-13,84.9981918334961,101.0199966430664,105.13999938964844,92.52999877929688,96.6500015258789,9267200
2020-03-16,78.9148941040039,93.79000091552734,99.94000244140625,91.16000366210938,92.58999633789062,6963700
2020-03-17,87.19425201416016,103.62999725341797,106.48999786376953,95.05999755859375,95.12000274658203,10586400
2020-03-18,86.5127182006836,102.81999969482422,108.3499984741211,96.8499984741211,98.94000244140625,8845700
2020-03-19,84.56065368652344,100.5,107.12000274658203,99.80999755859375,102.72000122070312,7414200
2020-03-20,81.95233154296875,97.4000015258789,102.4800033569336,96.37999725341797,99.30000305175781,8057200
2020-03-23,81.35491943359375,96.69000244140625,99.19999694824219,93.80999755859375,96.55000305175781,7104300
2020-03-24,84.61112976074219,100.55999755859375,101.6500015258789,96.0,100.13999938964844,6498600
2020-03-25,76.60102844238281,91.04000091552734,99.33000183105469,90.5199966430664,99.12000274658203,12563200
2020-03-26,80.83326721191406,96.06999969482422,96.47000122070312,91.20999908447266,91.38999938964844,7014000
2020-03-27,79.71419525146484,94.73999786376953,97.83000183105469,92.93000030517578,94.48999786376953,4902800
2020-03-30,80.78276824951172,96.01000213623047,97.7699966430664,95.5,96.18000030517578,4485600
2020-03-31,78.22491455078125,92.97000122070312,96.77999877929688,92.16000366210938,95.27999877929688,6388400
2020-04-01,80.16014099121094,95.2699966430664,96.13999938964844,91.29000091552734,91.63999938964844,8581000
2020-04-02,79.39447021484375,94.36000061035156,95.66999816894531,92.12000274658203,94.2699966430664,5929200
2020-04-03,77.88836669921875,92.56999969482422,94.12999725341797,90.16999816894531,93.52999877929688,6815300
2020-04-06,82.04487609863281,97.51000213623047,97.81999969482422,92.12999725341797,93.22000122070312,7107800
2020-04-07,82.6759262084961,98.26000213623047,101.66000366210938,97.02999877929688,98.75,6599300
2020-04-08,88.03565216064453,104.62999725341797,105.69000244140625,100.0,100.3499984741211,7542900
2020-04-09,87.67386627197266,104.19999694824219,104.83000183105469,101.5,102.0,7069200
2020-04-13,88.07769775390625,104.68000030517578,105.37000274658203,102.91000366210938,104.19999694824219,3235500
2020-04-14,91.19087982177734,108.37999725341797,109.91000366210938,105.87999725341797,108.48999786376953,5032300
2020-04-15,89.39029693603516,106.23999786376953,109.0,105.25,108.76000213623047,4225600
2020-04-16,91.9649658203125,109.30000305175781,109.88999938964844,106.6500015258789,107.0,5950300
2020-04-17,95.43153381347656,113.41999816894531,114.06999969482422,108.43000030517578,110.9000015258789,7617500
2020-04-20,91.69573211669922,108.9800033569336,112.5,108.72000122070312,112.5,5329600
2020-04-21,89.94561767578125,106.9000015258789,108.26000213623047,105.91000366210938,108.26000213623047,4519700
2020-04-22,89.89512634277344,106.83999633789062,108.52999877929688,106.41999816894531,108.19000244140625,2954600
2020-04-23,87.38774871826172,103.86000061035156,105.5,100.5,100.69999694824219,16508000
2020-04-24,90.71971893310547,107.81999969482422,108.44999694824219,103.86000061035156,104.5,6088600
2020-04-27,92.4530029296875,109.87999725341797,111.19999694824219,108.51000213623047,108.68000030517578,4340700
2020-04-28,94.23677825927734,112.0,113.87999725341797,110.11000061035156,111.51000213623047,4904700
2020-04-29,94.32088470458984,112.0999984741211,114.04000091552734,110.11000061035156,113.5,4929800
2020-04-30,92.33519744873047,109.73999786376953,111.19999694824219,108.88999938964844,111.08000183105469,4769600
2020-05-01,91.06468963623047,108.2300033569336,109.4800033569336,106.0999984741211,108.8499984741211,4590500
2020-05-04,93.99275207519531,111.70999908447266,112.02999877929688,107.62999725341797,107.83000183105469,4578300
2020-05-05,94.03483581542969,111.76000213623047,113.37999725341797,110.47000122070312,111.69999694824219,4201100
2020-05-06,95.56616973876953,113.58000183105469,115.62000274658203,112.55999755859375,112.88999938964844,4913900
2020-05-07,95.38105773925781,113.36000061035156,115.29000091552734,113.0999984741211,114.76000213623047,3689800
2020-05-08,97.45932006835938,115.83000183105469,116.83000183105469,114.12000274658203,114.70999908447266,4266900
2020-05-11,101.11939239501953,120.18000030517578,120.73999786376953,115.93000030517578,116.81999969482422,5996300
2020-05-12,100.45470428466797,119.38999938964844,122.94999694824219,119.38999938964844,121.0,4897000
2020-05-13,100.24434661865234,119.13999938964844,120.62999725341797,118.13999938964844,119.44999694824219,4677900
2020-05-14,100.91748046875,119.94000244140625,120.83000183105469,117.12000274658203,117.94000244140625,5635600
2020-05-15,101.75887298583984,120.94000244140625,122.6500015258789,119.80000305175781,120.3499984741211,8354200
2020-05-18,105.3432388305664,125.19999694824219,125.55000305175781,122.7699966430664,123.26000213623047,6320900
2020-05-19,104.18440246582031,123.16999816894531,125.97000122070312,122.7699966430664,125.11000061035156,7914900
2020-05-20,101.19004821777344,119.62999725341797,124.91000366210938,119.29000091552734,124.08999633789062,12897000
2020-05-21,100.38648986816406,118.68000030517578,120.37000274658203,117.63999938964844,119.62999725341797,7620700
2020-05-22,99.37994384765625,117.48999786376953,119.36000061035156,117.18000030517578,118.83000183105469,4902900
2020-05-26,97.37523651123047,115.12000274658203,119.95999908447266,114.80999755859375,118.80000305175781,7274600
2020-05-27,99.3122787475586,117.41000366210938,117.44999694824219,114.2300033569336,115.62999725341797,8260300
2020-05-28,100.17505645751953,118.43000030517578,120.23999786376953,117.45999908447266,117.95999908447266,6137300
2020-05-29,103.473876953125,122.33000183105469,122.77999877929688,118.16000366210938,118.73999786376953,8705900
2020-06-01,101.07164764404297,119.48999786376953,120.73999786376953,118.81999969482422,120.44999694824219,6020100
2020-06-02,100.5302963256836,118.8499984741211,120.77999877929688,118.19000244140625,119.66000366210938,5144600
2020-06-03,102.96635437011719,121.7300033569336,122.30000305175781,118.30000305175781,119.13999938964844,5815800
2020-06-04,101.46920776367188,119.95999908447266,122.73999786376953,119.55000305175781,121.87999725341797,3963600
2020-06-05,102.79719543457031,121.52999877929688,122.51000213623047,119.68000030517578,121.41000366210938,4578800
2020-06-08,103.5077133178711,122.37000274658203,122.45999908447266,120.58000183105469,120.80999755859375,3578400
2020-06-09,102.112060546875,120.72000122070312,122.7300033569336,120.29000091552734,122.54000091552734,2923500
2020-06-10,101.50303649902344,120.0,122.18000030517578,119.77999877929688,120.75,3653700
2020-06-11,99.81977844238281,118.01000213623047,120.94000244140625,117.77999877929688,118.56999969482422,5005100
2020-06-12,98.88088989257812,116.9000015258789,119.75,114.80999755859375,119.58000183105469,4953400
2020-06-15,99.93821716308594,118.1500015258789,118.69000244140625,115.2300033569336,115.45999908447266,4593800
2020-06-16,100.83480834960938,119.20999908447266,121.33000183105469,117.22000122070312,120.44000244140625,5138000
2020-06-17,100.03971099853516,118.2699966430664,119.47000122070312,117.77999877929688,119.47000122070312,3808600
2020-06-18,99.21920776367188,117.30000305175781,118.26000213623047,116.87000274658203,118.23999786376953,3261100
2020-06-19,101.97671508789062,120.55999755859375,122.93000030517578,119.2300033569336,120.19999694824219,12611200
2020-06-22,103.55845642089844,122.43000030517578,123.11000061035156,119.0999984741211,120.5,4671200
2020-06-23,102.77183532714844,121.5,124.43000030517578,121.26000213623047,123.02999877929688,4307000
2020-06-24,101.26622772216797,119.72000122070312,121.98999786376953,118.62999725341797,121.16999816894531,4181600
2020-06-25,101.34231567382812,119.80999755859375,119.94999694824219,118.29000091552734,119.38999938964844,2759500
2020-06-26,98.98237609863281,117.0199966430664,120.6500015258789,116.75,120.0,6670800
2020-06-29,100.2934799194336,118.56999969482422,119.27999877929688,116.7699966430664,117.48999786376953,3258900
2020-06-30,101.4438247680664,119.93000030517578,120.44000244140625,118.2699966430664,118.87999725341797,3633900
2020-07-01,100.62334442138672,118.95999908447266,120.36000061035156,118.83000183105469,119.91000366210938,2836400
2020-07-02,100.7586898803711,119.12000274658203,120.58999633789062,118.88999938964844,119.9800033569336,2216100
2020-07-06,100.86019134521484,119.23999786376953,120.25,117.9800033569336,120.01000213623047,3766400
2020-07-07,99.86207580566406,118.05999755859375,119.55000305175781,117.80999755859375,118.30000305175781,3908300
2020-07-08,99.55757141113281,117.69999694824219,118.5,116.7300033569336,118.1500015258789,2845100
2020-07-09,99.72672271728516,117.9000015258789,119.30999755859375,117.12999725341797,117.45999908447266,2861000
2020-07-10,100.53874206542969,118.86000061035156,118.9800033569336,117.05999755859375,117.81999969482422,2033500
2020-07-13,100.42879486083984,118.7300033569336,121.76000213623047,118.37999725341797,119.37999725341797,3469700
2020-07-14,101.57070922851562,120.08000183105469,120.16999816894531,117.41999816894531,118.73999786376953,2578200
2020-07-15,102.91561126708984,121.66999816894531,122.72000122070312,120.01000213623047,121.30999755859375,3533900
2020-07-16,103.1524429321289,121.94999694824219,122.98999786376953,121.13999938964844,121.26000213623047,3109900
2020-07-17,102.91561126708984,121.66999816894531,123.20999908447266,121.44999694824219,122.63999938964844,2715500
2020-07-20,101.35077667236328,119.81999969482422,121.87000274658203,119.04000091552734,121.54000091552734,3825900
2020-07-21,101.67218780517578,120.19999694824219,120.98999786376953,120.0199966430664,120.3499984741211,3195400
2020-07-22,104.15901184082031,123.13999938964844,123.18000030517578,120.0,120.30000305175781,3876600
2020-07-23,103.49080657958984,122.3499984741211,123.5999984741211,121.94000244140625,123.44999694824219,3267500
2020-07-24,104.64116668701172,123.70999908447266,125.52999877929688,122.05999755859375,122.54000091552734,3832900
2020-07-27,103.77840423583984,122.69000244140625,124.48999786376953,122.16000366210938,124.25,2423400
2020-07-28,104.28590393066406,123.29000091552734,124.45999908447266,122.12000274658203,122.61000061035156,2337000
2020-07-29,104.61580657958984,123.68000030517578,124.4800033569336,122.9000015258789,123.47000122070312,2095800
2020-07-30,105.37705993652344,124.58000183105469,125.41999816894531,121.81999969482422,122.33000183105469,3606300
2020-07-31,106.4766845703125,125.87999725341797,125.93000030517578,123.79000091552734,124.27999877929688,3267100
2020-08-03,108.13455963134766,127.83999633789062,128.24000549316406,126.25,126.5,3319200
2020-08-04,110.34222412109375,130.4499969482422,130.77000427246094,127.58000183105469,127.93000030517578,3924500
2020-08-05,109.42872619628906,129.3699951171875,131.92999267578125,128.66000366210938,130.75,3688800
2020-08-06,109.12419891357422,129.00999450683594,129.92999267578125,128.1300048828125,129.5,1979900
2020-08-07,111.44190216064453,131.75,131.8800048828125,129.0,129.24000549316406,2303100
2020-08-10,112.44844055175781,132.94000244140625,134.11000061035156,131.25,132.07000732421875,3002900
2020-08-11,111.41648864746094,131.72000122070312,134.58999633789062,131.35000610351562,133.7100067138672,3915900
2020-08-12,113.85258483886719,134.60000610351562,135.11000061035156,132.77000427246094,135.11000061035156,4860900
2020-08-13,114.03022766113281,134.80999755859375,134.94000244140625,133.61000061035156,133.99000549316406,2324800
2020-08-14,115.485107421875,136.52999877929688,137.0,135.22000122070312,135.9199981689453,3180900
2020-08-17,116.93146514892578,138.24000549316406,138.69000244140625,137.39999389648438,137.97999572753906,4632300
2020-08-18,116.37044525146484,136.89999389648438,137.97000122070312,134.6699981689453,137.00999450683594,5756800
2020-08-19,131.09315490722656,154.22000122070312,154.69000244140625,146.5399932861328,148.5,40211800
2020-08-20,129.41009521484375,152.24000549316406,156.10000610351562,151.72000122070312,154.92999267578125,12046000
2020-08-21,130.59164428710938,153.6300048828125,155.61000061035156,152.1300048828125,152.3300018310547,7061400
2020-08-24,130.26014709472656,153.24000549316406,154.6199951171875,152.6300048828125,154.5,4355300
2020-08-25,129.92857360839844,152.85000610351562,154.27999877929688,152.36000061035156,154.14999389648438,2984400
2020-08-26,129.80960083007812,152.7100067138672,153.57000732421875,152.08999633789062,152.75,3061600
2020-08-27,127.76946258544922,150.30999755859375,152.75,149.6699981689453,152.66000366210938,3773100
2020-08-28,128.22854614257812,150.85000610351562,151.6699981689453,149.60000610351562,150.30999755859375,2835600
2020-08-31,128.53456115722656,151.2100067138672,151.91000366210938,150.32000732421875,151.13999938964844,3025600
2020-09-01,127.97354125976562,150.5500030517578,151.77000427246094,150.1199951171875,150.61000061035156,3603500
2020-09-02,127.3699951171875,149.83999633789062,150.8699951171875,148.4199981689453,150.5,4128200
2020-09-03,124.13134002685547,146.02999877929688,149.97999572753906,145.41000366210938,149.47000122070312,4135300
2020-09-04,125.15135955810547,147.22999572753906,148.5500030517578,143.69000244140625,146.69000244140625,4742100
2020-09-08,122.40576934814453,144.0,146.7899932861328,143.3800048828125,146.67999267578125,3503200
2020-09-09,125.42342376708984,147.5500030517578,148.60000610351562,144.75999450683594,144.75999450683594,3279300
2020-09-10,124.13980102539062,146.0399932861328,148.33999633789062,145.30999755859375,147.60000610351562,2828100
2020-09-11,125.50839233398438,147.64999389648438,147.9600067138672,146.17999267578125,146.86000061035156,2356400
2020-09-14,126.17993927001953,148.44000244140625,150.38999938964844,147.83999633789062,148.5500030517578,2706900
2020-09-15,126.71546173095703,149.07000732421875,149.83999633789062,147.36000061035156,148.11000061035156,2206200
2020-09-16,125.79741668701172,147.99000549316406,149.72999572753906,147.91000366210938,149.33999633789062,2072500
2020-09-17,125.47442626953125,147.61000061035156,148.77000427246094,146.5500030517578,147.38999938964844,2391200
2020-09-18,126.5029525756836,148.82000732421875,149.52000427246094,147.25999450683594,147.72000122070312,3614800
2020-09-21,127.38697814941406,149.86000061035156,149.99000549316406,146.4499969482422,148.69000244140625,3360000
2020-09-22,130.97415161132812,154.0800018310547,154.44000244140625,150.92999267578125,151.14999389648438,4334500
2020-09-23,128.36453247070312,151.00999450683594,155.1999969482422,150.3699951171875,153.8800048828125,2801300
2020-09-24,129.20606994628906,152.0,153.55999755859375,150.10000610351562,151.6199951171875,3223100
2020-09-25,131.2036895751953,154.35000610351562,155.16000366210938,151.75,151.86000061035156,2743300
2020-09-28,132.9972686767578,156.4600067138672,157.7100067138672,154.64999389648438,154.9499969482422,3627600
2020-09-29,133.40528869628906,156.94000244140625,158.42999267578125,155.8699951171875,156.75,2784200
2020-09-30,133.81329345703125,157.4199981689453,159.14999389648438,156.5,157.4499969482422,2806000
2020-10-01,134.8163604736328,158.60000610351562,160.88999938964844,158.10000610351562,158.41000366210938,3866000
2020-10-02,135.24136352539062,159.10000610351562,159.99000549316406,156.16000366210938,156.97000122070312,1978700
2020-10-05,137.27296447753906,161.49000549316406,162.30999755859375,159.99000549316406,159.99000549316406,2268600
2020-10-06,134.6548309326172,158.41000366210938,161.97999572753906,157.61000061035156,161.47000122070312,2932600
2020-10-07,136.58445739746094,160.67999267578125,161.61000061035156,159.61000061035156,160.05999755859375,2927000
2020-10-08,137.58746337890625,161.86000061035156,163.32000732421875,161.38999938964844,162.60000610351562,2189200
2020-10-09,139.16004943847656,163.7100067138672,164.80999755859375,162.10000610351562,162.1999969482422,2582700
2020-10-12,139.89111328125,164.57000732421875,165.49000549316406,163.6199951171875,164.3000030517578,2436300
2020-10-13,140.80059814453125,165.63999938964844,166.67999267578125,164.14999389648438,164.57000732421875,2015200
2020-10-14,139.3810577392578,163.97000122070312,166.16000366210938,162.60000610351562,165.97999572753906,2284700
2020-10-15,140.6476287841797,165.4600067138672,165.4600067138672,161.1199951171875,161.83999633789062,1859000
2020-10-16,140.1885986328125,164.9199981689453,167.25,164.36000061035156,165.91000366210938,5047900
2020-10-19,139.4490509033203,164.0500030517578,166.9600067138672,163.82000732421875,166.2100067138672,2322500
2020-10-20,140.1461181640625,164.8699951171875,167.4199981689453,163.82000732421875,164.9499969482422,2698500
2020-10-21,138.80300903320312,163.2899932861328,166.1999969482422,162.9499969482422,165.75,3033500
2020-10-22,135.66641235351562,159.60000610351562,163.3800048828125,159.33999633789062,163.07000732421875,3647400
2020-10-23,136.201904296875,160.22999572753906,160.38999938964844,158.80999755859375,160.38999938964844,1816800
2020-10-26,134.2808074951172,157.97000122070312,159.38999938964844,156.3000030517578,158.83999633789062,2310600
2020-10-27,133.48178100585938,157.02999877929688,158.8800048828125,156.67999267578125,158.07000732421875,2406100
2020-10-28,131.93467712402344,155.2100067138672,157.27000427246094,154.11000061035156,154.91000366210938,2655700
2020-10-29,131.11863708496094,154.25,156.08999633789062,153.3699951171875,155.24000549316406,2157700
2020-10-30,129.39306640625,152.22000122070312,154.13999938964844,150.8000030517578,153.32000732421875,3694100
2020-11-02,131.23765563964844,154.38999938964844,155.1199951171875,152.8000030517578,154.0,2674300
2020-11-03,133.22674560546875,156.72999572753906,158.7100067138672,155.42999267578125,156.32000732421875,2545400
2020-11-04,133.13323974609375,156.6199951171875,159.49000549316406,155.25,157.22000122070312,3156600
2020-11-05,134.84185791015625,158.6300048828125,159.8699951171875,156.5399932861328,159.74000549316406,3114900
2020-11-06,137.28146362304688,161.5,161.89999389648438,158.52999877929688,158.64999389648438,3498000
2020-11-09,131.67970275878906,154.91000366210938,163.16000366210938,154.75,163.14999389648438,5092800
2020-11-10,134.3658447265625,158.07000732421875,159.05999755859375,156.55999755859375,157.0399932861328,3577900
2020-11-11,135.74288940429688,159.69000244140625,162.57000732421875,158.75,159.4499969482422,3336500
2020-11-12,135.6068878173828,159.52999877929688,160.99000549316406,158.63999938964844,159.6699981689453,2708500
2020-11-13,138.4544677734375,162.8800048828125,163.4499969482422,160.60000610351562,160.99000549316406,2765800
2020-11-16,140.4096221923828,165.17999267578125,165.99000549316406,163.35000610351562,165.0,5035600
2020-11-17,139.1633758544922,163.0399932861328,164.7100067138672,160.50999450683594,164.0,6299900
2020-11-18,142.41546630859375,166.85000610351562,172.1199951171875,164.5500030517578,165.94000244140625,13092300
2020-11-19,146.27352905273438,171.3699951171875,173.44000244140625,167.89999389648438,168.7100067138672,6834900
2020-11-20,147.0758514404297,172.30999755859375,174.41000366210938,171.4499969482422,172.22000122070312,6652900
2020-11-23,151.5570068359375,177.55999755859375,179.02000427246094,173.58999633789062,174.25,5755700
2020-11-24,151.81307983398438,177.86000061035156,179.83999633789062,177.10000610351562,179.75999450683594,4688400
2020-11-25,153.486083984375,179.82000732421875,180.47999572753906,177.35000610351562,177.72999572753906,3780700
2020-11-27,153.443359375,179.77000427246094,181.11000061035156,178.9499969482422,180.80999755859375,2371900
2020-11-30,153.238525390625,179.52999877929688,180.07000732421875,176.24000549316406,178.25,8010000
2020-12-01,152.8288116455078,179.0500030517578,181.1699981689453,177.10000610351562,179.80999755859375,5034900
2020-12-02,150.57542419433594,176.41000366210938,178.2100067138672,175.47000122070312,178.02000427246094,3109300
2020-12-03,149.3036346435547,174.9199981689453,176.47000122070312,173.77999877929688,176.47000122070312,4214600
2020-12-04,149.39752197265625,175.02999877929688,175.16000366210938,173.22999572753906,174.3800048828125,2935700
2020-12-07,147.58798217773438,172.91000366210938,174.9499969482422,171.41000366210938,174.27000427246094,3430800
2020-12-08,147.4258270263672,172.72000122070312,173.77999877929688,171.74000549316406,172.5,2682200
2020-12-09,148.5780792236328,174.07000732421875,174.9199981689453,172.41000366210938,173.35000610351562,2853800
2020-12-10,147.15267944335938,172.39999389648438,174.24000549316406,172.07000732421875,173.58999633789062,2643700
2020-12-11,146.56370544433594,171.7100067138672,172.75,171.07000732421875,171.5,2676500
2020-12-14,145.94918823242188,170.99000549316406,172.9600067138672,170.1699981689453,172.9600067138672,4016400
2020-12-15,146.30764770507812,171.41000366210938,172.77999877929688,170.64999389648438,170.64999389648438,3487900
2020-12-16,146.5466766357422,171.69000244140625,172.99000549316406,170.7100067138672,172.00999450683594,2193700
2020-12-17,146.16253662109375,171.24000549316406,172.27999877929688,170.2899932861328,172.0,3495300
2020-12-18,145.46261596679688,170.4199981689453,172.17999267578125,168.97000122070312,171.17999267578125,6715800
2020-12-21,146.60643005371094,171.75999450683594,173.05999755859375,168.94000244140625,169.6300048828125,4077400
2020-12-22,147.11000061035156,172.35000610351562,173.11000061035156,171.4600067138672,172.39999389648438,3103200
2020-12-23,149.29515075683594,174.91000366210938,176.3300018310547,171.88999938964844,172.00999450683594,4753000
2020-12-24,149.53408813476562,175.19000244140625,176.50999450683594,174.6699981689453,175.97999572753906,1941200
2020-12-28,150.55831909179688,176.38999938964844,177.4600067138672,174.88999938964844,177.11000061035156,2442000
2020-12-29,149.4060516357422,175.0399932861328,177.77000427246094,174.4600067138672,177.11000061035156,2359700
2020-12-30,148.4159393310547,173.8800048828125,176.05999755859375,172.82000732421875,175.6999969482422,1935200
2020-12-31,150.6778106689453,176.52999877929688,176.6699981689453,174.10000610351562,174.41000366210938,2571300
2021-01-04,151.61676025390625,177.6300048828125,178.08999633789062,174.1199951171875,176.50999450683594,3463100
2021-01-05,153.9554901123047,180.3699951171875,181.97000122070312,176.42999267578125,176.8000030517578,4843300
2021-01-06,161.25338745117188,188.9199981689453,189.47000122070312,180.11000061035156,180.3300018310547,5610100
2021-01-07,163.1141357421875,191.10000610351562,192.35000610351562,189.1699981689453,189.2100067138672,4226700
2021-01-08,165.24806213378906,193.60000610351562,193.8800048828125,190.80999755859375,191.5800018310547,3321500
2021-01-11,166.68197631835938,195.27999877929688,199.5,192.19000244140625,193.0399932861328,7219100
2021-01-12,169.9425811767578,199.10000610351562,199.2899932861328,195.64999389648438,196.1699981689453,3866700
2021-01-13,167.9964599609375,196.82000732421875,199.9600067138672,195.27999877929688,198.52000427246094,4098200
2021-01-14,169.01219177246094,198.00999450683594,199.39999389648438,196.89999389648438,196.99000549316406,3321200
2021-01-15,166.2722625732422,194.8000030517578,198.85000610351562,194.00999450683594,197.64999389648438,4289900
2021-01-19,160.60472106933594,188.16000366210938,194.75,187.1999969482422,194.4199981689453,5347800
2021-01-20,160.7241668701172,188.3000030517578,188.6999969482422,184.5399932861328,188.5,3443200
2021-01-21,163.25927734375,191.27000427246094,194.08999633789062,189.0,190.10000610351562,4585100
2021-01-22,163.8055419921875,191.91000366210938,192.3800048828125,189.47999572753906,190.89999389648438,3257100
2021-01-25,162.30323791503906,190.14999389648438,193.11000061035156,189.22999572753906,191.55999755859375,3423900
2021-01-26,160.21205139160156,187.6999969482422,190.55999755859375,186.6699981689453,190.11000061035156,3463600
2021-01-27,152.1715545654297,178.27999877929688,187.6999969482422,176.82000732421875,187.61000061035156,6985900
2021-01-28,156.69541931152344,183.5800018310547,185.4199981689453,177.75999450683594,177.92999267578125,3965200
2021-01-29,154.6383514404297,181.1699981689453,183.5,180.25999450683594,182.1199951171875,3612300
2021-02-01,156.68685913085938,183.57000732421875,185.0,179.67999267578125,182.17999267578125,2637300
2021-02-02,158.4110565185547,185.58999633789062,189.0399932861328,185.17999267578125,185.5,2920500
2021-02-03,158.00135803222656,185.11000061035156,186.92999267578125,183.6999969482422,185.19000244140625,2135400
2021-02-04,160.97171020507812,188.58999633789062,188.74000549316406,184.5500030517578,185.8699951171875,2309500
2021-02-05,161.20217895507812,188.86000061035156,190.3300018310547,187.88999938964844,189.49000549316406,2218900
2021-02-08,165.54672241210938,193.9499969482422,194.47999572753906,190.49000549316406,192.33999633789062,3076400
2021-02-09,165.8369598388672,194.2899932861328,196.25,193.88999938964844,194.1300048828125,2868600
2021-02-10,164.25791931152344,192.44000244140625,194.4499969482422,190.1199951171875,193.88999938964844,2713500
2021-02-11,162.5251922607422,190.41000366210938,193.1699981689453,190.33999633789062,192.0399932861328,1862300
2021-02-12,163.39581298828125,191.42999267578125,191.8699951171875,190.1999969482422,191.0500030517578,1821500
2021-02-16,163.2587432861328,190.58999633789062,192.5800018310547,190.14999389648438,191.13999938964844,2500300
2021-02-17,165.8370819091797,193.60000610351562,194.22000122070312,189.10000610351562,189.1999969482422,3459300
2021-02-18,163.9611053466797,191.41000366210938,191.55999755859375,188.0,188.27000427246094,2983500
2021-02-19,161.7425994873047,188.82000732421875,192.4499969482422,188.36000061035156,191.9499969482422,3120100
2021-02-22,161.88819885253906,188.99000549316406,190.41000366210938,187.6199951171875,188.1199951171875,2152600
2021-02-23,159.63531494140625,186.36000061035156,188.72999572753906,184.11000061035156,188.08999633789062,2828100
2021-02-24,160.25209045410156,187.0800018310547,187.72999572753906,184.3000030517578,186.02000427246094,3738400
2021-02-25,158.5388946533203,185.0800018310547,190.3000030517578,184.5800018310547,188.52000427246094,4355600
2021-02-26,157.13409423828125,183.44000244140625,186.8300018310547,182.17999267578125,186.14999389648438,4340400
2021-03-01,159.40406799316406,186.08999633789062,187.5800018310547,184.85000610351562,185.9499969482422,3683500
2021-03-02,148.61097717285156,173.49000549316406,193.5800018310547,172.1699981689453,188.00999450683594,22090500
2021-03-03,148.71376037597656,173.61000061035156,176.8699951171875,172.58999633789062,175.0,8285300
2021-03-04,145.46722412109375,169.82000732421875,174.61000061035156,166.8300018310547,172.3699951171875,7111700
2021-03-05,147.85711669921875,172.61000061035156,174.97999572753906,167.0500030517578,170.27999877929688,6008100
2021-03-08,151.50625610351562,176.8699951171875,178.47000122070312,173.60000610351562,175.27000427246094,4558600
2021-03-09,153.4849395751953,179.17999267578125,180.74000549316406,177.1999969482422,178.32000732421875,3752400
2021-03-10,152.97100830078125,178.5800018310547,181.6300048828125,178.08999633789062,179.97000122070312,3314800
2021-03-11,153.6049041748047,179.32000732421875,180.08999633789062,177.39999389648438,179.14999389648438,3045200
2021-03-12,154.19598388671875,180.00999450683594,180.35000610351562,178.55999755859375,179.89999389648438,2441900
2021-03-15,155.129638671875,181.10000610351562,181.7899932861328,178.57000732421875,180.44000244140625,3453100
2021-03-16,154.36727905273438,180.2100067138672,180.69000244140625,178.1199951171875,179.9600067138672,3437300
2021-03-17,152.8168182373047,178.39999389648438,179.66000366210938,177.8699951171875,179.50999450683594,2929300
2021-03-18,153.85333251953125,179.61000061035156,181.14999389648438,176.67999267578125,177.24000549316406,2859300
2021-03-19,160.6547393798828,187.5500030517578,188.3000030517578,179.6300048828125,179.88999938964844,7745200
2021-03-22,161.07443237304688,188.0399932861328,190.3800048828125,186.74000549316406,187.10000610351562,3952200
2021-03-23,161.8282470703125,188.9199981689453,190.7899932861328,187.42999267578125,187.77000427246094,2920200
2021-03-24,161.28004455566406,188.27999877929688,189.4600067138672,187.3800048828125,188.91000366210938,2489700
2021-03-25,165.06617736816406,192.6999969482422,193.3699951171875,187.6699981689453,188.08999633789062,3444700
2021-03-26,172.13307189941406,200.9499969482422,201.22999572753906,194.02999877929688,194.3000030517578,6046100
2021-03-29,169.78602600097656,198.2100067138672,201.9600067138672,197.50999450683594,200.08999633789062,3231800
2021-03-30,171.0194854736328,199.64999389648438,201.36000061035156,197.61000061035156,198.0800018310547,2810800
2021-03-31,169.6660919189453,198.07000732421875,201.3300018310547,198.02999877929688,200.0399932861328,3556600
2021-04-01,171.93609619140625,200.72000122070312,201.47000122070312,196.36000061035156,198.13999938964844,2730200
2021-04-05,175.90211486816406,205.35000610351562,205.8000030517578,202.0,202.0,2833000
2021-04-06,175.97067260742188,205.42999267578125,207.3800048828125,202.9499969482422,204.39999389648438,2494900
2021-04-07,175.13116455078125,204.4499969482422,206.0,204.0800018310547,205.75,2100400
2021-04-08,174.28317260742188,203.4600067138672,204.80999755859375,202.4199981689453,204.35000610351562,3032600
2021-04-09,175.91067504882812,205.36000061035156,205.6699981689453,203.5399932861328,204.0,2900500
2021-04-12,175.68797302246094,205.10000610351562,206.35000610351562,203.47999572753906,205.27999877929688,3191300
2021-04-13,175.55093383789062,204.94000244140625,206.0,203.50999450683594,205.55999755859375,2393400
2021-04-14,176.2104949951172,205.7100067138672,206.0,203.02999877929688,204.27999877929688,2171300
2021-04-15,176.2533416748047,205.75999450683594,206.2100067138672,203.52999877929688,206.02000427246094,3370300
2021-04-16,178.6432342529297,208.5500030517578,209.49000549316406,205.8300018310547,206.0,4342300
2021-04-19,178.72886657714844,208.64999389648438,210.86000061035156,208.25,209.49000549316406,2924500
2021-04-20,177.5467987060547,207.27000427246094,209.49000549316406,206.42999267578125,208.91000366210938,2089800
2021-04-21,177.11846923828125,206.77000427246094,208.41000366210938,206.3000030517578,207.24000549316406,2836900
2021-04-22,176.09056091308594,205.57000732421875,207.64999389648438,203.63999938964844,207.27999877929688,2499300
2021-04-23,176.4674530029297,206.00999450683594,206.8000030517578,203.9199981689453,205.94000244140625,2444600
2021-04-26,174.42877197265625,203.6300048828125,206.02000427246094,202.85000610351562,205.86000061035156,2675700
2021-04-27,175.05409240722656,204.36000061035156,205.3300018310547,203.30999755859375,204.22000122070312,2260000
2021-04-28,175.13975524902344,204.4600067138672,205.25,203.44000244140625,203.92999267578125,1598800
2021-04-29,177.64100646972656,207.3800048828125,208.41000366210938,205.77000427246094,206.1199951171875,1884900
2021-04-30,177.5382080078125,207.25999450683594,208.14999389648438,205.97999572753906,206.2100067138672,1802000
2021-05-03,180.98175048828125,211.27999877929688,212.82000732421875,208.82000732421875,209.17999267578125,2249700
2021-05-04,181.26441955566406,211.61000061035156,211.83999633789062,209.10000610351562,209.61000061035156,2203300
2021-05-05,181.94969177246094,212.41000366210938,213.66000366210938,211.67999267578125,212.64999389648438,2509000
2021-05-06,182.455078125,213.0,213.9199981689453,211.94000244140625,213.66000366210938,2226000
2021-05-07,183.91990661621094,214.7100067138672,215.38999938964844,212.80999755859375,213.2899932861328,2298500
2021-05-10,183.33737182617188,214.02999877929688,217.38999938964844,213.72000122070312,215.50999450683594,3092700
2021-05-11,179.2342987060547,209.24000549316406,212.75999450683594,206.9499969482422,212.52000427246094,3297100
2021-05-12,173.85484313964844,202.9600067138672,208.67999267578125,202.75999450683594,207.9600067138672,3857300
2021-05-13,178.69459533691406,208.61000061035156,210.1300048828125,203.88999938964844,204.22000122070312,3132300
2021-05-14,180.87892150878906,211.16000366210938,212.25999450683594,209.42999267578125,210.2100067138672,2650300
2021-05-17,179.9023895263672,210.02000427246094,213.63999938964844,209.36000061035156,212.83999633789062,2583700
2021-05-18,177.40164184570312,206.42999267578125,211.67999267578125,206.2100067138672,211.2100067138672,4794900
2021-05-19,188.21261596679688,219.00999450683594,219.82000732421875,209.8000030517578,210.30999755859375,13378700
2021-05-20,190.60165405273438,221.7899932861328,222.8000030517578,217.07000732421875,218.27999877929688,7086300
2021-05-21,193.43760681152344,225.08999633789062,227.0800018310547,221.86000061035156,222.2100067138672,5084800
2021-05-24,193.71266174316406,225.41000366210938,228.5,225.3300018310547,226.33999633789062,3821000
2021-05-25,193.61810302734375,225.3000030517578,227.27000427246094,223.25999450683594,225.5500030517578,4103000
2021-05-26,195.17361450195312,227.11000061035156,227.9499969482422,225.99000549316406,226.1699981689453,3186800
2021-05-27,195.3970489501953,227.3699951171875,228.83999633789062,226.0500030517578,227.92999267578125,6623100
2021-05-28,195.01031494140625,226.9199981689453,228.35000610351562,226.17999267578125,228.0,2632400
2021-06-01,195.3110809326172,227.27000427246094,228.7899932861328,226.0500030517578,227.55999755859375,3426400
2021-06-02,196.26498413085938,228.3800048828125,229.13999938964844,226.14999389648438,226.41000366210938,3331400
2021-06-03,196.95245361328125,229.17999267578125,230.22999572753906,227.00999450683594,228.33999633789062,3155400
2021-06-04,198.80873107910156,231.33999633789062,231.61000061035156,228.7100067138672,230.1999969482422,3085100
2021-06-07,198.4220428466797,230.88999938964844,232.66000366210938,230.38999938964844,231.5,2221700
2021-06-08,202.04002380371094,235.10000610351562,236.36000061035156,232.5500030517578,234.27000427246094,3441700
2021-06-09,199.32440185546875,231.94000244140625,236.8000030517578,231.88999938964844,234.60000610351562,3372900
2021-06-10,199.08377075195312,231.66000366210938,233.6999969482422,231.39999389648438,231.66000366210938,2579400
2021-06-11,200.18374633789062,232.94000244140625,232.97999572753906,231.7899932861328,231.7899932861328,2510200
2021-06-14,200.29550170898438,233.07000732421875,233.5,231.5500030517578,233.16000366210938,2904200
2021-06-15,199.86578369140625,232.57000732421875,233.00999450683594,230.75,233.00999450683594,2518000
2021-06-16,198.739990234375,231.25999450683594,233.0,229.55999755859375,232.6999969482422,2767600
2021-06-17,198.70565795898438,231.22000122070312,232.92999267578125,229.8300018310547,230.5500030517578,2826600
2021-06-18,198.1126708984375,230.52999877929688,231.3699951171875,228.00999450683594,229.86000061035156,4481400
2021-06-21,200.89706420898438,233.77000427246094,234.0399932861328,231.25,231.41000366210938,3049700
2021-06-22,203.8533172607422,237.2100067138672,237.86000061035156,233.8800048828125,234.49000549316406,2901400
2021-06-23,203.9392547607422,237.30999755859375,237.97000122070312,235.83999633789062,236.8699951171875,2246400
2021-06-24,206.11349487304688,239.83999633789062,239.8699951171875,238.32000732421875,239.44000244140625,2141900
2021-06-25,206.72364807128906,240.5500030517578,241.74000549316406,239.7899932861328,240.00999450683594,5987500
2021-06-28,207.33380126953125,241.25999450683594,242.24000549316406,239.77999877929688,240.89999389648438,2062900
2021-06-29,207.84083557128906,241.85000610351562,243.4600067138672,241.00999450683594,241.25999450683594,2089600
2021-06-30,207.74630737304688,241.74000549316406,242.9499969482422,240.8000030517578,241.7899932861328,2773200
2021-07-01,209.2329864501953,243.47000122070312,243.52999877929688,241.1300048828125,241.9600067138672,2125300
2021-07-02,211.90567016601562,246.5800018310547,246.97999572753906,244.2100067138672,244.5,2178900
2021-07-06,210.93460083007812,245.4499969482422,247.33999633789062,242.9499969482422,246.5,2305000
2021-07-07,212.7393341064453,247.5500030517578,248.39999389648438,245.52999877929688,245.61000061035156,2035800
2021-07-08,213.6244659423828,248.5800018310547,248.9600067138672,245.0500030517578,245.32000732421875,2292700
2021-07-09,213.6244659423828,248.5800018310547,250.75,247.3800048828125,248.67999267578125,2702500
2021-07-12,216.76979064941406,252.24000549316406,252.47000122070312,249.1199951171875,249.5,3056900
2021-07-13,216.3486785888672,251.75,253.44000244140625,250.5,250.5,2392900
2021-07-14,217.96435546875,253.6300048828125,254.0500030517578,251.61000061035156,252.60000610351562,2578700
2021-07-15,217.36277770996094,252.92999267578125,254.52999877929688,252.02999877929688,253.6999969482422,2646200
2021-07-16,215.83303833007812,251.14999389648438,254.0500030517578,250.86000061035156,253.89999389648438,3415900
2021-07-19,215.80728149414062,251.1199951171875,251.82000732421875,248.5399932861328,249.77999877929688,3187300
2021-07-20,218.8924560546875,254.7100067138672,256.3800048828125,249.69000244140625,251.10000610351562,2805200
2021-07-21,220.04400634765625,256.04998779296875,256.42999267578125,254.3000030517578,255.25,2262500
2021-07-22,220.86903381347656,257.010009765625,257.7900085449219,254.97999572753906,257.3999938964844,2472200
2021-07-23,224.32371520996094,261.0299987792969,261.1099853515625,257.5299987792969,257.7799987792969,2016900
2021-07-26,224.17762756347656,260.8599853515625,262.3800048828125,259.0899963378906,260.8800048828125,2338000
2021-07-27,222.02919006347656,258.3599853515625,260.260009765625,255.69000244140625,260.0,3036100
2021-07-28,221.22137451171875,257.4200134277344,258.8599853515625,256.3800048828125,257.2900085449219,2810500
2021-07-29,224.86512756347656,261.6600036621094,261.8399963378906,257.3800048828125,258.19000244140625,3055000
2021-07-30,224.3408660888672,261.04998779296875,263.4599914550781,258.7300109863281,260.739990234375,2806600
2021-08-02,221.066650390625,257.239990234375,262.30999755859375,254.8000030517578,262.0799865722656,3174900
2021-08-03,225.3292236328125,262.20001220703125,263.29998779296875,257.9599914550781,258.1099853515625,2545000
2021-08-04,223.89402770996094,260.5299987792969,262.8900146484375,260.239990234375,261.20001220703125,2397200
2021-08-05,224.64170837402344,261.3999938964844,262.7099914550781,259.9800109863281,261.7699890136719,2202900
2021-08-06,223.5159149169922,260.0899963378906,262.989990234375,259.3399963378906,261.92999267578125,2441900
2021-08-09,225.5096893310547,262.4100036621094,262.7900085449219,260.0799865722656,260.1000061035156,2508800
2021-08-10,226.9362335205078,264.07000732421875,265.75,262.010009765625,262.9700012207031,3369800
2021-08-11,226.0253143310547,263.010009765625,267.05999755859375,262.45001220703125,264.54998779296875,2939000
2021-08-12,225.05419921875,261.8800048828125,264.6000061035156,261.04998779296875,263.95001220703125,2266400
2021-08-13,224.7620086669922,261.5400085449219,263.70001220703125,260.6199951171875,262.69000244140625,3070400
2021-08-16,226.1456298828125,263.1499938964844,263.489990234375,256.75,260.0899963378906,3397400
2021-08-17,219.59190368652344,254.64999389648438,260.45001220703125,252.0500030517578,260.45001220703125,6620500
2021-08-18,213.4952392578125,247.5800018310547,255.7899932861328,246.25,248.99000549316406,8908000
2021-08-19,211.6240234375,245.41000366210938,249.52999877929688,244.39999389648438,244.52999877929688,5067600
2021-08-20,218.51402282714844,253.39999389648438,253.97999572753906,246.6199951171875,246.6699981689453,4146100
2021-08-23,217.76376342773438,252.52999877929688,255.22000122070312,252.33999633789062,254.25999450683594,2952900
2021-08-24,216.14260864257812,250.64999389648438,253.5,250.27999877929688,253.5,2466600
2021-08-25,216.5737762451172,251.14999389648438,252.25999450683594,249.41000366210938,250.5,2438100
2021-08-26,214.68527221679688,248.9600067138672,250.50999450683594,247.3000030517578,250.42999267578125,2919900
2021-08-27,214.8749542236328,249.17999267578125,250.47000122070312,247.67999267578125,248.14999389648438,2661100
2021-08-30,215.0301971435547,249.36000061035156,251.3800048828125,249.14999389648438,249.2100067138672,2092700
2021-08-31,212.97787475585938,246.97999572753906,249.60000610351562,245.4199981689453,249.14999389648438,3966000
2021-09-01,212.45179748535156,246.3699951171875,247.5500030517578,244.25999450683594,247.0,2862700
2021-09-02,211.9689178466797,245.80999755859375,246.9600067138672,245.14999389648438,246.3300018310547,2523300
2021-09-03,210.67547607421875,244.30999755859375,245.17999267578125,243.0,245.08999633789062,3351700
2021-09-07,209.30433654785156,242.72000122070312,244.58999633789062,241.58999633789062,243.9199981689453,2725200
2021-09-08,212.22763061523438,246.11000061035156,246.19000244140625,242.38999938964844,242.72999572753906,2843300
2021-09-09,211.64988708496094,245.44000244140625,247.32000732421875,244.6199951171875,245.97000122070312,2474600
2021-09-10,210.87376403808594,244.5399932861328,247.6999969482422,244.19000244140625,247.2100067138672,1945600
2021-09-13,209.6320343017578,243.10000610351562,246.25,241.60000610351562,245.5,2872000
2021-09-14,208.8904266357422,242.24000549316406,244.41000366210938,241.77999877929688,243.38999938964844,1905800
2021-09-15,210.52882385253906,244.13999938964844,244.86000061035156,241.8000030517578,242.3300018310547,1953000
2021-09-16,212.95199584960938,246.9499969482422,247.5,244.75,245.22999572753906,2171400
2021-09-17,212.71054077148438,246.6699981689453,248.52999877929688,245.4499969482422,245.4499969482422,3735900
2021-09-20,208.8041534423828,242.13999938964844,246.1699981689453,239.55999755859375,243.47999572753906,3329100
2021-09-21,208.08843994140625,241.30999755859375,245.05999755859375,241.24000549316406,242.83999633789062,1960300
2021-09-22,208.485107421875,241.77000427246094,243.3800048828125,239.72000122070312,242.3699951171875,2285900
2021-09-23,209.26121520996094,242.6699981689453,245.1699981689453,242.44000244140625,243.5,2038600
2021-09-24,208.20053100585938,241.44000244140625,242.80999755859375,240.3800048828125,241.3300018310547,1901400
2021-09-27,205.73431396484375,238.5800018310547,242.33999633789062,237.8699951171875,240.25,2588400
2021-09-28,201.30194091796875,233.44000244140625,237.36000061035156,232.86000061035156,236.89999389648438,3173900
2021-09-29,203.380126953125,235.85000610351562,237.6199951171875,233.80999755859375,234.57000732421875,2655500
2021-09-30,197.27484130859375,228.77000427246094,235.8800048828125,228.1300048828125,235.8800048828125,5425400
2021-10-01,196.9730682373047,228.4199981689453,229.49000549316406,223.85000610351562,229.25,3476400
2021-10-04,194.79132080078125,225.88999938964844,229.0,222.8800048828125,227.92999267578125,3816400
2021-10-05,196.2313995361328,227.55999755859375,229.50999450683594,225.66000366210938,227.05999755859375,2407300
2021-10-06,195.60194396972656,226.8300018310547,227.5399932861328,224.77999877929688,226.14999389648438,2789100
2021-10-07,198.1802978515625,229.82000732421875,231.5,228.39999389648438,228.5500030517578,2352000
2021-10-08,197.38693237304688,228.89999389648438,231.72000122070312,228.32000732421875,230.0500030517578,2004900
2021-10-11,197.23175048828125,228.72000122070312,231.25,228.33999633789062,228.57000732421875,1998600
2021-10-12,198.54249572753906,230.24000549316406,231.39999389648438,228.5,230.0,2167400
2021-10-13,204.15621948242188,236.75,236.77000427246094,230.52000427246094,231.5,3984700
2021-10-14,208.76104736328125,242.08999633789062,243.8000030517578,236.22999572753906,238.8000030517578,4281700
2021-10-15,211.88272094726562,245.7100067138672,247.35000610351562,242.14999389648438,243.3000030517578,3626900
2021-10-18,218.7295684814453,253.64999389648438,253.74000549316406,244.5399932861328,244.9499969482422,4365800
2021-10-19,217.4705810546875,252.19000244140625,256.95001220703125,251.8000030517578,254.52999877929688,3204800
2021-10-20,217.16014099121094,251.8300018310547,254.74000549316406,251.30999755859375,254.30999755859375,2209300
2021-10-21,219.2124786376953,254.2100067138672,254.24000549316406,251.39999389648438,251.6199951171875,1758400
2021-10-22,220.69569396972656,255.92999267578125,257.4100036621094,254.58999633789062,255.47999572753906,2205700
2021-10-25,224.50717163085938,260.3500061035156,261.0,256.1000061035156,256.82000732421875,2488400
2021-10-26,223.1102294921875,258.7300109863281,261.510009765625,257.510009765625,261.3999938964844,2439700
2021-10-27,221.2217254638672,256.5400085449219,259.3900146484375,255.72000122070312,258.94000244140625,2269700
2021-10-28,222.67042541503906,258.2200012207031,260.1499938964844,257.5299987792969,258.260009765625,1735200
2021-10-29,223.87770080566406,259.6199951171875,259.7799987792969,256.510009765625,256.510009765625,2417800
2021-11-01,222.41175842285156,257.9200134277344,261.79998779296875,257.489990234375,261.54998779296875,1718100
2021-11-02,224.4295654296875,260.260009765625,261.20001220703125,258.5400085449219,259.0299987792969,2228000
2021-11-03,224.55892944335938,260.4100036621094,260.6499938964844,256.7200012207031,258.70001220703125,2397300
2021-11-04,224.58482360839844,260.44000244140625,262.510009765625,259.4200134277344,260.6600036621094,3031000
2021-11-05,219.2642364501953,254.27000427246094,261.239990234375,252.80999755859375,261.0,4060300
2021-11-08,218.45364379882812,253.3300018310547,256.1000061035156,252.02999877929688,253.25,2523100
2021-11-09,220.03172302246094,255.16000366210938,255.4199981689453,252.57000732421875,252.77999877929688,2346800
2021-11-10,219.07452392578125,254.0500030517578,256.0,252.64999389648438,254.02999877929688,2093100
2021-11-11,220.76466369628906,256.010009765625,256.5799865722656,253.6999969482422,254.27000427246094,2199400
2021-11-12,224.2225799560547,260.0199890136719,261.8699951171875,256.67999267578125,257.3800048828125,2497600
2021-11-15,227.93923950195312,264.3299865722656,268.9800109863281,261.3999938964844,262.7900085449219,4852400
2021-11-16,230.50050354003906,266.3900146484375,267.5299987792969,262.739990234375,263.0,4355800
2021-11-17,219.6066436767578,253.8000030517578,257.1700134277344,251.47000122070312,253.99000549316406,11855900
2021-11-18,218.09243774414062,252.0500030517578,256.6400146484375,249.64999389648438,256.0899963378906,5786300
2021-11-19,216.92431640625,250.6999969482422,253.8800048828125,250.41000366210938,251.10000610351562,3960900
2021-11-22,211.62022399902344,244.57000732421875,251.67999267578125,241.2100067138672,251.42999267578125,5568900
2021-11-23,215.60906982421875,249.17999267578125,249.72000122070312,243.42999267578125,245.64999389648438,4053400
2021-11-24,215.2456512451172,248.75999450683594,249.6199951171875,246.1199951171875,247.89999389648438,3052000
2021-11-26,213.3507537841797,246.57000732421875,251.4600067138672,245.77999877929688,248.69000244140625,3180900
2021-11-29,215.59178161621094,249.16000366210938,251.5800018310547,247.00999450683594,248.5399932861328,3027600
2021-11-30,210.98851013183594,243.83999633789062,246.99000549316406,242.24000549316406,246.36000061035156,7907900
2021-12-01,208.00335693359375,240.38999938964844,248.39999389648438,240.22999572753906,245.67999267578125,3851600
2021-12-02,212.4248809814453,245.5,246.6199951171875,241.38999938964844,241.88999938964844,3684000
2021-12-03,214.21600341796875,247.57000732421875,248.41000366210938,245.30999755859375,246.72999572753906,4838700
2021-12-06,210.23573303222656,242.97000122070312,248.85000610351562,242.32000732421875,248.4600067138672,3772600
2021-12-07,212.53736877441406,245.6300048828125,246.22999572753906,243.6699981689453,244.6300048828125,3565900
2021-12-08,207.31976318359375,239.60000610351562,247.3300018310547,238.1999969482422,246.74000549316406,4929400
2021-12-09,205.55459594726562,237.55999755859375,239.6999969482422,235.8300018310547,239.11000061035156,2762200
2021-12-10,206.091064453125,238.17999267578125,239.75,236.69000244140625,237.16000366210938,2487200
2021-12-13,202.62135314941406,234.1699981689453,238.52000427246094,232.39999389648438,237.9199981689453,3783500
2021-12-14,203.581787109375,235.27999877929688,236.16000366210938,230.91000366210938,230.91000366210938,3364800
2021-12-15,204.7672119140625,236.64999389648438,236.82000732421875,231.5500030517578,233.60000610351562,3433500
2021-12-16,194.4964141845703,224.77999877929688,236.64999389648438,224.49000549316406,235.9600067138672,7302100
2021-12-17,193.22442626953125,223.30999755859375,226.2899932861328,221.47000122070312,224.8300018310547,5832300
2021-12-20,189.65951538085938,219.19000244140625,221.5,214.60000610351562,221.02999877929688,5233200
2021-12-21,190.4209747314453,220.07000732421875,220.77999877929688,216.47999572753906,219.8800048828125,3975700
2021-12-22,188.40489196777344,217.74000549316406,221.27999877929688,217.0,219.8000030517578,4182600
2021-12-23,191.23431396484375,221.00999450683594,222.13999938964844,218.2899932861328,218.5500030517578,3345300
2021-12-27,193.9080352783203,224.10000610351562,224.69000244140625,220.86000061035156,222.10000610351562,4335600
2021-12-28,194.60890197753906,224.91000366210938,227.5,223.63999938964844,224.4499969482422,3202400
2021-12-29,197.21337890625,227.9199981689453,229.57000732421875,225.3699951171875,225.3699951171875,3065800
2021-12-30,200.6658172607422,231.91000366210938,233.8699951171875,228.8000030517578,228.8000030517578,4007400
2021-12-31,200.25909423828125,231.44000244140625,233.6199951171875,229.22000122070312,232.77000427246094,2485100
2022-01-03,200.70040893554688,231.9499969482422,232.27999877929688,228.75999450683594,231.07000732421875,3018000
2022-01-04,202.62135314941406,234.1699981689453,235.63999938964844,231.57000732421875,232.00999450683594,3327600
2022-01-05,198.02671813964844,228.86000061035156,236.3300018310547,228.77000427246094,234.80999755859375,3885800
2022-01-06,200.18124389648438,231.35000610351562,232.66000366210938,222.74000549316406,222.74000549316406,4193200
2022-01-07,199.6880340576172,230.77999877929688,233.1999969482422,229.10000610351562,230.17999267578125,3052900
2022-01-10,196.78073120117188,227.4199981689453,228.63999938964844,223.02000427246094,228.52999877929688,4858100
2022-01-11,196.89320373535156,227.5500030517578,228.7100067138672,224.0,228.08999633789062,3048900
2022-01-12,194.2281951904297,224.47000122070312,230.13999938964844,224.10000610351562,228.19000244140625,4233300
2022-01-13,195.40492248535156,225.8300018310547,226.8000030517578,223.75,225.27999877929688,3459000
2022-01-14,191.57176208496094,221.39999389648438,224.3000030517578,218.38999938964844,222.4199981689453,5282600
2022-01-18,190.3690185546875,220.00999450683594,220.9499969482422,217.27999877929688,218.77999877929688,4652500
2022-01-19,193.68301391601562,223.83999633789062,228.3000030517578,220.63999938964844,221.75,4091200
2022-01-20,191.84864807128906,221.72000122070312,229.30999755859375,221.13999938964844,225.02000427246094,4307900
2022-01-21,187.9808807373047,217.25,220.88999938964844,214.22000122070312,220.0,7859300
2022-01-24,190.86224365234375,220.5800018310547,221.02999877929688,211.9199981689453,215.38999938964844,5617700
2022-01-25,185.7571258544922,214.67999267578125,218.67999267578125,212.91000366210938,218.36000061035156,4929100
2022-01-26,183.18728637695312,211.7100067138672,217.1699981689453,210.3800048828125,215.6199951171875,4207500
2022-01-27,183.5939178466797,212.17999267578125,217.32000732421875,211.38999938964844,215.3300018310547,4004300
2022-01-28,188.34429931640625,217.6699981689453,217.7899932861328,210.52000427246094,214.2899932861328,2906200
2022-01-31,190.732421875,220.42999267578125,220.72999572753906,216.3300018310547,216.91000366210938,4151100
2022-02-01,189.69412231445312,219.22999572753906,222.52000427246094,216.3300018310547,221.99000549316406,4117400
2022-02-02,188.29238891601562,217.61000061035156,220.08999633789062,215.3300018310547,218.25999450683594,4588500
2022-02-03,184.4938507080078,213.22000122070312,218.32000732421875,212.57000732421875,214.25,6357800
2022-02-04,185.20335388183594,214.0399932861328,215.5,210.5399932861328,214.1199951171875,3754700
2022-02-07,182.82383728027344,211.2899932861328,215.16000366210938,210.3000030517578,214.72999572753906,4402800
2022-02-08,184.2602081298828,212.9499969482422,214.66000366210938,210.64999389648438,211.0800018310547,2926600
2022-02-09,187.4530792236328,216.63999938964844,217.17999267578125,214.0500030517578,214.99000549316406,2562700
2022-02-10,185.03028869628906,213.83999633789062,217.5,212.7100067138672,214.3800048828125,3038100
2022-02-11,183.05747985839844,211.55999755859375,214.75,210.7899932861328,214.16000366210938,2852400
2022-02-14,180.4702911376953,208.57000732421875,211.5,205.7100067138672,211.19000244140625,4066700
2022-02-15,180.0444793701172,207.17999267578125,209.32000732421875,205.8000030517578,209.32000732421875,4739300
2022-02-16,180.59194946289062,207.80999755859375,208.85000610351562,204.8000030517578,206.8800048828125,3340600
2022-02-17,177.28097534179688,204.0,206.9499969482422,203.8699951171875,206.58999633789062,3865900
2022-02-18,177.6199188232422,204.38999938964844,206.6300048828125,203.47999572753906,204.52000427246094,3321700
2022-02-22,170.63291931152344,196.35000610351562,203.17999267578125,194.5,202.6300048828125,5621300
2022-02-23,165.0277099609375,189.89999389648438,197.8699951171875,189.61000061035156,196.89999389648438,4471300
2022-02-24,166.46163940429688,191.5500030517578,191.75999450683594,184.0,184.49000549316406,3917700
2022-02-25,173.12704467773438,199.22000122070312,199.5,191.32000732421875,191.50999450683594,4098500
2022-02-28,173.60499572753906,199.77000427246094,201.17999267578125,195.83999633789062,197.36000061035156,6192200
2022-03-01,190.6900177001953,219.42999267578125,227.10000610351562,218.5500030517578,226.8300018310547,15776100
2022-03-02,195.44358825683594,224.89999389648438,226.1199951171875,218.66000366210938,222.0,6357700
2022-03-03,194.52239990234375,223.83999633789062,229.19000244140625,222.3699951171875,226.1199951171875,4604600
2022-03-04,194.7483673095703,224.10000610351562,225.08999633789062,221.63999938964844,222.72999572753906,3996100
2022-03-07,183.3988800048828,211.0399932861328,224.61000061035156,210.57000732421875,224.10000610351562,5743400
2022-03-08,181.46096801757812,208.80999755859375,213.91000366210938,206.6999969482422,211.22999572753906,4463200
2022-03-09,187.7092742919922,216.0,218.4199981689453,213.44000244140625,213.72000122070312,3183200
2022-03-10,186.6490478515625,214.77999877929688,215.47999572753906,210.0800018310547,213.60000610351562,3155300
2022-03-11,179.8620147705078,206.97000122070312,216.52999877929688,206.8000030517578,215.66000366210938,4042600
2022-03-14,181.41751098632812,208.75999450683594,210.91000366210938,204.9499969482422,208.2100067138672,3168500
2022-03-15,187.14442443847656,215.35000610351562,216.1999969482422,210.50999450683594,210.50999450683594,2866700
2022-03-16,187.35296630859375,215.58999633789062,218.6999969482422,211.74000549316406,216.92999267578125,3029800
2022-03-17,191.73284912109375,220.6300048828125,220.89999389648438,214.47999572753906,215.0,3655400
2022-03-18,196.44296264648438,226.0500030517578,226.13999938964844,218.0800018310547,218.88999938964844,6544800
2022-03-21,193.7924346923828,223.0,228.4600067138672,221.32000732421875,226.02999877929688,3023500
2022-03-22,193.5925750732422,222.77000427246094,224.6300048828125,221.75,223.7100067138672,2464000
2022-03-23,188.3349609375,216.72000122070312,222.72999572753906,215.94000244140625,222.27000427246094,2993500
2022-03-24,188.61302185058594,217.0399932861328,218.7100067138672,216.16000366210938,217.02999877929688,2240400
2022-03-25,189.9774169921875,218.61000061035156,219.92999267578125,216.3300018310547,218.0500030517578,2465700
2022-03-28,190.7682342529297,219.52000427246094,219.52000427246094,216.4499969482422,218.05999755859375,2212000
2022-03-29,193.73159790039062,222.92999267578125,224.57000732421875,220.1999969482422,222.0,3072200
2022-03-30,192.88865661621094,221.9600067138672,223.69000244140625,220.6300048828125,221.6699981689453,2464900
2022-03-31,184.42437744140625,212.22000122070312,220.1999969482422,212.05999755859375,218.3300018310547,4615500
2022-04-01,182.96438598632812,210.5399932861328,214.1300048828125,209.61000061035156,213.32000732421875,3217100
2022-04-04,186.32748413085938,214.41000366210938,214.61000061035156,206.19000244140625,210.19000244140625,3167000
2022-04-05,186.6577606201172,214.7899932861328,218.3699951171875,213.17999267578125,213.49000549316406,2538500
2022-04-06,187.65713500976562,215.94000244140625,217.08999633789062,211.0,211.6699981689453,3678500
2022-04-07,198.3026580810547,228.19000244140625,229.80999755859375,218.42999267578125,219.0,7938100
2022-04-08,202.77810668945312,233.33999633789062,236.07000732421875,230.6199951171875,233.0,6631200
2022-04-11,199.27597045898438,229.30999755859375,235.9600067138672,228.91000366210938,233.25999450683594,3172200
2022-04-12,201.0401153564453,231.33999633789062,235.41000366210938,230.38999938964844,232.3000030517578,3366600
2022-04-13,203.19532775878906,233.82000732421875,235.19000244140625,229.50999450683594,230.3000030517578,2451300
2022-04-14,206.13258361816406,237.1999969482422,238.19000244140625,233.11000061035156,233.91000366210938,3909700
2022-04-18,208.0357666015625,239.38999938964844,241.25999450683594,235.0800018310547,235.5399932861328,3341800
2022-04-19,213.82345581054688,246.0500030517578,247.1999969482422,239.47000122070312,240.30999755859375,4715700
2022-04-20,216.6651611328125,249.32000732421875,250.97000122070312,246.44000244140625,248.6199951171875,3735500
2022-04-21,215.66580200195312,248.1699981689453,254.8699951171875,247.61000061035156,250.85000610351562,3967700
2022-04-22,210.0258026123047,241.67999267578125,247.1999969482422,241.42999267578125,246.5500030517578,3431300
2022-04-25,210.00845336914062,241.66000366210938,242.9199981689453,238.27000427246094,239.99000549316406,3265100
2022-04-26,205.52426147460938,236.5,242.5,236.41000366210938,239.55999755859375,2915500
2022-04-27,200.7185821533203,230.97000122070312,237.52999877929688,230.47000122070312,236.4499969482422,2995300
2022-04-28,205.42868041992188,236.38999938964844,237.6199951171875,230.77999877929688,234.42999267578125,2317800
2022-04-29,198.70240783691406,228.64999389648438,235.8300018310547,228.2100067138672,234.49000549316406,3220700
2022-05-02,199.68441772460938,229.77999877929688,233.0,225.16000366210938,230.14999389648438,3049000
2022-05-03,202.0829315185547,232.5399932861328,234.49000549316406,229.5,231.0399932861328,3027600
2022-05-04,206.3324737548828,237.42999267578125,238.58999633789062,229.13999938964844,231.85000610351562,3256300
2022-05-05,200.53607177734375,230.75999450683594,235.86000061035156,228.3000030517578,235.61000061035156,3466500
2022-05-06,195.7129669189453,225.2100067138672,229.66000366210938,222.64999389648438,225.85000610351562,3683300
2022-05-09,194.8352508544922,224.1999969482422,228.17999267578125,222.32000732421875,223.1999969482422,4672300
2022-05-10,190.41192626953125,219.11000061035156,228.75,216.69000244140625,226.58999633789062,3748000
2022-05-11,185.5280303955078,213.49000549316406,220.9199981689453,212.3800048828125,219.39999389648438,3193600
2022-05-12,188.81295776367188,217.27000427246094,220.82000732421875,213.05999755859375,213.36000061035156,3547400
2022-05-13,190.95071411132812,219.72999572753906,223.3000030517578,217.80999755859375,219.99000549316406,3146700
2022-05-16,190.5336151123047,219.25,221.64999389648438,216.27000427246094,220.11000061035156,3345600
2022-05-17,187.85472106933594,215.27999877929688,215.5800018310547,209.1300048828125,210.6300048828125,6641600
2022-05-18,141.0219268798828,161.61000061035156,168.0,155.1999969482422,163.07000732421875,50936800
2022-05-19,133.8839874267578,153.42999267578125,161.42999267578125,151.27999877929688,161.27000427246094,23319000
2022-05-20,135.56809997558594,155.36000061035156,155.8000030517578,150.88999938964844,153.6199951171875,12300200
2022-05-23,134.2941131591797,153.89999389648438,156.11000061035156,153.27999877929688,154.99000549316406,7700100
2022-05-24,130.84732055664062,149.9499969482422,152.08999633789062,145.50999450683594,151.5800018310547,10936600
2022-05-25,136.49305725097656,156.4199981689453,156.97999572753906,149.52000427246094,150.24000549316406,8107700
2022-05-26,142.40936279296875,163.1999969482422,163.3300018310547,157.85000610351562,157.97999572753906,7369700
2022-05-27,145.847412109375,167.13999938964844,167.1999969482422,163.1999969482422,163.24000549316406,6315500
2022-05-31,141.25750732421875,161.8800048828125,166.7899932861328,161.42999267578125,166.50999450683594,8942100
2022-06-01,136.58033752441406,156.52000427246094,163.16000366210938,156.47999572753906,161.8800048828125,4480900
2022-06-02,140.41110229492188,160.91000366210938,161.05999755859375,156.0800018310547,156.55999755859375,4366000
2022-06-03,140.52450561523438,161.0399932861328,162.86000061035156,159.0,159.19000244140625,4187700
2022-06-06,139.3290252685547,159.6699981689453,162.0500030517578,158.75,161.39999389648438,3772300
2022-06-07,136.109130859375,155.97999572753906,157.9499969482422,147.14999389648438,148.0,33299700
2022-06-08,136.73741149902344,156.6999969482422,159.6300048828125,153.35000610351562,154.42999267578125,6576000
2022-06-09,134.86134338378906,154.5500030517578,158.2899932861328,154.49000549316406,156.75,5744300
2022-06-10,130.60301208496094,149.6699981689453,152.72000122070312,149.6300048828125,151.50999450683594,5099600
2022-06-13,126.36211395263672,144.80999755859375,147.38999938964844,143.8699951171875,146.52999877929688,5886000
2022-06-14,124.52093505859375,142.6999969482422,146.42999267578125,141.2899932861328,144.8800048828125,5200800
2022-06-15,128.6571044921875,147.44000244140625,149.27000427246094,142.11000061035156,142.52000427246094,6353100
2022-06-16,124.68669891357422,142.88999938964844,147.0800018310547,142.00999450683594,144.9199981689453,5630300
2022-06-17,121.55406951904297,139.3000030517578,141.8000030517578,138.5800018310547,141.0800018310547,10928100
2022-06-21,126.26611328125,144.6999969482422,145.6999969482422,140.85000610351562,141.5500030517578,6555500
2022-06-22,122.87171173095703,140.80999755859375,144.32000732421875,140.24000549316406,143.19000244140625,4639700
2022-06-23,128.1073455810547,146.80999755859375,147.3000030517578,140.8300018310547,141.82000732421875,5211100
2022-06-24,131.25743103027344,150.4199981689453,151.0,146.47999572753906,147.1699981689453,6993100
2022-06-27,130.55067443847656,149.61000061035156,151.92999267578125,148.02999877929688,151.16000366210938,3607200
2022-06-28,126.10906982421875,144.52000427246094,151.30999755859375,144.3300018310547,150.44000244140625,4131800
2022-06-29,123.8228530883789,141.89999389648438,144.49000549316406,141.32000732421875,144.2100067138672,4238900
2022-06-30,123.23821258544922,141.22999572753906,143.22999572753906,137.16000366210938,140.17999267578125,5899900
2022-07-01,124.2416763305664,142.3800048828125,142.5,139.5,140.75999450683594,3010200
2022-07-05,127.1474380493164,145.7100067138672,146.05999755859375,139.3000030517578,141.41000366210938,3715100
2022-07-06,126.36211395263672,144.80999755859375,146.0800018310547,143.02999877929688,145.4600067138672,2828500
2022-07-07,130.85604858398438,149.9600067138672,150.1300048828125,145.24000549316406,145.77999877929688,3959500
2022-07-08,129.13705444335938,147.99000549316406,150.02999877929688,147.4600067138672,149.88999938964844,2544900
2022-07-11,127.7408218383789,146.38999938964844,148.7100067138672,145.7899932861328,147.99000549316406,2050800
2022-07-12,126.14397430419922,144.55999755859375,149.66000366210938,143.60000610351562,146.66000366210938,3132800
2022-07-13,126.9118423461914,145.44000244140625,147.3300018310547,142.22999572753906,142.66000366210938,2769000
2022-07-14,127.6535873413086,146.2899932861328,146.5500030517578,142.9199981689453,143.5399932861328,2976000
2022-07-15,127.98518371582031,146.6699981689453,148.67999267578125,145.85000610351562,147.9199981689453,3831500
2022-07-18,130.33248901367188,149.36000061035156,152.77999877929688,147.77999877929688,148.5500030517578,4362700
2022-07-19,133.8229217529297,153.36000061035156,153.5399932861328,149.75999450683594,151.35000610351562,3155900
2022-07-20,136.5629119873047,156.5,156.61000061035156,152.2100067138672,153.8000030517578,3248100
2022-07-21,138.44773864746094,158.66000366210938,158.75,154.99000549316406,156.47999572753906,3105200
2022-07-22,137.6449432373047,157.74000549316406,160.7899932861328,156.6300048828125,159.35000610351562,2779800
2022-07-25,137.42681884765625,157.49000549316406,158.47999572753906,156.61000061035156,158.39999389648438,2328000
2022-07-26,132.47035217285156,151.80999755859375,152.6199951171875,149.5,149.72999572753906,4620000
2022-07-27,134.9049835205078,154.60000610351562,155.83999633789062,150.8000030517578,153.0,3609300
2022-07-28,139.1109161376953,159.4199981689453,160.05999755859375,154.6699981689453,155.10000610351562,3114000
2022-07-29,142.56643676757812,163.3800048828125,164.0399932861328,158.52999877929688,160.0,5523000
2022-08-01,144.45999145507812,165.5500030517578,169.11000061035156,165.35000610351562,168.63999938964844,4534700
2022-08-02,142.6537322998047,163.47999572753906,166.3300018310547,163.2899932861328,164.52000427246094,3109400
2022-08-03,146.52804565429688,167.9199981689453,169.64999389648438,164.3800048828125,164.3800048828125,4057000
2022-08-04,145.34130859375,166.55999755859375,168.5,165.72999572753906,167.6300048828125,3157600
2022-08-05,144.96607971191406,166.1300048828125,166.89999389648438,164.39999389648438,165.0500030517578,2205400
2022-08-08,145.6990966796875,166.97000122070312,170.99000549316406,166.42999267578125,166.66000366210938,2806400
2022-08-09,144.08477783203125,165.1199951171875,166.0800018310547,163.91000366210938,165.77000427246094,2608600
2022-08-10,148.0550994873047,169.6699981689453,172.92999267578125,167.75,169.0399932861328,4539900
2022-08-11,147.9940185546875,169.60000610351562,172.99000549316406,168.8800048828125,171.07000732421875,4278800
2022-08-12,150.50714111328125,172.47999572753906,172.49000549316406,170.0500030517578,171.07000732421875,2357300
2022-08-15,151.3012237548828,173.38999938964844,174.16000366210938,170.1999969482422,171.8300018310547,3788600
2022-08-16,158.220458984375,180.19000244140625,183.88999938964844,175.55999755859375,177.11000061035156,9057600
2022-08-17,153.96177673339844,175.33999633789062,177.99000549316406,170.8300018310547,174.16000366210938,13409000
2022-08-18,151.9510040283203,173.0500030517578,175.13999938964844,171.5800018310547,173.97999572753906,4241300
2022-08-19,146.67373657226562,167.0399932861328,171.9199981689453,166.7899932861328,171.8300018310547,5015800
2022-08-22,142.21311950683594,161.9600067138672,165.97999572753906,161.36000061035156,165.07000732421875,4630100
2022-08-23,142.22193908691406,161.97000122070312,162.82000732421875,160.14999389648438,161.94000244140625,3795100
2022-08-24,143.240478515625,163.1300048828125,164.5399932861328,159.72000122070312,162.07000732421875,3407100
2022-08-25,147.07766723632812,167.5,167.5500030517578,161.60000610351562,162.6300048828125,3071400
2022-08-26,141.03652954101562,160.6199951171875,168.1199951171875,160.60000610351562,168.00999450683594,3607600
2022-08-29,139.34182739257812,158.69000244140625,160.4499969482422,158.16000366210938,159.25,2531100
2022-08-30,141.17703247070312,160.77999877929688,161.08999633789062,157.17999267578125,158.6999969482422,3249700
2022-08-31,140.79066467285156,160.33999633789062,161.30999755859375,158.25999450683594,161.25,4901300
2022-09-01,144.74197387695312,164.83999633789062,164.89999389648438,158.10000610351562,159.2899932861328,4021400
2022-09-02,144.53126525878906,164.60000610351562,166.33999633789062,163.2899932861328,165.50999450683594,3563200
2022-09-06,143.63565063476562,163.5800018310547,164.7899932861328,159.3300018310547,164.50999450683594,4530300
2022-09-07,149.96658325195312,170.7899932861328,171.72000122070312,162.77999877929688,163.22000122070312,5206400
2022-09-08,150.94122314453125,171.89999389648438,172.2100067138672,168.72000122070312,169.07000732421875,2817100
2022-09-09,152.4778289794922,173.64999389648438,174.57000732421875,171.5399932861328,171.75,3379500
2022-09-12,152.65345764160156,173.85000610351562,176.1300048828125,173.13999938964844,175.11000061035156,3024600
2022-09-13,145.9713134765625,166.24000549316406,171.75,165.69000244140625,170.0500030517578,3585400
2022-09-14,145.21620178222656,165.3800048828125,168.8800048828125,163.39999389648438,167.86000061035156,3618800
2022-09-15,144.89126586914062,165.00999450683594,168.99000549316406,164.6999969482422,165.4499969482422,2909300
2022-09-16,144.08343505859375,164.08999633789062,165.63999938964844,161.7100067138672,162.72999572753906,4843500
2022-09-19,144.67173767089844,164.75999450683594,165.08999633789062,162.02999877929688,163.0,2607200
2022-09-20,140.51844787597656,160.02999877929688,163.75,158.22000122070312,163.3000030517578,3019600
2022-09-21,139.64036560058594,159.02999877929688,163.82000732421875,159.02999877929688,161.0,2809500
2022-09-22,134.31048583984375,152.9600067138672,158.42999267578125,152.63999938964844,158.24000549316406,3984700
2022-09-23,134.00314331054688,152.61000061035156,152.77999877929688,149.7100067138672,151.9499969482422,3796600
2022-09-26,130.57862854003906,148.7100067138672,152.50999450683594,147.3699951171875,151.55999755859375,3967800
2022-09-27,130.3678741455078,148.47000122070312,152.25999450683594,146.86000061035156,150.47000122070312,2941400
2022-09-28,136.86561584472656,155.8699951171875,156.9499969482422,149.30999755859375,149.5399932861328,4254000
2022-09-29,133.2830810546875,151.7899932861328,154.75,150.89999389648438,154.1999969482422,3170400
2022-09-30,130.29763793945312,148.38999938964844,152.22999572753906,145.5,151.58999633789062,4328300
2022-10-03,133.2830810546875,151.7899932861328,152.6199951171875,148.38999938964844,149.6699981689453,2847500
2022-10-04,137.82278442382812,156.9600067138672,158.2899932861328,154.33999633789062,154.6999969482422,3028600
2022-10-05,137.33981323242188,156.41000366210938,157.5500030517578,153.41000366210938,155.0,2491700
2022-10-06,136.76025390625,155.75,159.0,155.47999572753906,157.4600067138672,2603400
2022-10-07,133.76605224609375,152.33999633789062,154.52000427246094,150.72000122070312,154.33999633789062,2771900
2022-10-10,134.43338012695312,153.10000610351562,153.8800048828125,150.47999572753906,152.97999572753906,2055800
2022-10-11,135.66268920898438,154.5,157.72000122070312,152.7100067138672,153.5,2408100
2022-10-12,135.36416625976562,154.16000366210938,157.0,154.0399932861328,154.74000549316406,2265100
2022-10-13,135.32901000976562,154.1199951171875,156.05999755859375,148.8699951171875,151.2100067138672,3393900
2022-10-14,127.92684173583984,145.69000244140625,155.19000244140625,145.19000244140625,154.47999572753906,4762800
2022-10-17,131.05279541015625,149.25,151.0,146.67999267578125,147.74000549316406,3177400
2022-10-18,138.0598602294922,157.22999572753906,161.1300048828125,155.00999450683594,155.52999877929688,5563400
2022-10-19,136.44419860839844,155.38999938964844,158.19000244140625,154.1300048828125,157.19000244140625,2611500
2022-10-20,135.57485961914062,154.39999389648438,159.16000366210938,153.4199981689453,155.97999572753906,3079800
2022-10-21,139.78086853027344,159.19000244140625,159.25999450683594,154.3000030517578,154.5399932861328,3508300
2022-10-24,142.09022521972656,161.82000732421875,162.89999389648438,159.6300048828125,160.3000030517578,2974100
2022-10-25,145.5849609375,165.8000030517578,166.30999755859375,161.99000549316406,162.8000030517578,4177900
2022-10-26,146.43667602539062,166.77000427246094,170.75,165.32000732421875,167.83999633789062,3453500
2022-10-27,146.5508270263672,166.89999389648438,170.3000030517578,166.8000030517578,168.22000122070312,2957400
2022-10-28,147.0952606201172,167.52000427246094,167.94000244140625,163.0399932861328,166.25999450683594,3066800
2022-10-31,144.22393798828125,164.25,167.36000061035156,164.02000427246094,166.0,3792500
2022-11-01,144.52247619628906,164.58999633789062,166.97999572753906,162.57000732421875,166.44000244140625,3051000
2022-11-02,140.667724609375,160.1999969482422,165.88999938964844,160.0800018310547,164.5800018310547,3377900
2022-11-03,140.31646728515625,159.8000030517578,160.7899932861328,157.75,157.97999572753906,3041600
2022-11-04,140.167236328125,159.6300048828125,162.75,156.25999450683594,162.41000366210938,2653500
2022-11-07,140.37794494628906,159.8699951171875,161.41000366210938,158.0,161.24000549316406,2424100
2022-11-08,141.9145965576172,161.6199951171875,164.66000366210938,159.80999755859375,161.32000732421875,3284600
2022-11-09,134.33682250976562,152.99000549316406,161.58999633789062,152.5,161.0800018310547,4018400
2022-11-10,144.33807373046875,164.3800048828125,164.5500030517578,158.38999938964844,158.94000244140625,4962900
2022-11-11,152.18809509277344,173.32000732421875,174.8300018310547,164.9499969482422,165.1199951171875,5828300
2022-11-14,152.1353759765625,173.25999450683594,176.8000030517578,172.35000610351562,172.63999938964844,5753800
2022-11-15,158.14376831054688,178.97999572753906,180.4600067138672,176.89999389648438,177.0,8606000
2022-11-16,137.3707275390625,155.47000122070312,158.49000549316406,148.75,149.85000610351562,36731500
2022-11-17,143.14932250976562,162.00999450683594,162.17999267578125,152.72000122070312,153.47999572753906,11300500
2022-11-18,143.91807556152344,162.8800048828125,164.6999969482422,160.0,161.97999572753906,7280900
2022-11-21,139.62384033203125,158.02000427246094,161.92999267578125,156.77000427246094,161.0800018310547,5964700
2022-11-22,139.48245239257812,157.86000061035156,159.91000366210938,155.75,158.7899932861328,6364100
2022-11-23,144.38636779785156,163.41000366210938,164.13999938964844,158.25,158.47999572753906,4833500
2022-11-25,144.35983276367188,163.3800048828125,163.9600067138672,161.60000610351562,163.5,1883000
2022-11-28,146.11819458007812,165.3699951171875,166.88999938964844,162.80999755859375,162.80999755859375,4624100
2022-11-29,147.00173950195312,166.3699951171875,166.97000122070312,161.50999450683594,164.42999267578125,5231700
2022-11-30,147.6202850341797,167.07000732421875,167.22999572753906,162.74000549316406,165.8800048828125,11376700
2022-12-01,145.81776428222656,165.02999877929688,167.42999267578125,163.0500030517578,166.47000122070312,4989200
2022-12-02,145.049072265625,164.16000366210938,164.86000061035156,162.4499969482422,163.30999755859375,3442900
2022-12-05,136.89358520507812,154.92999267578125,162.88999938964844,154.7899932861328,162.88999938964844,6233200
2022-12-06,136.99960327148438,155.0500030517578,156.67999267578125,153.27999877929688,155.82000732421875,4721800
2022-12-07,135.85980224609375,153.75999450683594,155.69000244140625,153.38999938964844,153.5,3685200
2022-12-08,136.25741577148438,154.2100067138672,155.25999450683594,153.1699981689453,154.0399932861328,3107100
2022-12-09,134.5520477294922,152.27999877929688,154.72000122070312,152.1199951171875,153.41000366210938,2905900
2022-12-12,132.5640106201172,150.02999877929688,150.67999267578125,148.42999267578125,150.5,4433800
2022-12-13,133.3062286376953,150.8699951171875,154.10000610351562,149.6999969482422,153.1999969482422,4178900
2022-12-14,134.75527954101562,152.50999450683594,154.64999389648438,150.13999938964844,150.5,3749100
2022-12-15,130.4169158935547,147.60000610351562,150.0,145.32000732421875,149.86000061035156,5415500
2022-12-16,129.40078735351562,146.4499969482422,147.66000366210938,145.5500030517578,146.0500030517578,8367000
2022-12-19,127.81034851074219,144.64999389648438,147.0,143.55999755859375,146.60000610351562,4186700
2022-12-20,126.57333374023438,143.25,143.9600067138672,142.4499969482422,142.89999389648438,3175400
2022-12-21,125.73395538330078,142.3000030517578,144.19000244140625,141.97000122070312,142.25999450683594,3510200
2022-12-22,124.89453125,141.35000610351562,141.7100067138672,139.67999267578125,141.5,3846500
2022-12-23,126.4849624633789,143.14999389648438,143.27000427246094,139.8800048828125,140.86000061035156,2464800
2022-12-27,128.6055908203125,145.5500030517578,146.27999877929688,142.39999389648438,143.0,3112500
2022-12-28,128.82644653320312,145.8000030517578,147.22000122070312,144.85000610351562,145.30999755859375,2623200
2022-12-29,131.0972442626953,148.3699951171875,149.66000366210938,146.8800048828125,146.97000122070312,2829000
2022-12-30,131.68927001953125,149.0399932861328,149.0800018310547,146.8000030517578,147.22999572753906,2391100
2023-01-03,134.0661163330078,151.72999572753906,152.63999938964844,149.5800018310547,149.97999572753906,3685200
2023-01-04,134.94085693359375,152.72000122070312,154.32000732421875,147.67999267578125,148.25999450683594,4443300
2023-01-05,136.30157470703125,154.25999450683594,154.50999450683594,150.2899932861328,152.2100067138672,3266000
2023-01-06,141.50588989257812,160.14999389648438,161.05999755859375,156.8800048828125,157.64999389648438,4944200
2023-01-09,138.14828491210938,156.35000610351562,160.3699951171875,156.33999633789062,159.8800048828125,3853800
2023-01-10,137.81253051757812,155.97000122070312,157.5399932861328,154.83999633789062,157.4199981689453,2554900
2023-01-11,140.46327209472656,158.97000122070312,159.0,155.89999389648438,157.14999389648438,3146800
2023-01-12,141.15243530273438,159.75,160.25,156.47999572753906,160.0,3222600
2023-01-13,145.43785095214844,164.60000610351562,164.92999267578125,159.1300048828125,159.32000732421875,5161200
2023-01-17,143.2288818359375,162.10000610351562,165.69000244140625,162.07000732421875,164.49000549316406,3527900
2023-01-18,142.106689453125,160.8300018310547,165.19000244140625,160.6300048828125,163.41000366210938,2798100
2023-01-19,140.57810974121094,159.10000610351562,160.61000061035156,157.52999877929688,159.5,2881300
2023-01-20,143.32608032226562,162.2100067138672,162.75,158.5,159.6300048828125,3122000
2023-01-23,145.46435546875,164.6300048828125,165.49000549316406,161.35000610351562,162.2100067138672,2371400
2023-01-24,144.5100555419922,163.5500030517578,169.82000732421875,163.25999450683594,169.82000732421875,1902000
2023-01-25,145.09323120117188,164.2100067138672,164.2100067138672,160.63999938964844,162.5,2248200
2023-01-26,147.58493041992188,167.02999877929688,167.10000610351562,164.47999572753906,165.6999969482422,2079100
2023-01-27,148.8926544189453,168.50999450683594,170.32000732421875,166.7899932861328,168.0,3850300
2023-01-30,149.0428466796875,168.67999267578125,169.58999633789062,165.74000549316406,167.0,3453500
2023-01-31,152.10003662109375,172.13999938964844,172.22000122070312,168.1199951171875,168.1199951171875,3716000
2023-02-01,156.46495056152344,177.0800018310547,177.67999267578125,169.91000366210938,172.11000061035156,4022200
2023-02-02,159.9462890625,181.02000427246094,181.6999969482422,176.89999389648438,177.7100067138672,4003800
2023-02-03,156.18222045898438,176.75999450683594,179.07000732421875,175.1999969482422,177.27000427246094,2941600
2023-02-06,153.6021728515625,173.83999633789062,175.3800048828125,171.72000122070312,174.69000244140625,2642700
2023-02-07,154.4150390625,174.75999450683594,175.44000244140625,171.94000244140625,173.5500030517578,2256700
2023-02-08,151.79078674316406,171.7899932861328,173.97000122070312,171.50999450683594,173.52000427246094,2037000
2023-02-09,151.419677734375,171.3699951171875,174.02000427246094,170.55999755859375,172.6999969482422,1656100
2023-02-10,150.22683715820312,170.02000427246094,171.1999969482422,168.7899932861328,170.32000732421875,1841400
2023-02-13,153.14268493652344,173.32000732421875,173.5,170.3300018310547,170.99000549316406,2432600
2023-02-14,152.1912841796875,171.1699981689453,172.97999572753906,168.83999633789062,171.5500030517578,2418400
2023-02-15,156.50355529785156,176.02000427246094,176.2899932861328,169.9499969482422,170.00999450683594,2954400
2023-02-16,155.1876678466797,174.5399932861328,177.2899932861328,173.77000427246094,174.1999969482422,2318700
2023-02-17,154.0140380859375,173.22000122070312,173.52000427246094,170.88999938964844,173.35000610351562,2678100
2023-02-21,147.79013061523438,166.22000122070312,170.99000549316406,166.1699981689453,169.52000427246094,4133600
2023-02-22,147.3455810546875,165.72000122070312,169.3000030517578,165.1999969482422,165.60000610351562,2941000
2023-02-23,147.1499786376953,165.5,165.89999389648438,161.8699951171875,165.89999389648438,2718500
2023-02-24,148.44810485839844,166.9600067138672,167.42999267578125,163.0,164.0800018310547,2888800
2023-02-27,148.31472778320312,166.80999755859375,169.8699951171875,165.47999572753906,168.6699981689453,5245000
2023-02-28,149.8173370361328,168.5,172.6699981689453,167.10000610351562,168.72999572753906,10669300
2023-03-01,144.3937225341797,162.39999389648438,168.39999389648438,160.8000030517578,168.16000366210938,5835700
2023-03-02,147.5412139892578,165.94000244140625,165.99000549316406,160.9499969482422,161.2100067138672,2829200
2023-03-03,147.59454345703125,166.0,166.2100067138672,164.32000732421875,166.14999389648438,2318600
2023-03-06,146.88323974609375,165.1999969482422,166.75999450683594,164.52000427246094,166.58999633789062,2220900
2023-03-07,144.7671661376953,162.82000732421875,166.6199951171875,162.5800018310547,165.8300018310547,2410800
2023-03-08,145.38058471679688,163.50999450683594,163.72999572753906,162.1699981689453,162.89999389648438,1752700
2023-03-09,142.82884216308594,160.63999938964844,164.6999969482422,160.47000122070312,164.30999755859375,1872200
2023-03-10,140.6415557861328,158.17999267578125,161.8699951171875,157.50999450683594,160.27000427246094,2754200
2023-03-13,140.410400390625,157.9199981689453,160.72999572753906,156.22999572753906,156.32000732421875,2342500
2023-03-14,140.81053161621094,158.3699951171875,160.32000732421875,156.5500030517578,159.77000427246094,2574200
2023-03-15,141.4862823486328,159.1300048828125,159.86000061035156,156.10000610351562,156.3300018310547,2633900
2023-03-16,144.9716339111328,163.0500030517578,163.24000549316406,157.22999572753906,157.5500030517578,2510100
2023-03-17,141.69076538085938,159.36000061035156,163.4600067138672,158.2899932861328,162.72999572753906,13175000
2023-03-20,145.1405792236328,163.24000549316406,163.3699951171875,159.25999450683594,159.3699951171875,2875800
2023-03-21,144.66932678222656,162.7100067138672,164.77000427246094,161.47999572753906,164.22999572753906,2497200
2023-03-22,140.01036071777344,157.47000122070312,163.11000061035156,157.3699951171875,162.89999389648438,2909900
2023-03-23,138.80999755859375,156.1199951171875,159.24000549316406,154.4499969482422,158.75,2791700
2023-03-24,138.89889526367188,156.22000122070312,156.57000732421875,152.67999267578125,154.72000122070312,2703700
2023-03-27,141.7085723876953,159.3800048828125,160.0399932861328,156.47999572753906,157.33999633789062,3078700
2023-03-28,142.0552978515625,159.77000427246094,161.25999450683594,158.10000610351562,159.0500030517578,2910600
2023-03-29,140.579345703125,158.11000061035156,161.0,155.9199981689453,160.88999938964844,4219400
2023-03-30,142.49986267089844,160.27000427246094,161.41000366210938,159.6699981689453,159.8000030517578,2237400
2023-03-31,147.26559448242188,165.6300048828125,165.8300018310547,160.9499969482422,161.5,3094100
2023-04-03,147.64785766601562,166.05999755859375,167.9600067138672,165.3300018310547,166.39999389648438,2744400
2023-04-04,147.6389923095703,166.0500030517578,167.02000427246094,164.9499969482422,165.7100067138672,2350500
2023-04-05,146.91880798339844,165.24000549316406,166.99000549316406,164.05999755859375,165.8000030517578,2762100
2023-04-06,147.22109985351562,165.5800018310547,165.83999633789062,160.67999267578125,162.57000732421875,2552900
2023-04-10,150.26190185546875,169.0,169.67999267578125,164.58999633789062,165.0800018310547,2724400
2023-04-11,150.77760314941406,169.5800018310547,171.24000549316406,169.3800048828125,169.7100067138672,2155500
2023-04-12,145.38058471679688,163.50999450683594,170.77000427246094,163.19000244140625,170.4600067138672,3900300
2023-04-13,145.167236328125,163.27000427246094,164.94000244140625,161.6999969482422,164.0399932861328,2464600
2023-04-14,143.14892578125,161.0,165.47000122070312,159.88999938964844,163.0,2370100
2023-04-17,144.6604766845703,162.6999969482422,163.0800018310547,161.24000549316406,161.50999450683594,2566500
2023-04-18,144.3937225341797,162.39999389648438,163.02999877929688,161.99000549316406,162.9499969482422,2195400
2023-04-19,144.49148559570312,162.50999450683594,162.85000610351562,160.2100067138672,160.75,2183700
2023-04-20,142.50875854492188,160.27999877929688,162.49000549316406,159.77999877929688,160.9199981689453,2809900
2023-04-21,144.19808959960938,162.17999267578125,164.52999877929688,160.94000244140625,161.32000732421875,2743600
2023-04-24,145.76295471191406,163.94000244140625,164.1999969482422,162.30999755859375,162.30999755859375,2313100
2023-04-25,140.13478088378906,157.61000061035156,164.11000061035156,157.3300018310547,163.9499969482422,2723300
2023-04-26,138.2143096923828,155.4499969482422,158.61000061035156,154.7899932861328,156.9499969482422,3077400
2023-04-27,140.6149139404297,158.14999389648438,158.60000610351562,155.1300048828125,156.22999572753906,3037900
2023-04-28,140.25926208496094,157.75,159.66000366210938,155.9499969482422,158.64999389648438,3432900
2023-05-01,139.69911193847656,157.1199951171875,158.75,156.33999633789062,157.67999267578125,1964500
2023-05-02,138.45433044433594,155.72000122070312,156.8000030517578,153.57000732421875,156.5500030517578,2277400
2023-05-03,137.43185424804688,154.57000732421875,158.6199951171875,154.33999633789062,155.32000732421875,2385700
2023-05-04,135.61802673339844,152.52999877929688,154.5,150.8699951171875,154.17999267578125,2653600
2023-05-05,138.9700469970703,156.3000030517578,157.77000427246094,154.1699981689453,154.49000549316406,2187200
2023-05-08,139.14785766601562,156.5,157.7899932861328,155.64999389648438,156.47999572753906,1495200
2023-05-09,139.96588134765625,157.4199981689453,157.86000061035156,155.4199981689453,155.6999969482422,1886000
2023-05-10,140.24148559570312,157.72999572753906,159.3000030517578,155.02000427246094,158.17999267578125,2804800
2023-05-11,141.25509643554688,158.8699951171875,159.30999755859375,156.5399932861328,157.3800048828125,2832000
2023-05-12,140.47267150878906,157.99000549316406,159.3000030517578,156.02999877929688,157.8000030517578,3361600
2023-05-15,142.76661682128906,160.57000732421875,160.7899932861328,157.39999389648438,157.97000122070312,4055200
2023-05-16,140.45713806152344,156.91000366210938,160.85000610351562,154.6999969482422,157.3800048828125,5805900
2023-05-17,144.08248901367188,160.9600067138672,162.83999633789062,155.1199951171875,155.8000030517578,8387700
2023-05-18,138.0133819580078,154.17999267578125,161.6199951171875,153.25,160.8699951171875,7881600
2023-05-19,136.31256103515625,152.27999877929688,155.27000427246094,150.92999267578125,154.89999389648438,4456000
2023-05-22,135.98138427734375,151.91000366210938,152.74000549316406,149.77000427246094,151.0,3717000
2023-05-23,131.72946166992188,147.16000366210938,151.3300018310547,146.94000244140625,150.3300018310547,4374100
2023-05-24,128.09519958496094,143.10000610351562,145.88999938964844,142.1300048828125,145.8000030517578,6738300
2023-05-25,125.9916000366211,140.75,142.1999969482422,138.64999389648438,142.17999267578125,7409500
2023-05-26,124.3624267578125,138.92999267578125,140.47999572753906,137.2100067138672,140.30999755859375,8100400
2023-05-30,119.8061294555664,133.83999633789062,138.88999938964844,133.5800018310547,138.22000122070312,10931900
2023-05-31,117.2012710571289,130.92999267578125,135.25999450683594,130.6300048828125,134.24000549316406,20234400
2023-06-01,117.40715026855469,131.16000366210938,132.02999877929688,126.75,128.60000610351562,13678400
2023-06-02,119.25114440917969,133.22000122070312,133.27999877929688,130.55999755859375,131.24000549316406,7594000
2023-06-05,116.90587615966797,130.60000610351562,132.50999450683594,129.72000122070312,131.6699981689453,7702900
2023-06-06,118.7856674194336,132.6999969482422,132.9600067138672,129.92999267578125,130.10000610351562,6065200
2023-06-07,117.935302734375,131.75,132.30999755859375,131.00999450683594,132.02999877929688,5504400
2023-06-08,117.50562286376953,131.27000427246094,132.77000427246094,130.22000122070312,131.5,6162000
2023-06-09,113.67440795898438,126.98999786376953,130.60000610351562,126.94999694824219,129.5,9404100
2023-06-12,113.21788787841797,126.4800033569336,127.38999938964844,125.08000183105469,127.30000305175781,8248400
2023-06-13,115.22301483154297,128.72000122070312,129.39999389648438,126.73999786376953,127.5,6916300
2023-06-14,119.2601089477539,133.22999572753906,134.52999877929688,127.93000030517578,129.1999969482422,14968700
2023-06-15,123.38672637939453,137.83999633789062,138.0800018310547,134.60000610351562,135.11000061035156,10063100
2023-06-16,119.77928924560547,133.80999755859375,138.05999755859375,133.63999938964844,138.05999755859375,9903000
2023-06-20,118.80359649658203,132.72000122070312,133.2899932861328,131.4199981689453,133.1199951171875,5355200
2023-06-21,119.25114440917969,133.22000122070312,133.97999572753906,131.3300018310547,132.36000061035156,3845500
2023-06-22,118.50819396972656,132.38999938964844,133.75999450683594,131.42999267578125,133.44000244140625,4620600
2023-06-23,118.00688171386719,131.8300018310547,132.41000366210938,130.32000732421875,131.00999450683594,6975500
2023-06-26,120.39696502685547,134.5,135.4600067138672,132.33999633789062,132.35000610351562,4831100
2023-06-27,118.61559295654297,132.50999450683594,134.83999633789062,132.41000366210938,133.1999969482422,6047600
2023-06-28,118.57979583740234,132.47000122070312,133.3800048828125,131.8800048828125,132.6999969482422,4601900
2023-06-29,118.97366333007812,132.91000366210938,134.05999755859375,131.77000427246094,132.47999572753906,6055200
2023-06-30,118.06956481933594,131.89999389648438,133.85000610351562,131.1300048828125,133.80999755859375,7316200
2023-07-03,120.71917724609375,134.86000061035156,135.32000732421875,131.58999633789062,131.58999633789062,4134600
2023-07-05,118.65141296386719,132.5500030517578,134.49000549316406,132.49000549316406,134.24000549316406,5186900
2023-07-06,117.12071990966797,130.83999633789062,132.97000122070312,130.42999267578125,131.8800048828125,4882300
2023-07-07,116.4135513305664,130.0500030517578,132.22000122070312,129.86000061035156,130.5,4256800
2023-07-10,117.92634582519531,131.74000549316406,131.86000061035156,130.27999877929688,130.27999877929688,3831300
2023-07-11,119.40333557128906,133.38999938964844,134.3000030517578,131.3699951171875,132.0399932861328,4089200
2023-07-12,118.97366333007812,132.91000366210938,135.41000366210938,132.83999633789062,134.85000610351562,3758300
2023-07-13,118.89310455322266,132.82000732421875,134.3000030517578,132.69000244140625,133.3699951171875,3077400
2023-07-14,117.19232177734375,130.9199981689453,132.67999267578125,130.66000366210938,132.08999633789062,4124300
2023-07-17,116.37773132324219,130.00999450683594,130.8300018310547,128.5500030517578,130.8000030517578,4731500
2023-07-18,117.09385681152344,130.80999755859375,131.97000122070312,129.0399932861328,130.35000610351562,3786400
2023-07-19,118.7856674194336,132.6999969482422,132.92999267578125,130.8800048828125,131.5,3229200
2023-07-20,120.52226257324219,134.63999938964844,135.2899932861328,132.47999572753906,133.1300048828125,4174700
2023-07-21,120.0209732055664,134.0800018310547,136.36000061035156,133.60000610351562,135.1300048828125,4034200
2023-07-24,121.2115249633789,135.41000366210938,135.60000610351562,133.8300018310547,134.32000732421875,2622600
2023-07-25,119.59132385253906,133.60000610351562,135.8300018310547,133.33999633789062,135.08999633789062,3849400
2023-07-26,120.37007904052734,134.47000122070312,135.5399932861328,132.4600067138672,132.75999450683594,5180100
2023-07-27,120.39696502685547,134.5,138.27999877929688,134.5,135.3300018310547,5538800
2023-07-28,120.84451293945312,135.0,136.74000549316406,134.80999755859375,135.85000610351562,2957500
2023-07-31,122.16036987304688,136.47000122070312,136.88999938964844,135.25999450683594,135.25999450683594,6055300
2023-08-01,119.04528045654297,132.99000549316406,136.5399932861328,132.9499969482422,136.3300018310547,4060700
2023-08-02,119.53759002685547,133.5399932861328,134.08999633789062,131.82000732421875,132.1999969482422,3562700
2023-08-03,118.81253051757812,132.72999572753906,134.0399932861328,132.60000610351562,133.22999572753906,3723100
2023-08-04,118.63351440429688,132.52999877929688,134.6199951171875,131.97000122070312,133.8000030517578,3481500
2023-08-07,118.1053695678711,131.94000244140625,133.6999969482422,131.33999633789062,133.02000427246094,3036700
2023-08-08,117.24602508544922,130.97999572753906,131.2100067138672,129.35000610351562,130.6199951171875,4359100
2023-08-09,116.90587615966797,130.60000610351562,132.07000732421875,130.25999450683594,131.35000610351562,2761200
2023-08-10,117.19232177734375,130.9199981689453,132.50999450683594,130.52000427246094,131.25,4375600
2023-08-11,117.3086929321289,131.0500030517578,131.69000244140625,130.02000427246094,130.02999877929688,3804000
2023-08-14,115.84961700439453,129.4199981689453,131.82000732421875,128.8699951171875,130.72999572753906,4425100
2023-08-15,112.89739227294922,125.05000305175781,129.32000732421875,124.95999908447266,127.94999694824219,9416500
2023-08-16,116.23780822753906,128.75,135.25,127.52999877929688,135.0,23754400
2023-08-17,117.46563720703125,130.11000061035156,132.85000610351562,128.42999267578125,128.5399932861328,8659600
2023-08-18,118.458740234375,131.2100067138672,132.4199981689453,129.05999755859375,129.61000061035156,5755800
2023-08-21,115.37110137939453,127.79000091552734,131.75,127.43000030517578,130.49000549316406,5928600
2023-08-22,112.79808044433594,124.94000244140625,126.06999969482422,122.63999938964844,125.5199966430664,8791100
2023-08-23,111.2362060546875,123.20999908447266,125.38999938964844,122.79000091552734,124.31999969482422,4797500
2023-08-24,112.03971099853516,124.0999984741211,124.44000244140625,122.12000274658203,122.62000274658203,4308100
2023-08-25,109.95420837402344,121.79000091552734,124.0999984741211,120.75,124.0,7279700
2023-08-28,111.43482208251953,123.43000030517578,123.7300033569336,121.44000244140625,121.93000030517578,5116600
2023-08-29,113.8995132446289,126.16000366210938,127.66000366210938,123.7699966430664,123.81999969482422,5267400
2023-08-30,114.61274719238281,126.94999694824219,127.3499984741211,125.37000274658203,125.7699966430664,3276700
2023-08-31,114.25161743164062,126.55000305175781,127.69999694824219,125.83999633789062,126.3499984741211,4234600
2023-09-01,113.32171630859375,125.5199966430664,127.69999694824219,125.1500015258789,127.55000305175781,2997100
2023-09-05,113.02378845214844,125.19000244140625,127.47000122070312,125.0,125.41999816894531,3427300
2023-09-06,111.68760681152344,123.70999908447266,125.47000122070312,123.12999725341797,125.19000244140625,3562100
2023-09-07,112.3647232055664,124.45999908447266,124.87999725341797,123.5199966430664,123.8499984741211,3267200
2023-09-08,111.66956329345703,123.69000244140625,124.7300033569336,122.52999877929688,124.36000061035156,2923200
2023-09-11,110.74868774414062,122.66999816894531,124.61000061035156,122.54000091552734,124.3499984741211,2613100
2023-09-12,110.50492858886719,122.4000015258789,123.4800033569336,122.25,122.9000015258789,2930600
2023-09-13,110.9834213256836,122.93000030517578,123.68000030517578,122.48999786376953,122.73999786376953,2541500
2023-09-14,112.64459228515625,124.7699966430664,124.95999908447266,122.80999755859375,123.5999984741211,3760900
2023-09-15,111.09175109863281,123.05000305175781,125.0999984741211,122.72000122070312,124.76000213623047,4919800
2023-09-18,107.74229431152344,119.33999633789062,122.91999816894531,118.55000305175781,122.91999816894531,5415200
2023-09-19,108.49163055419922,120.16999816894531,120.79000091552734,118.94999694824219,119.45999908447266,4056200
2023-09-20,108.70830535888672,120.41000366210938,121.54000091552734,120.06999969482422,120.58000183105469,3263500
2023-09-21,105.91861724853516,117.31999969482422,120.33999633789062,116.87999725341797,119.55000305175781,4133200
2023-09-22,101.65730285644531,112.5999984741211,117.37000274658203,112.54000091552734,116.97000122070312,6593700
2023-09-25,101.350341796875,112.26000213623047,112.75,110.52999877929688,112.11000061035156,5353300
2023-09-26,98.84050750732422,109.4800033569336,112.38999938964844,109.12000274658203,111.36000061035156,6022200
2023-09-27,99.07523345947266,109.73999786376953,110.63999938964844,108.48999786376953,109.37999725341797,4498100
2023-09-28,98.91272735595703,109.55999755859375,110.4800033569336,108.1500015258789,109.54000091552734,4676500
2023-09-29,99.82457733154297,110.56999969482422,111.6500015258789,109.87999725341797,110.37000274658203,4738100
2023-10-02,96.32164764404297,106.69000244140625,110.38999938964844,105.75,110.3499984741211,6121300
2023-10-03,96.74596405029297,107.16000366210938,108.58999633789062,106.18000030517578,106.18000030517578,5370300
2023-10-04,96.2584457397461,106.62000274658203,108.4000015258789,105.75,108.4000015258789,5523100
2023-10-05,94.93131256103516,105.1500015258789,106.69999694824219,104.62999725341797,105.87000274658203,4749300
2023-10-06,94.80491638183594,105.01000213623047,106.2699966430664,102.93000030517578,104.75,7556900
2023-10-09,95.4820327758789,105.76000213623047,106.12000274658203,103.73999786376953,105.23999786376953,4819900
2023-10-10,98.97593688964844,109.62999725341797,111.16000366210938,106.20999908447266,106.44999694824219,6791800
2023-10-11,98.39813232421875,108.98999786376953,110.41000366210938,106.93000030517578,110.12000274658203,3977400
2023-10-12,100.03223419189453,110.80000305175781,113.0,109.51000213623047,112.98999786376953,6497300
2023-10-13,101.0975570678711,111.9800033569336,112.2300033569336,110.01000213623047,111.20999908447266,4651400
2023-10-16,100.56488800048828,111.38999938964844,112.79000091552734,109.79000091552734,112.55999755859375,3872700
2023-10-17,101.62118530273438,112.55999755859375,113.18000030517578,110.75,111.18000030517578,3387900
2023-10-18,99.49955749511719,110.20999908447266,111.97000122070312,109.93000030517578,111.94000244140625,2940800
2023-10-19,97.82935333251953,108.36000061035156,110.9000015258789,108.33000183105469,110.22000122070312,4249500
2023-10-20,98.2536849975586,108.83000183105469,110.23999786376953,107.69999694824219,108.25,4215700
2023-10-23,96.98072052001953,107.41999816894531,108.44999694824219,106.66000366210938,108.08999633789062,3189800
2023-10-24,98.11825561523438,108.68000030517578,109.2300033569336,107.30999755859375,107.66999816894531,2518100
2023-10-25,99.63497924804688,110.36000061035156,111.08000183105469,107.91999816894531,108.43000030517578,4123200
2023-10-26,100.09542846679688,110.87000274658203,111.91000366210938,109.98999786376953,110.19999694824219,3092400
2023-10-27,96.80917358398438,107.2300033569336,111.0999984741211,106.88999938964844,110.5199966430664,3448200
2023-10-30,98.10923767089844,108.66999816894531,109.0999984741211,106.5999984741211,107.76000213623047,3852700
2023-10-31,100.02320861816406,110.79000091552734,111.27999877929688,108.45999908447266,108.87999725341797,5549400
2023-11-01,98.8946762084961,109.54000091552734,111.08000183105469,108.61000061035156,111.08000183105469,3081500
2023-11-02,100.27598571777344,111.06999969482422,111.83000183105469,108.91999816894531,110.23999786376953,3817800
2023-11-03,101.88300323486328,112.8499984741211,114.20999908447266,112.08000183105469,112.19999694824219,4341100
2023-11-06,100.2579345703125,111.05000305175781,113.44000244140625,110.91999816894531,113.29000091552734,3696200
2023-11-07,100.52877807617188,111.3499984741211,112.66999816894531,110.80000305175781,110.83000183105469,2859100
2023-11-08,99.17454528808594,109.8499984741211,111.94000244140625,109.30000305175781,111.04000091552734,4514000
2023-11-09,96.41192626953125,106.79000091552734,110.30999755859375,106.33000183105469,110.30999755859375,5604600
2023-11-10,97.8022689819336,108.33000183105469,108.62999725341797,105.2300033569336,107.11000061035156,6235800
2023-11-13,96.87237548828125,107.30000305175781,108.83000183105469,107.12999725341797,108.72000122070312,4016000
2023-11-14,101.05923461914062,110.79000091552734,112.30999755859375,108.08000183105469,108.25,7656100
2023-11-15,119.00159454345703,130.4600067138672,131.52999877929688,124.87999725341797,126.08000183105469,32230800
2023-11-16,118.52725219726562,129.94000244140625,130.80999755859375,127.19000244140625,127.26000213623047,12033200
2023-11-17,118.48165130615234,129.88999938964844,131.08999633789062,128.89999389648438,130.3800048828125,5982500
2023-11-20,118.26274108886719,129.64999389648438,130.22999572753906,128.3699951171875,129.35000610351562,5810200
2023-11-21,119.31173706054688,130.8000030517578,130.8699951171875,128.7100067138672,130.22000122070312,4057900
2023-11-22,119.03807830810547,130.5,132.36000061035156,129.88999938964844,130.5,3587900
2023-11-24,119.91377258300781,131.4600067138672,131.47000122070312,129.75999450683594,130.5,1863100
2023-11-27,119.79517364501953,131.3300018310547,132.35000610351562,130.25,131.14999389648438,3736700
2023-11-28,120.10531616210938,131.6699981689453,131.8000030517578,130.22000122070312,131.3300018310547,3804900
2023-11-29,119.78607177734375,131.32000732421875,133.10000610351562,131.1699981689453,131.9600067138672,2918900
2023-11-30,122.0573501586914,133.80999755859375,133.9600067138672,130.38999938964844,132.2100067138672,5759500
2023-12-01,122.942138671875,134.77999877929688,134.9499969482422,132.50999450683594,133.39999389648438,4594800
2023-12-04,121.96615600585938,133.7100067138672,136.24000549316406,133.19000244140625,134.22000122070312,7625100
2023-12-05,121.20904541015625,132.8800048828125,133.86000061035156,132.5,133.32000732421875,2997800
2023-12-06,121.6651382446289,133.3800048828125,133.99000549316406,132.2899932861328,133.24000549316406,3894200
2023-12-07,123.31614685058594,135.19000244140625,135.82000732421875,134.1300048828125,134.60000610351562,3939200
2023-12-08,123.31614685058594,135.19000244140625,136.39999389648438,135.10000610351562,135.22999572753906,2880800
2023-12-11,124.74827575683594,136.75999450683594,136.9499969482422,135.49000549316406,136.11000061035156,3571700
2023-12-12,123.74485778808594,135.66000366210938,136.91000366210938,135.22999572753906,136.91000366210938,3352100
2023-12-13,126.22596740722656,138.3800048828125,138.4199981689453,134.6999969482422,136.0,3531700
2023-12-14,128.74356079101562,141.13999938964844,142.1999969482422,139.4499969482422,139.6999969482422,4636400
2023-12-15,126.21683502197266,138.3699951171875,141.60000610351562,138.2100067138672,141.10000610351562,5680200
2023-12-18,125.62393951416016,137.72000122070312,139.14999389648438,137.39999389648438,139.0,3117000
2023-12-19,127.32059478759766,139.5800018310547,139.6999969482422,137.89999389648438,138.0,2834600
2023-12-20,124.8759536743164,136.89999389648438,138.8699951171875,136.5500030517578,138.72999572753906,3711700
2023-12-21,127.12901306152344,139.3699951171875,139.63999938964844,137.2899932861328,137.9499969482422,3980200
2023-12-22,127.88613891601562,140.1999969482422,140.4199981689453,138.6300048828125,139.44000244140625,3223100
2023-12-26,128.6432342529297,141.02999877929688,141.44000244140625,139.2899932861328,140.0,2237700
2023-12-27,129.87464904785156,142.3800048828125,142.72999572753906,140.61000061035156,140.92999267578125,2806400
2023-12-28,130.0205841064453,142.5399932861328,143.11000061035156,142.0,142.05999755859375,2146700
2023-12-29,129.9111328125,142.4199981689453,143.3699951171875,141.72000122070312,142.02000427246094,2517400
2024-01-02,130.5314178466797,143.10000610351562,144.1999969482422,141.5800018310547,142.19000244140625,3601500
2024-01-03,126.49051666259766,138.6699981689453,142.97000122070312,138.3300018310547,142.36000061035156,4662100
2024-01-04,127.93177032470703,140.25,140.92999267578125,137.6999969482422,138.86000061035156,3903000
2024-01-05,128.38783264160156,140.75,141.9499969482422,139.32000732421875,139.32000732421875,2745300
2024-01-08,129.28173828125,141.72999572753906,141.99000549316406,139.55999755859375,140.1999969482422,3563300
2024-01-09,131.14256286621094,143.77000427246094,143.97000122070312,140.52999877929688,141.0,3664400
2024-01-10,131.4344482421875,144.08999633789062,144.41000366210938,142.9199981689453,143.3800048828125,2777400
2024-01-11,129.5462646484375,142.02000427246094,144.5,140.99000549316406,144.5,3215300
2024-01-12,128.5337677001953,140.91000366210938,143.14999389648438,140.6699981689453,142.6999969482422,2236400
2024-01-16,128.6797332763672,141.07000732421875,142.4600067138672,139.9199981689453,142.19000244140625,3482400
2024-01-17,126.55435180664062,138.74000549316406,140.75,138.38999938964844,140.0800018310547,3566300
2024-01-18,125.33203125,137.39999389648438,139.1199951171875,135.6699981689453,138.6300048828125,4160700
2024-01-19,126.00704956054688,138.13999938964844,138.60000610351562,135.8000030517578,137.22000122070312,3592600
2024-01-22,128.0320587158203,140.36000061035156,140.75999450683594,137.91000366210938,138.39999389648438,2778700
2024-01-23,128.5063934326172,140.8800048828125,141.7100067138672,139.85000610351562,140.83999633789062,2806800
2024-01-24,126.97395324707031,139.1999969482422,141.8000030517578,138.9600067138672,141.60000610351562,2845900
2024-01-25,129.69219970703125,142.17999267578125,142.27999877929688,139.00999450683594,140.27999877929688,2566500
2024-01-26,130.011474609375,142.52999877929688,143.0,141.63999938964844,142.88999938964844,3014800
2024-01-29,129.0902099609375,141.52000427246094,142.97999572753906,136.35000610351562,142.72999572753906,4879000
2024-01-30,128.1780242919922,140.52000427246094,141.1999969482422,137.83999633789062,140.6199951171875,2879500
2024-01-31,126.86450958251953,139.0800018310547,141.4499969482422,138.9600067138672,140.52999877929688,5804400
2024-02-01,131.7354736328125,144.4199981689453,144.47000122070312,138.5,140.94000244140625,3613900
2024-02-02,132.7115020751953,145.49000549316406,147.0399932861328,142.57000732421875,143.49000549316406,3775800
2024-02-05,129.8290252685547,142.3300018310547,144.88999938964844,141.5,144.22000122070312,4697400
2024-02-06,131.7445831298828,144.42999267578125,144.47000122070312,141.4600067138672,142.66000366210938,2873200
2024-02-07,133.84255981445312,146.72999572753906,149.0,145.25999450683594,149.0,3979600
2024-02-08,134.4537353515625,147.39999389648438,149.08999633789062,146.85000610351562,147.00999450683594,2946900
2024-02-09,133.66012573242188,146.52999877929688,147.57000732421875,146.3000030517578,147.0800018310547,2792400
2024-02-12,136.278076171875,149.39999389648438,150.39999389648438,147.5,147.52000427246094,3492600
2024-02-13,133.27703857421875,146.11000061035156,147.8699951171875,144.58999633789062,147.22000122070312,3061800
2024-02-14,132.2919158935547,145.02999877929688,146.08999633789062,143.74000549316406,144.69000244140625,2986400
2024-02-15,133.47772216796875,146.3300018310547,148.25999450683594,145.42999267578125,145.7899932861328,2807600
2024-02-16,136.46961975097656,149.61000061035156,150.2899932861328,145.1300048828125,145.72999572753906,4319900
2024-02-20,137.7377471923828,149.88999938964844,152.11000061035156,149.2100067138672,150.0,3474400
2024-02-21,136.72694396972656,148.7899932861328,149.85000610351562,147.86000061035156,149.30999755859375,2306900
2024-02-22,138.15127563476562,150.33999633789062,150.97999572753906,147.99000549316406,148.7899932861328,2503800
2024-02-23,139.19886779785156,151.47999572753906,152.77999877929688,150.41000366210938,150.97999572753906,3503600
2024-02-26,137.97666931152344,150.14999389648438,150.9499969482422,149.10000610351562,150.61000061035156,3856900
2024-02-27,139.66751098632812,151.99000549316406,152.30999755859375,150.4499969482422,150.7899932861328,2851700
2024-02-28,139.16209411621094,151.44000244140625,152.25,150.64999389648438,151.3300018310547,2298300
2024-02-29,140.5220947265625,152.9199981689453,153.64999389648438,152.0,152.38999938964844,4447800
2024-03-01,142.69993591308594,155.2899932861328,155.5399932861328,152.0,153.24000549316406,4285500
2024-03-04,138.2891082763672,150.49000549316406,154.77000427246094,150.08999633789062,153.19000244140625,9096100
2024-03-05,154.9124755859375,168.5800018310547,170.47000122070312,165.2100067138672,166.05999755859375,22986800
2024-03-06,159.4703369140625,173.5399932861328,175.52999877929688,171.60000610351562,172.22000122070312,8955200
2024-03-07,157.63247680664062,171.5399932861328,175.27000427246094,171.32000732421875,175.0,3644700
2024-03-08,155.96005249023438,169.72000122070312,172.2899932861328,169.4499969482422,171.33999633789062,3362600
2024-03-11,154.44384765625,168.07000732421875,170.5800018310547,166.67999267578125,170.19000244140625,3142400
2024-03-12,153.98435974121094,167.57000732421875,169.05999755859375,167.52999877929688,168.63999938964844,2292100
2024-03-13,153.1573028564453,166.6699981689453,167.5399932861328,164.19000244140625,167.24000549316406,5546300
2024-03-14,150.98867797851562,164.30999755859375,167.1699981689453,163.0399932861328,166.75999450683594,3365900
2024-03-15,150.90594482421875,164.22000122070312,165.25,162.7100067138672,162.8699951171875,5074900
2024-03-18,154.0027313232422,167.58999633789062,168.19000244140625,163.44000244140625,163.97999572753906,3189600
2024-03-19,154.5724639892578,168.2100067138672,168.61000061035156,166.3000030517578,167.07000732421875,2290500
2024-03-20,156.64004516601562,170.4600067138672,170.57000732421875,167.3800048828125,167.9199981689453,2969700
2024-03-21,156.37355041503906,170.1699981689453,170.8800048828125,168.97000122070312,170.6699981689453,2624300
2024-03-22,154.9584197998047,168.6300048828125,170.1699981689453,168.49000549316406,170.0,2443600
2024-03-25,158.6616973876953,172.66000366210938,173.5800018310547,169.72999572753906,170.0,4262600
2024-03-26,158.643310546875,172.63999938964844,174.1999969482422,172.16000366210938,172.6300048828125,3512900
2024-03-27,160.5087432861328,174.6699981689453,175.47999572753906,173.5399932861328,174.10000610351562,4747100
2024-03-28,162.84280395507812,177.2100067138672,177.39999389648438,174.69000244140625,175.0,3716200
2024-04-01,163.40335083007812,177.82000732421875,181.86000061035156,177.66000366210938,178.77000427246094,3917400
2024-04-02,161.95144653320312,176.24000549316406,177.88999938964844,175.08999633789062,177.64999389648438,3022100
2024-04-03,161.26226806640625,175.49000549316406,177.19000244140625,175.10000610351562,176.52999877929688,3033900
2024-04-04,158.25735473632812,172.22000122070312,177.22999572753906,171.97999572753906,176.83999633789062,3614400
2024-04-05,157.8438262939453,171.77000427246094,172.5399932861328,170.02999877929688,171.6199951171875,2334000
2024-04-08,155.941650390625,169.6999969482422,172.1300048828125,169.6199951171875,170.89999389648438,2122900
2024-04-09,157.71519470214844,171.6300048828125,171.74000549316406,169.25999450683594,170.0,1846600
2024-04-10,157.7060089111328,171.6199951171875,171.86000061035156,168.75,169.89999389648438,2148700
2024-04-11,157.43951416015625,171.3300018310547,173.0500030517578,170.38999938964844,172.7899932861328,2247900
2024-04-12,152.65191650390625,166.1199951171875,171.05999755859375,165.77999877929688,170.82000732421875,3551700
2024-04-15,151.6319122314453,165.00999450683594,169.8000030517578,164.9600067138672,169.17999267578125,5075400
2024-04-16,150.07891845703125,163.32000732421875,166.0,162.2100067138672,165.05999755859375,3450600
2024-04-17,151.1356964111328,164.47000122070312,167.94000244140625,163.8699951171875,166.75999450683594,3700200
2024-04-18,153.0746307373047,166.5800018310547,167.52999877929688,165.08999633789062,165.72000122070312,3169500
2024-04-19,154.65516662597656,168.3000030517578,168.47000122070312,166.77000427246094,167.3300018310547,3377100
2024-04-22,153.5616455078125,167.11000061035156,169.08999633789062,166.02999877929688,168.75999450683594,2155500
2024-04-23,153.0102996826172,166.50999450683594,168.00999450683594,166.10000610351562,167.63999938964844,1890300
2024-04-24,151.93516540527344,165.33999633789062,166.5399932861328,164.7899932861328,165.02999877929688,2631400
2024-04-25,151.10812377929688,164.44000244140625,165.14999389648438,163.17999267578125,163.88999938964844,3141700
2024-04-26,151.3837890625,164.74000549316406,166.27999877929688,164.13999938964844,165.14999389648438,2085500
2024-04-29,150.45565795898438,163.72999572753906,165.72000122070312,162.05999755859375,164.6999969482422,2698500
2024-04-30,147.92861938476562,160.97999572753906,162.6300048828125,160.4199981689453,162.4499969482422,3534400
2024-05-01,143.74749755859375,156.42999267578125,161.6300048828125,156.3300018310547,160.8300018310547,4378000
2024-05-02,145.3004913330078,158.1199951171875,158.63999938964844,155.8000030517578,157.2899932861328,3880000
2024-05-03,145.22698974609375,158.0399932861328,160.30999755859375,157.80999755859375,159.0,3802200
2024-05-06,145.51187133789062,158.35000610351562,158.39999389648438,156.5,158.0399932861328,3314500
2024-05-07,147.4048309326172,160.41000366210938,162.36000061035156,159.83999633789062,161.07000732421875,3492500
2024-05-08,146.65133666992188,159.58999633789062,161.25,158.99000549316406,159.0,2678300
2024-05-09,150.9978485107422,164.32000732421875,164.39999389648438,159.0399932861328,159.44000244140625,2538000
2024-05-10,149.9043426513672,163.1300048828125,165.64999389648438,161.6999969482422,164.61000061035156,2414100
2024-05-13,147.85511779785156,160.89999389648438,164.39999389648438,160.58999633789062,164.2100067138672,2629000
2024-05-14,147.0779266357422,158.9600067138672,161.60000610351562,158.5800018310547,160.3000030517578,2707900
2024-05-15,145.73629760742188,157.50999450683594,161.0800018310547,157.0399932861328,160.61000061035156,2563700
2024-05-16,148.64157104492188,160.64999389648438,163.64999389648438,159.72000122070312,160.25,5232900
2024-05-17,148.16046142578125,160.1300048828125,160.47000122070312,159.10000610351562,160.17999267578125,4005500
2024-05-20,144.99609375,156.7100067138672,160.8000030517578,155.9600067138672,159.89999389648438,4429200
2024-05-21,144.1356201171875,155.77999877929688,156.83999633789062,154.64999389648438,156.7100067138672,6291000
2024-05-22,132.5607147216797,143.27000427246094,145.6699981689453,139.97999572753906,140.5399932861328,18724000
2024-05-23,133.61550903320312,144.41000366210938,145.5800018310547,141.75999450683594,142.5,6661100
2024-05-24,134.3742218017578,145.22999572753906,145.72999572753906,143.55999755859375,144.89999389648438,3550300
2024-05-28,136.10443115234375,147.10000610351562,147.44000244140625,144.52999877929688,145.0,4344300
2024-05-29,136.6966094970703,147.74000549316406,148.1300048828125,145.5,146.0500030517578,3038500
2024-05-30,138.66737365722656,149.8699951171875,150.36000061035156,147.9199981689453,148.52000427246094,4238000
2024-05-31,144.48721313476562,156.16000366210938,156.92999267578125,148.75999450683594,148.8800048828125,7501000
2024-06-03,141.59115600585938,153.02999877929688,154.49000549316406,151.3800048828125,152.08999633789062,4162500
2024-06-04,139.2965545654297,150.5500030517578,154.19000244140625,150.11000061035156,152.3699951171875,4683700
2024-06-05,136.3357696533203,147.35000610351562,150.97999572753906,146.75,150.5,5746100
2024-06-06,134.2816925048828,145.1300048828125,147.19000244140625,145.0500030517578,146.6999969482422,4682900
2024-06-07,135.086669921875,146.0,146.60000610351562,144.14999389648438,144.6300048828125,3110800
2024-06-10,137.4182891845703,148.52000427246094,148.91000366210938,145.57000732421875,146.0500030517578,3051600
2024-06-11,135.262451171875,146.19000244140625,148.3699951171875,145.9199981689453,148.25,3592400
2024-06-12,135.808349609375,146.77999877929688,148.02999877929688,145.10000610351562,146.33999633789062,3064300
2024-06-13,133.86529541015625,144.67999267578125,147.08999633789062,144.5500030517578,147.08999633789062,3470600
2024-06-14,130.6084442138672,141.16000366210938,143.8000030517578,139.3800048828125,143.77000427246094,5019700
2024-06-17,134.1336669921875,144.97000122070312,145.05999755859375,140.8000030517578,141.35000610351562,5006300
2024-06-18,131.88528442382812,142.5399932861328,144.85000610351562,142.4199981689453,144.35000610351562,2969500
2024-06-20,132.66253662109375,143.3800048828125,143.77000427246094,141.72999572753906,142.14999389648438,2628700
2024-06-21,135.20697021484375,146.1300048828125,146.27000427246094,143.99000549316406,143.99000549316406,5651600
2024-06-24,138.50083923339844,149.69000244140625,150.7899932861328,146.72000122070312,147.0,3933000
2024-06-25,135.79910278320312,146.77000427246094,149.1199951171875,146.33999633789062,148.47999572753906,3336500
2024-06-26,136.169189453125,147.1699981689453,147.30999755859375,144.9199981689453,146.00999450683594,2447000
2024-06-27,135.75283813476562,146.72000122070312,147.0,145.3000030517578,145.75,2273600
2024-06-28,136.97415161132812,148.0399932861328,148.7100067138672,146.1199951171875,147.5399932861328,12772300
2024-07-01,134.84608459472656,145.74000549316406,148.94000244140625,145.07000732421875,148.33999633789062,2638900
2024-07-02,134.52224731445312,145.38999938964844,146.99000549316406,144.4600067138672,145.5,3296400
2024-07-03,133.9763641357422,144.8000030517578,146.22999572753906,144.3699951171875,145.32000732421875,1633300
2024-07-05,134.7628173828125,145.64999389648438,146.42999267578125,144.5,144.5399932861328,3562200
2024-07-08,137.60333251953125,148.72000122070312,151.97000122070312,147.7899932861328,151.86000061035156,5183800
2024-07-09,136.5670623779297,147.60000610351562,149.6199951171875,147.22999572753906,148.0,2848400
2024-07-10,135.18844604492188,146.11000061035156,147.4499969482422,143.41000366210938,147.4499969482422,4105700
2024-07-11,140.08299255371094,151.39999389648438,151.88999938964844,146.5,147.0,4727800
2024-07-12,141.4246368408203,152.85000610351562,153.63999938964844,150.80999755859375,152.47000122070312,2675700
2024-07-15,139.99050903320312,151.3000030517578,153.4499969482422,150.91000366210938,152.85000610351562,3645900
2024-07-16,143.42315673828125,155.00999450683594,155.00999450683594,151.38999938964844,151.4499969482422,3391800
2024-07-17,144.27438354492188,155.92999267578125,156.74000549316406,154.0399932861328,154.0399932861328,3353700
2024-07-18,140.72145080566406,152.08999633789062,155.25,151.83999633789062,154.82000732421875,2927400
2024-07-19,138.53782653808594,149.72999572753906,151.4600067138672,149.36000061035156,151.4600067138672,3187000
2024-07-22,139.73143005371094,151.02000427246094,151.74000549316406,148.72000122070312,149.3699951171875,3692800
2024-07-23,139.03746032714844,150.27000427246094,150.9600067138672,149.63999938964844,150.1999969482422,1622400
2024-07-24,135.50302124023438,146.4499969482422,150.9199981689453,145.3000030517578,150.2899932861328,3029500
2024-07-25,135.35498046875,146.2899932861328,149.4199981689453,145.99000549316406,146.5800018310547,3019700
2024-07-26,137.86241149902344,149.0,149.99000549316406,147.25,147.25,2427000
2024-07-29,135.84536743164062,146.82000732421875,147.89999389648438,145.13999938964844,147.3800048828125,2487000
2024-07-30,136.89088439941406,147.9499969482422,148.2899932861328,146.75999450683594,147.3699951171875,2379200
2024-07-31,139.16702270507812,150.41000366210938,152.39999389648438,147.92999267578125,148.7100067138672,5743700
2024-08-01,136.03042602539062,147.02000427246094,151.35000610351562,146.0800018310547,151.2100067138672,3782400
2024-08-02,128.7672119140625,139.1699981689453,145.4199981689453,138.0399932861328,145.32000732421875,6476500
2024-08-05,123.86334991455078,133.8699951171875,136.35000610351562,132.4199981689453,136.0,6887700
2024-08-06,123.84487915039062,133.85000610351562,135.91000366210938,133.25,134.50999450683594,5005500
2024-08-07,123.4932632446289,133.47000122070312,137.75,133.33999633789062,136.17999267578125,3209700
2024-08-08,123.95589447021484,133.97000122070312,135.99000549316406,133.07000732421875,134.7899932861328,3894000
2024-08-09,125.37151336669922,135.5,135.60000610351562,132.75,133.61000061035156,3778100
2024-08-12,124.92741394042969,135.02000427246094,136.5399932861328,134.1199951171875,134.58999633789062,3695600
2024-08-13,126.4448013305664,136.66000366210938,136.91000366210938,133.6699981689453,135.67999267578125,3319800
2024-08-14,125.6120834350586,135.75999450683594,136.91000366210938,135.50999450683594,136.6999969482422,4838000
2024-08-15,131.07107543945312,141.66000366210938,143.8800048828125,140.55999755859375,143.2899932861328,4640600
2024-08-16,133.27316284179688,144.0399932861328,144.24000549316406,140.88999938964844,141.1199951171875,3473900
2024-08-19,133.81907653808594,144.6300048828125,148.63999938964844,144.4199981689453,144.5,4427000
2024-08-20,133.54147338867188,144.3300018310547,145.6999969482422,142.8800048828125,144.5,6815100
2024-08-21,148.49859619140625,159.25,167.39999389648438,158.97000122070312,167.3300018310547,25572100
2024-08-22,146.23265075683594,156.82000732421875,160.1199951171875,156.4199981689453,159.89999389648438,7452400
2024-08-23,147.79920959472656,158.5,159.6199951171875,156.74000549316406,157.5800018310547,3188300
2024-08-26,148.17221069335938,158.89999389648438,161.83999633789062,157.97000122070312,159.30999755859375,3655200
2024-08-27,147.96705627441406,158.67999267578125,159.77000427246094,157.75999450683594,158.89999389648438,3252300
2024-08-28,146.2699432373047,156.86000061035156,158.32000732421875,155.69000244140625,157.75,2666500
2024-08-29,143.0621795654297,153.4199981689453,156.25999450683594,152.47000122070312,156.25999450683594,3879500
2024-08-30,143.24867248535156,153.6199951171875,154.14999389648438,152.19000244140625,153.69000244140625,3933200
2024-09-03,141.55157470703125,151.8000030517578,154.9600067138672,151.35000610351562,152.99000549316406,4071000
2024-09-04,142.18563842773438,152.47999572753906,153.74000549316406,148.8699951171875,152.64999389648438,3841000
2024-09-05,141.64479064941406,151.89999389648438,153.5500030517578,150.6699981689453,153.05999755859375,3358900
2024-09-06,141.06666564941406,151.27999877929688,153.3300018310547,150.72000122070312,151.61000061035156,4045100
2024-09-09,140.42324829101562,150.58999633789062,152.9199981689453,149.9499969482422,151.3699951171875,3735200
2024-09-10,138.01744079589844,148.00999450683594,150.77999877929688,147.35000610351562,150.58999633789062,4103200
2024-09-11,137.3460235595703,147.2899932861328,147.97000122070312,144.6699981689453,147.25,4089500
2024-09-12,138.41839599609375,148.44000244140625,148.97999572753906,146.61000061035156,147.35000610351562,3453500
2024-09-13,141.14125061035156,151.36000061035156,152.6199951171875,149.47999572753906,149.72000122070312,3592300
2024-09-16,142.52133178710938,152.83999633789062,153.74000549316406,150.7100067138672,151.9499969482422,3429200
2024-09-17,141.7007293701172,151.9600067138672,153.69000244140625,151.07000732421875,152.94000244140625,3162300
2024-09-18,143.2300262451172,153.60000610351562,156.0399932861328,152.39999389648438,152.49000549316406,3269500
2024-09-19,145.92489624023438,156.49000549316406,157.38999938964844,155.0,156.5800018310547,5098800
2024-09-20,144.30239868164062,154.75,157.38999938964844,153.94000244140625,156.89999389648438,7389800
2024-09-23,144.80592346191406,155.2899932861328,155.74000549316406,152.91000366210938,154.77000427246094,2927700
2024-09-24,145.63584899902344,156.17999267578125,157.8300018310547,155.5,155.89999389648438,3114000
2024-09-25,144.60079956054688,155.07000732421875,156.9199981689453,154.16000366210938,156.2899932861328,2319900
2024-09-26,145.44935607910156,155.97999572753906,157.74000549316406,155.1199951171875,156.52999877929688,2757900
2024-09-27,144.70335388183594,155.17999267578125,157.50999450683594,154.77999877929688,156.5,3067200
2024-09-30,145.3374481201172,155.86000061035156,156.35000610351562,154.22000122070312,155.17999267578125,2934400
2024-10-01,141.924560546875,152.1999969482422,155.39999389648438,151.3699951171875,155.25,3994400
2024-10-02,140.24606323242188,150.39999389648438,152.4499969482422,149.9600067138672,151.66000366210938,2795000
2024-10-03,139.50009155273438,149.60000610351562,150.0,147.5399932861328,149.88999938964844,4790100
2024-10-04,142.5586395263672,152.8800048828125,153.8699951171875,151.32000732421875,151.9199981689453,3557100
2024-10-07,138.94058227539062,149.0,152.6300048828125,147.91000366210938,152.6300048828125,3301400
2024-10-08,141.1039581298828,151.32000732421875,151.77999877929688,148.80999755859375,148.99000549316406,3224100
2024-10-09,143.91073608398438,154.3300018310547,154.44000244140625,150.25,151.55999755859375,3514300
2024-10-10,145.44003295898438,155.97000122070312,156.25999450683594,152.32000732421875,154.3300018310547,3139100
2024-10-11,147.76193237304688,158.4600067138672,158.8300018310547,156.42999267578125,156.69000244140625,3594100
2024-10-14,147.3050079345703,157.97000122070312,159.55999755859375,156.5500030517578,158.1999969482422,2534300
2024-10-15,149.84136962890625,160.69000244140625,161.5,158.44000244140625,158.64999389648438,2987800
2024-10-16,148.1442413330078,158.8699951171875,160.7899932861328,158.4499969482422,160.6999969482422,3124500
2024-10-17,145.3654327392578,155.88999938964844,158.97000122070312,155.50999450683594,158.8800048828125,2879700
2024-10-18,146.25128173828125,156.83999633789062,157.07000732421875,154.7100067138672,156.49000549316406,2988700
2024-10-21,140.7216339111328,150.91000366210938,156.05999755859375,150.05999755859375,156.0,4455200
2024-10-22,139.11776733398438,149.19000244140625,150.27999877929688,148.64999389648438,150.0399932861328,2815000
2024-10-23,138.05471801757812,148.0500030517578,149.38999938964844,147.41000366210938,148.3300018310547,3962000
2024-10-24,140.04092407226562,150.17999267578125,150.5,148.6199951171875,149.2100067138672,3060300
2024-10-25,140.9547576904297,151.16000366210938,153.0800018310547,150.9499969482422,151.50999450683594,4082200
2024-10-28,139.2203369140625,149.3000030517578,153.3800048828125,149.27999877929688,152.64999389648438,2523700
2024-10-29,137.94281005859375,147.92999267578125,150.22000122070312,147.72000122070312,148.89999389648438,2881500
2024-10-30,138.4929962158203,148.52000427246094,149.7899932861328,147.69000244140625,148.0,2520500
2024-10-31,139.91036987304688,150.0399932861328,150.72000122070312,148.08999633789062,149.0399932861328,3229500
2024-11-01,140.65635681152344,150.83999633789062,151.82000732421875,150.11000061035156,151.3800048828125,2452800
2024-11-04,139.86373901367188,149.99000549316406,152.67999267578125,149.8000030517578,150.4600067138672,3289500
2024-11-05,140.79624938964844,150.99000549316406,151.8300018310547,149.52999877929688,150.00999450683594,2692300
2024-11-06,137.3460235595703,147.2899932861328,151.6999969482422,145.0800018310547,151.6999969482422,7506600
2024-11-07,140.7216339111328,150.91000366210938,152.25,147.60000610351562,147.8000030517578,4862000
2024-11-08,139.66793823242188,149.77999877929688,151.60000610351562,149.6300048828125,151.50999450683594,3323600
2024-11-11,142.93162536621094,153.27999877929688,154.6999969482422,149.89999389648438,150.0,3541700
2024-11-12,145.14163208007812,155.64999389648438,157.05999755859375,153.72999572753906,154.8000030517578,5082100
2024-11-13,144.52618408203125,154.99000549316406,156.97000122070312,154.75,155.5,3624500
2024-11-14,143.1088104248047,153.47000122070312,155.9199981689453,152.85000610351562,154.75999450683594,4075100
2024-11-15,141.85928344726562,152.1300048828125,154.2100067138672,151.9199981689453,153.8300018310547,3888700
2024-11-18,145.9901885986328,156.55999755859375,157.02999877929688,152.77999877929688,153.0,6503000
2024-11-19,145.46800231933594,156.0,158.4199981689453,154.00999450683594,156.1999969482422,9170500
2024-11-20,114.3231201171875,121.72000122070312,129.05999755859375,120.20999908447266,128.0,64557700
2024-11-21,114.20101928710938,121.58999633789062,124.0999984741211,120.58999633789062,122.08999633789062,19616700
2024-11-22,117.41320037841797,125.01000213623047,125.75,121.26000213623047,121.69999694824219,13730100
2024-11-25,122.59773254394531,130.52999877929688,131.91000366210938,127.51000213623047,128.07000732421875,15456500
2024-11-26,118.85960388183594,126.55000305175781,129.6199951171875,126.5,129.3000030517578,9888200
2024-11-27,122.18446350097656,130.08999633789062,130.75,127.18000030517578,127.98999786376953,6745200
2024-11-29,124.26956939697266,132.30999755859375,132.85000610351562,130.1699981689453,130.5,5023500
2024-12-02,122.77620697021484,130.72000122070312,131.99000549316406,127.87000274658203,130.72999572753906,14195600
2024-12-03,123.46183013916016,131.4499969482422,131.77000427246094,128.9199981689453,130.5,8163900
2024-12-04,122.16571044921875,130.07000732421875,130.9499969482422,129.0399932861328,130.77000427246094,6051300
2024-12-05,121.32038879394531,129.1699981689453,130.5,128.5,130.14999389648438,6858600
2024-12-06,124.34471130371094,132.38999938964844,132.7899932861328,130.0,130.0,7284100
2024-12-09,127.06846618652344,135.2899932861328,138.11000061035156,133.0,133.35000610351562,9619300
2024-12-10,126.84307098388672,135.0500030517578,136.61000061035156,133.3000030517578,135.7899932861328,5575500
2024-12-11,127.71654510498047,135.97999572753906,137.75,134.50999450683594,134.86000061035156,4811900
2024-12-12,127.06846618652344,135.2899932861328,137.6999969482422,135.22000122070312,137.07000732421875,3860200
2024-12-13,126.34526062011719,134.52000427246094,136.02999877929688,133.33999633789062,135.72000122070312,4261200
2024-12-16,124.40106201171875,132.4499969482422,134.82000732421875,131.75999450683594,133.5500030517578,5503800
2024-12-17,123.60272216796875,131.60000610351562,132.00999450683594,129.89999389648438,131.5399932861328,5793000
2024-12-18,122.75740814208984,130.6999969482422,136.2899932861328,130.61000061035156,131.30999755859375,6602400
2024-12-19,122.50381469726562,130.42999267578125,132.0,130.41000366210938,131.0,5262100
2024-12-20,123.48999786376953,131.47999572753906,132.30999755859375,129.35000610351562,129.72999572753906,7189100
2024-12-23,123.90328216552734,131.9199981689453,132.11000061035156,129.1999969482422,130.8000030517578,4097800
2024-12-24,124.35408020019531,132.39999389648438,132.6699981689453,131.17999267578125,131.8699951171875,1647700
2024-12-26,128.10162353515625,136.38999938964844,136.94000244140625,132.44000244140625,132.4600067138672,5042000
2024-12-27,127.26573181152344,135.5,137.08999633789062,135.0,135.1300048828125,3089000
2024-12-30,126.84307098388672,135.0500030517578,136.44000244140625,133.8300018310547,134.39999389648438,3945600
2024-12-31,126.96514892578125,135.17999267578125,136.58999633789062,134.2899932861328,135.5,2830200
2025-01-02,128.85304260253906,137.19000244140625,138.8800048828125,135.4600067138672,135.75,4358300
2025-01-03,127.53810119628906,135.7899932861328,138.02999877929688,135.14999389648438,137.69000244140625,4025200
2025-01-06,130.8253936767578,139.2899932861328,139.85000610351562,137.02000427246094,137.02000427246094,4937900
2025-01-07,130.78782653808594,139.25,142.1999969482422,138.35000610351562,139.92999267578125,4166100
2025-01-08,129.8204345703125,138.22000122070312,139.2899932861328,136.25999450683594,139.0,4663400
2025-01-10,133.0137939453125,141.6199951171875,143.0,138.4499969482422,138.74000549316406,5882800
2025-01-13,130.3369903564453,138.77000427246094,140.60000610351562,137.8699951171875,140.52999877929688,4061900
2025-01-14,128.17677307128906,136.47000122070312,140.75,135.66000366210938,140.22000122070312,4635500
2025-01-15,126.35466766357422,134.52999877929688,140.3699951171875,134.47999572753906,139.89999389648438,5132600
2025-01-16,125.15245056152344,133.25,133.77000427246094,127.91999816894531,128.52000427246094,9900600
2025-01-17,125.49058532714844,133.61000061035156,133.77999877929688,130.88999938964844,132.88999938964844,6892500
2025-01-21,128.993896484375,137.33999633789062,137.7100067138672,134.1199951171875,134.5,4848900
2025-01-22,127.51933288574219,135.77000427246094,137.27000427246094,135.41000366210938,137.19000244140625,4012400
2025-01-23,128.90936279296875,137.25,137.50999450683594,135.0399932861328,135.49000549316406,6788900
2025-01-24,129.510498046875,137.88999938964844,138.89999389648438,136.66000366210938,137.3000030517578,5868200
2025-01-27,133.84033203125,142.5,142.50999450683594,137.47999572753906,137.9499969482422,5331600
2025-01-28,132.4878387451172,141.05999755859375,145.0800018310547,140.61000061035156,143.0,4141500
2025-01-29,131.5767822265625,140.08999633789062,142.24000549316406,139.9499969482422,141.1999969482422,3279200
2025-01-30,131.905517578125,140.44000244140625,142.10000610351562,139.42999267578125,140.86000061035156,2792000
2025-01-31,129.52928161621094,137.91000366210938,140.38999938964844,137.44000244140625,140.11000061035156,4056400
2025-02-03,126.00715637207031,134.16000366210938,135.4499969482422,132.0800018310547,134.5800018310547,6330500
2025-02-04,127.3596420288086,135.60000610351562,136.8800048828125,133.27999877929688,135.0,4376200
2025-02-05,126.99335479736328,135.2100067138672,136.3000030517578,133.8000030517578,135.19000244140625,4908700
2025-02-06,126.49555206298828,134.67999267578125,137.0500030517578,134.1300048828125,136.05999755859375,4289200
2025-02-07,123.36791229248047,131.35000610351562,135.0,130.2899932861328,134.67999267578125,5756700
2025-02-10,123.30216217041016,131.27999877929688,132.32000732421875,130.2899932861328,131.77999877929688,4003500
2025-02-11,124.40106201171875,132.4499969482422,132.47000122070312,130.2100067138672,130.9199981689453,4782600
2025-02-12,120.77313232421875,127.5,129.83999633789062,126.81999969482422,129.2100067138672,6429000
2025-02-13,121.79615783691406,128.5800018310547,129.44000244140625,126.98999786376953,127.61000061035156,5325900
2025-02-14,121.13307189941406,127.87999725341797,129.44000244140625,127.36000061035156,128.92999267578125,4549000
2025-02-18,123.24542236328125,130.11000061035156,130.64999389648438,127.75,128.0,4901600
2025-02-19,123.85166931152344,130.75,131.6999969482422,129.47000122070312,130.0,3893500
2025-02-20,121.3698959350586,128.1300048828125,130.14999389648438,127.80000305175781,128.77999877929688,6195900
2025-02-21,117.71353912353516,124.2699966430664,127.0,123.93000030517578,125.91000366210938,9052900
2025-02-24,119.1343994140625,125.7699966430664,126.70999908447266,123.69000244140625,124.30999755859375,8772900
2025-02-25,120.66893005371094,127.38999938964844,127.70999908447266,125.9000015258789,126.27999877929688,6404300
2025-02-26,117.49568176269531,124.04000091552734,127.88999938964844,123.6500015258789,127.72000122070312,7714200
2025-02-27,116.03692626953125,122.5,125.05000305175781,122.37000274658203,123.73999786376953,6164500
2025-02-28,117.68511962890625,124.23999786376953,124.52999877929688,122.36000061035156,122.80000305175781,8893600
2025-03-03,114.38873291015625,120.76000213623047,127.05999755859375,119.91999816894531,125.2699966430664,12120900
2025-03-04,110.95972442626953,117.13999938964844,118.22000122070312,112.52999877929688,117.5,15623300
2025-03-05,110.41032409667969,116.55999755859375,116.77999877929688,114.0999984741211,116.37000274658203,7311000
2025-03-06,108.03274536132812,114.05000305175781,115.9000015258789,113.26000213623047,114.9800033569336,8020200
2025-03-07,109.00840759277344,115.08000183105469,115.31999969482422,112.0999984741211,113.5199966430664,8050900
2025-03-10,107.84329986572266,113.8499984741211,115.62999725341797,111.83999633789062,114.69000244140625,8146200
2025-03-11,106.81080627441406,112.76000213623047,115.01000213623047,112.20999908447266,113.91999816894531,8271800
2025-03-12,101.61993408203125,107.27999877929688,113.4800033569336,107.0199966430664,112.98999786376953,10434200
2025-03-13,98.98660278320312,104.5,108.0199966430664,104.01000213623047,107.77999877929688,9700200
2025-03-14,99.1760482788086,104.69999694824219,105.27999877929688,103.45999908447266,105.2300033569336,7551800
2025-03-17,100.09486389160156,105.66999816894531,106.95999908447266,105.26000213623047,105.66000366210938,5436200
2025-03-18,99.07185363769531,104.58999633789062,106.25,104.48999786376953,105.45999908447266,4922200
2025-03-19,99.40339660644531,104.94000244140625,105.76000213623047,103.75,104.0,6331900
2025-03-20,98.70243072509766,104.19999694824219,106.66999816894531,103.91999816894531,104.4000015258789,5863300
2025-03-21,98.56981658935547,104.05999755859375,105.12000274658203,101.76000213623047,103.36000061035156,31066200
2025-03-24,102.63348388671875,108.3499984741211,108.4800033569336,104.94000244140625,104.98999786376953,8526100
2025-03-25,99.83912658691406,105.4000015258789,108.76000213623047,104.56999969482422,108.16000366210938,6837700
2025-03-26,100.49271392822266,106.08999633789062,106.66999816894531,104.97000122070312,105.76000213623047,5490800
2025-03-27,100.89056396484375,106.51000213623047,107.9800033569336,105.72000122070312,105.80000305175781,5015300
2025-03-28,98.18144989013672,103.6500015258789,105.38999938964844,102.37000274658203,104.48999786376953,9704400
2025-03-31,98.85399627685547,104.36000061035156,104.66000366210938,100.5,102.0,7069200
2025-04-01,98.92029571533203,104.43000030517578,105.58999633789062,103.52999877929688,104.9800033569336,6240500
2025-04-02,100.18959045410156,105.7699966430664,107.08999633789062,103.93000030517578,104.0199966430664,5654400
2025-04-03,89.3058090209961,94.27999877929688,98.44999694824219,93.0,97.75,19020400
2025-04-04,90.66983795166016,95.72000122070312,96.87999725341797,90.62000274658203,91.83999633789062,16229700
2025-04-07,89.40052795410156,94.37999725341797,97.86000061035156,90.25,91.2699966430664,13800600
2025-04-08,84.07704162597656,88.76000213623047,97.5,87.3499984741211,96.54000091552734,13408900
2025-04-09,92.53590393066406,97.69000244140625,98.4800033569336,87.87999725341797,88.0,13717800
2025-04-10,87.81864166259766,92.70999908447266,96.0,89.80000305175781,95.69000244140625,12187900
2025-04-11,87.88494873046875,92.77999877929688,92.95999908447266,88.62999725341797,92.41000366210938,10457600
2025-04-14,89.65628814697266,94.6500015258789,95.41000366210938,92.72000122070312,94.41999816894531,8164400
2025-04-15,87.22187805175781,92.08000183105469,94.9800033569336,91.95999908447266,94.04000091552734,6605600
2025-04-16,85.68734741210938,90.45999908447266,92.62999725341797,89.52999877929688,91.0,8048400
2025-04-17,88.19754028320312,93.11000061035156,93.54000091552734,90.2300033569336,90.2300033569336,5349800
2025-04-21,88.83219909667969,93.77999877929688,93.91000366210938,90.8499984741211,92.63999938964844,6856600
2025-04-22,89.13529968261719,94.0999984741211,95.94000244140625,92.75,94.12000274658203,7200100
2025-04-23,87.28820037841797,92.1500015258789,97.62000274658203,91.69000244140625,96.8499984741211,9113800
2025-04-24,90.2814712524414,95.30999755859375,95.55999755859375,91.87999725341797,92.30000305175781,7718800
2025-04-25,91.48445892333984,96.58000183105469,96.8499984741211,94.69000244140625,95.01000213623047,5274900
2025-04-28,91.2855453491211,96.37000274658203,97.98999786376953,95.16999816894531,96.48999786376953,4662400
2025-04-29,91.79705810546875,96.91000366210938,97.08999633789062,95.30000305175781,95.94999694824219,3768400
2025-04-30,91.59812927246094,96.69999694824219,96.98999786376953,94.2300033569336,95.51000213623047,8255300
2025-05-01,90.90664672851562,95.97000122070312,97.52999877929688,95.55000305175781,97.11000061035156,5443700
2025-05-02,92.23278045654297,97.37000274658203,98.51000213623047,96.69000244140625,97.30000305175781,5294900
2025-05-05,89.05953216552734,94.0199966430664,96.83999633789062,93.70999908447266,96.83999633789062,6789300
2025-05-06,88.70904541015625,93.6500015258789,94.58999633789062,93.01000213623047,93.9000015258789,5726600
2025-05-07,90.45196533203125,95.48999786376953,96.12999725341797,93.94999694824219,94.12000274658203,5725200
2025-05-08,91.81600189208984,96.93000030517578,98.37999725341797,96.23999786376953,96.94999694824219,5006300
2025-05-09,91.31396484375,96.4000015258789,97.83999633789062,96.08999633789062,96.94000244140625,4614700
2025-05-12,95.74705505371094,101.08000183105469,103.0,99.02999877929688,100.93000030517578,9670800
2025-05-13,93.8620376586914,99.08999633789062,100.87999725341797,98.47000122070312,100.87999725341797,7774500
2025-05-14,91.26566314697266,95.26000213623047,97.25,94.80999755859375,97.05000305175781,10286400
2025-05-15,92.99977111816406,97.06999969482422,97.5,93.70999908447266,94.30000305175781,8348500
2025-05-16,94.44645690917969,98.58000183105469,99.13999938964844,97.4000015258789,97.76000213623047,6371500
2025-05-19,93.88118743896484,97.98999786376953,98.44000244140625,96.05000305175781,96.76000213623047,8468700
2025-05-20,94.00574493408203,98.12000274658203,99.33000183105469,97.3499984741211,98.0,10163500
2025-05-21,89.11001586914062,93.01000213623047,95.30999755859375,90.5999984741211,91.5,27058500
2025-05-22,91.07405090332031,95.05999755859375,95.81999969482422,92.05000305175781,92.16999816894531,11428000
2025-05-23,90.33634185791016,94.29000091552734,95.18000030517578,93.13999938964844,93.13999938964844,7373800
2025-05-27,92.92312622070312,96.98999786376953,97.12999725341797,94.87999725341797,95.55999755859375,6501800
2025-05-28,91.91715240478516,95.94000244140625,97.08999633789062,95.7699966430664,96.98999786376953,4476000
2025-05-29,90.89201354980469,94.87000274658203,97.7699966430664,94.23999786376953,97.7699966430664,7033300
2025-05-30,90.06807708740234,94.01000213623047,94.76000213623047,93.25,94.04000091552734,7874000
2025-06-02,89.40701293945312,93.31999969482422,93.45999908447266,92.05999755859375,93.41000366210938,5748800
2025-06-03,91.76386260986328,95.77999877929688,96.43000030517578,93.05999755859375,93.48999786376953,6388800
2025-06-04,90.00101470947266,93.94000244140625,96.05000305175781,93.93000030517578,95.62999725341797,4416700
2025-06-05,89.59862518310547,93.5199966430664,94.95999908447266,93.08999633789062,94.23999786376953,4759900
2025-06-06,93.23928833007812,97.31999969482422,97.36000061035156,94.44999694824219,94.5199966430664,7822800
2025-06-09,93.26802825927734,97.3499984741211,99.36000061035156,97.30999755859375,98.30999755859375,6299300
2025-06-10,96.54462432861328,100.7699966430664,102.37000274658203,97.6500015258789,97.72000122070312,9612400
2025-06-11,93.99616241455078,98.11000061035156,101.08999633789062,97.75,100.81999969482422,6803400
2025-06-12,95.12669372558594,99.29000091552734,99.48999786376953,97.02999877929688,97.6500015258789,5320600
2025-06-13,91.37105560302734,95.37000274658203,99.25,94.77999877929688,98.0,7303300
2025-06-16,93.28719329833984,97.37000274658203,97.52999877929688,95.47000122070312,96.19000244140625,7427600
2025-06-17,91.03572845458984,95.0199966430664,96.83999633789062,94.86000061035156,96.66999816894531,7195500
2025-06-18,91.13153839111328,95.12000274658203,96.70999908447266,94.83000183105469,95.22000122070312,6408600
2025-06-20,91.53392791748047,95.54000091552734,96.58000183105469,94.4000015258789,95.69000244140625,9619800
2025-06-23,92.48241424560547,96.52999877929688,96.63999938964844,94.16999816894531,94.62000274658203,6887200
2025-06-24,93.44048309326172,97.52999877929688,98.13999938964844,96.54000091552734,97.25,6406100
2025-06-25,92.6452865600586,96.69999694824219,97.80999755859375,95.98999786376953,97.5,4372000
2025-06-26,93.5075454711914,97.5999984741211,97.83000183105469,96.38999938964844,96.9800033569336,5331900
2025-06-27,95.06920623779297,99.2300033569336,100.26000213623047,98.11000061035156,98.26000213623047,6389800
2025-06-30,94.51351165771484,98.6500015258789,99.66000366210938,98.13999938964844,99.5999984741211,4933600
2025-07-01,99.4954833984375,103.8499984741211,105.33999633789062,98.31999969482422,98.33000183105469,9968200
2025-07-02,101.02838897705078,105.44999694824219,105.70999908447266,103.31999969482422,104.29000091552734,6327900
2025-07-03,99.69667053222656,104.05999755859375,105.97000122070312,104.05000305175781,105.94999694824219,3535300
2025-07-07,97.3398208618164,101.5999984741211,103.41000366210938,100.73999786376953,103.0,5677100
2025-07-08,97.73263549804688,102.01000213623047,102.47000122070312,100.58000183105469,101.72000122070312,6100500
2025-07-09,98.13502502441406,102.43000030517578,103.33000183105469,101.80000305175781,102.51000213623047,4312200
2025-07-10,100.3481674194336,104.73999786376953,106.37000274658203,102.62000274658203,102.91999816894531,5109900
2025-07-11,99.86912536621094,104.23999786376953,105.04000091552734,103.19000244140625,104.30999755859375,3866100
2025-07-14,100.47270965576172,104.87000274658203,105.0,103.19000244140625,104.0,4468100
2025-07-15,97.92424011230469,102.20999908447266,105.5,102.19000244140625,105.0,5289900
2025-07-16,97.0907211303711,101.33999633789062,103.41000366210938,100.36000061035156,102.66999816894531,3861900
2025-07-17,99.30386352539062,103.6500015258789,103.94000244140625,101.58999633789062,101.58999633789062,4529500
2025-07-18,99.12183380126953,103.45999908447266,104.27999877929688,102.13999938964844,103.95999908447266,5282100
2025-07-21,97.4452133178711,101.70999908447266,103.66000366210938,101.68000030517578,102.11000061035156,4478800
2025-07-22,102.07267761230469,106.54000091552734,106.91000366210938,102.44999694824219,102.75,6473000
2025-07-23,102.92536163330078,107.43000030517578,108.9000015258789,106.80000305175781,107.5,5907500
2025-07-24,101.38287353515625,105.81999969482422,108.43000030517578,105.44000244140625,107.22000122070312,5415200
2025-07-25,101.60322570800781,106.05000305175781,107.0199966430664,105.1500015258789,106.76000213623047,3476000
2025-07-28,101.96729278564453,106.43000030517578,106.80000305175781,105.25,106.22000122070312,3864900
2025-07-29,99.8116455078125,104.18000030517578,106.29000091552734,103.91999816894531,106.12000274658203,4753500
2025-07-30,98.81524658203125,103.13999938964844,105.0,102.33999633789062,104.70999908447266,4527100
2025-07-31,96.28594207763672,100.5,102.62999725341797,100.36000061035156,102.3499984741211,6442300
2025-08-01,95.5865478515625,99.7699966430664,100.30999755859375,98.44000244140625,99.5199966430664,5021700
2025-08-04,95.60572814941406,99.79000091552734,101.05999755859375,99.5999984741211,100.01000213623047,5312700
2025-08-05,98.13502502441406,102.43000030517578,102.95999908447266,99.77999877929688,100.05999755859375,5093400
2025-08-06,100.97090148925781,105.38999938964844,106.36000061035156,102.9800033569336,103.47000122070312,6306600
2025-08-07,101.2391586303711,105.66999816894531,106.93000030517578,104.12000274658203,106.5,4191000
2025-08-08,100.9804916381836,105.4000015258789,106.25,104.79000091552734,105.80999755859375,3494900
2025-08-11,99.64877319335938,104.01000213623047,106.58000183105469,103.66000366210938,105.4000015258789,5020200
2025-08-12,101.80442810058594,106.26000213623047,107.81999969482422,104.25,104.9000015258789,6593800
2025-08-13,102.03684997558594,105.36000061035156,105.66999816894531,102.33000183105469,103.80999755859375,7364700
2025-08-14,100.96186828613281,104.25,104.30999755859375,102.58000183105469,103.8499984741211,4985800
2025-08-15,99.77066040039062,103.0199966430664,104.44000244140625,101.94999694824219,102.30000305175781,6305100
2025-08-18,101.63978576660156,104.94999694824219,106.2300033569336,103.66000366210938,104.0,6901600
2025-08-19,102.03684997558594,105.36000061035156,107.2699966430664,104.44000244140625,105.80000305175781,8815500
2025-08-20,95.57723236083984,98.69000244140625,99.55999755859375,94.1500015258789,94.41000366210938,33165700
2025-08-21,93.99864196777344,97.05999755859375,98.5,96.12999725341797,98.48999786376953,11415700
2025-08-22,96.1098861694336,99.23999786376953,101.33999633789062,97.36000061035156,97.58000183105469,13663600
2025-08-25,94.06643676757812,97.12999725341797,98.83999633789062,96.5999984741211,98.5,7651300
2025-08-26,93.07861328125,96.11000061035156,96.98999786376953,95.83000183105469,96.80000305175781,6398800
2025-08-27,94.87025451660156,97.95999908447266,98.16999816894531,96.31999969482422,96.33999633789062,6486000
2025-08-28,93.75653076171875,96.80999755859375,98.79000091552734,96.33999633789062,98.5199966430664,5145000
2025-08-29,92.95272064208984,95.9800033569336,97.22000122070312,95.66999816894531,97.0999984741211,5370900
2025-09-02,89.52436828613281,92.44000244140625,95.36000061035156,91.91999816894531,95.12999725341797,12987200
2025-09-03,89.43720245361328,92.3499984741211,92.86000061035156,91.69000244140625,92.5,8485800
2025-09-04,89.78585052490234,92.70999908447266,93.29000091552734,92.27999877929688,92.73999786376953,5901000
2025-09-05,90.23133850097656,93.16999816894531,93.94999694824219,92.44999694824219,92.77999877929688,4894600
2025-09-08,88.61402130126953,91.5,93.44000244140625,91.33999633789062,93.20999908447266,9261700
2025-09-09,88.04261779785156,90.91000366210938,91.86000061035156,90.22000122070312,91.48999786376953,7564800
2025-09-10,87.91671752929688,90.77999877929688,91.4000015258789,90.04000091552734,90.7699966430664,5747900
2025-09-11,88.63337707519531,91.5199966430664,92.25,90.79000091552734,90.87000274658203,9492500
2025-09-12,87.12258911132812,89.95999908447266,91.41999816894531,89.95999908447266,91.30000305175781,6176200
2025-09-15,85.76673889160156,88.55999755859375,90.19000244140625,88.44000244140625,90.0999984741211,9310900
2025-09-16,86.89016723632812,89.72000122070312,89.79000091552734,88.56999969482422,88.93000030517578,6736700
2025-09-17,86.12507629394531,88.93000030517578,90.80999755859375,88.73999786376953,89.83999633789062,9399000
2025-09-18,86.599609375,89.41999816894531,89.52999877929688,88.16000366210938,88.70999908447266,8781100
2025-09-19,85.35031127929688,88.12999725341797,89.73999786376953,87.80999755859375,89.55000305175781,13319500
2025-09-22,83.82982635498047,86.55999755859375,88.06999969482422,86.30000305175781,88.0199966430664,12449500
2025-09-23,84.30437469482422,87.05000305175781,87.87999725341797,86.7300033569336,86.88999938964844,8077800
2025-09-24,85.52462768554688,88.30999755859375,88.33999633789062,86.87000274658203,87.20999908447266,10691700
2025-09-25,84.39153289794922,87.13999938964844,88.0,86.52999877929688,87.80999755859375,8566300
2025-09-26,85.07913208007812,87.8499984741211,88.58999633789062,86.83999633789062,86.83999633789062,7575600
2025-09-29,86.02822875976562,88.83000183105469,88.83000183105469,87.30999755859375,88.36000061035156,7955600
2025-09-30,86.87078857421875,89.69999694824219,90.20999908447266,87.26000213623047,88.5,16872300
2025-10-01,86.32844543457031,89.13999938964844,89.5,87.26000213623047,89.4800033569336,10378500
2025-10-02,86.6867904663086,89.51000213623047,90.27999877929688,88.18000030517578,88.93000030517578,7557400
2025-10-03,86.22191619873047,89.02999877929688,90.37000274658203,88.27999877929688,89.80000305175781,6872000
2025-10-06,86.15412139892578,88.95999908447266,90.16999816894531,87.83999633789062,89.33999633789062,8975700
2025-10-07,86.45433807373047,89.2699966430664,90.08999633789062,88.51000213623047,89.18000030517578,6348100
2025-10-08,87.52934265136719,90.37999725341797,90.98999786376953,89.54000091552734,89.62000274658203,6848500
2025-10-09,86.28971099853516,89.0999984741211,90.98999786376953,88.62000274658203,90.98999786376953,7189200
2025-10-10,82.83231353759766,85.52999877929688,89.2300033569336,85.36000061035156,89.18000030517578,13925200
2025-10-13,84.58522033691406,87.33999633789062,88.3499984741211,86.7300033569336,86.91999816894531,10515500
2025-10-14,86.15412139892578,88.95999908447266,89.4000015258789,86.3499984741211,86.52999877929688,6352300
2025-10-15,88.04261779785156,90.91000366210938,91.19000244140625,88.91000366210938,89.26000213623047,6402500
2025-10-16,87.22911834716797,90.06999969482422,91.6500015258789,89.12000274658203,90.87999725341797,5556500
2025-10-17,87.9748306274414,90.83999633789062,90.95999908447266,89.80999755859375,90.0,6461400
2025-10-20,88.64306640625,91.52999877929688,92.16999816894531,91.0,91.08000183105469,4886300
2025-10-21,91.42255401611328,94.4000015258789,94.55000305175781,91.73999786376953,91.87999725341797,7770100
2025-10-22,91.05452728271484,94.0199966430664,94.7300033569336,93.44999694824219,94.29000091552734,4973000
2025-10-23,91.27728271484375,94.25,95.02999877929688,92.95999908447266,94.06999969482422,4833400
2025-10-24,91.2869644165039,94.26000213623047,95.61000061035156,93.91999816894531,94.86000061035156,5459000
2025-10-27,94.68624877929688,97.7699966430664,97.91000366210938,94.94999694824219,95.25,10000000
2025-10-28,94.04706573486328,97.11000061035156,99.48999786376953,96.41000366210938,97.5199966430664,7959600
2025-10-29,91.15138244628906,94.12000274658203,97.06999969482422,94.02999877929688,96.5199966430664,6125600
2025-10-30,89.98922729492188,92.91999816894531,94.62999725341797,92.66000366210938,93.30999755859375,5631200
2025-10-31,89.79553985595703,92.72000122070312,93.04000091552734,91.51000213623047,92.55000305175781,7084800
2025-11-03,88.56558990478516,91.44999694824219,92.66000366210938,90.9000015258789,92.61000061035156,5698100
2025-11-04,87.14196014404297,89.9800033569336,91.29000091552734,89.75,90.87999725341797,5057400
2025-11-05,89.0401382446289,91.94000244140625,93.26000213623047,89.0199966430664,89.83000183105469,8215300
2025-11-06,86.338134765625,89.1500015258789,92.70999908447266,88.4800033569336,91.79000091552734,7051500
2025-11-07,88.36221313476562,91.23999786376953,91.58000183105469,89.1500015258789,89.1500015258789,6524900
2025-11-10,87.86830139160156,90.7300033569336,93.43000030517578,89.91999816894531,91.81999969482422,6299900
2025-11-11,88.69149017333984,91.58000183105469,92.12999725341797,90.94000244140625,91.37999725341797,4762900
2025-11-12,90.1330795288086,91.91000366210938,92.5999984741211,91.11000061035156,91.7699966430664,5512400
2025-11-13,88.86801147460938,90.62000274658203,92.62000274658203,90.41000366210938,91.80999755859375,6303500
2025-11-14,88.16193389892578,89.9000015258789,91.11000061035156,89.41000366210938,89.98999786376953,6096900
2025-11-17,86.7693862915039,88.4800033569336,90.26000213623047,88.2300033569336,89.5199966430664,7549400
2025-11-18,86.81842041015625,88.52999877929688,90.0199966430664,87.62000274658203,87.83999633789062,10063400
2025-11-19,84.41578674316406,86.08000183105469,89.62000274658203,85.30000305175781,86.41999816894531,18972000
2025-11-20,82.06217956542969,83.68000030517578,86.93000030517578,83.44000244140625,86.16000366210938,12051800
2025-11-21,85.92601776123047,87.62000274658203,88.9800033569336,84.23999786376953,84.44000244140625,12573900
2025-11-24,82.90555572509766,84.54000091552734,87.9800033569336,84.5199966430664,87.62999725341797,9227300
2025-11-25,84.90612030029297,86.58000183105469,86.62999725341797,84.7300033569336,84.98999786376953,6520100
2025-11-26,88.0638656616211,89.80000305175781,90.2300033569336,86.61000061035156,86.68000030517578,7927600
2025-11-28,88.86801147460938,90.62000274658203,91.69999694824219,89.87000274658203,90.27999877929688,4059000
2025-12-01,89.59370422363281,91.36000061035156,93.11000061035156,90.13999938964844,90.4000015258789,6570600
2025-12-02,88.72091674804688,90.47000122070312,91.75,89.36000061035156,91.75,5863800
2025-12-03,89.1622085571289,90.91999816894531,92.91000366210938,90.5999984741211,90.66999816894531,7308400
2025-12-04,89.81925201416016,91.58999633789062,92.19999694824219,90.16999816894531,91.16999816894531,6759400
2025-12-05,90.40766143798828,92.19000244140625,92.69000244140625,90.8499984741211,91.55000305175781,5898900
2025-12-08,91.26083374023438,93.05999755859375,93.70999908447266,90.9000015258789,92.61000061035156,7694700
2025-12-09,91.81001281738281,93.62000274658203,93.9800033569336,92.30999755859375,92.51000213623047,4650500
2025-12-10,92.79067993164062,94.62000274658203,95.4000015258789,92.94000244140625,93.87000274658203,8444700
2025-12-11,95.09524536132812,96.97000122070312,97.18000030517578,94.77999877929688,94.77999877929688,6812900
2025-12-12,95.21292114257812,97.08999633789062,98.19999694824219,96.25,97.25,5260200
2025-12-15,95.67383575439453,97.55999755859375,97.93000030517578,96.30999755859375,97.55999755859375,5730100
2025-12-16,95.78170776367188,97.66999816894531,98.5199966430664,97.05000305175781,97.88999938964844,5142500
2025-12-17,96.6937255859375,98.5999984741211,98.62000274658203,95.1500015258789,97.0,6830400
2025-12-18,97.1350326538086,99.05000305175781,101.98999786376953,98.55999755859375,98.5999984741211,9594200
2025-12-19,96.11514282226562,98.01000213623047,99.44999694824219,96.55000305175781,98.9000015258789,12620400
2025-12-22,93.35945892333984,95.19999694824219,98.33999633789062,94.77999877929688,97.94999694824219,11985200
2025-12-23,92.47686767578125,94.30000305175781,95.37999725341797,93.7699966430664,95.25,7975900
2025-12-24,94.66374969482422,96.52999877929688,96.5999984741211,94.18000030517578,94.61000061035156,3299500
2025-12-26,97.6253662109375,99.55000305175781,103.02999877929688,96.54000091552734,96.58000183105469,10644100
2025-12-29,96.2033920288086,98.0999984741211,100.23999786376953,97.70999908447266,99.45999908447266,8837000
2025-12-30,95.54634857177734,97.43000030517578,97.98999786376953,97.05999755859375,97.87999725341797,3686900
2025-12-31,95.86016082763672,97.75,98.44000244140625,97.19999694824219,97.41000366210938,4290100
2026-01-02,98.56681060791016,100.51000213623047,101.0,97.06999969482422,97.91000366210938,7064400
2026-01-05,100.12606048583984,102.0999984741211,103.26000213623047,99.9000015258789,100.4000015258789,7421200
2026-01-06,102.28353118896484,104.30000305175781,104.8499984741211,101.58999633789062,102.0999984741211,7699800
2026-01-07,101.66571044921875,103.66999816894531,104.66000366210938,102.48999786376953,104.30000305175781,4686200
2026-01-08,104.27428436279297,106.33000183105469,108.63999938964844,102.68000030517578,103.12999725341797,8568600
2026-01-09,103.47993469238281,105.5199966430664,107.30000305175781,104.13999938964844,105.62999725341797,6490400
2026-01-12,104.08795166015625,106.13999938964844,106.8499984741211,103.16000366210938,105.58000183105469,5893400
2026-01-13,106.5298080444336,108.62999725341797,109.94999694824219,107.95999908447266,108.5,7742300
2026-01-14,107.69680786132812,109.81999969482422,110.63999938964844,108.18000030517578,108.56999969482422,5886200
2026-01-15,108.98147583007812,111.12999725341797,111.86000061035156,108.4000015258789,110.06999969482422,5827200
2026-01-16,109.12857818603516,111.27999877929688,111.75,110.18000030517578,110.83999633789062,5253200
2026-01-20,107.22608184814453,109.33999633789062,110.66000366210938,107.43000030517578,110.0199966430664,9556600
2026-01-21,103.9898910522461,106.04000091552734,110.25,104.88999938964844,108.61000061035156,6547300
2026-01-22,104.44099426269531,106.5,106.80999755859375,104.80000305175781,106.58000183105469,4904300
2026-01-23,106.01006317138672,108.0999984741211,108.33000183105469,106.0999984741211,106.36000061035156,4594100
2026-01-26,101.95010375976562,103.95999908447266,108.48999786376953,103.61000061035156,108.02999877929688,6709800
2026-01-27,102.08739471435547,104.0999984741211,104.81999969482422,103.19000244140625,104.3499984741211,4578900
2026-01-28,99.77302551269531,101.73999786376953,104.18000030517578,100.87999725341797,104.0,4644400
2026-01-29,100.85175323486328,102.83999633789062,103.2699966430664,101.31999969482422,102.41000366210938,6015200
2026-01-30,103.430908203125,105.47000122070312,105.51000213623047,102.36000061035156,102.83999633789062,6181800
2026-02-02,107.41241455078125,109.52999877929688,109.91000366210938,103.68000030517578,104.93000030517578,10561600
2026-02-03,109.14820098876953,111.30000305175781,112.95999908447266,109.58999633789062,109.88999938964844,8373400
2026-02-04,111.92347717285156,114.12999725341797,114.87999725341797,112.2699966430664,112.55000305175781,9816200
2026-02-05,108.70689392089844,110.8499984741211,114.7699966430664,110.33999633789062,114.12999725341797,6081500
2026-02-06,113.31603240966797,115.55000305175781,115.81999969482422,111.56999969482422,111.56999969482422,7804400
2026-02-09,113.28660583496094,115.5199966430664,116.19999694824219,113.7300033569336,115.2699966430664,4507500
2026-02-10,111.04088592529297,113.2300033569336,117.16999816894531,113.1500015258789,115.5,4955200
2026-02-11,113.53730010986328,114.61000061035156,114.77999877929688,112.30999755859375,112.94000244140625,6612000
2026-02-12,111.63526916503906,112.69000244140625,116.37000274658203,111.86000061035156,114.9800033569336,5588400
2026-02-13,114.6765365600586,115.76000213623047,116.1500015258789,112.62000274658203,113.41000366210938,6597100
2026-02-17,115.44923400878906,116.54000091552734,118.37999725341797,114.19000244140625,116.9000015258789,6258900
2026-02-18,114.57746887207031,115.66000366210938,116.83000183105469,114.75,115.75,5608100
2026-02-19,114.57746887207031,115.66000366210938,116.26000213623047,114.62000274658203,115.19999694824219,3631500
2026-02-20,115.59783172607422,116.69000244140625,118.9800033569336,114.44999694824219,115.2699966430664,6285900
2026-02-23,112.27918243408203,113.33999633789062,116.72000122070312,112.80999755859375,116.08000183105469,7924800
2026-02-24,114.43877410888672,115.5199966430664,115.58000183105469,113.4000015258789,113.4000015258789,4977600
2026-02-25,115.35017395019531,116.44000244140625,116.4800033569336,114.61000061035156,115.75,4522100
2026-02-26,113.71561431884766,114.79000091552734,118.69999694824219,113.95999908447266,117.4800033569336,5930300
2026-02-27,112.7249755859375,113.79000091552734,113.87999725341797,111.11000061035156,113.0,6417000
2026-03-02,112.11077117919922,113.16999816894531,114.37999725341797,111.25,111.83999633789062,6301900
2026-03-03,119.66936492919922,120.80000305175781,122.43000030517578,115.0,116.01000213623047,15692200
2026-03-04,118.95610046386719,120.08000183105469,126.0,119.88999938964844,123.95999908447266,9496000
2026-03-05,119.23348236083984,120.36000061035156,120.87999725341797,118.08999633789062,119.7699966430664,7129700
2026-03-06,119.65945434570312,120.79000091552734,120.79000091552734,117.0,119.16999816894531,5979700
2026-03-09,119.01554107666016,120.13999938964844,120.16000366210938,115.75,118.66000366210938,6005500
2026-03-10,119.60991668701172,120.73999786376953,122.47000122070312,118.56999969482422,119.48999786376953,4400000
2026-03-11,117.66826629638672,118.77999877929688,121.26000213623047,118.5,120.33000183105469,4418700
2026-03-12,114.6666259765625,115.75,117.91000366210938,115.19000244140625,117.43000030517578,6215300
2026-03-13,116.24173736572266,117.33999633789062,117.88999938964844,115.55999755859375,116.4000015258789,5282600
2026-03-16,115.95446014404297,117.05000305175781,118.44999694824219,116.0,118.0,4858100
2026-03-17,115.66717529296875,116.76000213623047,118.45999908447266,116.16000366210938,117.51000213623047,4347200
2026-03-18,113.97318267822266,115.05000305175781,117.37000274658203,114.79000091552734,116.5199966430664,5267500
2026-03-19,113.39860534667969,114.47000122070312,116.08999633789062,113.41999816894531,114.66000366210938,6549400
2026-03-20,112.19993591308594,113.26000213623047,115.2699966430664,112.69000244140625,114.0,19717500
2026-03-23,113.85430145263672,114.93000030517578,116.48999786376953,114.01000213623047,114.62999725341797,6381900
2026-03-24,114.83503723144531,115.91999816894531,116.05000305175781,113.01000213623047,113.81999969482422,4991300
2026-03-25,115.28082275390625,116.37000274658203,117.6500015258789,114.69000244140625,117.5,4408000
2026-03-26,115.9049301147461,117.0,118.3499984741211,115.69000244140625,115.87999725341797,3403100
2026-03-27,118.71834564208984,119.83999633789062,121.45999908447266,116.5,117.0999984741211,8112900
2026-03-30,117.66826629638672,118.77999877929688,121.5,117.94000244140625,120.12000274658203,4425200
2026-03-31,120.06561279296875,121.19999694824219,121.33999633789062,118.77999877929688,119.9000015258789,4662100
2026-04-01,119.3226318359375,120.44999694824219,122.1500015258789,120.41000366210938,121.1500015258789,4250600
2026-04-02,119.3226318359375,120.44999694824219,121.51000213623047,119.1500015258789,120.30000305175781,5348000
2026-04-06,121.066162109375,122.20999908447266,122.44999694824219,120.43000030517578,120.5,4059500
2026-04-07,118.40133666992188,119.5199966430664,122.91000366210938,118.61000061035156,122.30000305175781,3799500
2026-04-08,121.9676513671875,123.12000274658203,123.33000183105469,120.0,120.56999969482422,3634100
2026-04-09,122.86912536621094,124.02999877929688,124.22000122070312,121.5,122.26000213623047,4093500
2026-04-10,120.74916076660156,121.88999938964844,124.45999908447266,121.30999755859375,124.33999633789062,3699800
2026-04-13,116.77668762207031,117.87999725341797,121.08999633789062,117.36000061035156,120.43000030517578,5800600
2026-04-14,118.41124725341797,119.52999877929688,119.62000274658203,116.83000183105469,117.80000305175781,5189100
2026-04-15,121.71998596191406,122.87000274658203,123.30000305175781,118.79000091552734,119.7300033569336,5232400
2026-04-16,122.75025939941406,123.91000366210938,124.06999969482422,121.61000061035156,123.44000244140625,4293000
2026-04-17,126.64346313476562,127.83999633789062,128.0500030517578,123.27999877929688,124.0999984741211,5844800
2026-04-20,128.96156311035156,130.17999267578125,130.19000244140625,126.87000274658203,127.8499984741211,5819100
2026-04-21,130.8636016845703,132.10000610351562,133.10000610351562,129.6999969482422,130.35000610351562,5745900
2026-04-22,129.3776397705078,130.60000610351562,132.52000427246094,130.02000427246094,132.52000427246094,5141400
2026-04-23,128.95166015625,130.1699981689453,131.5,129.44000244140625,130.5399932861328,3595200
2026-04-24,128.0501708984375,129.25999450683594,130.02000427246094,128.10000610351562,130.02000427246094,3129300
2026-04-27,128.50587463378906,129.72000122070312,130.75999450683594,127.47000122070312,129.50999450683594,5824300
2026-04-28,125.95001983642578,127.13999938964844,131.0,126.97000122070312,130.52000427246094,3728100
2026-04-29,126.67318725585938,127.87000274658203,128.0399932861328,125.33000183105469,126.58999633789062,3760100
2026-04-30,128.5355987548828,129.75,129.7899932861328,127.69999694824219,128.49000549316406,5436600
2026-05-01,127.68363952636719,128.88999938964844,131.30999755859375,128.8000030517578,129.80999755859375,3729000
2026-05-04,126.56421661376953,127.76000213623047,131.1999969482422,127.2699966430664,128.44000244140625,3118200
2026-05-05,127.61430358886719,128.82000732421875,129.75,127.41000366210938,128.2100067138672,4206800
2026-05-06,128.9714813232422,130.19000244140625,131.97999572753906,129.1199951171875,129.49000549316406,4423100
2026-05-07,124.70181274414062,125.87999725341797,129.8000030517578,123.62999725341797,129.24000549316406,7539000
2026-05-08,124.07771301269531,125.25,127.87000274658203,123.81999969482422,127.86000061035156,3883700
2026-05-11,117.33145141601562,118.44000244140625,125.69000244140625,117.66999816894531,125.55000305175781,7589700
2026-05-12,120.66000366210938,121.80000305175781,122.75,120.05999755859375,121.0,5623800
2026-05-13,121.4800033569336,121.4800033569336,121.61000061035156,119.12000274658203,120.7300033569336,3964800
2026-05-14,123.08000183105469,123.08000183105469,123.73999786376953,121.29000091552734,121.61000061035156,4160100
2026-05-15,121.54000091552734,121.54000091552734,123.4800033569336,120.5,123.44000244140625,3660800
