Date,Adj Close,Close,High,Low,Open,Volume
2018-01-02,68.94782257080078,72.26000213623047,72.30000305175781,70.30000305175781,71.31999969482422,3278500
2018-01-03,69.12911224365234,72.44999694824219,73.0,71.69999694824219,72.1500015258789,3026600
2018-01-04,69.63483428955078,72.9800033569336,73.95999908447266,72.4000015258789,73.68000030517578,3105000
2018-01-05,70.09282684326172,73.45999908447266,73.69999694824219,72.30000305175781,73.56999969482422,3930400
2018-01-08,70.35997772216797,73.73999786376953,74.08000183105469,71.61000061035156,73.33000183105469,4230500
2018-01-09,70.12144470214844,73.48999786376953,74.47000122070312,73.36000061035156,74.05000305175781,2949300
2018-01-10,70.0641860961914,73.43000030517578,73.91999816894531,72.19000244140625,73.04000091552734,3362900
2018-01-11,73.72817993164062,77.2699966430664,77.47000122070312,73.68000030517578,73.83999633789062,3904500
2018-01-12,74.59648895263672,78.18000030517578,79.2300033569336,77.2300033569336,77.61000061035156,3192600
2018-01-16,71.79122924804688,75.23999786376953,80.06999969482422,74.75,79.22000122070312,5531100
2018-01-17,73.82360076904297,77.37000274658203,77.77999877929688,75.41999816894531,76.1500015258789,3443700
2018-01-18,72.32556915283203,75.80000305175781,77.19000244140625,75.55999755859375,76.75,3639900
2018-01-19,75.04493713378906,78.6500015258789,78.80000305175781,75.77999877929688,76.0,4026200
2018-01-22,76.22810363769531,79.88999938964844,79.9000015258789,78.27999877929688,78.33000183105469,3333900
2018-01-23,76.97233581542969,80.66999816894531,81.19999694824219,78.86000061035156,79.63999938964844,3589800
2018-01-24,75.62696838378906,79.26000213623047,81.75,78.41999816894531,81.38999938964844,4227400
2018-01-25,75.68423461914062,79.31999969482422,80.6500015258789,78.08999633789062,80.25,3566300
2018-01-26,76.46664428710938,80.13999938964844,80.20999908447266,78.86000061035156,79.9800033569336,2480200
2018-01-29,75.17852020263672,78.79000091552734,80.4800033569336,78.66000366210938,79.31999969482422,3129700
2018-01-30,73.05073547363281,76.55999755859375,78.05000305175781,75.87000274658203,77.22000122070312,3740300
2018-01-31,71.95345306396484,75.41000366210938,78.30000305175781,74.68000030517578,77.36000061035156,3348600
2018-02-01,72.53549194335938,76.0199966430664,76.5199966430664,74.13999938964844,74.41000366210938,3069000
2018-02-02,68.37533569335938,71.66000366210938,74.95999908447266,71.16999816894531,74.80000305175781,5443500
2018-02-05,60.627532958984375,63.540000915527344,71.51000213623047,60.810001373291016,69.88999938964844,6739800
2018-02-06,62.65989303588867,65.66999816894531,66.5,58.75,60.029998779296875,6594900
2018-02-07,62.71713638305664,65.7300033569336,67.08000183105469,64.22000122070312,65.55000305175781,4023700
2018-02-08,57.25932693481445,60.0099983215332,66.04000091552734,60.0,65.98999786376953,4678300
2018-02-09,58.70011520385742,61.52000045776367,63.0,56.369998931884766,61.70000076293945,6970800
2018-02-12,60.41761016845703,63.31999969482422,64.27999877929688,60.0099983215332,61.810001373291016,4432400
2018-02-13,60.846988677978516,63.77000045776367,64.12999725341797,61.790000915527344,62.34000015258789,2565100
2018-02-14,63.98617172241211,67.05999755859375,67.56999969482422,62.06999969482422,62.560001373291016,4338100
2018-02-15,66.10443115234375,69.27999877929688,69.3499984741211,66.33999633789062,68.47000122070312,3650400
2018-02-16,66.70556640625,69.91000366210938,71.27999877929688,69.0,69.05999755859375,3034800
2018-02-20,65.1693344116211,68.30000305175781,70.61000061035156,67.77999877929688,68.91000366210938,3073800
2018-02-21,65.36016845703125,68.5,71.91999816894531,68.25,68.81999969482422,3830200
2018-02-22,65.02620697021484,68.1500015258789,70.87999725341797,68.05000305175781,69.29000091552734,2908700
2018-02-23,67.5356674194336,70.77999877929688,70.81999969482422,68.37000274658203,69.5,3227100
2018-02-26,68.83332061767578,72.13999938964844,72.55999755859375,70.16999816894531,71.48999786376953,3224900
2018-02-27,65.94220733642578,69.11000061035156,73.38999938964844,69.08000183105469,72.36000061035156,3961100
2018-02-28,62.87934112548828,65.9000015258789,70.25,65.77999877929688,69.6500015258789,4771700
2018-03-01,62.28777313232422,65.27999877929688,67.4000015258789,63.2400016784668,65.51000213623047,5695000
2018-03-02,65.28384399414062,68.41999816894531,68.91000366210938,63.25,63.619998931884766,4835200
2018-03-05,66.91545867919922,70.12999725341797,70.94000244140625,67.22000122070312,67.7699966430664,3629100
2018-03-06,69.07186889648438,72.38999938964844,72.41999816894531,69.0,71.19999694824219,3810800
2018-03-07,70.87523651123047,74.27999877929688,74.58000183105469,70.81999969482422,71.08999633789062,4232400
2018-03-08,70.48403930664062,73.87000274658203,75.37000274658203,72.5999984741211,74.56999969482422,3487800
2018-03-09,73.73772430419922,77.27999877929688,77.45999908447266,74.48999786376953,75.0,3492400
2018-03-12,74.23387908935547,77.80000305175781,78.44000244140625,76.7699966430664,77.83999633789062,2424300
2018-03-13,73.08888244628906,76.5999984741211,79.37999725341797,76.22000122070312,78.94000244140625,2956600
2018-03-14,72.14427947998047,75.61000061035156,78.0,75.1500015258789,77.81999969482422,2710100
2018-03-15,71.06607818603516,74.4800033569336,76.19999694824219,73.69999694824219,76.05000305175781,2402300
2018-03-16,72.11564636230469,75.58000183105469,76.37999725341797,74.2300033569336,74.4800033569336,1792600
2018-03-19,70.16914367675781,73.54000091552734,74.80000305175781,70.9000015258789,74.73999786376953,3391200
2018-03-20,70.17870330810547,73.55000305175781,74.52999877929688,72.80000305175781,74.02999877929688,1744500
2018-03-21,71.24736022949219,74.66999816894531,76.26000213623047,73.43000030517578,73.56999969482422,2543400
2018-03-22,66.62923431396484,69.83000183105469,74.45999908447266,69.80999755859375,73.08000183105469,4884600
2018-03-23,62.28777313232422,65.27999877929688,70.58000183105469,65.20999908447266,70.1500015258789,4469200
2018-03-26,66.3811264038086,69.56999969482422,69.5999984741211,65.7699966430664,67.91000366210938,3729400
2018-03-27,62.5453987121582,65.55000305175781,70.04000091552734,64.58000183105469,70.0,4346500
2018-03-28,62.40226745605469,65.4000015258789,66.72000122070312,64.19999694824219,66.0199966430664,3125100
2018-03-29,64.25334930419922,67.33999633789062,68.98999786376953,65.97000122070312,66.41000366210938,3606600
2018-04-02,59.692447662353516,62.560001373291016,67.68000030517578,61.13999938964844,66.9800033569336,4961700
2018-04-03,62.068321228027344,65.05000305175781,65.5,62.61000061035156,63.619998931884766,3840000
2018-04-04,64.31058502197266,67.4000015258789,68.05000305175781,62.439998626708984,62.75,5028400
2018-04-05,65.89450073242188,69.05999755859375,69.41000366210938,67.66999816894531,68.68000030517578,2986700
2018-04-06,62.192352294921875,65.18000030517578,69.13999938964844,63.43000030517578,67.73999786376953,4331900
2018-04-09,62.21142578125,65.19999694824219,67.91000366210938,65.08999633789062,66.4000015258789,2796300
2018-04-10,65.6655044555664,68.81999969482422,69.61000061035156,66.69999694824219,67.30000305175781,3103600
2018-04-11,66.1616439819336,69.33999633789062,70.1500015258789,67.91000366210938,68.08999633789062,2887000
2018-04-12,67.42118072509766,70.66000366210938,71.5999984741211,69.66000366210938,70.3499984741211,2683000
2018-04-13,66.51471710205078,69.70999908447266,71.44999694824219,69.05999755859375,71.44999694824219,2839400
2018-04-16,68.20358276367188,71.4800033569336,72.1500015258789,69.87000274658203,70.86000061035156,2348900
2018-04-17,70.36953735351562,73.75,74.41999816894531,72.33000183105469,72.66999816894531,2357500
2018-04-18,70.96111297607422,74.37000274658203,75.69000244140625,73.9800033569336,74.43000030517578,1819500
2018-04-19,69.54894256591797,72.88999938964844,74.4800033569336,72.18000030517578,73.9800033569336,2140700
2018-04-20,68.42302703857422,71.70999908447266,73.31999969482422,71.13999938964844,72.43000030517578,2159500
2018-04-23,68.09862518310547,71.37000274658203,72.69999694824219,70.33999633789062,72.02999877929688,1904800
2018-04-24,66.97270965576172,70.19000244140625,73.1500015258789,68.47000122070312,72.19000244140625,3392800
2018-04-25,66.6578369140625,69.86000061035156,70.63999938964844,68.16000366210938,70.11000061035156,2293100
2018-04-26,67.5356674194336,70.77999877929688,71.44999694824219,69.5199966430664,70.16000366210938,2163900
2018-04-27,67.23033905029297,70.45999908447266,71.33999633789062,69.22000122070312,70.69000244140625,2024100
2018-04-30,65.39836120605469,68.54000091552734,71.70999908447266,68.54000091552734,70.87999725341797,2117700
2018-05-01,66.32389068603516,69.51000213623047,69.83999633789062,66.44999694824219,68.20999908447266,2575200
2018-05-02,67.02042388916016,70.23999786376953,71.79000091552734,68.9800033569336,69.12000274658203,1872800
2018-05-03,65.93267059326172,69.0999984741211,70.08999633789062,66.94000244140625,69.61000061035156,3238000
2018-05-04,68.337158203125,71.62000274658203,72.69999694824219,67.79000091552734,68.44000244140625,2439800
2018-05-07,70.04512786865234,73.41000366210938,74.58000183105469,72.18000030517578,72.37000274658203,2645200
2018-05-08,71.15194702148438,74.56999969482422,74.56999969482422,73.05000305175781,73.27999877929688,2678300
2018-05-09,72.3160400390625,75.79000091552734,76.36000061035156,74.0,74.81999969482422,3051700
2018-05-10,73.4133071899414,76.94000244140625,77.9000015258789,75.9000015258789,76.12999725341797,2222000
2018-05-11,73.79496765136719,77.33999633789062,77.77999877929688,76.20999908447266,76.94000244140625,2047300
2018-05-14,73.03165435791016,76.54000091552734,78.58000183105469,76.27999877929688,77.63999938964844,2373400
2018-05-15,73.00300598144531,76.51000213623047,76.9800033569336,74.9800033569336,75.80000305175781,2238900
2018-05-16,75.20714569091797,78.81999969482422,79.45999908447266,76.83000183105469,76.83000183105469,2272900
2018-05-17,76.26626586914062,79.93000030517578,80.48999786376953,78.68000030517578,79.0,2315700
2018-05-18,76.5334243774414,80.20999908447266,80.9000015258789,79.7699966430664,80.33999633789062,1713400
2018-05-21,78.09825134277344,81.8499984741211,82.2699966430664,81.0,81.0,2506300
2018-05-22,76.40937805175781,80.08000183105469,82.43000030517578,79.91999816894531,82.36000061035156,2089300
2018-05-23,76.74333190917969,80.43000030517578,80.8499984741211,79.19999694824219,79.4800033569336,2108500
2018-05-24,76.81014251708984,80.5,80.94000244140625,78.43000030517578,80.30999755859375,2283700
2018-05-25,76.38076782226562,80.05000305175781,80.62000274658203,79.61000061035156,80.06999969482422,1745200
2018-05-29,76.05635070800781,79.70999908447266,80.69000244140625,77.62000274658203,78.68000030517578,2459800
2018-05-30,79.47225189208984,83.29000091552734,83.83999633789062,80.9000015258789,80.93000030517578,2218400
2018-05-31,77.468505859375,81.19000244140625,83.87000274658203,80.81999969482422,83.45999908447266,2160800
2018-06-01,79.23370361328125,83.04000091552734,83.79000091552734,82.1500015258789,82.95999908447266,2573300
2018-06-04,80.34053802490234,84.19999694824219,84.25,82.19999694824219,83.66999816894531,2709300
2018-06-05,81.85765838623047,85.79000091552734,85.86000061035156,83.69999694824219,83.9800033569336,2402400
2018-06-06,83.5846939086914,87.5999984741211,87.62999725341797,85.58000183105469,85.83999633789062,2279400
2018-06-07,82.24884796142578,86.19999694824219,88.13999938964844,85.0,87.94999694824219,2687900
2018-06-08,83.04080200195312,87.02999877929688,87.11000061035156,85.80000305175781,86.23999786376953,1996100
2018-06-11,83.37477111816406,87.37999725341797,87.88999938964844,86.63999938964844,87.19999694824219,2445200
2018-06-12,84.36710357666016,88.41999816894531,89.16000366210938,87.27999877929688,87.58000183105469,2650400
2018-06-13,83.45111083984375,87.45999908447266,89.02999877929688,87.0999984741211,88.87000274658203,2894000
2018-06-14,84.75831604003906,88.83000183105469,88.95999908447266,87.04000091552734,88.37999725341797,3192400
2018-06-15,84.68199157714844,88.75,88.95999908447266,86.86000061035156,87.94999694824219,3196700
2018-06-18,85.9605484008789,90.08999633789062,90.12999725341797,87.18000030517578,87.5,3096000
2018-06-19,86.10366821289062,90.23999786376953,90.4000015258789,86.87000274658203,88.5199966430664,4094900
2018-06-20,88.12650299072266,92.36000061035156,92.66999816894531,90.73999786376953,91.52999877929688,2070900
2018-06-21,85.56935119628906,89.68000030517578,92.44999694824219,88.76000213623047,92.33999633789062,3673700
2018-06-22,84.5865707397461,88.6500015258789,90.81999969482422,87.98999786376953,90.69999694824219,3239700
2018-06-25,80.59815216064453,84.47000122070312,88.05000305175781,83.02999877929688,87.80000305175781,4795600
2018-06-26,82.11527252197266,86.05999755859375,86.87999725341797,84.12000274658203,84.7300033569336,2597300
2018-06-27,78.06006622314453,81.80999755859375,86.66000366210938,81.69999694824219,86.1500015258789,3394900
2018-06-28,78.69937133789062,82.4800033569336,83.01000213623047,80.08000183105469,81.54000091552734,3446900
2018-06-29,78.39405059814453,82.16000366210938,84.23999786376953,82.08999633789062,83.18000030517578,2588200
2018-07-02,80.13062286376953,83.9800033569336,84.05999755859375,80.3499984741211,80.73999786376953,2807300
2018-07-03,81.01799011230469,84.91000366210938,86.06999969482422,84.56999969482422,84.58999633789062,1297900
2018-07-05,83.81369018554688,87.83999633789062,87.8499984741211,84.70999908447266,86.33999633789062,2540700
2018-07-06,85.87467193603516,90.0,90.30000305175781,87.2699966430664,88.01000213623047,2152100
2018-07-09,87.50628662109375,91.70999908447266,91.70999908447266,90.23999786376953,91.29000091552734,2225600
2018-07-10,86.20863342285156,90.3499984741211,92.56999969482422,88.91000366210938,92.13999938964844,3178500
2018-07-11,84.18582153320312,88.2300033569336,90.55000305175781,88.08999633789062,89.0199966430664,2675300
2018-07-12,85.24493408203125,89.33999633789062,89.91999816894531,87.43000030517578,89.69000244140625,2788100
2018-07-13,84.6533432006836,88.72000122070312,90.6500015258789,88.6500015258789,89.30999755859375,2147600
2018-07-16,83.54652404785156,87.55999755859375,89.56999969482422,86.29000091552734,89.06999969482422,2499000
2018-07-17,84.5865707397461,88.6500015258789,89.41999816894531,87.2699966430664,87.4800033569336,2142000
2018-07-18,85.32125854492188,89.41999816894531,89.55000305175781,87.19999694824219,88.45999908447266,2166900
2018-07-19,86.99104309082031,91.16999816894531,91.4000015258789,88.26000213623047,89.05999755859375,2894100
2018-07-20,85.97962951660156,90.11000061035156,91.41999816894531,89.94999694824219,90.6500015258789,2547700
2018-07-23,86.27543640136719,90.41999816894531,91.16999816894531,89.04000091552734,89.87999725341797,2065200
2018-07-24,83.5846939086914,87.5999984741211,92.16000366210938,86.54000091552734,91.5999984741211,4071600
2018-07-25,84.37664794921875,88.43000030517578,88.5,86.37999725341797,87.7300033569336,2648100
2018-07-26,85.70292663574219,89.81999969482422,91.4000015258789,88.54000091552734,88.72000122070312,3152300
2018-07-27,81.01799011230469,84.91000366210938,90.37000274658203,84.1500015258789,90.12999725341797,3578600
2018-07-30,79.42454528808594,83.23999786376953,85.98999786376953,83.04000091552734,84.83999633789062,2151200
2018-07-31,81.8481216430664,85.77999877929688,86.8499984741211,83.51000213623047,83.76000213623047,2397600
2018-08-01,81.628662109375,85.55000305175781,86.27999877929688,83.5999984741211,85.45999908447266,2207900
2018-08-02,83.37477111816406,87.37999725341797,87.73999786376953,84.2699966430664,84.31999969482422,2183700
2018-08-03,82.3251724243164,86.27999877929688,88.41999816894531,85.23999786376953,87.6500015258789,2688600
2018-08-06,83.81369018554688,87.83999633789062,88.12999725341797,85.69000244140625,86.27999877929688,2259900
2018-08-07,84.3862075805664,88.44000244140625,89.66000366210938,88.27999877929688,88.69000244140625,1927200
2018-08-08,84.24305725097656,88.29000091552734,88.87000274658203,86.56999969482422,88.44999694824219,2441000
2018-08-09,84.77740478515625,88.8499984741211,89.9800033569336,88.19999694824219,88.38999938964844,1906800
2018-08-10,84.061767578125,88.0999984741211,89.87999725341797,87.19999694824219,87.2699966430664,2851400
2018-08-13,82.58282470703125,86.55000305175781,88.88999938964844,85.5199966430664,88.5,2685100
2018-08-14,85.03501892089844,89.12000274658203,89.66999816894531,87.05999755859375,87.12000274658203,2657800
2018-08-15,81.86721801757812,85.80000305175781,88.5,84.29000091552734,88.33999633789062,3797300
2018-08-16,83.95680236816406,87.98999786376953,88.91000366210938,86.62999725341797,86.94000244140625,2573500
2018-08-17,85.13997650146484,89.2300033569336,89.37000274658203,86.9800033569336,87.79000091552734,2492500
2018-08-20,85.8078842163086,89.93000030517578,90.48999786376953,88.43000030517578,90.0,2525000
2018-08-21,88.70855712890625,92.97000122070312,93.97000122070312,90.4000015258789,90.4000015258789,3856900
2018-08-22,89.39554595947266,93.69000244140625,94.16999816894531,92.45999908447266,92.75,2351700
2018-08-23,88.60358428955078,92.86000061035156,94.22000122070312,92.0199966430664,93.5999984741211,2656100
2018-08-24,89.8535385131836,94.16999816894531,94.56999969482422,93.3499984741211,93.5999984741211,2015000
2018-08-27,90.40694427490234,94.75,96.5,94.37999725341797,95.16999816894531,2754900
2018-08-28,90.39740753173828,94.73999786376953,95.73999786376953,93.45999908447266,95.25,1992900
2018-08-29,91.36111450195312,95.75,96.19000244140625,94.02999877929688,94.98999786376953,2059000
2018-08-30,91.113037109375,95.48999786376953,96.93000030517578,94.62999725341797,95.16999816894531,2701500
2018-08-31,92.08628845214844,96.51000213623047,97.12000274658203,94.76000213623047,94.80000305175781,2036000
2018-09-04,90.98899841308594,95.36000061035156,96.68000030517578,93.37999725341797,96.05000305175781,3825500
2018-09-05,90.19703674316406,94.52999877929688,95.12000274658203,92.12000274658203,95.11000061035156,2847200
2018-09-06,88.27915954589844,92.5199966430664,95.55000305175781,92.2300033569336,95.05000305175781,2766700
2018-09-07,88.03108215332031,92.26000213623047,93.80999755859375,90.91000366210938,91.83000183105469,2253800
2018-09-10,88.6322250366211,92.88999938964844,94.1500015258789,92.11000061035156,93.5,2228600
2018-09-11,88.8707504272461,93.13999938964844,94.04000091552734,91.47000122070312,92.38999938964844,2328400
2018-09-12,88.19330596923828,92.43000030517578,93.16999816894531,90.38999938964844,92.73999786376953,2611500
2018-09-13,88.17422485351562,92.41000366210938,93.91999816894531,91.8499984741211,93.5,1703200
2018-09-14,89.34783935546875,93.63999938964844,94.47000122070312,92.05000305175781,92.6500015258789,2326000
2018-09-17,86.40900421142578,90.55999755859375,93.83000183105469,90.30999755859375,93.66000366210938,2313600
2018-09-18,87.49675750732422,91.69999694824219,92.44000244140625,90.75,91.0,2044300
2018-09-19,86.50443267822266,90.66000366210938,93.0,89.80999755859375,91.77999877929688,2005300
2018-09-20,88.91845703125,93.19000244140625,93.30000305175781,91.0,91.80000305175781,2068500
2018-09-21,87.48723602294922,91.69000244140625,94.12000274658203,91.58000183105469,94.0,1916300
2018-09-24,86.6475601196289,90.80999755859375,92.0,89.22000122070312,91.69000244140625,1883400
2018-09-25,87.04263305664062,91.20999908447266,91.94999694824219,90.91999816894531,91.22000122070312,1069200
2018-09-26,84.6091537475586,88.66000366210938,91.86000061035156,88.30000305175781,91.77999877929688,2045400
2018-09-27,84.6186752319336,88.66999816894531,89.7300033569336,88.26000213623047,89.25,1829600
2018-09-28,85.4203109741211,89.51000213623047,90.1500015258789,87.73999786376953,87.81999969482422,1598600
2018-10-01,81.87027740478516,85.79000091552734,90.68000030517578,85.02999877929688,90.5999984741211,2831200
2018-10-02,79.3699951171875,83.16999816894531,86.20999908447266,82.58999633789062,85.70999908447266,2325500
2018-10-03,81.4312973022461,85.33000183105469,86.4000015258789,83.11000061035156,84.13999938964844,3210100
2018-10-04,78.04349517822266,81.77999877929688,84.69999694824219,80.87000274658203,84.41999816894531,3300300
2018-10-05,75.78177642822266,79.41000366210938,82.37999725341797,77.19000244140625,81.9000015258789,3480500
2018-10-08,75.35234832763672,78.95999908447266,79.73999786376953,77.04000091552734,78.81999969482422,2772500
2018-10-09,74.40756225585938,77.97000122070312,80.2300033569336,77.68000030517578,78.69999694824219,3062200
2018-10-10,68.13777160644531,71.4000015258789,77.69000244140625,70.95999908447266,77.5,6040300
2018-10-11,64.11055755615234,67.18000030517578,72.26000213623047,67.05999755859375,70.22000122070312,5760800
2018-10-12,64.1201171875,67.19000244140625,69.94999694824219,64.93000030517578,69.77999877929688,6106800
2018-10-15,64.81674194335938,67.91999816894531,69.33000183105469,65.75,66.87000274658203,4634600
2018-10-16,70.23721313476562,73.5999984741211,73.98999786376953,67.68000030517578,69.37000274658203,4070000
2018-10-17,69.50240325927734,72.83000183105469,73.12000274658203,69.87000274658203,73.08000183105469,3412600
2018-10-18,65.70426177978516,68.8499984741211,72.30000305175781,67.81999969482422,71.98999786376953,3709000
2018-10-19,63.36620330810547,66.4000015258789,70.44000244140625,65.6500015258789,69.33999633789062,4404100
2018-10-22,62.96540451049805,65.9800033569336,67.8499984741211,65.3499984741211,67.19999694824219,3171600
2018-10-23,61.37168884277344,64.30999755859375,65.80999755859375,60.709999084472656,63.369998931884766,5628700
2018-10-24,54.376590728759766,56.97999954223633,64.6500015258789,56.86000061035156,63.939998626708984,5675300
2018-10-25,57.802574157714844,60.56999969482422,61.470001220703125,57.540000915527344,58.029998779296875,3634400
2018-10-26,55.87486267089844,58.54999923706055,60.97999954223633,55.279998779296875,58.7599983215332,6666500
2018-10-29,55.13050079345703,57.77000045776367,62.380001068115234,55.7599983215332,60.61000061035156,4659300
2018-10-30,58.32744598388672,61.119998931884766,61.439998626708984,57.529998779296875,57.869998931884766,5054200
2018-10-31,59.02409362792969,61.849998474121094,63.869998931884766,61.66999816894531,63.11000061035156,4669400
2018-11-01,62.77451705932617,65.77999877929688,66.20999908447266,62.56999969482422,62.619998931884766,4031100
2018-11-02,63.42344665527344,66.45999908447266,67.5999984741211,64.45999908447266,66.54000091552734,5119400
2018-11-05,63.28030776977539,66.30999755859375,67.30000305175781,64.33999633789062,66.54000091552734,3210300
2018-11-06,64.2441635131836,67.31999969482422,67.87000274658203,65.81999969482422,66.02999877929688,3053000
2018-11-07,67.565185546875,70.80000305175781,70.87999725341797,67.4800033569336,68.19999694824219,4704500
2018-11-08,67.05937194824219,70.2699966430664,71.5199966430664,69.41999816894531,69.87999725341797,2348900
2018-11-09,63.42344665527344,66.45999908447266,68.97000122070312,64.87000274658203,68.97000122070312,4430100
2018-11-12,59.60622024536133,62.459999084472656,66.44999694824219,62.16999816894531,66.30999755859375,3744300
2018-11-13,58.94774627685547,61.77000045776367,64.93000030517578,61.47999954223633,63.11000061035156,3181200
2018-11-14,57.70714569091797,60.470001220703125,64.16000366210938,59.22999954223633,63.38999938964844,3530900
2018-11-15,60.19789123535156,63.08000183105469,63.27000045776367,58.849998474121094,59.290000915527344,4533700
2018-11-16,60.48418045043945,63.380001068115234,63.86000061035156,61.09000015258789,61.77000045776367,3864400
2018-11-19,56.924617767333984,59.650001525878906,63.5,58.97999954223633,63.11000061035156,3935900
2018-11-20,53.63224792480469,56.20000076293945,59.060001373291016,55.650001525878906,57.63999938964844,6404300
2018-11-21,55.69355010986328,58.36000061035156,59.95000076293945,56.70000076293945,56.9900016784668,2651100
2018-11-23,55.68400955200195,58.349998474121094,59.88999938964844,56.939998626708984,57.02000045776367,2580100
2018-11-26,57.72623825073242,60.4900016784668,61.189998626708984,59.22999954223633,59.95000076293945,3870400
2018-11-27,56.34247970581055,59.040000915527344,60.38999938964844,58.650001525878906,59.779998779296875,2949300
2018-11-28,60.47464370727539,63.369998931884766,63.5099983215332,57.95000076293945,59.65999984741211,4905500
2018-11-29,59.95932388305664,62.83000183105469,63.959999084472656,61.119998931884766,62.58000183105469,2819400
2018-11-30,60.78956985473633,63.70000076293945,64.05000305175781,61.880001068115234,62.29999923706055,2724600
2018-12-03,62.612300872802734,65.61000061035156,66.05000305175781,63.029998779296875,65.95999908447266,3978200
2018-12-04,54.596092224121094,57.209999084472656,65.62000274658203,56.72999954223633,65.1500015258789,6963000
2018-12-06,54.09030532836914,56.68000030517578,56.7400016784668,52.40999984741211,54.83000183105469,5464400
2018-12-07,50.7120475769043,53.13999938964844,57.959999084472656,52.209999084472656,56.63999938964844,5302600
2018-12-10,50.22534942626953,52.630001068115234,53.83000183105469,50.220001220703125,53.2400016784668,4357800
2018-12-11,49.977230072021484,52.369998931884766,55.41999816894531,51.279998779296875,54.810001373291016,3926100
2018-12-12,51.46595001220703,53.93000030517578,56.04999923706055,53.869998931884766,53.9900016784668,4002900
2018-12-13,49.280582427978516,51.63999938964844,54.900001525878906,51.400001525878906,54.38999938964844,4339000
2018-12-14,47.018863677978516,49.27000045776367,52.11000061035156,48.720001220703125,50.470001220703125,4231100
2018-12-17,43.84101867675781,45.939998626708984,50.029998779296875,45.099998474121094,48.7599983215332,6091200
2018-12-18,43.6406135559082,45.72999954223633,48.119998931884766,45.2400016784668,47.189998626708984,4619600
2018-12-19,40.92081832885742,42.880001068115234,47.54999923706055,42.16999816894531,45.79999923706055,6102100
2018-12-20,38.935855865478516,40.79999923706055,43.29999923706055,39.290000915527344,42.540000915527344,10421600
2018-12-21,35.80571746826172,37.52000045776367,41.81999969482422,37.220001220703125,41.290000915527344,9133200
2018-12-24,33.811214447021484,35.43000030517578,37.65999984741211,35.369998931884766,37.02000045776367,5297000
2018-12-26,38.611392974853516,40.459999084472656,40.61000061035156,35.33000183105469,35.720001220703125,8450000
2018-12-27,38.99058151245117,40.720001220703125,40.79999923706055,36.58000183105469,38.7400016784668,8320300
2018-12-28,39.4501838684082,41.20000076293945,43.130001068115234,39.939998626708984,40.779998779296875,6757900
2018-12-31,40.30238723754883,42.09000015258789,42.25,40.15999984741211,41.959999084472656,4967000
2019-01-02,41.001380920410156,42.81999969482422,43.27000045776367,39.84000015258789,40.47999954223633,6497200
2019-01-03,38.74161911010742,40.459999084472656,42.7599983215332,39.939998626708984,42.029998779296875,6656500
2019-01-04,43.13667678833008,45.04999923706055,45.380001068115234,41.79999923706055,42.02000045776367,6383400
2019-01-07,45.415592193603516,47.43000030517578,48.119998931884766,44.56999969482422,45.09000015258789,6054400
2019-01-08,47.38810729980469,49.4900016784668,49.560001373291016,47.13999938964844,48.61000061035156,5286600
2019-01-09,48.59458541870117,50.75,51.27000045776367,49.40999984741211,50.04999923706055,5635000
2019-01-10,49.30315399169922,51.4900016784668,51.599998474121094,49.099998474121094,49.86000061035156,4778100
2019-01-11,49.398921966552734,51.59000015258789,51.869998931884766,50.47999954223633,50.84000015258789,2923100
2019-01-14,47.924320220947266,50.04999923706055,51.279998779296875,49.84000015258789,50.65999984741211,2903100
2019-01-15,49.2073974609375,51.38999938964844,51.47999954223633,49.86000061035156,50.439998626708984,3483100
2019-01-16,50.16493606567383,52.38999938964844,53.20000076293945,51.5099983215332,51.5099983215332,3214600
2019-01-17,51.51504135131836,53.79999923706055,54.36000061035156,51.79999923706055,51.849998474121094,3079200
2019-01-18,53.13328552246094,55.4900016784668,56.099998474121094,54.0,54.61000061035156,3968500
2019-01-22,50.45220184326172,52.689998626708984,54.77000045776367,51.709999084472656,54.41999816894531,5192100
2019-01-23,50.12664031982422,52.349998474121094,54.04999923706055,51.099998474121094,53.18000030517578,3885800
2019-01-24,51.036293029785156,53.29999923706055,53.56999969482422,52.04999923706055,52.189998626708984,2317000
2019-01-25,52.98965072631836,55.34000015258789,55.619998931884766,54.29999923706055,54.5099983215332,3022900
2019-01-28,52.079994201660156,54.38999938964844,54.84000015258789,53.11000061035156,53.7599983215332,3403200
2019-01-29,51.74485397338867,54.040000915527344,54.70000076293945,53.65999984741211,54.560001373291016,2243800
2019-01-30,53.391807556152344,55.7599983215332,56.36000061035156,53.43000030517578,54.849998474121094,4110600
2019-01-31,54.68446731567383,57.11000061035156,57.459999084472656,55.470001220703125,55.560001373291016,3566000
2019-02-01,54.914276123046875,57.349998474121094,57.880001068115234,56.619998931884766,57.4900016784668,3053000
2019-02-04,56.78145980834961,59.29999923706055,59.310001373291016,56.95000076293945,57.540000915527344,2244600
2019-02-05,56.96339416503906,59.4900016784668,60.08000183105469,58.52000045776367,59.41999816894531,3176500
2019-02-06,56.733585357666016,59.25,59.810001373291016,58.33000183105469,59.43000030517578,1919500
2019-02-07,55.36430740356445,57.81999969482422,58.9900016784668,56.290000915527344,58.119998931884766,4282800
2019-02-08,55.488792419433594,57.95000076293945,57.970001220703125,56.40999984741211,56.97999954223633,2458200
2019-02-11,56.867645263671875,59.38999938964844,59.439998626708984,57.709999084472656,58.4900016784668,2702500
2019-02-12,58.95504379272461,61.56999969482422,61.84000015258789,60.31999969482422,60.380001068115234,3080900
2019-02-13,59.481689453125,62.119998931884766,62.529998779296875,61.27000045776367,62.13999938964844,2882300
2019-02-14,59.88385009765625,62.540000915527344,63.2599983215332,60.88999938964844,61.08000183105469,3812100
2019-02-15,62.679840087890625,65.45999908447266,65.5,63.130001068115234,63.709999084472656,3544500
2019-02-19,63.20647430419922,66.01000213623047,66.5999984741211,64.63999938964844,64.66999816894531,2992900
2019-02-20,64.08740997314453,66.93000030517578,67.19999694824219,65.9000015258789,66.05999755859375,2711900
2019-02-21,63.35011291503906,66.16000366210938,66.91999816894531,65.23999786376953,66.63999938964844,3822700
2019-02-22,65.00662231445312,67.88999938964844,68.0199966430664,66.55000305175781,66.80000305175781,3076000
2019-02-25,65.03535461425781,67.91999816894531,69.62000274658203,67.80000305175781,69.06999969482422,3702800
2019-02-26,63.59907150268555,66.41999816894531,67.91999816894531,66.2699966430664,67.69999694824219,2992700
2019-02-27,63.94378662109375,66.77999877929688,66.94999694824219,65.29000091552734,65.76000213623047,3005200
2019-02-28,63.216060638427734,66.0199966430664,66.97000122070312,65.55000305175781,66.52999877929688,2204800
2019-03-01,64.98748016357422,67.87000274658203,68.0,66.02999877929688,67.54000091552734,3076500
2019-03-04,63.235191345214844,66.04000091552734,68.55000305175781,64.4800033569336,68.27999877929688,4649500
2019-03-05,62.39258575439453,65.16000366210938,66.19999694824219,64.95999908447266,66.16000366210938,2870400
2019-03-06,58.66779327392578,61.27000045776367,65.06999969482422,61.099998474121094,65.05999755859375,6012800
2019-03-07,57.116607666015625,59.650001525878906,61.38999938964844,59.27000045776367,61.22999954223633,5988700
2019-03-08,57.011268615722656,59.540000915527344,59.70000076293945,58.349998474121094,58.59000015258789,3850900
2019-03-11,59.998748779296875,62.65999984741211,62.66999816894531,59.849998474121094,60.08000183105469,3881800
2019-03-12,60.06578826904297,62.72999954223633,63.4900016784668,62.08000183105469,62.83000183105469,2971300
2019-03-13,60.79350280761719,63.4900016784668,64.4000015258789,63.220001220703125,63.45000076293945,2558200
2019-03-14,59.979610443115234,62.63999938964844,63.52000045776367,62.540000915527344,63.400001525878906,2222000
2019-03-15,60.467952728271484,63.150001525878906,64.5199966430664,62.65999984741211,62.900001525878906,2679300
2019-03-18,61.664859771728516,64.4000015258789,65.2300033569336,62.849998474121094,63.54999923706055,4415200
2019-03-19,60.745628356933594,63.439998626708984,65.36000061035156,62.939998626708984,65.30000305175781,3765400
2019-03-20,59.204010009765625,61.83000183105469,64.41000366210938,60.77000045776367,63.40999984741211,5133800
2019-03-21,61.54037857055664,64.2699966430664,65.16000366210938,61.16999816894531,61.16999816894531,6461900
2019-03-22,54.71320343017578,57.13999938964844,63.310001373291016,57.13999938964844,62.83000183105469,7994900
2019-03-25,55.412193298339844,57.869998931884766,59.099998474121094,55.779998779296875,57.04999923706055,4555200
2019-03-26,57.164485931396484,59.70000076293945,60.849998474121094,58.52000045776367,59.290000915527344,5255300
2019-03-27,56.49420166015625,59.0,60.130001068115234,56.939998626708984,59.560001373291016,5269900
2019-03-28,57.99752426147461,60.56999969482422,60.93000030517578,58.630001068115234,59.599998474121094,4791100
2019-03-29,58.52416229248047,61.119998931884766,62.16999816894531,59.95000076293945,61.86000061035156,4986200
2019-04-01,60.41049575805664,63.09000015258789,63.27000045776367,61.86000061035156,62.560001373291016,5230700
2019-04-02,59.91257858276367,62.56999969482422,63.27000045776367,61.58000183105469,63.27000045776367,4044400
2019-04-03,60.84138870239258,63.540000915527344,64.7699966430664,63.06999969482422,64.2699966430664,4520500
2019-04-04,61.741458892822266,64.4800033569336,64.5999984741211,63.189998626708984,63.72999954223633,3728800
2019-04-05,63.45543670654297,66.2699966430664,66.38999938964844,64.77999877929688,64.94000244140625,4189400
2019-04-08,63.12031173706055,65.91999816894531,66.08999633789062,64.63999938964844,65.62999725341797,3633400
2019-04-09,60.83181381225586,63.529998779296875,65.4000015258789,63.16999816894531,65.12999725341797,5339200
2019-04-10,63.29266357421875,66.0999984741211,66.12999725341797,63.68000030517578,63.84000015258789,4044300
2019-04-11,63.005401611328125,65.80000305175781,66.52999877929688,65.45999908447266,66.33999633789062,3182400
2019-04-12,63.646949768066406,66.47000122070312,67.08999633789062,65.80000305175781,67.02999877929688,3259200
2019-04-15,63.01496505737305,65.80999755859375,67.0,65.01000213623047,66.81999969482422,2698700
2019-04-16,63.47458267211914,66.29000091552734,66.75,65.63999938964844,66.52999877929688,2809600
2019-04-17,61.674434661865234,64.41000366210938,67.01000213623047,63.349998474121094,66.98999786376953,4390700
2019-04-18,61.24354934692383,63.959999084472656,64.66000366210938,62.66999816894531,64.5,3785400
2019-04-22,60.63072967529297,63.31999969482422,64.04000091552734,62.5,63.459999084472656,2134800
2019-04-23,63.426700592041016,66.23999786376953,66.7699966430664,63.5099983215332,63.54999923706055,4606500
2019-04-24,63.99165344238281,66.83000183105469,67.5999984741211,65.94000244140625,66.30999755859375,3434400
2019-04-25,62.373435974121094,65.13999938964844,66.05000305175781,63.540000915527344,65.86000061035156,4135300
2019-04-26,64.19274139404297,67.04000091552734,67.25,64.68000030517578,65.37999725341797,3212800
2019-04-29,65.07366943359375,67.95999908447266,68.68000030517578,67.26000213623047,67.43000030517578,2706000
2019-04-30,64.08740997314453,66.93000030517578,68.12999725341797,65.33000183105469,68.08999633789062,3742000
2019-05-01,62.27767562866211,65.04000091552734,67.55000305175781,64.98999786376953,67.48999786376953,4290400
2019-05-02,63.1490364074707,65.94999694824219,66.7300033569336,63.68000030517578,64.81999969482422,4502300
2019-05-03,66.76849365234375,69.7300033569336,69.83999633789062,66.76000213623047,66.81999969482422,3709800
2019-05-06,67.01744079589844,69.98999786376953,70.44000244140625,66.41000366210938,66.58999633789062,4247000
2019-05-07,62.976661682128906,65.7699966430664,68.8499984741211,64.13999938964844,68.11000061035156,5693600
2019-05-08,62.067020416259766,64.81999969482422,66.48999786376953,64.66000366210938,65.44999694824219,3502000
2019-05-09,61.36802673339844,64.08999633789062,64.6500015258789,61.060001373291016,63.2400016784668,4877900
2019-05-10,61.76061248779297,64.5,64.83000183105469,60.97999954223633,63.33000183105469,5128200
2019-05-13,55.91011428833008,58.38999938964844,61.36000061035156,57.849998474121094,60.9900016784668,4651500
2019-05-14,58.035823822021484,60.61000061035156,61.290000915527344,58.470001220703125,58.83000183105469,2556900
2019-05-15,58.5911865234375,61.189998626708984,61.599998474121094,58.810001373291016,59.220001220703125,3603000
2019-05-16,59.72107696533203,62.369998931884766,63.66999816894531,61.630001068115234,61.70000076293945,3355100
2019-05-17,57.174049377441406,59.709999084472656,62.58000183105469,59.459999084472656,60.86000061035156,3828400
2019-05-20,55.9196891784668,58.400001525878906,59.630001068115234,57.97999954223633,58.560001373291016,2963400
2019-05-21,58.24648666381836,60.83000183105469,61.0,59.36000061035156,59.40999984741211,2277500
2019-05-22,56.64741134643555,59.15999984741211,60.47999954223633,58.630001068115234,60.040000915527344,2853300
2019-05-23,53.27690124511719,55.63999938964844,57.5,54.619998931884766,57.5,4580400
2019-05-24,54.55998611450195,56.97999954223633,57.41999816894531,55.9900016784668,56.630001068115234,2860000
2019-05-28,53.391807556152344,55.7599983215332,58.02000045776367,55.7599983215332,57.369998931884766,2424700
2019-05-29,52.03211212158203,54.34000015258789,54.959999084472656,53.22999954223633,54.849998474121094,4091700
2019-05-30,51.58207702636719,53.869998931884766,55.650001525878906,52.86000061035156,54.75,3887000
2019-05-31,49.45635986328125,51.650001525878906,52.599998474121094,50.959999084472656,51.900001525878906,3578200
2019-06-03,49.820228576660156,52.029998779296875,52.970001220703125,51.0,51.810001373291016,4847000
2019-06-04,53.73651885986328,56.119998931884766,56.25,53.41999816894531,53.70000076293945,4068700
2019-06-05,53.66948699951172,56.04999923706055,56.91999816894531,54.380001068115234,56.7599983215332,3587600
2019-06-06,53.32477951049805,55.689998626708984,56.5,54.040000915527344,56.08000183105469,3559400
2019-06-07,54.358917236328125,56.77000045776367,57.560001373291016,55.90999984741211,56.29999923706055,3906300
2019-06-10,55.36430740356445,57.81999969482422,59.400001525878906,57.529998779296875,57.540000915527344,3297000
2019-06-11,54.828102111816406,57.2599983215332,59.5099983215332,56.4900016784668,59.150001525878906,3655400
2019-06-12,54.99087905883789,57.43000030517578,57.84000015258789,56.529998779296875,57.13999938964844,2640600
2019-06-13,56.75273895263672,59.27000045776367,59.40999984741211,57.939998626708984,58.40999984741211,2925200
2019-06-14,55.31644058227539,57.77000045776367,59.099998474121094,57.720001220703125,59.06999969482422,2348200
2019-06-17,56.455894470214844,58.959999084472656,59.630001068115234,58.25,58.459999084472656,1850400
2019-06-18,58.29436111450195,60.880001068115234,62.27000045776367,59.849998474121094,60.099998474121094,3582500
2019-06-19,58.926326751708984,61.540000915527344,61.75,60.290000915527344,61.13999938964844,2888100
2019-06-20,59.768951416015625,62.41999816894531,63.540000915527344,61.439998626708984,63.33000183105469,3633900
2019-06-21,58.160301208496094,60.7400016784668,62.2400016784668,60.400001525878906,62.220001220703125,3140700
2019-06-24,56.05374526977539,58.540000915527344,61.310001373291016,58.5,61.25,3257200
2019-06-25,55.080997467041016,57.36000061035156,58.900001525878906,57.150001525878906,58.650001525878906,4256600
2019-06-26,54.706485748291016,56.970001220703125,58.52000045776367,56.869998931884766,57.91999816894531,3103200
2019-06-27,57.80815124511719,60.20000076293945,60.22999954223633,57.380001068115234,57.380001068115234,3813200
2019-06-28,59.834312438964844,62.310001373291016,62.849998474121094,60.439998626708984,60.45000076293945,8938300
2019-07-01,60.43928527832031,62.939998626708984,65.29000091552734,61.90999984741211,64.69000244140625,5423800
2019-07-02,59.40219497680664,61.86000061035156,62.9900016784668,60.7599983215332,62.900001525878906,3428600
2019-07-03,60.63134002685547,63.13999938964844,63.189998626708984,61.849998474121094,62.349998474121094,2022100
2019-07-05,61.09226608276367,63.619998931884766,63.650001525878906,61.380001068115234,62.130001068115234,2338100
2019-07-08,59.382991790771484,61.84000015258789,63.33000183105469,61.40999984741211,63.02000045776367,2518600
2019-07-09,59.48862075805664,61.95000076293945,62.029998779296875,60.90999984741211,60.970001220703125,2612500
2019-07-10,59.824703216552734,62.29999923706055,63.380001068115234,61.34000015258789,63.0,3402700
2019-07-11,58.931663513183594,61.369998931884766,62.619998931884766,60.56999969482422,62.619998931884766,3275300
2019-07-12,60.266448974609375,62.7599983215332,63.439998626708984,61.31999969482422,61.61000061035156,2936500
2019-07-15,59.267765045166016,61.720001220703125,63.349998474121094,61.279998779296875,63.31999969482422,2776400
2019-07-16,59.28696823120117,61.7400016784668,62.86000061035156,61.040000915527344,61.599998474121094,3110700
2019-07-17,58.048213958740234,60.45000076293945,61.83000183105469,59.90999984741211,61.720001220703125,3416400
2019-07-18,58.64358139038086,61.06999969482422,61.38999938964844,59.900001525878906,60.29999923706055,3867000
2019-07-19,57.69292068481445,60.08000183105469,61.869998931884766,60.0099983215332,61.31999969482422,3660700
2019-07-22,57.42403793334961,59.79999923706055,60.9900016784668,59.4900016784668,60.45000076293945,3587100
2019-07-23,58.57637023925781,61.0,61.0,59.630001068115234,60.540000915527344,3515800
2019-07-24,61.476375579833984,64.0199966430664,64.20999908447266,60.29999923706055,60.470001220703125,4626300
2019-07-25,59.20054244995117,61.650001525878906,63.939998626708984,61.349998474121094,63.939998626708984,4788100
2019-07-26,61.25550842285156,63.790000915527344,64.05000305175781,61.83000183105469,61.900001525878906,3682300
2019-07-29,60.06477355957031,62.54999923706055,64.04000091552734,61.88999938964844,63.790000915527344,3442700
2019-07-30,61.93730163574219,64.5,64.54000091552734,60.810001373291016,61.279998779296875,3674300
2019-07-31,60.506500244140625,63.0099983215332,66.25,61.77000045776367,64.47000122070312,5678400
2019-08-01,57.856163024902344,60.25,64.9000015258789,59.439998626708984,63.36000061035156,6983200
2019-08-02,55.868412017822266,58.18000030517578,59.599998474121094,56.70000076293945,59.099998474121094,6170500
2019-08-05,50.827003479003906,52.93000030517578,55.13999938964844,50.95000076293945,55.029998779296875,7083900
2019-08-06,52.24819564819336,54.40999984741211,54.779998779296875,52.290000915527344,53.91999816894531,4252800
2019-08-07,52.1713752746582,54.33000183105469,54.75,51.47999954223633,52.81999969482422,6436900
2019-08-08,55.54191589355469,57.84000015258789,57.91999816894531,55.04999923706055,55.2400016784668,4060800
2019-08-09,53.39091491699219,55.599998474121094,57.349998474121094,54.95000076293945,57.29999923706055,4570500
2019-08-12,51.3359375,53.459999084472656,55.060001373291016,53.08000183105469,54.709999084472656,3727500
2019-08-13,53.035621643066406,55.22999954223633,56.77000045776367,52.38999938964844,53.06999969482422,3904700
2019-08-14,48.570377349853516,50.58000183105469,52.63999938964844,50.16999816894531,52.599998474121094,6298400
2019-08-15,47.946197509765625,49.93000030517578,51.150001525878906,49.220001220703125,51.150001525878906,3787200
2019-08-16,51.03825759887695,53.150001525878906,53.400001525878906,50.619998931884766,50.619998931884766,3720000
2019-08-19,52.57468795776367,54.75,55.54999923706055,54.529998779296875,54.939998626708984,2679800
2019-08-20,51.51839828491211,53.650001525878906,54.58000183105469,53.4900016784668,54.5,2660000
2019-08-21,52.75713348388672,54.939998626708984,55.25,54.34000015258789,55.220001220703125,2495800
2019-08-22,52.334617614746094,54.5,55.709999084472656,53.61000061035156,55.279998779296875,3123300
2019-08-23,47.58129119873047,49.54999923706055,54.630001068115234,49.029998779296875,53.70000076293945,6558800
2019-08-26,49.13692092895508,51.16999816894531,51.16999816894531,49.79999923706055,50.959999084472656,3024500
2019-08-27,46.93791580200195,48.880001068115234,52.189998626708984,48.709999084472656,52.13999938964844,4292400
2019-08-28,48.560768127441406,50.56999969482422,51.40999984741211,48.25,48.56999969482422,3178200
2019-08-29,51.12468338012695,53.2400016784668,53.400001525878906,52.0,52.189998626708984,2981000
2019-08-30,50.84620666503906,52.95000076293945,54.11000061035156,52.060001373291016,54.0,2964800
2019-09-03,48.560768127441406,50.56999969482422,52.33000183105469,49.880001068115234,51.349998474121094,4707400
2019-09-04,49.75149917602539,51.810001373291016,52.31999969482422,51.11000061035156,51.9900016784668,2672600
2019-09-05,52.430641174316406,54.599998474121094,56.040000915527344,53.369998931884766,53.86000061035156,4366500
2019-09-06,51.77766418457031,53.91999816894531,55.34000015258789,53.83000183105469,54.72999954223633,3750600
2019-09-09,53.784629821777344,56.0099983215332,56.400001525878906,54.08000183105469,54.630001068115234,6282000
2019-09-10,55.820396423339844,58.130001068115234,58.279998779296875,54.90999984741211,55.79999923706055,5186700
2019-09-11,59.229347229003906,61.68000030517578,61.939998626708984,57.849998474121094,58.959999084472656,4897600
2019-09-12,59.28696823120117,61.7400016784668,62.77000045776367,60.060001373291016,61.97999954223633,4245200
2019-09-13,59.603851318359375,62.06999969482422,63.95000076293945,61.88999938964844,62.68000030517578,4488400
2019-09-16,60.24722671508789,62.7400016784668,63.77000045776367,61.34000015258789,61.70000076293945,3234800
2019-09-17,59.73828887939453,62.209999084472656,62.36000061035156,61.029998779296875,62.16999816894531,2895600
2019-09-18,58.585960388183594,61.0099983215332,62.25,59.38999938964844,62.220001220703125,4192300
2019-09-19,57.77934265136719,60.16999816894531,62.59000015258789,59.93000030517578,61.400001525878906,3310500
2019-09-20,57.37602996826172,59.75,61.20000076293945,58.68000030517578,60.099998474121094,3422600
2019-09-23,57.30881118774414,59.68000030517578,60.38999938964844,58.79999923706055,59.13999938964844,2092300
2019-09-24,54.706485748291016,56.970001220703125,60.2599983215332,56.279998779296875,60.130001068115234,4246500
2019-09-25,56.4445686340332,58.779998779296875,59.09000015258789,56.22999954223633,56.79999923706055,3275700
2019-09-26,54.62005615234375,56.880001068115234,58.63999938964844,56.36000061035156,58.63999938964844,2979800
2019-09-27,53.266082763671875,55.470001220703125,57.72999954223633,54.709999084472656,57.290000915527344,3592400
2019-09-30,53.458133697509766,55.66999816894531,56.619998931884766,55.029998779296875,55.630001068115234,2343400
2019-10-01,50.32766342163086,52.40999984741211,57.810001373291016,52.0099983215332,56.41999816894531,5479900
2019-10-02,49.0697021484375,51.099998474121094,51.52000045776367,49.689998626708984,51.52000045776367,5424600
2019-10-03,49.636260986328125,51.689998626708984,51.869998931884766,48.7400016784668,50.599998474121094,5475800
2019-10-04,50.971038818359375,53.08000183105469,53.189998626708984,50.9900016784668,51.939998626708984,3515500
2019-10-07,50.75017166137695,52.849998474121094,54.060001373291016,52.0,52.689998626708984,3012800
2019-10-08,48.234283447265625,50.22999954223633,51.77000045776367,49.86000061035156,51.29999923706055,4075400
2019-10-09,48.848846435546875,50.869998931884766,51.470001220703125,50.38999938964844,51.31999969482422,2368800
2019-10-10,49.48262023925781,51.529998779296875,52.31999969482422,50.869998931884766,51.119998931884766,3044800
2019-10-11,52.01772689819336,54.16999816894531,55.900001525878906,53.560001373291016,53.61000061035156,4922100
2019-10-14,51.38395309448242,53.5099983215332,54.02000045776367,52.88999938964844,53.7400016784668,2247100
2019-10-15,53.14124298095703,55.34000015258789,56.08000183105469,53.61000061035156,54.040000915527344,2463500
2019-10-16,53.27568435668945,55.47999954223633,56.2599983215332,55.040000915527344,55.08000183105469,2088500
2019-10-17,55.13861083984375,57.41999816894531,57.599998474121094,56.0099983215332,56.310001373291016,2848400
2019-10-18,54.35118865966797,56.599998474121094,57.58000183105469,55.33000183105469,56.970001220703125,2527500
2019-10-21,55.926025390625,58.2400016784668,59.22999954223633,58.040000915527344,58.31999969482422,2401500
2019-10-22,56.031646728515625,58.349998474121094,59.310001373291016,57.83000183105469,58.43000030517578,1928600
2019-10-23,56.22371292114258,58.54999923706055,58.95000076293945,57.61000061035156,58.5,1581400
2019-10-24,56.012454986572266,58.33000183105469,59.29999923706055,57.47999954223633,59.209999084472656,1969800
2019-10-25,56.895896911621094,59.25,59.84000015258789,57.970001220703125,58.0,2126700
2019-10-28,58.28828811645508,60.70000076293945,61.470001220703125,59.93000030517578,60.0,2597800
2019-10-29,58.931663513183594,61.369998931884766,61.900001525878906,60.18000030517578,60.36000061035156,2151900
2019-10-30,58.355506896972656,60.77000045776367,61.310001373291016,59.4900016784668,61.310001373291016,2471600
2019-10-31,57.2703971862793,59.63999938964844,60.41999816894531,58.27000045776367,60.41999816894531,3317400
2019-11-01,60.19921112060547,62.689998626708984,62.779998779296875,60.349998474121094,60.709999084472656,2948400
2019-11-04,61.121070861816406,63.650001525878906,64.54000091552734,63.130001068115234,64.2300033569336,2412500
2019-11-05,61.332340240478516,63.869998931884766,65.4800033569336,63.7400016784668,64.30000305175781,2290600
2019-11-06,60.30485534667969,62.79999923706055,63.75,62.33000183105469,63.720001220703125,1754200
2019-11-07,60.78498458862305,63.29999923706055,65.0999984741211,62.75,64.58999633789062,2514300
2019-11-08,61.24590301513672,63.779998779296875,64.01000213623047,62.45000076293945,62.81999969482422,1666400
2019-11-11,60.871402740478516,63.38999938964844,63.56999969482422,62.349998474121094,62.560001373291016,1636200
2019-11-12,60.89061737060547,63.40999984741211,64.69999694824219,63.06999969482422,63.63999938964844,2242100
2019-11-13,60.21841812133789,62.709999084472656,63.060001373291016,61.5,62.099998474121094,2457100
2019-11-14,60.13199996948242,62.619998931884766,63.5,62.220001220703125,62.34000015258789,1663000
2019-11-15,60.99624252319336,63.52000045776367,63.93000030517578,62.849998474121094,63.84000015258789,1650900
2019-11-18,60.429691314697266,62.93000030517578,63.27000045776367,62.349998474121094,63.2400016784668,1888400
2019-11-19,61.16908645629883,63.70000076293945,64.41999816894531,62.77000045776367,63.75,2157300
2019-11-20,60.5737190246582,63.08000183105469,64.27999877929688,61.5,63.040000915527344,2693200
2019-11-21,59.555843353271484,62.02000045776367,63.40999984741211,61.459999084472656,63.31999969482422,2135400
2019-11-22,60.06477355957031,62.54999923706055,62.97999954223633,61.599998474121094,62.7400016784668,1779600
2019-11-25,63.963478088378906,66.61000061035156,66.86000061035156,63.34000015258789,63.5,2953500
2019-11-26,64.05948638916016,66.70999908447266,67.7699966430664,66.22000122070312,66.79000091552734,2296300
2019-11-27,65.38465118408203,68.08999633789062,68.2300033569336,67.18000030517578,67.55000305175781,2159900
2019-11-29,64.08829498291016,66.73999786376953,68.05000305175781,66.66000366210938,67.55000305175781,1585400
2019-12-02,62.186981201171875,64.76000213623047,67.29000091552734,64.45999908447266,67.25,3531400
2019-12-03,61.65882873535156,64.20999908447266,64.25,62.27000045776367,63.130001068115234,2819400
2019-12-04,62.916778564453125,65.5199966430664,66.01000213623047,64.87000274658203,65.12000274658203,1817800
2019-12-05,63.08002471923828,65.69000244140625,66.52999877929688,65.0999984741211,66.25,2064800
2019-12-06,65.23101806640625,67.93000030517578,68.66000366210938,67.56999969482422,67.66000366210938,2445700
2019-12-09,64.84691619873047,67.52999877929688,68.36000061035156,67.43000030517578,67.87000274658203,1840600
2019-12-10,64.9621353149414,67.6500015258789,68.12999725341797,66.86000061035156,67.43000030517578,1815600
2019-12-11,64.93333435058594,67.62000274658203,68.25,66.86000061035156,68.01000213623047,1824600
2019-12-12,66.6234359741211,69.37999725341797,70.7300033569336,67.2300033569336,67.81999969482422,3335700
2019-12-13,65.7591781616211,68.4800033569336,70.4000015258789,67.54000091552734,69.08999633789062,2963200
2019-12-16,67.15157318115234,69.93000030517578,71.16999816894531,69.7699966430664,70.19000244140625,2327900
2019-12-17,68.1214370727539,70.94000244140625,70.94999694824219,69.70999908447266,70.30999755859375,1626700
2019-12-18,68.64956665039062,71.48999786376953,71.7300033569336,70.51000213623047,71.41000366210938,1869400
2019-12-19,69.33136749267578,72.19999694824219,72.19999694824219,71.19999694824219,71.66999816894531,1738800
2019-12-20,69.65787506103516,72.54000091552734,73.1500015258789,72.23999786376953,72.86000061035156,2468300
2019-12-23,70.13898468017578,72.88999938964844,72.91999816894531,71.66000366210938,72.80000305175781,2358300
2019-12-24,70.57199096679688,73.33999633789062,73.33999633789062,72.4800033569336,73.0199966430664,981800
2019-12-26,70.59125518798828,73.36000061035156,73.69999694824219,72.91000366210938,73.51000213623047,1560600
2019-12-27,69.45578002929688,72.18000030517578,73.87999725341797,71.66000366210938,73.80000305175781,2886600
2019-12-30,68.97464752197266,71.68000030517578,72.62999725341797,70.5199966430664,72.37000274658203,2005000
2019-12-31,69.27294921875,71.98999786376953,72.80000305175781,70.68000030517578,71.1500015258789,2443900
2020-01-02,69.36917877197266,72.08999633789062,73.30999755859375,70.06999969482422,73.26000213623047,4127300
2020-01-03,68.45503997802734,71.13999938964844,71.61000061035156,69.36000061035156,69.47000122070312,2437900
2020-01-06,68.81108093261719,71.51000213623047,71.72000122070312,69.16000366210938,69.54000091552734,2427400
2020-01-07,68.10862731933594,70.77999877929688,71.43000030517578,69.9800033569336,70.83000183105469,1820000
2020-01-08,68.81108093261719,71.51000213623047,72.29000091552734,70.62999725341797,70.77999877929688,2971900
2020-01-09,68.94578552246094,71.6500015258789,72.80999755859375,71.29000091552734,72.41999816894531,2164700
2020-01-10,68.0605239868164,70.7300033569336,71.80000305175781,69.91000366210938,71.70999908447266,2612900
2020-01-13,69.388427734375,72.11000061035156,72.23999786376953,69.69999694824219,70.83999633789062,2227600
2020-01-14,70.20634460449219,72.95999908447266,74.22000122070312,70.83999633789062,71.05000305175781,3069300
2020-01-15,71.11087036132812,73.9000015258789,74.69999694824219,72.3499984741211,72.38999938964844,2873500
2020-01-16,73.9399185180664,76.83999633789062,77.2300033569336,75.33000183105469,75.51000213623047,2709400
2020-01-17,73.23746490478516,76.11000061035156,77.88999938964844,75.63999938964844,77.83999633789062,2173100
2020-01-21,71.41878509521484,74.22000122070312,75.41999816894531,73.73999786376953,75.2300033569336,2430600
2020-01-22,71.27444458007812,74.06999969482422,75.5,73.62000274658203,74.91999816894531,1780500
2020-01-23,71.2455825805664,74.04000091552734,74.58999633789062,71.30000305175781,73.51000213623047,1910200
2020-01-24,68.38770294189453,71.06999969482422,74.63999938964844,69.68000030517578,74.63999938964844,3346000
2020-01-27,66.16487884521484,68.76000213623047,69.97000122070312,67.33000183105469,67.86000061035156,3175000
2020-01-28,67.80070495605469,70.45999908447266,71.05999755859375,69.56999969482422,70.0,1689100
2020-01-29,66.65560913085938,69.2699966430664,71.2699966430664,69.20999908447266,70.69000244140625,1705300
2020-01-30,66.60749816894531,69.22000122070312,69.44999694824219,66.69999694824219,67.79000091552734,2216500
2020-01-31,62.56601333618164,65.0199966430664,68.62999725341797,64.27999877929688,68.33000183105469,3519600
2020-02-03,64.509765625,67.04000091552734,67.77999877929688,66.05999755859375,66.13999938964844,2450700
2020-02-04,67.36770629882812,70.01000213623047,70.70999908447266,69.29000091552734,69.47000122070312,2116100
2020-02-05,70.47577667236328,73.23999786376953,73.54000091552734,71.19999694824219,72.16999816894531,2358300
2020-02-06,69.9946517944336,72.73999786376953,74.3499984741211,72.55999755859375,74.05000305175781,2099600
2020-02-07,67.45426940917969,70.0999984741211,72.0,69.47000122070312,71.94000244140625,2563500
2020-02-10,68.6090087890625,71.30000305175781,71.30999755859375,69.55000305175781,69.62999725341797,1419500
2020-02-11,69.92728424072266,72.66999816894531,73.95999908447266,71.8499984741211,72.47000122070312,2264600
2020-02-12,71.33219909667969,74.12999725341797,74.41999816894531,73.12000274658203,74.05999755859375,1857600
2020-02-13,71.92880249023438,74.75,75.2699966430664,72.8499984741211,73.0,2115100
2020-02-14,71.09162139892578,73.87999725341797,74.98999786376953,73.12999725341797,74.91999816894531,1988600
2020-02-18,70.6297378540039,73.4000015258789,74.08000183105469,71.95999908447266,73.33999633789062,1755600
2020-02-19,71.67860412597656,74.48999786376953,75.45999908447266,73.79000091552734,74.2300033569336,1591500
2020-02-20,72.19820404052734,75.02999877929688,75.4000015258789,72.08999633789062,73.86000061035156,2827900
2020-02-21,69.96576690673828,72.70999908447266,74.5,71.70999908447266,74.08000183105469,2555600
2020-02-24,63.54751968383789,66.04000091552734,67.25,64.87999725341797,66.02999877929688,3373500
2020-02-25,56.94642639160156,59.18000030517578,66.9800033569336,58.70000076293945,66.7300033569336,4627800
2020-02-26,54.99304962158203,57.150001525878906,61.58000183105469,56.70000076293945,59.9900016784668,3837700
2020-02-27,49.12327575683594,51.04999923706055,57.61000061035156,50.77000045776367,53.5,5711500
2020-02-28,47.1506462097168,49.0,49.900001525878906,45.7400016784668,46.630001068115234,6717000
2020-03-02,50.96118927001953,52.959999084472656,53.02000045776367,47.2599983215332,49.77000045776367,4481800
2020-03-03,47.843475341796875,49.720001220703125,56.13999938964844,47.93000030517578,53.060001373291016,5959400
2020-03-04,51.904205322265625,53.939998626708984,54.119998931884766,50.15999984741211,51.970001220703125,3502900
2020-03-05,46.7561149597168,48.59000015258789,51.34000015258789,46.720001220703125,50.36000061035156,4819900
2020-03-06,44.004058837890625,45.72999954223633,47.33000183105469,42.400001525878906,44.310001373291016,4930800
2020-03-09,31.26376724243164,32.4900016784668,37.91999816894531,32.34000015258789,37.0,6872700
2020-03-10,34.150535583496094,35.4900016784668,35.810001373291016,30.75,35.810001373291016,6801300
2020-03-11,27.636051177978516,28.719999313354492,33.810001373291016,27.399999618530273,32.709999084472656,8227800
2020-03-12,18.677431106567383,19.40999984741211,24.670000076293945,19.190000534057617,22.799999237060547,15497000
2020-03-13,22.112689971923828,22.979999542236328,23.1200008392334,18.0,22.5,11662100
2020-03-16,13.90462875366211,14.449999809265137,18.399999618530273,14.350000381469727,18.0,12311600
2020-03-17,15.078583717346191,15.670000076293945,16.3700008392334,12.5,14.5,14061800
2020-03-18,11.547096252441406,12.0,14.670000076293945,10.109999656677246,13.199999809265137,17807900
2020-03-19,12.461240768432617,12.949999809265137,13.930000305175781,10.199999809265137,11.640000343322754,18598300
2020-03-20,11.431625366210938,11.880000114440918,14.680000305175781,11.600000381469727,13.8100004196167,17811000
2020-03-23,10.969740867614746,11.399999618530273,12.1899995803833,10.09000015258789,12.119999885559082,26466000
2020-03-24,13.885384559631348,14.430000305175781,14.510000228881836,12.890000343322754,13.319999694824219,19944000
2020-03-25,14.510848999023438,15.079999923706055,16.610000610351562,13.460000038146973,14.850000381469727,23381700
2020-03-26,17.17630958557129,17.850000381469727,18.1200008392334,15.539999961853027,15.670000076293945,17248500
2020-03-27,15.213298797607422,15.8100004196167,17.399999618530273,15.109999656677246,15.760000228881836,17222800
2020-03-30,16.223669052124023,16.860000610351562,16.920000076293945,15.109999656677246,16.149999618530273,12981000
2020-03-31,15.925369262695312,16.549999237060547,17.360000610351562,15.510000228881836,16.700000762939453,18454100
2020-04-01,12.721052169799805,13.220000267028809,14.8100004196167,12.75,14.270000457763672,16948600
2020-04-02,13.038595199584961,13.550000190734863,14.550000190734863,12.4399995803833,12.890000343322754,17347100
2020-04-03,11.883886337280273,12.350000381469727,13.670000076293945,11.649999618530273,13.180000305175781,17621400
2020-04-06,14.645569801330566,15.220000267028809,15.460000038146973,13.930000305175781,13.9399995803833,17299900
2020-04-07,14.770659446716309,15.350000381469727,17.649999618530273,15.130000114440918,16.920000076293945,29071500
2020-04-08,16.829891204833984,17.489999771118164,17.860000610351562,15.600000381469727,16.1299991607666,22154400
2020-04-09,19.206666946411133,19.959999084472656,20.309999465942383,18.829999923706055,19.0,34403700
2020-04-13,17.657434463500977,18.350000381469727,19.829999923706055,17.700000762939453,19.469999313354492,25276300
2020-04-14,18.677431106567383,19.40999984741211,20.350000381469727,18.75,19.899999618530273,21057800
2020-04-15,16.406496047973633,17.049999237060547,17.639999389648438,16.5,17.100000381469727,20205500
2020-04-16,16.021596908569336,16.649999618530273,17.270000457763672,15.630000114440918,17.18000030517578,23377800
2020-04-17,18.128942489624023,18.84000015258789,19.079999923706055,17.979999542236328,18.690000534057617,23668900
2020-04-20,17.445735931396484,18.1299991607666,19.209999084472656,17.440000534057617,17.729999542236328,21921800
2020-04-21,16.23328971862793,16.8700008392334,17.530000686645508,16.309999465942383,16.709999084472656,25230100
2020-04-22,16.868385314941406,17.530000686645508,18.239999771118164,17.299999237060547,17.90999984741211,13147000
2020-04-23,17.359130859375,18.040000915527344,19.09000015258789,17.670000076293945,17.8700008392334,23402500
2020-04-24,18.215543746948242,18.93000030517578,19.290000915527344,17.850000381469727,18.479999542236328,19730300
2020-04-27,20.399871826171875,21.200000762939453,21.700000762939453,19.56999969482422,19.6299991607666,23845500
2020-04-28,21.323638916015625,22.15999984741211,23.270000457763672,21.149999618530273,23.079999923706055,31466200
2020-04-29,24.306636810302734,25.260000228881836,26.030000686645508,23.479999542236328,24.290000915527344,30897300
2020-04-30,21.621936798095703,22.469999313354492,23.889999389648438,22.3700008392334,23.34000015258789,26163500
2020-05-01,19.05270767211914,19.799999237060547,20.959999084472656,18.809999465942383,20.809999465942383,24249300
2020-05-04,19.216289520263672,19.969999313354492,20.110000610351562,18.389999389648438,19.030000686645508,18152600
2020-05-05,19.668554306030273,20.440000534057617,22.040000915527344,20.209999084472656,21.149999618530273,27468500
2020-05-06,19.225914001464844,19.979999542236328,21.229999542236328,19.739999771118164,20.8700008392334,20790100
2020-05-07,20.072702407836914,20.860000610351562,21.34000015258789,20.40999984741211,20.81999969482422,22169200
2020-05-08,22.353252410888672,23.229999542236328,23.34000015258789,21.700000762939453,22.139999389648438,27406000
2020-05-11,22.016464233398438,22.8799991607666,23.579999923706055,21.670000076293945,22.25,28597100
2020-05-12,19.6589298248291,20.43000030517578,23.239999771118164,20.399999618530273,23.219999313354492,24931000
2020-05-13,17.657434463500977,18.350000381469727,20.020000457763672,17.31999969482422,19.860000610351562,32853000
2020-05-14,17.92686653137207,18.6299991607666,18.649999618530273,15.930000305175781,17.149999618530273,39014800
2020-05-15,18.725540161132812,19.459999084472656,19.649999618530273,17.809999465942383,18.040000915527344,24740600
2020-05-18,22.122314453125,22.989999771118164,23.290000915527344,22.100000381469727,22.149999618530273,30621600
2020-05-19,20.84250831604004,21.65999984741211,23.3700008392334,21.639999389648438,22.780000686645508,30148400
2020-05-20,22.680421829223633,23.56999969482422,24.06999969482422,22.799999237060547,22.950000762939453,30007800
2020-05-21,22.872873306274414,23.770000457763672,24.139999389648438,22.850000381469727,23.649999618530273,34602200
2020-05-22,23.123062133789062,24.030000686645508,24.139999389648438,23.079999923706055,23.959999084472656,22622600
2020-05-26,25.0860652923584,26.06999969482422,26.979999542236328,25.959999084472656,26.81999969482422,27265200
2020-05-27,27.491710662841797,28.56999969482422,28.780000686645508,25.309999465942383,27.65999984741211,33775900
2020-05-28,25.56719970703125,26.56999969482422,29.5,26.09000015258789,29.479999542236328,30945200
2020-05-29,25.03795623779297,26.020000457763672,26.290000915527344,24.65999984741211,25.75,31377300
2020-06-01,25.827009201049805,26.84000015258789,27.6299991607666,25.889999389648438,26.290000915527344,21827500
2020-06-02,26.423606872558594,27.459999084472656,27.75,26.43000030517578,27.31999969482422,26011500
2020-06-03,28.290382385253906,29.399999618530273,30.18000030517578,28.469999313354492,28.760000228881836,21665500
2020-06-04,28.223026275634766,29.329999923706055,29.950000762939453,28.479999542236328,28.8700008392334,28118500
2020-06-05,31.494699478149414,32.72999954223633,34.0099983215332,32.36000061035156,33.209999084472656,28063900
2020-06-08,33.303749084472656,34.61000061035156,34.83000183105469,33.70000076293945,34.13999938964844,20820700
2020-06-09,31.523569107055664,32.7599983215332,33.7599983215332,31.93000030517578,33.15999984741211,24298100
2020-06-10,28.90623664855957,30.040000915527344,32.7599983215332,29.889999389648438,32.59000015258789,37252600
2020-06-11,22.353252410888672,23.229999542236328,26.8799991607666,23.040000915527344,26.34000015258789,49142500
2020-06-12,23.93135643005371,24.8700008392334,26.25,22.739999771118164,25.899999618530273,43344300
2020-06-15,25.62493133544922,26.6299991607666,27.1200008392334,22.420000076293945,22.450000762939453,36273000
2020-06-16,27.405109405517578,28.479999542236328,29.799999237060547,26.56999969482422,29.760000228881836,39930800
2020-06-17,25.913610458374023,26.93000030517578,28.81999969482422,26.670000076293945,28.610000610351562,25112200
2020-06-18,25.942472457885742,26.959999084472656,27.809999465942383,25.81999969482422,26.1200008392334,18068200
2020-06-19,25.470966339111328,26.469999313354492,28.479999542236328,25.84000015258789,28.389999389648438,24696600
2020-06-22,26.26963996887207,27.299999237060547,27.360000610351562,25.290000915527344,26.100000381469727,18446000
2020-06-23,26.57865333557129,27.610000610351562,28.540000915527344,27.40999984741211,28.309999465942383,16630800
2020-06-24,23.950632095336914,24.8799991607666,26.780000686645508,23.760000228881836,26.510000228881836,34646700
2020-06-25,25.057668685913086,26.030000686645508,26.09000015258789,23.84000015258789,24.520000457763672,25789300
2020-06-26,23.064990997314453,23.959999084472656,25.68000030517578,23.84000015258789,25.520000457763672,28481600
2020-06-29,25.404226303100586,26.389999389648438,26.729999542236328,24.139999389648438,24.989999771118164,30744300
2020-06-30,26.366867065429688,27.389999389648438,27.690000534057617,26.0,26.030000686645508,25972400
2020-07-01,25.6352596282959,26.6299991607666,28.219999313354492,26.34000015258789,27.709999084472656,30886000
2020-07-02,25.991437911987305,27.0,28.59000015258789,26.709999084472656,28.229999542236328,24705000
2020-07-06,26.501636505126953,27.530000686645508,28.75,27.280000686645508,28.6299991607666,23087900
2020-07-07,25.086551666259766,26.059999465942383,27.559999465942383,25.8799991607666,26.860000610351562,22787900
2020-07-08,25.654510498046875,26.649999618530273,26.979999542236328,25.110000610351562,26.049999237060547,23364000
2020-07-09,24.095027923583984,25.030000686645508,26.889999389648438,24.030000686645508,26.719999313354492,32572500
2020-07-10,25.269454956054688,26.25,26.350000381469727,24.719999313354492,25.079999923706055,25025400
2020-07-13,24.354938507080078,25.299999237060547,28.100000381469727,25.200000762939453,27.100000381469727,27336100
2020-07-14,25.519742965698242,26.510000228881836,26.56999969482422,24.790000915527344,25.209999084472656,29287100
2020-07-15,28.3114070892334,29.40999984741211,29.850000381469727,28.170000076293945,28.489999771118164,31124100
2020-07-16,27.80120849609375,28.8799991607666,29.209999084472656,28.149999618530273,28.889999389648438,24007600
2020-07-17,28.051502227783203,29.139999389648438,29.75,28.540000915527344,29.190000534057617,19582800
2020-07-20,27.676071166992188,28.75,29.329999923706055,28.309999465942383,28.950000762939453,19148400
2020-07-21,28.879377365112305,30.0,30.670000076293945,29.5,29.690000534057617,24080800
2020-07-22,28.92751121520996,30.049999237060547,30.389999389648438,29.40999984741211,29.43000030517578,15480600
2020-07-23,29.062280654907227,30.190000534057617,31.329999923706055,29.170000076293945,29.979999542236328,26589600
2020-07-24,27.695323944091797,28.770000457763672,29.790000915527344,28.5,29.559999465942383,21252800
2020-07-27,28.580957412719727,29.690000534057617,29.760000228881836,28.420000076293945,28.90999984741211,16560300
2020-07-28,27.772336959838867,28.850000381469727,29.959999084472656,28.780000686645508,29.399999618530273,13780000
2020-07-29,29.533977508544922,30.68000030517578,30.770000457763672,29.31999969482422,29.350000381469727,12056400
2020-07-30,29.264434814453125,30.399999618530273,30.56999969482422,28.8799991607666,29.389999389648438,15355900
2020-07-31,28.407682418823242,29.510000228881836,30.149999618530273,27.860000610351562,30.010000228881836,24646200
2020-08-03,29.822771072387695,30.979999542236328,31.049999237060547,29.40999984741211,30.010000228881836,15494200
2020-08-04,30.361854553222656,31.540000915527344,31.65999984741211,30.489999771118164,30.729999542236328,16712700
2020-08-05,32.152374267578125,33.400001525878906,33.5,32.189998626708984,32.5,13376700
2020-08-06,32.152374267578125,33.400001525878906,33.869998931884766,32.880001068115234,33.470001220703125,14833100
2020-08-07,33.6733512878418,34.97999954223633,35.040000915527344,33.02000045776367,33.18000030517578,20159300
2020-08-10,34.77077102661133,36.119998931884766,36.77000045776367,35.33000183105469,35.34000015258789,18303800
2020-08-11,34.13542556762695,35.459999084472656,37.47999954223633,34.959999084472656,37.130001068115234,17941900
2020-08-12,34.55898666381836,35.900001525878906,36.79999923706055,35.20000076293945,36.650001525878906,18347300
2020-08-13,34.32795333862305,35.65999984741211,36.560001373291016,35.29999923706055,35.529998779296875,11636700
2020-08-14,34.24131774902344,35.56999969482422,36.029998779296875,34.7599983215332,35.04999923706055,11508500
2020-08-17,34.761146545410156,36.11000061035156,36.220001220703125,35.36000061035156,35.88999938964844,6888400
2020-08-18,33.76961898803711,35.08000183105469,36.119998931884766,34.650001525878906,36.09000015258789,11661300
2020-08-19,33.798500061035156,35.11000061035156,36.20000076293945,34.970001220703125,35.5099983215332,10115200
2020-08-20,33.34605407714844,34.63999938964844,35.150001525878906,33.869998931884766,34.029998779296875,8794800
2020-08-21,32.64331817626953,33.90999984741211,34.59000015258789,33.22999954223633,34.2599983215332,14286100
2020-08-24,33.625221252441406,34.93000030517578,34.97999954223633,33.720001220703125,34.709999084472656,13187200
2020-08-25,33.759986877441406,35.06999969482422,35.40999984741211,34.0099983215332,35.36000061035156,14788400
2020-08-26,33.08613967895508,34.369998931884766,35.31999969482422,34.27000045776367,35.130001068115234,12019400
2020-08-27,33.34605407714844,34.63999938964844,35.439998626708984,33.900001525878906,34.86000061035156,15702900
2020-08-28,34.18354415893555,35.5099983215332,35.56999969482422,34.599998474121094,35.20000076293945,10810600
2020-08-31,33.03800582885742,34.31999969482422,35.70000076293945,34.29999923706055,35.56999969482422,11405300
2020-09-01,34.21243667602539,35.540000915527344,35.619998931884766,33.72999954223633,34.29999923706055,9308600
2020-09-02,35.03069305419922,36.38999938964844,36.75,34.88999938964844,36.0099983215332,10235600
2020-09-03,31.988727569580078,33.22999954223633,36.279998779296875,32.619998931884766,36.15999984741211,19057500
2020-09-04,31.314870834350586,32.529998779296875,34.529998779296875,30.260000228881836,34.33000183105469,16518100
2020-09-08,29.52435302734375,30.670000076293945,32.34000015258789,30.139999389648438,31.5,13816600
2020-09-09,30.82392120361328,32.02000045776367,32.45000076293945,31.1200008392334,31.6299991607666,9604800
2020-09-10,29.649492263793945,30.799999237060547,33.150001525878906,30.75,32.5,12940900
2020-09-11,29.07190704345703,30.200000762939453,31.3700008392334,29.290000915527344,31.299999237060547,11676500
2020-09-14,31.314870834350586,32.529998779296875,32.7599983215332,30.920000076293945,31.06999969482422,8412900
2020-09-15,31.517024993896484,32.7400016784668,33.59000015258789,32.41999816894531,33.36000061035156,7912300
2020-09-16,32.441165924072266,33.70000076293945,34.970001220703125,33.040000915527344,33.220001220703125,8251800
2020-09-17,31.71918487548828,32.95000076293945,33.400001525878906,31.68000030517578,32.27000045776367,12537600
2020-09-18,31.440017700195312,32.65999984741211,33.939998626708984,31.309999465942383,33.11000061035156,12844700
2020-09-21,28.195898056030273,29.290000915527344,30.729999542236328,28.25,30.489999771118164,22497400
2020-09-22,28.81199073791504,29.93000030517578,30.06999969482422,28.469999313354492,29.709999084472656,12200600
2020-09-23,26.251352310180664,27.270000457763672,30.5,27.209999084472656,29.889999389648438,14438800
2020-09-24,26.26097869873047,27.280000686645508,28.649999618530273,26.139999389648438,27.25,17468500
2020-09-25,27.522045135498047,28.59000015258789,28.829999923706055,26.84000015258789,26.90999984741211,11538000
2020-09-28,29.601360321044922,30.75,30.940000534057617,29.6299991607666,29.719999313354492,12404200
2020-09-29,29.16817283630371,30.299999237060547,30.860000610351562,29.469999313354492,30.6299991607666,14650700
2020-09-30,29.45696258544922,30.600000381469727,31.8799991607666,29.780000686645508,30.610000610351562,15177000
2020-10-01,30.795040130615234,31.989999771118164,32.029998779296875,30.389999389648438,31.149999618530273,12599900
2020-10-02,31.23785972595215,32.45000076293945,32.880001068115234,30.020000457763672,30.270000457763672,16678600
2020-10-05,33.80812454223633,35.119998931884766,35.27000045776367,33.459999084472656,33.459999084472656,9126400
2020-10-06,33.4808235168457,34.779998779296875,37.77000045776367,34.63999938964844,36.08000183105469,15936900
2020-10-07,35.723785400390625,37.11000061035156,37.45000076293945,36.060001373291016,36.130001068115234,10625400
2020-10-08,36.93672180175781,38.369998931884766,38.650001525878906,37.4900016784668,38.290000915527344,10775900
2020-10-09,37.495059967041016,38.95000076293945,39.66999816894531,38.31999969482422,39.41999816894531,13639400
2020-10-12,38.236297607421875,39.720001220703125,40.060001373291016,38.880001068115234,39.4900016784668,9073100
2020-10-13,37.446922302246094,38.900001525878906,39.310001373291016,38.08000183105469,38.84000015258789,10611200
2020-10-14,36.38800811767578,37.79999923706055,39.79999923706055,37.689998626708984,39.20000076293945,9289300
2020-10-15,37.514312744140625,38.970001220703125,39.2599983215332,36.18000030517578,36.54999923706055,10013400
2020-10-16,37.18700408935547,38.630001068115234,39.619998931884766,38.630001068115234,39.279998779296875,8876400
2020-10-19,35.85856246948242,37.25,39.849998474121094,37.0099983215332,39.08000183105469,9773900
2020-10-20,36.0799674987793,37.47999954223633,38.689998626708984,37.22999954223633,38.029998779296875,8169500
2020-10-21,35.17508316040039,36.540000915527344,37.93000030517578,36.5,37.61000061035156,6779500
2020-10-22,36.98486328125,38.41999816894531,38.459999084472656,36.40999984741211,37.060001373291016,9288100
2020-10-23,37.62021255493164,39.08000183105469,39.27000045776367,37.83000183105469,39.11000061035156,7614400
2020-10-26,35.20396041870117,36.56999969482422,37.880001068115234,35.040000915527344,37.59000015258789,11864300
2020-10-27,34.29907989501953,35.630001068115234,36.900001525878906,35.470001220703125,36.5,6035200
2020-10-28,31.131961822509766,32.34000015258789,33.779998779296875,32.189998626708984,33.29999923706055,12723500
2020-10-29,32.21975326538086,33.470001220703125,33.88999938964844,31.309999465942383,32.0099983215332,10976800
2020-10-30,30.98756980895996,32.189998626708984,33.56999969482422,31.079999923706055,32.970001220703125,13354100
2020-11-02,32.62406539916992,33.88999938964844,33.90999984741211,32.52000045776367,33.18000030517578,9704500
2020-11-03,35.34836196899414,36.720001220703125,37.380001068115234,35.31999969482422,35.59000015258789,11342100
2020-11-04,35.454254150390625,36.83000183105469,38.16999816894531,35.040000915527344,35.16999816894531,14491500
2020-11-05,38.4962158203125,39.9900016784668,40.38999938964844,37.900001525878906,37.97999954223633,10077200
2020-11-06,37.47581481933594,38.93000030517578,40.5099983215332,38.77000045776367,40.5,8547500
2020-11-09,41.69219970703125,43.310001373291016,48.5,43.09000015258789,47.619998931884766,14504400
2020-11-10,43.925537109375,45.630001068115234,46.130001068115234,43.40999984741211,44.54999923706055,11127300
2020-11-11,43.94478988647461,45.650001525878906,46.27000045776367,44.20000076293945,46.20000076293945,8357200
2020-11-12,41.82696533203125,43.45000076293945,45.04999923706055,42.20000076293945,44.61000061035156,12581300
2020-11-13,44.44535446166992,46.16999816894531,46.650001525878906,44.4900016784668,44.5,9867700
2020-11-16,47.58359146118164,49.43000030517578,49.59000015258789,47.709999084472656,48.560001373291016,10717900
2020-11-17,48.334442138671875,50.209999084472656,50.45000076293945,46.689998626708984,48.18000030517578,10361000
2020-11-18,46.293643951416016,48.09000015258789,51.220001220703125,47.97999954223633,50.56999969482422,10582400
2020-11-19,47.285160064697266,49.119998931884766,49.369998931884766,47.33000183105469,47.869998931884766,9720400
2020-11-20,47.400691986083984,49.2400016784668,49.65999984741211,47.93000030517578,48.61000061035156,6106800
2020-11-23,50.19235610961914,52.13999938964844,53.029998779296875,50.349998474121094,50.75,9118300
2020-11-24,52.91665267944336,54.970001220703125,56.06999969482422,53.43000030517578,54.34000015258789,9468900
2020-11-25,52.396812438964844,54.43000030517578,54.869998931884766,52.91999816894531,54.400001525878906,8252400
2020-11-27,53.080291748046875,55.13999938964844,55.209999084472656,54.119998931884766,54.560001373291016,4568300
2020-11-30,50.124969482421875,52.06999969482422,55.06999969482422,51.47999954223633,54.63999938964844,8412300
2020-12-01,51.463050842285156,53.459999084472656,54.83000183105469,52.7599983215332,54.2599983215332,10797800
2020-12-02,51.66521072387695,53.66999816894531,54.2400016784668,51.849998474121094,52.900001525878906,7433200
2020-12-03,52.570098876953125,54.61000061035156,55.7400016784668,53.77000045776367,54.16999816894531,7258000
2020-12-04,56.2281494140625,58.40999984741211,58.630001068115234,55.59000015258789,55.59000015258789,7859800
2020-12-07,56.362911224365234,58.54999923706055,59.119998931884766,57.709999084472656,58.45000076293945,7171900
2020-12-08,58.548126220703125,60.81999969482422,60.97999954223633,57.400001525878906,57.43000030517578,6956700
2020-12-09,57.26780319213867,59.4900016784668,62.75,58.099998474121094,61.9900016784668,12993800
2020-12-10,58.962059020996094,61.25,61.58000183105469,57.540000915527344,58.0,6933100
2020-12-11,58.01866912841797,60.27000045776367,61.68000030517578,58.380001068115234,60.029998779296875,9365200
2020-12-14,58.288211822509766,60.54999923706055,63.52000045776367,60.5099983215332,62.36000061035156,9739800
2020-12-15,62.610496520996094,65.04000091552734,65.16000366210938,61.279998779296875,62.29999923706055,8403600
2020-12-16,62.01364517211914,64.41999816894531,65.5999984741211,63.349998474121094,65.51000213623047,7644300
2020-12-17,64.1892318725586,66.68000030517578,66.7300033569336,64.44000244140625,65.12000274658203,6572800
2020-12-18,63.31322479248047,65.7699966430664,68.19999694824219,65.12000274658203,66.97000122070312,8149700
2020-12-21,63.159202575683594,65.61000061035156,66.11000061035156,61.790000915527344,62.27000045776367,11788400
2020-12-22,65.24846649169922,67.7699966430664,68.04000091552734,65.69000244140625,66.33999633789062,7400300
2020-12-23,66.96221923828125,69.55000305175781,70.01000213623047,68.25,68.9000015258789,5261100
2020-12-24,66.78894805908203,69.37000274658203,70.33000183105469,68.38999938964844,70.27999877929688,4945600
2020-12-28,65.99945068359375,68.55000305175781,71.5999984741211,68.44999694824219,71.55999755859375,8119600
2020-12-29,62.16752624511719,64.56999969482422,69.30000305175781,63.59000015258789,69.01000213623047,9011500
2020-12-30,64.14125061035156,66.62000274658203,67.62000274658203,65.19000244140625,65.25,5434500
2020-12-31,63.85240173339844,66.31999969482422,66.97000122070312,64.7300033569336,66.73999786376953,5155300
2021-01-04,61.20472717285156,63.56999969482422,68.02999877929688,61.02000045776367,67.61000061035156,11571300
2021-01-05,64.02571105957031,66.5,67.61000061035156,63.150001525878906,63.15999984741211,6537400
2021-01-06,71.88211822509766,74.66000366210938,76.97000122070312,69.22000122070312,69.47000122070312,14640900
2021-01-07,75.75252532958984,78.68000030517578,79.08000183105469,76.01000213623047,76.06999969482422,6400000
2021-01-08,75.19410705566406,78.0999984741211,80.4800033569336,74.70999908447266,79.98999786376953,8773800
2021-01-11,75.09782409667969,78.0,78.61000061035156,74.91999816894531,75.29000091552734,5250000
2021-01-12,79.0549087524414,82.11000061035156,82.30000305175781,78.9800033569336,79.04000091552734,6261500
2021-01-13,77.41815948486328,80.41000366210938,82.73999786376953,79.7699966430664,82.45999908447266,5098100
2021-01-14,82.03955841064453,85.20999908447266,86.41999816894531,82.0,82.05999755859375,5910100
2021-01-15,78.40983581542969,81.44000244140625,83.30999755859375,78.43000030517578,81.48999786376953,9921100
2021-01-19,81.37523651123047,84.5199966430664,84.69999694824219,82.5199966430664,84.37000274658203,5465400
2021-01-20,82.46318817138672,85.6500015258789,87.51000213623047,84.06999969482422,85.58000183105469,5915100
2021-01-21,80.34503936767578,83.44999694824219,86.5,82.69999694824219,86.13999938964844,5918200
2021-01-22,83.0793685913086,86.29000091552734,86.6500015258789,80.41000366210938,81.0199966430664,7645100
2021-01-25,82.80015563964844,86.0,89.75,82.16999816894531,86.19999694824219,8759100
2021-01-26,81.04788208007812,84.18000030517578,88.23999786376953,83.5999984741211,87.80000305175781,6291100
2021-01-27,76.70568084716797,79.66999816894531,83.83999633789062,77.12999725341797,79.83000183105469,9483700
2021-01-28,75.8680648803711,78.80000305175781,82.93000030517578,77.58999633789062,81.2699966430664,7014200
2021-01-29,72.46940612792969,75.2699966430664,81.37999725341797,74.43000030517578,79.9800033569336,10219100
2021-02-01,77.83216857910156,80.83999633789062,81.80000305175781,75.44999694824219,78.02999877929688,6108300
2021-02-02,81.0575180053711,84.19000244140625,84.69000244140625,81.0999984741211,83.63999938964844,5941900
2021-02-03,81.77960205078125,84.94000244140625,85.54000091552734,81.87000274658203,84.37999725341797,6313200
2021-02-04,86.85352325439453,90.20999908447266,90.38999938964844,85.93000030517578,85.94999694824219,4851200
2021-02-05,90.45435333251953,93.94999694824219,94.13999938964844,90.3499984741211,92.97000122070312,6909100
2021-02-08,97.21317291259766,100.97000122070312,101.08000183105469,96.0,96.58999633789062,4658900
2021-02-09,98.74402618408203,102.55999755859375,104.16999816894531,99.75,100.9800033569336,4378700
2021-02-10,96.75104522705078,100.48999786376953,105.12999725341797,97.91999816894531,104.58999633789062,8561500
2021-02-11,96.40442657470703,100.12999725341797,103.27999877929688,95.91999816894531,102.13999938964844,6327700
2021-02-12,97.18428802490234,100.94000244140625,101.5999984741211,97.5,99.20999908447266,4128100
2021-02-16,95.2972183227539,98.9800033569336,104.0999984741211,97.72000122070312,103.81999969482422,5337100
2021-02-17,93.17908477783203,96.77999877929688,97.62000274658203,92.69999694824219,96.2300033569336,6214100
2021-02-18,88.71170806884766,92.13999938964844,94.93000030517578,90.69999694824219,94.51000213623047,5693900
2021-02-19,94.27664184570312,97.91999816894531,99.36000061035156,94.25,94.62999725341797,6473800
2021-02-22,92.53400421142578,96.11000061035156,99.54000091552734,95.11000061035156,95.8499984741211,5475100
2021-02-23,90.05000305175781,93.52999877929688,95.05000305175781,85.58999633789062,92.69999694824219,8468400
2021-02-24,96.49108123779297,100.22000122070312,100.66999816894531,93.5,94.5,6950900
2021-02-25,85.63077545166016,88.94000244140625,100.87999725341797,88.22000122070312,99.86000061035156,10324800
2021-02-26,85.35157012939453,88.6500015258789,93.4000015258789,84.41000366210938,90.13999938964844,7647200
2021-03-01,94.53661346435547,98.19000244140625,98.8499984741211,94.31999969482422,94.88999938964844,6241100
2021-03-02,88.97167205810547,92.41000366210938,97.98999786376953,92.25,97.76000213623047,6921300
2021-03-03,86.05439758300781,89.37999725341797,96.0,89.33000183105469,93.2699966430664,8202700
2021-03-04,79.01639556884766,82.06999969482422,91.11000061035156,77.3499984741211,88.41000366210938,12696700
2021-03-05,83.77259826660156,87.01000213623047,87.62999725341797,75.0199966430664,86.16000366210938,11634600
2021-03-08,85.15900421142578,88.44999694824219,92.55999755859375,87.01000213623047,89.06999969482422,10139800
2021-03-09,90.3003158569336,93.79000091552734,95.91000366210938,90.9800033569336,92.83999633789062,6003100
2021-03-10,95.18169403076172,98.86000061035156,101.01000213623047,96.25,96.73999786376953,9266700
2021-03-11,101.30504608154297,105.22000122070312,105.37999725341797,100.91000366210938,101.87000274658203,5543100
2021-03-12,103.54834747314453,107.55000305175781,107.94000244140625,104.18000030517578,105.0,7432000
2021-03-15,104.37635803222656,108.41000366210938,108.44000244140625,104.94000244140625,106.81999969482422,5429000
2021-03-16,99.09060668945312,102.91999816894531,107.81999969482422,101.0,107.5999984741211,7668100
2021-03-17,101.516845703125,105.44000244140625,106.0,98.70999908447266,100.83000183105469,6869100
2021-03-18,92.29329681396484,95.86000061035156,106.13999938964844,94.91000366210938,103.25,7972600
2021-03-19,94.2188949584961,97.86000061035156,100.0,92.8499984741211,95.0,6239500
2021-03-22,92.1777572631836,95.73999786376953,99.37000274658203,94.22000122070312,98.86000061035156,4334300
2021-03-23,82.23211669921875,85.41000366210938,93.87999725341797,84.0,93.02999877929688,8621600
2021-03-24,76.47462463378906,79.43000030517578,90.2699966430664,79.37000274658203,88.58000183105469,8238000
2021-03-25,81.88551330566406,85.05000305175781,85.91999816894531,75.26000213623047,76.68000030517578,10668900
2021-03-26,86.24697875976562,89.58000183105469,89.68000030517578,84.11000061035156,87.58999633789062,11528800
2021-03-29,79.0260238647461,82.08000183105469,89.94000244140625,81.6500015258789,87.5999984741211,10551500
2021-03-30,82.96383666992188,86.16999816894531,86.91000366210938,80.55999755859375,81.94000244140625,7085800
2021-03-31,86.17957305908203,89.51000213623047,91.29000091552734,87.45999908447266,87.45999908447266,12521000
2021-04-01,89.60710906982422,93.06999969482422,93.0999984741211,90.91000366210938,91.36000061035156,12760700
2021-04-05,90.91651916503906,94.43000030517578,97.58000183105469,92.80999755859375,96.23999786376953,9170900
2021-04-06,90.24256134033203,93.7300033569336,96.66999816894531,93.12000274658203,94.55000305175781,6834800
2021-04-07,85.75593566894531,89.06999969482422,93.7699966430664,88.23999786376953,93.5199966430664,9311500
2021-04-08,87.99925231933594,91.4000015258789,91.70999908447266,87.58999633789062,90.5,10749800
2021-04-09,88.06663513183594,91.47000122070312,92.0,89.7699966430664,91.22000122070312,6933800
2021-04-12,87.00758361816406,90.37000274658203,91.83000183105469,88.72000122070312,91.4800033569336,6598700
2021-04-13,86.3336181640625,89.66999816894531,91.38999938964844,86.83000183105469,89.95999908447266,6195700
2021-04-14,88.8850326538086,92.31999969482422,95.5199966430664,90.41000366210938,90.52999877929688,8624800
2021-04-15,90.01148986816406,93.48999786376953,94.52999877929688,91.01000213623047,94.52999877929688,6830900
2021-04-16,90.5313949584961,94.02999877929688,95.16000366210938,91.9000015258789,94.7699966430664,6494500
2021-04-19,86.95943450927734,90.31999969482422,93.44000244140625,88.05000305175781,92.70999908447266,7468200
2021-04-20,81.76998138427734,84.93000030517578,89.91999816894531,82.36000061035156,89.11000061035156,10850500
2021-04-21,87.5178451538086,90.9000015258789,91.0,82.75,84.47000122070312,6928700
2021-04-22,86.54542541503906,89.88999938964844,94.37999725341797,88.80999755859375,91.83000183105469,9935900
2021-04-23,91.19571685791016,94.72000122070312,95.93000030517578,90.33000183105469,91.30999755859375,8558100
2021-04-26,94.10335540771484,97.73999786376953,98.55000305175781,96.13999938964844,96.45999908447266,6670700
2021-04-27,94.70992279052734,98.37000274658203,99.4800033569336,97.05000305175781,98.69999694824219,7254400
2021-04-28,95.15281677246094,98.83000183105469,99.62000274658203,96.52999877929688,97.79000091552734,5876800
2021-04-29,94.13224029541016,97.7699966430664,101.27999877929688,94.87999725341797,101.19999694824219,10461700
2021-04-30,90.29069519042969,93.77999877929688,97.4000015258789,92.73999786376953,94.77999877929688,6730500
2021-05-03,91.58084869384766,95.12000274658203,96.76000213623047,93.70999908447266,96.44999694824219,4717300
2021-05-04,88.24958038330078,91.66000366210938,93.6500015258789,88.73999786376953,93.2699966430664,8312200
2021-05-05,87.19050598144531,90.55999755859375,93.1500015258789,89.2699966430664,92.75,5718700
2021-05-06,87.5948715209961,90.9800033569336,91.01000213623047,85.97000122070312,90.8499984741211,6195400
2021-05-07,90.70470428466797,94.20999908447266,94.79000091552734,90.2300033569336,90.80000305175781,5524500
2021-05-10,83.79183197021484,87.02999877929688,94.5199966430664,86.94000244140625,93.97000122070312,9518800
2021-05-11,83.0408706665039,86.25,87.80999755859375,80.79000091552734,81.41000366210938,11611000
2021-05-12,74.97266387939453,77.87000274658203,85.9000015258789,77.44000244140625,83.97000122070312,13539800
2021-05-13,79.0260238647461,82.08000183105469,83.93000030517578,77.70999908447266,79.37999725341797,10957100
2021-05-14,84.7449951171875,88.0199966430664,88.43000030517578,83.37000274658203,84.56999969482422,7031200
2021-05-17,85.14937591552734,88.44000244140625,88.4800033569336,84.30999755859375,86.51000213623047,5342100
2021-05-18,83.21414947509766,86.43000030517578,90.66000366210938,86.19999694824219,88.5199966430664,4821300
2021-05-19,81.25969696044922,84.4000015258789,84.5999984741211,79.83999633789062,82.23999786376953,8049600
2021-05-20,82.84831237792969,86.05000305175781,86.5999984741211,82.52999877929688,84.73999786376953,6752600
2021-05-21,83.53189086914062,86.76000213623047,89.5,86.19000244140625,88.26000213623047,5968400
2021-05-24,85.13975524902344,88.43000030517578,89.68000030517578,86.73999786376953,88.12999725341797,5045100
2021-05-25,82.68462371826172,85.87999725341797,91.16000366210938,85.76000213623047,89.41000366210938,6880900
2021-05-26,87.383056640625,90.76000213623047,91.0,86.83000183105469,86.83000183105469,5458600
2021-05-27,90.01148986816406,93.48999786376953,94.26000213623047,91.62000274658203,92.62999725341797,5429200
2021-05-28,89.91519927978516,93.38999938964844,95.26000213623047,92.6500015258789,95.19999694824219,5294200
2021-06-01,92.93836975097656,96.52999877929688,96.9800033569336,93.79000091552734,95.47000122070312,5293500
2021-06-02,93.19832611083984,96.80000305175781,97.4000015258789,94.81999969482422,97.37000274658203,6739800
2021-06-03,90.77208709716797,94.27999877929688,95.77999877929688,91.25,94.80000305175781,9216500
2021-06-04,91.94668579101562,95.5,96.30999755859375,94.04000091552734,95.58999633789062,5410100
2021-06-07,95.67269897460938,99.37000274658203,99.69999694824219,96.05999755859375,96.05999755859375,6105100
2021-06-08,98.69586944580078,102.51000213623047,103.20999908447266,98.70999908447266,100.19999694824219,6858900
2021-06-09,96.74141693115234,100.4800033569336,103.44000244140625,99.94999694824219,103.29000091552734,6085500
2021-06-10,94.6617660522461,98.31999969482422,101.95999908447266,97.45999908447266,101.2300033569336,7583500
2021-06-11,97.60791778564453,101.37999725341797,101.38999938964844,99.16999816894531,99.41000366210938,4248600
2021-06-14,96.74141693115234,100.4800033569336,103.41000366210938,99.25,101.98999786376953,4487000
2021-06-15,95.90377044677734,99.61000061035156,100.95999908447266,97.0999984741211,100.44999694824219,4055300
2021-06-16,95.19131469726562,98.87000274658203,99.94999694824219,96.0199966430664,98.56999969482422,9012600
2021-06-17,91.96595764160156,95.5199966430664,99.33000183105469,92.0,98.08000183105469,9239000
2021-06-18,85.62114715576172,88.93000030517578,93.5999984741211,87.80999755859375,91.13999938964844,8683900
2021-06-21,91.23424530029297,94.76000213623047,95.44999694824219,90.37999725341797,91.19000244140625,6166900
2021-06-22,92.61102294921875,96.19000244140625,96.61000061035156,92.04000091552734,94.05999755859375,5801900
2021-06-23,93.51604461669922,97.12999725341797,98.58000183105469,96.08999633789062,96.08999633789062,3661200
2021-06-24,97.28056335449219,101.04000091552734,101.04000091552734,98.0199966430664,98.76000213623047,4089900
2021-06-25,97.17465209960938,100.93000030517578,103.02999877929688,100.87999725341797,101.48999786376953,7071600
2021-06-28,95.52828979492188,99.22000122070312,101.94999694824219,97.0199966430664,101.48999786376953,5866000
2021-06-29,94.20925903320312,97.8499984741211,100.8499984741211,97.06999969482422,100.12999725341797,4654200
2021-06-30,94.24775695800781,97.88999938964844,99.0199966430664,95.77999877929688,96.87999725341797,5513000
2021-07-01,96.69327545166016,100.43000030517578,100.97000122070312,98.2699966430664,99.62999725341797,5730400
2021-07-02,93.78562927246094,97.41000366210938,101.1500015258789,96.70999908447266,101.06999969482422,7435800
2021-07-06,89.87669372558594,93.3499984741211,97.79000091552734,90.7699966430664,97.5999984741211,7106400
2021-07-07,87.3252944946289,90.69999694824219,94.27999877929688,88.2699966430664,92.91999816894531,8351900
2021-07-08,84.9953384399414,88.27999877929688,91.0199966430664,83.5,85.30999755859375,9642400
2021-07-09,90.2329330444336,93.72000122070312,93.80000305175781,90.13999938964844,91.01000213623047,6551200
2021-07-12,90.5602798461914,94.05999755859375,94.30999755859375,91.45999908447266,92.69999694824219,4673300
2021-07-13,85.43821716308594,88.73999786376953,92.9000015258789,88.55000305175781,92.31999969482422,6799400
2021-07-14,81.40412139892578,84.55000305175781,91.08999633789062,84.16000366210938,90.33999633789062,9419600
2021-07-15,80.07546997070312,83.16999816894531,84.7300033569336,80.0,83.38999938964844,10082600
2021-07-16,77.02342224121094,80.0,85.5999984741211,79.44999694824219,85.58000183105469,10407100
2021-07-19,73.65364074707031,76.5,79.41000366210938,73.41000366210938,75.18000030517578,18616300
2021-07-20,80.27764892578125,83.37999725341797,84.44999694824219,75.91000366210938,76.94000244140625,13922700
2021-07-21,84.59095001220703,87.86000061035156,87.97000122070312,84.69000244140625,84.86000061035156,9289800
2021-07-22,80.47984313964844,83.58999633789062,87.16999816894531,82.52999877929688,87.06999969482422,10142400
2021-07-23,81.55815887451172,84.70999908447266,85.22000122070312,81.76000213623047,85.12000274658203,7838500
2021-07-26,82.38617706298828,85.56999969482422,87.66999816894531,84.31999969482422,85.6500015258789,11270500
2021-07-27,79.4977798461914,82.56999969482422,84.2300033569336,79.94000244140625,84.13999938964844,13794100
2021-07-28,83.0408706665039,86.25,88.13999938964844,82.2699966430664,83.97000122070312,11058300
2021-07-29,84.91832733154297,88.19999694824219,90.3499984741211,87.66999816894531,88.3499984741211,12963200
2021-07-30,83.24305725097656,86.45999908447266,89.93000030517578,85.44999694824219,87.13999938964844,8127000
2021-08-02,81.92401123046875,85.08999633789062,90.47000122070312,84.73999786376953,87.97000122070312,10417500
2021-08-03,83.03124237060547,86.23999786376953,86.41000366210938,81.80000305175781,85.87000274658203,12281400
2021-08-04,79.8732681274414,82.95999908447266,86.5199966430664,82.66999816894531,84.05000305175781,10071800
2021-08-05,84.22511291503906,87.4800033569336,87.83000183105469,83.58000183105469,84.02999877929688,8885800
2021-08-06,85.72705841064453,89.04000091552734,91.06999969482422,87.48999786376953,89.27999877929688,8327900
2021-08-09,84.25399780273438,87.51000213623047,88.7300033569336,86.36000061035156,88.37000274658203,6034700
2021-08-10,84.77389526367188,88.05000305175781,88.75,86.37999725341797,88.02999877929688,8104500
2021-08-11,85.9677734375,89.29000091552734,89.33000183105469,85.5,88.48999786376953,8532400
2021-08-12,85.30341339111328,88.5999984741211,89.38999938964844,86.94999694824219,89.37999725341797,8113100
2021-08-13,82.98310089111328,86.19000244140625,88.81999969482422,85.75,88.41999816894531,7620300
2021-08-16,80.72052001953125,83.83999633789062,85.20999908447266,82.19000244140625,84.68000030517578,9265300
2021-08-17,77.80326843261719,80.80999755859375,82.29000091552734,77.7300033569336,81.08999633789062,17795100
2021-08-18,75.74288940429688,78.66999816894531,82.58999633789062,78.5,80.4000015258789,12783400
2021-08-19,72.99893951416016,75.81999969482422,78.12000274658203,74.44999694824219,76.33999633789062,18899300
2021-08-20,76.66717529296875,79.62999725341797,80.16999816894531,75.25,75.95999908447266,13184200
2021-08-23,81.0575180053711,84.19000244140625,84.5,81.70999908447266,81.70999908447266,9682300
2021-08-24,83.44522857666016,86.66999816894531,86.80000305175781,84.29000091552734,84.94999694824219,9214000
2021-08-25,84.35025787353516,87.61000061035156,89.19999694824219,85.56999969482422,86.58999633789062,7558700
2021-08-26,81.71221160888672,84.87000274658203,88.25,84.2699966430664,87.08000183105469,8850700
2021-08-27,88.53841400146484,91.95999908447266,92.5999984741211,85.19000244140625,85.2699966430664,12625800
2021-08-30,87.43119812011719,90.80999755859375,93.02999877929688,90.19999694824219,93.01000213623047,6175500
2021-08-31,87.95109558105469,91.3499984741211,92.13999938964844,89.44000244140625,90.48999786376953,7610200
2021-09-01,89.72264099121094,93.19000244140625,94.11000061035156,90.06999969482422,92.38999938964844,9798800
2021-09-02,91.53269958496094,95.06999969482422,96.08000183105469,93.33999633789062,94.25,7321500
2021-09-03,90.3003158569336,93.79000091552734,95.0199966430664,92.83000183105469,94.18000030517578,6732700
2021-09-07,88.41323852539062,91.83000183105469,95.0199966430664,91.62000274658203,93.4000015258789,7673900
2021-09-08,85.48635864257812,88.79000091552734,91.30000305175781,87.2699966430664,90.83999633789062,7447400
2021-09-09,85.46710205078125,88.7699966430664,91.58999633789062,87.68000030517578,88.3499984741211,9162200
2021-09-10,82.90608978271484,86.11000061035156,90.38999938964844,85.95999908447266,90.23999786376953,9495300
2021-09-13,84.33100891113281,87.58999633789062,88.11000061035156,84.48999786376953,87.91999816894531,11984700
2021-09-14,81.0575180053711,84.19000244140625,88.54000091552734,83.05999755859375,88.54000091552734,10413300
2021-09-15,83.67631530761719,86.91000366210938,87.2300033569336,83.5199966430664,84.08000183105469,7593700
2021-09-16,83.37783813476562,86.5999984741211,87.93000030517578,84.36000061035156,86.69999694824219,5901500
2021-09-17,83.53189086914062,86.76000213623047,87.55999755859375,84.79000091552734,85.91000366210938,8376800
2021-09-20,77.66847229003906,80.66999816894531,82.8499984741211,77.30000305175781,81.06999969482422,17003300
2021-09-21,78.16914367675781,81.19000244140625,83.06999969482422,79.23999786376953,82.38999938964844,9845400
2021-09-22,81.65444946289062,84.80999755859375,86.69000244140625,82.5999984741211,82.63999938964844,9491800
2021-09-23,86.05439758300781,89.37999725341797,90.29000091552734,85.66000366210938,86.36000061035156,8182700
2021-09-24,84.87016296386719,88.1500015258789,89.58999633789062,86.62999725341797,87.95999908447266,7249200
2021-09-27,88.53841400146484,91.95999908447266,93.5199966430664,88.66999816894531,88.66999816894531,8542900
2021-09-28,82.62686920166016,85.81999969482422,91.02999877929688,85.30000305175781,90.87999725341797,10460200
2021-09-29,82.15510559082031,85.33000183105469,87.36000061035156,84.54000091552734,86.95999908447266,11027300
2021-09-30,79.81551361083984,82.9000015258789,87.30999755859375,82.76000213623047,86.70999908447266,12838000
2021-10-01,83.62816619873047,86.86000061035156,88.25,81.73999786376953,84.33999633789062,11831600
2021-10-04,81.31745910644531,84.45999908447266,86.9000015258789,82.94999694824219,86.66999816894531,11062800
2021-10-05,82.19361877441406,85.37000274658203,87.68000030517578,84.04000091552734,85.25,8130100
2021-10-06,80.89383697509766,84.0199966430664,84.4000015258789,80.45999908447266,82.81999969482422,11280700
2021-10-07,84.72576141357422,88.0,89.80000305175781,85.75,85.94999694824219,7606700
2021-10-08,82.73277282714844,85.93000030517578,88.87000274658203,85.77999877929688,88.02999877929688,7574600
2021-10-11,81.2982177734375,84.44000244140625,88.16999816894531,84.37999725341797,86.19999694824219,6239800
2021-10-12,82.69425201416016,85.88999938964844,86.9000015258789,84.5,85.04000091552734,7069300
2021-10-13,83.77259826660156,87.01000213623047,87.16999816894531,83.86000061035156,86.22000122070312,7668400
2021-10-14,87.40231323242188,90.77999877929688,91.01000213623047,89.04000091552734,89.45999908447266,7009800
2021-10-15,86.60320281982422,89.94999694824219,93.9000015258789,89.87000274658203,93.12999725341797,7584800
2021-10-18,86.5743179321289,89.91999816894531,90.5999984741211,88.29000091552734,88.45999908447266,4511300
2021-10-19,87.50823211669922,90.88999938964844,92.05999755859375,89.36000061035156,90.97000122070312,5822000
2021-10-20,89.22199249267578,92.66999816894531,93.38999938964844,89.95999908447266,91.08999633789062,6716900
2021-10-21,89.89595031738281,93.37000274658203,94.6500015258789,91.7300033569336,92.41000366210938,6836800
2021-10-22,89.2508773803711,92.69999694824219,93.9000015258789,90.61000061035156,93.2300033569336,6273600
2021-10-25,91.85041809082031,95.4000015258789,95.81999969482422,92.54000091552734,93.18000030517578,5478200
2021-10-26,89.79967498779297,93.2699966430664,96.7300033569336,93.1500015258789,95.91000366210938,7006500
2021-10-27,84.64871215820312,87.91999816894531,92.69000244140625,87.9000015258789,92.31999969482422,10203000
2021-10-28,89.7322769165039,93.19999694824219,93.44999694824219,89.37000274658203,89.43000030517578,6997900
2021-10-29,89.77078247070312,93.23999786376953,94.12999725341797,91.86000061035156,92.86000061035156,5106500
2021-11-01,96.68362426757812,100.41999816894531,100.66999816894531,94.19999694824219,94.54000091552734,7957500
2021-11-02,97.31908416748047,101.08000183105469,101.56999969482422,98.77999877929688,101.0,7784200
2021-11-03,102.4892807006836,106.44999694824219,107.97000122070312,100.37000274658203,100.66000366210938,9358800
2021-11-04,102.33523559570312,106.29000091552734,109.5,105.05000305175781,107.63999938964844,7911800
2021-11-05,106.67742919921875,110.80000305175781,112.83000183105469,108.55000305175781,109.87999725341797,8830400
2021-11-08,107.67872619628906,111.83999633789062,114.30999755859375,110.8499984741211,113.38999938964844,9406000
2021-11-09,105.71463775634766,109.80000305175781,111.66000366210938,107.54000091552734,110.97000122070312,6803700
2021-11-10,100.69849395751953,104.58999633789062,110.33000183105469,103.18000030517578,108.26000213623047,13065200
2021-11-11,103.16322326660156,107.1500015258789,108.55000305175781,105.01000213623047,105.7699966430664,4297000
2021-11-12,103.40392303466797,107.4000015258789,108.38999938964844,106.41999816894531,107.98999786376953,7593100
2021-11-15,102.200439453125,106.1500015258789,109.08000183105469,104.80000305175781,108.9000015258789,7999400
2021-11-16,102.70108032226562,106.66999816894531,107.20999908447266,104.0199966430664,105.05999755859375,5446400
2021-11-17,98.75365447998047,102.56999969482422,105.56999969482422,101.58999633789062,105.41000366210938,8123400
2021-11-18,97.49237823486328,101.26000213623047,104.0999984741211,98.86000061035156,103.83999633789062,10170300
2021-11-19,94.83509063720703,98.5,100.62999725341797,98.05999755859375,99.05999755859375,8234700
2021-11-22,93.62195587158203,97.23999786376953,102.31999969482422,97.08999633789062,100.29000091552734,10601900
2021-11-23,93.13093566894531,96.7300033569336,98.80000305175781,93.30000305175781,96.80000305175781,14037800
2021-11-24,93.41015625,97.0199966430664,97.48999786376953,93.23999786376953,94.30000305175781,8637900
2021-11-26,83.21414947509766,86.43000030517578,90.18000030517578,82.11000061035156,88.68000030517578,15612700
2021-11-29,82.69425201416016,85.88999938964844,90.5,84.16999816894531,89.83999633789062,13376600
2021-11-30,77.78401184082031,80.79000091552734,84.87000274658203,78.0,83.55999755859375,24176300
2021-12-01,72.47904205322266,75.27999877929688,87.27999877929688,75.11000061035156,86.0,27168600
2021-12-02,78.42909240722656,81.45999908447266,82.22000122070312,75.76000213623047,76.3499984741211,23175600
2021-12-03,73.5284652709961,76.37000274658203,82.69000244140625,74.22000122070312,82.55999755859375,21636100
2021-12-06,77.97657012939453,80.98999786376953,82.7300033569336,75.30000305175781,78.29000091552734,19456600
2021-12-07,83.31043243408203,86.52999877929688,88.7300033569336,84.25,84.4800033569336,11876600
2021-12-08,85.17826080322266,88.47000122070312,89.4000015258789,85.41000366210938,87.19000244140625,11891200
2021-12-09,79.36300659179688,82.43000030517578,87.70999908447266,82.37000274658203,86.4000015258789,12205200
2021-12-10,78.6697769165039,81.70999908447266,84.97000122070312,79.91000366210938,84.16999816894531,11648600
2021-12-13,75.37702941894531,78.29000091552734,81.43000030517578,76.69999694824219,80.7300033569336,9223700
2021-12-14,73.36477661132812,76.19999694824219,79.69999694824219,75.16999816894531,76.5199966430664,11043600
2021-12-15,76.91751098632812,79.88999938964844,80.31999969482422,72.80999755859375,76.12000274658203,18528000
2021-12-16,72.1324234008789,74.91999816894531,82.20999908447266,73.83999633789062,81.68000030517578,16696800
2021-12-17,74.06763458251953,76.93000030517578,79.25,71.86000061035156,73.81999969482422,14619900
2021-12-20,70.9096908569336,73.6500015258789,74.51000213623047,70.08000183105469,73.62000274658203,19484400
2021-12-21,77.02757263183594,79.94999694824219,80.0999984741211,75.70999908447266,75.70999908447266,15091400
2021-12-22,79.22422790527344,82.2300033569336,82.2699966430664,78.75,79.52999877929688,13213800
2021-12-23,81.12220764160156,84.19999694824219,84.98999786376953,82.26000213623047,83.0999984741211,11153500
2021-12-27,83.43447875976562,86.5999984741211,86.6500015258789,82.58000183105469,84.5,12964700
2021-12-28,81.921875,85.02999877929688,88.37999725341797,84.48999786376953,86.19999694824219,12299700
2021-12-29,82.14347839355469,85.26000213623047,85.80000305175781,83.2699966430664,84.88999938964844,8950900
2021-12-30,82.02784729003906,85.13999938964844,87.98999786376953,84.9000015258789,85.18000030517578,10534900
2021-12-31,81.65210723876953,84.75,86.51000213623047,84.5199966430664,84.55000305175781,10820500
2022-01-03,84.58097076416016,87.79000091552734,89.37999725341797,84.91999816894531,85.97000122070312,11854800
2022-01-04,84.27268981933594,87.47000122070312,89.95999908447266,85.62000274658203,88.69999694824219,13638700
2022-01-05,75.80399322509766,78.68000030517578,88.52999877929688,78.66999816894531,87.33000183105469,15844900
2022-01-06,77.06609344482422,79.98999786376953,81.9000015258789,76.93000030517578,79.16999816894531,11601700
2022-01-07,74.32992553710938,77.1500015258789,81.8499984741211,77.01000213623047,79.9000015258789,15827400
2022-01-10,73.54950714111328,76.33999633789062,76.41999816894531,71.83999633789062,75.75,23754800
2022-01-11,75.8617935180664,78.73999786376953,78.98999786376953,73.8499984741211,76.5199966430664,21238300
2022-01-12,74.12760162353516,76.94000244140625,80.63999938964844,75.55000305175781,79.72000122070312,12433500
2022-01-13,72.21995544433594,74.95999908447266,79.33000183105469,74.23999786376953,77.87000274658203,15303200
2022-01-14,72.48973083496094,75.23999786376953,75.2699966430664,71.27999877929688,72.75,16540800
2022-01-18,65.83230590820312,68.33000183105469,73.20999908447266,68.05999755859375,73.0,15684700
2022-01-19,62.73002624511719,65.11000061035156,69.97000122070312,64.94999694824219,69.31999969482422,18277900
2022-01-20,59.242340087890625,61.4900016784668,69.33000183105469,61.09000015258789,65.9000015258789,17788200
2022-01-21,55.947349548339844,58.06999969482422,63.52000045776367,58.029998779296875,60.61000061035156,22289500
2022-01-24,59.93601989746094,62.209999084472656,62.77000045776367,52.900001525878906,55.459999084472656,31428300
2022-01-25,57.392520904541016,59.56999969482422,62.150001525878906,55.58000183105469,59.25,21140800
2022-01-26,54.8875617980957,56.970001220703125,63.720001220703125,54.93000030517578,62.099998474121094,20630900
2022-01-27,51.10121536254883,53.040000915527344,60.09000015258789,52.25,58.47999954223633,18847100
2022-01-28,54.097530364990234,56.150001525878906,56.18000030517578,50.20000076293945,53.15999984741211,17548700
2022-01-31,58.953304290771484,61.189998626708984,61.220001220703125,54.93000030517578,55.349998474121094,15028200
2022-02-01,60.8416633605957,63.150001525878906,63.400001525878906,58.33000183105469,61.63999938964844,13503800
2022-02-02,59.06892013549805,61.310001373291016,63.720001220703125,59.45000076293945,63.41999816894531,12783200
2022-02-03,55.687217712402344,57.79999923706055,61.2400016784668,57.40999984741211,59.06999969482422,11549100
2022-02-04,56.57359313964844,58.720001220703125,60.09000015258789,55.54999923706055,57.41999816894531,12837000
2022-02-07,57.44069290161133,59.619998931884766,61.029998779296875,58.22999954223633,58.58000183105469,10898200
2022-02-08,60.21541976928711,62.5,62.810001373291016,59.459999084472656,59.5099983215332,14869300
2022-02-09,63.67418670654297,66.08999633789062,66.08999633789062,63.90999984741211,64.16999816894531,12023800
2022-02-10,60.81275939941406,63.119998931884766,68.37999725341797,61.7400016784668,62.5,19074300
2022-02-11,58.77025604248047,61.0,65.43000030517578,59.529998779296875,63.20000076293945,16527100
2022-02-14,58.24999237060547,60.459999084472656,63.02000045776367,59.150001525878906,61.31999969482422,10211700
2022-02-15,62.932342529296875,65.31999969482422,65.5,62.18000030517578,62.310001373291016,8866800
2022-02-16,63.221370697021484,65.62000274658203,66.44000244140625,63.41999816894531,64.58000183105469,9434300
2022-02-17,58.461944580078125,60.68000030517578,64.33000183105469,60.279998779296875,63.93000030517578,8718700
2022-02-18,56.920433044433594,59.08000183105469,62.02000045776367,58.45000076293945,60.439998626708984,11439000
2022-02-22,54.540714263916016,56.61000061035156,59.939998626708984,55.45000076293945,58.220001220703125,10540100
2022-02-23,51.44805908203125,53.400001525878906,58.5099983215332,53.040000915527344,57.849998474121094,10545400
2022-02-24,55.60050582885742,57.709999084472656,57.95000076293945,49.220001220703125,49.529998779296875,15343800
2022-02-25,59.31941604614258,61.56999969482422,61.56999969482422,56.65999984741211,58.20000076293945,11879300
2022-02-28,59.858943939208984,62.130001068115234,63.36000061035156,59.619998931884766,59.63999938964844,11060300
2022-03-01,56.50614547729492,58.650001525878906,62.630001068115234,57.16999816894531,61.650001525878906,9710300
2022-03-02,60.629703521728516,62.93000030517578,63.779998779296875,59.75,59.86000061035156,11007300
2022-03-03,58.3752326965332,60.59000015258789,63.68000030517578,59.2400016784668,63.68000030517578,11497000
2022-03-04,55.735389709472656,57.849998474121094,59.72999954223633,56.279998779296875,58.7599983215332,10294900
2022-03-07,51.58293914794922,53.540000915527344,58.54999923706055,53.470001220703125,58.09000015258789,12389700
2022-03-08,52.45003128051758,54.439998626708984,58.290000915527344,53.22999954223633,53.9900016784668,14514500
2022-03-09,56.775917053222656,58.93000030517578,59.52000045776367,56.720001220703125,57.20000076293945,8315500
2022-03-10,56.50614547729492,58.650001525878906,58.720001220703125,55.65999984741211,56.43000030517578,9357700
2022-03-11,53.76032257080078,55.79999923706055,60.220001220703125,55.560001373291016,59.38999938964844,6625200
2022-03-14,50.67729568481445,52.599998474121094,56.40999984741211,51.709999084472656,56.2400016784668,9871400
2022-03-15,52.835418701171875,54.84000015258789,54.90999984741211,52.540000915527344,53.0099983215332,7617900
2022-03-16,57.86460876464844,60.060001373291016,60.060001373291016,55.22999954223633,56.349998474121094,12034300
2022-03-17,60.65860366821289,62.959999084472656,62.9900016784668,58.63999938964844,59.06999969482422,8154500
2022-03-18,62.31572341918945,64.68000030517578,65.01000213623047,61.869998931884766,61.970001220703125,7894900
2022-03-21,60.83202362060547,63.13999938964844,65.69999694824219,61.75,64.79000091552734,7561200
2022-03-22,62.575862884521484,64.94999694824219,66.22000122070312,63.5,63.849998474121094,7752200
2022-03-23,59.396480560302734,61.650001525878906,64.7300033569336,61.529998779296875,63.72999954223633,6465900
2022-03-24,61.438995361328125,63.77000045776367,63.79999923706055,60.95000076293945,62.369998931884766,7535100
2022-03-25,61.70875930786133,64.05000305175781,64.4800033569336,62.459999084472656,63.97999954223633,5905400
2022-03-28,61.70875930786133,64.05000305175781,64.06999969482422,61.150001525878906,63.529998779296875,8032400
2022-03-29,66.64159393310547,69.16999816894531,69.69000244140625,65.62000274658203,65.72000122070312,9701500
2022-03-30,62.787811279296875,65.16999816894531,69.22000122070312,64.22000122070312,68.87000274658203,7741900
2022-03-31,60.68750762939453,62.9900016784668,66.41000366210938,62.88999938964844,64.73999786376953,8423800
2022-04-01,62.6240348815918,65.0,65.23999786376953,62.75,63.79999923706055,8254400
2022-04-04,63.153934478759766,65.55000305175781,65.86000061035156,63.5099983215332,65.38999938964844,8512200
2022-04-05,58.596832275390625,60.81999969482422,66.81999969482422,60.310001373291016,65.4000015258789,9644700
2022-04-06,56.08223342895508,58.209999084472656,59.650001525878906,56.880001068115234,59.25,13147800
2022-04-07,55.494529724121094,57.599998474121094,59.11000061035156,55.189998626708984,58.15999984741211,9890800
2022-04-08,54.232418060302734,56.290000915527344,58.310001373291016,55.88999938964844,57.380001068115234,6752900
2022-04-11,53.01847457885742,55.029998779296875,57.380001068115234,54.52000045776367,55.5099983215332,6530000
2022-04-12,53.548377990722656,55.58000183105469,59.36000061035156,54.970001220703125,56.81999969482422,8451600
2022-04-13,56.63139343261719,58.779998779296875,59.209999084472656,55.970001220703125,56.0099983215332,6575500
2022-04-14,54.906829833984375,56.9900016784668,60.02000045776367,56.970001220703125,58.900001525878906,6336000
2022-04-18,53.79887390136719,55.84000015258789,57.2400016784668,54.959999084472656,56.59000015258789,6441600
2022-04-19,57.10348892211914,59.27000045776367,59.77000045776367,55.95000076293945,56.04999923706055,6774400
2022-04-20,57.70081329345703,59.88999938964844,61.209999084472656,59.45000076293945,60.5,10315500
2022-04-21,53.78923034667969,55.83000183105469,62.040000915527344,55.189998626708984,61.560001373291016,10984300
2022-04-22,49.63677978515625,51.52000045776367,55.47999954223633,51.18000030517578,55.08000183105469,14433500
2022-04-25,50.571319580078125,52.4900016784668,52.650001525878906,48.7400016784668,50.16999816894531,12486500
2022-04-26,45.67700958251953,47.40999984741211,51.529998779296875,47.279998779296875,51.220001220703125,13033800
2022-04-27,45.147117614746094,46.86000061035156,48.9900016784668,46.349998474121094,47.380001068115234,16607500
2022-04-28,47.61354064941406,49.41999816894531,50.18000030517578,45.18000030517578,48.52000045776367,14007600
2022-04-29,43.605594635009766,45.2599983215332,50.45000076293945,44.849998474121094,48.75,12754300
2022-05-02,44.87735366821289,46.58000183105469,47.279998779296875,43.31999969482422,45.16999816894531,16755200
2022-05-03,46.072017669677734,47.81999969482422,48.54999923706055,45.709999084472656,46.59000015258789,9537000
2022-05-04,49.781288146972656,51.66999816894531,51.93000030517578,45.709999084472656,48.2400016784668,13404700
2022-05-05,43.779014587402344,45.439998626708984,50.06999969482422,43.540000915527344,50.060001373291016,10981100
2022-05-06,41.553462982177734,43.130001068115234,45.150001525878906,41.630001068115234,44.84000015258789,12321200
2022-05-09,36.31230926513672,37.689998626708984,41.68000030517578,37.06999969482422,41.119998931884766,15030000
2022-05-10,36.293033599853516,37.66999816894531,40.220001220703125,35.25,39.36000061035156,13109800
2022-05-11,33.61465072631836,34.88999938964844,39.75,34.650001525878906,37.7400016784668,20599300
2022-05-12,34.81896209716797,36.13999938964844,37.13999938964844,33.810001373291016,34.349998474121094,18096800
2022-05-13,38.02724838256836,39.470001220703125,40.34000015258789,37.58000183105469,37.59000015258789,14336500
2022-05-16,37.48771286010742,38.90999984741211,40.380001068115234,38.220001220703125,39.11000061035156,11194000
2022-05-17,40.994651794433594,42.54999923706055,42.619998931884766,40.06999969482422,41.040000915527344,12411900
2022-05-18,36.6398811340332,38.029998779296875,41.61000061035156,37.22999954223633,40.9900016784668,11682200
2022-05-19,36.82293701171875,38.220001220703125,39.66999816894531,37.15999984741211,37.16999816894531,11593500
2022-05-20,36.56280517578125,37.95000076293945,39.7599983215332,35.119998931884766,39.52000045776367,13834800
2022-05-23,37.81528091430664,39.25,39.7400016784668,37.5099983215332,39.06999969482422,10916000
2022-05-24,36.081077575683594,37.45000076293945,38.380001068115234,35.369998931884766,38.189998626708984,13722300
2022-05-25,38.14284896850586,39.59000015258789,40.189998626708984,37.029998779296875,37.04999923706055,12991800
2022-05-26,40.580379486083984,42.119998931884766,42.880001068115234,40.16999816894531,40.2599983215332,12139800
2022-05-27,43.86573028564453,45.529998779296875,45.54999923706055,42.650001525878906,42.849998474121094,9626000
2022-05-31,42.1893310546875,43.790000915527344,45.29999923706055,42.97999954223633,44.9900016784668,12016700
2022-06-01,41.553462982177734,43.130001068115234,45.02000045776367,41.36000061035156,44.52000045776367,12005200
2022-06-02,44.51123809814453,46.20000076293945,46.2400016784668,43.02000045776367,43.279998779296875,8961900
2022-06-03,43.422542572021484,45.06999969482422,45.65999984741211,44.09000015258789,45.189998626708984,8402700
2022-06-06,43.93316650390625,45.599998474121094,46.61000061035156,44.84000015258789,46.560001373291016,7167200
2022-06-07,46.014217376708984,47.7599983215332,47.810001373291016,44.15999984741211,44.459999084472656,8687400
2022-06-08,43.95243453979492,45.619998931884766,47.63999938964844,44.90999984741211,47.09000015258789,7830000
2022-06-09,41.20661926269531,42.77000045776367,45.29999923706055,42.72999954223633,44.849998474121094,6994100
2022-06-10,37.82490921020508,39.2599983215332,41.33000183105469,38.61000061035156,40.63999938964844,11076000
2022-06-13,32.516326904296875,33.75,36.84000015258789,33.13999938964844,36.0,13627100
2022-06-14,32.10205078125,33.31999969482422,34.33000183105469,32.25,33.9900016784668,12072200
2022-06-15,33.40269088745117,34.66999816894531,35.959999084472656,32.79999923706055,34.2599983215332,13236300
2022-06-16,28.758886337280273,29.850000381469727,32.58000183105469,29.200000762939453,32.33000183105469,15835600
2022-06-17,29.44293212890625,30.559999465942383,31.809999465942383,29.739999771118164,30.139999389648438,13110300
2022-06-21,30.955543518066406,32.130001068115234,33.25,31.43000030517578,32.119998931884766,11023400
2022-06-22,30.83029556274414,32.0,32.810001373291016,30.600000381469727,30.889999389648438,12557000
2022-06-23,31.938264846801758,33.150001525878906,33.34000015258789,31.270000457763672,32.209999084472656,12287000
2022-06-24,34.81896209716797,36.13999938964844,36.20000076293945,33.75,33.939998626708984,10342300
2022-06-27,35.31032943725586,36.650001525878906,37.38999938964844,35.650001525878906,36.560001373291016,8785900
2022-06-28,33.34489440917969,34.61000061035156,38.11000061035156,34.5,37.34000015258789,9743300
2022-06-29,32.26582717895508,33.4900016784668,34.709999084472656,32.470001220703125,34.599998474121094,9563600
2022-06-30,31.60104751586914,32.79999923706055,33.84000015258789,31.15999984741211,31.989999771118164,11745300
2022-07-01,32.651206970214844,33.88999938964844,34.099998474121094,31.700000762939453,32.5099983215332,12148900
2022-07-05,33.441226959228516,34.709999084472656,34.720001220703125,31.09000015258789,32.25,9506300
2022-07-06,32.68975067138672,33.93000030517578,35.25,32.869998931884766,34.5,10207700
2022-07-07,35.011653900146484,36.34000015258789,36.54999923706055,34.709999084472656,34.720001220703125,6856100
2022-07-08,35.00201416015625,36.33000183105469,37.16999816894531,35.09000015258789,35.9900016784668,8178700
2022-07-11,32.83426284790039,34.08000183105469,35.90999984741211,33.84000015258789,35.45000076293945,6626200
2022-07-12,32.545230865478516,33.779998779296875,34.880001068115234,33.220001220703125,33.81999969482422,7854500
2022-07-13,32.43925094604492,33.66999816894531,34.22999954223633,32.16999816894531,32.380001068115234,10081800
2022-07-14,31.456539154052734,32.650001525878906,32.880001068115234,31.1299991607666,32.15999984741211,10352900
2022-07-15,33.39306640625,34.65999984741211,34.790000915527344,32.459999084472656,33.75,7948500
2022-07-18,33.075130462646484,34.33000183105469,36.54999923706055,34.02000045776367,35.84000015258789,7208700
2022-07-19,36.54352951049805,37.93000030517578,38.08000183105469,35.58000183105469,35.61000061035156,9259400
2022-07-20,38.28738021850586,39.7400016784668,39.939998626708984,37.779998779296875,37.97999954223633,9690300
2022-07-21,38.846168518066406,40.31999969482422,40.369998931884766,38.0,39.029998779296875,7448700
2022-07-22,36.967445373535156,38.369998931884766,40.849998474121094,37.439998626708984,40.61000061035156,8005300
2022-07-25,37.555152893066406,38.97999954223633,39.279998779296875,37.689998626708984,38.72999954223633,6319300
2022-07-26,36.86146545410156,38.2599983215332,38.81999969482422,37.7599983215332,38.56999969482422,5434700
2022-07-27,39.34716033935547,40.84000015258789,41.400001525878906,38.68000030517578,39.0099983215332,8926700
2022-07-28,40.994651794433594,42.54999923706055,42.689998626708984,39.7599983215332,41.470001220703125,9011600
2022-07-29,41.82322692871094,43.40999984741211,43.7599983215332,41.93000030517578,42.599998474121094,8161600
2022-08-01,41.78468322753906,43.369998931884766,44.16999816894531,41.33000183105469,42.470001220703125,7794300
2022-08-02,41.67870330810547,43.2599983215332,44.630001068115234,42.16999816894531,42.849998474121094,7079400
2022-08-03,43.46108627319336,45.11000061035156,45.400001525878906,43.70000076293945,44.15999984741211,6578700
2022-08-04,43.27802276611328,44.91999816894531,45.34000015258789,44.189998626708984,45.220001220703125,5938600
2022-08-05,44.21257019042969,45.88999938964844,46.02000045776367,43.279998779296875,43.529998779296875,7494100
2022-08-08,45.60956573486328,47.34000015258789,48.619998931884766,46.63999938964844,46.83000183105469,6854400
2022-08-09,43.701942443847656,45.36000061035156,46.84000015258789,44.61000061035156,46.7599983215332,6043200
2022-08-10,47.46902084350586,49.27000045776367,49.47999954223633,47.439998626708984,47.83000183105469,7796300
2022-08-11,47.950740814208984,49.77000045776367,52.16999816894531,49.529998779296875,50.58000183105469,7908300
2022-08-12,50.869991302490234,52.79999923706055,52.84000015258789,49.900001525878906,50.47999954223633,6364700
2022-08-15,51.39025115966797,53.34000015258789,53.400001525878906,51.08000183105469,51.560001373291016,6261000
2022-08-16,51.29390335083008,53.2400016784668,54.04999923706055,51.709999084472656,52.84000015258789,6606500
2022-08-17,48.71187210083008,50.560001373291016,51.939998626708984,49.59000015258789,51.470001220703125,9100000
2022-08-18,49.656044006347656,51.540000915527344,51.810001373291016,50.0,50.709999084472656,7309500
2022-08-19,46.4573974609375,48.220001220703125,50.130001068115234,47.779998779296875,49.959999084472656,7222800
2022-08-22,43.567054748535156,45.220001220703125,46.5099983215332,44.77000045776367,46.27000045776367,6982700
2022-08-23,43.78865432739258,45.45000076293945,46.86000061035156,45.060001373291016,45.439998626708984,6519600
2022-08-24,44.81954574584961,46.52000045776367,47.119998931884766,44.880001068115234,45.36000061035156,6249200
2022-08-25,46.842777252197266,48.619998931884766,48.650001525878906,46.88999938964844,47.189998626708984,6565600
2022-08-26,42.16041564941406,43.7599983215332,48.63999938964844,43.560001373291016,48.59000015258789,9896900
2022-08-29,41.05247116088867,42.61000061035156,43.810001373291016,42.150001525878906,42.5,5551000
2022-08-30,39.28935241699219,40.779998779296875,43.099998474121094,40.060001373291016,42.9900016784668,9915300
2022-08-31,38.58604049682617,40.04999923706055,41.529998779296875,39.84000015258789,40.97999954223633,8575000
2022-09-01,37.304656982421875,38.720001220703125,38.970001220703125,37.0099983215332,38.93000030517578,10856700
2022-09-02,36.41828155517578,37.79999923706055,40.27000045776367,37.189998626708984,40.0,13836200
2022-09-06,35.387393951416016,36.72999954223633,38.400001525878906,36.16999816894531,38.13999938964844,6933200
2022-09-07,37.63222885131836,39.060001373291016,39.22999954223633,36.41999816894531,36.45000076293945,7565900
2022-09-08,38.5571403503418,40.02000045776367,40.06999969482422,37.369998931884766,38.040000915527344,8783000
2022-09-09,40.84050369262695,42.38999938964844,42.54999923706055,40.900001525878906,41.040000915527344,6262000
2022-09-12,42.353118896484375,43.959999084472656,44.08000183105469,42.790000915527344,43.25,5775000
2022-09-13,37.381736755371094,38.79999923706055,41.29999923706055,38.290000915527344,40.59000015258789,8370900
2022-09-14,37.863460540771484,39.29999923706055,39.45000076293945,37.709999084472656,39.0099983215332,5139200
2022-09-15,36.967445373535156,38.369998931884766,40.33000183105469,37.86000061035156,38.52000045776367,7674700
2022-09-16,35.262142181396484,36.599998474121094,37.11000061035156,35.34000015258789,36.75,9839000
2022-09-19,36.235233306884766,37.61000061035156,37.7400016784668,35.439998626708984,35.470001220703125,6565000
2022-09-20,34.76115798950195,36.08000183105469,36.599998474121094,35.209999084472656,36.5,8078800
2022-09-21,33.171470642089844,34.43000030517578,37.88999938964844,34.400001525878906,36.849998474121094,12752900
2022-09-22,30.897733688354492,32.06999969482422,34.54999923706055,31.690000534057617,34.20000076293945,13757600
2022-09-23,28.633634567260742,29.719999313354492,30.81999969482422,28.469999313354492,30.68000030517578,14323200
2022-09-26,27.47749900817871,28.520000457763672,31.09000015258789,28.229999542236328,29.239999771118164,12420400
2022-09-27,27.776166915893555,28.829999923706055,30.329999923706055,28.06999969482422,29.579999923706055,15279200
2022-09-28,30.425647735595703,31.579999923706055,32.099998474121094,29.010000228881836,29.350000381469727,16511600
2022-09-29,28.344602584838867,29.420000076293945,30.43000030517578,28.139999389648438,30.34000015258789,16100100
2022-09-30,27.756898880004883,28.809999465942383,31.200000762939453,28.760000228881836,29.229999542236328,15160800
2022-10-03,29.934289932250977,31.06999969482422,31.559999465942383,28.93000030517578,30.010000228881836,16412300
2022-10-04,33.489402770996094,34.7599983215332,34.77000045776367,32.79999923706055,32.79999923706055,14039400
2022-10-05,32.73792266845703,33.97999954223633,34.33000183105469,32.0099983215332,33.18000030517578,15319600
2022-10-06,32.15983963012695,33.380001068115234,34.77000045776367,32.880001068115234,33.41999816894531,11053900
2022-10-07,29.288780212402344,30.399999618530273,32.61000061035156,30.0,32.31999969482422,12818800
2022-10-10,28.79741859436035,29.889999389648438,30.920000076293945,29.309999465942383,30.760000228881836,9620400
2022-10-11,28.816692352294922,29.90999984741211,31.18000030517578,28.350000381469727,29.5,12515000
2022-10-12,28.585466384887695,29.670000076293945,30.290000915527344,28.709999084472656,30.0,11237000
2022-10-13,30.647239685058594,31.809999465942383,32.27000045776367,27.1200008392334,27.90999984741211,20114700
2022-10-14,28.238622665405273,29.309999465942383,33.22999954223633,29.229999542236328,32.560001373291016,16766500
2022-10-17,30.897733688354492,32.06999969482422,32.310001373291016,31.0,31.040000915527344,13121200
2022-10-18,31.986425399780273,33.20000076293945,34.93000030517578,32.380001068115234,34.119998931884766,17927600
2022-10-19,30.377477645874023,31.530000686645508,32.75,30.450000762939453,32.2400016784668,14944100
2022-10-20,29.18280601501465,30.290000915527344,32.77000045776367,29.979999542236328,31.56999969482422,18735500
2022-10-21,31.071155548095703,32.25,32.5,29.81999969482422,30.479999542236328,18510400
2022-10-24,31.475805282592773,32.66999816894531,32.93000030517578,31.31999969482422,32.58000183105469,13566800
2022-10-25,33.99040222167969,35.279998779296875,35.70000076293945,32.72999954223633,32.7599983215332,14186400
2022-10-26,34.52993392944336,35.84000015258789,37.790000915527344,35.38999938964844,35.93000030517578,16174200
2022-10-27,34.520294189453125,35.83000183105469,37.58000183105469,35.709999084472656,36.77000045776367,16412700
2022-10-28,36.86146545410156,38.2599983215332,38.41999816894531,35.599998474121094,36.2599983215332,13410600
2022-10-31,36.967445373535156,38.369998931884766,38.95000076293945,37.25,37.720001220703125,12792900
2022-11-01,37.16014099121094,38.56999969482422,39.79999923706055,38.060001373291016,39.540000915527344,12553800
2022-11-02,33.41233444213867,34.68000030517578,39.400001525878906,34.650001525878906,38.029998779296875,18491900
2022-11-03,32.83426284790039,34.08000183105469,34.93000030517578,32.689998626708984,33.400001525878906,9808300
2022-11-04,34.05783462524414,35.349998474121094,36.06999969482422,33.47999954223633,35.439998626708984,15375800
2022-11-07,34.53956985473633,35.849998474121094,36.459999084472656,34.7400016784668,35.97999954223633,8915000
2022-11-08,34.520294189453125,35.83000183105469,37.2599983215332,34.529998779296875,36.22999954223633,10379200
2022-11-09,31.678131103515625,32.880001068115234,35.279998779296875,32.66999816894531,34.88999938964844,9959600
2022-11-10,37.506980895996094,38.93000030517578,38.97999954223633,36.529998779296875,36.97999954223633,13344200
2022-11-11,38.38372039794922,39.84000015258789,41.08000183105469,39.119998931884766,39.220001220703125,13000900
2022-11-14,37.198673248291016,38.61000061035156,40.41999816894531,38.41999816894531,39.130001068115234,10825000
2022-11-15,38.8172721862793,40.290000915527344,41.47999954223633,39.33000183105469,40.43000030517578,13431700
2022-11-16,36.69768524169922,38.09000015258789,39.63999938964844,37.7599983215332,39.61000061035156,10051800
2022-11-17,35.71497344970703,37.06999969482422,37.27000045776367,35.77000045776367,36.43000030517578,9520600
2022-11-18,36.30267333984375,37.68000030517578,38.65999984741211,37.0099983215332,38.209999084472656,10278300
2022-11-21,35.77277374267578,37.130001068115234,37.349998474121094,36.279998779296875,37.08000183105469,5685100
2022-11-22,36.92890548706055,38.33000183105469,38.43000030517578,36.84000015258789,37.689998626708984,6874700
2022-11-23,37.102333068847656,38.5099983215332,38.91999816894531,37.540000915527344,38.0,8048800
2022-11-25,37.429901123046875,38.849998474121094,39.25,38.209999084472656,38.439998626708984,3579000
2022-11-28,35.08872604370117,36.41999816894531,38.349998474121094,36.099998474121094,37.880001068115234,8567200
2022-11-29,35.40666198730469,36.75,37.4900016784668,36.5,36.5099983215332,7481800
2022-11-30,38.28738021850586,39.7400016784668,39.779998779296875,35.779998779296875,36.90999984741211,13001600
2022-12-01,38.0368766784668,39.47999954223633,40.90999984741211,38.95000076293945,40.2400016784668,9328500
2022-12-02,38.68238830566406,40.150001525878906,40.63999938964844,37.810001373291016,37.849998474121094,9246900
2022-12-05,35.46446990966797,36.810001373291016,39.5099983215332,36.38999938964844,39.400001525878906,9229900
2022-12-06,33.82661437988281,35.11000061035156,36.86000061035156,34.52000045776367,36.79999923706055,7020000
2022-12-07,33.547210693359375,34.81999969482422,35.93000030517578,34.54999923706055,34.91999816894531,9314800
2022-12-08,34.24089431762695,35.540000915527344,36.560001373291016,34.77000045776367,35.45000076293945,7661700
2022-12-09,32.94023895263672,34.189998626708984,35.4900016784668,34.15999984741211,34.900001525878906,7969700
2022-12-12,34.13491439819336,35.43000030517578,35.599998474121094,33.84000015258789,34.29999923706055,7345600
2022-12-13,34.95384979248047,36.279998779296875,39.34000015258789,35.540000915527344,38.83000183105469,15219000
2022-12-14,34.24089431762695,35.540000915527344,37.16999816894531,34.72999954223633,36.22999954223633,11317100
2022-12-15,31.707029342651367,32.90999984741211,34.59000015258789,32.47999954223633,34.33000183105469,9126000
2022-12-16,30.90736961364746,32.08000183105469,32.5099983215332,31.1299991607666,31.899999618530273,8476800
2022-12-19,29.683794021606445,30.809999465942383,32.470001220703125,30.5,32.209999084472656,6553100
2022-12-20,30.12744140625,31.170000076293945,31.75,30.239999771118164,30.5,7441800
2022-12-21,31.63526153564453,32.72999954223633,33.25,31.850000381469727,31.969999313354492,7622300
2022-12-22,30.42707061767578,31.479999542236328,31.940000534057617,29.829999923706055,31.860000610351562,10395700
2022-12-23,30.794361114501953,31.860000610351562,31.899999618530273,30.760000228881836,31.399999618530273,7731300
2022-12-27,30.195096969604492,31.239999771118164,31.959999084472656,30.8799991607666,31.8700008392334,7144800
2022-12-28,28.764604568481445,29.760000228881836,31.700000762939453,29.670000076293945,31.260000228881836,8388500
2022-12-29,30.939342498779297,32.0099983215332,32.20000076293945,30.190000534057617,30.350000381469727,6701900
2022-12-30,30.63971519470215,31.700000762939453,31.899999618530273,30.739999771118164,31.110000610351562,7194700
2023-01-03,30.10810661315918,31.149999618530273,33.310001373291016,30.360000610351562,32.529998779296875,12305500
2023-01-04,31.267969131469727,32.349998474121094,32.91999816894531,31.6299991607666,31.799999237060547,11622400
2023-01-05,30.2337589263916,31.280000686645508,31.8700008392334,30.56999969482422,31.739999771118164,9539500
2023-01-06,32.25385665893555,33.369998931884766,33.599998474121094,31.350000381469727,32.11000061035156,10684400
2023-01-09,32.41817092895508,33.540000915527344,34.77000045776367,33.38999938964844,34.150001525878906,7936300
2023-01-10,33.848670959472656,35.02000045776367,35.040000915527344,33.18000030517578,33.38999938964844,7299100
2023-01-11,35.07619094848633,36.290000915527344,36.29999923706055,35.08000183105469,35.400001525878906,7183200
2023-01-12,36.84497833251953,38.119998931884766,38.13999938964844,35.779998779296875,36.77000045776367,12149700
2023-01-13,37.51190185546875,38.810001373291016,38.97999954223633,37.130001068115234,37.22999954223633,8332500
2023-01-17,37.35725784301758,38.650001525878906,39.27000045776367,38.27000045776367,38.790000915527344,6586200
2023-01-18,35.53046417236328,36.7599983215332,39.95000076293945,36.689998626708984,39.02000045776367,9995900
2023-01-19,34.48659133911133,35.68000030517578,36.310001373291016,34.93000030517578,36.060001373291016,10236800
2023-01-20,36.16838836669922,37.41999816894531,37.470001220703125,35.20000076293945,36.02000045776367,8607800
2023-01-23,37.5312385559082,38.83000183105469,39.2599983215332,37.119998931884766,37.619998931884766,8246800
2023-01-24,37.241268157958984,38.529998779296875,39.09000015258789,37.869998931884766,38.29999923706055,6764400
2023-01-25,37.550559997558594,38.849998474121094,38.90999984741211,36.63999938964844,37.59000015258789,8590800
2023-01-26,38.21748352050781,39.540000915527344,40.310001373291016,38.119998931884766,39.7599983215332,8858700
2023-01-27,38.758758544921875,40.099998474121094,40.56999969482422,39.0099983215332,39.15999984741211,7963700
2023-01-30,37.192935943603516,38.47999954223633,40.13999938964844,38.38999938964844,39.029998779296875,7963000
2023-01-31,39.889625549316406,41.27000045776367,41.290000915527344,38.720001220703125,38.72999954223633,7097900
2023-02-01,41.74540328979492,43.189998626708984,44.279998779296875,40.369998931884766,41.02000045776367,11696700
2023-02-02,44.21977233886719,45.75,46.33000183105469,43.06999969482422,44.18000030517578,11792100
2023-02-03,43.26288986206055,44.7599983215332,46.2400016784668,43.880001068115234,44.209999084472656,9736000
2023-02-06,41.38777160644531,42.81999969482422,44.33000183105469,42.310001373291016,43.849998474121094,7800100
2023-02-07,42.28667068481445,43.75,44.09000015258789,41.16999816894531,42.349998474121094,14811200
2023-02-08,40.41156005859375,41.810001373291016,43.59000015258789,41.4900016784668,42.90999984741211,9917800
2023-02-09,38.652435302734375,39.9900016784668,43.36000061035156,39.65999984741211,42.79999923706055,9092700
2023-02-10,38.84573745727539,40.189998626708984,40.380001068115234,39.06999969482422,39.54999923706055,8375000
2023-02-13,40.23758316040039,41.630001068115234,41.779998779296875,39.54999923706055,40.27000045776367,7006700
2023-02-14,40.17958068847656,41.56999969482422,42.470001220703125,39.97999954223633,40.77000045776367,15385800
2023-02-15,41.407108306884766,42.84000015258789,42.880001068115234,40.27000045776367,40.56999969482422,10062800
2023-02-16,40.169918060302734,41.560001373291016,43.04999923706055,40.66999816894531,40.9900016784668,12714700
2023-02-17,40.40190124511719,41.79999923706055,42.0099983215332,40.459999084472656,41.029998779296875,10279000
2023-02-21,36.854644775390625,38.130001068115234,40.689998626708984,38.02000045776367,40.29999923706055,9113600
2023-02-22,37.20261001586914,38.4900016784668,39.189998626708984,37.720001220703125,38.400001525878906,10851700
2023-02-23,37.93717956542969,39.25,39.880001068115234,37.66999816894531,39.33000183105469,11306600
2023-02-24,36.82564163208008,38.099998474121094,38.27000045776367,37.029998779296875,37.54999923706055,12201100
2023-02-27,37.241268157958984,38.529998779296875,39.72999954223633,38.150001525878906,39.060001373291016,7658300
2023-02-28,37.17360305786133,38.459999084472656,39.619998931884766,38.439998626708984,38.470001220703125,5780000
2023-03-01,37.35725784301758,38.650001525878906,39.279998779296875,37.880001068115234,38.5,12045200
2023-03-02,37.61821746826172,38.91999816894531,39.150001525878906,37.20000076293945,37.650001525878906,8603800
2023-03-03,39.13570785522461,40.4900016784668,40.75,38.59000015258789,39.34000015258789,9675100
2023-03-06,37.40557861328125,38.70000076293945,40.619998931884766,38.189998626708984,40.5099983215332,9570800
2023-03-07,36.12973403930664,37.380001068115234,38.90999984741211,37.16999816894531,38.70000076293945,10373900
2023-03-08,36.12006759643555,37.369998931884766,37.97999954223633,36.5,37.5,10533700
2023-03-09,33.123748779296875,34.27000045776367,37.77000045776367,34.16999816894531,37.41999816894531,15057500
2023-03-10,30.185434341430664,31.229999542236328,33.709999084472656,30.170000076293945,33.709999084472656,22815400
2023-03-13,28.725936889648438,29.719999313354492,31.3799991607666,28.56999969482422,29.399999618530273,18257300
2023-03-14,30.340084075927734,31.389999389648438,32.7599983215332,30.389999389648438,32.400001525878906,19294500
2023-03-15,28.89025115966797,29.889999389648438,29.940000534057617,28.100000381469727,28.940000534057617,22957500
2023-03-16,29.97279167175293,31.010000228881836,31.709999084472656,28.200000762939453,28.700000762939453,19153900
2023-03-17,27.575742721557617,28.530000686645508,30.329999923706055,28.270000457763672,29.959999084472656,17216600
2023-03-20,28.590621948242188,29.579999923706055,30.510000228881836,29.079999923706055,29.290000915527344,15704900
2023-03-21,30.214582443237305,31.219999313354492,31.920000076293945,30.799999237060547,31.09000015258789,12758400
2023-03-22,27.57250213623047,28.489999771118164,31.5,28.459999084472656,31.09000015258789,15891400
2023-03-23,27.18538475036621,28.09000015258789,30.170000076293945,27.350000381469727,29.09000015258789,16485000
2023-03-24,27.911231994628906,28.84000015258789,28.989999771118164,26.709999084472656,27.350000381469727,18719300
2023-03-27,28.85967254638672,29.81999969482422,30.299999237060547,29.1299991607666,29.8799991607666,16587300
2023-03-28,28.724180221557617,29.68000030517578,30.200000762939453,29.260000228881836,29.469999313354492,11052100
2023-03-29,29.691974639892578,30.68000030517578,30.719999313354492,29.920000076293945,30.600000381469727,12718500
2023-03-30,29.537128448486328,30.520000457763672,31.6200008392334,30.1299991607666,31.3700008392334,12979000
2023-03-31,31.17270278930664,32.209999084472656,32.29999923706055,31.110000610351562,31.1200008392334,11649100
2023-04-03,31.18238067626953,32.220001220703125,32.90999984741211,31.1200008392334,32.43000030517578,11807100
2023-04-04,29.488737106323242,30.469999313354492,32.529998779296875,29.950000762939453,32.41999816894531,13217900
2023-04-05,28.637073516845703,29.59000015258789,30.219999313354492,29.030000686645508,29.940000534057617,11413100
2023-04-06,28.753211975097656,29.709999084472656,29.959999084472656,29.06999969482422,29.600000381469727,9087000
2023-04-10,29.653263092041016,30.639999389648438,30.68000030517578,29.209999084472656,29.25,8567500
2023-04-11,30.311363220214844,31.31999969482422,31.770000457763672,30.809999465942383,31.0,8091600
2023-04-12,29.67261505126953,30.65999984741211,32.29999923706055,30.510000228881836,32.22999954223633,12271400
2023-04-13,30.80493927001953,31.829999923706055,32.11000061035156,30.670000076293945,31.020000457763672,9263000
2023-04-14,29.953277587890625,30.950000762939453,32.369998931884766,30.299999237060547,31.899999618530273,12067300
2023-04-17,31.056564331054688,32.09000015258789,32.150001525878906,31.059999465942383,31.149999618530273,7485500
2023-04-18,30.66944694519043,31.690000534057617,32.54999923706055,31.110000610351562,32.52000045776367,9276700
2023-04-19,30.853330612182617,31.8799991607666,32.099998474121094,30.920000076293945,31.18000030517578,6638700
2023-04-20,30.311363220214844,31.31999969482422,31.8799991607666,30.860000610351562,31.190000534057617,7727300
2023-04-21,30.437175750732422,31.450000762939453,31.600000381469727,30.5,31.520000457763672,7632800
2023-04-24,30.311363220214844,31.31999969482422,31.860000610351562,30.84000015258789,31.309999465942383,7420900
2023-04-25,28.095111846923828,29.030000686645508,30.530000686645508,29.0,30.40999984741211,12626300
2023-04-26,27.272483825683594,28.18000030517578,29.170000076293945,27.969999313354492,28.579999923706055,12510600
2023-04-27,28.308025360107422,29.25,29.360000610351562,27.93000030517578,28.459999084472656,11612300
2023-04-28,29.033872604370117,30.0,30.329999923706055,29.010000228881836,29.079999923706055,11188700
2023-05-01,29.130653381347656,30.100000381469727,31.100000381469727,29.790000915527344,29.889999389648438,9905500
2023-05-02,27.3015193939209,28.209999084472656,29.6200008392334,27.309999465942383,29.6200008392334,18515100
2023-05-03,27.620891571044922,28.540000915527344,30.15999984741211,28.43000030517578,28.479999542236328,14985200
2023-05-04,26.69180679321289,27.579999923706055,28.110000610351562,26.739999771118164,27.989999771118164,17831100
2023-05-05,28.52094268798828,29.469999313354492,29.770000457763672,28.809999465942383,28.889999389648438,11373500
2023-05-08,28.317699432373047,29.260000228881836,30.010000228881836,28.780000686645508,29.8700008392334,9588600
2023-05-09,28.056398391723633,28.989999771118164,29.350000381469727,28.290000915527344,28.690000534057617,8169100
2023-05-10,28.472553253173828,29.420000076293945,30.200000762939453,28.56999969482422,30.200000762939453,14294600
2023-05-11,27.785415649414062,28.709999084472656,29.09000015258789,28.239999771118164,28.809999465942383,12369800
2023-05-12,27.59185791015625,28.510000228881836,29.260000228881836,28.0,28.969999313354492,11692300
2023-05-15,28.598360061645508,29.549999237060547,29.989999771118164,28.56999969482422,28.799999237060547,10040400
2023-05-16,27.359588623046875,28.270000457763672,29.0,28.239999771118164,28.950000762939453,10759900
2023-05-17,29.20807647705078,30.18000030517578,30.31999969482422,28.200000762939453,28.809999465942383,13502000
2023-05-18,29.682296752929688,30.670000076293945,30.850000381469727,29.549999237060547,29.829999923706055,12668000
2023-05-19,29.082263946533203,30.049999237060547,31.3700008392334,29.649999618530273,31.31999969482422,12015600
2023-05-22,30.185550689697266,31.190000534057617,31.56999969482422,30.040000915527344,30.350000381469727,11215500
2023-05-23,29.779077529907227,30.770000457763672,32.36000061035156,30.719999313354492,30.969999313354492,13842300
2023-05-24,28.801603317260742,29.760000228881836,30.3700008392334,29.299999237060547,30.270000457763672,13979600
2023-05-25,28.10478973388672,29.040000915527344,29.719999313354492,28.299999237060547,29.6200008392334,16427900
2023-05-26,28.975805282592773,29.940000534057617,30.100000381469727,28.93000030517578,29.100000381469727,14127800
2023-05-30,28.695144653320312,29.649999618530273,30.690000534057617,29.270000457763672,30.270000457763672,14296100
2023-05-31,27.785415649414062,28.709999084472656,29.889999389648438,28.049999237060547,29.239999771118164,14167200
2023-06-01,28.704822540283203,29.65999984741211,29.969999313354492,28.34000015258789,28.81999969482422,12506400
2023-06-02,31.80177116394043,32.86000061035156,32.90999984741211,30.559999465942383,30.850000381469727,21665800
2023-06-05,30.504926681518555,31.520000457763672,32.5,30.950000762939453,32.5,19791900
2023-06-06,32.95344543457031,34.04999923706055,34.380001068115234,31.209999084472656,31.219999313354492,20177700
2023-06-07,34.78257751464844,35.939998626708984,36.2400016784668,34.66999816894531,34.66999816894531,22565900
2023-06-08,34.30836486816406,35.45000076293945,35.97999954223633,34.58000183105469,35.61000061035156,17342100
2023-06-09,33.49541473388672,34.61000061035156,35.529998779296875,34.310001373291016,35.38999938964844,15596700
2023-06-12,33.921241760253906,35.04999923706055,35.529998779296875,34.15999984741211,34.7400016784668,15516800
2023-06-13,35.08259963989258,36.25,36.83000183105469,35.310001373291016,35.439998626708984,18526400
2023-06-14,33.959957122802734,35.09000015258789,36.97999954223633,34.279998779296875,36.470001220703125,22490200
2023-06-15,34.724510192871094,35.880001068115234,35.95000076293945,34.47999954223633,34.54999923706055,14357000
2023-06-16,33.853492736816406,34.97999954223633,36.4900016784668,34.52000045776367,36.130001068115234,13646600
2023-06-20,33.42766189575195,34.540000915527344,34.77000045776367,33.779998779296875,34.54999923706055,10356700
2023-06-21,33.221126556396484,34.099998474121094,34.7400016784668,33.439998626708984,33.90999984741211,11513200
2023-06-22,32.4320068359375,33.290000915527344,33.79999923706055,32.81999969482422,33.79999923706055,10936600
2023-06-23,30.844017028808594,31.65999984741211,32.75,31.489999771118164,31.84000015258789,14358000
2023-06-26,31.058345794677734,31.8799991607666,32.90999984741211,31.6299991607666,31.729999542236328,13327000
2023-06-27,32.393035888671875,33.25,33.560001373291016,31.690000534057617,32.09000015258789,12816600
2023-06-28,32.87041091918945,33.7400016784668,33.79999923706055,32.560001373291016,33.0099983215332,13169800
2023-06-29,34.09793472290039,35.0,35.25,33.79999923706055,33.90999984741211,13960700
2023-06-30,34.380462646484375,35.290000915527344,35.97999954223633,35.130001068115234,35.869998931884766,13820700
2023-07-03,34.77989196777344,35.70000076293945,36.209999084472656,35.029998779296875,35.13999938964844,8486500
2023-07-05,33.58159637451172,34.470001220703125,35.279998779296875,34.27000045776367,35.22999954223633,12621100
2023-07-06,31.92540740966797,32.77000045776367,33.290000915527344,31.6299991607666,33.2400016784668,16671800
2023-07-07,33.02627944946289,33.900001525878906,34.72999954223633,32.849998474121094,32.86000061035156,14005400
2023-07-10,34.6727294921875,35.59000015258789,35.619998931884766,33.47999954223633,33.709999084472656,11659100
2023-07-11,35.61772537231445,36.560001373291016,36.77000045776367,35.41999816894531,35.880001068115234,14659800
2023-07-12,36.786800384521484,37.7599983215332,38.470001220703125,37.5,38.310001373291016,19370200
2023-07-13,37.68309020996094,38.68000030517578,38.84000015258789,37.7400016784668,38.18000030517578,12597600
2023-07-14,36.57246780395508,37.540000915527344,38.619998931884766,36.779998779296875,38.599998474121094,17829800
2023-07-17,37.712310791015625,38.709999084472656,39.18000030517578,37.279998779296875,37.41999816894531,10396100
2023-07-18,39.124942779541016,40.15999984741211,40.380001068115234,38.65999984741211,38.779998779296875,11640400
2023-07-19,39.573081970214844,40.619998931884766,41.150001525878906,40.11000061035156,40.540000915527344,13507000
2023-07-20,38.5891227722168,39.61000061035156,40.720001220703125,39.08000183105469,40.720001220703125,12584800
2023-07-21,38.121490478515625,39.130001068115234,40.459999084472656,38.93000030517578,40.34000015258789,9865500
2023-07-24,38.40401840209961,39.41999816894531,40.220001220703125,38.869998931884766,39.2400016784668,10015800
2023-07-25,38.4429817199707,39.459999084472656,40.189998626708984,39.11000061035156,39.20000076293945,10928600
2023-07-26,39.290557861328125,40.33000183105469,40.7599983215332,39.27000045776367,39.279998779296875,12485200
2023-07-27,37.77077102661133,38.77000045776367,41.20000076293945,38.29999923706055,41.029998779296875,17147100
2023-07-28,39.212623596191406,40.25,40.529998779296875,39.650001525878906,39.93000030517578,13715000
2023-07-31,40.537574768066406,41.61000061035156,41.650001525878906,40.5099983215332,40.54999923706055,11417800
2023-08-01,39.99200439453125,41.04999923706055,41.130001068115234,39.77000045776367,40.79999923706055,13697000
2023-08-02,38.34556198120117,39.36000061035156,39.959999084472656,38.72999954223633,39.65999984741211,13422300
2023-08-03,38.01432418823242,39.02000045776367,39.650001525878906,38.11000061035156,38.84000015258789,14726500
2023-08-04,37.77077102661133,38.77000045776367,40.0099983215332,38.470001220703125,39.11000061035156,12177100
2023-08-07,37.84870147705078,38.849998474121094,39.2400016784668,37.84000015258789,39.0099983215332,8608400
2023-08-08,37.12778091430664,38.11000061035156,38.18000030517578,36.529998779296875,37.5,11693800
2023-08-09,36.241233825683594,37.20000076293945,37.939998626708984,36.68000030517578,37.939998626708984,12675700
2023-08-10,35.70541000366211,36.650001525878906,38.619998931884766,36.15999984741211,37.54999923706055,17221100
2023-08-11,35.82231521606445,36.77000045776367,37.15999984741211,36.060001373291016,36.189998626708984,10804900
2023-08-14,35.61772537231445,36.560001373291016,36.58000183105469,35.38999938964844,36.150001525878906,8976400
2023-08-15,34.25381088256836,35.15999984741211,35.95000076293945,35.029998779296875,35.880001068115234,11576800
2023-08-16,32.9385986328125,33.810001373291016,35.599998474121094,33.79999923706055,35.0099983215332,10716300
2023-08-17,31.779273986816406,32.619998931884766,34.2599983215332,32.58000183105469,34.040000915527344,10995300
2023-08-18,32.25663757324219,33.11000061035156,33.40999984741211,31.649999618530273,31.790000915527344,12802100
2023-08-21,32.052059173583984,32.900001525878906,33.40999984741211,32.22999954223633,33.11000061035156,10723800
2023-08-22,31.808502197265625,32.650001525878906,33.54999923706055,32.29999923706055,33.279998779296875,9296000
2023-08-23,32.74375534057617,33.61000061035156,33.81999969482422,32.38999938964844,32.709999084472656,9688800
2023-08-24,31.44803237915039,32.279998779296875,33.93000030517578,32.22999954223633,33.380001068115234,11422500
2023-08-25,31.750051498413086,32.59000015258789,33.150001525878906,31.3700008392334,32.68000030517578,15620600
2023-08-28,32.60736846923828,33.470001220703125,34.06999969482422,33.04999923706055,33.06999969482422,7586500
2023-08-29,33.932315826416016,34.83000183105469,34.939998626708984,32.88999938964844,33.400001525878906,8548500
2023-08-30,34.3707160949707,35.279998779296875,35.63999938964844,34.369998931884766,34.599998474121094,8495500
2023-08-31,34.14664077758789,35.04999923706055,35.970001220703125,35.0,35.38999938964844,6239800
2023-09-01,35.2767448425293,36.209999084472656,36.81999969482422,35.709999084472656,35.84000015258789,9147300
2023-09-05,33.12370681762695,34.0,35.709999084472656,33.939998626708984,35.58000183105469,11088800
2023-09-06,32.73401641845703,33.599998474121094,34.63999938964844,33.0099983215332,34.08000183105469,8887100
2023-09-07,31.779273986816406,32.619998931884766,33.130001068115234,32.18000030517578,33.029998779296875,7626400
2023-09-08,31.56494140625,32.400001525878906,32.810001373291016,32.08000183105469,32.66999816894531,6651100
2023-09-11,31.7208251953125,32.560001373291016,33.27000045776367,32.47999954223633,33.0099983215332,6831800
2023-09-12,31.672109603881836,32.5099983215332,33.06999969482422,32.220001220703125,32.369998931884766,6350200
2023-09-13,31.019378662109375,31.84000015258789,32.810001373291016,31.510000228881836,32.619998931884766,8592600
2023-09-14,32.24690246582031,33.099998474121094,33.380001068115234,32.439998626708984,32.59000015258789,9388000
2023-09-15,31.223962783813477,32.04999923706055,32.83000183105469,31.610000610351562,32.68000030517578,8810700
2023-09-18,30.61994171142578,31.43000030517578,32.119998931884766,31.399999618530273,32.09000015258789,5179000
2023-09-19,30.256366729736328,31.040000915527344,31.850000381469727,30.700000762939453,31.43000030517578,6902600
2023-09-20,29.34984016418457,30.110000610351562,31.940000534057617,30.079999923706055,31.360000610351562,8576700
2023-09-21,27.97543716430664,28.700000762939453,29.510000228881836,28.65999984741211,29.3799991607666,9709100
2023-09-22,27.731748580932617,28.450000762939453,29.270000457763672,28.389999389648438,28.8700008392334,8381900
2023-09-25,28.082660675048828,28.809999465942383,28.989999771118164,27.8799991607666,27.959999084472656,7984800
2023-09-26,27.029926300048828,27.729999542236328,28.979999542236328,27.65999984741211,28.270000457763672,9582100
2023-09-27,27.770740509033203,28.489999771118164,28.90999984741211,27.729999542236328,28.209999084472656,12687000
2023-09-28,28.511550903320312,29.25,29.68000030517578,28.43000030517578,28.479999542236328,11185200
2023-09-29,28.014427185058594,28.739999771118164,29.950000762939453,28.479999542236328,29.860000610351562,14605000
2023-10-02,26.727752685546875,27.420000076293945,28.739999771118164,27.010000228881836,28.56999969482422,15886800
2023-10-03,25.411834716796875,26.06999969482422,27.18000030517578,25.700000762939453,26.90999984741211,17674400
2023-10-04,25.411834716796875,26.06999969482422,26.270000457763672,25.110000610351562,25.969999313354492,21278600
2023-10-05,25.489816665649414,26.149999618530273,26.3700008392334,25.479999542236328,25.860000610351562,14952700
2023-10-06,26.15264892578125,26.829999923706055,27.260000228881836,25.260000228881836,25.649999618530273,16792600
2023-10-09,26.62053108215332,27.309999465942383,27.559999465942383,26.260000228881836,26.309999465942383,10315700
2023-10-10,27.497804641723633,28.209999084472656,28.729999542236328,27.440000534057617,27.450000762939453,14891700
2023-10-11,27.341846466064453,28.049999237060547,28.829999923706055,27.459999084472656,28.299999237060547,14354900
2023-10-12,25.509309768676758,26.170000076293945,28.15999984741211,25.729999542236328,28.15999984741211,20247200
2023-10-13,24.846477508544922,25.489999771118164,26.59000015258789,25.219999313354492,26.420000076293945,15459300
2023-10-16,25.996686935424805,26.670000076293945,26.8700008392334,25.809999465942383,26.110000610351562,10905800
2023-10-17,26.932451248168945,27.6299991607666,28.270000457763672,26.18000030517578,26.190000534057617,15406600
2023-10-18,25.236377716064453,25.889999389648438,26.979999542236328,25.739999771118164,26.959999084472656,16254800
2023-10-19,24.037429809570312,24.65999984741211,26.229999542236328,24.520000457763672,25.649999618530273,22839400
2023-10-20,23.0919189453125,23.690000534057617,24.739999771118164,23.639999389648438,24.600000381469727,18430800
2023-10-23,22.49732208251953,23.079999923706055,24.059999465942383,22.8799991607666,23.309999465942383,17462900
2023-10-24,23.004192352294922,23.600000381469727,24.1200008392334,23.190000534057617,23.6299991607666,16050300
2023-10-25,21.912466049194336,22.479999542236328,23.280000686645508,22.31999969482422,23.0,19161800
2023-10-26,22.078176498413086,22.649999618530273,23.280000686645508,22.229999542236328,22.6299991607666,24841500
2023-10-27,21.26913070678711,21.81999969482422,22.8799991607666,21.579999923706055,22.75,23743400
2023-10-30,21.610294342041016,22.170000076293945,22.829999923706055,21.68000030517578,22.40999984741211,18459900
2023-10-31,22.195146560668945,22.770000457763672,22.90999984741211,22.030000686645508,22.260000228881836,15889200
2023-11-01,22.49732208251953,23.079999923706055,23.15999984741211,22.110000610351562,22.690000534057617,22659800
2023-11-02,24.31036376953125,24.940000534057617,24.979999542236328,23.860000610351562,24.030000686645508,22600900
2023-11-03,26.240375518798828,26.920000076293945,27.440000534057617,26.190000534057617,26.200000762939453,22303200
2023-11-06,25.304611206054688,25.959999084472656,27.079999923706055,25.5,26.940000534057617,15276300
2023-11-07,25.060924530029297,25.709999084472656,26.010000228881836,25.1299991607666,25.56999969482422,14665600
2023-11-08,24.193391799926758,24.81999969482422,25.81999969482422,24.559999465942383,25.6200008392334,18440200
2023-11-09,23.072423934936523,23.670000076293945,25.309999465942383,23.530000686645508,25.299999237060547,23109700
2023-11-10,23.803489685058594,24.420000076293945,24.65999984741211,23.43000030517578,24.020000457763672,19905700
2023-11-13,23.8132381439209,24.43000030517578,24.690000534057617,23.709999084472656,24.020000457763672,15645900
2023-11-14,27.731748580932617,28.450000762939453,28.450000762939453,26.610000610351562,26.6200008392334,32982200
2023-11-15,27.877960205078125,28.600000381469727,30.020000457763672,28.270000457763672,28.43000030517578,33433800
2023-11-16,26.581539154052734,27.270000457763672,28.510000228881836,26.84000015258789,28.270000457763672,25068400
2023-11-17,27.59528350830078,28.309999465942383,28.450000762939453,27.729999542236328,27.920000076293945,18584900
2023-11-20,28.03392219543457,28.760000228881836,28.93000030517578,28.020000457763672,28.40999984741211,16567700
2023-11-21,26.942197799682617,27.639999389648438,28.360000610351562,27.600000381469727,28.209999084472656,14471700
2023-11-22,27.429576873779297,28.139999389648438,28.729999542236328,27.81999969482422,28.15999984741211,16218300
2023-11-24,27.965688705444336,28.690000534057617,28.8700008392334,27.959999084472656,28.100000381469727,6932100
2023-11-27,27.692758560180664,28.40999984741211,28.56999969482422,27.68000030517578,28.280000686645508,10547300
2023-11-28,27.332101821899414,28.040000915527344,28.600000381469727,27.649999618530273,28.309999465942383,14663600
2023-11-29,27.770740509033203,28.489999771118164,29.790000915527344,28.360000610351562,28.75,19984000
2023-11-30,28.03392219543457,28.760000228881836,29.260000228881836,28.3700008392334,28.979999542236328,17972100
2023-12-01,30.539039611816406,31.329999923706055,31.420000076293945,28.079999923706055,28.549999237060547,32475000
2023-12-04,31.474809646606445,32.290000915527344,32.34000015258789,30.84000015258789,30.940000534057617,25186800
2023-12-05,30.188129425048828,30.969999313354492,31.81999969482422,30.770000457763672,31.81999969482422,22320600
2023-12-06,29.95418930053711,30.729999542236328,32.7400016784668,30.670000076293945,31.6299991607666,24661100
2023-12-07,30.704748153686523,31.5,31.510000228881836,30.450000762939453,30.90999984741211,16642000
2023-12-08,31.328590393066406,32.13999938964844,32.619998931884766,31.15999984741211,31.34000015258789,23503300
2023-12-11,31.49430274963379,32.310001373291016,32.540000915527344,31.670000076293945,32.08000183105469,16156000
2023-12-12,31.426067352294922,32.2400016784668,32.560001373291016,31.389999389648438,32.22999954223633,16618900
2023-12-13,34.769466400146484,35.66999816894531,35.66999816894531,31.530000686645508,32.27000045776367,37003600
2023-12-14,37.45004653930664,38.41999816894531,39.150001525878906,37.189998626708984,37.41999816894531,40367700
2023-12-15,36.49478530883789,37.439998626708984,38.88999938964844,36.81999969482422,38.540000915527344,32531500
2023-12-18,36.52402877807617,37.470001220703125,38.41999816894531,37.22999954223633,37.939998626708984,18903100
2023-12-19,38.65873718261719,39.65999984741211,39.849998474121094,37.970001220703125,38.220001220703125,21232000
2023-12-20,36.35832214355469,37.29999923706055,40.779998779296875,37.25,39.41999816894531,35117000
2023-12-21,38.28791046142578,39.04999923706055,39.060001373291016,37.75,38.34000015258789,25061300
2023-12-22,39.22917938232422,40.0099983215332,40.77000045776367,39.2599983215332,39.630001068115234,25878800
2023-12-26,40.6802978515625,41.4900016784668,41.81999969482422,40.119998931884766,40.41999816894531,18079800
2023-12-27,41.092105865478516,41.90999984741211,42.380001068115234,41.130001068115234,41.7599983215332,27427600
2023-12-28,40.58224868774414,41.38999938964844,42.15999984741211,41.02000045776367,41.369998931884766,18792700
2023-12-29,38.68011474609375,39.45000076293945,41.41999816894531,39.40999984741211,41.09000015258789,24925300
2024-01-02,37.983970642089844,38.7400016784668,39.90999984741211,38.04999923706055,38.619998931884766,26443700
2024-01-03,34.84641647338867,35.540000915527344,37.599998474121094,35.36000061035156,37.43000030517578,35973600
2024-01-04,34.699337005615234,35.38999938964844,36.20000076293945,35.279998779296875,35.5,23818700
2024-01-05,34.32675552368164,35.0099983215332,36.20000076293945,34.47999954223633,34.709999084472656,29144900
2024-01-08,36.26811981201172,36.9900016784668,37.02000045776367,34.470001220703125,35.0,23375900
2024-01-09,35.1601676940918,35.86000061035156,36.33000183105469,34.959999084472656,35.529998779296875,24763100
2024-01-10,35.209197998046875,35.90999984741211,36.099998474121094,34.83000183105469,35.75,22593300
2024-01-11,34.3953971862793,35.08000183105469,35.72999954223633,33.81999969482422,35.59000015258789,30844000
2024-01-12,34.16987991333008,34.849998474121094,36.900001525878906,34.529998779296875,36.29999923706055,24888800
2024-01-16,32.90505599975586,33.560001373291016,34.33000183105469,33.150001525878906,34.0099983215332,19770500
2024-01-17,32.15989303588867,32.79999923706055,33.040000915527344,31.790000915527344,32.119998931884766,20018900
2024-01-18,32.738372802734375,33.38999938964844,33.65999984741211,32.130001068115234,33.40999984741211,25282600
2024-01-19,33.65022659301758,34.31999969482422,34.52000045776367,32.630001068115234,33.68000030517578,29809300
2024-01-22,35.81709289550781,36.529998779296875,36.630001068115234,35.16999816894531,35.209999084472656,28179600
2024-01-23,35.395484924316406,36.099998474121094,37.61000061035156,35.59000015258789,37.38999938964844,28797500
2024-01-24,34.54246139526367,35.22999954223633,37.5099983215332,35.11000061035156,37.45000076293945,31716500
2024-01-25,35.346458435058594,36.04999923706055,37.0,35.2599983215332,36.70000076293945,26534700
2024-01-26,35.375885009765625,36.08000183105469,37.11000061035156,35.75,36.599998474121094,23777200
2024-01-29,37.209381103515625,37.95000076293945,37.95000076293945,35.58000183105469,36.16999816894531,21167900
2024-01-30,36.26811981201172,36.9900016784668,37.66999816894531,36.630001068115234,37.369998931884766,20866100
2024-01-31,33.53256607055664,34.20000076293945,37.650001525878906,34.16999816894531,36.68000030517578,39264200
2024-02-01,34.96407699584961,35.65999984741211,35.75,33.52000045776367,35.02000045776367,34124200
2024-02-02,34.346370697021484,35.029998779296875,35.599998474121094,33.90999984741211,34.369998931884766,29052200
2024-02-05,32.983497619628906,33.63999938964844,34.290000915527344,32.65999984741211,33.9900016784668,26836200
2024-02-06,33.85612869262695,34.529998779296875,34.630001068115234,33.18000030517578,33.529998779296875,17261600
2024-02-07,33.64042282104492,34.310001373291016,34.810001373291016,33.689998626708984,34.7599983215332,20337500
2024-02-08,35.1601676940918,35.86000061035156,35.95000076293945,34.029998779296875,34.36000061035156,17680300
2024-02-09,36.84660339355469,37.58000183105469,37.66999816894531,35.9900016784668,36.2400016784668,24657700
2024-02-12,38.80757522583008,39.58000183105469,39.93000030517578,37.84000015258789,37.869998931884766,26707400
2024-02-13,34.06202697753906,34.7400016784668,36.38999938964844,33.810001373291016,35.68000030517578,43584500
2024-02-14,36.444602966308594,37.16999816894531,37.5,35.59000015258789,36.34000015258789,26877300
2024-02-15,39.21937561035156,40.0,40.220001220703125,38.0,38.11000061035156,27664200
2024-02-16,37.64079284667969,38.38999938964844,39.59000015258789,38.060001373291016,38.650001525878906,25977200
2024-02-20,36.072025299072266,36.790000915527344,37.27000045776367,36.290000915527344,36.9900016784668,18767100
2024-02-21,35.562171936035156,36.27000045776367,36.47999954223633,35.41999816894531,36.09000015258789,17478200
2024-02-22,36.36616897583008,37.09000015258789,37.40999984741211,36.209999084472656,36.619998931884766,22465700
2024-02-23,36.58187484741211,37.310001373291016,37.959999084472656,36.54999923706055,37.11000061035156,20892800
2024-02-26,37.26820755004883,38.0099983215332,38.2400016784668,36.849998474121094,37.150001525878906,16798700
2024-02-27,38.748741149902344,39.52000045776367,39.689998626708984,38.7400016784668,39.040000915527344,17878100
2024-02-28,37.89572525024414,38.650001525878906,39.470001220703125,38.33000183105469,38.650001525878906,17600800
2024-02-29,38.53303909301758,39.29999923706055,40.689998626708984,38.66999816894531,40.189998626708984,25839300
2024-03-01,39.80766296386719,40.599998474121094,40.81999969482422,39.0,39.79999923706055,20256700
2024-03-04,39.66059494018555,40.45000076293945,41.689998626708984,40.33000183105469,41.25,20265700
2024-03-05,38.503623962402344,39.27000045776367,40.54999923706055,38.86000061035156,39.630001068115234,22096200
2024-03-06,39.3370361328125,40.119998931884766,40.63999938964844,39.4900016784668,40.58000183105469,19328600
2024-03-07,40.27830123901367,41.08000183105469,41.779998779296875,40.79999923706055,40.97999954223633,14601600
2024-03-08,40.16064453125,40.959999084472656,43.150001525878906,40.40999984741211,42.16999816894531,28041500
2024-03-11,39.25859069824219,40.040000915527344,41.0099983215332,39.77000045776367,40.47999954223633,13588000
2024-03-12,39.09191131591797,39.869998931884766,40.43000030517578,38.9900016784668,39.970001220703125,17980500
2024-03-13,39.53313064575195,40.31999969482422,40.81999969482422,39.779998779296875,39.83000183105469,12340900
2024-03-14,37.30742645263672,38.04999923706055,40.029998779296875,37.040000915527344,39.900001525878906,22609100
2024-03-15,37.552555084228516,38.29999923706055,38.68000030517578,37.59000015258789,37.70000076293945,13997400
2024-03-18,36.84660339355469,37.58000183105469,38.72999954223633,37.45000076293945,38.59000015258789,10819000
2024-03-19,37.35287857055664,38.06999969482422,38.41999816894531,36.709999084472656,36.790000915527344,11161300
2024-03-20,39.56050109863281,40.31999969482422,40.81999969482422,37.5099983215332,37.75,23736300
2024-03-21,40.83601379394531,41.619998931884766,42.25,41.040000915527344,41.130001068115234,18236900
2024-03-22,39.24652862548828,40.0,41.84000015258789,39.970001220703125,41.619998931884766,15137800
2024-03-25,39.432945251464844,40.189998626708984,41.040000915527344,40.16999816894531,40.279998779296875,10734300
2024-03-26,39.22690200805664,39.97999954223633,41.400001525878906,39.880001068115234,41.06999969482422,13640600
2024-03-27,41.699432373046875,42.5,42.529998779296875,40.4900016784668,40.86000061035156,16507800
2024-03-28,42.11152267456055,42.91999816894531,43.84000015258789,42.61000061035156,42.72999954223633,16670700
2024-04-01,40.89488220214844,41.68000030517578,43.189998626708984,41.45000076293945,43.189998626708984,14662000
2024-04-02,38.638206481933594,39.380001068115234,40.18000030517578,38.720001220703125,40.119998931884766,19153700
2024-04-03,39.32502746582031,40.08000183105469,40.45000076293945,38.65999984741211,38.709999084472656,17176800
2024-04-04,38.0887565612793,38.81999969482422,41.65999984741211,38.560001373291016,41.369998931884766,19387500
2024-04-05,38.52046585083008,39.2599983215332,39.95000076293945,38.349998474121094,38.5,16504000
2024-04-08,39.109161376953125,39.86000061035156,40.349998474121094,39.29999923706055,40.09000015258789,9890500
2024-04-09,39.58012008666992,40.34000015258789,40.65999984741211,39.220001220703125,40.2400016784668,12367500
2024-04-10,36.4207763671875,37.119998931884766,38.29999923706055,36.34000015258789,37.310001373291016,32304500
2024-04-11,37.176265716552734,37.88999938964844,38.189998626708984,36.65999984741211,37.66999816894531,19072400
2024-04-12,35.12563705444336,35.79999923706055,37.61000061035156,35.2400016784668,37.220001220703125,20197600
2024-04-15,33.60483932495117,34.25,36.599998474121094,33.790000915527344,36.119998931884766,20919800
2024-04-16,33.18293762207031,33.81999969482422,34.43000030517578,32.939998626708984,33.5099983215332,22133500
2024-04-17,32.19196701049805,32.810001373291016,34.619998931884766,32.75,34.5099983215332,18349200
2024-04-18,31.99573516845703,32.61000061035156,34.04999923706055,32.29999923706055,33.060001373291016,20720300
2024-04-19,32.113468170166016,32.72999954223633,33.38999938964844,31.850000381469727,32.13999938964844,21376200
2024-04-22,33.17313003540039,33.810001373291016,34.33000183105469,32.619998931884766,33.290000915527344,16009100
2024-04-23,34.83129119873047,35.5,35.90999984741211,33.7400016784668,33.810001373291016,15786900
2024-04-24,34.409393310546875,35.06999969482422,35.709999084472656,34.400001525878906,35.310001373291016,16634000
2024-04-25,33.732391357421875,34.380001068115234,34.54999923706055,32.939998626708984,33.810001373291016,16726400
2024-04-26,34.66449737548828,35.33000183105469,35.59000015258789,34.33000183105469,34.630001068115234,12992200
2024-04-29,35.45923614501953,36.13999938964844,36.40999984741211,35.59000015258789,35.790000915527344,13450900
2024-04-30,33.290870666503906,33.93000030517578,35.45000076293945,33.880001068115234,35.18000030517578,14675000
2024-05-01,33.51652908325195,34.15999984741211,36.2400016784668,33.5,33.93000030517578,24441200
2024-05-02,35.33168411254883,36.0099983215332,36.099998474121094,34.2599983215332,35.43000030517578,14816200
2024-05-03,36.33247375488281,37.029998779296875,38.27000045776367,36.65999984741211,37.880001068115234,19265400
2024-05-06,37.68648147583008,38.40999984741211,38.630001068115234,37.86000061035156,37.90999984741211,9182700
2024-05-07,37.94158172607422,38.66999816894531,39.38999938964844,38.470001220703125,38.630001068115234,9730800
2024-05-08,37.38231658935547,38.099998474121094,38.150001525878906,37.349998474121094,37.45000076293945,8137100
2024-05-09,38.38310623168945,39.119998931884766,39.2400016784668,37.84000015258789,38.16999816894531,7935800
2024-05-10,37.558929443359375,38.279998779296875,39.59000015258789,37.91999816894531,39.43000030517578,10554700
2024-05-13,37.735538482666016,38.459999084472656,39.52000045776367,38.43000030517578,39.25,7650400
2024-05-14,38.92274475097656,39.66999816894531,40.189998626708984,39.15999984741211,39.79999923706055,11816800
2024-05-15,40.31599807739258,41.09000015258789,41.34000015258789,40.18000030517578,41.04999923706055,14158700
2024-05-16,39.53106689453125,40.290000915527344,41.06999969482422,40.25,40.79999923706055,10558500
2024-05-17,39.54087829589844,40.29999923706055,40.540000915527344,39.869998931884766,40.22999954223633,9729300
2024-05-20,39.83522033691406,40.599998474121094,41.09000015258789,40.11000061035156,40.2400016784668,7936500
2024-05-21,39.63899230957031,40.400001525878906,40.619998931884766,39.970001220703125,40.119998931884766,8030100
2024-05-22,38.716697692871094,39.459999084472656,40.349998474121094,38.939998626708984,40.0099983215332,13356800
2024-05-23,36.74456787109375,37.45000076293945,39.95000076293945,36.95000076293945,39.900001525878906,18876600
2024-05-24,37.882713317871094,38.61000061035156,38.7400016784668,37.79999923706055,38.25,10644100
2024-05-28,37.7453498840332,38.470001220703125,39.52000045776367,37.790000915527344,39.439998626708984,11529400
2024-05-29,36.106807708740234,36.79999923706055,37.220001220703125,36.560001373291016,36.959999084472656,11386300
2024-05-30,37.019287109375,37.72999954223633,38.2400016784668,37.2400016784668,37.459999084472656,9501900
2024-05-31,37.912147521972656,38.63999938964844,38.970001220703125,37.189998626708984,38.25,13426000
2024-06-03,37.32344436645508,38.040000915527344,39.66999816894531,37.209999084472656,39.66999816894531,15886500
2024-06-04,35.841888427734375,36.529998779296875,37.47999954223633,36.380001068115234,37.22999954223633,16514500
2024-06-05,37.46080780029297,38.18000030517578,38.20000076293945,36.41999816894531,37.2400016784668,15246200
2024-06-06,36.6562614440918,37.36000061035156,38.040000915527344,37.04999923706055,37.68000030517578,12889900
2024-06-07,35.370933532714844,36.04999923706055,37.08000183105469,35.7400016784668,36.20000076293945,18135800
2024-06-10,35.72415542602539,36.40999984741211,36.4900016784668,34.83000183105469,35.09000015258789,12765500
2024-06-11,35.28262710571289,35.959999084472656,36.18000030517578,34.79999923706055,35.439998626708984,15076200
2024-06-12,36.92117691040039,37.630001068115234,39.5,37.279998779296875,38.72999954223633,31146300
2024-06-13,35.930198669433594,36.619998931884766,37.5099983215332,35.849998474121094,37.349998474121094,20339700
2024-06-14,34.20335006713867,34.86000061035156,35.54999923706055,34.41999816894531,35.29999923706055,20696700
2024-06-17,35.05695724487305,35.72999954223633,35.9900016784668,34.13999938964844,34.540000915527344,16287900
2024-06-18,35.21394348144531,35.88999938964844,36.369998931884766,35.4900016784668,35.709999084472656,13488000
2024-06-20,34.70374298095703,35.369998931884766,36.439998626708984,35.040000915527344,35.599998474121094,13982200
2024-06-21,34.92940902709961,35.599998474121094,35.63999938964844,34.619998931884766,35.349998474121094,10500900
2024-06-24,35.3807487487793,36.060001373291016,36.83000183105469,35.689998626708984,35.77000045776367,13711400
2024-06-25,35.00926971435547,35.529998779296875,35.86000061035156,35.150001525878906,35.849998474121094,10684000
2024-06-26,34.762935638427734,35.279998779296875,35.52000045776367,34.599998474121094,34.90999984741211,10142200
2024-06-27,35.767982482910156,36.29999923706055,36.31999969482422,35.189998626708984,35.540000915527344,12296500
2024-06-28,36.132564544677734,36.66999816894531,37.619998931884766,35.849998474121094,37.2599983215332,24353700
2024-07-01,35.27531051635742,35.79999923706055,37.209999084472656,35.400001525878906,37.040000915527344,16161300
2024-07-02,35.561058044433594,36.09000015258789,36.33000183105469,35.61000061035156,35.95000076293945,11369700
2024-07-03,35.54135513305664,36.06999969482422,36.849998474121094,35.9900016784668,36.31999969482422,11022500
2024-07-05,35.03883361816406,35.560001373291016,35.939998626708984,35.0099983215332,35.709999084472656,14259600
2024-07-08,35.68916320800781,36.220001220703125,37.02000045776367,36.029998779296875,36.400001525878906,15474100
2024-07-09,35.26545715332031,35.790000915527344,36.369998931884766,35.33000183105469,36.060001373291016,14895900
2024-07-10,36.300071716308594,36.84000015258789,36.939998626708984,35.83000183105469,36.27000045776367,15407400
2024-07-11,40.25129699707031,40.849998474121094,41.06999969482422,38.7400016784668,39.27000045776367,39074100
2024-07-12,41.52239227294922,42.13999938964844,43.209999084472656,41.88999938964844,42.08000183105469,28445800
2024-07-15,43.88722229003906,44.540000915527344,45.18000030517578,42.84000015258789,43.13999938964844,30843000
2024-07-16,48.37053680419922,49.09000015258789,49.2599983215332,45.689998626708984,45.75,39267100
2024-07-17,46.93193435668945,47.630001068115234,50.439998626708984,47.150001525878906,47.630001068115234,40427900
2024-07-18,44.18281936645508,44.84000015258789,49.16999816894531,44.16999816894531,46.97999954223633,39001900
2024-07-19,43.40440368652344,44.04999923706055,45.16999816894531,43.459999084472656,44.54999923706055,20222600
2024-07-22,45.41450500488281,46.09000015258789,46.369998931884766,43.18000030517578,44.56999969482422,26755500
2024-07-23,46.902366638183594,47.599998474121094,48.310001373291016,45.349998474121094,45.47999954223633,26763400
2024-07-24,43.88722229003906,44.540000915527344,48.380001068115234,44.41999816894531,46.59000015258789,33137300
2024-07-25,45.473628997802734,46.150001525878906,48.290000915527344,44.70000076293945,44.91999816894531,30263500
2024-07-26,47.7497673034668,48.459999084472656,49.16999816894531,46.849998474121094,48.2400016784668,29307300
2024-07-29,46.123958587646484,46.810001373291016,49.189998626708984,46.189998626708984,48.7599983215332,25028100
2024-07-30,46.56735610961914,47.2599983215332,48.4900016784668,46.380001068115234,47.38999938964844,21297800
2024-07-31,47.49358367919922,48.20000076293945,51.13999938964844,46.91999816894531,48.04999923706055,40439600
2024-08-01,42.813194274902344,43.45000076293945,48.7599983215332,42.40999984741211,48.06999969482422,45464200
2024-08-02,38.20178985595703,38.77000045776367,40.119998931884766,37.599998474121094,38.709999084472656,32878300
2024-08-05,34.50674819946289,35.02000045776367,36.40999984741211,31.959999084472656,32.619998931884766,41490100
2024-08-06,35.610328674316406,36.13999938964844,37.599998474121094,34.459999084472656,35.41999816894531,25419400
2024-08-07,34.34908676147461,34.86000061035156,37.9900016784668,34.599998474121094,37.93000030517578,22148400
2024-08-08,36.763187408447266,37.310001373291016,37.380001068115234,35.41999816894531,36.029998779296875,16871900
2024-08-09,36.506996154785156,37.04999923706055,37.43000030517578,36.25,37.41999816894531,13712200
2024-08-12,35.580772399902344,36.11000061035156,37.349998474121094,35.65999984741211,37.150001525878906,13008600
2024-08-13,37.255859375,37.810001373291016,38.04999923706055,36.209999084472656,36.84000015258789,18693100
2024-08-14,36.57596206665039,37.119998931884766,38.2599983215332,36.619998931884766,38.209999084472656,19297000
2024-08-15,39.38420104980469,39.970001220703125,40.540000915527344,38.84000015258789,39.540000915527344,18161600
2024-08-16,39.669944763183594,40.2599983215332,41.040000915527344,39.540000915527344,39.61000061035156,13851900
2024-08-19,41.098697662353516,41.709999084472656,41.72999954223633,40.36000061035156,40.470001220703125,12129700
2024-08-20,39.68964767456055,40.279998779296875,41.56999969482422,39.869998931884766,41.540000915527344,12577100
2024-08-21,41.16767120361328,41.779998779296875,41.90999984741211,40.290000915527344,41.099998474121094,14239300
2024-08-22,40.083797454833984,40.68000030517578,42.31999969482422,40.40999984741211,41.86000061035156,13300900
2024-08-23,43.83795166015625,44.4900016784668,44.939998626708984,41.34000015258789,41.58000183105469,28399800
2024-08-26,43.9266357421875,44.58000183105469,45.810001373291016,44.34000015258789,45.4900016784668,18831200
2024-08-27,42.90187454223633,43.540000915527344,43.90999984741211,42.88999938964844,43.619998931884766,11765100
2024-08-28,42.04462814331055,42.66999816894531,43.72999954223633,42.029998779296875,43.0,12324100
2024-08-29,42.882164001464844,43.52000045776367,44.790000915527344,42.54999923706055,43.5099983215332,15916700
2024-08-30,43.56205749511719,44.209999084472656,44.470001220703125,42.630001068115234,43.9900016784668,15584200
2024-09-03,39.5714111328125,40.15999984741211,43.790000915527344,39.86000061035156,43.02000045776367,17630700
2024-09-04,39.334930419921875,39.91999816894531,41.27000045776367,39.209999084472656,39.79999923706055,13880400
2024-09-05,38.73387145996094,39.310001373291016,40.52000045776367,38.77000045776367,40.2400016784668,14824300
2024-09-06,36.506996154785156,37.04999923706055,40.0,36.619998931884766,39.290000915527344,21474400
2024-09-09,36.79274368286133,37.34000015258789,38.27000045776367,36.83000183105469,37.15999984741211,11826500
2024-09-10,36.71392059326172,37.2599983215332,37.529998779296875,35.900001525878906,37.439998626708984,14008300
2024-09-11,36.9701042175293,37.52000045776367,37.72999954223633,35.029998779296875,36.709999084472656,19590800
2024-09-12,38.38899612426758,38.959999084472656,39.58000183105469,37.25,38.04999923706055,14611600
2024-09-13,41.197235107421875,41.810001373291016,42.040000915527344,40.22999954223633,40.25,17966600
2024-09-16,41.670196533203125,42.290000915527344,42.650001525878906,41.400001525878906,42.25,13270300
2024-09-17,42.58656692504883,43.220001220703125,44.66999816894531,42.72999954223633,43.349998474121094,17276700
2024-09-18,42.6259765625,43.2599983215332,46.529998779296875,42.59000015258789,43.15999984741211,35087100
2024-09-19,45.2568473815918,45.93000030517578,46.400001525878906,44.5099983215332,46.400001525878906,22934800
2024-09-20,43.847808837890625,44.5,45.529998779296875,44.2599983215332,45.5099983215332,14399600
2024-09-23,43.31572341918945,43.959999084472656,45.36000061035156,43.52000045776367,45.08000183105469,12979900
2024-09-24,43.48630905151367,44.099998474121094,44.59000015258789,43.15999984741211,44.34000015258789,11893100
2024-09-25,41.94801712036133,42.540000915527344,44.220001220703125,42.41999816894531,44.0,14746800
2024-09-26,42.51995086669922,43.119998931884766,44.47999954223633,42.869998931884766,44.099998474121094,14488800
2024-09-27,43.34825897216797,43.959999084472656,45.29999923706055,43.5099983215332,44.290000915527344,15578300
2024-09-30,43.72296905517578,44.34000015258789,44.709999084472656,42.93000030517578,43.40999984741211,12567100
2024-10-01,41.85927200317383,42.45000076293945,43.95000076293945,41.540000915527344,43.86000061035156,14760400
2024-10-02,41.6916389465332,42.279998779296875,42.959999084472656,41.47999954223633,41.939998626708984,8840200
2024-10-03,40.82388687133789,41.400001525878906,42.04999923706055,40.83000183105469,41.47999954223633,13549100
2024-10-04,42.52981185913086,43.130001068115234,43.59000015258789,42.06999969482422,43.16999816894531,14836200
2024-10-07,41.50428771972656,42.09000015258789,42.810001373291016,41.18000030517578,42.79999923706055,11991000
2024-10-08,41.58316421508789,42.16999816894531,42.599998474121094,41.65999984741211,42.16999816894531,9841300
2024-10-09,41.84941101074219,42.439998626708984,43.29999923706055,41.77000045776367,42.099998474121094,10270200
2024-10-10,41.09999084472656,41.68000030517578,41.720001220703125,40.40999984741211,41.13999938964844,12885700
2024-10-11,43.614505767822266,44.22999954223633,44.380001068115234,41.599998474121094,41.65999984741211,11793400
2024-10-14,44.590721130371094,45.220001220703125,45.29999923706055,43.70000076293945,44.31999969482422,11935200
2024-10-15,44.61044692993164,45.2400016784668,46.72999954223633,44.61000061035156,44.939998626708984,15703900
2024-10-16,46.789695739746094,47.45000076293945,47.7400016784668,46.06999969482422,46.36000061035156,10742900
2024-10-17,46.39525604248047,47.04999923706055,47.61000061035156,46.34000015258789,47.61000061035156,10320600
2024-10-18,46.0797119140625,46.72999954223633,47.599998474121094,46.58000183105469,47.38999938964844,8869200
2024-10-21,43.89060974121094,44.5099983215332,46.779998779296875,44.209999084472656,46.70000076293945,11610900
2024-10-22,43.377845764160156,43.9900016784668,44.36000061035156,43.439998626708984,44.119998931884766,7813200
2024-10-23,42.24384307861328,42.84000015258789,43.72999954223633,41.720001220703125,43.2599983215332,11963500
2024-10-24,42.48051071166992,43.08000183105469,43.84000015258789,42.36000061035156,43.43000030517578,9870400
2024-10-25,41.96773910522461,42.560001373291016,44.34000015258789,42.34000015258789,43.97999954223633,11399400
2024-10-28,43.99907684326172,44.619998931884766,44.880001068115234,43.439998626708984,43.650001525878906,8631400
2024-10-29,43.59477996826172,44.209999084472656,44.22999954223633,43.09000015258789,43.56999969482422,7818100
2024-10-30,43.397560119628906,44.0099983215332,45.77000045776367,43.65999984741211,43.7400016784668,9936800
2024-10-31,41.16901397705078,41.75,44.150001525878906,41.68000030517578,43.84000015258789,12330800
2024-11-01,41.829689025878906,42.41999816894531,43.560001373291016,42.04999923706055,42.709999084472656,9177000
2024-11-04,42.46078872680664,43.060001373291016,43.9900016784668,41.77000045776367,42.11000061035156,7628400
2024-11-05,44.8668327331543,45.5,45.5,42.45000076293945,42.61000061035156,9508300
2024-11-06,52.63717269897461,53.380001068115234,53.560001373291016,50.630001068115234,52.939998626708984,30062400
2024-11-07,52.02579879760742,52.7599983215332,54.220001220703125,52.16999816894531,53.15999984741211,18091600
2024-11-08,53.13021469116211,53.880001068115234,54.11000061035156,52.27000045776367,52.459999084472656,11475400
2024-11-11,55.4968147277832,56.279998779296875,56.77000045776367,55.060001373291016,55.4900016784668,12709200
2024-11-12,52.59772872924805,53.34000015258789,56.36000061035156,52.72999954223633,55.119998931884766,15188700
2024-11-13,51.03971862792969,51.7599983215332,54.91999816894531,51.58000183105469,54.33000183105469,13780200
2024-11-14,48.95907974243164,49.650001525878906,52.59000015258789,49.16999816894531,52.27000045776367,15648900
2024-11-15,46.730525970458984,47.38999938964844,49.810001373291016,46.970001220703125,49.7400016784668,14397200
2024-11-18,46.99677276611328,47.65999984741211,48.689998626708984,47.16999816894531,47.810001373291016,11206300
2024-11-19,48.022300720214844,48.70000076293945,48.779998779296875,46.060001373291016,46.130001068115234,12244100
2024-11-20,48.13077163696289,48.810001373291016,48.83000183105469,47.029998779296875,48.41999816894531,13259100
2024-11-21,50.38890075683594,51.099998474121094,51.7400016784668,48.97999954223633,49.61000061035156,12961400
2024-11-22,53.0316047668457,53.779998779296875,54.11000061035156,51.599998474121094,51.79999923706055,12169500
2024-11-25,55.46723556518555,56.25,58.0,55.58000183105469,55.61000061035156,17338300
2024-11-26,54.2346305847168,55.0,55.709999084472656,54.20000076293945,55.38999938964844,12408100
2024-11-27,54.441707611083984,55.209999084472656,57.06999969482422,54.86000061035156,55.970001220703125,10235500
2024-11-29,55.112239837646484,55.88999938964844,56.900001525878906,55.56999969482422,56.13999938964844,7406300
2024-12-02,54.97418975830078,55.75,56.33000183105469,54.5,56.0,10894600
2024-12-03,53.82048034667969,54.58000183105469,55.95000076293945,54.06999969482422,55.5,8745800
2024-12-04,54.293792724609375,55.060001373291016,55.59000015258789,53.93000030517578,54.689998626708984,10203000
2024-12-05,52.32162857055664,53.060001373291016,55.0,52.86000061035156,54.779998779296875,10108900
2024-12-06,52.88369369506836,53.630001068115234,54.2599983215332,53.27000045776367,54.20000076293945,10513500
2024-12-09,52.09482955932617,52.83000183105469,55.2599983215332,52.77000045776367,54.72999954223633,11183000
2024-12-10,51.44401168823242,52.16999816894531,53.52000045776367,51.630001068115234,52.709999084472656,9587900
2024-12-11,52.11454391479492,52.849998474121094,53.790000915527344,52.189998626708984,53.43000030517578,12230700
2024-12-12,49.98460388183594,50.689998626708984,52.709999084472656,50.560001373291016,52.38999938964844,14514800
2024-12-13,48.97879409790039,49.66999816894531,50.810001373291016,48.88999938964844,50.47999954223633,13706700
2024-12-16,49.846553802490234,50.54999923706055,51.2599983215332,49.18000030517578,49.56999969482422,12484500
2024-12-17,48.07160568237305,48.75,50.290000915527344,48.470001220703125,49.83000183105469,14260200
2024-12-18,41.80010986328125,42.38999938964844,50.0,41.060001373291016,49.4900016784668,28071400
2024-12-19,41.090126037597656,41.66999816894531,44.29999923706055,41.369998931884766,43.630001068115234,18158800
2024-12-20,42.283287048339844,42.880001068115234,44.349998474121094,40.65999984741211,40.939998626708984,20054200
2024-12-23,41.91297912597656,42.33000183105469,42.880001068115234,41.18000030517578,42.52000045776367,13092800
2024-12-24,43.021942138671875,43.45000076293945,43.54999923706055,41.779998779296875,42.66999816894531,6856200
2024-12-26,44.358642578125,44.79999923706055,45.0099983215332,42.290000915527344,42.86000061035156,10951100
2024-12-27,42.27933120727539,42.70000076293945,44.599998474121094,41.45000076293945,43.880001068115234,16865300
2024-12-30,41.318885803222656,41.72999954223633,42.380001068115234,40.150001525878906,41.70000076293945,12040300
2024-12-31,41.4674072265625,41.880001068115234,43.189998626708984,41.41999816894531,42.5,12629600
2025-01-02,41.49711227416992,41.90999984741211,43.790000915527344,41.099998474121094,42.93000030517578,16347000
2025-01-03,43.37839889526367,43.810001373291016,44.0,42.060001373291016,42.43000030517578,12439900
2025-01-06,43.40810012817383,43.84000015258789,45.369998931884766,43.619998931884766,44.56999969482422,13500000
2025-01-07,42.34864044189453,42.77000045776367,44.97999954223633,41.97999954223633,44.43000030517578,15186100
2025-01-08,41.754547119140625,42.16999816894531,42.52000045776367,40.619998931884766,41.65999984741211,17451800
2025-01-10,38.972232818603516,39.36000061035156,40.41999816894531,38.4900016784668,40.189998626708984,20510600
2025-01-13,39.16036605834961,39.54999923706055,39.66999816894531,37.77000045776367,38.04999923706055,14476000
2025-01-14,40.506961822509766,40.90999984741211,41.13999938964844,39.52000045776367,40.560001373291016,16190100
2025-01-15,42.8635139465332,43.290000915527344,44.11000061035156,42.66999816894531,44.060001373291016,16498500
2025-01-16,43.08135223388672,43.5099983215332,43.93000030517578,42.4900016784668,43.31999969482422,11323600
2025-01-17,43.57642364501953,44.0099983215332,44.88999938964844,43.58000183105469,44.88999938964844,11688200
2025-01-21,46.111202239990234,46.56999969482422,46.61000061035156,44.91999816894531,45.22999954223633,10687200
2025-01-22,45.16065979003906,45.61000061035156,46.56999969482422,45.36000061035156,46.36000061035156,9594300
2025-01-23,45.744850158691406,46.20000076293945,46.2400016784668,44.58000183105469,44.810001373291016,9324400
2025-01-24,45.338890075683594,45.790000915527344,46.72999954223633,45.43000030517578,45.880001068115234,8910400
2025-01-27,44.06159973144531,44.5,46.33000183105469,43.709999084472656,44.59000015258789,11671500
2025-01-28,44.17051315307617,44.61000061035156,45.06999969482422,43.709999084472656,44.630001068115234,8160900
2025-01-29,43.88336944580078,44.31999969482422,45.47999954223633,43.349998474121094,44.52000045776367,14153300
2025-01-30,45.17055892944336,45.619998931884766,46.54999923706055,44.72999954223633,45.63999938964844,11885000
2025-01-31,43.91307067871094,44.349998474121094,46.66999816894531,43.810001373291016,45.75,17625500
2025-02-03,42.39814758300781,42.81999969482422,43.77000045776367,40.95000076293945,41.40999984741211,18665900
2025-02-04,44.11110305786133,44.54999923706055,44.650001525878906,42.439998626708984,42.650001525878906,8527200
2025-02-05,45.53691482543945,45.9900016784668,46.029998779296875,44.5,45.20000076293945,7560000
2025-02-06,45.07154846191406,45.52000045776367,46.75,44.709999084472656,46.63999938964844,9787600
2025-02-07,43.43779754638672,43.869998931884766,45.84000015258789,43.65999984741211,45.599998474121094,12985200
2025-02-10,44.04179382324219,44.47999954223633,44.77000045776367,43.81999969482422,44.66999816894531,6880900
2025-02-11,43.26947784423828,43.70000076293945,44.11000061035156,43.18000030517578,43.29999923706055,6716700
2025-02-12,42.081295013427734,42.5,42.970001220703125,41.43000030517578,41.689998626708984,10884100
2025-02-13,43.41800308227539,43.849998474121094,43.9900016784668,42.540000915527344,43.27000045776367,10003000
2025-02-14,43.29917907714844,43.72999954223633,44.880001068115234,43.529998779296875,44.52000045776367,6617200
2025-02-18,44.0021858215332,44.439998626708984,44.70000076293945,43.470001220703125,43.810001373291016,6116500
2025-02-19,43.526912689208984,43.959999084472656,44.380001068115234,43.189998626708984,43.380001068115234,8048000
2025-02-20,42.30903244018555,42.72999954223633,43.810001373291016,41.9900016784668,43.70000076293945,8807800
2025-02-21,38.53656768798828,38.91999816894531,43.66999816894531,38.77000045776367,43.619998931884766,19264300
2025-02-24,37.71474838256836,38.09000015258789,39.47999954223633,37.529998779296875,39.47999954223633,12595600
2025-02-25,37.279083251953125,37.650001525878906,38.630001068115234,36.65999984741211,38.18000030517578,14077300
2025-02-26,37.417701721191406,37.790000915527344,39.189998626708984,37.34000015258789,37.970001220703125,12206000
2025-02-27,35.6750373840332,36.029998779296875,38.189998626708984,35.95000076293945,37.77000045776367,12863700
2025-02-28,36.77410125732422,37.13999938964844,37.15999984741211,35.279998779296875,35.619998931884766,12420500
2025-03-03,33.76405334472656,34.099998474121094,37.810001373291016,33.400001525878906,37.529998779296875,16594800
2025-03-04,32.6055793762207,32.93000030517578,34.560001373291016,31.350000381469727,32.689998626708984,18017100
2025-03-05,33.5858268737793,33.91999816894531,34.060001373291016,32.15999984741211,32.900001525878906,17682300
2025-03-06,31.98179054260254,32.29999923706055,33.70000076293945,31.65999984741211,32.56999969482422,19692400
2025-03-07,32.278831481933594,32.599998474121094,33.13999938964844,30.6200008392334,32.13999938964844,19808100
2025-03-10,29.813365936279297,30.110000610351562,32.02000045776367,29.18000030517578,31.389999389648438,19120000
2025-03-11,29.813365936279297,30.110000610351562,31.200000762939453,29.110000610351562,30.270000457763672,17547800
2025-03-12,29.942081451416016,30.239999771118164,31.450000762939453,29.56999969482422,31.1299991607666,21911800
2025-03-13,28.60538101196289,28.889999389648438,30.65999984741211,28.399999618530273,30.329999923706055,19203200
2025-03-14,30.63518524169922,30.940000534057617,31.010000228881836,29.389999389648438,29.790000915527344,13656400
2025-03-17,31.744152069091797,32.060001373291016,32.36000061035156,30.799999237060547,30.860000610351562,11447300
2025-03-18,30.981739044189453,31.290000915527344,31.59000015258789,30.860000610351562,31.56999969482422,9581100
2025-03-19,32.38774871826172,32.709999084472656,33.290000915527344,31.239999771118164,31.31999969482422,10610500
2025-03-20,31.77385711669922,32.09000015258789,33.130001068115234,31.68000030517578,31.729999542236328,11386400
2025-03-21,31.150062561035156,31.459999084472656,31.75,30.510000228881836,31.0,10929200
2025-03-24,33.47691345214844,33.810001373291016,33.95000076293945,32.790000915527344,32.90999984741211,9476200
2025-03-25,32.90385055541992,33.130001068115234,33.869998931884766,32.81999969482422,33.59000015258789,7861500
2025-03-26,31.841156005859375,32.060001373291016,33.63999938964844,31.670000076293945,33.2400016784668,10055200
2025-03-27,31.4339542388916,31.649999618530273,32.439998626708984,31.239999771118164,31.969999313354492,8743600
2025-03-28,29.49726676940918,29.700000762939453,31.59000015258789,29.18000030517578,31.540000915527344,13395500
2025-03-31,29.06026840209961,29.260000228881836,29.719999313354492,27.459999084472656,28.329999923706055,13435400
2025-04-01,29.040403366088867,29.239999771118164,29.979999542236328,27.979999542236328,29.0,11736500
2025-04-02,30.420915603637695,30.6299991607666,30.899999618530273,27.93000030517578,28.030000686645508,15733200
2025-04-03,24.511531829833984,24.68000030517578,27.149999618530273,24.5,26.280000686645508,21376800
2025-04-04,21.174467086791992,21.31999969482422,22.469999313354492,19.600000381469727,21.90999984741211,41169600
2025-04-07,20.648086547851562,20.790000915527344,24.579999923706055,18.010000228881836,18.90999984741211,52709300
2025-04-08,18.989486694335938,19.1200008392334,22.969999313354492,18.25,22.8799991607666,32954900
2025-04-09,23.846105575561523,24.010000228881836,24.770000457763672,18.110000610351562,18.450000762939453,64126900
2025-04-10,20.82685661315918,20.969999313354492,22.389999389648438,19.149999618530273,22.010000228881836,37916000
2025-04-11,21.67105484008789,21.81999969482422,21.989999771118164,19.850000381469727,20.75,22797800
2025-04-14,22.465593338012695,22.6200008392334,23.100000381469727,21.350000381469727,23.010000228881836,22691900
2025-04-15,22.505319595336914,22.65999984741211,23.5,22.350000381469727,22.5,14248400
2025-04-16,21.859758377075195,22.010000228881836,22.65999984741211,21.139999389648438,22.270000457763672,16770800
2025-04-17,22.36627769470215,22.520000457763672,22.8700008392334,21.809999465942383,21.989999771118164,15564000
2025-04-21,21.005626678466797,21.149999618530273,22.079999923706055,20.450000762939453,22.0,14488800
2025-04-22,22.63443374633789,22.790000915527344,23.0,21.770000457763672,21.979999542236328,17961700
2025-04-23,23.61767578125,23.780000686645508,25.700000762939453,23.65999984741211,24.770000457763672,19358900
2025-04-24,25.04784393310547,25.219999313354492,25.329999923706055,23.65999984741211,24.0,11578700
2025-04-25,25.04784393310547,25.219999313354492,25.280000686645508,24.219999313354492,24.68000030517578,13165300
2025-04-28,25.345796585083008,25.520000457763672,26.0,24.59000015258789,25.360000610351562,11542100
2025-04-29,25.782794952392578,25.959999084472656,26.270000457763672,24.780000686645508,25.31999969482422,10380900
2025-04-30,25.28620719909668,25.459999084472656,25.719999313354492,23.850000381469727,24.809999465942383,16656100
2025-05-01,25.743066787719727,25.920000076293945,26.559999465942383,25.020000457763672,25.770000457763672,17956900
2025-05-02,27.451326370239258,27.639999389648438,27.950000762939453,26.75,26.81999969482422,12314500
2025-05-05,26.87528419494629,27.059999465942383,27.670000076293945,26.670000076293945,26.8799991607666,9449900
2025-05-06,25.961565017700195,26.139999389648438,26.8700008392334,25.700000762939453,26.079999923706055,10774500
2025-05-07,26.180063247680664,26.360000610351562,26.860000610351562,25.860000610351562,26.670000076293945,18663100
2025-05-08,27.709550857543945,27.899999618530273,28.510000228881836,26.709999084472656,27.31999969482422,14125600
2025-05-09,27.51091766357422,27.700000762939453,28.31999969482422,27.360000610351562,28.0,10518500
2025-05-12,30.40105438232422,30.610000610351562,31.360000610351562,29.780000686645508,30.989999771118164,22020900
2025-05-13,30.738733291625977,30.950000762939453,31.3700008392334,30.649999618530273,31.100000381469727,12638800
2025-05-14,29.93425941467285,30.139999389648438,30.899999618530273,30.0,30.700000762939453,10677900
2025-05-15,30.490440368652344,30.700000762939453,30.709999084472656,29.5,30.0,8568900
2025-05-16,31.225387573242188,31.440000534057617,31.530000686645508,30.520000457763672,30.81999969482422,10596400
2025-05-19,30.798322677612305,31.010000228881836,31.049999237060547,29.809999465942383,30.059999465942383,8026900
2025-05-20,30.847980499267578,31.059999465942383,31.360000610351562,30.56999969482422,30.860000610351562,9041300
2025-05-21,28.245866775512695,28.440000534057617,30.389999389648438,28.280000686645508,29.950000762939453,18406900
2025-05-22,28.235933303833008,28.43000030517578,28.90999984741211,27.729999542236328,28.040000915527344,14321700
2025-05-23,27.918119430541992,28.110000610351562,28.40999984741211,26.920000076293945,26.950000762939453,14478500
2025-05-27,30.04351043701172,30.25,30.270000457763672,28.780000686645508,29.3799991607666,14105900
2025-05-28,29.099994659423828,29.299999237060547,30.389999389648438,29.15999984741211,30.25,12484500
2025-05-29,29.34828758239746,29.549999237060547,29.950000762939453,28.860000610351562,29.90999984741211,16738200
2025-05-30,28.871564865112305,29.06999969482422,29.56999969482422,28.40999984741211,29.100000381469727,18168700
2025-06-02,29.169519424438477,29.3700008392334,29.3799991607666,28.049999237060547,29.18000030517578,10708700
2025-06-03,30.559959411621094,30.770000457763672,30.989999771118164,29.270000457763672,29.639999389648438,19376900
2025-06-04,30.281871795654297,30.489999771118164,31.18000030517578,30.3700008392334,30.81999969482422,10880800
2025-06-05,30.281871795654297,30.489999771118164,31.059999465942383,29.809999465942383,30.59000015258789,24416900
2025-06-06,31.702110290527344,31.920000076293945,32.040000915527344,31.3799991607666,31.760000228881836,14272700
2025-06-09,32.337745666503906,32.560001373291016,33.0099983215332,32.2400016784668,32.81999969482422,14584700
2025-06-10,32.88398742675781,33.11000061035156,33.54999923706055,32.79999923706055,33.11000061035156,11098900
2025-06-11,32.47678756713867,32.70000076293945,33.77000045776367,32.54999923706055,33.619998931884766,19599300
2025-06-12,32.07951736450195,32.29999923706055,32.529998779296875,31.790000915527344,32.040000915527344,12748500
2025-06-13,30.32159996032715,30.530000686645508,31.65999984741211,30.219999313354492,30.959999084472656,21805100
2025-06-16,31.334636688232422,31.549999237060547,32.08000183105469,31.079999923706055,31.43000030517578,12201300
2025-06-17,30.331533432006836,30.540000915527344,31.420000076293945,30.5,30.809999465942383,12086500
2025-06-18,30.808256149291992,31.020000457763672,31.790000915527344,30.229999542236328,30.5,11717600
2025-06-20,30.609619140625,30.81999969482422,31.709999084472656,30.489999771118164,31.65999984741211,12981700
2025-06-23,31.702110290527344,31.920000076293945,31.920000076293945,29.760000228881836,30.5,15861500
2025-06-24,32.85963439941406,32.93000030517578,33.189998626708984,32.04999923706055,32.45000076293945,12910300
2025-06-25,31.821853637695312,31.889999389648438,33.09000015258789,31.809999465942383,33.06999969482422,12293300
2025-06-26,33.28871154785156,33.36000061035156,33.43000030517578,32.15999984741211,32.220001220703125,12207300
2025-06-27,33.34857940673828,33.41999816894531,34.2599983215332,32.7599983215332,33.650001525878906,15712400
2025-06-30,33.46833038330078,33.540000915527344,33.93000030517578,33.34000015258789,33.93000030517578,11394300
2025-07-01,34.49612808227539,34.56999969482422,35.720001220703125,32.7599983215332,32.970001220703125,22513900
2025-07-02,35.923072814941406,36.0,36.02000045776367,34.279998779296875,34.7400016784668,15351900
2025-07-03,36.83112716674805,36.90999984741211,37.04999923706055,36.310001373291016,36.45000076293945,10747200
2025-07-07,35.22456741333008,35.29999923706055,36.779998779296875,34.619998931884766,36.16999816894531,19479600
2025-07-08,35.933048248291016,36.0099983215332,36.4900016784668,35.56999969482422,35.66999816894531,12798200
2025-07-09,37.04067611694336,37.119998931884766,37.150001525878906,35.91999816894531,36.63999938964844,15962200
2025-07-10,37.589500427246094,37.66999816894531,38.310001373291016,36.75,36.9900016784668,12862200
2025-07-11,36.02285385131836,36.099998474121094,37.040000915527344,36.060001373291016,36.869998931884766,14864500
2025-07-14,36.76127624511719,36.84000015258789,36.88999938964844,35.79999923706055,35.939998626708984,10902500
2025-07-15,34.64580535888672,34.720001220703125,37.34000015258789,34.689998626708984,37.2599983215332,19540200
2025-07-16,35.603755950927734,35.68000030517578,35.849998474121094,33.77000045776367,35.33000183105469,19584200
2025-07-17,36.950870513916016,37.029998779296875,37.209999084472656,35.54999923706055,35.72999954223633,12813500
2025-07-18,36.17253875732422,36.25,37.77000045776367,36.099998474121094,37.720001220703125,13825000
2025-07-21,35.75343704223633,35.83000183105469,37.279998779296875,35.7599983215332,36.86000061035156,12000900
2025-07-22,36.621578216552734,36.70000076293945,36.95000076293945,35.45000076293945,35.93000030517578,11713500
2025-07-23,38.28800582885742,38.369998931884766,38.380001068115234,37.09000015258789,37.45000076293945,10780300
2025-07-24,36.73133850097656,36.810001373291016,37.939998626708984,36.77000045776367,37.79999923706055,12196600
2025-07-25,37.070613861083984,37.150001525878906,37.25,36.2599983215332,37.189998626708984,10437000
2025-07-28,36.950870513916016,37.029998779296875,37.689998626708984,36.68000030517578,37.650001525878906,11596100
2025-07-29,36.24238967895508,36.31999969482422,37.790000915527344,35.9900016784668,37.72999954223633,12423500
2025-07-30,35.67360305786133,35.75,37.380001068115234,35.04999923706055,36.77000045776367,15240400
2025-07-31,34.625850677490234,34.70000076293945,35.959999084472656,34.45000076293945,35.220001220703125,17991800
2025-08-01,32.47046661376953,32.540000915527344,33.310001373291016,31.34000015258789,33.13999938964844,20912800
2025-08-04,34.59591293334961,34.66999816894531,34.66999816894531,33.060001373291016,33.2400016784668,12676000
2025-08-05,35.144737243652344,35.220001220703125,35.41999816894531,34.0,35.029998779296875,12530400
2025-08-06,35.0150146484375,35.09000015258789,35.290000915527344,34.52000045776367,35.27000045776367,10437000
2025-08-07,34.67573928833008,34.75,36.16999816894531,34.119998931884766,36.099998474121094,12670800
2025-08-08,34.84537887573242,34.91999816894531,35.52000045776367,34.65999984741211,35.279998779296875,9085100
2025-08-11,34.8154411315918,34.88999938964844,35.56999969482422,34.68000030517578,35.099998474121094,10041700
2025-08-12,37.86890411376953,37.95000076293945,38.04999923706055,35.29999923706055,35.630001068115234,17549400
2025-08-13,40.1041145324707,40.189998626708984,40.290000915527344,38.47999954223633,38.709999084472656,19199000
2025-08-14,38.517513275146484,38.599998474121094,38.90999984741211,37.54999923706055,38.72999954223633,19956900
2025-08-15,37.95871353149414,38.040000915527344,38.86000061035156,37.4900016784668,38.79999923706055,13566300
2025-08-18,38.367835998535156,38.45000076293945,38.689998626708984,37.939998626708984,38.060001373291016,7694200
2025-08-19,37.449798583984375,37.529998779296875,38.939998626708984,37.279998779296875,38.45000076293945,13827300
2025-08-20,37.04067611694336,37.119998931884766,37.599998474121094,36.27000045776367,37.380001068115234,16169000
2025-08-21,37.32008361816406,37.400001525878906,37.56999969482422,36.290000915527344,36.61000061035156,13258700
2025-08-22,41.66078567504883,41.75,42.040000915527344,37.95000076293945,38.040000915527344,28717300
2025-08-25,40.37354278564453,40.459999084472656,41.459999084472656,40.439998626708984,41.369998931884766,12488200
2025-08-26,41.33148956298828,41.41999816894531,41.720001220703125,40.54999923706055,40.66999816894531,10777100
2025-08-27,42.18964767456055,42.279998779296875,42.380001068115234,41.029998779296875,41.11000061035156,9900300
2025-08-28,42.339332580566406,42.43000030517578,42.869998931884766,41.970001220703125,42.869998931884766,9791700
2025-08-29,41.7406120300293,41.83000183105469,42.810001373291016,41.380001068115234,42.65999984741211,10667500
2025-09-02,41.03213119506836,41.119998931884766,41.369998931884766,39.81999969482422,40.099998474121094,11622900
2025-09-03,40.91238784790039,41.0,41.810001373291016,40.380001068115234,40.79999923706055,10347800
2025-09-04,42.39920425415039,42.4900016784668,42.529998779296875,40.939998626708984,41.27000045776367,10470800
2025-09-05,42.997920989990234,43.09000015258789,44.150001525878906,41.599998474121094,43.150001525878906,20135800
2025-09-08,43.28730392456055,43.380001068115234,43.540000915527344,42.36000061035156,43.5099983215332,9775300
2025-09-09,42.469051361083984,42.560001373291016,43.209999084472656,41.83000183105469,43.18000030517578,11993300
2025-09-10,42.2495231628418,42.34000015258789,43.34000015258789,41.849998474121094,42.849998474121094,12961700
2025-09-11,44.534629821777344,44.630001068115234,44.72999954223633,42.25,42.56999969482422,12745400
2025-09-12,43.20746994018555,43.29999923706055,44.380001068115234,43.220001220703125,44.31999969482422,10373300
2025-09-15,43.73634338378906,43.83000183105469,44.189998626708984,43.38999938964844,43.75,9551500
2025-09-16,43.466915130615234,43.560001373291016,43.95000076293945,42.77000045776367,43.709999084472656,10606900
2025-09-17,43.856082916259766,43.95000076293945,46.84000015258789,42.93000030517578,43.869998931884766,29462200
2025-09-18,47.01930618286133,47.119998931884766,47.310001373291016,44.58000183105469,44.95000076293945,16821500
2025-09-19,45.8917236328125,45.9900016784668,47.52000045776367,45.77000045776367,47.52000045776367,12776000
2025-09-22,46.73991012573242,46.84000015258789,47.04999923706055,44.9900016784668,45.619998931884766,9383800
2025-09-23,46.4021110534668,46.43000030517578,48.349998474121094,46.209999084472656,47.099998474121094,11989500
2025-09-24,45.12287902832031,45.150001525878906,46.86000061035156,45.130001068115234,46.5,9813500
2025-09-25,43.84364700317383,43.869998931884766,44.22999954223633,42.880001068115234,43.689998626708984,13775600
2025-09-26,44.913002014160156,44.939998626708984,45.09000015258789,43.83000183105469,44.029998779296875,11211600
2025-09-29,45.0229377746582,45.04999923706055,45.790000915527344,44.630001068115234,45.75,9202100
2025-09-30,45.212825775146484,45.2400016784668,45.33000183105469,43.81999969482422,44.7599983215332,10021200
2025-10-01,45.53263473510742,45.560001373291016,45.84000015258789,44.470001220703125,44.47999954223633,10136500
2025-10-02,46.3221549987793,46.349998474121094,46.40999984741211,44.959999084472656,45.79999923706055,9322000
2025-10-03,47.34154510498047,47.369998931884766,48.65999984741211,46.93000030517578,47.08000183105469,15752600
2025-10-06,47.91120147705078,47.939998626708984,48.88999938964844,47.5,48.41999816894531,10583900
2025-10-07,46.372127532958984,46.400001525878906,48.40999984741211,45.84000015258789,48.279998779296875,11309600
2025-10-08,47.761295318603516,47.790000915527344,47.95000076293945,46.16999816894531,47.0099983215332,9084800
2025-10-09,46.86183166503906,46.88999938964844,48.119998931884766,46.25,47.599998474121094,11210600
2025-10-10,42.62438201904297,42.650001525878906,47.849998474121094,42.529998779296875,47.220001220703125,28443300
2025-10-13,46.102291107177734,46.130001068115234,46.290000915527344,44.58000183105469,44.779998779296875,12835000
2025-10-14,48.091094970703125,48.119998931884766,49.11000061035156,43.88999938964844,44.380001068115234,17075500
2025-10-15,49.53023147583008,49.560001373291016,50.959999084472656,47.66999816894531,49.58000183105469,15734400
2025-10-16,46.432090759277344,46.459999084472656,50.09000015258789,45.81999969482422,49.970001220703125,20157200
2025-10-17,45.382720947265625,45.40999984741211,46.41999816894531,44.34000015258789,45.380001068115234,16993500
2025-10-20,48.01114273071289,48.040000915527344,48.16999816894531,46.95000076293945,47.189998626708984,8981100
2025-10-21,47.33155059814453,47.36000061035156,48.15999984741211,46.52000045776367,47.619998931884766,9825500
2025-10-22,45.232810974121094,45.2599983215332,47.279998779296875,43.810001373291016,46.810001373291016,18188200
2025-10-23,46.93178939819336,46.959999084472656,47.36000061035156,45.439998626708984,45.77000045776367,10165500
2025-10-24,48.610782623291016,48.63999938964844,49.61000061035156,48.400001525878906,48.86000061035156,10207600
2025-10-27,49.15045928955078,49.18000030517578,50.2599983215332,48.70000076293945,50.0,10386100
2025-10-28,48.31096267700195,48.34000015258789,49.4900016784668,47.869998931884766,48.720001220703125,10744100
2025-10-29,47.1116828918457,47.13999938964844,49.61000061035156,45.88999938964844,48.27000045776367,23376800
2025-10-30,45.92239761352539,45.95000076293945,47.83000183105469,45.81999969482422,46.209999084472656,15462500
2025-10-31,46.69193649291992,46.720001220703125,47.0099983215332,45.290000915527344,46.02000045776367,13074300
2025-11-03,46.192237854003906,46.220001220703125,46.79999923706055,44.56999969482422,46.63999938964844,12999500
2025-11-04,43.793678283691406,43.81999969482422,45.439998626708984,43.70000076293945,44.150001525878906,14149600
2025-11-05,45.68254089355469,45.709999084472656,46.27000045776367,44.060001373291016,44.22999954223633,13371400
2025-11-06,43.234012603759766,43.2599983215332,45.7400016784668,43.060001373291016,45.459999084472656,14540500
2025-11-07,43.853641510009766,43.880001068115234,43.93000030517578,41.029998779296875,42.18000030517578,18705200
2025-11-10,45.1628532409668,45.189998626708984,45.86000061035156,44.2400016784668,45.7400016784668,10821700
2025-11-11,45.272789001464844,45.29999923706055,45.58000183105469,44.349998474121094,44.849998474121094,8508500
2025-11-12,44.942989349365234,44.970001220703125,46.47999954223633,44.790000915527344,45.63999938964844,11360200
2025-11-13,41.17525100708008,41.20000076293945,44.41999816894531,40.65999984741211,43.959999084472656,17839300
2025-11-14,41.455081939697266,41.47999954223633,42.119998931884766,39.310001373291016,39.34000015258789,17165300
2025-11-17,38.98656463623047,39.0099983215332,41.650001525878906,38.5,40.93000030517578,13650200
2025-11-18,39.316368103027344,39.34000015258789,40.150001525878906,38.09000015258789,38.27000045776367,20186500
2025-11-19,39.33635711669922,39.36000061035156,40.790000915527344,38.81999969482422,39.5099983215332,11206200
2025-11-20,37.127685546875,37.150001525878906,42.15999984741211,37.029998779296875,41.22999954223633,22297400
2025-11-21,40.22582244873047,40.25,40.95000076293945,37.33000183105469,37.5,23055700
2025-11-24,42.36453628540039,42.38999938964844,42.63999938964844,40.15999984741211,40.400001525878906,10853600
2025-11-25,45.152862548828125,45.18000030517578,45.38999938964844,42.470001220703125,42.849998474121094,13046800
2025-11-26,46.3221549987793,46.349998474121094,47.18000030517578,44.970001220703125,45.11000061035156,9120300
2025-11-28,47.051719665527344,47.08000183105469,47.15999984741211,46.20000076293945,46.779998779296875,4634700
2025-12-01,45.35274124145508,45.380001068115234,46.52000045776367,45.220001220703125,45.34000015258789,8036200
2025-12-02,45.10289001464844,45.130001068115234,46.349998474121094,45.09000015258789,46.33000183105469,8386700
2025-12-03,47.52143478393555,47.54999923706055,47.65999984741211,45.27000045776367,45.59000015258789,10651600
2025-12-04,48.74070358276367,48.77000045776367,49.2599983215332,46.91999816894531,47.189998626708984,10570700
2025-12-05,48.10108947753906,48.130001068115234,49.22999954223633,47.86000061035156,48.56999969482422,8653200
2025-12-08,48.17104721069336,48.20000076293945,49.27000045776367,47.779998779296875,49.2599983215332,8664900
2025-12-09,48.44088363647461,48.470001220703125,49.349998474121094,47.7400016784668,47.81999969482422,8267100
2025-12-10,50.409698486328125,50.439998626708984,51.439998626708984,47.9900016784668,48.16999816894531,17928600
2025-12-11,52.17863845825195,52.209999084472656,52.31999969482422,50.13999938964844,50.34000015258789,12903800
2025-12-12,49.770084381103516,49.79999923706055,52.41999816894531,49.54999923706055,52.279998779296875,15146700
2025-12-15,48.610782623291016,48.63999938964844,50.84000015258789,48.540000915527344,50.77000045776367,11810700
2025-12-16,47.8712272644043,47.900001525878906,49.209999084472656,47.09000015258789,48.20000076293945,12399900
2025-12-17,46.352142333984375,46.380001068115234,49.209999084472656,46.09000015258789,48.189998626708984,10563800
2025-12-18,47.181640625,47.209999084472656,48.689998626708984,46.93000030517578,48.029998779296875,13617600
2025-12-19,48.30097198486328,48.33000183105469,48.68000030517578,47.380001068115234,47.470001220703125,8248000
2025-12-22,49.90999984741211,49.939998626708984,50.81999969482422,49.130001068115234,49.209999084472656,6411500
2025-12-23,48.97999954223633,48.97999954223633,49.66999816894531,48.650001525878906,49.22999954223633,6227800
2025-12-24,49.33000183105469,49.33000183105469,49.41999816894531,48.41999816894531,48.88999938964844,4409100
2025-12-26,48.52000045776367,48.52000045776367,49.310001373291016,47.95000076293945,49.2400016784668,5867600
2025-12-29,47.63999938964844,47.63999938964844,48.59000015258789,47.34000015258789,47.86000061035156,6342900
2025-12-30,46.61000061035156,46.61000061035156,47.79999923706055,46.54999923706055,47.709999084472656,6389700
2025-12-31,45.540000915527344,45.540000915527344,46.709999084472656,45.439998626708984,46.619998931884766,6830300
2026-01-02,46.91999816894531,46.91999816894531,47.06999969482422,45.29999923706055,46.33000183105469,11105800
2026-01-05,49.150001525878906,49.150001525878906,49.58000183105469,47.34000015258789,47.470001220703125,10169100
2026-01-06,51.04999923706055,51.04999923706055,51.150001525878906,48.40999984741211,48.849998474121094,9772000
2026-01-07,50.68000030517578,50.68000030517578,51.4900016784668,49.79999923706055,51.2400016784668,8415600
2026-01-08,52.349998474121094,52.349998474121094,52.72999954223633,50.02000045776367,50.22999954223633,10761200
2026-01-09,53.4900016784668,53.4900016784668,54.279998779296875,52.20000076293945,53.09000015258789,11836400
2026-01-12,54.2599983215332,54.2599983215332,54.36000061035156,52.2599983215332,52.91999816894531,8376900
2026-01-13,54.15999984741211,54.15999984741211,55.099998474121094,53.61000061035156,54.79999923706055,8612500
2026-01-14,55.279998779296875,55.279998779296875,55.439998626708984,53.41999816894531,53.970001220703125,9336400
2026-01-15,56.70000076293945,56.70000076293945,57.65999984741211,55.59000015258789,55.790000915527344,9516800
2026-01-16,56.81999969482422,56.81999969482422,57.7400016784668,56.150001525878906,56.83000183105469,8175000
2026-01-20,54.77000045776367,54.77000045776367,56.36000061035156,53.790000915527344,53.84000015258789,11641900
2026-01-21,57.9900016784668,57.9900016784668,58.47999954223633,54.95000076293945,56.0099983215332,14173600
2026-01-22,59.27000045776367,59.27000045776367,60.439998626708984,59.02000045776367,59.29999923706055,10451900
2026-01-23,55.959999084472656,55.959999084472656,58.75,55.72999954223633,58.709999084472656,10115800
2026-01-26,55.38999938964844,55.38999938964844,57.09000015258789,55.099998474121094,56.060001373291016,8398300
2026-01-27,55.83000183105469,55.83000183105469,55.93000030517578,54.56999969482422,55.41999816894531,5821200
2026-01-28,54.97999954223633,54.97999954223633,57.06999969482422,54.5,56.599998474121094,9266100
2026-01-29,54.95000076293945,54.95000076293945,56.029998779296875,52.5,55.40999984741211,9651800
2026-01-30,52.61000061035156,52.61000061035156,54.70000076293945,51.540000915527344,53.5,13719500
2026-02-02,54.099998474121094,54.099998474121094,55.06999969482422,51.790000915527344,51.83000183105469,8606100
2026-02-03,54.47999954223633,54.47999954223633,55.86000061035156,51.869998931884766,54.63999938964844,11559800
2026-02-04,53.040000915527344,53.040000915527344,55.61000061035156,50.95000076293945,55.310001373291016,14076100
2026-02-05,50.209999084472656,50.209999084472656,53.689998626708984,49.720001220703125,51.790000915527344,13244200
2026-02-06,55.52000045776367,55.52000045776367,55.93000030517578,52.34000015258789,52.380001068115234,10706900
2026-02-09,56.68000030517578,56.68000030517578,57.18000030517578,54.470001220703125,55.41999816894531,7038700
2026-02-10,56.209999084472656,56.209999084472656,57.720001220703125,56.029998779296875,56.939998626708984,6804400
2026-02-11,55.40999984741211,55.40999984741211,57.9900016784668,53.63999938964844,57.66999816894531,11315400
2026-02-12,52.06999969482422,52.06999969482422,56.9900016784668,51.31999969482422,56.709999084472656,11968800
2026-02-13,53.970001220703125,53.970001220703125,55.310001373291016,51.33000183105469,52.630001068115234,13158200
2026-02-17,54.060001373291016,54.060001373291016,54.849998474121094,51.599998474121094,53.619998931884766,10787100
2026-02-18,54.630001068115234,54.630001068115234,56.40999984741211,53.310001373291016,54.0099983215332,9321400
2026-02-19,55.0,55.0,55.0,52.81999969482422,53.7400016784668,8332600
2026-02-20,54.97999954223633,54.97999954223633,56.61000061035156,53.43000030517578,53.84000015258789,12720600
2026-02-23,52.38999938964844,52.38999938964844,54.790000915527344,50.91999816894531,54.20000076293945,13206200
2026-02-24,54.04999923706055,54.04999923706055,54.529998779296875,51.97999954223633,52.27000045776367,8225200
2026-02-25,54.79999923706055,54.79999923706055,55.2599983215332,53.52000045776367,55.22999954223633,8393000
2026-02-26,55.65999984741211,55.65999984741211,55.81999969482422,53.279998779296875,55.08000183105469,9880000
2026-02-27,52.79999923706055,52.79999923706055,53.63999938964844,51.779998779296875,53.2400016784668,10589000
2026-03-02,54.22999954223633,54.22999954223633,54.4900016784668,50.560001373291016,50.56999969482422,13687900
2026-03-03,51.369998931884766,51.369998931884766,52.529998779296875,47.72999954223633,49.88999938964844,16841100
2026-03-04,52.81999969482422,52.81999969482422,53.560001373291016,51.119998931884766,52.4900016784668,8049400
2026-03-05,49.81999969482422,49.81999969482422,52.220001220703125,48.27000045776367,51.18000030517578,16518000
2026-03-06,46.369998931884766,46.369998931884766,47.77000045776367,45.81999969482422,46.77000045776367,21140900
2026-03-09,47.849998474121094,47.849998474121094,48.41999816894531,42.77000045776367,44.52000045776367,20734500
2026-03-10,47.75,47.75,50.11000061035156,47.16999816894531,47.459999084472656,16783400
2026-03-11,47.40999984741211,47.40999984741211,48.27000045776367,46.150001525878906,47.119998931884766,14426100
2026-03-12,44.349998474121094,44.349998474121094,45.68000030517578,43.88999938964844,45.209999084472656,18474600
2026-03-13,43.83000183105469,43.83000183105469,45.9900016784668,43.290000915527344,45.27000045776367,16312100
2026-03-16,45.08000183105469,45.08000183105469,46.41999816894531,44.779998779296875,45.5,9379600
2026-03-17,45.90999984741211,45.90999984741211,46.810001373291016,45.34000015258789,45.779998779296875,8366600
2026-03-18,43.709999084472656,43.709999084472656,45.439998626708984,43.630001068115234,45.0099983215332,11817600
2026-03-19,44.54999923706055,44.54999923706055,45.810001373291016,41.849998474121094,42.09000015258789,15883500
2026-03-20,41.59000015258789,41.59000015258789,44.439998626708984,40.599998474121094,44.15999984741211,16210600
2026-03-23,44.25,44.25,46.2599983215332,43.56999969482422,44.09000015258789,14762500
2026-03-24,44.95000076293945,44.95000076293945,45.70000076293945,42.72999954223633,43.18000030517578,14905600
2026-03-25,46.58000183105469,46.58000183105469,47.25,45.349998474121094,46.529998779296875,11591600
2026-03-26,44.15999984741211,44.15999984741211,46.599998474121094,44.0099983215332,44.970001220703125,11892000
2026-03-27,41.79999923706055,41.79999923706055,43.72999954223633,41.439998626708984,43.36000061035156,11019800
